Outlet_ID,Distributor_ID
OUT_00001,DIST_W_03
OUT_00002,DIST_W_02
OUT_00003,DIST_W_02
OUT_00004,DIST_W_01
OUT_00005,DIST_W_03
OUT_00006,DIST_W_02
OUT_00007,DIST_W_03
OUT_00008,DIST_W_01
OUT_00009,DIST_W_03
OUT_00010,DIST_W_01
OUT_00011,DIST_W_02
OUT_00012,DIST_W_02
OUT_00013,DIST_W_01
OUT_00014,DIST_W_01
OUT_00015,DIST_W_01
OUT_00016,DIST_W_03
OUT_00017,DIST_W_03
OUT_00018,DIST_W_02
OUT_00019,DIST_W_01
OUT_00020,DIST_W_02
OUT_00021,DIST_W_03
OUT_00022,DIST_W_01
OUT_00023,DIST_W_03
OUT_00024,DIST_W_01
OUT_00025,DIST_W_03
OUT_00026,DIST_W_01
OUT_00027,DIST_W_02
OUT_00028,DIST_W_03
OUT_00029,DIST_W_02
OUT_00030,DIST_W_01
OUT_00031,DIST_W_03
OUT_00032,DIST_W_02
OUT_00033,DIST_W_03
OUT_00034,DIST_W_03
OUT_00035,DIST_W_01
OUT_00036,DIST_W_03
OUT_00037,DIST_W_03
OUT_00038,DIST_W_03
OUT_00039,DIST_W_01
OUT_00040,DIST_W_01
OUT_00041,DIST_W_03
OUT_00042,DIST_W_02
OUT_00043,DIST_W_01
OUT_00044,DIST_W_01
OUT_00045,DIST_W_03
OUT_00046,DIST_W_02
OUT_00047,DIST_W_03
OUT_00048,DIST_W_01
OUT_00049,DIST_W_01
OUT_00050,DIST_W_01
OUT_00051,DIST_W_01
OUT_00052,DIST_W_02
OUT_00053,DIST_W_02
OUT_00054,DIST_W_02
OUT_00055,DIST_W_01
OUT_00056,DIST_W_02
OUT_00057,DIST_W_02
OUT_00058,DIST_W_03
OUT_00059,DIST_W_02
OUT_00060,DIST_W_02
OUT_00061,DIST_W_01
OUT_00062,DIST_W_01
OUT_00063,DIST_W_03
OUT_00064,DIST_W_03
OUT_00065,DIST_W_02
OUT_00066,DIST_W_01
OUT_00067,DIST_W_02
OUT_00068,DIST_W_03
OUT_00069,DIST_W_02
OUT_00070,DIST_W_02
OUT_00071,DIST_W_02
OUT_00072,DIST_W_03
OUT_00073,DIST_W_03
OUT_00074,DIST_W_03
OUT_00075,DIST_W_03
OUT_00076,DIST_W_01
OUT_00077,DIST_W_02
OUT_00078,DIST_W_01
OUT_00079,DIST_W_03
OUT_00080,DIST_W_03
OUT_00081,DIST_W_01
OUT_00082,DIST_W_02
OUT_00083,DIST_W_01
OUT_00084,DIST_W_01
OUT_00085,DIST_W_03
OUT_00086,DIST_W_02
OUT_00087,DIST_W_02
OUT_00088,DIST_W_02
OUT_00089,DIST_W_02
OUT_00090,DIST_W_02
OUT_00091,DIST_W_02
OUT_00092,DIST_W_02
OUT_00093,DIST_W_02
OUT_00094,DIST_W_03
OUT_00095,DIST_W_01
OUT_00096,DIST_W_03
OUT_00097,DIST_W_03
OUT_00098,DIST_W_03
OUT_00099,DIST_W_03
OUT_00100,DIST_W_02
OUT_00101,DIST_W_01
OUT_00102,DIST_W_01
OUT_00103,DIST_W_02
OUT_00104,DIST_W_02
OUT_00105,DIST_W_01
OUT_00106,DIST_W_02
OUT_00107,DIST_W_03
OUT_00108,DIST_W_01
OUT_00109,DIST_W_02
OUT_00110,DIST_W_01
OUT_00111,DIST_W_02
OUT_00112,DIST_W_02
OUT_00113,DIST_W_03
OUT_00114,DIST_W_03
OUT_00115,DIST_W_03
OUT_00116,DIST_W_03
OUT_00117,DIST_W_02
OUT_00118,DIST_W_02
OUT_00119,DIST_W_03
OUT_00120,DIST_W_01
OUT_00121,DIST_W_02
OUT_00122,DIST_W_01
OUT_00123,DIST_W_01
OUT_00124,DIST_W_01
OUT_00125,DIST_W_01
OUT_00126,DIST_W_03
OUT_00127,DIST_W_02
OUT_00128,DIST_W_03
OUT_00129,DIST_W_02
OUT_00130,DIST_W_03
OUT_00131,DIST_W_01
OUT_00132,DIST_W_03
OUT_00133,DIST_W_03
OUT_00134,DIST_W_03
OUT_00135,DIST_W_02
OUT_00136,DIST_W_03
OUT_00137,DIST_W_03
OUT_00138,DIST_W_02
OUT_00139,DIST_W_03
OUT_00140,DIST_W_02
OUT_00141,DIST_W_01
OUT_00142,DIST_W_01
OUT_00143,DIST_W_03
OUT_00144,DIST_W_03
OUT_00145,DIST_W_03
OUT_00146,DIST_W_02
OUT_00147,DIST_W_01
OUT_00148,DIST_W_01
OUT_00149,DIST_W_03
OUT_00150,DIST_W_01
OUT_00151,DIST_W_01
OUT_00152,DIST_W_03
OUT_00153,DIST_W_03
OUT_00154,DIST_W_01
OUT_00155,DIST_W_01
OUT_00156,DIST_W_02
OUT_00157,DIST_W_03
OUT_00158,DIST_W_01
OUT_00159,DIST_W_03
OUT_00160,DIST_W_02
OUT_00161,DIST_W_02
OUT_00162,DIST_W_01
OUT_00163,DIST_W_01
OUT_00164,DIST_W_02
OUT_00165,DIST_W_03
OUT_00166,DIST_W_01
OUT_00167,DIST_W_01
OUT_00168,DIST_W_03
OUT_00169,DIST_W_03
OUT_00170,DIST_W_02
OUT_00171,DIST_W_01
OUT_00172,DIST_W_03
OUT_00173,DIST_W_03
OUT_00174,DIST_W_03
OUT_00175,DIST_W_01
OUT_00176,DIST_W_03
OUT_00177,DIST_W_03
OUT_00178,DIST_W_02
OUT_00179,DIST_W_02
OUT_00180,DIST_W_03
OUT_00181,DIST_W_03
OUT_00182,DIST_W_02
OUT_00183,DIST_W_03
OUT_00184,DIST_W_03
OUT_00185,DIST_W_03
OUT_00186,DIST_W_03
OUT_00187,DIST_W_01
OUT_00188,DIST_W_02
OUT_00189,DIST_W_01
OUT_00190,DIST_W_03
OUT_00191,DIST_W_03
OUT_00192,DIST_W_02
OUT_00193,DIST_W_02
OUT_00194,DIST_W_01
OUT_00195,DIST_W_02
OUT_00196,DIST_W_03
OUT_00197,DIST_W_01
OUT_00198,DIST_W_02
OUT_00199,DIST_W_03
OUT_00200,DIST_W_01
OUT_00201,DIST_W_01
OUT_00202,DIST_W_02
OUT_00203,DIST_W_03
OUT_00204,DIST_W_03
OUT_00205,DIST_W_03
OUT_00206,DIST_W_01
OUT_00207,DIST_W_02
OUT_00208,DIST_W_02
OUT_00209,DIST_W_02
OUT_00210,DIST_W_02
OUT_00211,DIST_W_01
OUT_00212,DIST_W_03
OUT_00213,DIST_W_01
OUT_00214,DIST_W_02
OUT_00215,DIST_W_03
OUT_00216,DIST_W_01
OUT_00217,DIST_W_01
OUT_00218,DIST_W_02
OUT_00219,DIST_W_01
OUT_00220,DIST_W_03
OUT_00221,DIST_W_03
OUT_00222,DIST_W_03
OUT_00223,DIST_W_02
OUT_00224,DIST_W_02
OUT_00225,DIST_W_02
OUT_00226,DIST_W_01
OUT_00227,DIST_W_01
OUT_00228,DIST_W_03
OUT_00229,DIST_W_01
OUT_00230,DIST_W_03
OUT_00231,DIST_W_01
OUT_00232,DIST_W_02
OUT_00233,DIST_W_03
OUT_00234,DIST_W_01
OUT_00235,DIST_W_02
OUT_00236,DIST_W_02
OUT_00237,DIST_W_02
OUT_00238,DIST_W_03
OUT_00239,DIST_W_03
OUT_00240,DIST_W_02
OUT_00241,DIST_W_02
OUT_00242,DIST_W_03
OUT_00243,DIST_W_02
OUT_00244,DIST_W_03
OUT_00245,DIST_W_03
OUT_00246,DIST_W_02
OUT_00247,DIST_W_03
OUT_00248,DIST_W_02
OUT_00249,DIST_W_01
OUT_00250,DIST_W_01
OUT_00251,DIST_W_01
OUT_00252,DIST_W_03
OUT_00253,DIST_W_03
OUT_00254,DIST_W_01
OUT_00255,DIST_W_02
OUT_00256,DIST_W_01
OUT_00257,DIST_W_03
OUT_00258,DIST_W_02
OUT_00259,DIST_W_02
OUT_00260,DIST_W_01
OUT_00261,DIST_W_02
OUT_00262,DIST_W_01
OUT_00263,DIST_W_02
OUT_00264,DIST_W_03
OUT_00265,DIST_W_01
OUT_00266,DIST_W_02
OUT_00267,DIST_W_03
OUT_00268,DIST_W_03
OUT_00269,DIST_W_03
OUT_00270,DIST_W_02
OUT_00271,DIST_W_02
OUT_00272,DIST_W_03
OUT_00273,DIST_W_01
OUT_00274,DIST_W_01
OUT_00275,DIST_W_03
OUT_00276,DIST_W_02
OUT_00277,DIST_W_02
OUT_00278,DIST_W_03
OUT_00279,DIST_W_02
OUT_00280,DIST_W_02
OUT_00281,DIST_W_02
OUT_00282,DIST_W_01
OUT_00283,DIST_W_03
OUT_00284,DIST_W_02
OUT_00285,DIST_W_01
OUT_00286,DIST_W_01
OUT_00287,DIST_W_03
OUT_00288,DIST_W_02
OUT_00289,DIST_W_02
OUT_00290,DIST_W_02
OUT_00291,DIST_W_02
OUT_00292,DIST_W_03
OUT_00293,DIST_W_02
OUT_00294,DIST_W_01
OUT_00295,DIST_W_03
OUT_00296,DIST_W_03
OUT_00297,DIST_W_01
OUT_00298,DIST_W_02
OUT_00299,DIST_W_01
OUT_00300,DIST_W_02
OUT_00301,DIST_W_01
OUT_00302,DIST_W_02
OUT_00303,DIST_W_03
OUT_00304,DIST_W_01
OUT_00305,DIST_W_02
OUT_00306,DIST_W_02
OUT_00307,DIST_W_01
OUT_00308,DIST_W_02
OUT_00309,DIST_W_03
OUT_00310,DIST_W_01
OUT_00311,DIST_W_02
OUT_00312,DIST_W_02
OUT_00313,DIST_W_03
OUT_00314,DIST_W_01
OUT_00315,DIST_W_02
OUT_00316,DIST_W_03
OUT_00317,DIST_W_03
OUT_00318,DIST_W_01
OUT_00319,DIST_W_03
OUT_00320,DIST_W_02
OUT_00321,DIST_W_01
OUT_00322,DIST_W_02
OUT_00323,DIST_W_03
OUT_00324,DIST_W_01
OUT_00325,DIST_W_02
OUT_00326,DIST_W_01
OUT_00327,DIST_W_01
OUT_00328,DIST_W_01
OUT_00329,DIST_W_03
OUT_00330,DIST_W_02
OUT_00331,DIST_W_01
OUT_00332,DIST_W_02
OUT_00333,DIST_W_03
OUT_00334,DIST_W_01
OUT_00335,DIST_W_02
OUT_00336,DIST_W_02
OUT_00337,DIST_W_01
OUT_00338,DIST_W_03
OUT_00339,DIST_W_03
OUT_00340,DIST_W_02
OUT_00341,DIST_W_02
OUT_00342,DIST_W_01
OUT_00343,DIST_W_02
OUT_00344,DIST_W_02
OUT_00345,DIST_W_01
OUT_00346,DIST_W_01
OUT_00347,DIST_W_01
OUT_00348,DIST_W_01
OUT_00349,DIST_W_03
OUT_00350,DIST_W_03
OUT_00351,DIST_W_02
OUT_00352,DIST_W_01
OUT_00353,DIST_W_03
OUT_00354,DIST_W_03
OUT_00355,DIST_W_01
OUT_00356,DIST_W_01
OUT_00357,DIST_W_02
OUT_00358,DIST_W_01
OUT_00359,DIST_W_01
OUT_00360,DIST_W_03
OUT_00361,DIST_W_01
OUT_00362,DIST_W_01
OUT_00363,DIST_W_03
OUT_00364,DIST_W_03
OUT_00365,DIST_W_01
OUT_00366,DIST_W_03
OUT_00367,DIST_W_03
OUT_00368,DIST_W_02
OUT_00369,DIST_W_01
OUT_00370,DIST_W_03
OUT_00371,DIST_W_03
OUT_00372,DIST_W_02
OUT_00373,DIST_W_02
OUT_00374,DIST_W_03
OUT_00375,DIST_W_01
OUT_00376,DIST_W_02
OUT_00377,DIST_W_02
OUT_00378,DIST_W_02
OUT_00379,DIST_W_01
OUT_00380,DIST_W_03
OUT_00381,DIST_W_01
OUT_00382,DIST_W_03
OUT_00383,DIST_W_03
OUT_00384,DIST_W_03
OUT_00385,DIST_W_02
OUT_00386,DIST_W_02
OUT_00387,DIST_W_01
OUT_00388,DIST_W_03
OUT_00389,DIST_W_02
OUT_00390,DIST_W_03
OUT_00391,DIST_W_01
OUT_00392,DIST_W_02
OUT_00393,DIST_W_03
OUT_00394,DIST_W_01
OUT_00395,DIST_W_03
OUT_00396,DIST_W_03
OUT_00397,DIST_W_02
OUT_00398,DIST_W_03
OUT_00399,DIST_W_02
OUT_00400,DIST_W_01
OUT_00401,DIST_W_03
OUT_00402,DIST_W_01
OUT_00403,DIST_W_01
OUT_00404,DIST_W_03
OUT_00405,DIST_W_01
OUT_00406,DIST_W_02
OUT_00407,DIST_W_02
OUT_00408,DIST_W_01
OUT_00409,DIST_W_01
OUT_00410,DIST_W_02
OUT_00411,DIST_W_01
OUT_00412,DIST_W_02
OUT_00413,DIST_W_01
OUT_00414,DIST_W_01
OUT_00415,DIST_W_01
OUT_00416,DIST_W_01
OUT_00417,DIST_W_01
OUT_00418,DIST_W_03
OUT_00419,DIST_W_03
OUT_00420,DIST_W_01
OUT_00421,DIST_W_01
OUT_00422,DIST_W_02
OUT_00423,DIST_W_03
OUT_00424,DIST_W_03
OUT_00425,DIST_W_02
OUT_00426,DIST_W_03
OUT_00427,DIST_W_02
OUT_00428,DIST_W_03
OUT_00429,DIST_W_01
OUT_00430,DIST_W_02
OUT_00431,DIST_W_01
OUT_00432,DIST_W_02
OUT_00433,DIST_W_03
OUT_00434,DIST_W_01
OUT_00435,DIST_W_02
OUT_00436,DIST_W_01
OUT_00437,DIST_W_01
OUT_00438,DIST_W_01
OUT_00439,DIST_W_02
OUT_00440,DIST_W_01
OUT_00441,DIST_W_03
OUT_00442,DIST_W_03
OUT_00443,DIST_W_03
OUT_00444,DIST_W_01
OUT_00445,DIST_W_01
OUT_00446,DIST_W_02
OUT_00447,DIST_W_02
OUT_00448,DIST_W_01
OUT_00449,DIST_W_01
OUT_00450,DIST_W_03
OUT_00451,DIST_W_01
OUT_00452,DIST_W_03
OUT_00453,DIST_W_02
OUT_00454,DIST_W_03
OUT_00455,DIST_W_03
OUT_00456,DIST_W_01
OUT_00457,DIST_W_03
OUT_00458,DIST_W_02
OUT_00459,DIST_W_02
OUT_00460,DIST_W_03
OUT_00461,DIST_W_02
OUT_00462,DIST_W_03
OUT_00463,DIST_W_02
OUT_00464,DIST_W_01
OUT_00465,DIST_W_01
OUT_00466,DIST_W_03
OUT_00467,DIST_W_02
OUT_00468,DIST_W_01
OUT_00469,DIST_W_03
OUT_00470,DIST_W_01
OUT_00471,DIST_W_01
OUT_00472,DIST_W_02
OUT_00473,DIST_W_03
OUT_00474,DIST_W_01
OUT_00475,DIST_W_01
OUT_00476,DIST_W_01
OUT_00477,DIST_W_02
OUT_00478,DIST_W_03
OUT_00479,DIST_W_02
OUT_00480,DIST_W_03
OUT_00481,DIST_W_01
OUT_00482,DIST_W_03
OUT_00483,DIST_W_03
OUT_00484,DIST_W_02
OUT_00485,DIST_W_01
OUT_00486,DIST_W_01
OUT_00487,DIST_W_03
OUT_00488,DIST_W_02
OUT_00489,DIST_W_03
OUT_00490,DIST_W_03
OUT_00491,DIST_W_01
OUT_00492,DIST_W_03
OUT_00493,DIST_W_01
OUT_00494,DIST_W_02
OUT_00495,DIST_W_02
OUT_00496,DIST_W_03
OUT_00497,DIST_W_03
OUT_00498,DIST_W_01
OUT_00499,DIST_W_02
OUT_00500,DIST_W_01
OUT_00501,DIST_W_02
OUT_00502,DIST_W_03
OUT_00503,DIST_W_02
OUT_00504,DIST_W_02
OUT_00505,DIST_W_03
OUT_00506,DIST_W_01
OUT_00507,DIST_W_03
OUT_00508,DIST_W_01
OUT_00509,DIST_W_01
OUT_00510,DIST_W_02
OUT_00511,DIST_W_02
OUT_00512,DIST_W_02
OUT_00513,DIST_W_01
OUT_00514,DIST_W_01
OUT_00515,DIST_W_01
OUT_00516,DIST_W_02
OUT_00517,DIST_W_03
OUT_00518,DIST_W_03
OUT_00519,DIST_W_02
OUT_00520,DIST_W_03
OUT_00521,DIST_W_02
OUT_00522,DIST_W_01
OUT_00523,DIST_W_02
OUT_00524,DIST_W_02
OUT_00525,DIST_W_01
OUT_00526,DIST_W_03
OUT_00527,DIST_W_02
OUT_00528,DIST_W_01
OUT_00529,DIST_W_03
OUT_00530,DIST_W_01
OUT_00531,DIST_W_02
OUT_00532,DIST_W_02
OUT_00533,DIST_W_01
OUT_00534,DIST_W_01
OUT_00535,DIST_W_03
OUT_00536,DIST_W_01
OUT_00537,DIST_W_03
OUT_00538,DIST_W_01
OUT_00539,DIST_W_01
OUT_00540,DIST_W_01
OUT_00541,DIST_W_02
OUT_00542,DIST_W_01
OUT_00543,DIST_W_01
OUT_00544,DIST_W_02
OUT_00545,DIST_W_02
OUT_00546,DIST_W_02
OUT_00547,DIST_W_03
OUT_00548,DIST_W_03
OUT_00549,DIST_W_01
OUT_00550,DIST_W_03
OUT_00551,DIST_W_03
OUT_00552,DIST_W_03
OUT_00553,DIST_W_01
OUT_00554,DIST_W_01
OUT_00555,DIST_W_02
OUT_00556,DIST_W_01
OUT_00557,DIST_W_03
OUT_00558,DIST_W_02
OUT_00559,DIST_W_02
OUT_00560,DIST_W_02
OUT_00561,DIST_W_02
OUT_00562,DIST_W_03
OUT_00563,DIST_W_01
OUT_00564,DIST_W_02
OUT_00565,DIST_W_02
OUT_00566,DIST_W_03
OUT_00567,DIST_W_01
OUT_00568,DIST_W_02
OUT_00569,DIST_W_03
OUT_00570,DIST_W_02
OUT_00571,DIST_W_02
OUT_00572,DIST_W_03
OUT_00573,DIST_W_02
OUT_00574,DIST_W_01
OUT_00575,DIST_W_03
OUT_00576,DIST_W_01
OUT_00577,DIST_W_02
OUT_00578,DIST_W_01
OUT_00579,DIST_W_01
OUT_00580,DIST_W_02
OUT_00581,DIST_W_02
OUT_00582,DIST_W_03
OUT_00583,DIST_W_03
OUT_00584,DIST_W_01
OUT_00585,DIST_W_02
OUT_00586,DIST_W_01
OUT_00587,DIST_W_02
OUT_00588,DIST_W_02
OUT_00589,DIST_W_03
OUT_00590,DIST_W_03
OUT_00591,DIST_W_02
OUT_00592,DIST_W_01
OUT_00593,DIST_W_02
OUT_00594,DIST_W_02
OUT_00595,DIST_W_03
OUT_00596,DIST_W_03
OUT_00597,DIST_W_01
OUT_00598,DIST_W_03
OUT_00599,DIST_W_01
OUT_00600,DIST_W_01
OUT_00601,DIST_W_03
OUT_00602,DIST_W_02
OUT_00603,DIST_W_02
OUT_00604,DIST_W_02
OUT_00605,DIST_W_02
OUT_00606,DIST_W_03
OUT_00607,DIST_W_02
OUT_00608,DIST_W_03
OUT_00609,DIST_W_01
OUT_00610,DIST_W_01
OUT_00611,DIST_W_03
OUT_00612,DIST_W_02
OUT_00613,DIST_W_03
OUT_00614,DIST_W_02
OUT_00615,DIST_W_02
OUT_00616,DIST_W_02
OUT_00617,DIST_W_03
OUT_00618,DIST_W_02
OUT_00619,DIST_W_03
OUT_00620,DIST_W_03
OUT_00621,DIST_W_03
OUT_00622,DIST_W_03
OUT_00623,DIST_W_01
OUT_00624,DIST_W_02
OUT_00625,DIST_W_01
OUT_00626,DIST_W_01
OUT_00627,DIST_W_02
OUT_00628,DIST_W_01
OUT_00629,DIST_W_03
OUT_00630,DIST_W_01
OUT_00631,DIST_W_03
OUT_00632,DIST_W_01
OUT_00633,DIST_W_03
OUT_00634,DIST_W_01
OUT_00635,DIST_W_03
OUT_00636,DIST_W_02
OUT_00637,DIST_W_01
OUT_00638,DIST_W_03
OUT_00639,DIST_W_03
OUT_00640,DIST_W_03
OUT_00641,DIST_W_03
OUT_00642,DIST_W_02
OUT_00643,DIST_W_01
OUT_00644,DIST_W_03
OUT_00645,DIST_W_03
OUT_00646,DIST_W_01
OUT_00647,DIST_W_02
OUT_00648,DIST_W_02
OUT_00649,DIST_W_02
OUT_00650,DIST_W_03
OUT_00651,DIST_W_02
OUT_00652,DIST_W_02
OUT_00653,DIST_W_02
OUT_00654,DIST_W_03
OUT_00655,DIST_W_03
OUT_00656,DIST_W_03
OUT_00657,DIST_W_02
OUT_00658,DIST_W_02
OUT_00659,DIST_W_01
OUT_00660,DIST_W_02
OUT_00661,DIST_W_01
OUT_00662,DIST_W_01
OUT_00663,DIST_W_01
OUT_00664,DIST_W_03
OUT_00665,DIST_W_02
OUT_00666,DIST_W_02
OUT_00667,DIST_W_03
OUT_00668,DIST_W_01
OUT_00669,DIST_W_03
OUT_00670,DIST_W_03
OUT_00671,DIST_W_03
OUT_00672,DIST_W_01
OUT_00673,DIST_W_01
OUT_00674,DIST_W_02
OUT_00675,DIST_W_01
OUT_00676,DIST_W_01
OUT_00677,DIST_W_01
OUT_00678,DIST_W_03
OUT_00679,DIST_W_02
OUT_00680,DIST_W_02
OUT_00681,DIST_W_01
OUT_00682,DIST_W_01
OUT_00683,DIST_W_03
OUT_00684,DIST_W_03
OUT_00685,DIST_W_01
OUT_00686,DIST_W_03
OUT_00687,DIST_W_02
OUT_00688,DIST_W_02
OUT_00689,DIST_W_03
OUT_00690,DIST_W_02
OUT_00691,DIST_W_01
OUT_00692,DIST_W_02
OUT_00693,DIST_W_02
OUT_00694,DIST_W_03
OUT_00695,DIST_W_01
OUT_00696,DIST_W_01
OUT_00697,DIST_W_01
OUT_00698,DIST_W_02
OUT_00699,DIST_W_03
OUT_00700,DIST_W_03
OUT_00701,DIST_W_02
OUT_00702,DIST_W_02
OUT_00703,DIST_W_02
OUT_00704,DIST_W_02
OUT_00705,DIST_W_01
OUT_00706,DIST_W_03
OUT_00707,DIST_W_02
OUT_00708,DIST_W_03
OUT_00709,DIST_W_03
OUT_00710,DIST_W_01
OUT_00711,DIST_W_02
OUT_00712,DIST_W_02
OUT_00713,DIST_W_02
OUT_00714,DIST_W_03
OUT_00715,DIST_W_03
OUT_00716,DIST_W_03
OUT_00717,DIST_W_02
OUT_00718,DIST_W_03
OUT_00719,DIST_W_01
OUT_00720,DIST_W_02
OUT_00721,DIST_W_03
OUT_00722,DIST_W_02
OUT_00723,DIST_W_03
OUT_00724,DIST_W_01
OUT_00725,DIST_W_03
OUT_00726,DIST_W_02
OUT_00727,DIST_W_01
OUT_00728,DIST_W_03
OUT_00729,DIST_W_01
OUT_00730,DIST_W_01
OUT_00731,DIST_W_03
OUT_00732,DIST_W_01
OUT_00733,DIST_W_02
OUT_00734,DIST_W_01
OUT_00735,DIST_W_02
OUT_00736,DIST_W_02
OUT_00737,DIST_W_03
OUT_00738,DIST_W_03
OUT_00739,DIST_W_02
OUT_00740,DIST_W_03
OUT_00741,DIST_W_03
OUT_00742,DIST_W_02
OUT_00743,DIST_W_03
OUT_00744,DIST_W_02
OUT_00745,DIST_W_03
OUT_00746,DIST_W_03
OUT_00747,DIST_W_03
OUT_00748,DIST_W_01
OUT_00749,DIST_W_02
OUT_00750,DIST_W_03
OUT_00751,DIST_W_01
OUT_00752,DIST_W_03
OUT_00753,DIST_W_01
OUT_00754,DIST_W_01
OUT_00755,DIST_W_01
OUT_00756,DIST_W_01
OUT_00757,DIST_W_03
OUT_00758,DIST_W_01
OUT_00759,DIST_W_03
OUT_00760,DIST_W_03
OUT_00761,DIST_W_01
OUT_00762,DIST_W_03
OUT_00763,DIST_W_03
OUT_00764,DIST_W_03
OUT_00765,DIST_W_01
OUT_00766,DIST_W_01
OUT_00767,DIST_W_02
OUT_00768,DIST_W_03
OUT_00769,DIST_W_02
OUT_00770,DIST_W_02
OUT_00771,DIST_W_01
OUT_00772,DIST_W_01
OUT_00773,DIST_W_02
OUT_00774,DIST_W_01
OUT_00775,DIST_W_01
OUT_00776,DIST_W_03
OUT_00777,DIST_W_02
OUT_00778,DIST_W_02
OUT_00779,DIST_W_03
OUT_00780,DIST_W_03
OUT_00781,DIST_W_01
OUT_00782,DIST_W_01
OUT_00783,DIST_W_02
OUT_00784,DIST_W_02
OUT_00785,DIST_W_03
OUT_00786,DIST_W_03
OUT_00787,DIST_W_02
OUT_00788,DIST_W_01
OUT_00789,DIST_W_01
OUT_00790,DIST_W_01
OUT_00791,DIST_W_03
OUT_00792,DIST_W_01
OUT_00793,DIST_W_02
OUT_00794,DIST_W_03
OUT_00795,DIST_W_03
OUT_00796,DIST_W_01
OUT_00797,DIST_W_01
OUT_00798,DIST_W_03
OUT_00799,DIST_W_01
OUT_00800,DIST_W_02
OUT_00801,DIST_W_01
OUT_00802,DIST_W_03
OUT_00803,DIST_W_02
OUT_00804,DIST_W_03
OUT_00805,DIST_W_02
OUT_00806,DIST_W_01
OUT_00807,DIST_W_02
OUT_00808,DIST_W_01
OUT_00809,DIST_W_01
OUT_00810,DIST_W_01
OUT_00811,DIST_W_02
OUT_00812,DIST_W_02
OUT_00813,DIST_W_03
OUT_00814,DIST_W_02
OUT_00815,DIST_W_01
OUT_00816,DIST_W_03
OUT_00817,DIST_W_03
OUT_00818,DIST_W_02
OUT_00819,DIST_W_01
OUT_00820,DIST_W_03
OUT_00821,DIST_W_03
OUT_00822,DIST_W_02
OUT_00823,DIST_W_01
OUT_00824,DIST_W_02
OUT_00825,DIST_W_01
OUT_00826,DIST_W_01
OUT_00827,DIST_W_02
OUT_00828,DIST_W_01
OUT_00829,DIST_W_02
OUT_00830,DIST_W_02
OUT_00831,DIST_W_01
OUT_00832,DIST_W_02
OUT_00833,DIST_W_03
OUT_00834,DIST_W_02
OUT_00835,DIST_W_01
OUT_00836,DIST_W_01
OUT_00837,DIST_W_01
OUT_00838,DIST_W_03
OUT_00839,DIST_W_03
OUT_00840,DIST_W_01
OUT_00841,DIST_W_01
OUT_00842,DIST_W_03
OUT_00843,DIST_W_03
OUT_00844,DIST_W_03
OUT_00845,DIST_W_01
OUT_00846,DIST_W_01
OUT_00847,DIST_W_01
OUT_00848,DIST_W_03
OUT_00849,DIST_W_02
OUT_00850,DIST_W_01
OUT_00851,DIST_W_03
OUT_00852,DIST_W_03
OUT_00853,DIST_W_01
OUT_00854,DIST_W_03
OUT_00855,DIST_W_02
OUT_00856,DIST_W_01
OUT_00857,DIST_W_03
OUT_00858,DIST_W_01
OUT_00859,DIST_W_01
OUT_00860,DIST_W_01
OUT_00861,DIST_W_01
OUT_00862,DIST_W_02
OUT_00863,DIST_W_01
OUT_00864,DIST_W_03
OUT_00865,DIST_W_03
OUT_00866,DIST_W_01
OUT_00867,DIST_W_03
OUT_00868,DIST_W_03
OUT_00869,DIST_W_02
OUT_00870,DIST_W_03
OUT_00871,DIST_W_03
OUT_00872,DIST_W_01
OUT_00873,DIST_W_02
OUT_00874,DIST_W_02
OUT_00875,DIST_W_01
OUT_00876,DIST_W_02
OUT_00877,DIST_W_01
OUT_00878,DIST_W_01
OUT_00879,DIST_W_02
OUT_00880,DIST_W_02
OUT_00881,DIST_W_01
OUT_00882,DIST_W_03
OUT_00883,DIST_W_03
OUT_00884,DIST_W_02
OUT_00885,DIST_W_03
OUT_00886,DIST_W_01
OUT_00887,DIST_W_03
OUT_00888,DIST_W_01
OUT_00889,DIST_W_01
OUT_00890,DIST_W_03
OUT_00891,DIST_W_03
OUT_00892,DIST_W_03
OUT_00893,DIST_W_01
OUT_00894,DIST_W_03
OUT_00895,DIST_W_02
OUT_00896,DIST_W_03
OUT_00897,DIST_W_01
OUT_00898,DIST_W_01
OUT_00899,DIST_W_03
OUT_00900,DIST_W_01
OUT_00901,DIST_W_02
OUT_00902,DIST_W_03
OUT_00903,DIST_W_02
OUT_00904,DIST_W_03
OUT_00905,DIST_W_03
OUT_00906,DIST_W_03
OUT_00907,DIST_W_03
OUT_00908,DIST_W_01
OUT_00909,DIST_W_01
OUT_00910,DIST_W_02
OUT_00911,DIST_W_03
OUT_00912,DIST_W_03
OUT_00913,DIST_W_03
OUT_00914,DIST_W_01
OUT_00915,DIST_W_02
OUT_00916,DIST_W_02
OUT_00917,DIST_W_02
OUT_00918,DIST_W_01
OUT_00919,DIST_W_01
OUT_00920,DIST_W_03
OUT_00921,DIST_W_02
OUT_00922,DIST_W_03
OUT_00923,DIST_W_02
OUT_00924,DIST_W_01
OUT_00925,DIST_W_03
OUT_00926,DIST_W_01
OUT_00927,DIST_W_01
OUT_00928,DIST_W_02
OUT_00929,DIST_W_03
OUT_00930,DIST_W_03
OUT_00931,DIST_W_02
OUT_00932,DIST_W_02
OUT_00933,DIST_W_03
OUT_00934,DIST_W_03
OUT_00935,DIST_W_03
OUT_00936,DIST_W_02
OUT_00937,DIST_W_03
OUT_00938,DIST_W_01
OUT_00939,DIST_W_02
OUT_00940,DIST_W_03
OUT_00941,DIST_W_01
OUT_00942,DIST_W_03
OUT_00943,DIST_W_01
OUT_00944,DIST_W_02
OUT_00945,DIST_W_02
OUT_00946,DIST_W_01
OUT_00947,DIST_W_01
OUT_00948,DIST_W_02
OUT_00949,DIST_W_02
OUT_00950,DIST_W_02
OUT_00951,DIST_W_02
OUT_00952,DIST_W_02
OUT_00953,DIST_W_01
OUT_00954,DIST_W_01
OUT_00955,DIST_W_02
OUT_00956,DIST_W_02
OUT_00957,DIST_W_01
OUT_00958,DIST_W_02
OUT_00959,DIST_W_01
OUT_00960,DIST_W_02
OUT_00961,DIST_W_02
OUT_00962,DIST_W_02
OUT_00963,DIST_W_01
OUT_00964,DIST_W_03
OUT_00965,DIST_W_01
OUT_00966,DIST_W_01
OUT_00967,DIST_W_02
OUT_00968,DIST_W_02
OUT_00969,DIST_W_02
OUT_00970,DIST_W_02
OUT_00971,DIST_W_01
OUT_00972,DIST_W_02
OUT_00973,DIST_W_01
OUT_00974,DIST_W_02
OUT_00975,DIST_W_02
OUT_00976,DIST_W_01
OUT_00977,DIST_W_02
OUT_00978,DIST_W_03
OUT_00979,DIST_W_01
OUT_00980,DIST_W_02
OUT_00981,DIST_W_01
OUT_00982,DIST_W_03
OUT_00983,DIST_W_02
OUT_00984,DIST_W_01
OUT_00985,DIST_W_01
OUT_00986,DIST_W_03
OUT_00987,DIST_W_03
OUT_00988,DIST_W_01
OUT_00989,DIST_W_02
OUT_00990,DIST_W_02
OUT_00991,DIST_W_02
OUT_00992,DIST_W_02
OUT_00993,DIST_W_02
OUT_00994,DIST_W_03
OUT_00995,DIST_W_01
OUT_00996,DIST_W_02
OUT_00997,DIST_W_03
OUT_00998,DIST_W_03
OUT_00999,DIST_W_02
OUT_01000,DIST_W_02
OUT_01001,DIST_W_01
OUT_01002,DIST_W_03
OUT_01003,DIST_W_03
OUT_01004,DIST_W_02
OUT_01005,DIST_W_02
OUT_01006,DIST_W_02
OUT_01007,DIST_W_02
OUT_01008,DIST_W_02
OUT_01009,DIST_W_02
OUT_01010,DIST_W_03
OUT_01011,DIST_W_01
OUT_01012,DIST_W_02
OUT_01013,DIST_W_02
OUT_01014,DIST_W_02
OUT_01015,DIST_W_02
OUT_01016,DIST_W_01
OUT_01017,DIST_W_02
OUT_01018,DIST_W_03
OUT_01019,DIST_W_03
OUT_01020,DIST_W_03
OUT_01021,DIST_W_01
OUT_01022,DIST_W_02
OUT_01023,DIST_W_02
OUT_01024,DIST_W_02
OUT_01025,DIST_W_01
OUT_01026,DIST_W_03
OUT_01027,DIST_W_02
OUT_01028,DIST_W_01
OUT_01029,DIST_W_03
OUT_01030,DIST_W_01
OUT_01031,DIST_W_02
OUT_01032,DIST_W_01
OUT_01033,DIST_W_01
OUT_01034,DIST_W_03
OUT_01035,DIST_W_01
OUT_01036,DIST_W_03
OUT_01037,DIST_W_03
OUT_01038,DIST_W_03
OUT_01039,DIST_W_02
OUT_01040,DIST_W_02
OUT_01041,DIST_W_03
OUT_01042,DIST_W_01
OUT_01043,DIST_W_01
OUT_01044,DIST_W_03
OUT_01045,DIST_W_03
OUT_01046,DIST_W_01
OUT_01047,DIST_W_03
OUT_01048,DIST_W_02
OUT_01049,DIST_W_01
OUT_01050,DIST_W_02
OUT_01051,DIST_W_03
OUT_01052,DIST_W_01
OUT_01053,DIST_W_01
OUT_01054,DIST_W_02
OUT_01055,DIST_W_01
OUT_01056,DIST_W_02
OUT_01057,DIST_W_01
OUT_01058,DIST_W_03
OUT_01059,DIST_W_03
OUT_01060,DIST_W_03
OUT_01061,DIST_W_02
OUT_01062,DIST_W_03
OUT_01063,DIST_W_03
OUT_01064,DIST_W_01
OUT_01065,DIST_W_02
OUT_01066,DIST_W_03
OUT_01067,DIST_W_02
OUT_01068,DIST_W_02
OUT_01069,DIST_W_03
OUT_01070,DIST_W_02
OUT_01071,DIST_W_03
OUT_01072,DIST_W_01
OUT_01073,DIST_W_01
OUT_01074,DIST_W_02
OUT_01075,DIST_W_01
OUT_01076,DIST_W_01
OUT_01077,DIST_W_01
OUT_01078,DIST_W_02
OUT_01079,DIST_W_01
OUT_01080,DIST_W_03
OUT_01081,DIST_W_03
OUT_01082,DIST_W_02
OUT_01083,DIST_W_02
OUT_01084,DIST_W_03
OUT_01085,DIST_W_01
OUT_01086,DIST_W_01
OUT_01087,DIST_W_03
OUT_01088,DIST_W_03
OUT_01089,DIST_W_02
OUT_01090,DIST_W_02
OUT_01091,DIST_W_03
OUT_01092,DIST_W_02
OUT_01093,DIST_W_02
OUT_01094,DIST_W_02
OUT_01095,DIST_W_02
OUT_01096,DIST_W_02
OUT_01097,DIST_W_01
OUT_01098,DIST_W_02
OUT_01099,DIST_W_02
OUT_01100,DIST_W_02
OUT_01101,DIST_W_03
OUT_01102,DIST_W_02
OUT_01103,DIST_W_01
OUT_01104,DIST_W_01
OUT_01105,DIST_W_01
OUT_01106,DIST_W_01
OUT_01107,DIST_W_03
OUT_01108,DIST_W_02
OUT_01109,DIST_W_01
OUT_01110,DIST_W_02
OUT_01111,DIST_W_03
OUT_01112,DIST_W_03
OUT_01113,DIST_W_01
OUT_01114,DIST_W_03
OUT_01115,DIST_W_02
OUT_01116,DIST_W_01
OUT_01117,DIST_W_02
OUT_01118,DIST_W_02
OUT_01119,DIST_W_03
OUT_01120,DIST_W_03
OUT_01121,DIST_W_02
OUT_01122,DIST_W_02
OUT_01123,DIST_W_03
OUT_01124,DIST_W_03
OUT_01125,DIST_W_02
OUT_01126,DIST_W_03
OUT_01127,DIST_W_03
OUT_01128,DIST_W_03
OUT_01129,DIST_W_02
OUT_01130,DIST_W_02
OUT_01131,DIST_W_01
OUT_01132,DIST_W_02
OUT_01133,DIST_W_03
OUT_01134,DIST_W_01
OUT_01135,DIST_W_02
OUT_01136,DIST_W_01
OUT_01137,DIST_W_02
OUT_01138,DIST_W_02
OUT_01139,DIST_W_02
OUT_01140,DIST_W_02
OUT_01141,DIST_W_01
OUT_01142,DIST_W_01
OUT_01143,DIST_W_02
OUT_01144,DIST_W_01
OUT_01145,DIST_W_02
OUT_01146,DIST_W_03
OUT_01147,DIST_W_01
OUT_01148,DIST_W_02
OUT_01149,DIST_W_02
OUT_01150,DIST_W_01
OUT_01151,DIST_W_03
OUT_01152,DIST_W_02
OUT_01153,DIST_W_03
OUT_01154,DIST_W_03
OUT_01155,DIST_W_01
OUT_01156,DIST_W_01
OUT_01157,DIST_W_03
OUT_01158,DIST_W_01
OUT_01159,DIST_W_03
OUT_01160,DIST_W_03
OUT_01161,DIST_W_02
OUT_01162,DIST_W_02
OUT_01163,DIST_W_01
OUT_01164,DIST_W_02
OUT_01165,DIST_W_02
OUT_01166,DIST_W_02
OUT_01167,DIST_W_01
OUT_01168,DIST_W_02
OUT_01169,DIST_W_02
OUT_01170,DIST_W_01
OUT_01171,DIST_W_01
OUT_01172,DIST_W_03
OUT_01173,DIST_W_02
OUT_01174,DIST_W_03
OUT_01175,DIST_W_03
OUT_01176,DIST_W_02
OUT_01177,DIST_W_03
OUT_01178,DIST_W_02
OUT_01179,DIST_W_01
OUT_01180,DIST_W_02
OUT_01181,DIST_W_01
OUT_01182,DIST_W_01
OUT_01183,DIST_W_03
OUT_01184,DIST_W_01
OUT_01185,DIST_W_03
OUT_01186,DIST_W_01
OUT_01187,DIST_W_01
OUT_01188,DIST_W_01
OUT_01189,DIST_W_02
OUT_01190,DIST_W_01
OUT_01191,DIST_W_02
OUT_01192,DIST_W_03
OUT_01193,DIST_W_03
OUT_01194,DIST_W_02
OUT_01195,DIST_W_01
OUT_01196,DIST_W_03
OUT_01197,DIST_W_01
OUT_01198,DIST_W_03
OUT_01199,DIST_W_02
OUT_01200,DIST_W_03
OUT_01201,DIST_W_01
OUT_01202,DIST_W_02
OUT_01203,DIST_W_03
OUT_01204,DIST_W_01
OUT_01205,DIST_W_02
OUT_01206,DIST_W_01
OUT_01207,DIST_W_01
OUT_01208,DIST_W_01
OUT_01209,DIST_W_01
OUT_01210,DIST_W_01
OUT_01211,DIST_W_01
OUT_01212,DIST_W_01
OUT_01213,DIST_W_01
OUT_01214,DIST_W_02
OUT_01215,DIST_W_01
OUT_01216,DIST_W_03
OUT_01217,DIST_W_03
OUT_01218,DIST_W_01
OUT_01219,"DIST_W_01, DIST  _W_01"
OUT_01220,DIST_W_02
OUT_01221,DIST_W_03
OUT_01222,DIST_W_03
OUT_01223,DIST_W_02
OUT_01224,DIST_W_02
OUT_01225,DIST_W_02
OUT_01226,DIST_W_02
OUT_01227,DIST_W_03
OUT_01228,DIST_W_02
OUT_01229,DIST_W_02
OUT_01230,DIST_W_01
OUT_01231,DIST_W_02
OUT_01232,DIST_W_02
OUT_01233,DIST_W_01
OUT_01234,DIST_W_02
OUT_01235,DIST_W_02
OUT_01236,DIST_W_03
OUT_01237,DIST_W_03
OUT_01238,DIST_W_02
OUT_01239,DIST_W_03
OUT_01240,DIST_W_01
OUT_01241,DIST_W_03
OUT_01242,DIST_W_03
OUT_01243,DIST_W_03
OUT_01244,DIST_W_03
OUT_01245,DIST_W_03
OUT_01246,DIST_W_01
OUT_01247,DIST_W_01
OUT_01248,DIST_W_02
OUT_01249,DIST_W_03
OUT_01250,DIST_W_03
OUT_01251,DIST_W_03
OUT_01252,DIST_W_02
OUT_01253,DIST_W_02
OUT_01254,DIST_W_01
OUT_01255,DIST_W_02
OUT_01256,DIST_W_02
OUT_01257,DIST_W_03
OUT_01258,DIST_W_03
OUT_01259,DIST_W_03
OUT_01260,DIST_W_01
OUT_01261,DIST_W_03
OUT_01262,DIST_W_03
OUT_01263,DIST_W_03
OUT_01264,DIST_W_02
OUT_01265,DIST_W_02
OUT_01266,DIST_W_03
OUT_01267,DIST_W_03
OUT_01268,DIST_W_02
OUT_01269,DIST_W_02
OUT_01270,DIST_W_02
OUT_01271,DIST_W_02
OUT_01272,DIST_W_02
OUT_01273,DIST_W_03
OUT_01274,DIST_W_01
OUT_01275,DIST_W_01
OUT_01276,DIST_W_03
OUT_01277,DIST_W_02
OUT_01278,DIST_W_01
OUT_01279,DIST_W_02
OUT_01280,DIST_W_03
OUT_01281,DIST_W_02
OUT_01282,DIST_W_03
OUT_01283,DIST_W_01
OUT_01284,DIST_W_01
OUT_01285,DIST_W_03
OUT_01286,DIST_W_02
OUT_01287,DIST_W_02
OUT_01288,DIST_W_03
OUT_01289,DIST_W_03
OUT_01290,DIST_W_01
OUT_01291,DIST_W_03
OUT_01292,DIST_W_02
OUT_01293,DIST_W_02
OUT_01294,DIST_W_03
OUT_01295,DIST_W_03
OUT_01296,DIST_W_03
OUT_01297,DIST_W_01
OUT_01298,DIST_W_01
OUT_01299,DIST_W_01
OUT_01300,DIST_W_03
OUT_01301,DIST_W_02
OUT_01302,DIST_W_02
OUT_01303,DIST_W_01
OUT_01304,DIST_W_02
OUT_01305,DIST_W_03
OUT_01306,DIST_W_03
OUT_01307,DIST_W_01
OUT_01308,DIST_W_03
OUT_01309,DIST_W_02
OUT_01310,DIST_W_03
OUT_01311,DIST_W_03
OUT_01312,DIST_W_03
OUT_01313,DIST_W_01
OUT_01314,DIST_W_02
OUT_01315,DIST_W_02
OUT_01316,DIST_W_02
OUT_01317,DIST_W_03
OUT_01318,DIST_W_02
OUT_01319,DIST_W_03
OUT_01320,DIST_W_01
OUT_01321,DIST_W_02
OUT_01322,DIST_W_01
OUT_01323,DIST_W_02
OUT_01324,DIST_W_01
OUT_01325,DIST_W_01
OUT_01326,DIST_W_01
OUT_01327,DIST_W_01
OUT_01328,DIST_W_02
OUT_01329,DIST_W_01
OUT_01330,DIST_W_03
OUT_01331,DIST_W_01
OUT_01332,DIST_W_03
OUT_01333,DIST_W_03
OUT_01334,DIST_W_02
OUT_01335,DIST_W_03
OUT_01336,DIST_W_02
OUT_01337,DIST_W_03
OUT_01338,DIST_W_01
OUT_01339,DIST_W_02
OUT_01340,DIST_W_03
OUT_01341,DIST_W_03
OUT_01342,DIST_W_02
OUT_01343,DIST_W_01
OUT_01344,DIST_W_03
OUT_01345,DIST_W_02
OUT_01346,DIST_W_03
OUT_01347,DIST_W_02
OUT_01348,DIST_W_01
OUT_01349,DIST_W_03
OUT_01350,DIST_W_02
OUT_01351,DIST_W_02
OUT_01352,DIST_W_02
OUT_01353,DIST_W_01
OUT_01354,DIST_W_03
OUT_01355,DIST_W_01
OUT_01356,DIST_W_02
OUT_01357,DIST_W_03
OUT_01358,DIST_W_01
OUT_01359,DIST_W_02
OUT_01360,DIST_W_01
OUT_01361,DIST_W_03
OUT_01362,DIST_W_03
OUT_01363,DIST_W_01
OUT_01364,DIST_W_02
OUT_01365,DIST_W_03
OUT_01366,DIST_W_02
OUT_01367,DIST_W_02
OUT_01368,DIST_W_03
OUT_01369,DIST_W_02
OUT_01370,DIST_W_01
OUT_01371,DIST_W_01
OUT_01372,DIST_W_03
OUT_01373,DIST_W_01
OUT_01374,DIST_W_03
OUT_01375,DIST_W_02
OUT_01376,DIST_W_02
OUT_01377,DIST_W_02
OUT_01378,DIST_W_02
OUT_01379,DIST_W_03
OUT_01380,DIST_W_01
OUT_01381,DIST_W_03
OUT_01382,DIST_W_03
OUT_01383,DIST_W_03
OUT_01384,DIST_W_03
OUT_01385,DIST_W_03
OUT_01386,DIST_W_01
OUT_01387,DIST_W_03
OUT_01388,DIST_W_01
OUT_01389,DIST_W_03
OUT_01390,DIST_W_03
OUT_01391,DIST_W_01
OUT_01392,DIST_W_01
OUT_01393,DIST_W_03
OUT_01394,DIST_W_01
OUT_01395,DIST_W_03
OUT_01396,DIST_W_02
OUT_01397,DIST_W_03
OUT_01398,DIST_W_02
OUT_01399,DIST_W_01
OUT_01400,DIST_W_01
OUT_01401,DIST_W_01
OUT_01402,DIST_W_02
OUT_01403,DIST_W_02
OUT_01404,DIST_W_03
OUT_01405,DIST_W_02
OUT_01406,DIST_W_03
OUT_01407,DIST_W_03
OUT_01408,DIST_W_02
OUT_01409,DIST_W_03
OUT_01410,DIST_W_01
OUT_01411,DIST_W_02
OUT_01412,DIST_W_03
OUT_01413,DIST_W_03
OUT_01414,DIST_W_03
OUT_01415,DIST_W_02
OUT_01416,DIST_W_03
OUT_01417,DIST_W_03
OUT_01418,DIST_W_02
OUT_01419,DIST_W_02
OUT_01420,DIST_W_01
OUT_01421,DIST_W_01
OUT_01422,DIST_W_02
OUT_01423,DIST_W_03
OUT_01424,DIST_W_02
OUT_01425,DIST_W_02
OUT_01426,DIST_W_02
OUT_01427,DIST_W_02
OUT_01428,DIST_W_01
OUT_01429,DIST_W_03
OUT_01430,DIST_W_03
OUT_01431,DIST_W_01
OUT_01432,DIST_W_03
OUT_01433,DIST_W_02
OUT_01434,DIST_W_01
OUT_01435,DIST_W_01
OUT_01436,DIST_W_02
OUT_01437,DIST_W_02
OUT_01438,DIST_W_01
OUT_01439,DIST_W_02
OUT_01440,DIST_W_01
OUT_01441,DIST_W_01
OUT_01442,DIST_W_02
OUT_01443,DIST_W_03
OUT_01444,DIST_W_03
OUT_01445,DIST_W_02
OUT_01446,DIST_W_03
OUT_01447,DIST_W_03
OUT_01448,DIST_W_02
OUT_01449,DIST_W_01
OUT_01450,DIST_W_03
OUT_01451,DIST_W_01
OUT_01452,DIST_W_01
OUT_01453,DIST_W_02
OUT_01454,DIST_W_01
OUT_01455,DIST_W_02
OUT_01456,DIST_W_03
OUT_01457,DIST_W_02
OUT_01458,DIST_W_01
OUT_01459,DIST_W_01
OUT_01460,DIST_W_01
OUT_01461,DIST_W_02
OUT_01462,DIST_W_02
OUT_01463,DIST_W_01
OUT_01464,DIST_W_02
OUT_01465,DIST_W_03
OUT_01466,DIST_W_02
OUT_01467,DIST_W_01
OUT_01468,DIST_W_01
OUT_01469,DIST_W_01
OUT_01470,DIST_W_01
OUT_01471,DIST_W_01
OUT_01472,DIST_W_02
OUT_01473,DIST_W_02
OUT_01474,DIST_W_01
OUT_01475,DIST_W_01
OUT_01476,DIST_W_02
OUT_01477,DIST_W_01
OUT_01478,DIST_W_03
OUT_01479,DIST_W_03
OUT_01480,DIST_W_01
OUT_01481,DIST_W_03
OUT_01482,DIST_W_01
OUT_01483,DIST_W_03
OUT_01484,DIST_W_01
OUT_01485,DIST_W_03
OUT_01486,DIST_W_01
OUT_01487,DIST_W_01
OUT_01488,DIST_W_02
OUT_01489,DIST_W_03
OUT_01490,DIST_W_02
OUT_01491,DIST_W_02
OUT_01492,DIST_W_02
OUT_01493,DIST_W_03
OUT_01494,DIST_W_02
OUT_01495,DIST_W_01
OUT_01496,DIST_W_01
OUT_01497,DIST_W_02
OUT_01498,DIST_W_03
OUT_01499,DIST_W_02
OUT_01500,DIST_W_03
OUT_01501,DIST_W_01
OUT_01502,DIST_W_02
OUT_01503,DIST_W_01
OUT_01504,DIST_W_02
OUT_01505,DIST_W_01
OUT_01506,DIST_W_01
OUT_01507,DIST_W_01
OUT_01508,DIST_W_01
OUT_01509,DIST_W_02
OUT_01510,DIST_W_02
OUT_01511,DIST_W_02
OUT_01512,DIST_W_03
OUT_01513,DIST_W_01
OUT_01514,DIST_W_02
OUT_01515,DIST_W_01
OUT_01516,DIST_W_01
OUT_01517,DIST_W_02
OUT_01518,DIST_W_02
OUT_01519,DIST_W_01
OUT_01520,DIST_W_03
OUT_01521,DIST_W_01
OUT_01522,DIST_W_01
OUT_01523,DIST_W_01
OUT_01524,DIST_W_03
OUT_01525,DIST_W_01
OUT_01526,DIST_W_02
OUT_01527,DIST_W_03
OUT_01528,DIST_W_03
OUT_01529,DIST_W_02
OUT_01530,DIST_W_03
OUT_01531,DIST_W_01
OUT_01532,DIST_W_01
OUT_01533,DIST_W_02
OUT_01534,DIST_W_03
OUT_01535,DIST_W_03
OUT_01536,DIST_W_01
OUT_01537,DIST_W_01
OUT_01538,DIST_W_01
OUT_01539,DIST_W_01
OUT_01540,DIST_W_02
OUT_01541,DIST_W_02
OUT_01542,DIST_W_01
OUT_01543,DIST_W_02
OUT_01544,DIST_W_03
OUT_01545,DIST_W_01
OUT_01546,DIST_W_03
OUT_01547,DIST_W_01
OUT_01548,DIST_W_01
OUT_01549,DIST_W_03
OUT_01550,DIST_W_03
OUT_01551,DIST_W_03
OUT_01552,DIST_W_02
OUT_01553,DIST_W_01
OUT_01554,DIST_W_01
OUT_01555,DIST_W_03
OUT_01556,DIST_W_01
OUT_01557,DIST_W_03
OUT_01558,DIST_W_01
OUT_01559,DIST_W_01
OUT_01560,DIST_W_03
OUT_01561,DIST_W_02
OUT_01562,DIST_W_02
OUT_01563,DIST_W_02
OUT_01564,DIST_W_01
OUT_01565,DIST_W_01
OUT_01566,DIST_W_02
OUT_01567,DIST_W_01
OUT_01568,DIST_W_03
OUT_01569,DIST_W_02
OUT_01570,DIST_W_01
OUT_01571,DIST_W_03
OUT_01572,DIST_W_03
OUT_01573,DIST_W_01
OUT_01574,DIST_W_01
OUT_01575,DIST_W_01
OUT_01576,DIST_W_02
OUT_01577,DIST_W_03
OUT_01578,DIST_W_03
OUT_01579,DIST_W_02
OUT_01580,DIST_W_01
OUT_01581,DIST_W_03
OUT_01582,DIST_W_02
OUT_01583,DIST_W_02
OUT_01584,DIST_W_01
OUT_01585,DIST_W_03
OUT_01586,DIST_W_03
OUT_01587,DIST_W_02
OUT_01588,DIST_W_03
OUT_01589,DIST_W_01
OUT_01590,DIST_W_01
OUT_01591,DIST_W_03
OUT_01592,DIST_W_02
OUT_01593,DIST_W_03
OUT_01594,DIST_W_03
OUT_01595,DIST_W_01
OUT_01596,DIST_W_03
OUT_01597,DIST_W_01
OUT_01598,DIST_W_02
OUT_01599,DIST_W_03
OUT_01600,DIST_W_01
OUT_01601,DIST_W_02
OUT_01602,DIST_W_03
OUT_01603,DIST_W_01
OUT_01604,DIST_W_03
OUT_01605,DIST_W_02
OUT_01606,DIST_W_01
OUT_01607,DIST_W_02
OUT_01608,DIST_W_01
OUT_01609,DIST_W_01
OUT_01610,DIST_W_01
OUT_01611,DIST_W_01
OUT_01612,DIST_W_01
OUT_01613,DIST_W_03
OUT_01614,DIST_W_03
OUT_01615,DIST_W_01
OUT_01616,DIST_W_01
OUT_01617,DIST_W_02
OUT_01618,DIST_W_02
OUT_01619,DIST_W_01
OUT_01620,DIST_W_02
OUT_01621,DIST_W_03
OUT_01622,DIST_W_02
OUT_01623,DIST_W_03
OUT_01624,DIST_W_01
OUT_01625,DIST_W_02
OUT_01626,DIST_W_02
OUT_01627,DIST_W_01
OUT_01628,DIST_W_01
OUT_01629,DIST_W_03
OUT_01630,DIST_W_02
OUT_01631,DIST_W_02
OUT_01632,DIST_W_02
OUT_01633,DIST_W_02
OUT_01634,DIST_W_03
OUT_01635,DIST_W_02
OUT_01636,DIST_W_02
OUT_01637,DIST_W_03
OUT_01638,DIST_W_03
OUT_01639,DIST_W_02
OUT_01640,DIST_W_02
OUT_01641,DIST_W_01
OUT_01642,DIST_W_02
OUT_01643,DIST_W_03
OUT_01644,DIST_W_01
OUT_01645,DIST_W_02
OUT_01646,DIST_W_01
OUT_01647,DIST_W_02
OUT_01648,DIST_W_03
OUT_01649,DIST_W_03
OUT_01650,DIST_W_01
OUT_01651,DIST_W_01
OUT_01652,DIST_W_01
OUT_01653,DIST_W_01
OUT_01654,DIST_W_01
OUT_01655,DIST_W_01
OUT_01656,DIST_W_01
OUT_01657,DIST_W_03
OUT_01658,DIST_W_02
OUT_01659,DIST_W_03
OUT_01660,DIST_W_03
OUT_01661,DIST_W_02
OUT_01662,DIST_W_02
OUT_01663,DIST_W_03
OUT_01664,DIST_W_02
OUT_01665,DIST_W_01
OUT_01666,DIST_W_02
OUT_01667,DIST_W_01
OUT_01668,DIST_W_03
OUT_01669,DIST_W_03
OUT_01670,DIST_W_03
OUT_01671,DIST_W_02
OUT_01672,DIST_W_01
OUT_01673,DIST_W_02
OUT_01674,DIST_W_02
OUT_01675,DIST_W_03
OUT_01676,DIST_W_02
OUT_01677,DIST_W_03
OUT_01678,DIST_W_01
OUT_01679,DIST_W_01
OUT_01680,DIST_W_02
OUT_01681,DIST_W_03
OUT_01682,DIST_W_03
OUT_01683,DIST_W_03
OUT_01684,DIST_W_01
OUT_01685,DIST_W_03
OUT_01686,DIST_W_01
OUT_01687,DIST_W_02
OUT_01688,DIST_W_03
OUT_01689,DIST_W_03
OUT_01690,DIST_W_01
OUT_01691,DIST_W_03
OUT_01692,DIST_W_03
OUT_01693,DIST_W_03
OUT_01694,DIST_W_03
OUT_01695,DIST_W_02
OUT_01696,DIST_W_03
OUT_01697,DIST_W_01
OUT_01698,DIST_W_02
OUT_01699,DIST_W_01
OUT_01700,DIST_W_02
OUT_01701,DIST_W_02
OUT_01702,DIST_W_02
OUT_01703,DIST_W_03
OUT_01704,DIST_W_03
OUT_01705,DIST_W_01
OUT_01706,DIST_W_02
OUT_01707,DIST_W_01
OUT_01708,DIST_W_01
OUT_01709,DIST_W_01
OUT_01710,DIST_W_03
OUT_01711,DIST_W_01
OUT_01712,DIST_W_02
OUT_01713,DIST_W_03
OUT_01714,DIST_W_02
OUT_01715,DIST_W_03
OUT_01716,DIST_W_01
OUT_01717,DIST_W_03
OUT_01718,DIST_W_01
OUT_01719,DIST_W_03
OUT_01720,DIST_W_01
OUT_01721,DIST_W_01
OUT_01722,DIST_W_03
OUT_01723,DIST_W_03
OUT_01724,DIST_W_03
OUT_01725,DIST_W_03
OUT_01726,DIST_W_02
OUT_01727,DIST_W_02
OUT_01728,DIST_W_03
OUT_01729,DIST_W_03
OUT_01730,DIST_W_03
OUT_01731,DIST_W_03
OUT_01732,DIST_W_03
OUT_01733,DIST_W_02
OUT_01734,DIST_W_02
OUT_01735,DIST_W_03
OUT_01736,DIST_W_02
OUT_01737,DIST_W_01
OUT_01738,DIST_W_02
OUT_01739,DIST_W_02
OUT_01740,DIST_W_02
OUT_01741,DIST_W_03
OUT_01742,DIST_W_01
OUT_01743,DIST_W_02
OUT_01744,DIST_W_02
OUT_01745,DIST_W_01
OUT_01746,DIST_W_02
OUT_01747,DIST_W_02
OUT_01748,DIST_W_03
OUT_01749,DIST_W_01
OUT_01750,DIST_W_01
OUT_01751,DIST_W_03
OUT_01752,DIST_W_02
OUT_01753,DIST_W_03
OUT_01754,DIST_W_02
OUT_01755,DIST_W_03
OUT_01756,DIST_W_01
OUT_01757,DIST_W_01
OUT_01758,DIST_W_01
OUT_01759,DIST_W_02
OUT_01760,DIST_W_01
OUT_01761,DIST_W_01
OUT_01762,DIST_W_03
OUT_01763,DIST_W_03
OUT_01764,DIST_W_03
OUT_01765,DIST_W_03
OUT_01766,DIST_W_03
OUT_01767,DIST_W_01
OUT_01768,DIST_W_03
OUT_01769,DIST_W_02
OUT_01770,DIST_W_01
OUT_01771,DIST_W_01
OUT_01772,DIST_W_02
OUT_01773,DIST_W_02
OUT_01774,DIST_W_02
OUT_01775,DIST_W_03
OUT_01776,DIST_W_01
OUT_01777,DIST_W_02
OUT_01778,DIST_W_01
OUT_01779,DIST_W_03
OUT_01780,DIST_W_01
OUT_01781,DIST_W_02
OUT_01782,DIST_W_02
OUT_01783,DIST_W_01
OUT_01784,DIST_W_01
OUT_01785,DIST_W_02
OUT_01786,DIST_W_03
OUT_01787,DIST_W_01
OUT_01788,DIST_W_03
OUT_01789,DIST_W_01
OUT_01790,DIST_W_02
OUT_01791,DIST_W_02
OUT_01792,DIST_W_01
OUT_01793,DIST_W_01
OUT_01794,DIST_W_02
OUT_01795,DIST_W_03
OUT_01796,DIST_W_03
OUT_01797,DIST_W_01
OUT_01798,DIST_W_03
OUT_01799,DIST_W_01
OUT_01800,DIST_W_01
OUT_01801,DIST_W_01
OUT_01802,DIST_W_02
OUT_01803,DIST_W_02
OUT_01804,DIST_W_02
OUT_01805,DIST_W_03
OUT_01806,DIST_W_01
OUT_01807,DIST_W_03
OUT_01808,DIST_W_01
OUT_01809,DIST_W_01
OUT_01810,DIST_W_03
OUT_01811,DIST_W_01
OUT_01812,DIST_W_01
OUT_01813,DIST_W_02
OUT_01814,DIST_W_01
OUT_01815,DIST_W_01
OUT_01816,DIST_W_02
OUT_01817,DIST_W_02
OUT_01818,DIST_W_03
OUT_01819,DIST_W_03
OUT_01820,DIST_W_02
OUT_01821,DIST_W_02
OUT_01822,DIST_W_01
OUT_01823,DIST_W_02
OUT_01824,DIST_W_01
OUT_01825,DIST_W_03
OUT_01826,DIST_W_03
OUT_01827,DIST_W_03
OUT_01828,DIST_W_03
OUT_01829,DIST_W_01
OUT_01830,DIST_W_01
OUT_01831,DIST_W_02
OUT_01832,DIST_W_01
OUT_01833,DIST_W_03
OUT_01834,DIST_W_01
OUT_01835,DIST_W_01
OUT_01836,DIST_W_02
OUT_01837,DIST_W_02
OUT_01838,DIST_W_03
OUT_01839,DIST_W_03
OUT_01840,DIST_W_03
OUT_01841,DIST_W_02
OUT_01842,DIST_W_03
OUT_01843,DIST_W_02
OUT_01844,DIST_W_01
OUT_01845,DIST_W_01
OUT_01846,DIST_W_01
OUT_01847,DIST_W_02
OUT_01848,DIST_W_03
OUT_01849,DIST_W_03
OUT_01850,DIST_W_01
OUT_01851,DIST_W_01
OUT_01852,DIST_W_01
OUT_01853,DIST_W_02
OUT_01854,DIST_W_02
OUT_01855,DIST_W_03
OUT_01856,DIST_W_03
OUT_01857,DIST_W_02
OUT_01858,DIST_W_02
OUT_01859,DIST_W_01
OUT_01860,DIST_W_02
OUT_01861,DIST_W_03
OUT_01862,DIST_W_02
OUT_01863,DIST_W_01
OUT_01864,DIST_W_01
OUT_01865,DIST_W_01
OUT_01866,DIST_W_03
OUT_01867,DIST_W_02
OUT_01868,DIST_W_02
OUT_01869,DIST_W_03
OUT_01870,DIST_W_02
OUT_01871,DIST_W_02
OUT_01872,DIST_W_01
OUT_01873,DIST_W_02
OUT_01874,DIST_W_01
OUT_01875,DIST_W_02
OUT_01876,DIST_W_02
OUT_01877,DIST_W_03
OUT_01878,DIST_W_03
OUT_01879,DIST_W_01
OUT_01880,DIST_W_03
OUT_01881,DIST_W_01
OUT_01882,DIST_W_02
OUT_01883,DIST_W_02
OUT_01884,DIST_W_03
OUT_01885,DIST_W_01
OUT_01886,DIST_W_01
OUT_01887,DIST_W_03
OUT_01888,DIST_W_03
OUT_01889,DIST_W_03
OUT_01890,DIST_W_03
OUT_01891,DIST_W_03
OUT_01892,DIST_W_01
OUT_01893,DIST_W_03
OUT_01894,DIST_W_03
OUT_01895,DIST_W_02
OUT_01896,DIST_W_02
OUT_01897,DIST_W_01
OUT_01898,DIST_W_02
OUT_01899,DIST_W_01
OUT_01900,DIST_W_02
OUT_01901,DIST_W_03
OUT_01902,DIST_W_02
OUT_01903,DIST_W_03
OUT_01904,DIST_W_02
OUT_01905,DIST_W_03
OUT_01906,DIST_W_01
OUT_01907,DIST_W_02
OUT_01908,DIST_W_01
OUT_01909,DIST_W_01
OUT_01910,DIST_W_01
OUT_01911,DIST_W_01
OUT_01912,DIST_W_01
OUT_01913,DIST_W_03
OUT_01914,DIST_W_02
OUT_01915,DIST_W_01
OUT_01916,DIST_W_03
OUT_01917,DIST_W_01
OUT_01918,DIST_W_01
OUT_01919,DIST_W_03
OUT_01920,DIST_W_01
OUT_01921,DIST_W_03
OUT_01922,DIST_W_03
OUT_01923,DIST_W_02
OUT_01924,DIST_W_03
OUT_01925,DIST_W_01
OUT_01926,DIST_W_01
OUT_01927,DIST_W_02
OUT_01928,DIST_W_01
OUT_01929,DIST_W_03
OUT_01930,DIST_W_02
OUT_01931,DIST_W_03
OUT_01932,DIST_W_02
OUT_01933,DIST_W_02
OUT_01934,DIST_W_02
OUT_01935,DIST_W_02
OUT_01936,DIST_W_02
OUT_01937,DIST_W_03
OUT_01938,DIST_W_02
OUT_01939,DIST_W_01
OUT_01940,DIST_W_01
OUT_01941,DIST_W_02
OUT_01942,DIST_W_01
OUT_01943,DIST_W_02
OUT_01944,DIST_W_01
OUT_01945,DIST_W_02
OUT_01946,DIST_W_03
OUT_01947,DIST_W_03
OUT_01948,DIST_W_03
OUT_01949,DIST_W_03
OUT_01950,DIST_W_02
OUT_01951,DIST_W_01
OUT_01952,DIST_W_02
OUT_01953,DIST_W_03
OUT_01954,DIST_W_03
OUT_01955,DIST_W_03
OUT_01956,DIST_W_02
OUT_01957,DIST_W_02
OUT_01958,DIST_W_01
OUT_01959,DIST_W_01
OUT_01960,DIST_W_02
OUT_01961,DIST_W_02
OUT_01962,DIST_W_01
OUT_01963,DIST_W_01
OUT_01964,DIST_W_03
OUT_01965,DIST_W_02
OUT_01966,DIST_W_01
OUT_01967,DIST_W_03
OUT_01968,DIST_W_02
OUT_01969,DIST_W_02
OUT_01970,DIST_W_02
OUT_01971,DIST_W_01
OUT_01972,DIST_W_01
OUT_01973,DIST_W_02
OUT_01974,DIST_W_01
OUT_01975,DIST_W_02
OUT_01976,DIST_W_02
OUT_01977,DIST_W_02
OUT_01978,DIST_W_01
OUT_01979,DIST_W_01
OUT_01980,DIST_W_02
OUT_01981,DIST_W_03
OUT_01982,DIST_W_01
OUT_01983,DIST_W_03
OUT_01984,DIST_W_01
OUT_01985,DIST_W_03
OUT_01986,DIST_W_03
OUT_01987,DIST_W_01
OUT_01988,DIST_W_01
OUT_01989,DIST_W_02
OUT_01990,DIST_W_01
OUT_01991,DIST_W_01
OUT_01992,DIST_W_03
OUT_01993,DIST_W_03
OUT_01994,DIST_W_01
OUT_01995,DIST_W_01
OUT_01996,DIST_W_03
OUT_01997,DIST_W_03
OUT_01998,DIST_W_02
OUT_01999,DIST_W_01
OUT_02000,DIST_W_03
OUT_02001,DIST_W_01
OUT_02002,DIST_W_02
OUT_02003,DIST_W_01
OUT_02004,DIST_W_01
OUT_02005,DIST_W_02
OUT_02006,DIST_W_03
OUT_02007,DIST_W_01
OUT_02008,DIST_W_01
OUT_02009,DIST_W_03
OUT_02010,DIST_W_03
OUT_02011,DIST_W_03
OUT_02012,DIST_W_02
OUT_02013,DIST_W_02
OUT_02014,DIST_W_01
OUT_02015,DIST_W_03
OUT_02016,DIST_W_03
OUT_02017,DIST_W_01
OUT_02018,DIST_W_03
OUT_02019,DIST_W_02
OUT_02020,DIST_W_02
OUT_02021,DIST_W_02
OUT_02022,DIST_W_01
OUT_02023,DIST_W_01
OUT_02024,DIST_W_03
OUT_02025,DIST_W_03
OUT_02026,DIST_W_01
OUT_02027,DIST_W_02
OUT_02028,DIST_W_01
OUT_02029,DIST_W_01
OUT_02030,DIST_W_02
OUT_02031,DIST_W_02
OUT_02032,DIST_W_03
OUT_02033,DIST_W_01
OUT_02034,DIST_W_01
OUT_02035,DIST_W_01
OUT_02036,DIST_W_03
OUT_02037,DIST_W_03
OUT_02038,DIST_W_03
OUT_02039,DIST_W_03
OUT_02040,DIST_W_02
OUT_02041,DIST_W_02
OUT_02042,DIST_W_03
OUT_02043,DIST_W_02
OUT_02044,DIST_W_03
OUT_02045,DIST_W_02
OUT_02046,DIST_W_03
OUT_02047,DIST_W_03
OUT_02048,DIST_W_03
OUT_02049,DIST_W_02
OUT_02050,DIST_W_01
OUT_02051,DIST_W_03
OUT_02052,DIST_W_01
OUT_02053,DIST_W_03
OUT_02054,DIST_W_01
OUT_02055,DIST_W_03
OUT_02056,DIST_W_01
OUT_02057,DIST_W_01
OUT_02058,DIST_W_02
OUT_02059,DIST_W_01
OUT_02060,DIST_W_01
OUT_02061,DIST_W_02
OUT_02062,DIST_W_03
OUT_02063,DIST_W_01
OUT_02064,DIST_W_03
OUT_02065,DIST_W_01
OUT_02066,DIST_W_02
OUT_02067,DIST_W_03
OUT_02068,DIST_W_01
OUT_02069,DIST_W_02
OUT_02070,DIST_W_02
OUT_02071,DIST_W_01
OUT_02072,DIST_W_02
OUT_02073,DIST_W_03
OUT_02074,DIST_W_03
OUT_02075,DIST_W_01
OUT_02076,DIST_W_03
OUT_02077,DIST_W_03
OUT_02078,DIST_W_01
OUT_02079,DIST_W_02
OUT_02080,DIST_W_01
OUT_02081,DIST_W_02
OUT_02082,DIST_W_02
OUT_02083,DIST_W_02
OUT_02084,DIST_W_02
OUT_02085,DIST_W_02
OUT_02086,DIST_W_01
OUT_02087,DIST_W_03
OUT_02088,DIST_W_03
OUT_02089,DIST_W_01
OUT_02090,DIST_W_01
OUT_02091,DIST_W_03
OUT_02092,DIST_W_02
OUT_02093,DIST_W_01
OUT_02094,DIST_W_03
OUT_02095,DIST_W_02
OUT_02096,DIST_W_01
OUT_02097,DIST_W_03
OUT_02098,DIST_W_01
OUT_02099,DIST_W_01
OUT_02100,DIST_W_03
OUT_02101,DIST_W_02
OUT_02102,DIST_W_03
OUT_02103,DIST_W_03
OUT_02104,DIST_W_02
OUT_02105,DIST_W_03
OUT_02106,DIST_W_03
OUT_02107,DIST_W_01
OUT_02108,DIST_W_02
OUT_02109,DIST_W_01
OUT_02110,DIST_W_01
OUT_02111,DIST_W_03
OUT_02112,DIST_W_03
OUT_02113,DIST_W_02
OUT_02114,DIST_W_01
OUT_02115,DIST_W_02
OUT_02116,DIST_W_01
OUT_02117,DIST_W_03
OUT_02118,DIST_W_03
OUT_02119,DIST_W_01
OUT_02120,DIST_W_03
OUT_02121,DIST_W_01
OUT_02122,DIST_W_02
OUT_02123,DIST_W_02
OUT_02124,DIST_W_01
OUT_02125,DIST_W_03
OUT_02126,DIST_W_02
OUT_02127,DIST_W_02
OUT_02128,DIST_W_02
OUT_02129,DIST_W_03
OUT_02130,DIST_W_02
OUT_02131,DIST_W_02
OUT_02132,DIST_W_01
OUT_02133,DIST_W_03
OUT_02134,DIST_W_03
OUT_02135,DIST_W_02
OUT_02136,DIST_W_02
OUT_02137,DIST_W_03
OUT_02138,DIST_W_01
OUT_02139,DIST_W_01
OUT_02140,DIST_W_02
OUT_02141,DIST_W_02
OUT_02142,DIST_W_03
OUT_02143,DIST_W_03
OUT_02144,DIST_W_01
OUT_02145,DIST_W_03
OUT_02146,DIST_W_03
OUT_02147,DIST_W_03
OUT_02148,DIST_W_02
OUT_02149,DIST_W_03
OUT_02150,DIST_W_01
OUT_02151,DIST_W_03
OUT_02152,DIST_W_01
OUT_02153,DIST_W_02
OUT_02154,DIST_W_02
OUT_02155,DIST_W_03
OUT_02156,DIST_W_01
OUT_02157,DIST_W_02
OUT_02158,DIST_W_02
OUT_02159,DIST_W_03
OUT_02160,DIST_W_02
OUT_02161,DIST_W_03
OUT_02162,DIST_W_03
OUT_02163,DIST_W_03
OUT_02164,DIST_W_02
OUT_02165,DIST_W_03
OUT_02166,DIST_W_01
OUT_02167,DIST_W_01
OUT_02168,DIST_W_01
OUT_02169,DIST_W_02
OUT_02170,DIST_W_03
OUT_02171,DIST_W_02
OUT_02172,DIST_W_01
OUT_02173,DIST_W_02
OUT_02174,DIST_W_01
OUT_02175,DIST_W_01
OUT_02176,DIST_W_03
OUT_02177,DIST_W_02
OUT_02178,DIST_W_03
OUT_02179,DIST_W_01
OUT_02180,DIST_W_03
OUT_02181,DIST_W_01
OUT_02182,DIST_W_01
OUT_02183,DIST_W_03
OUT_02184,DIST_W_01
OUT_02185,DIST_W_03
OUT_02186,DIST_W_01
OUT_02187,DIST_W_01
OUT_02188,DIST_W_01
OUT_02189,DIST_W_03
OUT_02190,DIST_W_01
OUT_02191,DIST_W_01
OUT_02192,DIST_W_01
OUT_02193,DIST_W_03
OUT_02194,DIST_W_01
OUT_02195,DIST_W_01
OUT_02196,DIST_W_03
OUT_02197,DIST_W_01
OUT_02198,DIST_W_03
OUT_02199,DIST_W_02
OUT_02200,DIST_W_02
OUT_02201,DIST_W_02
OUT_02202,DIST_W_01
OUT_02203,DIST_W_02
OUT_02204,DIST_W_01
OUT_02205,DIST_W_03
OUT_02206,DIST_W_03
OUT_02207,DIST_W_03
OUT_02208,DIST_W_02
OUT_02209,DIST_W_02
OUT_02210,DIST_W_02
OUT_02211,DIST_W_02
OUT_02212,DIST_W_02
OUT_02213,DIST_W_03
OUT_02214,DIST_W_01
OUT_02215,DIST_W_03
OUT_02216,DIST_W_01
OUT_02217,DIST_W_03
OUT_02218,DIST_W_02
OUT_02219,DIST_W_03
OUT_02220,DIST_W_03
OUT_02221,DIST_W_01
OUT_02222,DIST_W_03
OUT_02223,DIST_W_02
OUT_02224,DIST_W_02
OUT_02225,DIST_W_01
OUT_02226,DIST_W_02
OUT_02227,DIST_W_02
OUT_02228,DIST_W_01
OUT_02229,DIST_W_01
OUT_02230,DIST_W_02
OUT_02231,DIST_W_02
OUT_02232,DIST_W_02
OUT_02233,DIST_W_01
OUT_02234,DIST_W_03
OUT_02235,DIST_W_02
OUT_02236,DIST_W_03
OUT_02237,DIST_W_03
OUT_02238,DIST_W_02
OUT_02239,DIST_W_01
OUT_02240,DIST_W_01
OUT_02241,DIST_W_03
OUT_02242,DIST_W_02
OUT_02243,DIST_W_02
OUT_02244,DIST_W_02
OUT_02245,DIST_W_01
OUT_02246,DIST_W_03
OUT_02247,DIST_W_03
OUT_02248,DIST_W_02
OUT_02249,DIST_W_03
OUT_02250,DIST_W_01
OUT_02251,DIST_W_03
OUT_02252,DIST_W_02
OUT_02253,DIST_W_01
OUT_02254,DIST_W_02
OUT_02255,DIST_W_01
OUT_02256,DIST_W_01
OUT_02257,DIST_W_01
OUT_02258,DIST_W_01
OUT_02259,DIST_W_02
OUT_02260,DIST_W_01
OUT_02261,DIST_W_02
OUT_02262,DIST_W_03
OUT_02263,DIST_W_01
OUT_02264,DIST_W_03
OUT_02265,DIST_W_01
OUT_02266,DIST_W_01
OUT_02267,DIST_W_01
OUT_02268,DIST_W_01
OUT_02269,DIST_W_03
OUT_02270,DIST_W_03
OUT_02271,DIST_W_03
OUT_02272,DIST_W_03
OUT_02273,DIST_W_02
OUT_02274,DIST_W_02
OUT_02275,DIST_W_01
OUT_02276,DIST_W_01
OUT_02277,DIST_W_02
OUT_02278,DIST_W_03
OUT_02279,DIST_W_03
OUT_02280,DIST_W_01
OUT_02281,DIST_W_01
OUT_02282,DIST_W_02
OUT_02283,DIST_W_01
OUT_02284,DIST_W_03
OUT_02285,DIST_W_03
OUT_02286,DIST_W_01
OUT_02287,DIST_W_03
OUT_02288,DIST_W_03
OUT_02289,DIST_W_03
OUT_02290,DIST_W_01
OUT_02291,DIST_W_01
OUT_02292,DIST_W_02
OUT_02293,DIST_W_02
OUT_02294,DIST_W_03
OUT_02295,DIST_W_02
OUT_02296,DIST_W_01
OUT_02297,DIST_W_02
OUT_02298,DIST_W_03
OUT_02299,DIST_W_02
OUT_02300,DIST_W_02
OUT_02301,DIST_W_02
OUT_02302,DIST_W_01
OUT_02303,DIST_W_01
OUT_02304,DIST_W_02
OUT_02305,DIST_W_03
OUT_02306,DIST_W_03
OUT_02307,DIST_W_01
OUT_02308,DIST_W_01
OUT_02309,DIST_W_01
OUT_02310,DIST_W_02
OUT_02311,DIST_W_03
OUT_02312,DIST_W_02
OUT_02313,DIST_W_01
OUT_02314,DIST_W_02
OUT_02315,DIST_W_01
OUT_02316,DIST_W_03
OUT_02317,DIST_W_03
OUT_02318,DIST_W_01
OUT_02319,DIST_W_03
OUT_02320,DIST_W_01
OUT_02321,DIST_W_03
OUT_02322,DIST_W_03
OUT_02323,DIST_W_01
OUT_02324,DIST_W_03
OUT_02325,DIST_W_02
OUT_02326,DIST_W_03
OUT_02327,DIST_W_01
OUT_02328,DIST_W_01
OUT_02329,DIST_W_02
OUT_02330,DIST_W_03
OUT_02331,DIST_W_03
OUT_02332,DIST_W_02
OUT_02333,DIST_W_03
OUT_02334,DIST_W_03
OUT_02335,DIST_W_03
OUT_02336,DIST_W_02
OUT_02337,DIST_W_02
OUT_02338,DIST_W_03
OUT_02339,DIST_W_02
OUT_02340,DIST_W_02
OUT_02341,DIST_W_03
OUT_02342,DIST_W_01
OUT_02343,DIST_W_03
OUT_02344,DIST_W_01
OUT_02345,DIST_W_02
OUT_02346,DIST_W_02
OUT_02347,DIST_W_02
OUT_02348,DIST_W_03
OUT_02349,DIST_W_02
OUT_02350,DIST_W_01
OUT_02351,DIST_W_01
OUT_02352,DIST_W_03
OUT_02353,DIST_W_03
OUT_02354,DIST_W_02
OUT_02355,DIST_W_01
OUT_02356,DIST_W_01
OUT_02357,DIST_W_03
OUT_02358,DIST_W_01
OUT_02359,DIST_W_03
OUT_02360,DIST_W_03
OUT_02361,DIST_W_01
OUT_02362,DIST_W_01
OUT_02363,DIST_W_03
OUT_02364,DIST_W_01
OUT_02365,DIST_W_03
OUT_02366,DIST_W_01
OUT_02367,DIST_W_01
OUT_02368,DIST_W_02
OUT_02369,DIST_W_02
OUT_02370,DIST_W_03
OUT_02371,DIST_W_03
OUT_02372,DIST_W_01
OUT_02373,DIST_W_01
OUT_02374,DIST_W_01
OUT_02375,DIST_W_01
OUT_02376,DIST_W_03
OUT_02377,DIST_W_02
OUT_02378,DIST_W_03
OUT_02379,DIST_W_03
OUT_02380,DIST_W_01
OUT_02381,DIST_W_03
OUT_02382,DIST_W_03
OUT_02383,DIST_W_02
OUT_02384,DIST_W_01
OUT_02385,DIST_W_01
OUT_02386,DIST_W_03
OUT_02387,DIST_W_03
OUT_02388,DIST_W_02
OUT_02389,DIST_W_02
OUT_02390,DIST_W_02
OUT_02391,DIST_W_02
OUT_02392,DIST_W_03
OUT_02393,DIST_W_01
OUT_02394,DIST_W_01
OUT_02395,DIST_W_01
OUT_02396,DIST_W_03
OUT_02397,DIST_W_01
OUT_02398,DIST_W_02
OUT_02399,DIST_W_01
OUT_02400,DIST_W_03
OUT_02401,DIST_W_02
OUT_02402,DIST_W_03
OUT_02403,DIST_W_03
OUT_02404,DIST_W_03
OUT_02405,DIST_W_01
OUT_02406,DIST_W_01
OUT_02407,DIST_W_02
OUT_02408,DIST_W_01
OUT_02409,DIST_W_03
OUT_02410,DIST_W_01
OUT_02411,DIST_W_03
OUT_02412,DIST_W_01
OUT_02413,DIST_W_01
OUT_02414,DIST_W_03
OUT_02415,DIST_W_02
OUT_02416,DIST_W_02
OUT_02417,DIST_W_01
OUT_02418,DIST_W_03
OUT_02419,DIST_W_01
OUT_02420,DIST_W_02
OUT_02421,DIST_W_02
OUT_02422,DIST_W_03
OUT_02423,DIST_W_02
OUT_02424,DIST_W_02
OUT_02425,DIST_W_03
OUT_02426,DIST_W_02
OUT_02427,DIST_W_01
OUT_02428,DIST_W_03
OUT_02429,DIST_W_01
OUT_02430,DIST_W_02
OUT_02431,DIST_W_03
OUT_02432,DIST_W_02
OUT_02433,DIST_W_03
OUT_02434,DIST_W_01
OUT_02435,DIST_W_01
OUT_02436,DIST_W_02
OUT_02437,DIST_W_02
OUT_02438,DIST_W_02
OUT_02439,DIST_W_03
OUT_02440,DIST_W_03
OUT_02441,DIST_W_02
OUT_02442,DIST_W_01
OUT_02443,DIST_W_02
OUT_02444,DIST_W_02
OUT_02445,DIST_W_02
OUT_02446,DIST_W_01
OUT_02447,DIST_W_03
OUT_02448,DIST_W_03
OUT_02449,DIST_W_02
OUT_02450,DIST_W_01
OUT_02451,DIST_W_01
OUT_02452,DIST_W_03
OUT_02453,DIST_W_01
OUT_02454,DIST_W_03
OUT_02455,DIST_W_01
OUT_02456,DIST_W_03
OUT_02457,DIST_W_01
OUT_02458,DIST_W_02
OUT_02459,DIST_W_02
OUT_02460,DIST_W_02
OUT_02461,DIST_W_01
OUT_02462,DIST_W_01
OUT_02463,DIST_W_01
OUT_02464,DIST_W_01
OUT_02465,DIST_W_01
OUT_02466,DIST_W_03
OUT_02467,DIST_W_01
OUT_02468,DIST_W_03
OUT_02469,DIST_W_03
OUT_02470,DIST_W_03
OUT_02471,DIST_W_01
OUT_02472,DIST_W_03
OUT_02473,DIST_W_03
OUT_02474,DIST_W_02
OUT_02475,DIST_W_01
OUT_02476,DIST_W_01
OUT_02477,DIST_W_02
OUT_02478,DIST_W_01
OUT_02479,DIST_W_02
OUT_02480,DIST_W_03
OUT_02481,DIST_W_01
OUT_02482,DIST_W_03
OUT_02483,DIST_W_02
OUT_02484,DIST_W_03
OUT_02485,DIST_W_03
OUT_02486,DIST_W_03
OUT_02487,DIST_W_01
OUT_02488,DIST_W_03
OUT_02489,DIST_W_03
OUT_02490,DIST_W_01
OUT_02491,DIST_W_01
OUT_02492,DIST_W_01
OUT_02493,DIST_W_03
OUT_02494,DIST_W_01
OUT_02495,DIST_W_03
OUT_02496,DIST_W_01
OUT_02497,DIST_W_03
OUT_02498,DIST_W_03
OUT_02499,DIST_W_03
OUT_02500,DIST_W_01
OUT_02501,DIST_W_02
OUT_02502,DIST_W_03
OUT_02503,DIST_W_01
OUT_02504,DIST_W_02
OUT_02505,DIST_W_03
OUT_02506,DIST_W_02
OUT_02507,DIST_W_03
OUT_02508,DIST_W_01
OUT_02509,DIST_W_02
OUT_02510,DIST_W_03
OUT_02511,DIST_W_03
OUT_02512,DIST_W_03
OUT_02513,DIST_W_03
OUT_02514,DIST_W_02
OUT_02515,DIST_W_03
OUT_02516,DIST_W_03
OUT_02517,DIST_W_03
OUT_02518,DIST_W_02
OUT_02519,DIST_W_01
OUT_02520,DIST_W_03
OUT_02521,DIST_W_03
OUT_02522,DIST_W_01
OUT_02523,DIST_W_02
OUT_02524,DIST_W_03
OUT_02525,DIST_W_02
OUT_02526,DIST_W_01
OUT_02527,DIST_W_01
OUT_02528,DIST_W_02
OUT_02529,DIST_W_02
OUT_02530,DIST_W_02
OUT_02531,DIST_W_01
OUT_02532,DIST_W_03
OUT_02533,DIST_W_01
OUT_02534,DIST_W_02
OUT_02535,DIST_W_02
OUT_02536,DIST_W_02
OUT_02537,DIST_W_03
OUT_02538,DIST_W_01
OUT_02539,DIST_W_02
OUT_02540,DIST_W_01
OUT_02541,DIST_W_01
OUT_02542,DIST_W_01
OUT_02543,DIST_W_03
OUT_02544,DIST_W_02
OUT_02545,DIST_W_02
OUT_02546,DIST_W_01
OUT_02547,DIST_W_01
OUT_02548,DIST_W_03
OUT_02549,DIST_W_01
OUT_02550,DIST_W_01
OUT_02551,DIST_W_02
OUT_02552,DIST_W_02
OUT_02553,DIST_W_03
OUT_02554,DIST_W_03
OUT_02555,DIST_W_02
OUT_02556,DIST_W_02
OUT_02557,DIST_W_03
OUT_02558,DIST_W_03
OUT_02559,DIST_W_03
OUT_02560,DIST_W_03
OUT_02561,DIST_W_01
OUT_02562,DIST_W_03
OUT_02563,DIST_W_03
OUT_02564,DIST_W_03
OUT_02565,DIST_W_03
OUT_02566,DIST_W_02
OUT_02567,DIST_W_03
OUT_02568,DIST_W_01
OUT_02569,DIST_W_01
OUT_02570,DIST_W_03
OUT_02571,DIST_W_03
OUT_02572,DIST_W_01
OUT_02573,DIST_W_02
OUT_02574,DIST_W_03
OUT_02575,DIST_W_02
OUT_02576,DIST_W_01
OUT_02577,DIST_W_03
OUT_02578,DIST_W_02
OUT_02579,DIST_W_02
OUT_02580,DIST_W_01
OUT_02581,DIST_W_02
OUT_02582,DIST_W_01
OUT_02583,DIST_W_03
OUT_02584,DIST_W_03
OUT_02585,DIST_W_02
OUT_02586,DIST_W_01
OUT_02587,DIST_W_02
OUT_02588,DIST_W_02
OUT_02589,DIST_W_02
OUT_02590,DIST_W_01
OUT_02591,DIST_W_03
OUT_02592,DIST_W_03
OUT_02593,DIST_W_02
OUT_02594,DIST_W_03
OUT_02595,DIST_W_02
OUT_02596,DIST_W_01
OUT_02597,DIST_W_03
OUT_02598,DIST_W_02
OUT_02599,DIST_W_01
OUT_02600,DIST_W_03
OUT_02601,DIST_W_02
OUT_02602,DIST_W_02
OUT_02603,DIST_W_02
OUT_02604,DIST_W_02
OUT_02605,DIST_W_01
OUT_02606,DIST_W_01
OUT_02607,DIST_W_01
OUT_02608,DIST_W_03
OUT_02609,DIST_W_01
OUT_02610,DIST_W_03
OUT_02611,DIST_W_01
OUT_02612,DIST_W_01
OUT_02613,DIST_W_01
OUT_02614,DIST_W_02
OUT_02615,DIST_W_03
OUT_02616,DIST_W_01
OUT_02617,DIST_W_01
OUT_02618,DIST_W_02
OUT_02619,DIST_W_01
OUT_02620,DIST_W_01
OUT_02621,DIST_W_01
OUT_02622,DIST_W_02
OUT_02623,DIST_W_01
OUT_02624,DIST_W_01
OUT_02625,DIST_W_01
OUT_02626,DIST_W_01
OUT_02627,DIST_W_02
OUT_02628,DIST_W_03
OUT_02629,DIST_W_01
OUT_02630,DIST_W_02
OUT_02631,DIST_W_01
OUT_02632,DIST_W_01
OUT_02633,DIST_W_03
OUT_02634,DIST_W_01
OUT_02635,DIST_W_03
OUT_02636,DIST_W_01
OUT_02637,DIST_W_03
OUT_02638,DIST_W_01
OUT_02639,DIST_W_01
OUT_02640,DIST_W_02
OUT_02641,DIST_W_03
OUT_02642,DIST_W_03
OUT_02643,DIST_W_03
OUT_02644,DIST_W_01
OUT_02645,DIST_W_03
OUT_02646,DIST_W_03
OUT_02647,DIST_W_01
OUT_02648,DIST_W_02
OUT_02649,DIST_W_03
OUT_02650,DIST_W_01
OUT_02651,DIST_W_02
OUT_02652,DIST_W_02
OUT_02653,DIST_W_02
OUT_02654,DIST_W_01
OUT_02655,DIST_W_03
OUT_02656,DIST_W_02
OUT_02657,DIST_W_01
OUT_02658,DIST_W_02
OUT_02659,DIST_W_01
OUT_02660,DIST_W_02
OUT_02661,DIST_W_01
OUT_02662,DIST_W_03
OUT_02663,DIST_W_02
OUT_02664,DIST_W_02
OUT_02665,DIST_W_03
OUT_02666,DIST_W_02
OUT_02667,DIST_W_01
OUT_02668,DIST_W_02
OUT_02669,DIST_W_03
OUT_02670,DIST_W_03
OUT_02671,DIST_W_02
OUT_02672,DIST_W_03
OUT_02673,DIST_W_02
OUT_02674,DIST_W_02
OUT_02675,DIST_W_02
OUT_02676,DIST_W_02
OUT_02677,DIST_W_02
OUT_02678,DIST_W_03
OUT_02679,DIST_W_01
OUT_02680,DIST_W_03
OUT_02681,DIST_W_02
OUT_02682,DIST_W_02
OUT_02683,DIST_W_01
OUT_02684,DIST_W_01
OUT_02685,DIST_W_03
OUT_02686,DIST_W_03
OUT_02687,DIST_W_02
OUT_02688,DIST_W_01
OUT_02689,DIST_W_02
OUT_02690,DIST_W_01
OUT_02691,DIST_W_03
OUT_02692,DIST_W_02
OUT_02693,DIST_W_01
OUT_02694,DIST_W_01
OUT_02695,DIST_W_02
OUT_02696,DIST_W_01
OUT_02697,DIST_W_03
OUT_02698,DIST_W_01
OUT_02699,DIST_W_01
OUT_02700,DIST_W_01
OUT_02701,DIST_W_01
OUT_02702,DIST_W_03
OUT_02703,DIST_W_01
OUT_02704,DIST_W_01
OUT_02705,DIST_W_02
OUT_02706,DIST_W_02
OUT_02707,DIST_W_02
OUT_02708,DIST_W_01
OUT_02709,DIST_W_01
OUT_02710,DIST_W_01
OUT_02711,DIST_W_01
OUT_02712,DIST_W_03
OUT_02713,DIST_W_02
OUT_02714,DIST_W_02
OUT_02715,DIST_W_03
OUT_02716,DIST_W_01
OUT_02717,DIST_W_01
OUT_02718,DIST_W_03
OUT_02719,DIST_W_02
OUT_02720,DIST_W_01
OUT_02721,DIST_W_02
OUT_02722,DIST_W_02
OUT_02723,DIST_W_03
OUT_02724,DIST_W_01
OUT_02725,DIST_W_03
OUT_02726,DIST_W_01
OUT_02727,DIST_W_02
OUT_02728,DIST_W_02
OUT_02729,DIST_W_02
OUT_02730,DIST_W_03
OUT_02731,DIST_W_03
OUT_02732,DIST_W_03
OUT_02733,DIST_W_03
OUT_02734,DIST_W_02
OUT_02735,DIST_W_03
OUT_02736,DIST_W_02
OUT_02737,DIST_W_02
OUT_02738,DIST_W_01
OUT_02739,DIST_W_03
OUT_02740,DIST_W_01
OUT_02741,DIST_W_03
OUT_02742,DIST_W_02
OUT_02743,DIST_W_03
OUT_02744,DIST_W_03
OUT_02745,DIST_W_01
OUT_02746,DIST_W_02
OUT_02747,DIST_W_01
OUT_02748,DIST_W_01
OUT_02749,DIST_W_01
OUT_02750,DIST_W_03
OUT_02751,DIST_W_03
OUT_02752,DIST_W_01
OUT_02753,DIST_W_03
OUT_02754,DIST_W_01
OUT_02755,DIST_W_02
OUT_02756,DIST_W_02
OUT_02757,DIST_W_01
OUT_02758,DIST_W_02
OUT_02759,DIST_W_02
OUT_02760,DIST_W_02
OUT_02761,DIST_W_01
OUT_02762,DIST_W_02
OUT_02763,DIST_W_03
OUT_02764,DIST_W_02
OUT_02765,DIST_W_01
OUT_02766,DIST_W_01
OUT_02767,DIST_W_03
OUT_02768,DIST_W_01
OUT_02769,DIST_W_01
OUT_02770,DIST_W_02
OUT_02771,DIST_W_02
OUT_02772,DIST_W_03
OUT_02773,DIST_W_02
OUT_02774,DIST_W_03
OUT_02775,DIST_W_01
OUT_02776,DIST_W_02
OUT_02777,DIST_W_02
OUT_02778,DIST_W_01
OUT_02779,DIST_W_03
OUT_02780,DIST_W_03
OUT_02781,DIST_W_01
OUT_02782,DIST_W_02
OUT_02783,DIST_W_01
OUT_02784,DIST_W_01
OUT_02785,DIST_W_03
OUT_02786,DIST_W_01
OUT_02787,DIST_W_02
OUT_02788,DIST_W_03
OUT_02789,DIST_W_01
OUT_02790,DIST_W_02
OUT_02791,DIST_W_01
OUT_02792,DIST_W_01
OUT_02793,DIST_W_02
OUT_02794,DIST_W_01
OUT_02795,DIST_W_02
OUT_02796,DIST_W_03
OUT_02797,DIST_W_02
OUT_02798,DIST_W_02
OUT_02799,DIST_W_02
OUT_02800,DIST_W_01
OUT_02801,DIST_W_03
OUT_02802,DIST_W_03
OUT_02803,DIST_W_01
OUT_02804,DIST_W_01
OUT_02805,DIST_W_03
OUT_02806,DIST_W_02
OUT_02807,DIST_W_01
OUT_02808,DIST_W_01
OUT_02809,DIST_W_02
OUT_02810,DIST_W_02
OUT_02811,DIST_W_02
OUT_02812,DIST_W_03
OUT_02813,DIST_W_01
OUT_02814,DIST_W_03
OUT_02815,DIST_W_02
OUT_02816,DIST_W_02
OUT_02817,DIST_W_03
OUT_02818,DIST_W_03
OUT_02819,DIST_W_03
OUT_02820,DIST_W_03
OUT_02821,DIST_W_02
OUT_02822,DIST_W_02
OUT_02823,DIST_W_02
OUT_02824,DIST_W_01
OUT_02825,DIST_W_01
OUT_02826,DIST_W_02
OUT_02827,DIST_W_02
OUT_02828,DIST_W_03
OUT_02829,DIST_W_02
OUT_02830,DIST_W_03
OUT_02831,DIST_W_01
OUT_02832,DIST_W_02
OUT_02833,DIST_W_02
OUT_02834,DIST_W_02
OUT_02835,DIST_W_01
OUT_02836,DIST_W_03
OUT_02837,DIST_W_01
OUT_02838,DIST_W_02
OUT_02839,DIST_W_03
OUT_02840,DIST_W_02
OUT_02841,DIST_W_03
OUT_02842,DIST_W_01
OUT_02843,DIST_W_01
OUT_02844,DIST_W_02
OUT_02845,DIST_W_02
OUT_02846,DIST_W_02
OUT_02847,DIST_W_03
OUT_02848,DIST_W_03
OUT_02849,DIST_W_03
OUT_02850,DIST_W_01
OUT_02851,DIST_W_03
OUT_02852,DIST_W_03
OUT_02853,DIST_W_01
OUT_02854,DIST_W_03
OUT_02855,DIST_W_03
OUT_02856,DIST_W_01
OUT_02857,DIST_W_01
OUT_02858,DIST_W_03
OUT_02859,DIST_W_02
OUT_02860,DIST_W_02
OUT_02861,DIST_W_03
OUT_02862,DIST_W_01
OUT_02863,DIST_W_01
OUT_02864,DIST_W_03
OUT_02865,DIST_W_01
OUT_02866,DIST_W_01
OUT_02867,DIST_W_03
OUT_02868,DIST_W_01
OUT_02869,DIST_W_03
OUT_02870,DIST_W_01
OUT_02871,DIST_W_03
OUT_02872,DIST_W_02
OUT_02873,DIST_W_01
OUT_02874,DIST_W_02
OUT_02875,DIST_W_01
OUT_02876,DIST_W_03
OUT_02877,DIST_W_03
OUT_02878,DIST_W_03
OUT_02879,DIST_W_02
OUT_02880,DIST_W_02
OUT_02881,DIST_W_02
OUT_02882,DIST_W_02
OUT_02883,DIST_W_03
OUT_02884,DIST_W_02
OUT_02885,DIST_W_03
OUT_02886,DIST_W_02
OUT_02887,DIST_W_01
OUT_02888,DIST_W_01
OUT_02889,DIST_W_03
OUT_02890,DIST_W_03
OUT_02891,DIST_W_02
OUT_02892,DIST_W_03
OUT_02893,DIST_W_02
OUT_02894,DIST_W_01
OUT_02895,DIST_W_01
OUT_02896,DIST_W_03
OUT_02897,DIST_W_01
OUT_02898,DIST_W_01
OUT_02899,DIST_W_03
OUT_02900,DIST_W_03
OUT_02901,DIST_W_01
OUT_02902,DIST_W_02
OUT_02903,DIST_W_02
OUT_02904,DIST_W_01
OUT_02905,DIST_W_02
OUT_02906,DIST_W_01
OUT_02907,DIST_W_02
OUT_02908,DIST_W_02
OUT_02909,DIST_W_03
OUT_02910,DIST_W_02
OUT_02911,DIST_W_02
OUT_02912,DIST_W_03
OUT_02913,DIST_W_02
OUT_02914,DIST_W_01
OUT_02915,DIST_W_03
OUT_02916,DIST_W_01
OUT_02917,DIST_W_01
OUT_02918,DIST_W_03
OUT_02919,DIST_W_01
OUT_02920,DIST_W_01
OUT_02921,DIST_W_02
OUT_02922,DIST_W_02
OUT_02923,DIST_W_02
OUT_02924,DIST_W_01
OUT_02925,DIST_W_01
OUT_02926,DIST_W_02
OUT_02927,DIST_W_03
OUT_02928,DIST_W_03
OUT_02929,DIST_W_02
OUT_02930,DIST_W_01
OUT_02931,DIST_W_02
OUT_02932,DIST_W_02
OUT_02933,DIST_W_02
OUT_02934,DIST_W_01
OUT_02935,DIST_W_01
OUT_02936,DIST_W_03
OUT_02937,DIST_W_02
OUT_02938,DIST_W_01
OUT_02939,DIST_W_03
OUT_02940,DIST_W_02
OUT_02941,DIST_W_03
OUT_02942,DIST_W_01
OUT_02943,DIST_W_01
OUT_02944,DIST_W_03
OUT_02945,DIST_W_03
OUT_02946,DIST_W_03
OUT_02947,DIST_W_01
OUT_02948,DIST_W_03
OUT_02949,DIST_W_03
OUT_02950,DIST_W_01
OUT_02951,DIST_W_03
OUT_02952,DIST_W_01
OUT_02953,DIST_W_02
OUT_02954,DIST_W_02
OUT_02955,DIST_W_03
OUT_02956,DIST_W_02
OUT_02957,DIST_W_01
OUT_02958,DIST_W_02
OUT_02959,DIST_W_01
OUT_02960,DIST_W_02
OUT_02961,DIST_W_02
OUT_02962,DIST_W_03
OUT_02963,DIST_W_01
OUT_02964,DIST_W_02
OUT_02965,DIST_W_03
OUT_02966,DIST_W_02
OUT_02967,DIST_W_03
OUT_02968,DIST_W_03
OUT_02969,DIST_W_02
OUT_02970,DIST_W_01
OUT_02971,DIST_W_03
OUT_02972,DIST_W_03
OUT_02973,DIST_W_01
OUT_02974,DIST_W_01
OUT_02975,DIST_W_03
OUT_02976,DIST_W_01
OUT_02977,DIST_W_03
OUT_02978,DIST_W_02
OUT_02979,DIST_W_02
OUT_02980,DIST_W_02
OUT_02981,DIST_W_02
OUT_02982,DIST_W_01
OUT_02983,DIST_W_02
OUT_02984,DIST_W_03
OUT_02985,DIST_W_02
OUT_02986,DIST_W_03
OUT_02987,DIST_W_01
OUT_02988,DIST_W_01
OUT_02989,DIST_W_03
OUT_02990,DIST_W_01
OUT_02991,DIST_W_03
OUT_02992,DIST_W_01
OUT_02993,DIST_W_02
OUT_02994,DIST_W_01
OUT_02995,DIST_W_03
OUT_02996,DIST_W_01
OUT_02997,DIST_W_01
OUT_02998,DIST_W_01
OUT_02999,DIST_W_02
OUT_03000,DIST_W_02
OUT_03001,DIST_W_01
OUT_03002,DIST_W_03
OUT_03003,DIST_W_02
OUT_03004,DIST_W_02
OUT_03005,DIST_W_01
OUT_03006,DIST_W_03
OUT_03007,DIST_W_02
OUT_03008,DIST_W_03
OUT_03009,DIST_W_02
OUT_03010,DIST_W_03
OUT_03011,DIST_W_01
OUT_03012,DIST_W_02
OUT_03013,DIST_W_01
OUT_03014,DIST_W_03
OUT_03015,DIST_W_03
OUT_03016,DIST_W_01
OUT_03017,DIST_W_02
OUT_03018,DIST_W_01
OUT_03019,DIST_W_03
OUT_03020,DIST_W_03
OUT_03021,DIST_W_03
OUT_03022,DIST_W_01
OUT_03023,DIST_W_03
OUT_03024,DIST_W_01
OUT_03025,DIST_W_02
OUT_03026,DIST_W_03
OUT_03027,DIST_W_01
OUT_03028,DIST_W_03
OUT_03029,DIST_W_03
OUT_03030,DIST_W_03
OUT_03031,DIST_W_01
OUT_03032,DIST_W_03
OUT_03033,DIST_W_02
OUT_03034,DIST_W_02
OUT_03035,DIST_W_02
OUT_03036,DIST_W_03
OUT_03037,DIST_W_03
OUT_03038,DIST_W_02
OUT_03039,DIST_W_03
OUT_03040,DIST_W_02
OUT_03041,DIST_W_01
OUT_03042,DIST_W_02
OUT_03043,DIST_W_03
OUT_03044,DIST_W_02
OUT_03045,DIST_W_03
OUT_03046,DIST_W_02
OUT_03047,DIST_W_02
OUT_03048,DIST_W_02
OUT_03049,DIST_W_03
OUT_03050,DIST_W_02
OUT_03051,DIST_W_02
OUT_03052,DIST_W_03
OUT_03053,DIST_W_01
OUT_03054,DIST_W_02
OUT_03055,DIST_W_01
OUT_03056,DIST_W_02
OUT_03057,DIST_W_01
OUT_03058,DIST_W_03
OUT_03059,DIST_W_03
OUT_03060,DIST_W_01
OUT_03061,DIST_W_02
OUT_03062,DIST_W_02
OUT_03063,DIST_W_03
OUT_03064,DIST_W_02
OUT_03065,DIST_W_01
OUT_03066,DIST_W_02
OUT_03067,DIST_W_03
OUT_03068,DIST_W_01
OUT_03069,DIST_W_02
OUT_03070,DIST_W_02
OUT_03071,DIST_W_03
OUT_03072,DIST_W_03
OUT_03073,DIST_W_03
OUT_03074,DIST_W_03
OUT_03075,DIST_W_03
OUT_03076,DIST_W_01
OUT_03077,DIST_W_02
OUT_03078,DIST_W_01
OUT_03079,DIST_W_02
OUT_03080,DIST_W_02
OUT_03081,DIST_W_02
OUT_03082,DIST_W_01
OUT_03083,DIST_W_01
OUT_03084,DIST_W_01
OUT_03085,DIST_W_01
OUT_03086,DIST_W_03
OUT_03087,DIST_W_02
OUT_03088,DIST_W_02
OUT_03089,DIST_W_03
OUT_03090,DIST_W_01
OUT_03091,DIST_W_02
OUT_03092,DIST_W_02
OUT_03093,DIST_W_02
OUT_03094,DIST_W_01
OUT_03095,DIST_W_01
OUT_03096,DIST_W_01
OUT_03097,DIST_W_02
OUT_03098,DIST_W_01
OUT_03099,DIST_W_03
OUT_03100,DIST_W_01
OUT_03101,DIST_W_03
OUT_03102,DIST_W_03
OUT_03103,DIST_W_03
OUT_03104,DIST_W_01
OUT_03105,DIST_W_01
OUT_03106,DIST_W_02
OUT_03107,DIST_W_02
OUT_03108,DIST_W_02
OUT_03109,DIST_W_01
OUT_03110,DIST_W_01
OUT_03111,DIST_W_03
OUT_03112,DIST_W_02
OUT_03113,DIST_W_02
OUT_03114,DIST_W_01
OUT_03115,DIST_W_01
OUT_03116,DIST_W_03
OUT_03117,DIST_W_03
OUT_03118,DIST_W_01
OUT_03119,DIST_W_02
OUT_03120,DIST_W_01
OUT_03121,DIST_W_02
OUT_03122,DIST_W_03
OUT_03123,DIST_W_03
OUT_03124,DIST_W_01
OUT_03125,DIST_W_03
OUT_03126,DIST_W_02
OUT_03127,DIST_W_03
OUT_03128,DIST_W_03
OUT_03129,DIST_W_01
OUT_03130,DIST_W_01
OUT_03131,DIST_W_01
OUT_03132,DIST_W_01
OUT_03133,DIST_W_02
OUT_03134,DIST_W_01
OUT_03135,DIST_W_01
OUT_03136,DIST_W_01
OUT_03137,DIST_W_03
OUT_03138,DIST_W_02
OUT_03139,DIST_W_01
OUT_03140,DIST_W_02
OUT_03141,DIST_W_01
OUT_03142,DIST_W_01
OUT_03143,DIST_W_01
OUT_03144,DIST_W_02
OUT_03145,DIST_W_01
OUT_03146,DIST_W_02
OUT_03147,DIST_W_01
OUT_03148,DIST_W_01
OUT_03149,DIST_W_01
OUT_03150,DIST_W_03
OUT_03151,DIST_W_03
OUT_03152,DIST_W_03
OUT_03153,DIST_W_03
OUT_03154,DIST_W_01
OUT_03155,DIST_W_01
OUT_03156,DIST_W_02
OUT_03157,DIST_W_01
OUT_03158,DIST_W_02
OUT_03159,DIST_W_03
OUT_03160,DIST_W_02
OUT_03161,DIST_W_01
OUT_03162,DIST_W_03
OUT_03163,DIST_W_03
OUT_03164,DIST_W_03
OUT_03165,DIST_W_03
OUT_03166,DIST_W_03
OUT_03167,DIST_W_03
OUT_03168,DIST_W_03
OUT_03169,DIST_W_01
OUT_03170,DIST_W_01
OUT_03171,DIST_W_01
OUT_03172,DIST_W_03
OUT_03173,DIST_W_03
OUT_03174,DIST_W_02
OUT_03175,DIST_W_03
OUT_03176,DIST_W_02
OUT_03177,DIST_W_02
OUT_03178,DIST_W_01
OUT_03179,DIST_W_01
OUT_03180,DIST_W_02
OUT_03181,DIST_W_03
OUT_03182,DIST_W_02
OUT_03183,DIST_W_03
OUT_03184,DIST_W_01
OUT_03185,DIST_W_01
OUT_03186,DIST_W_02
OUT_03187,DIST_W_03
OUT_03188,DIST_W_02
OUT_03189,DIST_W_01
OUT_03190,DIST_W_02
OUT_03191,DIST_W_03
OUT_03192,DIST_W_01
OUT_03193,DIST_W_01
OUT_03194,DIST_W_03
OUT_03195,DIST_W_02
OUT_03196,DIST_W_02
OUT_03197,DIST_W_02
OUT_03198,DIST_W_02
OUT_03199,DIST_W_01
OUT_03200,DIST_W_01
OUT_03201,DIST_W_02
OUT_03202,DIST_W_03
OUT_03203,DIST_W_03
OUT_03204,DIST_W_01
OUT_03205,DIST_W_02
OUT_03206,DIST_W_01
OUT_03207,DIST_W_01
OUT_03208,DIST_W_02
OUT_03209,DIST_W_02
OUT_03210,DIST_W_02
OUT_03211,DIST_W_02
OUT_03212,DIST_W_02
OUT_03213,DIST_W_01
OUT_03214,DIST_W_01
OUT_03215,DIST_W_02
OUT_03216,DIST_W_03
OUT_03217,DIST_W_03
OUT_03218,DIST_W_03
OUT_03219,DIST_W_01
OUT_03220,DIST_W_01
OUT_03221,DIST_W_02
OUT_03222,DIST_W_03
OUT_03223,DIST_W_03
OUT_03224,DIST_W_02
OUT_03225,DIST_W_03
OUT_03226,DIST_W_03
OUT_03227,DIST_W_02
OUT_03228,DIST_W_01
OUT_03229,DIST_W_02
OUT_03230,DIST_W_02
OUT_03231,DIST_W_02
OUT_03232,DIST_W_02
OUT_03233,DIST_W_02
OUT_03234,DIST_W_01
OUT_03235,DIST_W_02
OUT_03236,DIST_W_02
OUT_03237,DIST_W_03
OUT_03238,DIST_W_02
OUT_03239,DIST_W_01
OUT_03240,DIST_W_01
OUT_03241,DIST_W_01
OUT_03242,DIST_W_01
OUT_03243,DIST_W_02
OUT_03244,DIST_W_01
OUT_03245,DIST_W_02
OUT_03246,DIST_W_03
OUT_03247,DIST_W_03
OUT_03248,DIST_W_03
OUT_03249,DIST_W_02
OUT_03250,DIST_W_01
OUT_03251,DIST_W_03
OUT_03252,DIST_W_03
OUT_03253,DIST_W_01
OUT_03254,DIST_W_03
OUT_03255,DIST_W_03
OUT_03256,DIST_W_03
OUT_03257,DIST_W_01
OUT_03258,DIST_W_01
OUT_03259,DIST_W_02
OUT_03260,DIST_W_01
OUT_03261,DIST_W_02
OUT_03262,DIST_W_02
OUT_03263,DIST_W_02
OUT_03264,DIST_W_01
OUT_03265,DIST_W_01
OUT_03266,DIST_W_01
OUT_03267,DIST_W_01
OUT_03268,DIST_W_03
OUT_03269,DIST_W_03
OUT_03270,DIST_W_01
OUT_03271,DIST_W_01
OUT_03272,DIST_W_01
OUT_03273,DIST_W_03
OUT_03274,DIST_W_01
OUT_03275,DIST_W_02
OUT_03276,DIST_W_02
OUT_03277,DIST_W_02
OUT_03278,DIST_W_02
OUT_03279,DIST_W_02
OUT_03280,DIST_W_03
OUT_03281,DIST_W_01
OUT_03282,DIST_W_02
OUT_03283,DIST_W_01
OUT_03284,DIST_W_02
OUT_03285,DIST_W_03
OUT_03286,DIST_W_02
OUT_03287,DIST_W_02
OUT_03288,DIST_W_02
OUT_03289,DIST_W_02
OUT_03290,DIST_W_03
OUT_03291,DIST_W_02
OUT_03292,DIST_W_01
OUT_03293,DIST_W_02
OUT_03294,DIST_W_02
OUT_03295,DIST_W_01
OUT_03296,DIST_W_03
OUT_03297,DIST_W_03
OUT_03298,DIST_W_02
OUT_03299,DIST_W_01
OUT_03300,DIST_W_01
OUT_03301,DIST_W_02
OUT_03302,DIST_W_03
OUT_03303,DIST_W_01
OUT_03304,DIST_W_02
OUT_03305,DIST_W_01
OUT_03306,DIST_W_03
OUT_03307,DIST_W_01
OUT_03308,DIST_W_02
OUT_03309,DIST_W_02
OUT_03310,DIST_W_03
OUT_03311,DIST_W_02
OUT_03312,DIST_W_02
OUT_03313,DIST_W_02
OUT_03314,DIST_W_03
OUT_03315,DIST_W_01
OUT_03316,DIST_W_02
OUT_03317,DIST_W_02
OUT_03318,DIST_W_02
OUT_03319,DIST_W_03
OUT_03320,DIST_W_01
OUT_03321,DIST_W_03
OUT_03322,DIST_W_02
OUT_03323,DIST_W_01
OUT_03324,DIST_W_03
OUT_03325,DIST_W_02
OUT_03326,DIST_W_03
OUT_03327,DIST_W_01
OUT_03328,DIST_W_03
OUT_03329,DIST_W_02
OUT_03330,DIST_W_02
OUT_03331,DIST_W_02
OUT_03332,DIST_W_01
OUT_03333,DIST_W_01
OUT_03334,DIST_W_01
OUT_03335,DIST_W_01
OUT_03336,DIST_W_03
OUT_03337,DIST_W_02
OUT_03338,DIST_W_01
OUT_03339,DIST_W_01
OUT_03340,DIST_W_01
OUT_03341,DIST_W_01
OUT_03342,DIST_W_02
OUT_03343,DIST_W_01
OUT_03344,DIST_W_02
OUT_03345,DIST_W_01
OUT_03346,DIST_W_03
OUT_03347,DIST_W_01
OUT_03348,DIST_W_02
OUT_03349,DIST_W_03
OUT_03350,DIST_W_02
OUT_03351,DIST_W_03
OUT_03352,DIST_W_03
OUT_03353,DIST_W_03
OUT_03354,DIST_W_01
OUT_03355,DIST_W_02
OUT_03356,DIST_W_01
OUT_03357,DIST_W_01
OUT_03358,DIST_W_02
OUT_03359,DIST_W_02
OUT_03360,DIST_W_02
OUT_03361,DIST_W_03
OUT_03362,DIST_W_02
OUT_03363,DIST_W_01
OUT_03364,DIST_W_01
OUT_03365,DIST_W_03
OUT_03366,DIST_W_01
OUT_03367,DIST_W_03
OUT_03368,DIST_W_02
OUT_03369,DIST_W_02
OUT_03370,DIST_W_02
OUT_03371,DIST_W_03
OUT_03372,DIST_W_02
OUT_03373,DIST_W_03
OUT_03374,DIST_W_02
OUT_03375,DIST_W_01
OUT_03376,DIST_W_03
OUT_03377,DIST_W_01
OUT_03378,DIST_W_01
OUT_03379,DIST_W_02
OUT_03380,DIST_W_02
OUT_03381,DIST_W_02
OUT_03382,DIST_W_02
OUT_03383,DIST_W_03
OUT_03384,DIST_W_01
OUT_03385,DIST_W_01
OUT_03386,DIST_W_02
OUT_03387,DIST_W_01
OUT_03388,DIST_W_01
OUT_03389,DIST_W_02
OUT_03390,DIST_W_03
OUT_03391,DIST_W_03
OUT_03392,DIST_W_02
OUT_03393,DIST_W_01
OUT_03394,DIST_W_02
OUT_03395,DIST_W_03
OUT_03396,DIST_W_01
OUT_03397,DIST_W_03
OUT_03398,DIST_W_03
OUT_03399,DIST_W_03
OUT_03400,DIST_W_03
OUT_03401,DIST_W_03
OUT_03402,DIST_W_03
OUT_03403,DIST_W_03
OUT_03404,DIST_W_01
OUT_03405,DIST_W_02
OUT_03406,DIST_W_03
OUT_03407,DIST_W_03
OUT_03408,DIST_W_03
OUT_03409,DIST_W_01
OUT_03410,DIST_W_03
OUT_03411,DIST_W_03
OUT_03412,DIST_W_03
OUT_03413,DIST_W_02
OUT_03414,DIST_W_02
OUT_03415,DIST_W_03
OUT_03416,DIST_W_01
OUT_03417,DIST_W_03
OUT_03418,DIST_W_03
OUT_03419,DIST_W_01
OUT_03420,DIST_W_03
OUT_03421,DIST_W_03
OUT_03422,DIST_W_01
OUT_03423,DIST_W_02
OUT_03424,DIST_W_01
OUT_03425,DIST_W_02
OUT_03426,DIST_W_02
OUT_03427,DIST_W_02
OUT_03428,DIST_W_01
OUT_03429,DIST_W_01
OUT_03430,DIST_W_01
OUT_03431,DIST_W_01
OUT_03432,DIST_W_01
OUT_03433,DIST_W_01
OUT_03434,DIST_W_01
OUT_03435,DIST_W_01
OUT_03436,DIST_W_01
OUT_03437,DIST_W_02
OUT_03438,DIST_W_03
OUT_03439,DIST_W_02
OUT_03440,DIST_W_03
OUT_03441,DIST_W_03
OUT_03442,DIST_W_02
OUT_03443,DIST_W_03
OUT_03444,DIST_W_03
OUT_03445,DIST_W_01
OUT_03446,DIST_W_02
OUT_03447,DIST_W_02
OUT_03448,DIST_W_02
OUT_03449,DIST_W_03
OUT_03450,DIST_W_02
OUT_03451,DIST_W_03
OUT_03452,DIST_W_03
OUT_03453,DIST_W_03
OUT_03454,DIST_W_03
OUT_03455,DIST_W_02
OUT_03456,DIST_W_01
OUT_03457,DIST_W_01
OUT_03458,DIST_W_03
OUT_03459,DIST_W_02
OUT_03460,DIST_W_03
OUT_03461,DIST_W_03
OUT_03462,DIST_W_01
OUT_03463,DIST_W_03
OUT_03464,DIST_W_03
OUT_03465,DIST_W_02
OUT_03466,DIST_W_03
OUT_03467,DIST_W_03
OUT_03468,DIST_W_03
OUT_03469,DIST_W_02
OUT_03470,DIST_W_02
OUT_03471,DIST_W_02
OUT_03472,DIST_W_02
OUT_03473,DIST_W_01
OUT_03474,DIST_W_02
OUT_03475,DIST_W_02
OUT_03476,DIST_W_01
OUT_03477,DIST_W_02
OUT_03478,DIST_W_02
OUT_03479,DIST_W_01
OUT_03480,DIST_W_01
OUT_03481,DIST_W_03
OUT_03482,DIST_W_02
OUT_03483,DIST_W_02
OUT_03484,DIST_W_03
OUT_03485,DIST_W_03
OUT_03486,DIST_W_02
OUT_03487,DIST_W_02
OUT_03488,DIST_W_03
OUT_03489,DIST_W_03
OUT_03490,DIST_W_02
OUT_03491,DIST_W_02
OUT_03492,DIST_W_03
OUT_03493,DIST_W_01
OUT_03494,DIST_W_02
OUT_03495,DIST_W_02
OUT_03496,DIST_W_01
OUT_03497,DIST_W_02
OUT_03498,DIST_W_03
OUT_03499,DIST_W_02
OUT_03500,DIST_W_03
OUT_03501,DIST_W_02
OUT_03502,DIST_W_01
OUT_03503,DIST_W_02
OUT_03504,DIST_W_03
OUT_03505,DIST_W_01
OUT_03506,DIST_W_02
OUT_03507,DIST_W_01
OUT_03508,DIST_W_02
OUT_03509,DIST_W_03
OUT_03510,DIST_W_03
OUT_03511,DIST_W_02
OUT_03512,DIST_W_03
OUT_03513,DIST_W_01
OUT_03514,DIST_W_02
OUT_03515,DIST_W_02
OUT_03516,DIST_W_03
OUT_03517,DIST_W_01
OUT_03518,DIST_W_02
OUT_03519,DIST_W_02
OUT_03520,DIST_W_02
OUT_03521,DIST_W_02
OUT_03522,DIST_W_02
OUT_03523,DIST_W_01
OUT_03524,DIST_W_03
OUT_03525,DIST_W_01
OUT_03526,DIST_W_01
OUT_03527,DIST_W_03
OUT_03528,DIST_W_01
OUT_03529,DIST_W_02
OUT_03530,DIST_W_03
OUT_03531,DIST_W_01
OUT_03532,DIST_W_02
OUT_03533,DIST_W_03
OUT_03534,DIST_W_02
OUT_03535,DIST_W_01
OUT_03536,DIST_W_02
OUT_03537,DIST_W_01
OUT_03538,DIST_W_01
OUT_03539,DIST_W_01
OUT_03540,DIST_W_01
OUT_03541,DIST_W_01
OUT_03542,DIST_W_01
OUT_03543,DIST_W_03
OUT_03544,DIST_W_02
OUT_03545,DIST_W_02
OUT_03546,DIST_W_01
OUT_03547,DIST_W_01
OUT_03548,DIST_W_02
OUT_03549,DIST_W_02
OUT_03550,DIST_W_01
OUT_03551,DIST_W_01
OUT_03552,DIST_W_01
OUT_03553,DIST_W_02
OUT_03554,DIST_W_03
OUT_03555,DIST_W_02
OUT_03556,DIST_W_03
OUT_03557,DIST_W_02
OUT_03558,DIST_W_03
OUT_03559,DIST_W_03
OUT_03560,DIST_W_03
OUT_03561,DIST_W_01
OUT_03562,DIST_W_01
OUT_03563,DIST_W_01
OUT_03564,DIST_W_03
OUT_03565,DIST_W_02
OUT_03566,DIST_W_01
OUT_03567,DIST_W_01
OUT_03568,DIST_W_01
OUT_03569,DIST_W_01
OUT_03570,DIST_W_02
OUT_03571,DIST_W_01
OUT_03572,DIST_W_03
OUT_03573,DIST_W_01
OUT_03574,DIST_W_02
OUT_03575,DIST_W_02
OUT_03576,DIST_W_03
OUT_03577,DIST_W_02
OUT_03578,DIST_W_02
OUT_03579,DIST_W_02
OUT_03580,DIST_W_01
OUT_03581,DIST_W_02
OUT_03582,DIST_W_03
OUT_03583,DIST_W_01
OUT_03584,DIST_W_03
OUT_03585,DIST_W_02
OUT_03586,DIST_W_03
OUT_03587,DIST_W_02
OUT_03588,DIST_W_02
OUT_03589,DIST_W_02
OUT_03590,DIST_W_01
OUT_03591,DIST_W_02
OUT_03592,DIST_W_02
OUT_03593,DIST_W_02
OUT_03594,DIST_W_03
OUT_03595,DIST_W_03
OUT_03596,DIST_W_02
OUT_03597,DIST_W_01
OUT_03598,DIST_W_02
OUT_03599,DIST_W_02
OUT_03600,DIST_W_01
OUT_03601,DIST_W_03
OUT_03602,DIST_W_03
OUT_03603,DIST_W_02
OUT_03604,DIST_W_01
OUT_03605,DIST_W_01
OUT_03606,DIST_W_01
OUT_03607,DIST_W_01
OUT_03608,DIST_W_01
OUT_03609,DIST_W_01
OUT_03610,DIST_W_02
OUT_03611,DIST_W_03
OUT_03612,DIST_W_03
OUT_03613,DIST_W_02
OUT_03614,DIST_W_01
OUT_03615,DIST_W_01
OUT_03616,DIST_W_03
OUT_03617,DIST_W_01
OUT_03618,DIST_W_01
OUT_03619,DIST_W_02
OUT_03620,DIST_W_01
OUT_03621,DIST_W_03
OUT_03622,DIST_W_03
OUT_03623,DIST_W_02
OUT_03624,DIST_W_02
OUT_03625,DIST_W_02
OUT_03626,DIST_W_02
OUT_03627,DIST_W_02
OUT_03628,DIST_W_03
OUT_03629,DIST_W_02
OUT_03630,DIST_W_02
OUT_03631,DIST_W_02
OUT_03632,DIST_W_02
OUT_03633,DIST_W_02
OUT_03634,DIST_W_03
OUT_03635,DIST_W_01
OUT_03636,DIST_W_01
OUT_03637,DIST_W_03
OUT_03638,DIST_W_01
OUT_03639,DIST_W_03
OUT_03640,DIST_W_02
OUT_03641,DIST_W_02
OUT_03642,DIST_W_01
OUT_03643,DIST_W_03
OUT_03644,DIST_W_01
OUT_03645,DIST_W_02
OUT_03646,DIST_W_02
OUT_03647,DIST_W_02
OUT_03648,DIST_W_02
OUT_03649,DIST_W_02
OUT_03650,DIST_W_03
OUT_03651,DIST_W_02
OUT_03652,DIST_W_02
OUT_03653,DIST_W_01
OUT_03654,DIST_W_03
OUT_03655,DIST_W_03
OUT_03656,DIST_W_03
OUT_03657,DIST_W_01
OUT_03658,DIST_W_01
OUT_03659,DIST_W_01
OUT_03660,DIST_W_02
OUT_03661,DIST_W_03
OUT_03662,DIST_W_01
OUT_03663,DIST_W_03
OUT_03664,DIST_W_03
OUT_03665,DIST_W_01
OUT_03666,DIST_W_03
OUT_03667,DIST_W_02
OUT_03668,DIST_W_01
OUT_03669,DIST_W_03
OUT_03670,DIST_W_02
OUT_03671,DIST_W_02
OUT_03672,DIST_W_03
OUT_03673,DIST_W_01
OUT_03674,DIST_W_03
OUT_03675,DIST_W_01
OUT_03676,DIST_W_01
OUT_03677,DIST_W_03
OUT_03678,DIST_W_02
OUT_03679,DIST_W_03
OUT_03680,DIST_W_02
OUT_03681,DIST_W_01
OUT_03682,DIST_W_02
OUT_03683,DIST_W_03
OUT_03684,DIST_W_03
OUT_03685,DIST_W_03
OUT_03686,DIST_W_03
OUT_03687,DIST_W_01
OUT_03688,DIST_W_03
OUT_03689,DIST_W_01
OUT_03690,DIST_W_03
OUT_03691,DIST_W_01
OUT_03692,DIST_W_01
OUT_03693,DIST_W_01
OUT_03694,DIST_W_03
OUT_03695,DIST_W_02
OUT_03696,DIST_W_02
OUT_03697,DIST_W_03
OUT_03698,DIST_W_03
OUT_03699,DIST_W_01
OUT_03700,DIST_W_02
OUT_03701,DIST_W_03
OUT_03702,DIST_W_01
OUT_03703,DIST_W_01
OUT_03704,DIST_W_02
OUT_03705,DIST_W_01
OUT_03706,DIST_W_01
OUT_03707,DIST_W_02
OUT_03708,DIST_W_02
OUT_03709,DIST_W_03
OUT_03710,DIST_W_01
OUT_03711,DIST_W_02
OUT_03712,DIST_W_01
OUT_03713,DIST_W_03
OUT_03714,DIST_W_02
OUT_03715,DIST_W_02
OUT_03716,DIST_W_03
OUT_03717,DIST_W_01
OUT_03718,DIST_W_01
OUT_03719,DIST_W_03
OUT_03720,DIST_W_02
OUT_03721,DIST_W_03
OUT_03722,DIST_W_03
OUT_03723,DIST_W_03
OUT_03724,DIST_W_03
OUT_03725,DIST_W_01
OUT_03726,DIST_W_01
OUT_03727,DIST_W_03
OUT_03728,DIST_W_03
OUT_03729,DIST_W_01
OUT_03730,DIST_W_02
OUT_03731,DIST_W_01
OUT_03732,DIST_W_01
OUT_03733,DIST_W_03
OUT_03734,DIST_W_01
OUT_03735,DIST_W_02
OUT_03736,DIST_W_02
OUT_03737,DIST_W_03
OUT_03738,DIST_W_03
OUT_03739,DIST_W_03
OUT_03740,DIST_W_02
OUT_03741,DIST_W_03
OUT_03742,DIST_W_03
OUT_03743,DIST_W_02
OUT_03744,DIST_W_02
OUT_03745,DIST_W_03
OUT_03746,DIST_W_01
OUT_03747,DIST_W_01
OUT_03748,DIST_W_02
OUT_03749,DIST_W_01
OUT_03750,DIST_W_03
OUT_03751,DIST_W_02
OUT_03752,DIST_W_03
OUT_03753,DIST_W_01
OUT_03754,DIST_W_01
OUT_03755,DIST_W_03
OUT_03756,DIST_W_01
OUT_03757,DIST_W_01
OUT_03758,DIST_W_03
OUT_03759,DIST_W_01
OUT_03760,DIST_W_03
OUT_03761,DIST_W_01
OUT_03762,DIST_W_03
OUT_03763,DIST_W_03
OUT_03764,DIST_W_03
OUT_03765,DIST_W_03
OUT_03766,DIST_W_01
OUT_03767,DIST_W_02
OUT_03768,DIST_W_01
OUT_03769,DIST_W_01
OUT_03770,DIST_W_03
OUT_03771,DIST_W_01
OUT_03772,DIST_W_03
OUT_03773,DIST_W_03
OUT_03774,DIST_W_03
OUT_03775,DIST_W_01
OUT_03776,DIST_W_02
OUT_03777,DIST_W_03
OUT_03778,DIST_W_02
OUT_03779,DIST_W_02
OUT_03780,DIST_W_01
OUT_03781,DIST_W_02
OUT_03782,DIST_W_02
OUT_03783,DIST_W_01
OUT_03784,DIST_W_02
OUT_03785,DIST_W_01
OUT_03786,DIST_W_03
OUT_03787,DIST_W_01
OUT_03788,DIST_W_03
OUT_03789,DIST_W_01
OUT_03790,DIST_W_01
OUT_03791,DIST_W_03
OUT_03792,DIST_W_02
OUT_03793,DIST_W_02
OUT_03794,DIST_W_01
OUT_03795,DIST_W_03
OUT_03796,DIST_W_03
OUT_03797,DIST_W_01
OUT_03798,DIST_W_03
OUT_03799,DIST_W_02
OUT_03800,DIST_W_02
OUT_03801,DIST_W_03
OUT_03802,DIST_W_02
OUT_03803,DIST_W_03
OUT_03804,DIST_W_03
OUT_03805,DIST_W_02
OUT_03806,DIST_W_03
OUT_03807,DIST_W_02
OUT_03808,DIST_W_01
OUT_03809,DIST_W_03
OUT_03810,DIST_W_01
OUT_03811,DIST_W_03
OUT_03812,DIST_W_03
OUT_03813,DIST_W_03
OUT_03814,DIST_W_02
OUT_03815,DIST_W_03
OUT_03816,DIST_W_03
OUT_03817,DIST_W_02
OUT_03818,DIST_W_01
OUT_03819,DIST_W_02
OUT_03820,DIST_W_03
OUT_03821,DIST_W_01
OUT_03822,DIST_W_01
OUT_03823,DIST_W_02
OUT_03824,DIST_W_01
OUT_03825,DIST_W_03
OUT_03826,DIST_W_01
OUT_03827,DIST_W_02
OUT_03828,DIST_W_03
OUT_03829,DIST_W_02
OUT_03830,DIST_W_03
OUT_03831,DIST_W_03
OUT_03832,DIST_W_03
OUT_03833,DIST_W_02
OUT_03834,DIST_W_03
OUT_03835,DIST_W_01
OUT_03836,DIST_W_02
OUT_03837,DIST_W_02
OUT_03838,DIST_W_03
OUT_03839,DIST_W_02
OUT_03840,DIST_W_02
OUT_03841,DIST_W_01
OUT_03842,DIST_W_03
OUT_03843,DIST_W_03
OUT_03844,DIST_W_02
OUT_03845,DIST_W_03
OUT_03846,DIST_W_01
OUT_03847,DIST_W_03
OUT_03848,DIST_W_02
OUT_03849,DIST_W_03
OUT_03850,DIST_W_01
OUT_03851,DIST_W_03
OUT_03852,DIST_W_02
OUT_03853,DIST_W_02
OUT_03854,DIST_W_01
OUT_03855,DIST_W_03
OUT_03856,DIST_W_01
OUT_03857,DIST_W_02
OUT_03858,DIST_W_03
OUT_03859,DIST_W_03
OUT_03860,DIST_W_02
OUT_03861,DIST_W_02
OUT_03862,DIST_W_01
OUT_03863,DIST_W_02
OUT_03864,DIST_W_01
OUT_03865,DIST_W_02
OUT_03866,DIST_W_01
OUT_03867,DIST_W_01
OUT_03868,DIST_W_03
OUT_03869,DIST_W_03
OUT_03870,DIST_W_02
OUT_03871,DIST_W_03
OUT_03872,DIST_W_02
OUT_03873,DIST_W_01
OUT_03874,DIST_W_02
OUT_03875,DIST_W_03
OUT_03876,DIST_W_01
OUT_03877,DIST_W_03
OUT_03878,DIST_W_01
OUT_03879,DIST_W_01
OUT_03880,DIST_W_03
OUT_03881,DIST_W_03
OUT_03882,DIST_W_01
OUT_03883,DIST_W_02
OUT_03884,DIST_W_01
OUT_03885,DIST_W_02
OUT_03886,DIST_W_03
OUT_03887,DIST_W_01
OUT_03888,DIST_W_01
OUT_03889,DIST_W_01
OUT_03890,DIST_W_01
OUT_03891,DIST_W_01
OUT_03892,DIST_W_01
OUT_03893,DIST_W_02
OUT_03894,DIST_W_02
OUT_03895,DIST_W_02
OUT_03896,DIST_W_01
OUT_03897,DIST_W_01
OUT_03898,DIST_W_03
OUT_03899,DIST_W_02
OUT_03900,DIST_W_03
OUT_03901,DIST_W_02
OUT_03902,DIST_W_01
OUT_03903,DIST_W_01
OUT_03904,DIST_W_01
OUT_03905,DIST_W_01
OUT_03906,DIST_W_03
OUT_03907,DIST_W_02
OUT_03908,DIST_W_03
OUT_03909,DIST_W_02
OUT_03910,DIST_W_01
OUT_03911,DIST_W_03
OUT_03912,DIST_W_01
OUT_03913,DIST_W_03
OUT_03914,DIST_W_02
OUT_03915,DIST_W_03
OUT_03916,DIST_W_01
OUT_03917,DIST_W_03
OUT_03918,DIST_W_02
OUT_03919,DIST_W_02
OUT_03920,DIST_W_02
OUT_03921,DIST_W_03
OUT_03922,DIST_W_01
OUT_03923,DIST_W_02
OUT_03924,DIST_W_03
OUT_03925,DIST_W_03
OUT_03926,DIST_W_02
OUT_03927,DIST_W_01
OUT_03928,DIST_W_02
OUT_03929,DIST_W_03
OUT_03930,DIST_W_02
OUT_03931,DIST_W_01
OUT_03932,DIST_W_03
OUT_03933,DIST_W_01
OUT_03934,DIST_W_02
OUT_03935,DIST_W_02
OUT_03936,DIST_W_01
OUT_03937,DIST_W_01
OUT_03938,DIST_W_01
OUT_03939,DIST_W_02
OUT_03940,DIST_W_01
OUT_03941,DIST_W_02
OUT_03942,DIST_W_02
OUT_03943,DIST_W_03
OUT_03944,DIST_W_02
OUT_03945,DIST_W_02
OUT_03946,DIST_W_02
OUT_03947,DIST_W_01
OUT_03948,DIST_W_01
OUT_03949,DIST_W_01
OUT_03950,DIST_W_02
OUT_03951,DIST_W_02
OUT_03952,DIST_W_01
OUT_03953,DIST_W_02
OUT_03954,DIST_W_03
OUT_03955,DIST_W_03
OUT_03956,DIST_W_03
OUT_03957,DIST_W_02
OUT_03958,DIST_W_02
OUT_03959,DIST_W_03
OUT_03960,DIST_W_03
OUT_03961,DIST_W_02
OUT_03962,DIST_W_02
OUT_03963,DIST_W_02
OUT_03964,DIST_W_01
OUT_03965,DIST_W_01
OUT_03966,DIST_W_01
OUT_03967,DIST_W_01
OUT_03968,DIST_W_03
OUT_03969,DIST_W_03
OUT_03970,DIST_W_01
OUT_03971,DIST_W_01
OUT_03972,DIST_W_01
OUT_03973,DIST_W_02
OUT_03974,DIST_W_03
OUT_03975,DIST_W_02
OUT_03976,DIST_W_03
OUT_03977,DIST_W_03
OUT_03978,DIST_W_01
OUT_03979,DIST_W_02
OUT_03980,DIST_W_02
OUT_03981,DIST_W_01
OUT_03982,DIST_W_02
OUT_03983,DIST_W_03
OUT_03984,DIST_W_03
OUT_03985,DIST_W_01
OUT_03986,DIST_W_02
OUT_03987,DIST_W_01
OUT_03988,DIST_W_01
OUT_03989,DIST_W_02
OUT_03990,DIST_W_02
OUT_03991,DIST_W_03
OUT_03992,DIST_W_02
OUT_03993,DIST_W_03
OUT_03994,DIST_W_03
OUT_03995,DIST_W_03
OUT_03996,DIST_W_01
OUT_03997,DIST_W_02
OUT_03998,DIST_W_02
OUT_03999,DIST_W_03
OUT_04000,DIST_W_01
OUT_04001,DIST_W_01
OUT_04002,DIST_W_01
OUT_04003,DIST_W_01
OUT_04004,DIST_W_01
OUT_04005,DIST_W_03
OUT_04006,DIST_W_03
OUT_04007,DIST_W_01
OUT_04008,DIST_W_01
OUT_04009,DIST_W_02
OUT_04010,DIST_W_01
OUT_04011,DIST_W_03
OUT_04012,DIST_W_02
OUT_04013,DIST_W_02
OUT_04014,DIST_W_03
OUT_04015,DIST_W_03
OUT_04016,DIST_W_02
OUT_04017,DIST_W_03
OUT_04018,DIST_W_03
OUT_04019,DIST_W_02
OUT_04020,DIST_W_03
OUT_04021,DIST_W_02
OUT_04022,DIST_W_01
OUT_04023,DIST_W_02
OUT_04024,DIST_W_02
OUT_04025,DIST_W_02
OUT_04026,DIST_W_03
OUT_04027,DIST_W_02
OUT_04028,DIST_W_03
OUT_04029,DIST_W_02
OUT_04030,DIST_W_01
OUT_04031,DIST_W_02
OUT_04032,DIST_W_01
OUT_04033,DIST_W_03
OUT_04034,DIST_W_01
OUT_04035,DIST_W_02
OUT_04036,DIST_W_01
OUT_04037,DIST_W_02
OUT_04038,DIST_W_02
OUT_04039,DIST_W_02
OUT_04040,DIST_W_03
OUT_04041,DIST_W_03
OUT_04042,DIST_W_01
OUT_04043,DIST_W_01
OUT_04044,DIST_W_01
OUT_04045,DIST_W_02
OUT_04046,DIST_W_02
OUT_04047,DIST_W_01
OUT_04048,DIST_W_02
OUT_04049,DIST_W_01
OUT_04050,DIST_W_01
OUT_04051,DIST_W_02
OUT_04052,DIST_W_03
OUT_04053,DIST_W_01
OUT_04054,DIST_W_01
OUT_04055,DIST_W_01
OUT_04056,DIST_W_03
OUT_04057,DIST_W_03
OUT_04058,DIST_W_03
OUT_04059,DIST_W_02
OUT_04060,DIST_W_02
OUT_04061,DIST_W_02
OUT_04062,DIST_W_02
OUT_04063,DIST_W_01
OUT_04064,DIST_W_03
OUT_04065,DIST_W_02
OUT_04066,DIST_W_01
OUT_04067,DIST_W_03
OUT_04068,DIST_W_02
OUT_04069,DIST_W_02
OUT_04070,DIST_W_03
OUT_04071,DIST_W_03
OUT_04072,DIST_W_03
OUT_04073,DIST_W_01
OUT_04074,DIST_W_03
OUT_04075,DIST_W_03
OUT_04076,DIST_W_02
OUT_04077,DIST_W_03
OUT_04078,DIST_W_03
OUT_04079,DIST_W_03
OUT_04080,DIST_W_01
OUT_04081,DIST_W_02
OUT_04082,DIST_W_01
OUT_04083,DIST_W_03
OUT_04084,DIST_W_03
OUT_04085,DIST_W_02
OUT_04086,DIST_W_01
OUT_04087,DIST_W_02
OUT_04088,DIST_W_03
OUT_04089,DIST_W_01
OUT_04090,DIST_W_02
OUT_04091,DIST_W_01
OUT_04092,DIST_W_03
OUT_04093,DIST_W_03
OUT_04094,DIST_W_03
OUT_04095,DIST_W_02
OUT_04096,DIST_W_03
OUT_04097,DIST_W_02
OUT_04098,DIST_W_01
OUT_04099,DIST_W_01
OUT_04100,DIST_W_02
OUT_04101,DIST_W_01
OUT_04102,DIST_W_01
OUT_04103,DIST_W_01
OUT_04104,DIST_W_01
OUT_04105,DIST_W_02
OUT_04106,DIST_W_03
OUT_04107,DIST_W_03
OUT_04108,DIST_W_02
OUT_04109,DIST_W_01
OUT_04110,DIST_W_02
OUT_04111,DIST_W_02
OUT_04112,DIST_W_03
OUT_04113,DIST_W_03
OUT_04114,DIST_W_02
OUT_04115,DIST_W_01
OUT_04116,DIST_W_01
OUT_04117,DIST_W_02
OUT_04118,DIST_W_02
OUT_04119,DIST_W_02
OUT_04120,DIST_W_01
OUT_04121,DIST_W_01
OUT_04122,DIST_W_01
OUT_04123,DIST_W_02
OUT_04124,DIST_W_03
OUT_04125,DIST_W_02
OUT_04126,DIST_W_03
OUT_04127,DIST_W_02
OUT_04128,DIST_W_02
OUT_04129,DIST_W_02
OUT_04130,DIST_W_03
OUT_04131,DIST_W_01
OUT_04132,DIST_W_01
OUT_04133,DIST_W_03
OUT_04134,DIST_W_01
OUT_04135,DIST_W_02
OUT_04136,DIST_W_03
OUT_04137,DIST_W_02
OUT_04138,DIST_W_03
OUT_04139,DIST_W_02
OUT_04140,DIST_W_01
OUT_04141,DIST_W_01
OUT_04142,DIST_W_03
OUT_04143,DIST_W_03
OUT_04144,DIST_W_01
OUT_04145,DIST_W_01
OUT_04146,DIST_W_03
OUT_04147,DIST_W_01
OUT_04148,DIST_W_01
OUT_04149,DIST_W_02
OUT_04150,DIST_W_01
OUT_04151,DIST_W_02
OUT_04152,DIST_W_02
OUT_04153,DIST_W_02
OUT_04154,DIST_W_01
OUT_04155,DIST_W_01
OUT_04156,DIST_W_01
OUT_04157,DIST_W_03
OUT_04158,DIST_W_03
OUT_04159,DIST_W_01
OUT_04160,DIST_W_03
OUT_04161,DIST_W_02
OUT_04162,DIST_W_02
OUT_04163,DIST_W_03
OUT_04164,DIST_W_03
OUT_04165,DIST_W_03
OUT_04166,DIST_W_03
OUT_04167,DIST_W_01
OUT_04168,DIST_W_01
OUT_04169,DIST_W_03
OUT_04170,DIST_W_02
OUT_04171,DIST_W_01
OUT_04172,DIST_W_01
OUT_04173,DIST_W_01
OUT_04174,DIST_W_03
OUT_04175,DIST_W_03
OUT_04176,DIST_W_03
OUT_04177,DIST_W_02
OUT_04178,DIST_W_02
OUT_04179,DIST_W_02
OUT_04180,DIST_W_01
OUT_04181,DIST_W_02
OUT_04182,DIST_W_01
OUT_04183,DIST_W_03
OUT_04184,DIST_W_01
OUT_04185,DIST_W_01
OUT_04186,DIST_W_01
OUT_04187,DIST_W_03
OUT_04188,DIST_W_03
OUT_04189,DIST_W_01
OUT_04190,DIST_W_03
OUT_04191,DIST_W_03
OUT_04192,DIST_W_01
OUT_04193,DIST_W_02
OUT_04194,DIST_W_01
OUT_04195,DIST_W_02
OUT_04196,DIST_W_02
OUT_04197,DIST_W_01
OUT_04198,DIST_W_01
OUT_04199,DIST_W_03
OUT_04200,DIST_W_01
OUT_04201,DIST_W_02
OUT_04202,DIST_W_01
OUT_04203,DIST_W_03
OUT_04204,DIST_W_03
OUT_04205,DIST_W_02
OUT_04206,DIST_W_02
OUT_04207,DIST_W_02
OUT_04208,DIST_W_01
OUT_04209,DIST_W_02
OUT_04210,DIST_W_03
OUT_04211,DIST_W_03
OUT_04212,DIST_W_03
OUT_04213,DIST_W_03
OUT_04214,DIST_W_02
OUT_04215,DIST_W_02
OUT_04216,DIST_W_03
OUT_04217,DIST_W_02
OUT_04218,DIST_W_01
OUT_04219,DIST_W_01
OUT_04220,DIST_W_01
OUT_04221,DIST_W_01
OUT_04222,DIST_W_01
OUT_04223,DIST_W_03
OUT_04224,DIST_W_01
OUT_04225,DIST_W_02
OUT_04226,DIST_W_03
OUT_04227,DIST_W_03
OUT_04228,DIST_W_02
OUT_04229,DIST_W_02
OUT_04230,DIST_W_01
OUT_04231,DIST_W_02
OUT_04232,DIST_W_02
OUT_04233,DIST_W_02
OUT_04234,DIST_W_01
OUT_04235,DIST_W_01
OUT_04236,DIST_W_02
OUT_04237,DIST_W_02
OUT_04238,DIST_W_02
OUT_04239,DIST_W_01
OUT_04240,DIST_W_01
OUT_04241,DIST_W_02
OUT_04242,DIST_W_02
OUT_04243,DIST_W_01
OUT_04244,DIST_W_03
OUT_04245,DIST_W_01
OUT_04246,DIST_W_03
OUT_04247,DIST_W_01
OUT_04248,DIST_W_01
OUT_04249,DIST_W_01
OUT_04250,DIST_W_02
OUT_04251,DIST_W_01
OUT_04252,DIST_W_01
OUT_04253,DIST_W_01
OUT_04254,DIST_W_02
OUT_04255,DIST_W_03
OUT_04256,DIST_W_03
OUT_04257,DIST_W_02
OUT_04258,DIST_W_03
OUT_04259,DIST_W_01
OUT_04260,DIST_W_03
OUT_04261,DIST_W_02
OUT_04262,DIST_W_01
OUT_04263,DIST_W_03
OUT_04264,DIST_W_01
OUT_04265,DIST_W_01
OUT_04266,DIST_W_02
OUT_04267,DIST_W_03
OUT_04268,DIST_W_02
OUT_04269,DIST_W_03
OUT_04270,DIST_W_01
OUT_04271,DIST_W_02
OUT_04272,DIST_W_01
OUT_04273,DIST_W_02
OUT_04274,DIST_W_02
OUT_04275,DIST_W_03
OUT_04276,DIST_W_02
OUT_04277,DIST_W_02
OUT_04278,DIST_W_01
OUT_04279,DIST_W_02
OUT_04280,DIST_W_02
OUT_04281,DIST_W_01
OUT_04282,DIST_W_01
OUT_04283,DIST_W_02
OUT_04284,DIST_W_01
OUT_04285,DIST_W_02
OUT_04286,DIST_W_02
OUT_04287,DIST_W_01
OUT_04288,DIST_W_02
OUT_04289,DIST_W_02
OUT_04290,DIST_W_02
OUT_04291,DIST_W_03
OUT_04292,DIST_W_02
OUT_04293,DIST_W_02
OUT_04294,DIST_W_03
OUT_04295,DIST_W_01
OUT_04296,DIST_W_02
OUT_04297,DIST_W_02
OUT_04298,DIST_W_02
OUT_04299,DIST_W_01
OUT_04300,DIST_W_01
OUT_04301,DIST_W_01
OUT_04302,DIST_W_01
OUT_04303,DIST_W_03
OUT_04304,DIST_W_03
OUT_04305,DIST_W_02
OUT_04306,DIST_W_02
OUT_04307,DIST_W_03
OUT_04308,DIST_W_03
OUT_04309,DIST_W_03
OUT_04310,DIST_W_01
OUT_04311,DIST_W_01
OUT_04312,DIST_W_03
OUT_04313,DIST_W_01
OUT_04314,DIST_W_02
OUT_04315,DIST_W_03
OUT_04316,DIST_W_02
OUT_04317,DIST_W_01
OUT_04318,DIST_W_01
OUT_04319,DIST_W_03
OUT_04320,DIST_W_03
OUT_04321,DIST_W_02
OUT_04322,DIST_W_02
OUT_04323,DIST_W_02
OUT_04324,DIST_W_03
OUT_04325,DIST_W_01
OUT_04326,DIST_W_02
OUT_04327,DIST_W_02
OUT_04328,DIST_W_01
OUT_04329,DIST_W_01
OUT_04330,DIST_W_03
OUT_04331,DIST_W_02
OUT_04332,DIST_W_03
OUT_04333,DIST_W_02
OUT_04334,DIST_W_01
OUT_04335,DIST_W_02
OUT_04336,DIST_W_01
OUT_04337,DIST_W_01
OUT_04338,DIST_W_01
OUT_04339,DIST_W_01
OUT_04340,DIST_W_02
OUT_04341,DIST_W_01
OUT_04342,DIST_W_02
OUT_04343,DIST_W_03
OUT_04344,DIST_W_02
OUT_04345,DIST_W_01
OUT_04346,DIST_W_03
OUT_04347,DIST_W_02
OUT_04348,DIST_W_03
OUT_04349,DIST_W_02
OUT_04350,DIST_W_01
OUT_04351,DIST_W_01
OUT_04352,DIST_W_01
OUT_04353,DIST_W_01
OUT_04354,DIST_W_01
OUT_04355,DIST_W_01
OUT_04356,DIST_W_02
OUT_04357,DIST_W_01
OUT_04358,DIST_W_01
OUT_04359,DIST_W_02
OUT_04360,DIST_W_01
OUT_04361,DIST_W_01
OUT_04362,DIST_W_01
OUT_04363,DIST_W_02
OUT_04364,DIST_W_01
OUT_04365,DIST_W_02
OUT_04366,DIST_W_01
OUT_04367,DIST_W_03
OUT_04368,DIST_W_03
OUT_04369,DIST_W_03
OUT_04370,DIST_W_02
OUT_04371,DIST_W_02
OUT_04372,DIST_W_01
OUT_04373,DIST_W_01
OUT_04374,DIST_W_03
OUT_04375,DIST_W_01
OUT_04376,DIST_W_01
OUT_04377,DIST_W_01
OUT_04378,DIST_W_01
OUT_04379,DIST_W_01
OUT_04380,DIST_W_02
OUT_04381,DIST_W_03
OUT_04382,DIST_W_01
OUT_04383,DIST_W_03
OUT_04384,DIST_W_01
OUT_04385,DIST_W_01
OUT_04386,DIST_W_02
OUT_04387,DIST_W_03
OUT_04388,DIST_W_02
OUT_04389,DIST_W_02
OUT_04390,DIST_W_01
OUT_04391,DIST_W_01
OUT_04392,DIST_W_02
OUT_04393,DIST_W_01
OUT_04394,DIST_W_01
OUT_04395,DIST_W_01
OUT_04396,DIST_W_01
OUT_04397,DIST_W_02
OUT_04398,DIST_W_01
OUT_04399,DIST_W_02
OUT_04400,DIST_W_01
OUT_04401,DIST_W_03
OUT_04402,DIST_W_01
OUT_04403,DIST_W_03
OUT_04404,DIST_W_02
OUT_04405,DIST_W_01
OUT_04406,DIST_W_01
OUT_04407,DIST_W_01
OUT_04408,DIST_W_02
OUT_04409,DIST_W_01
OUT_04410,DIST_W_01
OUT_04411,DIST_W_01
OUT_04412,DIST_W_03
OUT_04413,DIST_W_01
OUT_04414,DIST_W_01
OUT_04415,DIST_W_03
OUT_04416,DIST_W_03
OUT_04417,DIST_W_03
OUT_04418,DIST_W_01
OUT_04419,DIST_W_03
OUT_04420,DIST_W_03
OUT_04421,DIST_W_02
OUT_04422,DIST_W_02
OUT_04423,DIST_W_02
OUT_04424,DIST_W_02
OUT_04425,DIST_W_02
OUT_04426,DIST_W_01
OUT_04427,DIST_W_01
OUT_04428,DIST_W_01
OUT_04429,DIST_W_03
OUT_04430,DIST_W_02
OUT_04431,DIST_W_03
OUT_04432,DIST_W_03
OUT_04433,DIST_W_03
OUT_04434,DIST_W_03
OUT_04435,DIST_W_03
OUT_04436,DIST_W_02
OUT_04437,DIST_W_01
OUT_04438,DIST_W_01
OUT_04439,DIST_W_02
OUT_04440,DIST_W_02
OUT_04441,DIST_W_02
OUT_04442,DIST_W_01
OUT_04443,DIST_W_03
OUT_04444,DIST_W_03
OUT_04445,DIST_W_01
OUT_04446,DIST_W_01
OUT_04447,DIST_W_03
OUT_04448,DIST_W_02
OUT_04449,DIST_W_02
OUT_04450,DIST_W_01
OUT_04451,DIST_W_01
OUT_04452,DIST_W_01
OUT_04453,DIST_W_03
OUT_04454,DIST_W_02
OUT_04455,DIST_W_03
OUT_04456,DIST_W_01
OUT_04457,DIST_W_02
OUT_04458,DIST_W_01
OUT_04459,DIST_W_01
OUT_04460,DIST_W_03
OUT_04461,DIST_W_01
OUT_04462,DIST_W_01
OUT_04463,DIST_W_01
OUT_04464,DIST_W_01
OUT_04465,DIST_W_01
OUT_04466,DIST_W_03
OUT_04467,DIST_W_01
OUT_04468,DIST_W_03
OUT_04469,DIST_W_01
OUT_04470,DIST_W_01
OUT_04471,DIST_W_02
OUT_04472,DIST_W_01
OUT_04473,DIST_W_03
OUT_04474,DIST_W_02
OUT_04475,DIST_W_03
OUT_04476,DIST_W_03
OUT_04477,DIST_W_03
OUT_04478,DIST_W_03
OUT_04479,DIST_W_01
OUT_04480,DIST_W_01
OUT_04481,DIST_W_01
OUT_04482,DIST_W_03
OUT_04483,DIST_W_03
OUT_04484,DIST_W_01
OUT_04485,DIST_W_01
OUT_04486,DIST_W_03
OUT_04487,DIST_W_03
OUT_04488,DIST_W_02
OUT_04489,DIST_W_01
OUT_04490,DIST_W_03
OUT_04491,DIST_W_01
OUT_04492,DIST_W_02
OUT_04493,DIST_W_03
OUT_04494,DIST_W_02
OUT_04495,DIST_W_01
OUT_04496,DIST_W_01
OUT_04497,DIST_W_01
OUT_04498,DIST_W_03
OUT_04499,DIST_W_01
OUT_04500,DIST_W_03
OUT_04501,DIST_W_03
OUT_04502,DIST_W_01
OUT_04503,DIST_W_02
OUT_04504,DIST_W_01
OUT_04505,DIST_W_01
OUT_04506,DIST_W_01
OUT_04507,DIST_W_03
OUT_04508,DIST_W_02
OUT_04509,DIST_W_01
OUT_04510,DIST_W_02
OUT_04511,DIST_W_01
OUT_04512,DIST_W_01
OUT_04513,DIST_W_01
OUT_04514,DIST_W_02
OUT_04515,DIST_W_02
OUT_04516,DIST_W_03
OUT_04517,DIST_W_02
OUT_04518,DIST_W_01
OUT_04519,DIST_W_03
OUT_04520,DIST_W_03
OUT_04521,DIST_W_03
OUT_04522,DIST_W_03
OUT_04523,DIST_W_02
OUT_04524,DIST_W_03
OUT_04525,DIST_W_03
OUT_04526,DIST_W_03
OUT_04527,DIST_W_03
OUT_04528,DIST_W_02
OUT_04529,DIST_W_02
OUT_04530,DIST_W_01
OUT_04531,DIST_W_02
OUT_04532,DIST_W_03
OUT_04533,DIST_W_03
OUT_04534,DIST_W_01
OUT_04535,DIST_W_02
OUT_04536,DIST_W_03
OUT_04537,DIST_W_02
OUT_04538,DIST_W_01
OUT_04539,DIST_W_02
OUT_04540,DIST_W_01
OUT_04541,DIST_W_03
OUT_04542,DIST_W_02
OUT_04543,DIST_W_01
OUT_04544,DIST_W_03
OUT_04545,DIST_W_03
OUT_04546,DIST_W_01
OUT_04547,DIST_W_01
OUT_04548,DIST_W_03
OUT_04549,DIST_W_03
OUT_04550,DIST_W_03
OUT_04551,DIST_W_03
OUT_04552,DIST_W_03
OUT_04553,DIST_W_02
OUT_04554,DIST_W_01
OUT_04555,DIST_W_01
OUT_04556,DIST_W_02
OUT_04557,DIST_W_03
OUT_04558,DIST_W_02
OUT_04559,DIST_W_03
OUT_04560,DIST_W_03
OUT_04561,DIST_W_02
OUT_04562,DIST_W_01
OUT_04563,DIST_W_01
OUT_04564,DIST_W_03
OUT_04565,DIST_W_01
OUT_04566,DIST_W_01
OUT_04567,DIST_W_01
OUT_04568,DIST_W_01
OUT_04569,DIST_W_01
OUT_04570,DIST_W_02
OUT_04571,DIST_W_03
OUT_04572,DIST_W_01
OUT_04573,DIST_W_02
OUT_04574,DIST_W_02
OUT_04575,DIST_W_02
OUT_04576,DIST_W_02
OUT_04577,DIST_W_03
OUT_04578,DIST_W_01
OUT_04579,DIST_W_03
OUT_04580,DIST_W_03
OUT_04581,DIST_W_03
OUT_04582,DIST_W_01
OUT_04583,DIST_W_01
OUT_04584,DIST_W_01
OUT_04585,DIST_W_02
OUT_04586,DIST_W_02
OUT_04587,DIST_W_02
OUT_04588,DIST_W_01
OUT_04589,DIST_W_03
OUT_04590,DIST_W_02
OUT_04591,DIST_W_03
OUT_04592,DIST_W_03
OUT_04593,DIST_W_03
OUT_04594,DIST_W_03
OUT_04595,DIST_W_01
OUT_04596,DIST_W_02
OUT_04597,DIST_W_03
OUT_04598,DIST_W_02
OUT_04599,DIST_W_03
OUT_04600,DIST_W_02
OUT_04601,DIST_W_01
OUT_04602,DIST_W_02
OUT_04603,DIST_W_01
OUT_04604,DIST_W_01
OUT_04605,DIST_W_03
OUT_04606,DIST_W_03
OUT_04607,DIST_W_01
OUT_04608,DIST_W_03
OUT_04609,DIST_W_03
OUT_04610,DIST_W_02
OUT_04611,DIST_W_01
OUT_04612,DIST_W_01
OUT_04613,DIST_W_02
OUT_04614,DIST_W_02
OUT_04615,DIST_W_02
OUT_04616,DIST_W_01
OUT_04617,DIST_W_03
OUT_04618,DIST_W_01
OUT_04619,DIST_W_01
OUT_04620,DIST_W_02
OUT_04621,DIST_W_02
OUT_04622,DIST_W_02
OUT_04623,DIST_W_02
OUT_04624,DIST_W_01
OUT_04625,DIST_W_03
OUT_04626,DIST_W_02
OUT_04627,DIST_W_02
OUT_04628,DIST_W_02
OUT_04629,DIST_W_02
OUT_04630,DIST_W_02
OUT_04631,DIST_W_03
OUT_04632,DIST_W_03
OUT_04633,DIST_W_01
OUT_04634,DIST_W_03
OUT_04635,DIST_W_02
OUT_04636,DIST_W_03
OUT_04637,DIST_W_01
OUT_04638,DIST_W_03
OUT_04639,DIST_W_03
OUT_04640,DIST_W_03
OUT_04641,DIST_W_02
OUT_04642,DIST_W_01
OUT_04643,DIST_W_03
OUT_04644,DIST_W_01
OUT_04645,DIST_W_01
OUT_04646,DIST_W_02
OUT_04647,DIST_W_03
OUT_04648,DIST_W_02
OUT_04649,DIST_W_01
OUT_04650,DIST_W_01
OUT_04651,DIST_W_02
OUT_04652,DIST_W_03
OUT_04653,DIST_W_03
OUT_04654,DIST_W_03
OUT_04655,DIST_W_03
OUT_04656,DIST_W_02
OUT_04657,DIST_W_01
OUT_04658,DIST_W_02
OUT_04659,DIST_W_01
OUT_04660,DIST_W_01
OUT_04661,DIST_W_01
OUT_04662,DIST_W_03
OUT_04663,DIST_W_01
OUT_04664,DIST_W_02
OUT_04665,DIST_W_03
OUT_04666,DIST_W_03
OUT_04667,DIST_W_01
OUT_04668,DIST_W_03
OUT_04669,DIST_W_03
OUT_04670,DIST_W_02
OUT_04671,DIST_W_01
OUT_04672,DIST_W_02
OUT_04673,DIST_W_01
OUT_04674,DIST_W_03
OUT_04675,DIST_W_03
OUT_04676,DIST_W_01
OUT_04677,DIST_W_02
OUT_04678,DIST_W_03
OUT_04679,DIST_W_01
OUT_04680,DIST_W_02
OUT_04681,DIST_W_02
OUT_04682,DIST_W_01
OUT_04683,DIST_W_03
OUT_04684,DIST_W_01
OUT_04685,DIST_W_02
OUT_04686,DIST_W_03
OUT_04687,DIST_W_01
OUT_04688,DIST_W_01
OUT_04689,DIST_W_03
OUT_04690,DIST_W_01
OUT_04691,DIST_W_03
OUT_04692,DIST_W_02
OUT_04693,DIST_W_03
OUT_04694,DIST_W_02
OUT_04695,DIST_W_02
OUT_04696,DIST_W_03
OUT_04697,DIST_W_01
OUT_04698,DIST_W_02
OUT_04699,DIST_W_03
OUT_04700,DIST_W_01
OUT_04701,DIST_W_03
OUT_04702,DIST_W_02
OUT_04703,DIST_W_03
OUT_04704,DIST_W_02
OUT_04705,DIST_W_03
OUT_04706,DIST_W_01
OUT_04707,DIST_W_03
OUT_04708,DIST_W_01
OUT_04709,DIST_W_01
OUT_04710,DIST_W_02
OUT_04711,DIST_W_01
OUT_04712,DIST_W_02
OUT_04713,DIST_W_01
OUT_04714,DIST_W_02
OUT_04715,DIST_W_01
OUT_04716,DIST_W_01
OUT_04717,DIST_W_03
OUT_04718,DIST_W_02
OUT_04719,DIST_W_02
OUT_04720,DIST_W_01
OUT_04721,DIST_W_03
OUT_04722,DIST_W_01
OUT_04723,DIST_W_02
OUT_04724,DIST_W_01
OUT_04725,DIST_W_03
OUT_04726,DIST_W_03
OUT_04727,DIST_W_01
OUT_04728,DIST_W_03
OUT_04729,DIST_W_02
OUT_04730,DIST_W_02
OUT_04731,DIST_W_02
OUT_04732,DIST_W_01
OUT_04733,DIST_W_03
OUT_04734,DIST_W_02
OUT_04735,DIST_W_02
OUT_04736,DIST_W_02
OUT_04737,DIST_W_02
OUT_04738,DIST_W_02
OUT_04739,DIST_W_01
OUT_04740,DIST_W_03
OUT_04741,DIST_W_02
OUT_04742,DIST_W_01
OUT_04743,DIST_W_01
OUT_04744,DIST_W_01
OUT_04745,DIST_W_02
OUT_04746,DIST_W_01
OUT_04747,DIST_W_01
OUT_04748,DIST_W_01
OUT_04749,DIST_W_03
OUT_04750,DIST_W_01
OUT_04751,DIST_W_02
OUT_04752,DIST_W_03
OUT_04753,DIST_W_01
OUT_04754,DIST_W_03
OUT_04755,DIST_W_01
OUT_04756,DIST_W_02
OUT_04757,DIST_W_01
OUT_04758,DIST_W_01
OUT_04759,DIST_W_02
OUT_04760,DIST_W_03
OUT_04761,DIST_W_02
OUT_04762,DIST_W_02
OUT_04763,DIST_W_03
OUT_04764,DIST_W_01
OUT_04765,DIST_W_02
OUT_04766,DIST_W_01
OUT_04767,DIST_W_01
OUT_04768,DIST_W_02
OUT_04769,DIST_W_03
OUT_04770,DIST_W_02
OUT_04771,DIST_W_02
OUT_04772,DIST_W_02
OUT_04773,DIST_W_01
OUT_04774,DIST_W_02
OUT_04775,DIST_W_01
OUT_04776,DIST_W_03
OUT_04777,DIST_W_03
OUT_04778,DIST_W_01
OUT_04779,DIST_W_02
OUT_04780,DIST_W_02
OUT_04781,DIST_W_03
OUT_04782,DIST_W_01
OUT_04783,DIST_W_03
OUT_04784,DIST_W_03
OUT_04785,DIST_W_02
OUT_04786,DIST_W_03
OUT_04787,DIST_W_03
OUT_04788,DIST_W_01
OUT_04789,DIST_W_03
OUT_04790,DIST_W_03
OUT_04791,DIST_W_03
OUT_04792,DIST_W_03
OUT_04793,DIST_W_03
OUT_04794,DIST_W_02
OUT_04795,DIST_W_03
OUT_04796,DIST_W_01
OUT_04797,DIST_W_01
OUT_04798,DIST_W_01
OUT_04799,DIST_W_01
OUT_04800,DIST_W_03
OUT_04801,DIST_W_02
OUT_04802,DIST_W_01
OUT_04803,DIST_W_03
OUT_04804,DIST_W_02
OUT_04805,DIST_W_03
OUT_04806,DIST_W_02
OUT_04807,DIST_W_01
OUT_04808,DIST_W_03
OUT_04809,DIST_W_01
OUT_04810,DIST_W_01
OUT_04811,DIST_W_02
OUT_04812,DIST_W_01
OUT_04813,DIST_W_03
OUT_04814,DIST_W_02
OUT_04815,DIST_W_02
OUT_04816,DIST_W_03
OUT_04817,DIST_W_03
OUT_04818,DIST_W_02
OUT_04819,DIST_W_01
OUT_04820,DIST_W_01
OUT_04821,DIST_W_01
OUT_04822,DIST_W_02
OUT_04823,DIST_W_03
OUT_04824,DIST_W_01
OUT_04825,DIST_W_02
OUT_04826,DIST_W_01
OUT_04827,DIST_W_03
OUT_04828,DIST_W_01
OUT_04829,DIST_W_01
OUT_04830,DIST_W_03
OUT_04831,DIST_W_03
OUT_04832,DIST_W_03
OUT_04833,DIST_W_01
OUT_04834,DIST_W_02
OUT_04835,DIST_W_01
OUT_04836,DIST_W_03
OUT_04837,DIST_W_01
OUT_04838,DIST_W_01
OUT_04839,DIST_W_03
OUT_04840,DIST_W_02
OUT_04841,DIST_W_02
OUT_04842,DIST_W_02
OUT_04843,DIST_W_03
OUT_04844,DIST_W_02
OUT_04845,DIST_W_03
OUT_04846,DIST_W_03
OUT_04847,DIST_W_03
OUT_04848,DIST_W_02
OUT_04849,DIST_W_02
OUT_04850,DIST_W_01
OUT_04851,DIST_W_01
OUT_04852,DIST_W_03
OUT_04853,DIST_W_02
OUT_04854,DIST_W_03
OUT_04855,DIST_W_01
OUT_04856,DIST_W_01
OUT_04857,DIST_W_03
OUT_04858,DIST_W_02
OUT_04859,DIST_W_03
OUT_04860,DIST_W_03
OUT_04861,DIST_W_03
OUT_04862,DIST_W_02
OUT_04863,DIST_W_03
OUT_04864,DIST_W_03
OUT_04865,DIST_W_02
OUT_04866,DIST_W_03
OUT_04867,DIST_W_03
OUT_04868,DIST_W_01
OUT_04869,DIST_W_02
OUT_04870,DIST_W_03
OUT_04871,DIST_W_01
OUT_04872,DIST_W_03
OUT_04873,DIST_W_03
OUT_04874,DIST_W_03
OUT_04875,DIST_W_02
OUT_04876,DIST_W_02
OUT_04877,DIST_W_01
OUT_04878,DIST_W_01
OUT_04879,DIST_W_02
OUT_04880,DIST_W_02
OUT_04881,DIST_W_01
OUT_04882,DIST_W_01
OUT_04883,DIST_W_02
OUT_04884,DIST_W_02
OUT_04885,DIST_W_02
OUT_04886,DIST_W_01
OUT_04887,DIST_W_02
OUT_04888,DIST_W_02
OUT_04889,DIST_W_03
OUT_04890,DIST_W_02
OUT_04891,DIST_W_03
OUT_04892,DIST_W_03
OUT_04893,DIST_W_01
OUT_04894,DIST_W_03
OUT_04895,DIST_W_01
OUT_04896,DIST_W_01
OUT_04897,DIST_W_03
OUT_04898,DIST_W_03
OUT_04899,DIST_W_03
OUT_04900,DIST_W_03
OUT_04901,DIST_W_03
OUT_04902,DIST_W_03
OUT_04903,DIST_W_02
OUT_04904,DIST_W_02
OUT_04905,DIST_W_03
OUT_04906,DIST_W_01
OUT_04907,DIST_W_01
OUT_04908,DIST_W_02
OUT_04909,DIST_W_01
OUT_04910,DIST_W_03
OUT_04911,DIST_W_02
OUT_04912,DIST_W_01
OUT_04913,DIST_W_03
OUT_04914,DIST_W_03
OUT_04915,DIST_W_01
OUT_04916,DIST_W_02
OUT_04917,DIST_W_02
OUT_04918,DIST_W_03
OUT_04919,DIST_W_02
OUT_04920,DIST_W_03
OUT_04921,DIST_W_01
OUT_04922,DIST_W_03
OUT_04923,DIST_W_01
OUT_04924,DIST_W_03
OUT_04925,DIST_W_03
OUT_04926,DIST_W_03
OUT_04927,DIST_W_03
OUT_04928,DIST_W_03
OUT_04929,DIST_W_03
OUT_04930,DIST_W_02
OUT_04931,DIST_W_03
OUT_04932,DIST_W_01
OUT_04933,DIST_W_03
OUT_04934,DIST_W_03
OUT_04935,DIST_W_01
OUT_04936,DIST_W_03
OUT_04937,DIST_W_02
OUT_04938,DIST_W_01
OUT_04939,DIST_W_02
OUT_04940,DIST_W_03
OUT_04941,DIST_W_02
OUT_04942,DIST_W_02
OUT_04943,DIST_W_03
OUT_04944,DIST_W_01
OUT_04945,DIST_W_03
OUT_04946,DIST_W_01
OUT_04947,DIST_W_02
OUT_04948,DIST_W_02
OUT_04949,DIST_W_02
OUT_04950,DIST_W_02
OUT_04951,DIST_W_01
OUT_04952,DIST_W_02
OUT_04953,DIST_W_02
OUT_04954,DIST_W_03
OUT_04955,DIST_W_01
OUT_04956,DIST_W_03
OUT_04957,DIST_W_02
OUT_04958,DIST_W_02
OUT_04959,DIST_W_03
OUT_04960,DIST_W_01
OUT_04961,DIST_W_02
OUT_04962,DIST_W_02
OUT_04963,DIST_W_02
OUT_04964,DIST_W_01
OUT_04965,DIST_W_02
OUT_04966,DIST_W_01
OUT_04967,DIST_W_02
OUT_04968,DIST_W_03
OUT_04969,DIST_W_01
OUT_04970,DIST_W_03
OUT_04971,DIST_W_02
OUT_04972,DIST_W_03
OUT_04973,DIST_W_03
OUT_04974,DIST_W_01
OUT_04975,DIST_W_02
OUT_04976,DIST_W_03
OUT_04977,DIST_W_02
OUT_04978,DIST_W_01
OUT_04979,DIST_W_01
OUT_04980,DIST_W_01
OUT_04981,DIST_W_03
OUT_04982,DIST_W_01
OUT_04983,DIST_W_03
OUT_04984,DIST_W_02
OUT_04985,DIST_W_02
OUT_04986,DIST_W_02
OUT_04987,DIST_W_03
OUT_04988,DIST_W_01
OUT_04989,DIST_W_02
OUT_04990,DIST_W_03
OUT_04991,DIST_W_03
OUT_04992,DIST_W_02
OUT_04993,DIST_W_03
OUT_04994,DIST_W_03
OUT_04995,DIST_W_02
OUT_04996,DIST_W_02
OUT_04997,DIST_W_03
OUT_04998,DIST_W_01
OUT_04999,DIST_W_02
OUT_05000,DIST_W_02
OUT_05001,DIST_W_03
OUT_05002,DIST_W_03
OUT_05003,DIST_W_02
OUT_05004,DIST_W_02
OUT_05005,DIST_W_02
OUT_05006,DIST_W_02
OUT_05007,DIST_W_03
OUT_05008,DIST_W_03
OUT_05009,DIST_W_01
OUT_05010,DIST_W_03
OUT_05011,DIST_W_02
OUT_05012,DIST_W_02
OUT_05013,DIST_W_03
OUT_05014,DIST_W_01
OUT_05015,DIST_W_02
OUT_05016,DIST_W_02
OUT_05017,DIST_W_03
OUT_05018,DIST_W_01
OUT_05019,DIST_W_01
OUT_05020,DIST_W_03
OUT_05021,DIST_W_02
OUT_05022,DIST_W_02
OUT_05023,DIST_W_01
OUT_05024,DIST_W_03
OUT_05025,DIST_W_03
OUT_05026,DIST_W_01
OUT_05027,DIST_W_02
OUT_05028,DIST_W_03
OUT_05029,DIST_W_02
OUT_05030,DIST_W_01
OUT_05031,DIST_W_01
OUT_05032,DIST_W_02
OUT_05033,DIST_W_01
OUT_05034,DIST_W_02
OUT_05035,DIST_W_03
OUT_05036,DIST_W_03
OUT_05037,DIST_W_01
OUT_05038,DIST_W_03
OUT_05039,DIST_W_03
OUT_05040,DIST_W_01
OUT_05041,DIST_W_03
OUT_05042,DIST_W_03
OUT_05043,DIST_W_02
OUT_05044,DIST_W_01
OUT_05045,DIST_W_01
OUT_05046,DIST_W_02
OUT_05047,DIST_W_02
OUT_05048,DIST_W_02
OUT_05049,DIST_W_01
OUT_05050,DIST_W_01
OUT_05051,DIST_W_01
OUT_05052,DIST_W_03
OUT_05053,DIST_W_03
OUT_05054,DIST_W_03
OUT_05055,DIST_W_01
OUT_05056,DIST_W_03
OUT_05057,DIST_W_03
OUT_05058,DIST_W_03
OUT_05059,DIST_W_03
OUT_05060,DIST_W_03
OUT_05061,DIST_W_03
OUT_05062,DIST_W_02
OUT_05063,DIST_W_02
OUT_05064,DIST_W_03
OUT_05065,DIST_W_02
OUT_05066,DIST_W_02
OUT_05067,DIST_W_01
OUT_05068,DIST_W_03
OUT_05069,DIST_W_03
OUT_05070,DIST_W_02
OUT_05071,DIST_W_01
OUT_05072,DIST_W_02
OUT_05073,DIST_W_01
OUT_05074,DIST_W_01
OUT_05075,DIST_W_02
OUT_05076,DIST_W_01
OUT_05077,DIST_W_03
OUT_05078,DIST_W_03
OUT_05079,DIST_W_01
OUT_05080,DIST_W_03
OUT_05081,DIST_W_02
OUT_05082,DIST_W_01
OUT_05083,DIST_W_03
OUT_05084,DIST_W_03
OUT_05085,DIST_W_03
OUT_05086,DIST_W_01
OUT_05087,DIST_W_01
OUT_05088,DIST_W_03
OUT_05089,DIST_W_02
OUT_05090,DIST_W_03
OUT_05091,DIST_W_03
OUT_05092,DIST_W_01
OUT_05093,DIST_W_01
OUT_05094,DIST_W_01
OUT_05095,DIST_W_03
OUT_05096,DIST_W_02
OUT_05097,DIST_W_02
OUT_05098,DIST_W_02
OUT_05099,DIST_W_02
OUT_05100,DIST_W_01
OUT_05101,DIST_W_02
OUT_05102,DIST_W_01
OUT_05103,DIST_W_02
OUT_05104,DIST_W_03
OUT_05105,DIST_W_02
OUT_05106,DIST_W_03
OUT_05107,DIST_W_03
OUT_05108,DIST_W_02
OUT_05109,DIST_W_02
OUT_05110,DIST_W_01
OUT_05111,DIST_W_01
OUT_05112,DIST_W_03
OUT_05113,DIST_W_03
OUT_05114,DIST_W_01
OUT_05115,DIST_W_01
OUT_05116,DIST_W_01
OUT_05117,DIST_W_02
OUT_05118,DIST_W_03
OUT_05119,DIST_W_02
OUT_05120,DIST_W_01
OUT_05121,DIST_W_01
OUT_05122,DIST_W_01
OUT_05123,DIST_W_02
OUT_05124,DIST_W_01
OUT_05125,DIST_W_01
OUT_05126,DIST_W_02
OUT_05127,DIST_W_02
OUT_05128,DIST_W_01
OUT_05129,DIST_W_01
OUT_05130,DIST_W_02
OUT_05131,DIST_W_02
OUT_05132,DIST_W_01
OUT_05133,DIST_W_02
OUT_05134,DIST_W_02
OUT_05135,DIST_W_03
OUT_05136,DIST_W_03
OUT_05137,DIST_W_01
OUT_05138,DIST_W_03
OUT_05139,DIST_W_01
OUT_05140,DIST_W_03
OUT_05141,DIST_W_02
OUT_05142,DIST_W_02
OUT_05143,DIST_W_01
OUT_05144,DIST_W_01
OUT_05145,DIST_W_02
OUT_05146,DIST_W_01
OUT_05147,DIST_W_03
OUT_05148,DIST_W_03
OUT_05149,DIST_W_01
OUT_05150,DIST_W_01
OUT_05151,DIST_W_02
OUT_05152,DIST_W_01
OUT_05153,DIST_W_03
OUT_05154,DIST_W_01
OUT_05155,DIST_W_01
OUT_05156,DIST_W_03
OUT_05157,DIST_W_03
OUT_05158,DIST_W_02
OUT_05159,DIST_W_02
OUT_05160,DIST_W_02
OUT_05161,DIST_W_02
OUT_05162,DIST_W_01
OUT_05163,DIST_W_01
OUT_05164,DIST_W_03
OUT_05165,DIST_W_03
OUT_05166,DIST_W_01
OUT_05167,DIST_W_03
OUT_05168,DIST_W_02
OUT_05169,DIST_W_03
OUT_05170,DIST_W_02
OUT_05171,DIST_W_01
OUT_05172,DIST_W_02
OUT_05173,DIST_W_03
OUT_05174,DIST_W_03
OUT_05175,DIST_W_01
OUT_05176,DIST_W_03
OUT_05177,DIST_W_03
OUT_05178,DIST_W_02
OUT_05179,DIST_W_02
OUT_05180,DIST_W_03
OUT_05181,DIST_W_01
OUT_05182,DIST_W_01
OUT_05183,DIST_W_03
OUT_05184,DIST_W_03
OUT_05185,DIST_W_02
OUT_05186,DIST_W_02
OUT_05187,DIST_W_02
OUT_05188,DIST_W_01
OUT_05189,DIST_W_01
OUT_05190,DIST_W_03
OUT_05191,DIST_W_02
OUT_05192,DIST_W_02
OUT_05193,DIST_W_02
OUT_05194,DIST_W_03
OUT_05195,DIST_W_01
OUT_05196,DIST_W_03
OUT_05197,DIST_W_02
OUT_05198,DIST_W_03
OUT_05199,DIST_W_03
OUT_05200,DIST_W_02
OUT_05201,DIST_W_01
OUT_05202,DIST_W_03
OUT_05203,DIST_W_02
OUT_05204,DIST_W_01
OUT_05205,DIST_W_01
OUT_05206,DIST_W_03
OUT_05207,DIST_W_01
OUT_05208,DIST_W_03
OUT_05209,DIST_W_01
OUT_05210,DIST_W_03
OUT_05211,DIST_W_02
OUT_05212,DIST_W_01
OUT_05213,DIST_W_01
OUT_05214,DIST_W_01
OUT_05215,DIST_W_03
OUT_05216,DIST_W_01
OUT_05217,DIST_W_03
OUT_05218,DIST_W_01
OUT_05219,DIST_W_02
OUT_05220,DIST_W_03
OUT_05221,DIST_W_02
OUT_05222,DIST_W_02
OUT_05223,DIST_W_03
OUT_05224,DIST_W_03
OUT_05225,DIST_W_03
OUT_05226,DIST_W_01
OUT_05227,DIST_W_02
OUT_05228,DIST_W_02
OUT_05229,DIST_W_01
OUT_05230,DIST_W_01
OUT_05231,DIST_W_02
OUT_05232,DIST_W_01
OUT_05233,DIST_W_01
OUT_05234,DIST_W_02
OUT_05235,DIST_W_02
OUT_05236,DIST_W_03
OUT_05237,DIST_W_01
OUT_05238,DIST_W_02
OUT_05239,DIST_W_03
OUT_05240,DIST_W_01
OUT_05241,DIST_W_03
OUT_05242,DIST_W_01
OUT_05243,DIST_W_01
OUT_05244,DIST_W_03
OUT_05245,DIST_W_01
OUT_05246,DIST_W_03
OUT_05247,DIST_W_03
OUT_05248,DIST_W_02
OUT_05249,DIST_W_03
OUT_05250,DIST_W_03
OUT_05251,DIST_W_03
OUT_05252,DIST_W_01
OUT_05253,DIST_W_03
OUT_05254,DIST_W_03
OUT_05255,DIST_W_03
OUT_05256,DIST_W_01
OUT_05257,DIST_W_02
OUT_05258,DIST_W_02
OUT_05259,DIST_W_03
OUT_05260,DIST_W_03
OUT_05261,DIST_W_03
OUT_05262,DIST_W_02
OUT_05263,DIST_W_02
OUT_05264,DIST_W_03
OUT_05265,DIST_W_02
OUT_05266,DIST_W_02
OUT_05267,DIST_W_02
OUT_05268,DIST_W_03
OUT_05269,DIST_W_03
OUT_05270,DIST_W_03
OUT_05271,DIST_W_01
OUT_05272,DIST_W_02
OUT_05273,DIST_W_03
OUT_05274,DIST_W_03
OUT_05275,DIST_W_02
OUT_05276,DIST_W_02
OUT_05277,DIST_W_01
OUT_05278,DIST_W_01
OUT_05279,DIST_W_03
OUT_05280,DIST_W_02
OUT_05281,DIST_W_03
OUT_05282,DIST_W_02
OUT_05283,DIST_W_01
OUT_05284,DIST_W_03
OUT_05285,DIST_W_01
OUT_05286,DIST_W_02
OUT_05287,DIST_W_01
OUT_05288,DIST_W_02
OUT_05289,DIST_W_01
OUT_05290,DIST_W_03
OUT_05291,DIST_W_03
OUT_05292,DIST_W_01
OUT_05293,DIST_W_03
OUT_05294,DIST_W_02
OUT_05295,DIST_W_01
OUT_05296,DIST_W_03
OUT_05297,DIST_W_02
OUT_05298,DIST_W_01
OUT_05299,DIST_W_03
OUT_05300,DIST_W_02
OUT_05301,DIST_W_02
OUT_05302,DIST_W_01
OUT_05303,DIST_W_03
OUT_05304,DIST_W_02
OUT_05305,DIST_W_01
OUT_05306,DIST_W_01
OUT_05307,DIST_W_03
OUT_05308,DIST_W_03
OUT_05309,DIST_W_02
OUT_05310,DIST_W_03
OUT_05311,DIST_W_02
OUT_05312,DIST_W_01
OUT_05313,DIST_W_02
OUT_05314,DIST_W_02
OUT_05315,DIST_W_03
OUT_05316,DIST_W_01
OUT_05317,DIST_W_02
OUT_05318,DIST_W_02
OUT_05319,DIST_W_02
OUT_05320,DIST_W_01
OUT_05321,DIST_W_01
OUT_05322,DIST_W_03
OUT_05323,DIST_W_02
OUT_05324,DIST_W_03
OUT_05325,DIST_W_01
OUT_05326,DIST_W_02
OUT_05327,DIST_W_02
OUT_05328,DIST_W_02
OUT_05329,DIST_W_01
OUT_05330,DIST_W_03
OUT_05331,DIST_W_03
OUT_05332,DIST_W_03
OUT_05333,DIST_W_03
OUT_05334,DIST_W_02
OUT_05335,DIST_W_03
OUT_05336,DIST_W_02
OUT_05337,DIST_W_03
OUT_05338,DIST_W_03
OUT_05339,DIST_W_03
OUT_05340,DIST_W_01
OUT_05341,DIST_W_01
OUT_05342,DIST_W_02
OUT_05343,DIST_W_03
OUT_05344,DIST_W_02
OUT_05345,DIST_W_03
OUT_05346,DIST_W_02
OUT_05347,DIST_W_03
OUT_05348,DIST_W_01
OUT_05349,DIST_W_01
OUT_05350,DIST_W_02
OUT_05351,DIST_W_02
OUT_05352,DIST_W_01
OUT_05353,DIST_W_02
OUT_05354,DIST_W_02
OUT_05355,DIST_W_03
OUT_05356,DIST_W_01
OUT_05357,DIST_W_02
OUT_05358,DIST_W_01
OUT_05359,DIST_W_01
OUT_05360,DIST_W_02
OUT_05361,DIST_W_01
OUT_05362,DIST_W_03
OUT_05363,DIST_W_03
OUT_05364,DIST_W_03
OUT_05365,DIST_W_02
OUT_05366,DIST_W_01
OUT_05367,DIST_W_02
OUT_05368,DIST_W_02
OUT_05369,DIST_W_03
OUT_05370,DIST_W_01
OUT_05371,DIST_W_02
OUT_05372,DIST_W_01
OUT_05373,DIST_W_01
OUT_05374,DIST_W_01
OUT_05375,DIST_W_01
OUT_05376,DIST_W_02
OUT_05377,DIST_W_01
OUT_05378,DIST_W_01
OUT_05379,DIST_W_03
OUT_05380,DIST_W_01
OUT_05381,DIST_W_02
OUT_05382,DIST_W_02
OUT_05383,DIST_W_02
OUT_05384,DIST_W_02
OUT_05385,DIST_W_03
OUT_05386,DIST_W_02
OUT_05387,DIST_W_02
OUT_05388,DIST_W_01
OUT_05389,DIST_W_03
OUT_05390,DIST_W_03
OUT_05391,DIST_W_01
OUT_05392,DIST_W_03
OUT_05393,DIST_W_02
OUT_05394,DIST_W_02
OUT_05395,DIST_W_02
OUT_05396,DIST_W_03
OUT_05397,DIST_W_01
OUT_05398,DIST_W_02
OUT_05399,DIST_W_03
OUT_05400,DIST_W_03
OUT_05401,DIST_W_01
OUT_05402,DIST_W_03
OUT_05403,DIST_W_03
OUT_05404,DIST_W_01
OUT_05405,DIST_W_01
OUT_05406,DIST_W_03
OUT_05407,DIST_W_02
OUT_05408,DIST_W_03
OUT_05409,DIST_W_03
OUT_05410,DIST_W_03
OUT_05411,DIST_W_03
OUT_05412,DIST_W_03
OUT_05413,DIST_W_01
OUT_05414,DIST_W_03
OUT_05415,DIST_W_01
OUT_05416,DIST_W_03
OUT_05417,DIST_W_02
OUT_05418,DIST_W_01
OUT_05419,DIST_W_02
OUT_05420,DIST_W_03
OUT_05421,DIST_W_02
OUT_05422,DIST_W_03
OUT_05423,DIST_W_01
OUT_05424,DIST_W_01
OUT_05425,DIST_W_01
OUT_05426,DIST_W_03
OUT_05427,DIST_W_03
OUT_05428,DIST_W_03
OUT_05429,DIST_W_01
OUT_05430,DIST_W_03
OUT_05431,DIST_W_01
OUT_05432,DIST_W_01
OUT_05433,DIST_W_01
OUT_05434,DIST_W_02
OUT_05435,DIST_W_02
OUT_05436,DIST_W_01
OUT_05437,DIST_W_02
OUT_05438,DIST_W_01
OUT_05439,DIST_W_02
OUT_05440,DIST_W_03
OUT_05441,DIST_W_03
OUT_05442,DIST_W_02
OUT_05443,DIST_W_03
OUT_05444,DIST_W_03
OUT_05445,DIST_W_01
OUT_05446,DIST_W_02
OUT_05447,DIST_W_01
OUT_05448,DIST_W_01
OUT_05449,DIST_W_02
OUT_05450,DIST_W_03
OUT_05451,DIST_W_02
OUT_05452,DIST_W_01
OUT_05453,DIST_W_01
OUT_05454,DIST_W_03
OUT_05455,DIST_W_02
OUT_05456,DIST_W_01
OUT_05457,DIST_W_01
OUT_05458,DIST_W_01
OUT_05459,DIST_W_02
OUT_05460,DIST_W_03
OUT_05461,DIST_W_02
OUT_05462,DIST_W_03
OUT_05463,DIST_W_01
OUT_05464,DIST_W_01
OUT_05465,DIST_W_02
OUT_05466,DIST_W_02
OUT_05467,DIST_W_02
OUT_05468,DIST_W_01
OUT_05469,DIST_W_03
OUT_05470,DIST_W_01
OUT_05471,DIST_W_01
OUT_05472,DIST_W_01
OUT_05473,DIST_W_02
OUT_05474,DIST_W_01
OUT_05475,DIST_W_03
OUT_05476,DIST_W_02
OUT_05477,DIST_W_03
OUT_05478,DIST_W_01
OUT_05479,DIST_W_01
OUT_05480,DIST_W_03
OUT_05481,DIST_W_03
OUT_05482,DIST_W_01
OUT_05483,DIST_W_02
OUT_05484,DIST_W_01
OUT_05485,DIST_W_03
OUT_05486,DIST_W_01
OUT_05487,DIST_W_03
OUT_05488,DIST_W_01
OUT_05489,DIST_W_02
OUT_05490,DIST_W_01
OUT_05491,DIST_W_03
OUT_05492,DIST_W_01
OUT_05493,DIST_W_01
OUT_05494,DIST_W_02
OUT_05495,DIST_W_02
OUT_05496,DIST_W_03
OUT_05497,DIST_W_01
OUT_05498,DIST_W_01
OUT_05499,DIST_W_03
OUT_05500,DIST_W_02
OUT_05501,DIST_W_01
OUT_05502,DIST_W_02
OUT_05503,DIST_W_03
OUT_05504,DIST_W_03
OUT_05505,DIST_W_02
OUT_05506,DIST_W_02
OUT_05507,DIST_W_02
OUT_05508,DIST_W_02
OUT_05509,DIST_W_02
OUT_05510,DIST_W_01
OUT_05511,DIST_W_01
OUT_05512,DIST_W_01
OUT_05513,DIST_W_03
OUT_05514,DIST_W_01
OUT_05515,DIST_W_01
OUT_05516,DIST_W_02
OUT_05517,DIST_W_01
OUT_05518,DIST_W_01
OUT_05519,DIST_W_02
OUT_05520,DIST_W_01
OUT_05521,DIST_W_03
OUT_05522,DIST_W_02
OUT_05523,DIST_W_03
OUT_05524,DIST_W_02
OUT_05525,DIST_W_01
OUT_05526,DIST_W_02
OUT_05527,DIST_W_03
OUT_05528,DIST_W_02
OUT_05529,DIST_W_03
OUT_05530,DIST_W_02
OUT_05531,DIST_W_02
OUT_05532,DIST_W_02
OUT_05533,DIST_W_03
OUT_05534,DIST_W_03
OUT_05535,DIST_W_01
OUT_05536,DIST_W_03
OUT_05537,DIST_W_01
OUT_05538,DIST_W_02
OUT_05539,DIST_W_01
OUT_05540,DIST_W_01
OUT_05541,DIST_W_03
OUT_05542,DIST_W_02
OUT_05543,DIST_W_02
OUT_05544,DIST_W_02
OUT_05545,DIST_W_01
OUT_05546,DIST_W_01
OUT_05547,DIST_W_03
OUT_05548,DIST_W_03
OUT_05549,DIST_W_01
OUT_05550,DIST_W_03
OUT_05551,DIST_W_01
OUT_05552,DIST_W_02
OUT_05553,DIST_W_03
OUT_05554,DIST_W_01
OUT_05555,DIST_W_02
OUT_05556,DIST_W_03
OUT_05557,DIST_W_02
OUT_05558,DIST_W_03
OUT_05559,DIST_W_02
OUT_05560,DIST_W_03
OUT_05561,DIST_W_01
OUT_05562,DIST_W_02
OUT_05563,DIST_W_03
OUT_05564,DIST_W_01
OUT_05565,DIST_W_02
OUT_05566,DIST_W_03
OUT_05567,DIST_W_02
OUT_05568,DIST_W_02
OUT_05569,DIST_W_03
OUT_05570,DIST_W_02
OUT_05571,DIST_W_03
OUT_05572,DIST_W_02
OUT_05573,DIST_W_01
OUT_05574,DIST_W_02
OUT_05575,DIST_W_01
OUT_05576,DIST_W_03
OUT_05577,DIST_W_03
OUT_05578,DIST_W_01
OUT_05579,DIST_W_02
OUT_05580,DIST_W_03
OUT_05581,DIST_W_03
OUT_05582,DIST_W_02
OUT_05583,DIST_W_01
OUT_05584,DIST_W_01
OUT_05585,DIST_W_01
OUT_05586,DIST_W_03
OUT_05587,DIST_W_03
OUT_05588,DIST_W_03
OUT_05589,DIST_W_02
OUT_05590,DIST_W_01
OUT_05591,DIST_W_02
OUT_05592,DIST_W_01
OUT_05593,DIST_W_01
OUT_05594,DIST_W_02
OUT_05595,DIST_W_03
OUT_05596,DIST_W_01
OUT_05597,DIST_W_03
OUT_05598,DIST_W_01
OUT_05599,DIST_W_01
OUT_05600,DIST_W_03
OUT_05601,DIST_W_03
OUT_05602,DIST_W_02
OUT_05603,DIST_W_01
OUT_05604,DIST_W_01
OUT_05605,DIST_W_02
OUT_05606,DIST_W_03
OUT_05607,DIST_W_03
OUT_05608,DIST_W_01
OUT_05609,DIST_W_02
OUT_05610,DIST_W_02
OUT_05611,DIST_W_01
OUT_05612,DIST_W_03
OUT_05613,DIST_W_02
OUT_05614,DIST_W_03
OUT_05615,DIST_W_02
OUT_05616,DIST_W_02
OUT_05617,DIST_W_02
OUT_05618,DIST_W_02
OUT_05619,DIST_W_01
OUT_05620,DIST_W_03
OUT_05621,DIST_W_03
OUT_05622,DIST_W_03
OUT_05623,DIST_W_01
OUT_05624,DIST_W_01
OUT_05625,DIST_W_01
OUT_05626,DIST_W_02
OUT_05627,DIST_W_01
OUT_05628,DIST_W_02
OUT_05629,DIST_W_03
OUT_05630,DIST_W_03
OUT_05631,DIST_W_02
OUT_05632,DIST_W_02
OUT_05633,DIST_W_03
OUT_05634,DIST_W_02
OUT_05635,DIST_W_02
OUT_05636,DIST_W_02
OUT_05637,DIST_W_03
OUT_05638,DIST_W_03
OUT_05639,DIST_W_01
OUT_05640,DIST_W_01
OUT_05641,DIST_W_02
OUT_05642,DIST_W_01
OUT_05643,DIST_W_01
OUT_05644,DIST_W_01
OUT_05645,DIST_W_01
OUT_05646,DIST_W_02
OUT_05647,DIST_W_02
OUT_05648,DIST_W_01
OUT_05649,DIST_W_02
OUT_05650,DIST_W_02
OUT_05651,DIST_W_03
OUT_05652,DIST_W_02
OUT_05653,DIST_W_03
OUT_05654,DIST_W_03
OUT_05655,DIST_W_01
OUT_05656,DIST_W_01
OUT_05657,DIST_W_01
OUT_05658,DIST_W_03
OUT_05659,DIST_W_01
OUT_05660,DIST_W_01
OUT_05661,DIST_W_01
OUT_05662,DIST_W_01
OUT_05663,DIST_W_03
OUT_05664,DIST_W_02
OUT_05665,DIST_W_02
OUT_05666,DIST_W_02
OUT_05667,DIST_W_03
OUT_05668,DIST_W_01
OUT_05669,DIST_W_02
OUT_05670,DIST_W_02
OUT_05671,DIST_W_02
OUT_05672,DIST_W_02
OUT_05673,DIST_W_02
OUT_05674,DIST_W_01
OUT_05675,DIST_W_01
OUT_05676,DIST_W_03
OUT_05677,DIST_W_02
OUT_05678,DIST_W_01
OUT_05679,DIST_W_02
OUT_05680,DIST_W_01
OUT_05681,DIST_W_02
OUT_05682,DIST_W_01
OUT_05683,DIST_W_03
OUT_05684,DIST_W_02
OUT_05685,DIST_W_03
OUT_05686,DIST_W_02
OUT_05687,DIST_W_02
OUT_05688,DIST_W_01
OUT_05689,DIST_W_02
OUT_05690,DIST_W_02
OUT_05691,DIST_W_02
OUT_05692,DIST_W_01
OUT_05693,DIST_W_03
OUT_05694,DIST_W_02
OUT_05695,DIST_W_01
OUT_05696,DIST_W_01
OUT_05697,DIST_W_01
OUT_05698,DIST_W_03
OUT_05699,DIST_W_03
OUT_05700,DIST_W_02
OUT_05701,DIST_W_02
OUT_05702,DIST_W_01
OUT_05703,DIST_W_01
OUT_05704,DIST_W_02
OUT_05705,DIST_W_02
OUT_05706,DIST_W_02
OUT_05707,DIST_W_01
OUT_05708,DIST_W_01
OUT_05709,DIST_W_02
OUT_05710,DIST_W_02
OUT_05711,DIST_W_01
OUT_05712,DIST_W_01
OUT_05713,DIST_W_02
OUT_05714,DIST_W_03
OUT_05715,DIST_W_02
OUT_05716,DIST_W_02
OUT_05717,DIST_W_01
OUT_05718,DIST_W_01
OUT_05719,DIST_W_03
OUT_05720,DIST_W_01
OUT_05721,DIST_W_01
OUT_05722,DIST_W_02
OUT_05723,DIST_W_03
OUT_05724,DIST_W_02
OUT_05725,DIST_W_01
OUT_05726,DIST_W_03
OUT_05727,DIST_W_03
OUT_05728,DIST_W_03
OUT_05729,DIST_W_03
OUT_05730,DIST_W_03
OUT_05731,DIST_W_02
OUT_05732,DIST_W_01
OUT_05733,DIST_W_02
OUT_05734,DIST_W_01
OUT_05735,DIST_W_01
OUT_05736,DIST_W_01
OUT_05737,DIST_W_03
OUT_05738,DIST_W_02
OUT_05739,DIST_W_02
OUT_05740,DIST_W_01
OUT_05741,DIST_W_03
OUT_05742,DIST_W_03
OUT_05743,DIST_W_01
OUT_05744,DIST_W_02
OUT_05745,DIST_W_02
OUT_05746,DIST_W_03
OUT_05747,DIST_W_03
OUT_05748,DIST_W_03
OUT_05749,DIST_W_01
OUT_05750,DIST_W_01
OUT_05751,DIST_W_02
OUT_05752,DIST_W_01
OUT_05753,DIST_W_02
OUT_05754,DIST_W_02
OUT_05755,DIST_W_01
OUT_05756,DIST_W_02
OUT_05757,DIST_W_03
OUT_05758,DIST_W_02
OUT_05759,DIST_W_01
OUT_05760,DIST_W_03
OUT_05761,DIST_W_02
OUT_05762,DIST_W_03
OUT_05763,DIST_W_03
OUT_05764,DIST_W_03
OUT_05765,DIST_W_02
OUT_05766,DIST_W_02
OUT_05767,DIST_W_01
OUT_05768,DIST_W_03
OUT_05769,DIST_W_02
OUT_05770,DIST_W_03
OUT_05771,DIST_W_02
OUT_05772,DIST_W_02
OUT_05773,DIST_W_03
OUT_05774,DIST_W_01
OUT_05775,DIST_W_03
OUT_05776,DIST_W_03
OUT_05777,DIST_W_03
OUT_05778,DIST_W_02
OUT_05779,DIST_W_01
OUT_05780,DIST_W_03
OUT_05781,DIST_W_01
OUT_05782,DIST_W_01
OUT_05783,DIST_W_01
OUT_05784,DIST_W_02
OUT_05785,DIST_W_01
OUT_05786,DIST_W_03
OUT_05787,DIST_W_03
OUT_05788,DIST_W_01
OUT_05789,DIST_W_02
OUT_05790,DIST_W_03
OUT_05791,DIST_W_03
OUT_05792,DIST_W_01
OUT_05793,DIST_W_01
OUT_05794,DIST_W_01
OUT_05795,DIST_W_02
OUT_05796,DIST_W_01
OUT_05797,DIST_W_02
OUT_05798,DIST_W_03
OUT_05799,DIST_W_02
OUT_05800,DIST_W_03
OUT_05801,DIST_W_03
OUT_05802,DIST_W_01
OUT_05803,DIST_W_03
OUT_05804,DIST_W_01
OUT_05805,DIST_W_03
OUT_05806,DIST_W_02
OUT_05807,DIST_W_01
OUT_05808,DIST_W_03
OUT_05809,DIST_W_02
OUT_05810,DIST_W_03
OUT_05811,DIST_W_01
OUT_05812,DIST_W_02
OUT_05813,DIST_W_01
OUT_05814,DIST_W_02
OUT_05815,DIST_W_02
OUT_05816,DIST_W_02
OUT_05817,DIST_W_01
OUT_05818,DIST_W_02
OUT_05819,DIST_W_02
OUT_05820,DIST_W_02
OUT_05821,DIST_W_03
OUT_05822,DIST_W_02
OUT_05823,DIST_W_01
OUT_05824,DIST_W_03
OUT_05825,DIST_W_01
OUT_05826,DIST_W_01
OUT_05827,DIST_W_01
OUT_05828,DIST_W_03
OUT_05829,DIST_W_03
OUT_05830,DIST_W_01
OUT_05831,DIST_W_03
OUT_05832,DIST_W_03
OUT_05833,DIST_W_02
OUT_05834,DIST_W_01
OUT_05835,DIST_W_02
OUT_05836,DIST_W_03
OUT_05837,DIST_W_01
OUT_05838,DIST_W_02
OUT_05839,DIST_W_01
OUT_05840,DIST_W_02
OUT_05841,DIST_W_03
OUT_05842,DIST_W_03
OUT_05843,DIST_W_02
OUT_05844,DIST_W_03
OUT_05845,DIST_W_01
OUT_05846,DIST_W_02
OUT_05847,DIST_W_02
OUT_05848,DIST_W_02
OUT_05849,DIST_W_03
OUT_05850,DIST_W_01
OUT_05851,DIST_W_03
OUT_05852,DIST_W_02
OUT_05853,DIST_W_03
OUT_05854,DIST_W_01
OUT_05855,DIST_W_01
OUT_05856,DIST_W_03
OUT_05857,DIST_W_01
OUT_05858,DIST_W_03
OUT_05859,DIST_W_02
OUT_05860,DIST_W_03
OUT_05861,DIST_W_03
OUT_05862,DIST_W_03
OUT_05863,DIST_W_02
OUT_05864,DIST_W_02
OUT_05865,DIST_W_01
OUT_05866,DIST_W_02
OUT_05867,DIST_W_01
OUT_05868,DIST_W_03
OUT_05869,DIST_W_01
OUT_05870,DIST_W_02
OUT_05871,DIST_W_01
OUT_05872,DIST_W_02
OUT_05873,DIST_W_03
OUT_05874,DIST_W_01
OUT_05875,DIST_W_03
OUT_05876,DIST_W_03
OUT_05877,DIST_W_01
OUT_05878,DIST_W_03
OUT_05879,DIST_W_02
OUT_05880,DIST_W_03
OUT_05881,DIST_W_01
OUT_05882,DIST_W_02
OUT_05883,DIST_W_03
OUT_05884,DIST_W_01
OUT_05885,DIST_W_01
OUT_05886,DIST_W_03
OUT_05887,DIST_W_01
OUT_05888,DIST_W_02
OUT_05889,DIST_W_02
OUT_05890,DIST_W_03
OUT_05891,DIST_W_01
OUT_05892,DIST_W_02
OUT_05893,DIST_W_02
OUT_05894,DIST_W_03
OUT_05895,DIST_W_01
OUT_05896,DIST_W_01
OUT_05897,DIST_W_01
OUT_05898,DIST_W_02
OUT_05899,DIST_W_01
OUT_05900,DIST_W_02
OUT_05901,DIST_W_03
OUT_05902,DIST_W_01
OUT_05903,DIST_W_03
OUT_05904,DIST_W_02
OUT_05905,DIST_W_01
OUT_05906,DIST_W_03
OUT_05907,DIST_W_03
OUT_05908,DIST_W_02
OUT_05909,DIST_W_03
OUT_05910,DIST_W_02
OUT_05911,DIST_W_02
OUT_05912,DIST_W_01
OUT_05913,DIST_W_01
OUT_05914,DIST_W_03
OUT_05915,DIST_W_02
OUT_05916,DIST_W_03
OUT_05917,DIST_W_03
OUT_05918,DIST_W_02
OUT_05919,DIST_W_01
OUT_05920,DIST_W_01
OUT_05921,DIST_W_03
OUT_05922,DIST_W_02
OUT_05923,DIST_W_03
OUT_05924,DIST_W_03
OUT_05925,DIST_W_02
OUT_05926,DIST_W_03
OUT_05927,DIST_W_01
OUT_05928,DIST_W_01
OUT_05929,DIST_W_01
OUT_05930,DIST_W_01
OUT_05931,DIST_W_03
OUT_05932,DIST_W_03
OUT_05933,DIST_W_03
OUT_05934,DIST_W_03
OUT_05935,DIST_W_02
OUT_05936,DIST_W_03
OUT_05937,DIST_W_03
OUT_05938,DIST_W_01
OUT_05939,DIST_W_01
OUT_05940,DIST_W_02
OUT_05941,DIST_W_02
OUT_05942,DIST_W_02
OUT_05943,DIST_W_01
OUT_05944,DIST_W_03
OUT_05945,DIST_W_02
OUT_05946,DIST_W_01
OUT_05947,DIST_W_01
OUT_05948,DIST_W_02
OUT_05949,DIST_W_03
OUT_05950,DIST_W_02
OUT_05951,DIST_W_01
OUT_05952,DIST_W_02
OUT_05953,DIST_W_03
OUT_05954,DIST_W_01
OUT_05955,DIST_W_01
OUT_05956,DIST_W_03
OUT_05957,DIST_W_01
OUT_05958,DIST_W_02
OUT_05959,DIST_W_02
OUT_05960,DIST_W_01
OUT_05961,DIST_W_03
OUT_05962,DIST_W_02
OUT_05963,DIST_W_01
OUT_05964,DIST_W_01
OUT_05965,DIST_W_01
OUT_05966,DIST_W_02
OUT_05967,DIST_W_01
OUT_05968,DIST_W_03
OUT_05969,DIST_W_02
OUT_05970,DIST_W_03
OUT_05971,DIST_W_02
OUT_05972,DIST_W_03
OUT_05973,DIST_W_01
OUT_05974,DIST_W_01
OUT_05975,DIST_W_03
OUT_05976,DIST_W_03
OUT_05977,DIST_W_02
OUT_05978,DIST_W_03
OUT_05979,DIST_W_03
OUT_05980,DIST_W_02
OUT_05981,DIST_W_02
OUT_05982,DIST_W_03
OUT_05983,DIST_W_02
OUT_05984,DIST_W_03
OUT_05985,DIST_W_02
OUT_05986,DIST_W_02
OUT_05987,DIST_W_01
OUT_05988,DIST_W_02
OUT_05989,DIST_W_01
OUT_05990,DIST_W_01
OUT_05991,DIST_W_03
OUT_05992,DIST_W_01
OUT_05993,DIST_W_01
OUT_05994,DIST_W_03
OUT_05995,DIST_W_01
OUT_05996,DIST_W_03
OUT_05997,DIST_W_02
OUT_05998,DIST_W_01
OUT_05999,DIST_W_02
OUT_06000,DIST_W_02
OUT_06001,DIST_W_01
OUT_06002,DIST_W_02
OUT_06003,DIST_W_03
OUT_06004,DIST_W_03
OUT_06005,DIST_W_01
OUT_06006,DIST_W_01
OUT_06007,DIST_W_03
OUT_06008,DIST_W_02
OUT_06009,DIST_W_01
OUT_06010,DIST_W_02
OUT_06011,DIST_W_02
OUT_06012,DIST_W_03
OUT_06013,DIST_W_03
OUT_06014,DIST_W_03
OUT_06015,DIST_W_01
OUT_06016,DIST_W_01
OUT_06017,DIST_W_02
OUT_06018,DIST_W_01
OUT_06019,DIST_W_03
OUT_06020,DIST_W_03
OUT_06021,DIST_W_03
OUT_06022,DIST_W_03
OUT_06023,DIST_W_01
OUT_06024,DIST_W_01
OUT_06025,DIST_W_03
OUT_06026,DIST_W_03
OUT_06027,DIST_W_03
OUT_06028,DIST_W_03
OUT_06029,DIST_W_03
OUT_06030,DIST_W_02
OUT_06031,DIST_W_01
OUT_06032,DIST_W_03
OUT_06033,DIST_W_01
OUT_06034,DIST_W_02
OUT_06035,DIST_W_03
OUT_06036,DIST_W_03
OUT_06037,DIST_W_02
OUT_06038,DIST_W_01
OUT_06039,DIST_W_01
OUT_06040,DIST_W_01
OUT_06041,DIST_W_02
OUT_06042,DIST_W_02
OUT_06043,DIST_W_01
OUT_06044,DIST_W_02
OUT_06045,DIST_W_02
OUT_06046,DIST_W_01
OUT_06047,DIST_W_01
OUT_06048,DIST_W_03
OUT_06049,DIST_W_01
OUT_06050,DIST_W_02
OUT_06051,DIST_W_01
OUT_06052,DIST_W_01
OUT_06053,DIST_W_03
OUT_06054,DIST_W_02
OUT_06055,DIST_W_03
OUT_06056,DIST_W_02
OUT_06057,DIST_W_02
OUT_06058,DIST_W_02
OUT_06059,DIST_W_03
OUT_06060,DIST_W_03
OUT_06061,DIST_W_02
OUT_06062,DIST_W_03
OUT_06063,DIST_W_01
OUT_06064,DIST_W_01
OUT_06065,DIST_W_01
OUT_06066,DIST_W_02
OUT_06067,DIST_W_02
OUT_06068,DIST_W_03
OUT_06069,DIST_W_02
OUT_06070,DIST_W_01
OUT_06071,DIST_W_02
OUT_06072,DIST_W_03
OUT_06073,DIST_W_03
OUT_06074,DIST_W_03
OUT_06075,DIST_W_02
OUT_06076,DIST_W_03
OUT_06077,DIST_W_01
OUT_06078,DIST_W_03
OUT_06079,DIST_W_01
OUT_06080,DIST_W_01
OUT_06081,DIST_W_03
OUT_06082,DIST_W_03
OUT_06083,DIST_W_01
OUT_06084,DIST_W_02
OUT_06085,DIST_W_01
OUT_06086,DIST_W_02
OUT_06087,DIST_W_01
OUT_06088,DIST_W_01
OUT_06089,DIST_W_02
OUT_06090,DIST_W_03
OUT_06091,DIST_W_02
OUT_06092,DIST_W_02
OUT_06093,DIST_W_02
OUT_06094,DIST_W_02
OUT_06095,DIST_W_02
OUT_06096,DIST_W_01
OUT_06097,DIST_W_01
OUT_06098,DIST_W_02
OUT_06099,DIST_W_03
OUT_06100,DIST_W_03
OUT_06101,DIST_W_02
OUT_06102,DIST_W_02
OUT_06103,DIST_W_01
OUT_06104,DIST_W_02
OUT_06105,DIST_W_01
OUT_06106,DIST_W_01
OUT_06107,DIST_W_03
OUT_06108,DIST_W_03
OUT_06109,DIST_W_03
OUT_06110,DIST_W_01
OUT_06111,DIST_W_03
OUT_06112,DIST_W_02
OUT_06113,DIST_W_01
OUT_06114,DIST_W_03
OUT_06115,DIST_W_03
OUT_06116,DIST_W_01
OUT_06117,DIST_W_02
OUT_06118,DIST_W_02
OUT_06119,DIST_W_03
OUT_06120,DIST_W_02
OUT_06121,DIST_W_03
OUT_06122,DIST_W_01
OUT_06123,DIST_W_03
OUT_06124,DIST_W_03
OUT_06125,DIST_W_02
OUT_06126,DIST_W_01
OUT_06127,DIST_W_03
OUT_06128,DIST_W_03
OUT_06129,DIST_W_01
OUT_06130,DIST_W_02
OUT_06131,DIST_W_02
OUT_06132,DIST_W_03
OUT_06133,DIST_W_02
OUT_06134,DIST_W_03
OUT_06135,DIST_W_01
OUT_06136,DIST_W_02
OUT_06137,DIST_W_01
OUT_06138,DIST_W_01
OUT_06139,DIST_W_02
OUT_06140,DIST_W_01
OUT_06141,DIST_W_01
OUT_06142,DIST_W_03
OUT_06143,DIST_W_03
OUT_06144,DIST_W_01
OUT_06145,DIST_W_03
OUT_06146,DIST_W_03
OUT_06147,DIST_W_02
OUT_06148,DIST_W_01
OUT_06149,DIST_W_02
OUT_06150,DIST_W_03
OUT_06151,DIST_W_03
OUT_06152,DIST_W_02
OUT_06153,DIST_W_02
OUT_06154,DIST_W_03
OUT_06155,DIST_W_02
OUT_06156,DIST_W_01
OUT_06157,DIST_W_03
OUT_06158,DIST_W_03
OUT_06159,DIST_W_02
OUT_06160,DIST_W_03
OUT_06161,DIST_W_01
OUT_06162,DIST_W_03
OUT_06163,DIST_W_03
OUT_06164,DIST_W_02
OUT_06165,DIST_W_03
OUT_06166,DIST_W_02
OUT_06167,DIST_W_03
OUT_06168,DIST_W_01
OUT_06169,DIST_W_02
OUT_06170,DIST_W_03
OUT_06171,DIST_W_01
OUT_06172,DIST_W_02
OUT_06173,DIST_W_02
OUT_06174,DIST_W_01
OUT_06175,DIST_W_03
OUT_06176,DIST_W_02
OUT_06177,DIST_W_03
OUT_06178,DIST_W_03
OUT_06179,DIST_W_01
OUT_06180,DIST_W_01
OUT_06181,DIST_W_01
OUT_06182,DIST_W_02
OUT_06183,DIST_W_01
OUT_06184,DIST_W_01
OUT_06185,DIST_W_01
OUT_06186,DIST_W_03
OUT_06187,DIST_W_01
OUT_06188,DIST_W_03
OUT_06189,DIST_W_03
OUT_06190,DIST_W_03
OUT_06191,DIST_W_01
OUT_06192,DIST_W_03
OUT_06193,DIST_W_02
OUT_06194,DIST_W_02
OUT_06195,DIST_W_02
OUT_06196,DIST_W_01
OUT_06197,DIST_W_03
OUT_06198,DIST_W_02
OUT_06199,DIST_W_03
OUT_06200,DIST_W_02
OUT_06201,DIST_W_02
OUT_06202,DIST_W_03
OUT_06203,DIST_W_03
OUT_06204,DIST_W_02
OUT_06205,DIST_W_01
OUT_06206,DIST_W_02
OUT_06207,DIST_W_02
OUT_06208,DIST_W_02
OUT_06209,DIST_W_02
OUT_06210,DIST_W_03
OUT_06211,DIST_W_03
OUT_06212,DIST_W_03
OUT_06213,DIST_W_01
OUT_06214,DIST_W_01
OUT_06215,DIST_W_01
OUT_06216,DIST_W_02
OUT_06217,DIST_W_02
OUT_06218,DIST_W_03
OUT_06219,DIST_W_03
OUT_06220,DIST_W_01
OUT_06221,DIST_W_02
OUT_06222,DIST_W_02
OUT_06223,DIST_W_02
OUT_06224,DIST_W_01
OUT_06225,DIST_W_01
OUT_06226,DIST_W_03
OUT_06227,DIST_W_01
OUT_06228,DIST_W_02
OUT_06229,DIST_W_02
OUT_06230,DIST_W_03
OUT_06231,DIST_W_01
OUT_06232,DIST_W_03
OUT_06233,DIST_W_03
OUT_06234,DIST_W_03
OUT_06235,DIST_W_03
OUT_06236,DIST_W_01
OUT_06237,DIST_W_01
OUT_06238,DIST_W_03
OUT_06239,DIST_W_02
OUT_06240,DIST_W_03
OUT_06241,DIST_W_03
OUT_06242,DIST_W_03
OUT_06243,DIST_W_01
OUT_06244,DIST_W_02
OUT_06245,DIST_W_02
OUT_06246,DIST_W_01
OUT_06247,DIST_W_01
OUT_06248,DIST_W_01
OUT_06249,DIST_W_03
OUT_06250,DIST_W_02
OUT_06251,DIST_W_02
OUT_06252,DIST_W_03
OUT_06253,DIST_W_03
OUT_06254,DIST_W_03
OUT_06255,DIST_W_03
OUT_06256,DIST_W_01
OUT_06257,DIST_W_02
OUT_06258,DIST_W_02
OUT_06259,DIST_W_03
OUT_06260,DIST_W_01
OUT_06261,DIST_W_02
OUT_06262,DIST_W_01
OUT_06263,DIST_W_02
OUT_06264,DIST_W_01
OUT_06265,DIST_W_01
OUT_06266,DIST_W_01
OUT_06267,DIST_W_01
OUT_06268,DIST_W_01
OUT_06269,DIST_W_02
OUT_06270,DIST_W_03
OUT_06271,DIST_W_01
OUT_06272,DIST_W_01
OUT_06273,DIST_W_01
OUT_06274,DIST_W_03
OUT_06275,DIST_W_02
OUT_06276,DIST_W_02
OUT_06277,DIST_W_01
OUT_06278,DIST_W_01
OUT_06279,DIST_W_01
OUT_06280,DIST_W_03
OUT_06281,DIST_W_02
OUT_06282,DIST_W_03
OUT_06283,DIST_W_03
OUT_06284,DIST_W_02
OUT_06285,DIST_W_03
OUT_06286,DIST_W_02
OUT_06287,DIST_W_01
OUT_06288,DIST_W_03
OUT_06289,DIST_W_02
OUT_06290,DIST_W_01
OUT_06291,DIST_W_02
OUT_06292,DIST_W_03
OUT_06293,DIST_W_01
OUT_06294,DIST_W_03
OUT_06295,DIST_W_03
OUT_06296,DIST_W_02
OUT_06297,DIST_W_01
OUT_06298,DIST_W_03
OUT_06299,DIST_W_01
OUT_06300,DIST_W_02
OUT_06301,DIST_W_02
OUT_06302,DIST_W_02
OUT_06303,DIST_W_03
OUT_06304,DIST_W_03
OUT_06305,DIST_W_03
OUT_06306,DIST_W_01
OUT_06307,DIST_W_03
OUT_06308,DIST_W_02
OUT_06309,DIST_W_02
OUT_06310,DIST_W_03
OUT_06311,DIST_W_01
OUT_06312,DIST_W_02
OUT_06313,DIST_W_01
OUT_06314,DIST_W_01
OUT_06315,DIST_W_01
OUT_06316,DIST_W_03
OUT_06317,DIST_W_01
OUT_06318,DIST_W_01
OUT_06319,DIST_W_03
OUT_06320,DIST_W_01
OUT_06321,DIST_W_01
OUT_06322,DIST_W_02
OUT_06323,DIST_W_03
OUT_06324,DIST_W_01
OUT_06325,DIST_W_01
OUT_06326,DIST_W_02
OUT_06327,DIST_W_02
OUT_06328,DIST_W_01
OUT_06329,DIST_W_02
OUT_06330,DIST_W_03
OUT_06331,DIST_W_03
OUT_06332,DIST_W_03
OUT_06333,DIST_W_02
OUT_06334,DIST_W_03
OUT_06335,DIST_W_02
OUT_06336,DIST_W_02
OUT_06337,DIST_W_03
OUT_06338,DIST_W_01
OUT_06339,DIST_W_02
OUT_06340,DIST_W_03
OUT_06341,DIST_W_01
OUT_06342,DIST_W_01
OUT_06343,DIST_W_02
OUT_06344,DIST_W_03
OUT_06345,DIST_W_01
OUT_06346,DIST_W_03
OUT_06347,DIST_W_03
OUT_06348,DIST_W_02
OUT_06349,DIST_W_01
OUT_06350,DIST_W_02
OUT_06351,DIST_W_01
OUT_06352,DIST_W_02
OUT_06353,DIST_W_02
OUT_06354,DIST_W_03
OUT_06355,DIST_W_01
OUT_06356,DIST_W_01
OUT_06357,DIST_W_01
OUT_06358,DIST_W_03
OUT_06359,DIST_W_02
OUT_06360,DIST_W_01
OUT_06361,DIST_W_02
OUT_06362,DIST_W_01
OUT_06363,DIST_W_02
OUT_06364,DIST_W_01
OUT_06365,DIST_W_02
OUT_06366,DIST_W_03
OUT_06367,DIST_W_03
OUT_06368,DIST_W_01
OUT_06369,DIST_W_01
OUT_06370,DIST_W_03
OUT_06371,DIST_W_02
OUT_06372,DIST_W_02
OUT_06373,DIST_W_03
OUT_06374,DIST_W_02
OUT_06375,DIST_W_01
OUT_06376,DIST_W_01
OUT_06377,DIST_W_03
OUT_06378,DIST_W_01
OUT_06379,DIST_W_02
OUT_06380,DIST_W_02
OUT_06381,DIST_W_03
OUT_06382,DIST_W_03
OUT_06383,DIST_W_01
OUT_06384,DIST_W_03
OUT_06385,DIST_W_02
OUT_06386,DIST_W_02
OUT_06387,DIST_W_01
OUT_06388,DIST_W_02
OUT_06389,DIST_W_01
OUT_06390,DIST_W_01
OUT_06391,DIST_W_01
OUT_06392,DIST_W_03
OUT_06393,DIST_W_01
OUT_06394,DIST_W_01
OUT_06395,DIST_W_02
OUT_06396,DIST_W_03
OUT_06397,DIST_W_03
OUT_06398,DIST_W_01
OUT_06399,DIST_W_03
OUT_06400,DIST_W_02
OUT_06401,DIST_W_01
OUT_06402,DIST_W_02
OUT_06403,DIST_W_01
OUT_06404,DIST_W_02
OUT_06405,DIST_W_01
OUT_06406,DIST_W_02
OUT_06407,DIST_W_02
OUT_06408,DIST_W_03
OUT_06409,DIST_W_02
OUT_06410,DIST_W_03
OUT_06411,DIST_W_03
OUT_06412,DIST_W_01
OUT_06413,DIST_W_01
OUT_06414,DIST_W_03
OUT_06415,DIST_W_02
OUT_06416,DIST_W_02
OUT_06417,DIST_W_01
OUT_06418,DIST_W_01
OUT_06419,DIST_W_01
OUT_06420,DIST_W_03
OUT_06421,DIST_W_03
OUT_06422,DIST_W_03
OUT_06423,DIST_W_03
OUT_06424,DIST_W_02
OUT_06425,DIST_W_02
OUT_06426,DIST_W_03
OUT_06427,DIST_W_02
OUT_06428,DIST_W_03
OUT_06429,DIST_W_02
OUT_06430,DIST_W_02
OUT_06431,DIST_W_02
OUT_06432,DIST_W_03
OUT_06433,DIST_W_03
OUT_06434,DIST_W_02
OUT_06435,DIST_W_02
OUT_06436,DIST_W_03
OUT_06437,DIST_W_03
OUT_06438,DIST_W_03
OUT_06439,DIST_W_03
OUT_06440,DIST_W_03
OUT_06441,DIST_W_01
OUT_06442,DIST_W_01
OUT_06443,DIST_W_03
OUT_06444,DIST_W_03
OUT_06445,DIST_W_01
OUT_06446,DIST_W_01
OUT_06447,DIST_W_02
OUT_06448,DIST_W_02
OUT_06449,DIST_W_01
OUT_06450,DIST_W_03
OUT_06451,DIST_W_02
OUT_06452,DIST_W_03
OUT_06453,DIST_W_01
OUT_06454,DIST_W_01
OUT_06455,DIST_W_01
OUT_06456,DIST_W_01
OUT_06457,DIST_W_03
OUT_06458,DIST_W_01
OUT_06459,DIST_W_03
OUT_06460,DIST_W_01
OUT_06461,DIST_W_03
OUT_06462,DIST_W_02
OUT_06463,DIST_W_01
OUT_06464,DIST_W_01
OUT_06465,DIST_W_02
OUT_06466,DIST_W_03
OUT_06467,DIST_W_02
OUT_06468,DIST_W_01
OUT_06469,DIST_W_01
OUT_06470,DIST_W_01
OUT_06471,DIST_W_03
OUT_06472,DIST_W_03
OUT_06473,DIST_W_02
OUT_06474,DIST_W_01
OUT_06475,DIST_W_03
OUT_06476,DIST_W_03
OUT_06477,DIST_W_02
OUT_06478,DIST_W_03
OUT_06479,DIST_W_02
OUT_06480,DIST_W_02
OUT_06481,DIST_W_01
OUT_06482,DIST_W_03
OUT_06483,DIST_W_01
OUT_06484,DIST_W_02
OUT_06485,DIST_W_02
OUT_06486,DIST_W_02
OUT_06487,DIST_W_03
OUT_06488,DIST_W_03
OUT_06489,DIST_W_01
OUT_06490,DIST_W_02
OUT_06491,DIST_W_03
OUT_06492,DIST_W_03
OUT_06493,DIST_W_02
OUT_06494,DIST_W_03
OUT_06495,DIST_W_03
OUT_06496,DIST_W_03
OUT_06497,DIST_W_02
OUT_06498,DIST_W_03
OUT_06499,DIST_W_01
OUT_06500,DIST_W_02
OUT_06501,DIST_W_02
OUT_06502,DIST_W_01
OUT_06503,DIST_W_02
OUT_06504,DIST_W_03
OUT_06505,DIST_W_01
OUT_06506,DIST_W_01
OUT_06507,DIST_W_01
OUT_06508,DIST_W_03
OUT_06509,DIST_W_01
OUT_06510,DIST_W_02
OUT_06511,DIST_W_03
OUT_06512,DIST_W_03
OUT_06513,DIST_W_03
OUT_06514,DIST_W_02
OUT_06515,DIST_W_02
OUT_06516,DIST_W_03
OUT_06517,DIST_W_03
OUT_06518,DIST_W_02
OUT_06519,DIST_W_03
OUT_06520,DIST_W_02
OUT_06521,DIST_W_02
OUT_06522,DIST_W_02
OUT_06523,DIST_W_02
OUT_06524,DIST_W_03
OUT_06525,DIST_W_03
OUT_06526,DIST_W_02
OUT_06527,DIST_W_01
OUT_06528,DIST_W_01
OUT_06529,DIST_W_02
OUT_06530,DIST_W_01
OUT_06531,DIST_W_01
OUT_06532,DIST_W_01
OUT_06533,DIST_W_03
OUT_06534,DIST_W_03
OUT_06535,DIST_W_01
OUT_06536,DIST_W_02
OUT_06537,DIST_W_02
OUT_06538,DIST_W_01
OUT_06539,DIST_W_01
OUT_06540,DIST_W_01
OUT_06541,DIST_W_01
OUT_06542,DIST_W_03
OUT_06543,DIST_W_02
OUT_06544,DIST_W_01
OUT_06545,DIST_W_03
OUT_06546,DIST_W_01
OUT_06547,DIST_W_01
OUT_06548,DIST_W_02
OUT_06549,DIST_W_01
OUT_06550,DIST_W_02
OUT_06551,DIST_W_03
OUT_06552,DIST_W_03
OUT_06553,DIST_W_03
OUT_06554,DIST_W_03
OUT_06555,DIST_W_03
OUT_06556,DIST_W_03
OUT_06557,DIST_W_03
OUT_06558,DIST_W_03
OUT_06559,DIST_W_03
OUT_06560,DIST_W_02
OUT_06561,DIST_W_01
OUT_06562,DIST_W_01
OUT_06563,DIST_W_02
OUT_06564,DIST_W_02
OUT_06565,DIST_W_03
OUT_06566,DIST_W_02
OUT_06567,DIST_W_01
OUT_06568,DIST_W_02
OUT_06569,DIST_W_01
OUT_06570,DIST_W_02
OUT_06571,DIST_W_03
OUT_06572,DIST_W_01
OUT_06573,DIST_W_01
OUT_06574,DIST_W_03
OUT_06575,DIST_W_03
OUT_06576,DIST_W_02
OUT_06577,DIST_W_01
OUT_06578,DIST_W_03
OUT_06579,DIST_W_02
OUT_06580,DIST_W_03
OUT_06581,DIST_W_02
OUT_06582,DIST_W_01
OUT_06583,DIST_W_02
OUT_06584,DIST_W_02
OUT_06585,DIST_W_02
OUT_06586,DIST_W_02
OUT_06587,DIST_W_03
OUT_06588,DIST_W_01
OUT_06589,DIST_W_03
OUT_06590,DIST_W_01
OUT_06591,DIST_W_03
OUT_06592,DIST_W_02
OUT_06593,DIST_W_03
OUT_06594,DIST_W_02
OUT_06595,DIST_W_01
OUT_06596,DIST_W_01
OUT_06597,DIST_W_02
OUT_06598,DIST_W_01
OUT_06599,DIST_W_03
OUT_06600,DIST_W_01
OUT_06601,DIST_W_03
OUT_06602,DIST_W_01
OUT_06603,DIST_W_03
OUT_06604,DIST_W_01
OUT_06605,DIST_W_01
OUT_06606,DIST_W_01
OUT_06607,DIST_W_03
OUT_06608,DIST_W_01
OUT_06609,DIST_W_01
OUT_06610,DIST_W_02
OUT_06611,DIST_W_01
OUT_06612,DIST_W_02
OUT_06613,DIST_W_01
OUT_06614,DIST_W_03
OUT_06615,DIST_W_03
OUT_06616,DIST_W_02
OUT_06617,DIST_W_02
OUT_06618,DIST_W_02
OUT_06619,DIST_W_03
OUT_06620,DIST_W_03
OUT_06621,DIST_W_01
OUT_06622,DIST_W_02
OUT_06623,DIST_W_02
OUT_06624,DIST_W_02
OUT_06625,DIST_W_01
OUT_06626,DIST_W_01
OUT_06627,DIST_W_02
OUT_06628,DIST_W_03
OUT_06629,DIST_W_03
OUT_06630,DIST_W_01
OUT_06631,DIST_W_01
OUT_06632,DIST_W_03
OUT_06633,DIST_W_03
OUT_06634,DIST_W_03
OUT_06635,DIST_W_03
OUT_06636,DIST_W_03
OUT_06637,DIST_W_02
OUT_06638,DIST_W_03
OUT_06639,DIST_W_01
OUT_06640,DIST_W_03
OUT_06641,DIST_W_01
OUT_06642,DIST_W_03
OUT_06643,DIST_W_01
OUT_06644,DIST_W_02
OUT_06645,DIST_W_02
OUT_06646,DIST_W_01
OUT_06647,DIST_W_01
OUT_06648,DIST_W_02
OUT_06649,DIST_W_03
OUT_06650,DIST_W_01
OUT_06651,DIST_W_02
OUT_06652,DIST_W_03
OUT_06653,DIST_W_01
OUT_06654,DIST_W_01
OUT_06655,DIST_W_01
OUT_06656,DIST_W_01
OUT_06657,DIST_W_01
OUT_06658,DIST_W_02
OUT_06659,DIST_W_02
OUT_06660,DIST_W_01
OUT_06661,DIST_W_02
OUT_06662,DIST_W_02
OUT_06663,DIST_W_01
OUT_06664,DIST_W_01
OUT_06665,DIST_W_02
OUT_06666,DIST_W_02
OUT_06667,DIST_W_03
OUT_06668,DIST_W_02
OUT_06669,DIST_W_03
OUT_06670,DIST_W_03
OUT_06671,DIST_W_03
OUT_06672,DIST_W_01
OUT_06673,DIST_W_01
OUT_06674,DIST_W_03
OUT_06675,DIST_W_03
OUT_06676,DIST_W_02
OUT_06677,DIST_W_01
OUT_06678,DIST_W_01
OUT_06679,DIST_W_02
OUT_06680,DIST_W_02
OUT_06681,DIST_W_03
OUT_06682,DIST_W_02
OUT_06683,DIST_W_02
OUT_06684,DIST_W_01
OUT_06685,DIST_W_02
OUT_06686,DIST_W_01
OUT_06687,DIST_W_03
OUT_06688,DIST_W_02
OUT_06689,DIST_W_01
OUT_06690,DIST_W_01
OUT_06691,DIST_W_01
OUT_06692,DIST_W_03
OUT_06693,DIST_W_03
OUT_06694,DIST_W_02
OUT_06695,DIST_W_03
OUT_06696,DIST_W_02
OUT_06697,DIST_W_03
OUT_06698,DIST_W_02
OUT_06699,DIST_W_02
OUT_06700,DIST_W_03
OUT_06701,DIST_W_02
OUT_06702,DIST_W_02
OUT_06703,DIST_W_02
OUT_06704,DIST_W_03
OUT_06705,DIST_W_02
OUT_06706,DIST_W_02
OUT_06707,DIST_W_03
OUT_06708,DIST_W_02
OUT_06709,DIST_W_02
OUT_06710,DIST_W_02
OUT_06711,DIST_W_02
OUT_06712,DIST_W_02
OUT_06713,DIST_W_03
OUT_06714,DIST_W_03
OUT_06715,DIST_W_02
OUT_06716,DIST_W_03
OUT_06717,DIST_W_03
OUT_06718,DIST_W_01
OUT_06719,DIST_W_02
OUT_06720,DIST_W_03
OUT_06721,DIST_W_01
OUT_06722,DIST_W_03
OUT_06723,DIST_W_03
OUT_06724,DIST_W_02
OUT_06725,DIST_W_01
OUT_06726,DIST_W_01
OUT_06727,DIST_W_01
OUT_06728,DIST_W_02
OUT_06729,DIST_W_01
OUT_06730,DIST_W_01
OUT_06731,DIST_W_03
OUT_06732,DIST_W_01
OUT_06733,DIST_W_02
OUT_06734,DIST_W_03
OUT_06735,DIST_W_03
OUT_06736,DIST_W_01
OUT_06737,DIST_W_01
OUT_06738,DIST_W_03
OUT_06739,DIST_W_01
OUT_06740,DIST_W_03
OUT_06741,DIST_W_03
OUT_06742,DIST_W_02
OUT_06743,DIST_W_01
OUT_06744,DIST_W_03
OUT_06745,DIST_W_03
OUT_06746,DIST_W_03
OUT_06747,DIST_W_02
OUT_06748,DIST_W_03
OUT_06749,DIST_W_01
OUT_06750,DIST_W_03
OUT_06751,DIST_W_03
OUT_06752,DIST_W_03
OUT_06753,DIST_W_02
OUT_06754,DIST_W_01
OUT_06755,DIST_W_02
OUT_06756,DIST_W_03
OUT_06757,DIST_W_03
OUT_06758,DIST_W_03
OUT_06759,DIST_W_03
OUT_06760,DIST_W_02
OUT_06761,DIST_W_01
OUT_06762,DIST_W_02
OUT_06763,DIST_W_01
OUT_06764,DIST_W_03
OUT_06765,DIST_W_01
OUT_06766,DIST_W_02
OUT_06767,DIST_W_01
OUT_06768,DIST_W_03
OUT_06769,DIST_W_03
OUT_06770,DIST_W_02
OUT_06771,DIST_W_03
OUT_06772,DIST_W_01
OUT_06773,DIST_W_02
OUT_06774,DIST_W_03
OUT_06775,DIST_W_01
OUT_06776,DIST_W_01
OUT_06777,DIST_W_01
OUT_06778,DIST_W_01
OUT_06779,DIST_W_01
OUT_06780,DIST_W_03
OUT_06781,DIST_W_03
OUT_06782,DIST_W_01
OUT_06783,DIST_W_01
OUT_06784,DIST_W_02
OUT_06785,DIST_W_03
OUT_06786,DIST_W_03
OUT_06787,DIST_W_03
OUT_06788,DIST_W_03
OUT_06789,DIST_W_01
OUT_06790,DIST_W_02
OUT_06791,DIST_W_02
OUT_06792,DIST_W_03
OUT_06793,DIST_W_03
OUT_06794,DIST_W_03
OUT_06795,DIST_W_03
OUT_06796,DIST_W_02
OUT_06797,DIST_W_01
OUT_06798,DIST_W_02
OUT_06799,DIST_W_01
OUT_06800,DIST_W_03
OUT_06801,DIST_W_03
OUT_06802,DIST_W_02
OUT_06803,DIST_W_03
OUT_06804,DIST_W_03
OUT_06805,DIST_W_03
OUT_06806,DIST_W_03
OUT_06807,DIST_W_03
OUT_06808,DIST_W_02
OUT_06809,DIST_W_02
OUT_06810,DIST_W_01
OUT_06811,DIST_W_01
OUT_06812,DIST_W_03
OUT_06813,DIST_W_02
OUT_06814,DIST_W_03
OUT_06815,DIST_W_01
OUT_06816,DIST_W_02
OUT_06817,DIST_W_02
OUT_06818,DIST_W_03
OUT_06819,DIST_W_01
OUT_06820,DIST_W_02
OUT_06821,DIST_W_01
OUT_06822,DIST_W_02
OUT_06823,DIST_W_01
OUT_06824,DIST_W_03
OUT_06825,DIST_W_01
OUT_06826,DIST_W_03
OUT_06827,DIST_W_03
OUT_06828,DIST_W_02
OUT_06829,DIST_W_03
OUT_06830,DIST_W_02
OUT_06831,DIST_W_03
OUT_06832,DIST_W_01
OUT_06833,DIST_W_03
OUT_06834,DIST_W_01
OUT_06835,DIST_W_03
OUT_06836,DIST_W_02
OUT_06837,DIST_W_01
OUT_06838,DIST_W_03
OUT_06839,DIST_W_01
OUT_06840,DIST_W_02
OUT_06841,DIST_W_03
OUT_06842,DIST_W_03
OUT_06843,DIST_W_03
OUT_06844,DIST_W_02
OUT_06845,DIST_W_01
OUT_06846,DIST_W_03
OUT_06847,DIST_W_03
OUT_06848,DIST_W_01
OUT_06849,DIST_W_02
OUT_06850,DIST_W_03
OUT_06851,DIST_W_02
OUT_06852,DIST_W_01
OUT_06853,DIST_W_03
OUT_06854,DIST_W_03
OUT_06855,DIST_W_02
OUT_06856,DIST_W_02
OUT_06857,DIST_W_03
OUT_06858,DIST_W_03
OUT_06859,DIST_W_01
OUT_06860,DIST_W_02
OUT_06861,DIST_W_03
OUT_06862,DIST_W_02
OUT_06863,DIST_W_01
OUT_06864,DIST_W_03
OUT_06865,DIST_W_02
OUT_06866,DIST_W_02
OUT_06867,DIST_W_03
OUT_06868,DIST_W_02
OUT_06869,DIST_W_01
OUT_06870,DIST_W_02
OUT_06871,DIST_W_02
OUT_06872,DIST_W_01
OUT_06873,DIST_W_03
OUT_06874,DIST_W_01
OUT_06875,DIST_W_02
OUT_06876,DIST_W_02
OUT_06877,DIST_W_03
OUT_06878,DIST_W_03
OUT_06879,DIST_W_01
OUT_06880,DIST_W_03
OUT_06881,DIST_W_02
OUT_06882,DIST_W_03
OUT_06883,DIST_W_02
OUT_06884,DIST_W_02
OUT_06885,DIST_W_02
OUT_06886,DIST_W_01
OUT_06887,DIST_W_01
OUT_06888,DIST_W_03
OUT_06889,DIST_W_02
OUT_06890,DIST_W_01
OUT_06891,DIST_W_03
OUT_06892,DIST_W_02
OUT_06893,DIST_W_03
OUT_06894,DIST_W_03
OUT_06895,DIST_W_02
OUT_06896,DIST_W_01
OUT_06897,DIST_W_03
OUT_06898,DIST_W_02
OUT_06899,DIST_W_01
OUT_06900,DIST_W_01
OUT_06901,DIST_W_03
OUT_06902,DIST_W_03
OUT_06903,DIST_W_03
OUT_06904,DIST_W_02
OUT_06905,DIST_W_02
OUT_06906,DIST_W_01
OUT_06907,DIST_W_01
OUT_06908,DIST_W_03
OUT_06909,DIST_W_02
OUT_06910,DIST_W_03
OUT_06911,DIST_W_03
OUT_06912,DIST_W_01
OUT_06913,DIST_W_02
OUT_06914,DIST_W_03
OUT_06915,DIST_W_01
OUT_06916,DIST_W_02
OUT_06917,DIST_W_02
OUT_06918,DIST_W_02
OUT_06919,DIST_W_01
OUT_06920,DIST_W_02
OUT_06921,DIST_W_02
OUT_06922,DIST_W_02
OUT_06923,DIST_W_03
OUT_06924,DIST_W_02
OUT_06925,DIST_W_03
OUT_06926,DIST_W_03
OUT_06927,DIST_W_03
OUT_06928,DIST_W_01
OUT_06929,DIST_W_01
OUT_06930,DIST_W_01
OUT_06931,DIST_W_03
OUT_06932,DIST_W_03
OUT_06933,DIST_W_01
OUT_06934,DIST_W_02
OUT_06935,DIST_W_03
OUT_06936,DIST_W_02
OUT_06937,DIST_W_02
OUT_06938,DIST_W_03
OUT_06939,DIST_W_03
OUT_06940,DIST_W_02
OUT_06941,DIST_W_01
OUT_06942,DIST_W_03
OUT_06943,DIST_W_03
OUT_06944,DIST_W_03
OUT_06945,DIST_W_03
OUT_06946,DIST_W_02
OUT_06947,DIST_W_01
OUT_06948,DIST_W_03
OUT_06949,DIST_W_02
OUT_06950,DIST_W_01
OUT_06951,DIST_W_03
OUT_06952,DIST_W_03
OUT_06953,DIST_W_03
OUT_06954,DIST_W_03
OUT_06955,DIST_W_01
OUT_06956,DIST_W_03
OUT_06957,DIST_W_01
OUT_06958,DIST_W_01
OUT_06959,DIST_W_03
OUT_06960,DIST_W_01
OUT_06961,DIST_W_03
OUT_06962,DIST_W_01
OUT_06963,DIST_W_02
OUT_06964,DIST_W_03
OUT_06965,DIST_W_01
OUT_06966,DIST_W_01
OUT_06967,DIST_W_02
OUT_06968,DIST_W_03
OUT_06969,DIST_W_02
OUT_06970,DIST_W_02
OUT_06971,DIST_W_03
OUT_06972,DIST_W_02
OUT_06973,DIST_W_03
OUT_06974,DIST_W_02
OUT_06975,DIST_W_03
OUT_06976,DIST_W_01
OUT_06977,DIST_W_02
OUT_06978,DIST_W_02
OUT_06979,DIST_W_02
OUT_06980,DIST_W_03
OUT_06981,DIST_W_03
OUT_06982,DIST_W_02
OUT_06983,DIST_W_03
OUT_06984,DIST_W_02
OUT_06985,DIST_W_03
OUT_06986,DIST_W_01
OUT_06987,DIST_W_01
OUT_06988,DIST_W_01
OUT_06989,DIST_W_03
OUT_06990,DIST_W_03
OUT_06991,DIST_W_02
OUT_06992,DIST_W_02
OUT_06993,DIST_W_03
OUT_06994,DIST_W_02
OUT_06995,DIST_W_02
OUT_06996,DIST_W_01
OUT_06997,DIST_W_02
OUT_06998,DIST_W_01
OUT_06999,DIST_W_01
OUT_07000,DIST_W_01
OUT_07001,DIST_W_01
OUT_07002,DIST_W_02
OUT_07003,DIST_W_01
OUT_07004,DIST_W_03
OUT_07005,DIST_W_02
OUT_07006,DIST_W_02
OUT_07007,DIST_W_01
OUT_07008,DIST_W_03
OUT_07009,DIST_W_01
OUT_07010,DIST_W_02
OUT_07011,DIST_W_02
OUT_07012,DIST_W_02
OUT_07013,DIST_W_02
OUT_07014,DIST_W_02
OUT_07015,DIST_W_03
OUT_07016,DIST_W_01
OUT_07017,DIST_W_02
OUT_07018,DIST_W_01
OUT_07019,DIST_W_03
OUT_07020,DIST_W_02
OUT_07021,DIST_W_01
OUT_07022,DIST_W_01
OUT_07023,DIST_W_01
OUT_07024,DIST_W_03
OUT_07025,DIST_W_01
OUT_07026,DIST_W_02
OUT_07027,DIST_W_02
OUT_07028,DIST_W_02
OUT_07029,DIST_W_01
OUT_07030,DIST_W_02
OUT_07031,DIST_W_03
OUT_07032,DIST_W_03
OUT_07033,DIST_W_02
OUT_07034,DIST_W_03
OUT_07035,DIST_W_03
OUT_07036,DIST_W_01
OUT_07037,DIST_W_01
OUT_07038,DIST_W_02
OUT_07039,DIST_W_02
OUT_07040,DIST_W_01
OUT_07041,DIST_W_02
OUT_07042,DIST_W_02
OUT_07043,DIST_W_01
OUT_07044,DIST_W_02
OUT_07045,DIST_W_01
OUT_07046,DIST_W_01
OUT_07047,DIST_W_03
OUT_07048,DIST_W_03
OUT_07049,DIST_W_02
OUT_07050,DIST_W_02
OUT_07051,DIST_W_02
OUT_07052,DIST_W_01
OUT_07053,DIST_W_03
OUT_07054,DIST_W_01
OUT_07055,DIST_W_02
OUT_07056,DIST_W_03
OUT_07057,DIST_W_03
OUT_07058,DIST_W_02
OUT_07059,DIST_W_03
OUT_07060,DIST_W_03
OUT_07061,DIST_W_01
OUT_07062,DIST_W_01
OUT_07063,DIST_W_02
OUT_07064,DIST_W_03
OUT_07065,DIST_W_01
OUT_07066,DIST_W_03
OUT_07067,DIST_W_01
OUT_07068,DIST_W_02
OUT_07069,DIST_W_01
OUT_07070,DIST_W_01
OUT_07071,DIST_W_02
OUT_07072,DIST_W_03
OUT_07073,DIST_W_02
OUT_07074,DIST_W_03
OUT_07075,DIST_W_02
OUT_07076,DIST_W_03
OUT_07077,DIST_W_01
OUT_07078,DIST_W_03
OUT_07079,DIST_W_01
OUT_07080,DIST_W_02
OUT_07081,DIST_W_02
OUT_07082,DIST_W_01
OUT_07083,DIST_W_01
OUT_07084,DIST_W_01
OUT_07085,DIST_W_02
OUT_07086,DIST_W_02
OUT_07087,DIST_W_02
OUT_07088,DIST_W_01
OUT_07089,DIST_W_03
OUT_07090,DIST_W_03
OUT_07091,DIST_W_02
OUT_07092,DIST_W_03
OUT_07093,DIST_W_02
OUT_07094,DIST_W_02
OUT_07095,DIST_W_02
OUT_07096,DIST_W_02
OUT_07097,DIST_W_01
OUT_07098,DIST_W_01
OUT_07099,DIST_W_01
OUT_07100,DIST_W_02
OUT_07101,DIST_W_03
OUT_07102,DIST_W_02
OUT_07103,DIST_W_03
OUT_07104,DIST_W_01
OUT_07105,DIST_W_02
OUT_07106,DIST_W_03
OUT_07107,DIST_W_03
OUT_07108,DIST_W_01
OUT_07109,DIST_W_01
OUT_07110,DIST_W_02
OUT_07111,DIST_W_03
OUT_07112,DIST_W_03
OUT_07113,DIST_W_03
OUT_07114,DIST_W_02
OUT_07115,DIST_W_03
OUT_07116,DIST_W_03
OUT_07117,DIST_W_03
OUT_07118,DIST_W_03
OUT_07119,DIST_W_03
OUT_07120,DIST_W_03
OUT_07121,DIST_W_01
OUT_07122,DIST_W_03
OUT_07123,DIST_W_02
OUT_07124,DIST_W_02
OUT_07125,DIST_W_01
OUT_07126,DIST_W_01
OUT_07127,DIST_W_02
OUT_07128,DIST_W_03
OUT_07129,DIST_W_01
OUT_07130,DIST_W_01
OUT_07131,DIST_W_01
OUT_07132,DIST_W_02
OUT_07133,DIST_W_01
OUT_07134,DIST_W_03
OUT_07135,DIST_W_02
OUT_07136,DIST_W_03
OUT_07137,DIST_W_02
OUT_07138,DIST_W_01
OUT_07139,DIST_W_02
OUT_07140,DIST_W_03
OUT_07141,DIST_W_02
OUT_07142,DIST_W_02
OUT_07143,DIST_W_02
OUT_07144,DIST_W_01
OUT_07145,DIST_W_02
OUT_07146,DIST_W_02
OUT_07147,DIST_W_02
OUT_07148,DIST_W_02
OUT_07149,DIST_W_03
OUT_07150,DIST_W_03
OUT_07151,DIST_W_03
OUT_07152,DIST_W_02
OUT_07153,DIST_W_03
OUT_07154,DIST_W_02
OUT_07155,DIST_W_01
OUT_07156,DIST_W_03
OUT_07157,DIST_W_03
OUT_07158,DIST_W_02
OUT_07159,DIST_W_01
OUT_07160,DIST_W_02
OUT_07161,DIST_W_01
OUT_07162,DIST_W_03
OUT_07163,DIST_W_03
OUT_07164,DIST_W_03
OUT_07165,DIST_W_02
OUT_07166,DIST_W_03
OUT_07167,DIST_W_03
OUT_07168,DIST_W_03
OUT_07169,DIST_W_03
OUT_07170,DIST_W_01
OUT_07171,DIST_W_01
OUT_07172,DIST_W_02
OUT_07173,DIST_W_03
OUT_07174,DIST_W_02
OUT_07175,DIST_W_01
OUT_07176,DIST_W_03
OUT_07177,DIST_W_01
OUT_07178,DIST_W_01
OUT_07179,DIST_W_03
OUT_07180,DIST_W_01
OUT_07181,DIST_W_01
OUT_07182,DIST_W_02
OUT_07183,DIST_W_03
OUT_07184,DIST_W_03
OUT_07185,DIST_W_03
OUT_07186,DIST_W_03
OUT_07187,DIST_W_02
OUT_07188,DIST_W_03
OUT_07189,DIST_W_03
OUT_07190,DIST_W_03
OUT_07191,DIST_W_01
OUT_07192,DIST_W_01
OUT_07193,DIST_W_03
OUT_07194,DIST_W_02
OUT_07195,DIST_W_03
OUT_07196,DIST_W_01
OUT_07197,DIST_W_03
OUT_07198,DIST_W_01
OUT_07199,DIST_W_03
OUT_07200,DIST_W_02
OUT_07201,DIST_W_03
OUT_07202,DIST_W_01
OUT_07203,DIST_W_02
OUT_07204,DIST_W_03
OUT_07205,DIST_W_03
OUT_07206,DIST_W_03
OUT_07207,DIST_W_02
OUT_07208,DIST_W_01
OUT_07209,DIST_W_01
OUT_07210,DIST_W_01
OUT_07211,DIST_W_03
OUT_07212,DIST_W_02
OUT_07213,DIST_W_02
OUT_07214,DIST_W_03
OUT_07215,DIST_W_01
OUT_07216,DIST_W_01
OUT_07217,DIST_W_03
OUT_07218,DIST_W_01
OUT_07219,DIST_W_01
OUT_07220,DIST_W_01
OUT_07221,DIST_W_01
OUT_07222,DIST_W_01
OUT_07223,DIST_W_03
OUT_07224,DIST_W_01
OUT_07225,DIST_W_02
OUT_07226,DIST_W_01
OUT_07227,DIST_W_02
OUT_07228,DIST_W_02
OUT_07229,DIST_W_02
OUT_07230,DIST_W_01
OUT_07231,DIST_W_03
OUT_07232,DIST_W_03
OUT_07233,DIST_W_02
OUT_07234,DIST_W_03
OUT_07235,DIST_W_02
OUT_07236,DIST_W_03
OUT_07237,DIST_W_03
OUT_07238,DIST_W_03
OUT_07239,DIST_W_01
OUT_07240,DIST_W_03
OUT_07241,DIST_W_01
OUT_07242,DIST_W_03
OUT_07243,DIST_W_01
OUT_07244,DIST_W_03
OUT_07245,DIST_W_03
OUT_07246,DIST_W_02
OUT_07247,DIST_W_02
OUT_07248,DIST_W_02
OUT_07249,DIST_W_02
OUT_07250,DIST_W_02
OUT_07251,DIST_W_02
OUT_07252,DIST_W_03
OUT_07253,DIST_W_02
OUT_07254,DIST_W_01
OUT_07255,DIST_W_02
OUT_07256,DIST_W_02
OUT_07257,DIST_W_02
OUT_07258,DIST_W_01
OUT_07259,DIST_W_01
OUT_07260,DIST_W_03
OUT_07261,DIST_W_02
OUT_07262,DIST_W_03
OUT_07263,DIST_W_02
OUT_07264,DIST_W_02
OUT_07265,DIST_W_01
OUT_07266,DIST_W_02
OUT_07267,DIST_W_01
OUT_07268,DIST_W_03
OUT_07269,DIST_W_03
OUT_07270,DIST_W_01
OUT_07271,DIST_W_03
OUT_07272,DIST_W_02
OUT_07273,DIST_W_01
OUT_07274,DIST_W_03
OUT_07275,DIST_W_03
OUT_07276,DIST_W_02
OUT_07277,DIST_W_01
OUT_07278,DIST_W_01
OUT_07279,DIST_W_03
OUT_07280,DIST_W_01
OUT_07281,DIST_W_01
OUT_07282,DIST_W_03
OUT_07283,DIST_W_01
OUT_07284,DIST_W_02
OUT_07285,DIST_W_03
OUT_07286,DIST_W_01
OUT_07287,DIST_W_01
OUT_07288,DIST_W_01
OUT_07289,DIST_W_02
OUT_07290,DIST_W_01
OUT_07291,DIST_W_01
OUT_07292,DIST_W_03
OUT_07293,DIST_W_01
OUT_07294,DIST_W_01
OUT_07295,DIST_W_03
OUT_07296,DIST_W_03
OUT_07297,DIST_W_03
OUT_07298,DIST_W_02
OUT_07299,DIST_W_03
OUT_07300,DIST_W_03
OUT_07301,DIST_W_03
OUT_07302,DIST_W_03
OUT_07303,DIST_W_01
OUT_07304,DIST_W_03
OUT_07305,DIST_W_03
OUT_07306,DIST_W_02
OUT_07307,DIST_W_01
OUT_07308,DIST_W_03
OUT_07309,DIST_W_02
OUT_07310,DIST_W_01
OUT_07311,DIST_W_02
OUT_07312,DIST_W_02
OUT_07313,DIST_W_03
OUT_07314,DIST_W_03
OUT_07315,DIST_W_03
OUT_07316,DIST_W_03
OUT_07317,DIST_W_01
OUT_07318,DIST_W_03
OUT_07319,DIST_W_03
OUT_07320,DIST_W_01
OUT_07321,DIST_W_03
OUT_07322,DIST_W_03
OUT_07323,DIST_W_02
OUT_07324,DIST_W_01
OUT_07325,DIST_W_02
OUT_07326,DIST_W_02
OUT_07327,DIST_W_02
OUT_07328,DIST_W_03
OUT_07329,DIST_W_03
OUT_07330,DIST_W_01
OUT_07331,DIST_W_01
OUT_07332,DIST_W_02
OUT_07333,DIST_W_01
OUT_07334,DIST_W_03
OUT_07335,DIST_W_02
OUT_07336,DIST_W_01
OUT_07337,DIST_W_01
OUT_07338,DIST_W_02
OUT_07339,DIST_W_01
OUT_07340,DIST_W_01
OUT_07341,DIST_W_01
OUT_07342,DIST_W_02
OUT_07343,DIST_W_03
OUT_07344,DIST_W_02
OUT_07345,DIST_W_02
OUT_07346,DIST_W_03
OUT_07347,DIST_W_03
OUT_07348,DIST_W_02
OUT_07349,DIST_W_03
OUT_07350,DIST_W_01
OUT_07351,DIST_W_03
OUT_07352,DIST_W_01
OUT_07353,DIST_W_02
OUT_07354,DIST_W_02
OUT_07355,DIST_W_03
OUT_07356,DIST_W_02
OUT_07357,DIST_W_02
OUT_07358,DIST_W_01
OUT_07359,DIST_W_01
OUT_07360,DIST_W_01
OUT_07361,DIST_W_01
OUT_07362,DIST_W_03
OUT_07363,DIST_W_01
OUT_07364,DIST_W_02
OUT_07365,DIST_W_02
OUT_07366,DIST_W_01
OUT_07367,DIST_W_02
OUT_07368,DIST_W_02
OUT_07369,DIST_W_03
OUT_07370,DIST_W_03
OUT_07371,DIST_W_01
OUT_07372,DIST_W_03
OUT_07373,DIST_W_02
OUT_07374,DIST_W_01
OUT_07375,DIST_W_02
OUT_07376,DIST_W_03
OUT_07377,DIST_W_03
OUT_07378,DIST_W_03
OUT_07379,DIST_W_02
OUT_07380,DIST_W_02
OUT_07381,DIST_W_02
OUT_07382,DIST_W_01
OUT_07383,DIST_W_03
OUT_07384,DIST_W_02
OUT_07385,DIST_W_03
OUT_07386,DIST_W_03
OUT_07387,DIST_W_03
OUT_07388,DIST_W_01
OUT_07389,DIST_W_01
OUT_07390,DIST_W_01
OUT_07391,DIST_W_02
OUT_07392,DIST_W_02
OUT_07393,DIST_W_03
OUT_07394,DIST_W_03
OUT_07395,DIST_W_03
OUT_07396,DIST_W_03
OUT_07397,DIST_W_02
OUT_07398,DIST_W_02
OUT_07399,DIST_W_01
OUT_07400,DIST_W_03
OUT_07401,DIST_W_01
OUT_07402,DIST_W_01
OUT_07403,DIST_W_03
OUT_07404,DIST_W_01
OUT_07405,DIST_W_01
OUT_07406,DIST_W_02
OUT_07407,DIST_W_01
OUT_07408,DIST_W_01
OUT_07409,DIST_W_02
OUT_07410,DIST_W_01
OUT_07411,DIST_W_03
OUT_07412,DIST_W_03
OUT_07413,DIST_W_01
OUT_07414,DIST_W_02
OUT_07415,DIST_W_01
OUT_07416,DIST_W_01
OUT_07417,DIST_W_02
OUT_07418,DIST_W_01
OUT_07419,DIST_W_03
OUT_07420,DIST_W_02
OUT_07421,DIST_W_03
OUT_07422,DIST_W_02
OUT_07423,DIST_W_03
OUT_07424,DIST_W_03
OUT_07425,DIST_W_02
OUT_07426,DIST_W_03
OUT_07427,DIST_W_01
OUT_07428,DIST_W_01
OUT_07429,DIST_W_01
OUT_07430,DIST_W_02
OUT_07431,DIST_W_01
OUT_07432,DIST_W_02
OUT_07433,DIST_W_02
OUT_07434,DIST_W_03
OUT_07435,DIST_W_03
OUT_07436,DIST_W_01
OUT_07437,DIST_W_02
OUT_07438,DIST_W_01
OUT_07439,DIST_W_03
OUT_07440,DIST_W_01
OUT_07441,DIST_W_01
OUT_07442,DIST_W_03
OUT_07443,DIST_W_02
OUT_07444,DIST_W_01
OUT_07445,DIST_W_03
OUT_07446,DIST_W_02
OUT_07447,DIST_W_01
OUT_07448,DIST_W_01
OUT_07449,DIST_W_01
OUT_07450,DIST_W_03
OUT_07451,DIST_W_03
OUT_07452,DIST_W_03
OUT_07453,DIST_W_02
OUT_07454,DIST_W_02
OUT_07455,DIST_W_02
OUT_07456,DIST_W_02
OUT_07457,DIST_W_01
OUT_07458,DIST_W_01
OUT_07459,DIST_W_03
OUT_07460,DIST_W_02
OUT_07461,DIST_W_01
OUT_07462,DIST_W_03
OUT_07463,DIST_W_01
OUT_07464,DIST_W_02
OUT_07465,DIST_W_01
OUT_07466,DIST_W_01
OUT_07467,DIST_W_01
OUT_07468,DIST_W_02
OUT_07469,DIST_W_02
OUT_07470,DIST_W_02
OUT_07471,DIST_W_02
OUT_07472,DIST_W_02
OUT_07473,DIST_W_03
OUT_07474,DIST_W_01
OUT_07475,DIST_W_03
OUT_07476,DIST_W_02
OUT_07477,DIST_W_03
OUT_07478,DIST_W_03
OUT_07479,DIST_W_02
OUT_07480,DIST_W_01
OUT_07481,DIST_W_03
OUT_07482,DIST_W_03
OUT_07483,DIST_W_02
OUT_07484,DIST_W_01
OUT_07485,DIST_W_02
OUT_07486,DIST_W_02
OUT_07487,DIST_W_03
OUT_07488,DIST_W_01
OUT_07489,DIST_W_02
OUT_07490,DIST_W_01
OUT_07491,DIST_W_02
OUT_07492,DIST_W_02
OUT_07493,DIST_W_02
OUT_07494,DIST_W_03
OUT_07495,DIST_W_03
OUT_07496,DIST_W_01
OUT_07497,DIST_W_01
OUT_07498,DIST_W_01
OUT_07499,DIST_W_01
OUT_07500,DIST_W_01
OUT_07501,DIST_W_02
OUT_07502,DIST_W_01
OUT_07503,DIST_W_02
OUT_07504,DIST_W_03
OUT_07505,DIST_W_03
OUT_07506,DIST_W_03
OUT_07507,DIST_W_03
OUT_07508,DIST_W_03
OUT_07509,DIST_W_03
OUT_07510,DIST_W_02
OUT_07511,DIST_W_01
OUT_07512,DIST_W_02
OUT_07513,DIST_W_01
OUT_07514,DIST_W_02
OUT_07515,DIST_W_03
OUT_07516,DIST_W_01
OUT_07517,DIST_W_01
OUT_07518,DIST_W_03
OUT_07519,DIST_W_02
OUT_07520,DIST_W_03
OUT_07521,DIST_W_01
OUT_07522,DIST_W_02
OUT_07523,DIST_W_03
OUT_07524,DIST_W_01
OUT_07525,DIST_W_01
OUT_07526,DIST_W_02
OUT_07527,DIST_W_02
OUT_07528,DIST_W_01
OUT_07529,DIST_W_01
OUT_07530,DIST_W_03
OUT_07531,DIST_W_01
OUT_07532,DIST_W_02
OUT_07533,DIST_W_01
OUT_07534,DIST_W_02
OUT_07535,DIST_W_02
OUT_07536,DIST_W_01
OUT_07537,DIST_W_03
OUT_07538,DIST_W_01
OUT_07539,DIST_W_03
OUT_07540,DIST_W_02
OUT_07541,DIST_W_03
OUT_07542,DIST_W_02
OUT_07543,DIST_W_03
OUT_07544,DIST_W_03
OUT_07545,DIST_W_03
OUT_07546,DIST_W_03
OUT_07547,DIST_W_01
OUT_07548,DIST_W_03
OUT_07549,DIST_W_02
OUT_07550,DIST_W_02
OUT_07551,DIST_W_02
OUT_07552,DIST_W_01
OUT_07553,DIST_W_01
OUT_07554,DIST_W_02
OUT_07555,DIST_W_03
OUT_07556,DIST_W_02
OUT_07557,DIST_W_03
OUT_07558,DIST_W_02
OUT_07559,DIST_W_01
OUT_07560,DIST_W_01
OUT_07561,DIST_W_03
OUT_07562,DIST_W_03
OUT_07563,DIST_W_01
OUT_07564,DIST_W_01
OUT_07565,DIST_W_03
OUT_07566,DIST_W_02
OUT_07567,DIST_W_02
OUT_07568,DIST_W_02
OUT_07569,DIST_W_03
OUT_07570,DIST_W_03
OUT_07571,DIST_W_02
OUT_07572,DIST_W_02
OUT_07573,DIST_W_03
OUT_07574,DIST_W_01
OUT_07575,DIST_W_02
OUT_07576,DIST_W_02
OUT_07577,DIST_W_03
OUT_07578,DIST_W_01
OUT_07579,DIST_W_01
OUT_07580,DIST_W_02
OUT_07581,DIST_W_01
OUT_07582,DIST_W_02
OUT_07583,DIST_W_01
OUT_07584,DIST_W_02
OUT_07585,DIST_W_01
OUT_07586,DIST_W_01
OUT_07587,DIST_W_03
OUT_07588,DIST_W_03
OUT_07589,DIST_W_03
OUT_07590,DIST_W_03
OUT_07591,DIST_W_02
OUT_07592,DIST_W_01
OUT_07593,DIST_W_02
OUT_07594,DIST_W_01
OUT_07595,DIST_W_03
OUT_07596,DIST_W_03
OUT_07597,DIST_W_02
OUT_07598,DIST_W_03
OUT_07599,DIST_W_02
OUT_07600,DIST_W_03
OUT_07601,DIST_W_02
OUT_07602,DIST_W_01
OUT_07603,DIST_W_02
OUT_07604,DIST_W_03
OUT_07605,DIST_W_02
OUT_07606,DIST_W_03
OUT_07607,DIST_W_03
OUT_07608,DIST_W_02
OUT_07609,DIST_W_03
OUT_07610,DIST_W_03
OUT_07611,DIST_W_01
OUT_07612,DIST_W_03
OUT_07613,DIST_W_01
OUT_07614,DIST_W_01
OUT_07615,DIST_W_02
OUT_07616,DIST_W_01
OUT_07617,DIST_W_01
OUT_07618,DIST_W_02
OUT_07619,DIST_W_01
OUT_07620,DIST_W_01
OUT_07621,DIST_W_01
OUT_07622,DIST_W_03
OUT_07623,DIST_W_01
OUT_07624,DIST_W_03
OUT_07625,DIST_W_02
OUT_07626,DIST_W_01
OUT_07627,DIST_W_01
OUT_07628,DIST_W_01
OUT_07629,DIST_W_02
OUT_07630,DIST_W_02
OUT_07631,DIST_W_02
OUT_07632,DIST_W_02
OUT_07633,DIST_W_01
OUT_07634,DIST_W_02
OUT_07635,DIST_W_03
OUT_07636,DIST_W_02
OUT_07637,DIST_W_03
OUT_07638,DIST_W_03
OUT_07639,DIST_W_02
OUT_07640,DIST_W_03
OUT_07641,DIST_W_02
OUT_07642,DIST_W_03
OUT_07643,DIST_W_02
OUT_07644,DIST_W_03
OUT_07645,DIST_W_02
OUT_07646,DIST_W_02
OUT_07647,DIST_W_02
OUT_07648,DIST_W_03
OUT_07649,DIST_W_02
OUT_07650,DIST_W_02
OUT_07651,DIST_W_03
OUT_07652,DIST_W_02
OUT_07653,DIST_W_02
OUT_07654,DIST_W_01
OUT_07655,DIST_W_03
OUT_07656,DIST_W_03
OUT_07657,DIST_W_01
OUT_07658,DIST_W_03
OUT_07659,DIST_W_02
OUT_07660,DIST_W_02
OUT_07661,DIST_W_01
OUT_07662,DIST_W_03
OUT_07663,DIST_W_01
OUT_07664,DIST_W_02
OUT_07665,DIST_W_02
OUT_07666,DIST_W_01
OUT_07667,DIST_W_01
OUT_07668,DIST_W_01
OUT_07669,DIST_W_03
OUT_07670,DIST_W_02
OUT_07671,DIST_W_02
OUT_07672,DIST_W_02
OUT_07673,DIST_W_01
OUT_07674,DIST_W_03
OUT_07675,DIST_W_02
OUT_07676,DIST_W_02
OUT_07677,DIST_W_01
OUT_07678,DIST_W_03
OUT_07679,DIST_W_02
OUT_07680,DIST_W_02
OUT_07681,DIST_W_02
OUT_07682,DIST_W_03
OUT_07683,DIST_W_01
OUT_07684,DIST_W_01
OUT_07685,DIST_W_01
OUT_07686,DIST_W_01
OUT_07687,DIST_W_02
OUT_07688,DIST_W_03
OUT_07689,DIST_W_03
OUT_07690,DIST_W_03
OUT_07691,DIST_W_02
OUT_07692,DIST_W_02
OUT_07693,DIST_W_02
OUT_07694,DIST_W_02
OUT_07695,DIST_W_03
OUT_07696,DIST_W_02
OUT_07697,DIST_W_02
OUT_07698,DIST_W_02
OUT_07699,DIST_W_02
OUT_07700,DIST_W_01
OUT_07701,DIST_W_02
OUT_07702,DIST_W_02
OUT_07703,DIST_W_03
OUT_07704,DIST_W_01
OUT_07705,DIST_W_02
OUT_07706,DIST_W_03
OUT_07707,DIST_W_02
OUT_07708,DIST_W_01
OUT_07709,DIST_W_02
OUT_07710,DIST_W_03
OUT_07711,DIST_W_01
OUT_07712,DIST_W_03
OUT_07713,DIST_W_02
OUT_07714,DIST_W_03
OUT_07715,DIST_W_01
OUT_07716,DIST_W_01
OUT_07717,DIST_W_03
OUT_07718,DIST_W_02
OUT_07719,DIST_W_01
OUT_07720,DIST_W_01
OUT_07721,DIST_W_01
OUT_07722,DIST_W_01
OUT_07723,DIST_W_02
OUT_07724,DIST_W_02
OUT_07725,DIST_W_03
OUT_07726,DIST_W_01
OUT_07727,DIST_W_02
OUT_07728,DIST_W_03
OUT_07729,DIST_W_01
OUT_07730,DIST_W_01
OUT_07731,DIST_W_01
OUT_07732,DIST_W_02
OUT_07733,DIST_W_03
OUT_07734,DIST_W_02
OUT_07735,DIST_W_01
OUT_07736,DIST_W_02
OUT_07737,DIST_W_02
OUT_07738,DIST_W_02
OUT_07739,DIST_W_03
OUT_07740,DIST_W_01
OUT_07741,DIST_W_02
OUT_07742,DIST_W_02
OUT_07743,DIST_W_01
OUT_07744,DIST_W_03
OUT_07745,DIST_W_02
OUT_07746,DIST_W_01
OUT_07747,DIST_W_01
OUT_07748,DIST_W_02
OUT_07749,DIST_W_01
OUT_07750,DIST_W_01
OUT_07751,DIST_W_02
OUT_07752,DIST_W_01
OUT_07753,DIST_W_03
OUT_07754,DIST_W_02
OUT_07755,DIST_W_01
OUT_07756,DIST_W_03
OUT_07757,DIST_W_02
OUT_07758,DIST_W_01
OUT_07759,DIST_W_02
OUT_07760,DIST_W_02
OUT_07761,DIST_W_02
OUT_07762,DIST_W_03
OUT_07763,DIST_W_01
OUT_07764,DIST_W_03
OUT_07765,DIST_W_01
OUT_07766,DIST_W_03
OUT_07767,DIST_W_01
OUT_07768,DIST_W_03
OUT_07769,DIST_W_01
OUT_07770,DIST_W_02
OUT_07771,DIST_W_01
OUT_07772,DIST_W_03
OUT_07773,DIST_W_02
OUT_07774,DIST_W_03
OUT_07775,DIST_W_02
OUT_07776,DIST_W_02
OUT_07777,DIST_W_03
OUT_07778,DIST_W_02
OUT_07779,DIST_W_02
OUT_07780,DIST_W_01
OUT_07781,DIST_W_03
OUT_07782,DIST_W_01
OUT_07783,DIST_W_01
OUT_07784,DIST_W_02
OUT_07785,DIST_W_02
OUT_07786,DIST_W_02
OUT_07787,DIST_W_01
OUT_07788,DIST_W_03
OUT_07789,DIST_W_03
OUT_07790,DIST_W_01
OUT_07791,DIST_W_02
OUT_07792,DIST_W_01
OUT_07793,DIST_W_01
OUT_07794,DIST_W_01
OUT_07795,DIST_W_02
OUT_07796,DIST_W_03
OUT_07797,DIST_W_01
OUT_07798,DIST_W_01
OUT_07799,DIST_W_02
OUT_07800,DIST_W_02
OUT_07801,DIST_W_03
OUT_07802,DIST_W_02
OUT_07803,DIST_W_02
OUT_07804,DIST_W_01
OUT_07805,DIST_W_01
OUT_07806,DIST_W_03
OUT_07807,DIST_W_03
OUT_07808,DIST_W_02
OUT_07809,DIST_W_01
OUT_07810,DIST_W_02
OUT_07811,DIST_W_03
OUT_07812,DIST_W_03
OUT_07813,DIST_W_02
OUT_07814,DIST_W_02
OUT_07815,DIST_W_02
OUT_07816,DIST_W_03
OUT_07817,DIST_W_03
OUT_07818,DIST_W_02
OUT_07819,DIST_W_03
OUT_07820,DIST_W_03
OUT_07821,DIST_W_01
OUT_07822,DIST_W_01
OUT_07823,DIST_W_01
OUT_07824,DIST_W_01
OUT_07825,DIST_W_01
OUT_07826,DIST_W_03
OUT_07827,DIST_W_01
OUT_07828,DIST_W_02
OUT_07829,DIST_W_03
OUT_07830,DIST_W_01
OUT_07831,DIST_W_02
OUT_07832,DIST_W_03
OUT_07833,DIST_W_02
OUT_07834,DIST_W_02
OUT_07835,DIST_W_02
OUT_07836,DIST_W_01
OUT_07837,DIST_W_01
OUT_07838,DIST_W_03
OUT_07839,DIST_W_03
OUT_07840,DIST_W_03
OUT_07841,DIST_W_02
OUT_07842,DIST_W_03
OUT_07843,DIST_W_02
OUT_07844,DIST_W_03
OUT_07845,DIST_W_02
OUT_07846,DIST_W_01
OUT_07847,DIST_W_03
OUT_07848,DIST_W_02
OUT_07849,DIST_W_01
OUT_07850,DIST_W_02
OUT_07851,DIST_W_03
OUT_07852,DIST_W_01
OUT_07853,DIST_W_01
OUT_07854,DIST_W_03
OUT_07855,DIST_W_01
OUT_07856,DIST_W_03
OUT_07857,DIST_W_01
OUT_07858,DIST_W_02
OUT_07859,DIST_W_03
OUT_07860,DIST_W_02
OUT_07861,DIST_W_03
OUT_07862,DIST_W_02
OUT_07863,DIST_W_01
OUT_07864,DIST_W_03
OUT_07865,DIST_W_01
OUT_07866,DIST_W_01
OUT_07867,DIST_W_03
OUT_07868,DIST_W_03
OUT_07869,DIST_W_01
OUT_07870,DIST_W_02
OUT_07871,DIST_W_01
OUT_07872,DIST_W_02
OUT_07873,DIST_W_01
OUT_07874,DIST_W_03
OUT_07875,DIST_W_02
OUT_07876,DIST_W_02
OUT_07877,DIST_W_02
OUT_07878,DIST_W_01
OUT_07879,DIST_W_01
OUT_07880,DIST_W_02
OUT_07881,DIST_W_02
OUT_07882,DIST_W_02
OUT_07883,DIST_W_03
OUT_07884,DIST_W_03
OUT_07885,DIST_W_01
OUT_07886,DIST_W_01
OUT_07887,DIST_W_01
OUT_07888,DIST_W_01
OUT_07889,DIST_W_03
OUT_07890,DIST_W_01
OUT_07891,DIST_W_01
OUT_07892,DIST_W_02
OUT_07893,DIST_W_03
OUT_07894,DIST_W_03
OUT_07895,DIST_W_02
OUT_07896,DIST_W_03
OUT_07897,DIST_W_02
OUT_07898,DIST_W_01
OUT_07899,DIST_W_01
OUT_07900,DIST_W_03
OUT_07901,DIST_W_03
OUT_07902,DIST_W_03
OUT_07903,DIST_W_02
OUT_07904,DIST_W_03
OUT_07905,DIST_W_02
OUT_07906,DIST_W_01
OUT_07907,DIST_W_03
OUT_07908,DIST_W_03
OUT_07909,DIST_W_03
OUT_07910,DIST_W_01
OUT_07911,DIST_W_02
OUT_07912,DIST_W_02
OUT_07913,DIST_W_02
OUT_07914,DIST_W_02
OUT_07915,DIST_W_01
OUT_07916,DIST_W_01
OUT_07917,DIST_W_01
OUT_07918,DIST_W_02
OUT_07919,DIST_W_02
OUT_07920,DIST_W_02
OUT_07921,DIST_W_03
OUT_07922,DIST_W_03
OUT_07923,DIST_W_01
OUT_07924,DIST_W_01
OUT_07925,DIST_W_01
OUT_07926,DIST_W_02
OUT_07927,DIST_W_02
OUT_07928,DIST_W_02
OUT_07929,DIST_W_02
OUT_07930,DIST_W_01
OUT_07931,DIST_W_02
OUT_07932,DIST_W_02
OUT_07933,DIST_W_01
OUT_07934,DIST_W_02
OUT_07935,DIST_W_02
OUT_07936,DIST_W_02
OUT_07937,DIST_W_03
OUT_07938,DIST_W_02
OUT_07939,DIST_W_03
OUT_07940,DIST_W_03
OUT_07941,DIST_W_02
OUT_07942,DIST_W_01
OUT_07943,DIST_W_01
OUT_07944,DIST_W_01
OUT_07945,DIST_W_02
OUT_07946,DIST_W_01
OUT_07947,DIST_W_02
OUT_07948,DIST_W_02
OUT_07949,DIST_W_01
OUT_07950,DIST_W_01
OUT_07951,DIST_W_03
OUT_07952,DIST_W_01
OUT_07953,DIST_W_01
OUT_07954,DIST_W_01
OUT_07955,DIST_W_01
OUT_07956,DIST_W_02
OUT_07957,DIST_W_01
OUT_07958,DIST_W_02
OUT_07959,DIST_W_01
OUT_07960,DIST_W_03
OUT_07961,DIST_W_03
OUT_07962,DIST_W_01
OUT_07963,DIST_W_02
OUT_07964,DIST_W_01
OUT_07965,DIST_W_01
OUT_07966,DIST_W_03
OUT_07967,DIST_W_01
OUT_07968,DIST_W_01
OUT_07969,DIST_W_02
OUT_07970,DIST_W_02
OUT_07971,DIST_W_02
OUT_07972,DIST_W_01
OUT_07973,DIST_W_02
OUT_07974,DIST_W_01
OUT_07975,DIST_W_01
OUT_07976,DIST_W_01
OUT_07977,DIST_W_01
OUT_07978,DIST_W_02
OUT_07979,DIST_W_03
OUT_07980,DIST_W_03
OUT_07981,DIST_W_01
OUT_07982,DIST_W_03
OUT_07983,DIST_W_02
OUT_07984,DIST_W_03
OUT_07985,DIST_W_01
OUT_07986,DIST_W_02
OUT_07987,DIST_W_01
OUT_07988,DIST_W_02
OUT_07989,DIST_W_01
OUT_07990,DIST_W_01
OUT_07991,DIST_W_03
OUT_07992,DIST_W_02
OUT_07993,DIST_W_02
OUT_07994,DIST_W_02
OUT_07995,DIST_W_02
OUT_07996,DIST_W_02
OUT_07997,DIST_W_01
OUT_07998,DIST_W_02
OUT_07999,DIST_W_03
OUT_08000,DIST_W_01
OUT_08001,DIST_W_01
OUT_08002,DIST_W_01
OUT_08003,DIST_W_02
OUT_08004,DIST_W_01
OUT_08005,DIST_W_03
OUT_08006,DIST_W_03
OUT_08007,DIST_W_03
OUT_08008,DIST_W_01
OUT_08009,DIST_W_01
OUT_08010,DIST_W_03
OUT_08011,DIST_W_03
OUT_08012,DIST_W_03
OUT_08013,DIST_W_01
OUT_08014,DIST_W_02
OUT_08015,DIST_W_02
OUT_08016,DIST_W_01
OUT_08017,DIST_W_02
OUT_08018,DIST_W_03
OUT_08019,DIST_W_02
OUT_08020,DIST_W_02
OUT_08021,DIST_W_01
OUT_08022,DIST_W_03
OUT_08023,DIST_W_03
OUT_08024,DIST_W_01
OUT_08025,DIST_W_02
OUT_08026,DIST_W_01
OUT_08027,DIST_W_01
OUT_08028,DIST_W_02
OUT_08029,DIST_W_03
OUT_08030,DIST_W_03
OUT_08031,DIST_W_03
OUT_08032,DIST_W_01
OUT_08033,DIST_W_01
OUT_08034,DIST_W_03
OUT_08035,DIST_W_03
OUT_08036,DIST_W_02
OUT_08037,DIST_W_03
OUT_08038,DIST_W_01
OUT_08039,DIST_W_02
OUT_08040,DIST_W_03
OUT_08041,DIST_W_03
OUT_08042,DIST_W_03
OUT_08043,DIST_W_01
OUT_08044,DIST_W_03
OUT_08045,DIST_W_01
OUT_08046,DIST_W_03
OUT_08047,DIST_W_03
OUT_08048,DIST_W_02
OUT_08049,DIST_W_02
OUT_08050,DIST_W_01
OUT_08051,DIST_W_03
OUT_08052,DIST_W_02
OUT_08053,DIST_W_02
OUT_08054,DIST_W_01
OUT_08055,DIST_W_02
OUT_08056,DIST_W_03
OUT_08057,DIST_W_03
OUT_08058,DIST_W_03
OUT_08059,DIST_W_01
OUT_08060,DIST_W_01
OUT_08061,DIST_W_01
OUT_08062,DIST_W_03
OUT_08063,DIST_W_02
OUT_08064,DIST_W_01
OUT_08065,DIST_W_02
OUT_08066,DIST_W_03
OUT_08067,DIST_W_03
OUT_08068,DIST_W_02
OUT_08069,DIST_W_03
OUT_08070,DIST_W_02
OUT_08071,DIST_W_02
OUT_08072,DIST_W_02
OUT_08073,DIST_W_01
OUT_08074,DIST_W_03
OUT_08075,DIST_W_01
OUT_08076,DIST_W_02
OUT_08077,DIST_W_02
OUT_08078,DIST_W_01
OUT_08079,DIST_W_03
OUT_08080,DIST_W_03
OUT_08081,DIST_W_01
OUT_08082,DIST_W_02
OUT_08083,DIST_W_01
OUT_08084,DIST_W_01
OUT_08085,DIST_W_02
OUT_08086,DIST_W_02
OUT_08087,DIST_W_03
OUT_08088,DIST_W_02
OUT_08089,DIST_W_02
OUT_08090,DIST_W_01
OUT_08091,DIST_W_03
OUT_08092,DIST_W_01
OUT_08093,DIST_W_01
OUT_08094,DIST_W_02
OUT_08095,DIST_W_01
OUT_08096,DIST_W_03
OUT_08097,DIST_W_01
OUT_08098,DIST_W_02
OUT_08099,DIST_W_03
OUT_08100,DIST_W_01
OUT_08101,DIST_W_03
OUT_08102,DIST_W_01
OUT_08103,DIST_W_03
OUT_08104,DIST_W_02
OUT_08105,DIST_W_01
OUT_08106,DIST_W_03
OUT_08107,DIST_W_01
OUT_08108,DIST_W_02
OUT_08109,DIST_W_02
OUT_08110,DIST_W_03
OUT_08111,DIST_W_01
OUT_08112,DIST_W_03
OUT_08113,DIST_W_02
OUT_08114,DIST_W_01
OUT_08115,DIST_W_03
OUT_08116,DIST_W_01
OUT_08117,DIST_W_02
OUT_08118,DIST_W_02
OUT_08119,DIST_W_01
OUT_08120,DIST_W_03
OUT_08121,DIST_W_01
OUT_08122,DIST_W_02
OUT_08123,DIST_W_03
OUT_08124,DIST_W_03
OUT_08125,DIST_W_02
OUT_08126,DIST_W_02
OUT_08127,DIST_W_01
OUT_08128,DIST_W_01
OUT_08129,DIST_W_01
OUT_08130,DIST_W_03
OUT_08131,DIST_W_02
OUT_08132,DIST_W_03
OUT_08133,DIST_W_02
OUT_08134,DIST_W_03
OUT_08135,DIST_W_01
OUT_08136,DIST_W_01
OUT_08137,DIST_W_03
OUT_08138,DIST_W_03
OUT_08139,DIST_W_02
OUT_08140,DIST_W_02
OUT_08141,DIST_W_03
OUT_08142,DIST_W_02
OUT_08143,DIST_W_02
OUT_08144,DIST_W_02
OUT_08145,DIST_W_02
OUT_08146,DIST_W_01
OUT_08147,DIST_W_03
OUT_08148,DIST_W_01
OUT_08149,DIST_W_02
OUT_08150,DIST_W_02
OUT_08151,DIST_W_02
OUT_08152,DIST_W_03
OUT_08153,DIST_W_02
OUT_08154,DIST_W_02
OUT_08155,DIST_W_01
OUT_08156,DIST_W_02
OUT_08157,DIST_W_02
OUT_08158,DIST_W_01
OUT_08159,DIST_W_02
OUT_08160,DIST_W_02
OUT_08161,DIST_W_01
OUT_08162,DIST_W_01
OUT_08163,DIST_W_01
OUT_08164,DIST_W_03
OUT_08165,DIST_W_03
OUT_08166,DIST_W_01
OUT_08167,DIST_W_01
OUT_08168,DIST_W_02
OUT_08169,DIST_W_02
OUT_08170,DIST_W_03
OUT_08171,DIST_W_02
OUT_08172,DIST_W_03
OUT_08173,DIST_W_02
OUT_08174,DIST_W_01
OUT_08175,DIST_W_03
OUT_08176,DIST_W_01
OUT_08177,DIST_W_03
OUT_08178,DIST_W_03
OUT_08179,DIST_W_03
OUT_08180,DIST_W_02
OUT_08181,DIST_W_01
OUT_08182,DIST_W_01
OUT_08183,DIST_W_03
OUT_08184,DIST_W_02
OUT_08185,DIST_W_02
OUT_08186,DIST_W_03
OUT_08187,DIST_W_03
OUT_08188,DIST_W_03
OUT_08189,DIST_W_03
OUT_08190,DIST_W_02
OUT_08191,DIST_W_01
OUT_08192,DIST_W_01
OUT_08193,DIST_W_01
OUT_08194,DIST_W_03
OUT_08195,DIST_W_01
OUT_08196,DIST_W_03
OUT_08197,DIST_W_03
OUT_08198,DIST_W_02
OUT_08199,DIST_W_02
OUT_08200,DIST_W_01
OUT_08201,DIST_W_02
OUT_08202,DIST_W_01
OUT_08203,DIST_W_02
OUT_08204,DIST_W_01
OUT_08205,DIST_W_01
OUT_08206,DIST_W_01
OUT_08207,DIST_W_02
OUT_08208,DIST_W_02
OUT_08209,DIST_W_03
OUT_08210,DIST_W_03
OUT_08211,DIST_W_03
OUT_08212,DIST_W_02
OUT_08213,DIST_W_03
OUT_08214,DIST_W_01
OUT_08215,DIST_W_02
OUT_08216,DIST_W_01
OUT_08217,DIST_W_03
OUT_08218,DIST_W_03
OUT_08219,DIST_W_03
OUT_08220,DIST_W_02
OUT_08221,DIST_W_03
OUT_08222,DIST_W_01
OUT_08223,DIST_W_01
OUT_08224,DIST_W_03
OUT_08225,DIST_W_01
OUT_08226,DIST_W_03
OUT_08227,DIST_W_02
OUT_08228,DIST_W_01
OUT_08229,DIST_W_03
OUT_08230,DIST_W_03
OUT_08231,DIST_W_03
OUT_08232,DIST_W_01
OUT_08233,DIST_W_03
OUT_08234,DIST_W_02
OUT_08235,DIST_W_03
OUT_08236,DIST_W_01
OUT_08237,DIST_W_01
OUT_08238,DIST_W_03
OUT_08239,DIST_W_03
OUT_08240,DIST_W_02
OUT_08241,DIST_W_01
OUT_08242,DIST_W_01
OUT_08243,DIST_W_02
OUT_08244,DIST_W_03
OUT_08245,DIST_W_02
OUT_08246,DIST_W_02
OUT_08247,DIST_W_03
OUT_08248,DIST_W_01
OUT_08249,DIST_W_01
OUT_08250,DIST_W_02
OUT_08251,DIST_W_02
OUT_08252,DIST_W_01
OUT_08253,DIST_W_02
OUT_08254,DIST_W_03
OUT_08255,DIST_W_02
OUT_08256,DIST_W_02
OUT_08257,DIST_W_02
OUT_08258,DIST_W_02
OUT_08259,DIST_W_02
OUT_08260,DIST_W_01
OUT_08261,DIST_W_02
OUT_08262,DIST_W_02
OUT_08263,DIST_W_02
OUT_08264,DIST_W_03
OUT_08265,DIST_W_02
OUT_08266,DIST_W_01
OUT_08267,DIST_W_03
OUT_08268,DIST_W_01
OUT_08269,DIST_W_01
OUT_08270,DIST_W_02
OUT_08271,DIST_W_02
OUT_08272,DIST_W_02
OUT_08273,DIST_W_01
OUT_08274,DIST_W_02
OUT_08275,DIST_W_03
OUT_08276,DIST_W_03
OUT_08277,DIST_W_02
OUT_08278,DIST_W_02
OUT_08279,DIST_W_03
OUT_08280,DIST_W_03
OUT_08281,DIST_W_01
OUT_08282,DIST_W_01
OUT_08283,DIST_W_01
OUT_08284,DIST_W_03
OUT_08285,DIST_W_01
OUT_08286,DIST_W_02
OUT_08287,DIST_W_02
OUT_08288,DIST_W_03
OUT_08289,DIST_W_02
OUT_08290,DIST_W_02
OUT_08291,DIST_W_02
OUT_08292,DIST_W_01
OUT_08293,DIST_W_01
OUT_08294,DIST_W_02
OUT_08295,DIST_W_02
OUT_08296,DIST_W_02
OUT_08297,DIST_W_03
OUT_08298,DIST_W_02
OUT_08299,DIST_W_02
OUT_08300,DIST_W_01
OUT_08301,DIST_W_01
OUT_08302,DIST_W_03
OUT_08303,DIST_W_03
OUT_08304,DIST_W_02
OUT_08305,DIST_W_03
OUT_08306,DIST_W_01
OUT_08307,DIST_W_03
OUT_08308,DIST_W_03
OUT_08309,DIST_W_01
OUT_08310,DIST_W_03
OUT_08311,DIST_W_01
OUT_08312,DIST_W_03
OUT_08313,DIST_W_03
OUT_08314,DIST_W_02
OUT_08315,DIST_W_03
OUT_08316,DIST_W_02
OUT_08317,DIST_W_01
OUT_08318,DIST_W_03
OUT_08319,DIST_W_02
OUT_08320,DIST_W_01
OUT_08321,DIST_W_03
OUT_08322,DIST_W_02
OUT_08323,DIST_W_01
OUT_08324,DIST_W_01
OUT_08325,DIST_W_03
OUT_08326,DIST_W_01
OUT_08327,DIST_W_02
OUT_08328,DIST_W_01
OUT_08329,DIST_W_01
OUT_08330,DIST_W_01
OUT_08331,DIST_W_02
OUT_08332,DIST_W_02
OUT_08333,DIST_W_03
OUT_08334,DIST_W_02
OUT_08335,DIST_W_01
OUT_08336,DIST_W_01
OUT_08337,DIST_W_02
OUT_08338,DIST_W_02
OUT_08339,DIST_W_02
OUT_08340,DIST_W_02
OUT_08341,DIST_W_02
OUT_08342,DIST_W_03
OUT_08343,DIST_W_02
OUT_08344,DIST_W_01
OUT_08345,DIST_W_02
OUT_08346,DIST_W_03
OUT_08347,DIST_W_03
OUT_08348,DIST_W_02
OUT_08349,DIST_W_01
OUT_08350,DIST_W_03
OUT_08351,DIST_W_02
OUT_08352,DIST_W_02
OUT_08353,DIST_W_01
OUT_08354,DIST_W_01
OUT_08355,DIST_W_02
OUT_08356,DIST_W_02
OUT_08357,DIST_W_01
OUT_08358,DIST_W_03
OUT_08359,DIST_W_01
OUT_08360,DIST_W_01
OUT_08361,DIST_W_01
OUT_08362,DIST_W_03
OUT_08363,DIST_W_03
OUT_08364,DIST_W_01
OUT_08365,DIST_W_02
OUT_08366,DIST_W_03
OUT_08367,DIST_W_01
OUT_08368,DIST_W_03
OUT_08369,DIST_W_01
OUT_08370,DIST_W_02
OUT_08371,DIST_W_02
OUT_08372,DIST_W_03
OUT_08373,DIST_W_02
OUT_08374,DIST_W_02
OUT_08375,DIST_W_03
OUT_08376,DIST_W_01
OUT_08377,DIST_W_02
OUT_08378,DIST_W_01
OUT_08379,DIST_W_03
OUT_08380,DIST_W_02
OUT_08381,DIST_W_03
OUT_08382,DIST_W_03
OUT_08383,DIST_W_03
OUT_08384,DIST_W_03
OUT_08385,DIST_W_01
OUT_08386,DIST_W_01
OUT_08387,DIST_W_03
OUT_08388,DIST_W_02
OUT_08389,DIST_W_02
OUT_08390,DIST_W_03
OUT_08391,DIST_W_03
OUT_08392,DIST_W_02
OUT_08393,DIST_W_02
OUT_08394,DIST_W_01
OUT_08395,DIST_W_02
OUT_08396,DIST_W_01
OUT_08397,DIST_W_03
OUT_08398,DIST_W_01
OUT_08399,DIST_W_02
OUT_08400,DIST_W_03
OUT_08401,DIST_W_02
OUT_08402,DIST_W_03
OUT_08403,DIST_W_03
OUT_08404,DIST_W_03
OUT_08405,DIST_W_01
OUT_08406,DIST_W_01
OUT_08407,DIST_W_02
OUT_08408,DIST_W_01
OUT_08409,DIST_W_03
OUT_08410,DIST_W_02
OUT_08411,DIST_W_03
OUT_08412,DIST_W_01
OUT_08413,DIST_W_01
OUT_08414,DIST_W_01
OUT_08415,DIST_W_01
OUT_08416,DIST_W_01
OUT_08417,DIST_W_03
OUT_08418,DIST_W_03
OUT_08419,DIST_W_02
OUT_08420,DIST_W_01
OUT_08421,DIST_W_03
OUT_08422,DIST_W_02
OUT_08423,DIST_W_02
OUT_08424,DIST_W_02
OUT_08425,DIST_W_02
OUT_08426,DIST_W_03
OUT_08427,DIST_W_03
OUT_08428,DIST_W_01
OUT_08429,DIST_W_01
OUT_08430,DIST_W_02
OUT_08431,DIST_W_02
OUT_08432,DIST_W_01
OUT_08433,DIST_W_02
OUT_08434,DIST_W_03
OUT_08435,DIST_W_01
OUT_08436,DIST_W_03
OUT_08437,DIST_W_03
OUT_08438,DIST_W_02
OUT_08439,DIST_W_01
OUT_08440,DIST_W_02
OUT_08441,DIST_W_01
OUT_08442,DIST_W_01
OUT_08443,DIST_W_01
OUT_08444,DIST_W_02
OUT_08445,DIST_W_03
OUT_08446,DIST_W_03
OUT_08447,DIST_W_02
OUT_08448,DIST_W_03
OUT_08449,DIST_W_03
OUT_08450,DIST_W_02
OUT_08451,DIST_W_03
OUT_08452,DIST_W_03
OUT_08453,DIST_W_03
OUT_08454,DIST_W_03
OUT_08455,DIST_W_01
OUT_08456,DIST_W_01
OUT_08457,DIST_W_01
OUT_08458,DIST_W_01
OUT_08459,DIST_W_02
OUT_08460,DIST_W_02
OUT_08461,DIST_W_03
OUT_08462,DIST_W_02
OUT_08463,DIST_W_03
OUT_08464,DIST_W_02
OUT_08465,DIST_W_02
OUT_08466,DIST_W_03
OUT_08467,DIST_W_02
OUT_08468,DIST_W_01
OUT_08469,DIST_W_02
OUT_08470,DIST_W_03
OUT_08471,DIST_W_01
OUT_08472,DIST_W_03
OUT_08473,DIST_W_03
OUT_08474,DIST_W_02
OUT_08475,DIST_W_03
OUT_08476,DIST_W_03
OUT_08477,DIST_W_02
OUT_08478,DIST_W_01
OUT_08479,DIST_W_01
OUT_08480,DIST_W_02
OUT_08481,DIST_W_03
OUT_08482,DIST_W_02
OUT_08483,DIST_W_01
OUT_08484,DIST_W_03
OUT_08485,DIST_W_03
OUT_08486,DIST_W_02
OUT_08487,DIST_W_01
OUT_08488,DIST_W_02
OUT_08489,DIST_W_01
OUT_08490,DIST_W_02
OUT_08491,DIST_W_01
OUT_08492,DIST_W_03
OUT_08493,DIST_W_03
OUT_08494,DIST_W_03
OUT_08495,DIST_W_01
OUT_08496,DIST_W_03
OUT_08497,DIST_W_01
OUT_08498,DIST_W_02
OUT_08499,DIST_W_01
OUT_08500,DIST_W_03
OUT_08501,DIST_W_03
OUT_08502,DIST_W_01
OUT_08503,DIST_W_03
OUT_08504,DIST_W_03
OUT_08505,DIST_W_01
OUT_08506,DIST_W_02
OUT_08507,DIST_W_01
OUT_08508,DIST_W_03
OUT_08509,DIST_W_03
OUT_08510,DIST_W_01
OUT_08511,DIST_W_03
OUT_08512,DIST_W_01
OUT_08513,DIST_W_02
OUT_08514,DIST_W_01
OUT_08515,DIST_W_03
OUT_08516,DIST_W_03
OUT_08517,DIST_W_02
OUT_08518,DIST_W_01
OUT_08519,DIST_W_01
OUT_08520,DIST_W_03
OUT_08521,DIST_W_02
OUT_08522,DIST_W_03
OUT_08523,DIST_W_02
OUT_08524,DIST_W_01
OUT_08525,DIST_W_03
OUT_08526,DIST_W_01
OUT_08527,DIST_W_03
OUT_08528,DIST_W_03
OUT_08529,DIST_W_03
OUT_08530,DIST_W_01
OUT_08531,DIST_W_01
OUT_08532,DIST_W_01
OUT_08533,DIST_W_01
OUT_08534,DIST_W_01
OUT_08535,DIST_W_02
OUT_08536,DIST_W_01
OUT_08537,DIST_W_02
OUT_08538,DIST_W_02
OUT_08539,DIST_W_01
OUT_08540,DIST_W_01
OUT_08541,DIST_W_01
OUT_08542,DIST_W_01
OUT_08543,DIST_W_01
OUT_08544,DIST_W_01
OUT_08545,DIST_W_01
OUT_08546,DIST_W_01
OUT_08547,DIST_W_02
OUT_08548,DIST_W_02
OUT_08549,DIST_W_02
OUT_08550,DIST_W_03
OUT_08551,DIST_W_02
OUT_08552,DIST_W_01
OUT_08553,DIST_W_02
OUT_08554,DIST_W_03
OUT_08555,DIST_W_01
OUT_08556,DIST_W_01
OUT_08557,DIST_W_03
OUT_08558,DIST_W_03
OUT_08559,DIST_W_01
OUT_08560,DIST_W_02
OUT_08561,DIST_W_01
OUT_08562,DIST_W_01
OUT_08563,DIST_W_01
OUT_08564,DIST_W_02
OUT_08565,DIST_W_02
OUT_08566,DIST_W_02
OUT_08567,DIST_W_03
OUT_08568,DIST_W_01
OUT_08569,DIST_W_01
OUT_08570,DIST_W_01
OUT_08571,DIST_W_03
OUT_08572,DIST_W_02
OUT_08573,DIST_W_01
OUT_08574,DIST_W_03
OUT_08575,DIST_W_01
OUT_08576,DIST_W_02
OUT_08577,DIST_W_03
OUT_08578,DIST_W_01
OUT_08579,DIST_W_03
OUT_08580,DIST_W_02
OUT_08581,DIST_W_01
OUT_08582,DIST_W_02
OUT_08583,DIST_W_02
OUT_08584,DIST_W_01
OUT_08585,DIST_W_01
OUT_08586,DIST_W_01
OUT_08587,DIST_W_01
OUT_08588,DIST_W_03
OUT_08589,DIST_W_03
OUT_08590,DIST_W_03
OUT_08591,DIST_W_02
OUT_08592,DIST_W_02
OUT_08593,DIST_W_01
OUT_08594,DIST_W_01
OUT_08595,DIST_W_02
OUT_08596,DIST_W_03
OUT_08597,DIST_W_03
OUT_08598,DIST_W_01
OUT_08599,DIST_W_02
OUT_08600,DIST_W_01
OUT_08601,DIST_W_03
OUT_08602,DIST_W_01
OUT_08603,DIST_W_01
OUT_08604,DIST_W_01
OUT_08605,DIST_W_01
OUT_08606,DIST_W_01
OUT_08607,DIST_W_01
OUT_08608,DIST_W_03
OUT_08609,DIST_W_03
OUT_08610,DIST_W_03
OUT_08611,DIST_W_01
OUT_08612,DIST_W_02
OUT_08613,DIST_W_02
OUT_08614,DIST_W_02
OUT_08615,DIST_W_01
OUT_08616,DIST_W_01
OUT_08617,DIST_W_01
OUT_08618,DIST_W_02
OUT_08619,DIST_W_03
OUT_08620,DIST_W_03
OUT_08621,DIST_W_03
OUT_08622,DIST_W_03
OUT_08623,DIST_W_02
OUT_08624,DIST_W_03
OUT_08625,DIST_W_03
OUT_08626,DIST_W_01
OUT_08627,DIST_W_03
OUT_08628,DIST_W_01
OUT_08629,DIST_W_02
OUT_08630,DIST_W_03
OUT_08631,DIST_W_01
OUT_08632,DIST_W_03
OUT_08633,DIST_W_03
OUT_08634,DIST_W_01
OUT_08635,DIST_W_03
OUT_08636,DIST_W_03
OUT_08637,DIST_W_01
OUT_08638,DIST_W_01
OUT_08639,DIST_W_01
OUT_08640,DIST_W_02
OUT_08641,DIST_W_02
OUT_08642,DIST_W_02
OUT_08643,DIST_W_01
OUT_08644,DIST_W_01
OUT_08645,DIST_W_01
OUT_08646,DIST_W_01
OUT_08647,DIST_W_01
OUT_08648,DIST_W_01
OUT_08649,DIST_W_02
OUT_08650,DIST_W_03
OUT_08651,DIST_W_02
OUT_08652,DIST_W_03
OUT_08653,DIST_W_02
OUT_08654,DIST_W_02
OUT_08655,DIST_W_02
OUT_08656,DIST_W_01
OUT_08657,DIST_W_03
OUT_08658,DIST_W_02
OUT_08659,DIST_W_02
OUT_08660,DIST_W_01
OUT_08661,DIST_W_01
OUT_08662,DIST_W_02
OUT_08663,DIST_W_01
OUT_08664,DIST_W_02
OUT_08665,DIST_W_01
OUT_08666,DIST_W_02
OUT_08667,DIST_W_01
OUT_08668,DIST_W_03
OUT_08669,DIST_W_02
OUT_08670,DIST_W_02
OUT_08671,DIST_W_03
OUT_08672,DIST_W_03
OUT_08673,DIST_W_01
OUT_08674,DIST_W_01
OUT_08675,DIST_W_01
OUT_08676,DIST_W_02
OUT_08677,DIST_W_02
OUT_08678,DIST_W_01
OUT_08679,DIST_W_01
OUT_08680,DIST_W_01
OUT_08681,DIST_W_03
OUT_08682,DIST_W_03
OUT_08683,DIST_W_03
OUT_08684,DIST_W_01
OUT_08685,DIST_W_03
OUT_08686,DIST_W_03
OUT_08687,DIST_W_02
OUT_08688,DIST_W_02
OUT_08689,DIST_W_03
OUT_08690,DIST_W_02
OUT_08691,DIST_W_03
OUT_08692,DIST_W_01
OUT_08693,DIST_W_03
OUT_08694,DIST_W_02
OUT_08695,DIST_W_03
OUT_08696,DIST_W_02
OUT_08697,DIST_W_01
OUT_08698,DIST_W_02
OUT_08699,DIST_W_02
OUT_08700,DIST_W_03
OUT_08701,DIST_W_01
OUT_08702,DIST_W_03
OUT_08703,DIST_W_03
OUT_08704,DIST_W_01
OUT_08705,DIST_W_01
OUT_08706,DIST_W_01
OUT_08707,DIST_W_02
OUT_08708,DIST_W_01
OUT_08709,DIST_W_01
OUT_08710,DIST_W_01
OUT_08711,DIST_W_02
OUT_08712,DIST_W_03
OUT_08713,DIST_W_03
OUT_08714,DIST_W_01
OUT_08715,DIST_W_03
OUT_08716,DIST_W_03
OUT_08717,DIST_W_02
OUT_08718,DIST_W_03
OUT_08719,DIST_W_03
OUT_08720,DIST_W_01
OUT_08721,DIST_W_02
OUT_08722,DIST_W_01
OUT_08723,DIST_W_02
OUT_08724,DIST_W_02
OUT_08725,DIST_W_01
OUT_08726,DIST_W_03
OUT_08727,DIST_W_03
OUT_08728,DIST_W_03
OUT_08729,DIST_W_02
OUT_08730,DIST_W_03
OUT_08731,DIST_W_01
OUT_08732,DIST_W_03
OUT_08733,DIST_W_03
OUT_08734,DIST_W_03
OUT_08735,DIST_W_01
OUT_08736,DIST_W_01
OUT_08737,DIST_W_03
OUT_08738,DIST_W_01
OUT_08739,DIST_W_01
OUT_08740,DIST_W_01
OUT_08741,DIST_W_01
OUT_08742,DIST_W_02
OUT_08743,DIST_W_02
OUT_08744,DIST_W_02
OUT_08745,DIST_W_02
OUT_08746,DIST_W_03
OUT_08747,DIST_W_03
OUT_08748,DIST_W_02
OUT_08749,DIST_W_03
OUT_08750,DIST_W_03
OUT_08751,DIST_W_01
OUT_08752,DIST_W_03
OUT_08753,DIST_W_01
OUT_08754,DIST_W_02
OUT_08755,DIST_W_01
OUT_08756,DIST_W_01
OUT_08757,DIST_W_03
OUT_08758,DIST_W_01
OUT_08759,DIST_W_03
OUT_08760,DIST_W_03
OUT_08761,DIST_W_02
OUT_08762,DIST_W_02
OUT_08763,DIST_W_02
OUT_08764,DIST_W_03
OUT_08765,DIST_W_02
OUT_08766,DIST_W_01
OUT_08767,DIST_W_03
OUT_08768,DIST_W_03
OUT_08769,DIST_W_01
OUT_08770,DIST_W_01
OUT_08771,DIST_W_03
OUT_08772,DIST_W_03
OUT_08773,DIST_W_03
OUT_08774,DIST_W_02
OUT_08775,DIST_W_02
OUT_08776,DIST_W_02
OUT_08777,DIST_W_03
OUT_08778,DIST_W_02
OUT_08779,DIST_W_01
OUT_08780,DIST_W_02
OUT_08781,DIST_W_01
OUT_08782,DIST_W_01
OUT_08783,DIST_W_03
OUT_08784,DIST_W_02
OUT_08785,DIST_W_02
OUT_08786,DIST_W_03
OUT_08787,DIST_W_02
OUT_08788,DIST_W_01
OUT_08789,DIST_W_03
OUT_08790,DIST_W_02
OUT_08791,DIST_W_03
OUT_08792,DIST_W_01
OUT_08793,DIST_W_01
OUT_08794,DIST_W_03
OUT_08795,DIST_W_01
OUT_08796,DIST_W_01
OUT_08797,DIST_W_03
OUT_08798,DIST_W_02
OUT_08799,DIST_W_02
OUT_08800,DIST_W_01
OUT_08801,DIST_W_02
OUT_08802,DIST_W_03
OUT_08803,DIST_W_03
OUT_08804,DIST_W_02
OUT_08805,DIST_W_01
OUT_08806,DIST_W_02
OUT_08807,DIST_W_03
OUT_08808,DIST_W_01
OUT_08809,DIST_W_01
OUT_08810,DIST_W_01
OUT_08811,DIST_W_01
OUT_08812,DIST_W_01
OUT_08813,DIST_W_01
OUT_08814,DIST_W_03
OUT_08815,DIST_W_01
OUT_08816,DIST_W_02
OUT_08817,DIST_W_03
OUT_08818,DIST_W_03
OUT_08819,DIST_W_02
OUT_08820,DIST_W_01
OUT_08821,DIST_W_01
OUT_08822,DIST_W_02
OUT_08823,DIST_W_03
OUT_08824,DIST_W_02
OUT_08825,DIST_W_01
OUT_08826,DIST_W_03
OUT_08827,DIST_W_02
OUT_08828,DIST_W_02
OUT_08829,DIST_W_01
OUT_08830,DIST_W_02
OUT_08831,DIST_W_02
OUT_08832,DIST_W_01
OUT_08833,DIST_W_02
OUT_08834,DIST_W_02
OUT_08835,DIST_W_01
OUT_08836,DIST_W_03
OUT_08837,DIST_W_01
OUT_08838,DIST_W_02
OUT_08839,DIST_W_02
OUT_08840,DIST_W_03
OUT_08841,DIST_W_01
OUT_08842,DIST_W_02
OUT_08843,DIST_W_03
OUT_08844,DIST_W_03
OUT_08845,DIST_W_01
OUT_08846,DIST_W_02
OUT_08847,DIST_W_01
OUT_08848,DIST_W_03
OUT_08849,DIST_W_03
OUT_08850,DIST_W_03
OUT_08851,DIST_W_01
OUT_08852,DIST_W_01
OUT_08853,DIST_W_02
OUT_08854,DIST_W_03
OUT_08855,DIST_W_02
OUT_08856,DIST_W_02
OUT_08857,DIST_W_01
OUT_08858,DIST_W_01
OUT_08859,DIST_W_03
OUT_08860,DIST_W_02
OUT_08861,DIST_W_01
OUT_08862,DIST_W_01
OUT_08863,DIST_W_02
OUT_08864,DIST_W_03
OUT_08865,DIST_W_02
OUT_08866,DIST_W_02
OUT_08867,DIST_W_03
OUT_08868,DIST_W_03
OUT_08869,DIST_W_03
OUT_08870,DIST_W_02
OUT_08871,DIST_W_02
OUT_08872,DIST_W_02
OUT_08873,DIST_W_01
OUT_08874,DIST_W_03
OUT_08875,DIST_W_03
OUT_08876,DIST_W_03
OUT_08877,DIST_W_03
OUT_08878,DIST_W_03
OUT_08879,DIST_W_02
OUT_08880,DIST_W_03
OUT_08881,DIST_W_03
OUT_08882,DIST_W_01
OUT_08883,DIST_W_02
OUT_08884,DIST_W_03
OUT_08885,DIST_W_02
OUT_08886,DIST_W_02
OUT_08887,DIST_W_02
OUT_08888,DIST_W_01
OUT_08889,DIST_W_01
OUT_08890,DIST_W_03
OUT_08891,DIST_W_02
OUT_08892,DIST_W_03
OUT_08893,DIST_W_03
OUT_08894,DIST_W_03
OUT_08895,DIST_W_03
OUT_08896,DIST_W_02
OUT_08897,DIST_W_03
OUT_08898,DIST_W_01
OUT_08899,DIST_W_01
OUT_08900,DIST_W_03
OUT_08901,DIST_W_03
OUT_08902,DIST_W_01
OUT_08903,DIST_W_03
OUT_08904,DIST_W_03
OUT_08905,DIST_W_03
OUT_08906,DIST_W_03
OUT_08907,DIST_W_01
OUT_08908,DIST_W_02
OUT_08909,DIST_W_03
OUT_08910,DIST_W_03
OUT_08911,DIST_W_02
OUT_08912,DIST_W_03
OUT_08913,DIST_W_01
OUT_08914,DIST_W_01
OUT_08915,DIST_W_01
OUT_08916,DIST_W_01
OUT_08917,DIST_W_03
OUT_08918,DIST_W_03
OUT_08919,DIST_W_03
OUT_08920,DIST_W_01
OUT_08921,DIST_W_02
OUT_08922,DIST_W_03
OUT_08923,DIST_W_01
OUT_08924,DIST_W_02
OUT_08925,DIST_W_03
OUT_08926,DIST_W_02
OUT_08927,DIST_W_03
OUT_08928,DIST_W_03
OUT_08929,DIST_W_01
OUT_08930,DIST_W_02
OUT_08931,DIST_W_01
OUT_08932,DIST_W_03
OUT_08933,DIST_W_02
OUT_08934,DIST_W_02
OUT_08935,DIST_W_02
OUT_08936,DIST_W_03
OUT_08937,DIST_W_01
OUT_08938,DIST_W_03
OUT_08939,DIST_W_02
OUT_08940,DIST_W_03
OUT_08941,DIST_W_02
OUT_08942,DIST_W_02
OUT_08943,DIST_W_03
OUT_08944,DIST_W_02
OUT_08945,DIST_W_03
OUT_08946,DIST_W_02
OUT_08947,DIST_W_02
OUT_08948,DIST_W_01
OUT_08949,DIST_W_02
OUT_08950,DIST_W_02
OUT_08951,DIST_W_01
OUT_08952,DIST_W_01
OUT_08953,DIST_W_01
OUT_08954,DIST_W_02
OUT_08955,DIST_W_02
OUT_08956,DIST_W_03
OUT_08957,DIST_W_02
OUT_08958,DIST_W_01
OUT_08959,DIST_W_03
OUT_08960,DIST_W_03
OUT_08961,DIST_W_01
OUT_08962,DIST_W_02
OUT_08963,DIST_W_03
OUT_08964,DIST_W_03
OUT_08965,DIST_W_01
OUT_08966,DIST_W_01
OUT_08967,DIST_W_01
OUT_08968,DIST_W_01
OUT_08969,DIST_W_02
OUT_08970,DIST_W_01
OUT_08971,DIST_W_02
OUT_08972,DIST_W_02
OUT_08973,DIST_W_03
OUT_08974,DIST_W_01
OUT_08975,DIST_W_02
OUT_08976,DIST_W_02
OUT_08977,DIST_W_02
OUT_08978,DIST_W_02
OUT_08979,DIST_W_02
OUT_08980,DIST_W_02
OUT_08981,DIST_W_01
OUT_08982,DIST_W_03
OUT_08983,DIST_W_02
OUT_08984,DIST_W_01
OUT_08985,DIST_W_03
OUT_08986,DIST_W_03
OUT_08987,DIST_W_01
OUT_08988,DIST_W_01
OUT_08989,DIST_W_01
OUT_08990,DIST_W_01
OUT_08991,DIST_W_03
OUT_08992,DIST_W_02
OUT_08993,DIST_W_03
OUT_08994,DIST_W_01
OUT_08995,DIST_W_03
OUT_08996,DIST_W_01
OUT_08997,DIST_W_01
OUT_08998,DIST_W_03
OUT_08999,DIST_W_01
OUT_09000,DIST_W_01
OUT_09001,DIST_C_02
OUT_09002,DIST_C_02
OUT_09003,DIST_C_02
OUT_09004,DIST_C_01
OUT_09005,DIST_C_02
OUT_09006,DIST_C_02
OUT_09007,DIST_C_03
OUT_09008,DIST_C_01
OUT_09009,DIST_C_01
OUT_09010,DIST_C_01
OUT_09011,DIST_C_02
OUT_09012,DIST_C_02
OUT_09013,DIST_C_01
OUT_09014,DIST_C_02
OUT_09015,DIST_C_03
OUT_09016,DIST_C_01
OUT_09017,DIST_C_02
OUT_09018,DIST_C_03
OUT_09019,DIST_C_01
OUT_09020,DIST_C_01
OUT_09021,DIST_C_03
OUT_09022,DIST_C_01
OUT_09023,DIST_C_03
OUT_09024,DIST_C_02
OUT_09025,DIST_C_03
OUT_09026,DIST_C_01
OUT_09027,DIST_C_02
OUT_09028,DIST_C_01
OUT_09029,DIST_C_03
OUT_09030,DIST_C_03
OUT_09031,DIST_C_01
OUT_09032,DIST_C_02
OUT_09033,DIST_C_02
OUT_09034,DIST_C_02
OUT_09035,DIST_C_01
OUT_09036,DIST_C_03
OUT_09037,DIST_C_02
OUT_09038,DIST_C_03
OUT_09039,DIST_C_03
OUT_09040,DIST_C_01
OUT_09041,DIST_C_01
OUT_09042,DIST_C_02
OUT_09043,DIST_C_01
OUT_09044,DIST_C_02
OUT_09045,DIST_C_01
OUT_09046,DIST_C_01
OUT_09047,DIST_C_01
OUT_09048,DIST_C_03
OUT_09049,DIST_C_01
OUT_09050,DIST_C_01
OUT_09051,DIST_C_02
OUT_09052,DIST_C_01
OUT_09053,DIST_C_03
OUT_09054,DIST_C_01
OUT_09055,DIST_C_02
OUT_09056,DIST_C_03
OUT_09057,DIST_C_01
OUT_09058,DIST_C_02
OUT_09059,DIST_C_03
OUT_09060,DIST_C_02
OUT_09061,DIST_C_02
OUT_09062,DIST_C_03
OUT_09063,DIST_C_02
OUT_09064,DIST_C_03
OUT_09065,DIST_C_01
OUT_09066,DIST_C_03
OUT_09067,DIST_C_01
OUT_09068,DIST_C_02
OUT_09069,DIST_C_01
OUT_09070,DIST_C_03
OUT_09071,DIST_C_03
OUT_09072,DIST_C_01
OUT_09073,DIST_C_03
OUT_09074,DIST_C_01
OUT_09075,DIST_C_03
OUT_09076,DIST_C_02
OUT_09077,DIST_C_03
OUT_09078,DIST_C_02
OUT_09079,DIST_C_03
OUT_09080,DIST_C_03
OUT_09081,DIST_C_02
OUT_09082,DIST_C_02
OUT_09083,DIST_C_01
OUT_09084,DIST_C_01
OUT_09085,DIST_C_03
OUT_09086,DIST_C_01
OUT_09087,DIST_C_03
OUT_09088,DIST_C_03
OUT_09089,DIST_C_01
OUT_09090,DIST_C_03
OUT_09091,DIST_C_03
OUT_09092,DIST_C_03
OUT_09093,DIST_C_03
OUT_09094,DIST_C_02
OUT_09095,DIST_C_02
OUT_09096,DIST_C_01
OUT_09097,DIST_C_03
OUT_09098,DIST_C_01
OUT_09099,DIST_C_02
OUT_09100,DIST_C_02
OUT_09101,DIST_C_03
OUT_09102,DIST_C_02
OUT_09103,DIST_C_02
OUT_09104,DIST_C_01
OUT_09105,DIST_C_02
OUT_09106,DIST_C_01
OUT_09107,DIST_C_03
OUT_09108,DIST_C_01
OUT_09109,DIST_C_03
OUT_09110,DIST_C_01
OUT_09111,DIST_C_01
OUT_09112,DIST_C_03
OUT_09113,DIST_C_03
OUT_09114,DIST_C_01
OUT_09115,DIST_C_02
OUT_09116,DIST_C_02
OUT_09117,DIST_C_01
OUT_09118,DIST_C_02
OUT_09119,DIST_C_02
OUT_09120,DIST_C_01
OUT_09121,DIST_C_03
OUT_09122,DIST_C_01
OUT_09123,DIST_C_03
OUT_09124,DIST_C_01
OUT_09125,DIST_C_03
OUT_09126,DIST_C_02
OUT_09127,DIST_C_01
OUT_09128,DIST_C_02
OUT_09129,DIST_C_03
OUT_09130,DIST_C_03
OUT_09131,DIST_C_01
OUT_09132,DIST_C_02
OUT_09133,DIST_C_03
OUT_09134,DIST_C_03
OUT_09135,DIST_C_03
OUT_09136,DIST_C_01
OUT_09137,DIST_C_02
OUT_09138,DIST_C_02
OUT_09139,DIST_C_02
OUT_09140,DIST_C_02
OUT_09141,DIST_C_03
OUT_09142,DIST_C_02
OUT_09143,DIST_C_01
OUT_09144,DIST_C_01
OUT_09145,DIST_C_02
OUT_09146,DIST_C_03
OUT_09147,DIST_C_03
OUT_09148,DIST_C_03
OUT_09149,DIST_C_01
OUT_09150,DIST_C_01
OUT_09151,DIST_C_03
OUT_09152,DIST_C_03
OUT_09153,DIST_C_03
OUT_09154,DIST_C_02
OUT_09155,DIST_C_01
OUT_09156,DIST_C_01
OUT_09157,DIST_C_01
OUT_09158,DIST_C_01
OUT_09159,DIST_C_01
OUT_09160,DIST_C_01
OUT_09161,DIST_C_02
OUT_09162,DIST_C_01
OUT_09163,DIST_C_02
OUT_09164,DIST_C_02
OUT_09165,DIST_C_01
OUT_09166,DIST_C_01
OUT_09167,DIST_C_01
OUT_09168,DIST_C_01
OUT_09169,DIST_C_03
OUT_09170,DIST_C_01
OUT_09171,DIST_C_01
OUT_09172,DIST_C_01
OUT_09173,DIST_C_02
OUT_09174,DIST_C_01
OUT_09175,DIST_C_01
OUT_09176,DIST_C_03
OUT_09177,DIST_C_02
OUT_09178,DIST_C_01
OUT_09179,DIST_C_02
OUT_09180,DIST_C_02
OUT_09181,DIST_C_02
OUT_09182,DIST_C_01
OUT_09183,DIST_C_01
OUT_09184,DIST_C_01
OUT_09185,DIST_C_01
OUT_09186,DIST_C_02
OUT_09187,DIST_C_01
OUT_09188,DIST_C_02
OUT_09189,DIST_C_01
OUT_09190,DIST_C_02
OUT_09191,DIST_C_01
OUT_09192,DIST_C_03
OUT_09193,DIST_C_01
OUT_09194,DIST_C_01
OUT_09195,DIST_C_01
OUT_09196,DIST_C_01
OUT_09197,DIST_C_02
OUT_09198,DIST_C_02
OUT_09199,DIST_C_03
OUT_09200,DIST_C_02
OUT_09201,DIST_C_01
OUT_09202,DIST_C_01
OUT_09203,DIST_C_03
OUT_09204,DIST_C_02
OUT_09205,DIST_C_01
OUT_09206,DIST_C_01
OUT_09207,DIST_C_01
OUT_09208,DIST_C_03
OUT_09209,DIST_C_03
OUT_09210,DIST_C_02
OUT_09211,DIST_C_01
OUT_09212,DIST_C_01
OUT_09213,DIST_C_01
OUT_09214,DIST_C_03
OUT_09215,DIST_C_01
OUT_09216,DIST_C_01
OUT_09217,DIST_C_01
OUT_09218,DIST_C_01
OUT_09219,DIST_C_02
OUT_09220,DIST_C_01
OUT_09221,DIST_C_01
OUT_09222,DIST_C_01
OUT_09223,DIST_C_02
OUT_09224,DIST_C_01
OUT_09225,DIST_C_03
OUT_09226,DIST_C_02
OUT_09227,DIST_C_03
OUT_09228,DIST_C_02
OUT_09229,DIST_C_02
OUT_09230,DIST_C_02
OUT_09231,DIST_C_03
OUT_09232,DIST_C_01
OUT_09233,DIST_C_01
OUT_09234,DIST_C_03
OUT_09235,DIST_C_03
OUT_09236,DIST_C_03
OUT_09237,DIST_C_03
OUT_09238,DIST_C_03
OUT_09239,DIST_C_02
OUT_09240,DIST_C_02
OUT_09241,DIST_C_01
OUT_09242,DIST_C_01
OUT_09243,DIST_C_03
OUT_09244,DIST_C_03
OUT_09245,DIST_C_01
OUT_09246,DIST_C_02
OUT_09247,DIST_C_01
OUT_09248,DIST_C_02
OUT_09249,DIST_C_02
OUT_09250,DIST_C_03
OUT_09251,DIST_C_03
OUT_09252,DIST_C_02
OUT_09253,DIST_C_02
OUT_09254,DIST_C_02
OUT_09255,DIST_C_03
OUT_09256,DIST_C_01
OUT_09257,DIST_C_02
OUT_09258,DIST_C_02
OUT_09259,DIST_C_03
OUT_09260,DIST_C_02
OUT_09261,DIST_C_03
OUT_09262,DIST_C_02
OUT_09263,DIST_C_03
OUT_09264,DIST_C_02
OUT_09265,DIST_C_02
OUT_09266,DIST_C_03
OUT_09267,DIST_C_01
OUT_09268,DIST_C_02
OUT_09269,DIST_C_03
OUT_09270,DIST_C_03
OUT_09271,DIST_C_03
OUT_09272,DIST_C_01
OUT_09273,DIST_C_03
OUT_09274,DIST_C_03
OUT_09275,DIST_C_01
OUT_09276,DIST_C_01
OUT_09277,DIST_C_03
OUT_09278,DIST_C_03
OUT_09279,DIST_C_01
OUT_09280,DIST_C_03
OUT_09281,DIST_C_03
OUT_09282,DIST_C_03
OUT_09283,DIST_C_02
OUT_09284,DIST_C_03
OUT_09285,DIST_C_01
OUT_09286,DIST_C_01
OUT_09287,DIST_C_02
OUT_09288,DIST_C_02
OUT_09289,DIST_C_02
OUT_09290,DIST_C_02
OUT_09291,DIST_C_03
OUT_09292,DIST_C_01
OUT_09293,DIST_C_02
OUT_09294,DIST_C_01
OUT_09295,DIST_C_03
OUT_09296,DIST_C_03
OUT_09297,DIST_C_03
OUT_09298,DIST_C_01
OUT_09299,DIST_C_01
OUT_09300,DIST_C_01
OUT_09301,DIST_C_03
OUT_09302,DIST_C_02
OUT_09303,DIST_C_01
OUT_09304,DIST_C_03
OUT_09305,DIST_C_01
OUT_09306,DIST_C_01
OUT_09307,DIST_C_02
OUT_09308,DIST_C_01
OUT_09309,DIST_C_03
OUT_09310,DIST_C_01
OUT_09311,DIST_C_01
OUT_09312,DIST_C_01
OUT_09313,DIST_C_01
OUT_09314,DIST_C_02
OUT_09315,DIST_C_01
OUT_09316,DIST_C_03
OUT_09317,DIST_C_01
OUT_09318,DIST_C_01
OUT_09319,DIST_C_02
OUT_09320,DIST_C_03
OUT_09321,DIST_C_01
OUT_09322,DIST_C_01
OUT_09323,DIST_C_03
OUT_09324,DIST_C_03
OUT_09325,DIST_C_01
OUT_09326,DIST_C_01
OUT_09327,DIST_C_03
OUT_09328,DIST_C_01
OUT_09329,DIST_C_03
OUT_09330,DIST_C_01
OUT_09331,DIST_C_02
OUT_09332,DIST_C_03
OUT_09333,DIST_C_01
OUT_09334,DIST_C_02
OUT_09335,DIST_C_02
OUT_09336,DIST_C_02
OUT_09337,DIST_C_02
OUT_09338,DIST_C_03
OUT_09339,DIST_C_03
OUT_09340,DIST_C_03
OUT_09341,DIST_C_02
OUT_09342,DIST_C_02
OUT_09343,DIST_C_02
OUT_09344,DIST_C_01
OUT_09345,DIST_C_02
OUT_09346,DIST_C_01
OUT_09347,DIST_C_02
OUT_09348,DIST_C_01
OUT_09349,DIST_C_02
OUT_09350,DIST_C_02
OUT_09351,DIST_C_03
OUT_09352,DIST_C_01
OUT_09353,DIST_C_02
OUT_09354,DIST_C_03
OUT_09355,DIST_C_02
OUT_09356,DIST_C_03
OUT_09357,DIST_C_01
OUT_09358,DIST_C_02
OUT_09359,DIST_C_03
OUT_09360,DIST_C_02
OUT_09361,DIST_C_02
OUT_09362,DIST_C_02
OUT_09363,DIST_C_03
OUT_09364,DIST_C_03
OUT_09365,DIST_C_03
OUT_09366,DIST_C_01
OUT_09367,DIST_C_01
OUT_09368,DIST_C_01
OUT_09369,DIST_C_03
OUT_09370,DIST_C_01
OUT_09371,DIST_C_01
OUT_09372,DIST_C_02
OUT_09373,DIST_C_01
OUT_09374,DIST_C_02
OUT_09375,DIST_C_02
OUT_09376,DIST_C_03
OUT_09377,DIST_C_01
OUT_09378,DIST_C_01
OUT_09379,DIST_C_01
OUT_09380,DIST_C_01
OUT_09381,DIST_C_01
OUT_09382,DIST_C_01
OUT_09383,DIST_C_03
OUT_09384,DIST_C_02
OUT_09385,DIST_C_01
OUT_09386,DIST_C_01
OUT_09387,DIST_C_03
OUT_09388,DIST_C_02
OUT_09389,DIST_C_01
OUT_09390,DIST_C_03
OUT_09391,DIST_C_01
OUT_09392,DIST_C_03
OUT_09393,DIST_C_02
OUT_09394,DIST_C_01
OUT_09395,DIST_C_01
OUT_09396,DIST_C_01
OUT_09397,DIST_C_02
OUT_09398,DIST_C_01
OUT_09399,DIST_C_01
OUT_09400,DIST_C_02
OUT_09401,DIST_C_03
OUT_09402,DIST_C_03
OUT_09403,DIST_C_02
OUT_09404,DIST_C_02
OUT_09405,DIST_C_01
OUT_09406,DIST_C_03
OUT_09407,DIST_C_02
OUT_09408,DIST_C_03
OUT_09409,DIST_C_02
OUT_09410,DIST_C_03
OUT_09411,DIST_C_01
OUT_09412,DIST_C_03
OUT_09413,DIST_C_02
OUT_09414,DIST_C_03
OUT_09415,DIST_C_03
OUT_09416,DIST_C_02
OUT_09417,DIST_C_01
OUT_09418,DIST_C_03
OUT_09419,DIST_C_01
OUT_09420,DIST_C_01
OUT_09421,DIST_C_02
OUT_09422,DIST_C_01
OUT_09423,DIST_C_03
OUT_09424,DIST_C_03
OUT_09425,DIST_C_03
OUT_09426,DIST_C_02
OUT_09427,DIST_C_01
OUT_09428,DIST_C_01
OUT_09429,DIST_C_03
OUT_09430,DIST_C_01
OUT_09431,DIST_C_02
OUT_09432,DIST_C_03
OUT_09433,DIST_C_03
OUT_09434,DIST_C_01
OUT_09435,DIST_C_01
OUT_09436,DIST_C_01
OUT_09437,DIST_C_01
OUT_09438,DIST_C_01
OUT_09439,DIST_C_02
OUT_09440,DIST_C_03
OUT_09441,DIST_C_02
OUT_09442,DIST_C_01
OUT_09443,DIST_C_01
OUT_09444,DIST_C_02
OUT_09445,DIST_C_03
OUT_09446,DIST_C_03
OUT_09447,DIST_C_02
OUT_09448,DIST_C_01
OUT_09449,DIST_C_01
OUT_09450,DIST_C_03
OUT_09451,DIST_C_02
OUT_09452,DIST_C_01
OUT_09453,DIST_C_02
OUT_09454,DIST_C_01
OUT_09455,DIST_C_03
OUT_09456,DIST_C_01
OUT_09457,DIST_C_03
OUT_09458,DIST_C_02
OUT_09459,DIST_C_01
OUT_09460,DIST_C_01
OUT_09461,DIST_C_03
OUT_09462,DIST_C_03
OUT_09463,DIST_C_03
OUT_09464,DIST_C_02
OUT_09465,DIST_C_01
OUT_09466,DIST_C_03
OUT_09467,DIST_C_02
OUT_09468,DIST_C_02
OUT_09469,DIST_C_03
OUT_09470,DIST_C_03
OUT_09471,DIST_C_02
OUT_09472,DIST_C_03
OUT_09473,DIST_C_02
OUT_09474,DIST_C_03
OUT_09475,DIST_C_03
OUT_09476,DIST_C_01
OUT_09477,DIST_C_02
OUT_09478,DIST_C_02
OUT_09479,DIST_C_02
OUT_09480,DIST_C_03
OUT_09481,DIST_C_02
OUT_09482,DIST_C_03
OUT_09483,DIST_C_01
OUT_09484,DIST_C_01
OUT_09485,DIST_C_02
OUT_09486,DIST_C_03
OUT_09487,DIST_C_02
OUT_09488,DIST_C_03
OUT_09489,DIST_C_02
OUT_09490,DIST_C_03
OUT_09491,DIST_C_02
OUT_09492,DIST_C_01
OUT_09493,DIST_C_01
OUT_09494,DIST_C_01
OUT_09495,DIST_C_03
OUT_09496,DIST_C_01
OUT_09497,DIST_C_01
OUT_09498,DIST_C_03
OUT_09499,DIST_C_02
OUT_09500,DIST_C_02
OUT_09501,DIST_C_02
OUT_09502,DIST_C_01
OUT_09503,DIST_C_02
OUT_09504,DIST_C_01
OUT_09505,DIST_C_01
OUT_09506,DIST_C_03
OUT_09507,DIST_C_03
OUT_09508,DIST_C_01
OUT_09509,DIST_C_02
OUT_09510,DIST_C_02
OUT_09511,DIST_C_01
OUT_09512,DIST_C_01
OUT_09513,DIST_C_03
OUT_09514,DIST_C_01
OUT_09515,DIST_C_02
OUT_09516,DIST_C_01
OUT_09517,DIST_C_02
OUT_09518,DIST_C_01
OUT_09519,DIST_C_03
OUT_09520,DIST_C_01
OUT_09521,DIST_C_03
OUT_09522,DIST_C_02
OUT_09523,DIST_C_02
OUT_09524,DIST_C_03
OUT_09525,DIST_C_02
OUT_09526,DIST_C_03
OUT_09527,DIST_C_03
OUT_09528,DIST_C_03
OUT_09529,DIST_C_03
OUT_09530,DIST_C_02
OUT_09531,DIST_C_03
OUT_09532,DIST_C_03
OUT_09533,DIST_C_03
OUT_09534,DIST_C_03
OUT_09535,DIST_C_02
OUT_09536,DIST_C_03
OUT_09537,DIST_C_03
OUT_09538,DIST_C_01
OUT_09539,DIST_C_02
OUT_09540,DIST_C_03
OUT_09541,DIST_C_02
OUT_09542,DIST_C_02
OUT_09543,DIST_C_03
OUT_09544,DIST_C_03
OUT_09545,DIST_C_03
OUT_09546,DIST_C_01
OUT_09547,DIST_C_03
OUT_09548,DIST_C_03
OUT_09549,DIST_C_02
OUT_09550,DIST_C_03
OUT_09551,DIST_C_03
OUT_09552,DIST_C_01
OUT_09553,DIST_C_01
OUT_09554,DIST_C_01
OUT_09555,DIST_C_01
OUT_09556,DIST_C_03
OUT_09557,DIST_C_01
OUT_09558,DIST_C_03
OUT_09559,DIST_C_01
OUT_09560,DIST_C_02
OUT_09561,DIST_C_03
OUT_09562,DIST_C_01
OUT_09563,DIST_C_01
OUT_09564,DIST_C_03
OUT_09565,DIST_C_03
OUT_09566,DIST_C_01
OUT_09567,DIST_C_01
OUT_09568,DIST_C_01
OUT_09569,DIST_C_02
OUT_09570,DIST_C_01
OUT_09571,DIST_C_02
OUT_09572,DIST_C_02
OUT_09573,DIST_C_02
OUT_09574,DIST_C_03
OUT_09575,DIST_C_02
OUT_09576,DIST_C_02
OUT_09577,DIST_C_01
OUT_09578,DIST_C_03
OUT_09579,DIST_C_03
OUT_09580,DIST_C_02
OUT_09581,DIST_C_03
OUT_09582,DIST_C_02
OUT_09583,DIST_C_01
OUT_09584,DIST_C_01
OUT_09585,DIST_C_03
OUT_09586,DIST_C_03
OUT_09587,DIST_C_03
OUT_09588,DIST_C_02
OUT_09589,DIST_C_01
OUT_09590,DIST_C_01
OUT_09591,DIST_C_03
OUT_09592,DIST_C_03
OUT_09593,DIST_C_03
OUT_09594,DIST_C_01
OUT_09595,DIST_C_02
OUT_09596,DIST_C_01
OUT_09597,DIST_C_02
OUT_09598,DIST_C_01
OUT_09599,DIST_C_02
OUT_09600,DIST_C_02
OUT_09601,DIST_C_02
OUT_09602,DIST_C_03
OUT_09603,DIST_C_03
OUT_09604,DIST_C_02
OUT_09605,DIST_C_01
OUT_09606,DIST_C_01
OUT_09607,DIST_C_01
OUT_09608,DIST_C_03
OUT_09609,DIST_C_02
OUT_09610,DIST_C_01
OUT_09611,DIST_C_01
OUT_09612,DIST_C_02
OUT_09613,DIST_C_03
OUT_09614,DIST_C_02
OUT_09615,DIST_C_01
OUT_09616,DIST_C_01
OUT_09617,DIST_C_03
OUT_09618,DIST_C_01
OUT_09619,DIST_C_01
OUT_09620,DIST_C_02
OUT_09621,DIST_C_02
OUT_09622,DIST_C_03
OUT_09623,DIST_C_01
OUT_09624,DIST_C_01
OUT_09625,DIST_C_02
OUT_09626,DIST_C_02
OUT_09627,DIST_C_02
OUT_09628,DIST_C_02
OUT_09629,DIST_C_03
OUT_09630,DIST_C_03
OUT_09631,DIST_C_03
OUT_09632,DIST_C_03
OUT_09633,DIST_C_01
OUT_09634,DIST_C_02
OUT_09635,DIST_C_01
OUT_09636,DIST_C_02
OUT_09637,DIST_C_02
OUT_09638,DIST_C_01
OUT_09639,DIST_C_01
OUT_09640,DIST_C_02
OUT_09641,DIST_C_01
OUT_09642,DIST_C_02
OUT_09643,DIST_C_01
OUT_09644,DIST_C_01
OUT_09645,DIST_C_03
OUT_09646,DIST_C_01
OUT_09647,DIST_C_03
OUT_09648,DIST_C_01
OUT_09649,DIST_C_01
OUT_09650,DIST_C_01
OUT_09651,DIST_C_01
OUT_09652,DIST_C_02
OUT_09653,DIST_C_01
OUT_09654,DIST_C_03
OUT_09655,DIST_C_03
OUT_09656,DIST_C_02
OUT_09657,DIST_C_02
OUT_09658,DIST_C_02
OUT_09659,DIST_C_03
OUT_09660,DIST_C_03
OUT_09661,DIST_C_01
OUT_09662,DIST_C_01
OUT_09663,DIST_C_02
OUT_09664,DIST_C_02
OUT_09665,DIST_C_03
OUT_09666,DIST_C_03
OUT_09667,DIST_C_01
OUT_09668,DIST_C_03
OUT_09669,DIST_C_01
OUT_09670,DIST_C_01
OUT_09671,DIST_C_03
OUT_09672,DIST_C_01
OUT_09673,DIST_C_01
OUT_09674,DIST_C_02
OUT_09675,DIST_C_01
OUT_09676,DIST_C_03
OUT_09677,DIST_C_01
OUT_09678,DIST_C_03
OUT_09679,DIST_C_02
OUT_09680,DIST_C_02
OUT_09681,DIST_C_01
OUT_09682,DIST_C_01
OUT_09683,DIST_C_02
OUT_09684,DIST_C_01
OUT_09685,DIST_C_03
OUT_09686,DIST_C_03
OUT_09687,DIST_C_03
OUT_09688,DIST_C_01
OUT_09689,DIST_C_01
OUT_09690,DIST_C_03
OUT_09691,DIST_C_02
OUT_09692,DIST_C_01
OUT_09693,DIST_C_02
OUT_09694,DIST_C_02
OUT_09695,DIST_C_02
OUT_09696,DIST_C_02
OUT_09697,DIST_C_03
OUT_09698,DIST_C_02
OUT_09699,DIST_C_02
OUT_09700,DIST_C_01
OUT_09701,DIST_C_02
OUT_09702,DIST_C_02
OUT_09703,DIST_C_01
OUT_09704,DIST_C_01
OUT_09705,DIST_C_02
OUT_09706,DIST_C_03
OUT_09707,DIST_C_03
OUT_09708,DIST_C_03
OUT_09709,DIST_C_03
OUT_09710,DIST_C_02
OUT_09711,DIST_C_01
OUT_09712,DIST_C_02
OUT_09713,DIST_C_01
OUT_09714,DIST_C_01
OUT_09715,DIST_C_02
OUT_09716,DIST_C_03
OUT_09717,DIST_C_01
OUT_09718,DIST_C_03
OUT_09719,DIST_C_02
OUT_09720,DIST_C_03
OUT_09721,DIST_C_02
OUT_09722,DIST_C_02
OUT_09723,DIST_C_01
OUT_09724,DIST_C_01
OUT_09725,DIST_C_01
OUT_09726,DIST_C_02
OUT_09727,DIST_C_02
OUT_09728,DIST_C_03
OUT_09729,DIST_C_02
OUT_09730,DIST_C_01
OUT_09731,DIST_C_01
OUT_09732,DIST_C_02
OUT_09733,DIST_C_02
OUT_09734,DIST_C_02
OUT_09735,DIST_C_03
OUT_09736,DIST_C_01
OUT_09737,DIST_C_03
OUT_09738,DIST_C_03
OUT_09739,DIST_C_03
OUT_09740,DIST_C_03
OUT_09741,DIST_C_01
OUT_09742,DIST_C_03
OUT_09743,DIST_C_02
OUT_09744,DIST_C_03
OUT_09745,DIST_C_01
OUT_09746,DIST_C_03
OUT_09747,DIST_C_02
OUT_09748,DIST_C_03
OUT_09749,DIST_C_01
OUT_09750,DIST_C_01
OUT_09751,DIST_C_01
OUT_09752,DIST_C_03
OUT_09753,DIST_C_03
OUT_09754,DIST_C_01
OUT_09755,DIST_C_03
OUT_09756,DIST_C_03
OUT_09757,DIST_C_03
OUT_09758,DIST_C_03
OUT_09759,DIST_C_03
OUT_09760,DIST_C_03
OUT_09761,DIST_C_02
OUT_09762,DIST_C_03
OUT_09763,DIST_C_03
OUT_09764,DIST_C_02
OUT_09765,DIST_C_01
OUT_09766,DIST_C_02
OUT_09767,DIST_C_02
OUT_09768,DIST_C_02
OUT_09769,DIST_C_03
OUT_09770,DIST_C_01
OUT_09771,DIST_C_03
OUT_09772,DIST_C_01
OUT_09773,DIST_C_01
OUT_09774,DIST_C_02
OUT_09775,DIST_C_02
OUT_09776,DIST_C_02
OUT_09777,DIST_C_02
OUT_09778,DIST_C_01
OUT_09779,DIST_C_03
OUT_09780,DIST_C_01
OUT_09781,DIST_C_02
OUT_09782,DIST_C_01
OUT_09783,DIST_C_03
OUT_09784,DIST_C_01
OUT_09785,DIST_C_01
OUT_09786,DIST_C_03
OUT_09787,DIST_C_02
OUT_09788,DIST_C_01
OUT_09789,DIST_C_03
OUT_09790,DIST_C_01
OUT_09791,DIST_C_03
OUT_09792,DIST_C_02
OUT_09793,DIST_C_02
OUT_09794,DIST_C_03
OUT_09795,DIST_C_01
OUT_09796,DIST_C_02
OUT_09797,DIST_C_02
OUT_09798,DIST_C_01
OUT_09799,DIST_C_03
OUT_09800,DIST_C_01
OUT_09801,DIST_C_01
OUT_09802,DIST_C_03
OUT_09803,DIST_C_03
OUT_09804,DIST_C_01
OUT_09805,DIST_C_02
OUT_09806,DIST_C_01
OUT_09807,DIST_C_02
OUT_09808,DIST_C_02
OUT_09809,DIST_C_03
OUT_09810,DIST_C_02
OUT_09811,DIST_C_03
OUT_09812,DIST_C_03
OUT_09813,DIST_C_01
OUT_09814,DIST_C_03
OUT_09815,DIST_C_02
OUT_09816,DIST_C_02
OUT_09817,DIST_C_03
OUT_09818,DIST_C_02
OUT_09819,DIST_C_01
OUT_09820,DIST_C_03
OUT_09821,DIST_C_03
OUT_09822,DIST_C_01
OUT_09823,DIST_C_01
OUT_09824,DIST_C_01
OUT_09825,DIST_C_03
OUT_09826,DIST_C_02
OUT_09827,DIST_C_01
OUT_09828,DIST_C_02
OUT_09829,DIST_C_01
OUT_09830,DIST_C_01
OUT_09831,DIST_C_01
OUT_09832,DIST_C_01
OUT_09833,DIST_C_01
OUT_09834,DIST_C_03
OUT_09835,DIST_C_01
OUT_09836,DIST_C_03
OUT_09837,DIST_C_01
OUT_09838,DIST_C_02
OUT_09839,DIST_C_03
OUT_09840,DIST_C_01
OUT_09841,DIST_C_03
OUT_09842,DIST_C_03
OUT_09843,DIST_C_01
OUT_09844,DIST_C_03
OUT_09845,DIST_C_01
OUT_09846,DIST_C_03
OUT_09847,DIST_C_01
OUT_09848,DIST_C_01
OUT_09849,DIST_C_02
OUT_09850,DIST_C_02
OUT_09851,DIST_C_01
OUT_09852,DIST_C_02
OUT_09853,DIST_C_01
OUT_09854,DIST_C_03
OUT_09855,DIST_C_01
OUT_09856,DIST_C_02
OUT_09857,DIST_C_01
OUT_09858,DIST_C_03
OUT_09859,DIST_C_02
OUT_09860,DIST_C_01
OUT_09861,DIST_C_01
OUT_09862,DIST_C_02
OUT_09863,DIST_C_03
OUT_09864,DIST_C_03
OUT_09865,DIST_C_03
OUT_09866,DIST_C_01
OUT_09867,DIST_C_02
OUT_09868,DIST_C_02
OUT_09869,DIST_C_01
OUT_09870,DIST_C_03
OUT_09871,DIST_C_01
OUT_09872,DIST_C_01
OUT_09873,DIST_C_03
OUT_09874,DIST_C_03
OUT_09875,DIST_C_02
OUT_09876,DIST_C_02
OUT_09877,DIST_C_01
OUT_09878,DIST_C_03
OUT_09879,DIST_C_02
OUT_09880,DIST_C_02
OUT_09881,DIST_C_03
OUT_09882,DIST_C_01
OUT_09883,DIST_C_03
OUT_09884,DIST_C_01
OUT_09885,DIST_C_02
OUT_09886,DIST_C_01
OUT_09887,DIST_C_01
OUT_09888,DIST_C_03
OUT_09889,DIST_C_03
OUT_09890,DIST_C_03
OUT_09891,DIST_C_02
OUT_09892,DIST_C_01
OUT_09893,DIST_C_03
OUT_09894,DIST_C_01
OUT_09895,DIST_C_01
OUT_09896,DIST_C_03
OUT_09897,DIST_C_01
OUT_09898,DIST_C_02
OUT_09899,DIST_C_02
OUT_09900,DIST_C_01
OUT_09901,DIST_C_02
OUT_09902,DIST_C_02
OUT_09903,DIST_C_03
OUT_09904,DIST_C_01
OUT_09905,DIST_C_01
OUT_09906,DIST_C_01
OUT_09907,DIST_C_02
OUT_09908,DIST_C_02
OUT_09909,DIST_C_02
OUT_09910,DIST_C_01
OUT_09911,DIST_C_02
OUT_09912,DIST_C_03
OUT_09913,DIST_C_01
OUT_09914,DIST_C_02
OUT_09915,DIST_C_02
OUT_09916,DIST_C_02
OUT_09917,DIST_C_03
OUT_09918,DIST_C_02
OUT_09919,DIST_C_01
OUT_09920,DIST_C_01
OUT_09921,DIST_C_03
OUT_09922,DIST_C_01
OUT_09923,DIST_C_01
OUT_09924,DIST_C_01
OUT_09925,DIST_C_03
OUT_09926,DIST_C_02
OUT_09927,DIST_C_01
OUT_09928,DIST_C_02
OUT_09929,DIST_C_01
OUT_09930,DIST_C_03
OUT_09931,DIST_C_03
OUT_09932,DIST_C_02
OUT_09933,DIST_C_03
OUT_09934,DIST_C_01
OUT_09935,DIST_C_02
OUT_09936,DIST_C_02
OUT_09937,DIST_C_03
OUT_09938,DIST_C_03
OUT_09939,DIST_C_02
OUT_09940,DIST_C_02
OUT_09941,DIST_C_01
OUT_09942,DIST_C_02
OUT_09943,DIST_C_01
OUT_09944,DIST_C_02
OUT_09945,DIST_C_03
OUT_09946,DIST_C_01
OUT_09947,DIST_C_02
OUT_09948,DIST_C_01
OUT_09949,DIST_C_03
OUT_09950,DIST_C_01
OUT_09951,DIST_C_01
OUT_09952,DIST_C_03
OUT_09953,DIST_C_03
OUT_09954,DIST_C_02
OUT_09955,DIST_C_02
OUT_09956,DIST_C_03
OUT_09957,DIST_C_01
OUT_09958,DIST_C_02
OUT_09959,DIST_C_02
OUT_09960,DIST_C_03
OUT_09961,DIST_C_01
OUT_09962,DIST_C_01
OUT_09963,DIST_C_01
OUT_09964,DIST_C_02
OUT_09965,DIST_C_01
OUT_09966,DIST_C_02
OUT_09967,DIST_C_01
OUT_09968,DIST_C_03
OUT_09969,DIST_C_02
OUT_09970,DIST_C_03
OUT_09971,DIST_C_02
OUT_09972,DIST_C_01
OUT_09973,DIST_C_02
OUT_09974,DIST_C_03
OUT_09975,DIST_C_01
OUT_09976,DIST_C_02
OUT_09977,DIST_C_03
OUT_09978,DIST_C_03
OUT_09979,DIST_C_02
OUT_09980,DIST_C_02
OUT_09981,DIST_C_01
OUT_09982,DIST_C_03
OUT_09983,DIST_C_03
OUT_09984,DIST_C_02
OUT_09985,DIST_C_03
OUT_09986,DIST_C_03
OUT_09987,DIST_C_02
OUT_09988,DIST_C_03
OUT_09989,DIST_C_01
OUT_09990,DIST_C_03
OUT_09991,DIST_C_01
OUT_09992,DIST_C_02
OUT_09993,DIST_C_02
OUT_09994,DIST_C_03
OUT_09995,DIST_C_03
OUT_09996,DIST_C_02
OUT_09997,DIST_C_02
OUT_09998,DIST_C_02
OUT_09999,DIST_C_03
OUT_10000,DIST_C_02
OUT_10001,DIST_C_01
OUT_10002,DIST_C_03
OUT_10003,DIST_C_03
OUT_10004,DIST_C_02
OUT_10005,DIST_C_03
OUT_10006,DIST_C_01
OUT_10007,DIST_C_03
OUT_10008,DIST_C_01
OUT_10009,DIST_C_01
OUT_10010,DIST_C_03
OUT_10011,DIST_C_01
OUT_10012,DIST_C_03
OUT_10013,DIST_C_03
OUT_10014,DIST_C_01
OUT_10015,DIST_C_02
OUT_10016,DIST_C_03
OUT_10017,DIST_C_01
OUT_10018,DIST_C_02
OUT_10019,DIST_C_02
OUT_10020,DIST_C_01
OUT_10021,DIST_C_02
OUT_10022,DIST_C_03
OUT_10023,DIST_C_02
OUT_10024,DIST_C_03
OUT_10025,DIST_C_01
OUT_10026,DIST_C_01
OUT_10027,DIST_C_03
OUT_10028,DIST_C_02
OUT_10029,DIST_C_02
OUT_10030,DIST_C_02
OUT_10031,DIST_C_03
OUT_10032,DIST_C_02
OUT_10033,DIST_C_02
OUT_10034,DIST_C_01
OUT_10035,DIST_C_01
OUT_10036,DIST_C_03
OUT_10037,DIST_C_02
OUT_10038,DIST_C_01
OUT_10039,DIST_C_03
OUT_10040,DIST_C_03
OUT_10041,DIST_C_03
OUT_10042,DIST_C_03
OUT_10043,DIST_C_02
OUT_10044,DIST_C_02
OUT_10045,DIST_C_02
OUT_10046,DIST_C_01
OUT_10047,DIST_C_02
OUT_10048,DIST_C_02
OUT_10049,DIST_C_02
OUT_10050,DIST_C_01
OUT_10051,DIST_C_02
OUT_10052,DIST_C_03
OUT_10053,DIST_C_02
OUT_10054,DIST_C_03
OUT_10055,DIST_C_01
OUT_10056,DIST_C_03
OUT_10057,DIST_C_02
OUT_10058,DIST_C_02
OUT_10059,DIST_C_01
OUT_10060,DIST_C_02
OUT_10061,DIST_C_03
OUT_10062,DIST_C_03
OUT_10063,DIST_C_03
OUT_10064,DIST_C_03
OUT_10065,DIST_C_01
OUT_10066,DIST_C_01
OUT_10067,DIST_C_03
OUT_10068,DIST_C_01
OUT_10069,DIST_C_01
OUT_10070,DIST_C_02
OUT_10071,DIST_C_03
OUT_10072,DIST_C_02
OUT_10073,DIST_C_01
OUT_10074,DIST_C_02
OUT_10075,DIST_C_01
OUT_10076,DIST_C_03
OUT_10077,DIST_C_03
OUT_10078,DIST_C_03
OUT_10079,DIST_C_01
OUT_10080,DIST_C_02
OUT_10081,DIST_C_01
OUT_10082,DIST_C_02
OUT_10083,DIST_C_02
OUT_10084,DIST_C_01
OUT_10085,DIST_C_02
OUT_10086,DIST_C_03
OUT_10087,DIST_C_02
OUT_10088,DIST_C_02
OUT_10089,DIST_C_01
OUT_10090,DIST_C_01
OUT_10091,DIST_C_02
OUT_10092,DIST_C_03
OUT_10093,DIST_C_01
OUT_10094,DIST_C_01
OUT_10095,DIST_C_02
OUT_10096,DIST_C_01
OUT_10097,DIST_C_03
OUT_10098,DIST_C_03
OUT_10099,DIST_C_03
OUT_10100,DIST_C_01
OUT_10101,DIST_C_02
OUT_10102,DIST_C_02
OUT_10103,DIST_C_01
OUT_10104,DIST_C_01
OUT_10105,DIST_C_01
OUT_10106,DIST_C_03
OUT_10107,DIST_C_02
OUT_10108,DIST_C_02
OUT_10109,DIST_C_03
OUT_10110,DIST_C_02
OUT_10111,DIST_C_01
OUT_10112,DIST_C_03
OUT_10113,DIST_C_01
OUT_10114,DIST_C_03
OUT_10115,DIST_C_01
OUT_10116,DIST_C_01
OUT_10117,DIST_C_02
OUT_10118,DIST_C_03
OUT_10119,DIST_C_03
OUT_10120,DIST_C_02
OUT_10121,DIST_C_03
OUT_10122,DIST_C_01
OUT_10123,DIST_C_03
OUT_10124,DIST_C_01
OUT_10125,DIST_C_01
OUT_10126,DIST_C_03
OUT_10127,DIST_C_03
OUT_10128,DIST_C_02
OUT_10129,DIST_C_03
OUT_10130,DIST_C_02
OUT_10131,DIST_C_01
OUT_10132,DIST_C_02
OUT_10133,DIST_C_02
OUT_10134,DIST_C_03
OUT_10135,DIST_C_01
OUT_10136,DIST_C_01
OUT_10137,DIST_C_03
OUT_10138,DIST_C_03
OUT_10139,DIST_C_03
OUT_10140,DIST_C_02
OUT_10141,DIST_C_02
OUT_10142,DIST_C_02
OUT_10143,DIST_C_03
OUT_10144,DIST_C_01
OUT_10145,DIST_C_02
OUT_10146,DIST_C_03
OUT_10147,DIST_C_02
OUT_10148,DIST_C_02
OUT_10149,DIST_C_02
OUT_10150,DIST_C_01
OUT_10151,DIST_C_02
OUT_10152,DIST_C_02
OUT_10153,DIST_C_01
OUT_10154,DIST_C_02
OUT_10155,DIST_C_02
OUT_10156,DIST_C_01
OUT_10157,DIST_C_03
OUT_10158,DIST_C_03
OUT_10159,DIST_C_02
OUT_10160,DIST_C_03
OUT_10161,DIST_C_01
OUT_10162,DIST_C_02
OUT_10163,DIST_C_02
OUT_10164,DIST_C_02
OUT_10165,DIST_C_01
OUT_10166,DIST_C_01
OUT_10167,DIST_C_02
OUT_10168,DIST_C_03
OUT_10169,DIST_C_03
OUT_10170,DIST_C_03
OUT_10171,DIST_C_02
OUT_10172,DIST_C_03
OUT_10173,DIST_C_01
OUT_10174,DIST_C_01
OUT_10175,DIST_C_01
OUT_10176,DIST_C_03
OUT_10177,DIST_C_02
OUT_10178,DIST_C_02
OUT_10179,DIST_C_01
OUT_10180,DIST_C_02
OUT_10181,DIST_C_01
OUT_10182,DIST_C_02
OUT_10183,DIST_C_01
OUT_10184,DIST_C_03
OUT_10185,DIST_C_02
OUT_10186,DIST_C_01
OUT_10187,DIST_C_01
OUT_10188,DIST_C_03
OUT_10189,DIST_C_02
OUT_10190,DIST_C_01
OUT_10191,DIST_C_01
OUT_10192,DIST_C_02
OUT_10193,DIST_C_03
OUT_10194,DIST_C_02
OUT_10195,DIST_C_02
OUT_10196,DIST_C_01
OUT_10197,DIST_C_02
OUT_10198,DIST_C_02
OUT_10199,DIST_C_01
OUT_10200,DIST_C_02
OUT_10201,DIST_C_02
OUT_10202,DIST_C_03
OUT_10203,DIST_C_02
OUT_10204,DIST_C_01
OUT_10205,DIST_C_03
OUT_10206,DIST_C_01
OUT_10207,DIST_C_01
OUT_10208,DIST_C_01
OUT_10209,DIST_C_03
OUT_10210,DIST_C_01
OUT_10211,DIST_C_01
OUT_10212,DIST_C_03
OUT_10213,DIST_C_01
OUT_10214,DIST_C_02
OUT_10215,DIST_C_01
OUT_10216,DIST_C_01
OUT_10217,DIST_C_01
OUT_10218,DIST_C_01
OUT_10219,DIST_C_01
OUT_10220,DIST_C_02
OUT_10221,DIST_C_02
OUT_10222,DIST_C_03
OUT_10223,DIST_C_03
OUT_10224,DIST_C_01
OUT_10225,DIST_C_02
OUT_10226,DIST_C_03
OUT_10227,DIST_C_03
OUT_10228,DIST_C_03
OUT_10229,DIST_C_03
OUT_10230,DIST_C_02
OUT_10231,DIST_C_03
OUT_10232,DIST_C_01
OUT_10233,DIST_C_03
OUT_10234,DIST_C_02
OUT_10235,DIST_C_01
OUT_10236,DIST_C_02
OUT_10237,DIST_C_01
OUT_10238,DIST_C_01
OUT_10239,DIST_C_03
OUT_10240,DIST_C_03
OUT_10241,DIST_C_03
OUT_10242,DIST_C_03
OUT_10243,DIST_C_02
OUT_10244,DIST_C_03
OUT_10245,DIST_C_02
OUT_10246,DIST_C_01
OUT_10247,DIST_C_01
OUT_10248,DIST_C_02
OUT_10249,DIST_C_03
OUT_10250,DIST_C_03
OUT_10251,DIST_C_02
OUT_10252,DIST_C_02
OUT_10253,DIST_C_03
OUT_10254,DIST_C_01
OUT_10255,DIST_C_03
OUT_10256,DIST_C_03
OUT_10257,DIST_C_03
OUT_10258,DIST_C_01
OUT_10259,DIST_C_01
OUT_10260,DIST_C_01
OUT_10261,DIST_C_02
OUT_10262,DIST_C_03
OUT_10263,DIST_C_02
OUT_10264,DIST_C_02
OUT_10265,DIST_C_02
OUT_10266,DIST_C_01
OUT_10267,DIST_C_01
OUT_10268,DIST_C_03
OUT_10269,DIST_C_01
OUT_10270,DIST_C_02
OUT_10271,DIST_C_01
OUT_10272,DIST_C_01
OUT_10273,DIST_C_02
OUT_10274,DIST_C_02
OUT_10275,DIST_C_02
OUT_10276,DIST_C_03
OUT_10277,DIST_C_02
OUT_10278,DIST_C_01
OUT_10279,DIST_C_01
OUT_10280,DIST_C_03
OUT_10281,DIST_C_03
OUT_10282,DIST_C_03
OUT_10283,DIST_C_01
OUT_10284,DIST_C_03
OUT_10285,DIST_C_02
OUT_10286,DIST_C_03
OUT_10287,DIST_C_01
OUT_10288,DIST_C_03
OUT_10289,DIST_C_02
OUT_10290,DIST_C_02
OUT_10291,DIST_C_01
OUT_10292,DIST_C_01
OUT_10293,DIST_C_01
OUT_10294,DIST_C_03
OUT_10295,DIST_C_01
OUT_10296,DIST_C_03
OUT_10297,DIST_C_02
OUT_10298,DIST_C_01
OUT_10299,DIST_C_01
OUT_10300,DIST_C_02
OUT_10301,DIST_C_03
OUT_10302,DIST_C_01
OUT_10303,DIST_C_01
OUT_10304,DIST_C_03
OUT_10305,DIST_C_03
OUT_10306,DIST_C_03
OUT_10307,DIST_C_02
OUT_10308,DIST_C_03
OUT_10309,DIST_C_01
OUT_10310,DIST_C_03
OUT_10311,DIST_C_02
OUT_10312,DIST_C_03
OUT_10313,DIST_C_03
OUT_10314,DIST_C_02
OUT_10315,DIST_C_01
OUT_10316,DIST_C_01
OUT_10317,DIST_C_02
OUT_10318,DIST_C_03
OUT_10319,DIST_C_03
OUT_10320,DIST_C_03
OUT_10321,DIST_C_01
OUT_10322,DIST_C_01
OUT_10323,DIST_C_01
OUT_10324,DIST_C_03
OUT_10325,DIST_C_03
OUT_10326,DIST_C_01
OUT_10327,DIST_C_01
OUT_10328,DIST_C_01
OUT_10329,DIST_C_02
OUT_10330,DIST_C_03
OUT_10331,DIST_C_01
OUT_10332,DIST_C_02
OUT_10333,DIST_C_03
OUT_10334,DIST_C_03
OUT_10335,DIST_C_01
OUT_10336,DIST_C_01
OUT_10337,DIST_C_01
OUT_10338,DIST_C_02
OUT_10339,DIST_C_03
OUT_10340,DIST_C_03
OUT_10341,DIST_C_01
OUT_10342,DIST_C_03
OUT_10343,DIST_C_02
OUT_10344,DIST_C_03
OUT_10345,DIST_C_03
OUT_10346,DIST_C_01
OUT_10347,DIST_C_03
OUT_10348,DIST_C_03
OUT_10349,DIST_C_01
OUT_10350,DIST_C_03
OUT_10351,DIST_C_01
OUT_10352,DIST_C_03
OUT_10353,DIST_C_01
OUT_10354,DIST_C_02
OUT_10355,DIST_C_03
OUT_10356,DIST_C_01
OUT_10357,DIST_C_02
OUT_10358,DIST_C_01
OUT_10359,DIST_C_01
OUT_10360,DIST_C_01
OUT_10361,DIST_C_02
OUT_10362,DIST_C_01
OUT_10363,DIST_C_03
OUT_10364,DIST_C_03
OUT_10365,DIST_C_02
OUT_10366,DIST_C_02
OUT_10367,DIST_C_03
OUT_10368,DIST_C_02
OUT_10369,DIST_C_01
OUT_10370,DIST_C_03
OUT_10371,DIST_C_02
OUT_10372,DIST_C_02
OUT_10373,DIST_C_03
OUT_10374,DIST_C_01
OUT_10375,DIST_C_03
OUT_10376,DIST_C_03
OUT_10377,DIST_C_02
OUT_10378,DIST_C_01
OUT_10379,DIST_C_03
OUT_10380,DIST_C_01
OUT_10381,DIST_C_02
OUT_10382,DIST_C_03
OUT_10383,DIST_C_02
OUT_10384,DIST_C_02
OUT_10385,DIST_C_02
OUT_10386,DIST_C_02
OUT_10387,DIST_C_01
OUT_10388,DIST_C_01
OUT_10389,DIST_C_03
OUT_10390,DIST_C_02
OUT_10391,DIST_C_01
OUT_10392,DIST_C_03
OUT_10393,DIST_C_02
OUT_10394,DIST_C_01
OUT_10395,DIST_C_03
OUT_10396,DIST_C_03
OUT_10397,DIST_C_01
OUT_10398,DIST_C_02
OUT_10399,DIST_C_02
OUT_10400,DIST_C_01
OUT_10401,DIST_C_03
OUT_10402,DIST_C_01
OUT_10403,DIST_C_02
OUT_10404,DIST_C_02
OUT_10405,DIST_C_01
OUT_10406,DIST_C_01
OUT_10407,DIST_C_03
OUT_10408,DIST_C_01
OUT_10409,DIST_C_01
OUT_10410,DIST_C_01
OUT_10411,DIST_C_03
OUT_10412,DIST_C_02
OUT_10413,DIST_C_02
OUT_10414,DIST_C_01
OUT_10415,DIST_C_02
OUT_10416,DIST_C_01
OUT_10417,DIST_C_03
OUT_10418,DIST_C_03
OUT_10419,DIST_C_03
OUT_10420,DIST_C_02
OUT_10421,DIST_C_01
OUT_10422,DIST_C_01
OUT_10423,DIST_C_02
OUT_10424,DIST_C_02
OUT_10425,DIST_C_01
OUT_10426,DIST_C_03
OUT_10427,DIST_C_02
OUT_10428,DIST_C_02
OUT_10429,DIST_C_01
OUT_10430,DIST_C_03
OUT_10431,DIST_C_01
OUT_10432,DIST_C_01
OUT_10433,DIST_C_01
OUT_10434,DIST_C_03
OUT_10435,DIST_C_02
OUT_10436,DIST_C_02
OUT_10437,DIST_C_02
OUT_10438,DIST_C_02
OUT_10439,DIST_C_03
OUT_10440,DIST_C_02
OUT_10441,DIST_C_03
OUT_10442,DIST_C_01
OUT_10443,DIST_C_03
OUT_10444,DIST_C_02
OUT_10445,DIST_C_01
OUT_10446,DIST_C_03
OUT_10447,DIST_C_02
OUT_10448,DIST_C_01
OUT_10449,DIST_C_02
OUT_10450,DIST_C_03
OUT_10451,DIST_C_01
OUT_10452,DIST_C_03
OUT_10453,DIST_C_02
OUT_10454,DIST_C_02
OUT_10455,DIST_C_01
OUT_10456,DIST_C_01
OUT_10457,DIST_C_01
OUT_10458,DIST_C_02
OUT_10459,DIST_C_01
OUT_10460,DIST_C_01
OUT_10461,DIST_C_02
OUT_10462,DIST_C_01
OUT_10463,DIST_C_01
OUT_10464,DIST_C_03
OUT_10465,DIST_C_01
OUT_10466,DIST_C_02
OUT_10467,DIST_C_01
OUT_10468,DIST_C_01
OUT_10469,DIST_C_01
OUT_10470,DIST_C_03
OUT_10471,DIST_C_02
OUT_10472,DIST_C_03
OUT_10473,DIST_C_02
OUT_10474,DIST_C_02
OUT_10475,DIST_C_03
OUT_10476,DIST_C_03
OUT_10477,DIST_C_01
OUT_10478,DIST_C_01
OUT_10479,DIST_C_02
OUT_10480,DIST_C_02
OUT_10481,DIST_C_01
OUT_10482,DIST_C_02
OUT_10483,DIST_C_02
OUT_10484,DIST_C_01
OUT_10485,DIST_C_03
OUT_10486,DIST_C_02
OUT_10487,DIST_C_01
OUT_10488,DIST_C_02
OUT_10489,DIST_C_02
OUT_10490,DIST_C_02
OUT_10491,DIST_C_03
OUT_10492,DIST_C_02
OUT_10493,DIST_C_01
OUT_10494,DIST_C_02
OUT_10495,DIST_C_01
OUT_10496,DIST_C_01
OUT_10497,DIST_C_02
OUT_10498,DIST_C_03
OUT_10499,DIST_C_01
OUT_10500,DIST_C_03
OUT_10501,DIST_C_03
OUT_10502,DIST_C_01
OUT_10503,DIST_C_03
OUT_10504,DIST_C_03
OUT_10505,DIST_C_01
OUT_10506,DIST_C_02
OUT_10507,DIST_C_02
OUT_10508,DIST_C_01
OUT_10509,DIST_C_02
OUT_10510,DIST_C_02
OUT_10511,DIST_C_02
OUT_10512,DIST_C_02
OUT_10513,DIST_C_02
OUT_10514,DIST_C_01
OUT_10515,DIST_C_03
OUT_10516,DIST_C_03
OUT_10517,DIST_C_01
OUT_10518,DIST_C_02
OUT_10519,DIST_C_03
OUT_10520,DIST_C_02
OUT_10521,DIST_C_02
OUT_10522,DIST_C_03
OUT_10523,DIST_C_01
OUT_10524,DIST_C_03
OUT_10525,DIST_C_03
OUT_10526,DIST_C_02
OUT_10527,DIST_C_03
OUT_10528,DIST_C_01
OUT_10529,DIST_C_03
OUT_10530,DIST_C_03
OUT_10531,DIST_C_01
OUT_10532,DIST_C_03
OUT_10533,DIST_C_01
OUT_10534,DIST_C_03
OUT_10535,DIST_C_03
OUT_10536,DIST_C_03
OUT_10537,DIST_C_02
OUT_10538,DIST_C_03
OUT_10539,DIST_C_01
OUT_10540,DIST_C_03
OUT_10541,DIST_C_01
OUT_10542,DIST_C_03
OUT_10543,DIST_C_03
OUT_10544,DIST_C_02
OUT_10545,DIST_C_02
OUT_10546,DIST_C_02
OUT_10547,DIST_C_03
OUT_10548,DIST_C_01
OUT_10549,DIST_C_03
OUT_10550,DIST_C_02
OUT_10551,DIST_C_01
OUT_10552,DIST_C_02
OUT_10553,DIST_C_01
OUT_10554,DIST_C_01
OUT_10555,DIST_C_02
OUT_10556,DIST_C_01
OUT_10557,DIST_C_03
OUT_10558,DIST_C_01
OUT_10559,DIST_C_01
OUT_10560,DIST_C_03
OUT_10561,DIST_C_01
OUT_10562,DIST_C_01
OUT_10563,DIST_C_02
OUT_10564,DIST_C_02
OUT_10565,DIST_C_01
OUT_10566,DIST_C_01
OUT_10567,DIST_C_03
OUT_10568,DIST_C_01
OUT_10569,DIST_C_02
OUT_10570,DIST_C_03
OUT_10571,DIST_C_03
OUT_10572,DIST_C_01
OUT_10573,DIST_C_02
OUT_10574,DIST_C_03
OUT_10575,DIST_C_02
OUT_10576,DIST_C_03
OUT_10577,DIST_C_01
OUT_10578,DIST_C_01
OUT_10579,DIST_C_03
OUT_10580,DIST_C_03
OUT_10581,DIST_C_03
OUT_10582,DIST_C_01
OUT_10583,DIST_C_02
OUT_10584,DIST_C_02
OUT_10585,DIST_C_01
OUT_10586,DIST_C_01
OUT_10587,DIST_C_01
OUT_10588,DIST_C_01
OUT_10589,DIST_C_02
OUT_10590,DIST_C_02
OUT_10591,DIST_C_02
OUT_10592,DIST_C_01
OUT_10593,DIST_C_02
OUT_10594,DIST_C_03
OUT_10595,DIST_C_01
OUT_10596,DIST_C_03
OUT_10597,DIST_C_01
OUT_10598,DIST_C_02
OUT_10599,DIST_C_01
OUT_10600,DIST_C_03
OUT_10601,DIST_C_03
OUT_10602,DIST_C_03
OUT_10603,DIST_C_02
OUT_10604,DIST_C_03
OUT_10605,DIST_C_01
OUT_10606,DIST_C_01
OUT_10607,DIST_C_02
OUT_10608,DIST_C_01
OUT_10609,DIST_C_03
OUT_10610,DIST_C_03
OUT_10611,DIST_C_02
OUT_10612,DIST_C_01
OUT_10613,DIST_C_01
OUT_10614,DIST_C_03
OUT_10615,DIST_C_02
OUT_10616,DIST_C_01
OUT_10617,DIST_C_02
OUT_10618,DIST_C_02
OUT_10619,DIST_C_03
OUT_10620,DIST_C_02
OUT_10621,DIST_C_03
OUT_10622,DIST_C_03
OUT_10623,DIST_C_01
OUT_10624,DIST_C_02
OUT_10625,DIST_C_01
OUT_10626,DIST_C_03
OUT_10627,DIST_C_02
OUT_10628,DIST_C_03
OUT_10629,DIST_C_03
OUT_10630,DIST_C_03
OUT_10631,DIST_C_02
OUT_10632,DIST_C_01
OUT_10633,DIST_C_03
OUT_10634,DIST_C_01
OUT_10635,DIST_C_01
OUT_10636,DIST_C_01
OUT_10637,DIST_C_02
OUT_10638,DIST_C_03
OUT_10639,DIST_C_01
OUT_10640,DIST_C_01
OUT_10641,DIST_C_02
OUT_10642,DIST_C_03
OUT_10643,DIST_C_03
OUT_10644,DIST_C_02
OUT_10645,DIST_C_02
OUT_10646,DIST_C_03
OUT_10647,DIST_C_01
OUT_10648,DIST_C_03
OUT_10649,DIST_C_02
OUT_10650,DIST_C_01
OUT_10651,DIST_C_02
OUT_10652,DIST_C_02
OUT_10653,DIST_C_01
OUT_10654,DIST_C_03
OUT_10655,DIST_C_03
OUT_10656,DIST_C_01
OUT_10657,DIST_C_03
OUT_10658,DIST_C_01
OUT_10659,DIST_C_03
OUT_10660,DIST_C_01
OUT_10661,DIST_C_01
OUT_10662,DIST_C_01
OUT_10663,DIST_C_03
OUT_10664,DIST_C_01
OUT_10665,DIST_C_01
OUT_10666,DIST_C_03
OUT_10667,DIST_C_01
OUT_10668,DIST_C_01
OUT_10669,DIST_C_03
OUT_10670,DIST_C_02
OUT_10671,DIST_C_02
OUT_10672,DIST_C_03
OUT_10673,DIST_C_03
OUT_10674,DIST_C_03
OUT_10675,DIST_C_03
OUT_10676,DIST_C_03
OUT_10677,DIST_C_03
OUT_10678,DIST_C_02
OUT_10679,DIST_C_02
OUT_10680,DIST_C_02
OUT_10681,DIST_C_01
OUT_10682,DIST_C_01
OUT_10683,DIST_C_01
OUT_10684,DIST_C_02
OUT_10685,DIST_C_01
OUT_10686,DIST_C_03
OUT_10687,DIST_C_03
OUT_10688,DIST_C_01
OUT_10689,DIST_C_03
OUT_10690,DIST_C_02
OUT_10691,DIST_C_02
OUT_10692,DIST_C_03
OUT_10693,DIST_C_02
OUT_10694,DIST_C_01
OUT_10695,DIST_C_01
OUT_10696,DIST_C_01
OUT_10697,DIST_C_02
OUT_10698,DIST_C_02
OUT_10699,DIST_C_03
OUT_10700,DIST_C_03
OUT_10701,DIST_C_01
OUT_10702,DIST_C_03
OUT_10703,DIST_C_01
OUT_10704,DIST_C_03
OUT_10705,DIST_C_03
OUT_10706,DIST_C_02
OUT_10707,DIST_C_03
OUT_10708,DIST_C_03
OUT_10709,DIST_C_03
OUT_10710,DIST_C_01
OUT_10711,DIST_C_02
OUT_10712,DIST_C_02
OUT_10713,DIST_C_01
OUT_10714,DIST_C_02
OUT_10715,DIST_C_03
OUT_10716,DIST_C_03
OUT_10717,DIST_C_03
OUT_10718,DIST_C_03
OUT_10719,DIST_C_01
OUT_10720,DIST_C_02
OUT_10721,DIST_C_01
OUT_10722,DIST_C_03
OUT_10723,DIST_C_02
OUT_10724,DIST_C_01
OUT_10725,DIST_C_03
OUT_10726,DIST_C_01
OUT_10727,DIST_C_03
OUT_10728,DIST_C_03
OUT_10729,DIST_C_01
OUT_10730,DIST_C_01
OUT_10731,DIST_C_01
OUT_10732,DIST_C_01
OUT_10733,DIST_C_02
OUT_10734,DIST_C_03
OUT_10735,DIST_C_01
OUT_10736,DIST_C_03
OUT_10737,DIST_C_02
OUT_10738,DIST_C_01
OUT_10739,DIST_C_02
OUT_10740,DIST_C_02
OUT_10741,DIST_C_03
OUT_10742,DIST_C_01
OUT_10743,DIST_C_03
OUT_10744,DIST_C_03
OUT_10745,DIST_C_03
OUT_10746,DIST_C_01
OUT_10747,DIST_C_01
OUT_10748,DIST_C_02
OUT_10749,DIST_C_03
OUT_10750,DIST_C_01
OUT_10751,DIST_C_02
OUT_10752,DIST_C_02
OUT_10753,DIST_C_02
OUT_10754,DIST_C_03
OUT_10755,DIST_C_03
OUT_10756,DIST_C_02
OUT_10757,DIST_C_02
OUT_10758,DIST_C_02
OUT_10759,DIST_C_01
OUT_10760,DIST_C_02
OUT_10761,DIST_C_01
OUT_10762,DIST_C_02
OUT_10763,DIST_C_01
OUT_10764,DIST_C_02
OUT_10765,DIST_C_01
OUT_10766,DIST_C_03
OUT_10767,DIST_C_01
OUT_10768,DIST_C_02
OUT_10769,DIST_C_01
OUT_10770,DIST_C_01
OUT_10771,DIST_C_02
OUT_10772,DIST_C_02
OUT_10773,DIST_C_01
OUT_10774,DIST_C_02
OUT_10775,DIST_C_03
OUT_10776,DIST_C_01
OUT_10777,DIST_C_01
OUT_10778,DIST_C_01
OUT_10779,DIST_C_03
OUT_10780,DIST_C_01
OUT_10781,DIST_C_01
OUT_10782,DIST_C_01
OUT_10783,DIST_C_01
OUT_10784,DIST_C_01
OUT_10785,DIST_C_01
OUT_10786,DIST_C_03
OUT_10787,DIST_C_02
OUT_10788,DIST_C_01
OUT_10789,DIST_C_02
OUT_10790,DIST_C_03
OUT_10791,DIST_C_01
OUT_10792,DIST_C_01
OUT_10793,DIST_C_03
OUT_10794,DIST_C_02
OUT_10795,DIST_C_03
OUT_10796,DIST_C_01
OUT_10797,DIST_C_03
OUT_10798,DIST_C_01
OUT_10799,DIST_C_02
OUT_10800,DIST_C_01
OUT_10801,DIST_C_03
OUT_10802,DIST_C_02
OUT_10803,DIST_C_01
OUT_10804,DIST_C_03
OUT_10805,DIST_C_01
OUT_10806,DIST_C_03
OUT_10807,DIST_C_01
OUT_10808,DIST_C_01
OUT_10809,DIST_C_01
OUT_10810,DIST_C_02
OUT_10811,DIST_C_02
OUT_10812,DIST_C_02
OUT_10813,DIST_C_03
OUT_10814,DIST_C_02
OUT_10815,DIST_C_02
OUT_10816,DIST_C_03
OUT_10817,DIST_C_01
OUT_10818,DIST_C_03
OUT_10819,DIST_C_02
OUT_10820,DIST_C_03
OUT_10821,DIST_C_01
OUT_10822,DIST_C_01
OUT_10823,DIST_C_03
OUT_10824,DIST_C_03
OUT_10825,DIST_C_01
OUT_10826,DIST_C_02
OUT_10827,DIST_C_02
OUT_10828,DIST_C_02
OUT_10829,DIST_C_02
OUT_10830,DIST_C_02
OUT_10831,DIST_C_03
OUT_10832,DIST_C_01
OUT_10833,DIST_C_01
OUT_10834,DIST_C_01
OUT_10835,DIST_C_03
OUT_10836,DIST_C_03
OUT_10837,DIST_C_02
OUT_10838,DIST_C_01
OUT_10839,DIST_C_03
OUT_10840,DIST_C_03
OUT_10841,DIST_C_02
OUT_10842,DIST_C_01
OUT_10843,DIST_C_02
OUT_10844,DIST_C_02
OUT_10845,DIST_C_03
OUT_10846,DIST_C_02
OUT_10847,DIST_C_01
OUT_10848,DIST_C_03
OUT_10849,DIST_C_03
OUT_10850,DIST_C_03
OUT_10851,DIST_C_01
OUT_10852,DIST_C_01
OUT_10853,DIST_C_01
OUT_10854,DIST_C_01
OUT_10855,DIST_C_02
OUT_10856,DIST_C_03
OUT_10857,DIST_C_01
OUT_10858,DIST_C_03
OUT_10859,DIST_C_03
OUT_10860,DIST_C_02
OUT_10861,DIST_C_02
OUT_10862,DIST_C_02
OUT_10863,DIST_C_02
OUT_10864,DIST_C_03
OUT_10865,DIST_C_02
OUT_10866,DIST_C_02
OUT_10867,DIST_C_02
OUT_10868,DIST_C_01
OUT_10869,DIST_C_01
OUT_10870,DIST_C_01
OUT_10871,DIST_C_01
OUT_10872,DIST_C_01
OUT_10873,DIST_C_02
OUT_10874,DIST_C_02
OUT_10875,DIST_C_03
OUT_10876,DIST_C_01
OUT_10877,DIST_C_03
OUT_10878,DIST_C_01
OUT_10879,DIST_C_02
OUT_10880,DIST_C_01
OUT_10881,DIST_C_02
OUT_10882,DIST_C_03
OUT_10883,DIST_C_02
OUT_10884,DIST_C_01
OUT_10885,DIST_C_03
OUT_10886,DIST_C_03
OUT_10887,DIST_C_01
OUT_10888,DIST_C_03
OUT_10889,DIST_C_01
OUT_10890,DIST_C_03
OUT_10891,DIST_C_03
OUT_10892,DIST_C_03
OUT_10893,DIST_C_03
OUT_10894,DIST_C_01
OUT_10895,DIST_C_03
OUT_10896,DIST_C_02
OUT_10897,DIST_C_03
OUT_10898,DIST_C_02
OUT_10899,DIST_C_02
OUT_10900,DIST_C_02
OUT_10901,DIST_C_02
OUT_10902,DIST_C_02
OUT_10903,DIST_C_01
OUT_10904,DIST_C_02
OUT_10905,DIST_C_02
OUT_10906,DIST_C_02
OUT_10907,DIST_C_03
OUT_10908,DIST_C_02
OUT_10909,DIST_C_02
OUT_10910,DIST_C_01
OUT_10911,DIST_C_01
OUT_10912,DIST_C_02
OUT_10913,DIST_C_02
OUT_10914,DIST_C_03
OUT_10915,DIST_C_01
OUT_10916,DIST_C_03
OUT_10917,DIST_C_01
OUT_10918,DIST_C_03
OUT_10919,DIST_C_02
OUT_10920,DIST_C_02
OUT_10921,DIST_C_01
OUT_10922,DIST_C_02
OUT_10923,DIST_C_01
OUT_10924,DIST_C_01
OUT_10925,DIST_C_02
OUT_10926,DIST_C_02
OUT_10927,DIST_C_02
OUT_10928,DIST_C_03
OUT_10929,DIST_C_01
OUT_10930,DIST_C_01
OUT_10931,DIST_C_01
OUT_10932,DIST_C_02
OUT_10933,DIST_C_01
OUT_10934,DIST_C_02
OUT_10935,DIST_C_02
OUT_10936,DIST_C_01
OUT_10937,DIST_C_03
OUT_10938,DIST_C_01
OUT_10939,DIST_C_01
OUT_10940,DIST_C_01
OUT_10941,DIST_C_03
OUT_10942,DIST_C_02
OUT_10943,DIST_C_02
OUT_10944,DIST_C_02
OUT_10945,DIST_C_01
OUT_10946,DIST_C_03
OUT_10947,DIST_C_01
OUT_10948,DIST_C_01
OUT_10949,DIST_C_02
OUT_10950,DIST_C_01
OUT_10951,DIST_C_01
OUT_10952,DIST_C_01
OUT_10953,DIST_C_01
OUT_10954,DIST_C_03
OUT_10955,DIST_C_03
OUT_10956,DIST_C_01
OUT_10957,DIST_C_01
OUT_10958,DIST_C_03
OUT_10959,DIST_C_01
OUT_10960,DIST_C_01
OUT_10961,DIST_C_02
OUT_10962,DIST_C_01
OUT_10963,DIST_C_01
OUT_10964,DIST_C_03
OUT_10965,DIST_C_03
OUT_10966,DIST_C_03
OUT_10967,DIST_C_03
OUT_10968,DIST_C_02
OUT_10969,DIST_C_03
OUT_10970,DIST_C_03
OUT_10971,DIST_C_01
OUT_10972,DIST_C_03
OUT_10973,DIST_C_01
OUT_10974,DIST_C_03
OUT_10975,DIST_C_01
OUT_10976,DIST_C_02
OUT_10977,DIST_C_02
OUT_10978,DIST_C_03
OUT_10979,DIST_C_02
OUT_10980,DIST_C_02
OUT_10981,DIST_C_03
OUT_10982,DIST_C_02
OUT_10983,DIST_C_03
OUT_10984,DIST_C_02
OUT_10985,DIST_C_03
OUT_10986,DIST_C_02
OUT_10987,DIST_C_02
OUT_10988,DIST_C_02
OUT_10989,DIST_C_01
OUT_10990,DIST_C_03
OUT_10991,DIST_C_02
OUT_10992,DIST_C_01
OUT_10993,DIST_C_02
OUT_10994,DIST_C_01
OUT_10995,DIST_C_02
OUT_10996,DIST_C_03
OUT_10997,DIST_C_01
OUT_10998,DIST_C_02
OUT_10999,DIST_C_01
OUT_11000,DIST_C_03
OUT_11001,DIST_C_03
OUT_11002,DIST_C_03
OUT_11003,DIST_C_02
OUT_11004,DIST_C_01
OUT_11005,DIST_C_01
OUT_11006,DIST_C_01
OUT_11007,DIST_C_02
OUT_11008,DIST_C_01
OUT_11009,DIST_C_03
OUT_11010,DIST_C_01
OUT_11011,DIST_C_02
OUT_11012,DIST_C_03
OUT_11013,DIST_C_02
OUT_11014,DIST_C_03
OUT_11015,DIST_C_01
OUT_11016,DIST_C_03
OUT_11017,DIST_C_02
OUT_11018,DIST_C_01
OUT_11019,DIST_C_01
OUT_11020,DIST_C_03
OUT_11021,DIST_C_01
OUT_11022,DIST_C_02
OUT_11023,DIST_C_03
OUT_11024,DIST_C_02
OUT_11025,DIST_C_03
OUT_11026,DIST_C_01
OUT_11027,DIST_C_01
OUT_11028,DIST_C_01
OUT_11029,DIST_C_02
OUT_11030,DIST_C_03
OUT_11031,DIST_C_02
OUT_11032,DIST_C_02
OUT_11033,DIST_C_02
OUT_11034,DIST_C_02
OUT_11035,DIST_C_02
OUT_11036,DIST_C_02
OUT_11037,DIST_C_01
OUT_11038,DIST_C_02
OUT_11039,DIST_C_02
OUT_11040,DIST_C_03
OUT_11041,DIST_C_01
OUT_11042,DIST_C_02
OUT_11043,DIST_C_01
OUT_11044,DIST_C_03
OUT_11045,DIST_C_02
OUT_11046,DIST_C_03
OUT_11047,DIST_C_03
OUT_11048,DIST_C_02
OUT_11049,DIST_C_03
OUT_11050,DIST_C_02
OUT_11051,DIST_C_02
OUT_11052,DIST_C_03
OUT_11053,DIST_C_02
OUT_11054,DIST_C_03
OUT_11055,DIST_C_01
OUT_11056,DIST_C_03
OUT_11057,DIST_C_03
OUT_11058,DIST_C_03
OUT_11059,DIST_C_01
OUT_11060,DIST_C_03
OUT_11061,DIST_C_02
OUT_11062,DIST_C_03
OUT_11063,DIST_C_02
OUT_11064,DIST_C_02
OUT_11065,DIST_C_03
OUT_11066,DIST_C_01
OUT_11067,DIST_C_03
OUT_11068,DIST_C_02
OUT_11069,DIST_C_02
OUT_11070,DIST_C_01
OUT_11071,DIST_C_03
OUT_11072,DIST_C_02
OUT_11073,DIST_C_02
OUT_11074,DIST_C_02
OUT_11075,DIST_C_01
OUT_11076,DIST_C_01
OUT_11077,DIST_C_01
OUT_11078,DIST_C_02
OUT_11079,DIST_C_01
OUT_11080,DIST_C_03
OUT_11081,DIST_C_03
OUT_11082,DIST_C_03
OUT_11083,DIST_C_01
OUT_11084,DIST_C_03
OUT_11085,DIST_C_03
OUT_11086,DIST_C_03
OUT_11087,DIST_C_02
OUT_11088,DIST_C_01
OUT_11089,DIST_C_02
OUT_11090,DIST_C_03
OUT_11091,DIST_C_02
OUT_11092,DIST_C_02
OUT_11093,DIST_C_03
OUT_11094,DIST_C_03
OUT_11095,DIST_C_01
OUT_11096,DIST_C_01
OUT_11097,DIST_C_02
OUT_11098,DIST_C_01
OUT_11099,DIST_C_01
OUT_11100,DIST_C_01
OUT_11101,DIST_C_01
OUT_11102,DIST_C_03
OUT_11103,DIST_C_02
OUT_11104,DIST_C_03
OUT_11105,DIST_C_02
OUT_11106,DIST_C_02
OUT_11107,DIST_C_01
OUT_11108,DIST_C_02
OUT_11109,DIST_C_03
OUT_11110,DIST_C_03
OUT_11111,DIST_C_03
OUT_11112,DIST_C_01
OUT_11113,DIST_C_03
OUT_11114,DIST_C_02
OUT_11115,DIST_C_03
OUT_11116,DIST_C_03
OUT_11117,DIST_C_03
OUT_11118,DIST_C_01
OUT_11119,DIST_C_03
OUT_11120,DIST_C_02
OUT_11121,DIST_C_01
OUT_11122,DIST_C_03
OUT_11123,DIST_C_02
OUT_11124,DIST_C_01
OUT_11125,DIST_C_01
OUT_11126,DIST_C_03
OUT_11127,DIST_C_03
OUT_11128,DIST_C_03
OUT_11129,DIST_C_02
OUT_11130,DIST_C_02
OUT_11131,DIST_C_01
OUT_11132,DIST_C_03
OUT_11133,DIST_C_03
OUT_11134,DIST_C_01
OUT_11135,DIST_C_03
OUT_11136,DIST_C_01
OUT_11137,DIST_C_03
OUT_11138,DIST_C_03
OUT_11139,DIST_C_02
OUT_11140,DIST_C_02
OUT_11141,DIST_C_01
OUT_11142,DIST_C_03
OUT_11143,DIST_C_01
OUT_11144,DIST_C_02
OUT_11145,DIST_C_01
OUT_11146,DIST_C_03
OUT_11147,DIST_C_03
OUT_11148,DIST_C_01
OUT_11149,DIST_C_01
OUT_11150,DIST_C_03
OUT_11151,DIST_C_02
OUT_11152,DIST_C_03
OUT_11153,DIST_C_03
OUT_11154,DIST_C_02
OUT_11155,DIST_C_02
OUT_11156,DIST_C_01
OUT_11157,DIST_C_01
OUT_11158,DIST_C_01
OUT_11159,DIST_C_03
OUT_11160,DIST_C_01
OUT_11161,DIST_C_03
OUT_11162,DIST_C_02
OUT_11163,DIST_C_02
OUT_11164,DIST_C_03
OUT_11165,DIST_C_03
OUT_11166,DIST_C_02
OUT_11167,DIST_C_03
OUT_11168,DIST_C_01
OUT_11169,DIST_C_02
OUT_11170,DIST_C_02
OUT_11171,DIST_C_01
OUT_11172,DIST_C_01
OUT_11173,DIST_C_01
OUT_11174,DIST_C_02
OUT_11175,DIST_C_01
OUT_11176,DIST_C_01
OUT_11177,DIST_C_02
OUT_11178,DIST_C_02
OUT_11179,DIST_C_03
OUT_11180,DIST_C_01
OUT_11181,DIST_C_01
OUT_11182,DIST_C_03
OUT_11183,DIST_C_03
OUT_11184,DIST_C_02
OUT_11185,DIST_C_02
OUT_11186,DIST_C_02
OUT_11187,DIST_C_01
OUT_11188,DIST_C_01
OUT_11189,DIST_C_01
OUT_11190,DIST_C_01
OUT_11191,DIST_C_03
OUT_11192,DIST_C_02
OUT_11193,DIST_C_03
OUT_11194,DIST_C_02
OUT_11195,DIST_C_03
OUT_11196,DIST_C_01
OUT_11197,DIST_C_01
OUT_11198,DIST_C_01
OUT_11199,DIST_C_01
OUT_11200,DIST_C_01
OUT_11201,DIST_C_01
OUT_11202,DIST_C_01
OUT_11203,DIST_C_02
OUT_11204,DIST_C_02
OUT_11205,DIST_C_03
OUT_11206,DIST_C_02
OUT_11207,DIST_C_03
OUT_11208,DIST_C_02
OUT_11209,DIST_C_03
OUT_11210,DIST_C_01
OUT_11211,DIST_C_01
OUT_11212,DIST_C_03
OUT_11213,DIST_C_03
OUT_11214,DIST_C_03
OUT_11215,DIST_C_01
OUT_11216,DIST_C_03
OUT_11217,DIST_C_03
OUT_11218,DIST_C_02
OUT_11219,DIST_C_03
OUT_11220,DIST_C_03
OUT_11221,DIST_C_02
OUT_11222,DIST_C_03
OUT_11223,DIST_C_03
OUT_11224,DIST_C_02
OUT_11225,DIST_C_01
OUT_11226,DIST_C_01
OUT_11227,DIST_C_03
OUT_11228,DIST_C_03
OUT_11229,DIST_C_02
OUT_11230,DIST_C_01
OUT_11231,DIST_C_01
OUT_11232,DIST_C_01
OUT_11233,DIST_C_03
OUT_11234,DIST_C_01
OUT_11235,DIST_C_03
OUT_11236,DIST_C_03
OUT_11237,DIST_C_01
OUT_11238,DIST_C_03
OUT_11239,DIST_C_03
OUT_11240,DIST_C_01
OUT_11241,DIST_C_02
OUT_11242,DIST_C_03
OUT_11243,DIST_C_03
OUT_11244,DIST_C_03
OUT_11245,DIST_C_03
OUT_11246,DIST_C_01
OUT_11247,DIST_C_03
OUT_11248,DIST_C_01
OUT_11249,DIST_C_01
OUT_11250,DIST_C_03
OUT_11251,DIST_C_03
OUT_11252,DIST_C_01
OUT_11253,DIST_C_01
OUT_11254,DIST_C_02
OUT_11255,DIST_C_03
OUT_11256,DIST_C_01
OUT_11257,DIST_C_03
OUT_11258,DIST_C_01
OUT_11259,DIST_C_01
OUT_11260,DIST_C_03
OUT_11261,DIST_C_03
OUT_11262,DIST_C_03
OUT_11263,DIST_C_02
OUT_11264,DIST_C_03
OUT_11265,DIST_C_01
OUT_11266,DIST_C_01
OUT_11267,DIST_C_01
OUT_11268,DIST_C_02
OUT_11269,DIST_C_03
OUT_11270,DIST_C_01
OUT_11271,DIST_C_03
OUT_11272,DIST_C_02
OUT_11273,DIST_C_01
OUT_11274,DIST_C_01
OUT_11275,DIST_C_01
OUT_11276,DIST_C_02
OUT_11277,DIST_C_01
OUT_11278,DIST_C_03
OUT_11279,DIST_C_01
OUT_11280,DIST_C_03
OUT_11281,DIST_C_02
OUT_11282,DIST_C_03
OUT_11283,DIST_C_01
OUT_11284,DIST_C_02
OUT_11285,DIST_C_02
OUT_11286,DIST_C_03
OUT_11287,DIST_C_02
OUT_11288,DIST_C_03
OUT_11289,DIST_C_03
OUT_11290,DIST_C_03
OUT_11291,DIST_C_01
OUT_11292,DIST_C_01
OUT_11293,DIST_C_01
OUT_11294,DIST_C_03
OUT_11295,DIST_C_03
OUT_11296,DIST_C_02
OUT_11297,DIST_C_03
OUT_11298,DIST_C_02
OUT_11299,DIST_C_02
OUT_11300,DIST_C_01
OUT_11301,DIST_C_01
OUT_11302,DIST_C_01
OUT_11303,DIST_C_02
OUT_11304,DIST_C_02
OUT_11305,DIST_C_03
OUT_11306,DIST_C_03
OUT_11307,DIST_C_02
OUT_11308,DIST_C_01
OUT_11309,DIST_C_02
OUT_11310,DIST_C_02
OUT_11311,DIST_C_01
OUT_11312,DIST_C_02
OUT_11313,DIST_C_02
OUT_11314,DIST_C_02
OUT_11315,DIST_C_01
OUT_11316,DIST_C_02
OUT_11317,DIST_C_01
OUT_11318,DIST_C_02
OUT_11319,DIST_C_03
OUT_11320,DIST_C_03
OUT_11321,DIST_C_03
OUT_11322,DIST_C_02
OUT_11323,DIST_C_02
OUT_11324,DIST_C_02
OUT_11325,DIST_C_02
OUT_11326,DIST_C_01
OUT_11327,DIST_C_01
OUT_11328,DIST_C_02
OUT_11329,DIST_C_02
OUT_11330,DIST_C_03
OUT_11331,DIST_C_02
OUT_11332,DIST_C_02
OUT_11333,DIST_C_03
OUT_11334,DIST_C_03
OUT_11335,DIST_C_01
OUT_11336,DIST_C_03
OUT_11337,DIST_C_01
OUT_11338,DIST_C_02
OUT_11339,DIST_C_03
OUT_11340,DIST_C_03
OUT_11341,DIST_C_03
OUT_11342,DIST_C_01
OUT_11343,DIST_C_01
OUT_11344,DIST_C_01
OUT_11345,DIST_C_03
OUT_11346,DIST_C_03
OUT_11347,DIST_C_01
OUT_11348,DIST_C_03
OUT_11349,DIST_C_03
OUT_11350,DIST_C_02
OUT_11351,DIST_C_01
OUT_11352,DIST_C_01
OUT_11353,DIST_C_03
OUT_11354,DIST_C_03
OUT_11355,DIST_C_03
OUT_11356,DIST_C_03
OUT_11357,DIST_C_01
OUT_11358,DIST_C_01
OUT_11359,DIST_C_03
OUT_11360,DIST_C_02
OUT_11361,DIST_C_01
OUT_11362,DIST_C_03
OUT_11363,DIST_C_02
OUT_11364,DIST_C_02
OUT_11365,DIST_C_01
OUT_11366,DIST_C_03
OUT_11367,DIST_C_03
OUT_11368,DIST_C_01
OUT_11369,DIST_C_02
OUT_11370,DIST_C_03
OUT_11371,DIST_C_01
OUT_11372,DIST_C_03
OUT_11373,DIST_C_03
OUT_11374,DIST_C_03
OUT_11375,DIST_C_02
OUT_11376,DIST_C_03
OUT_11377,DIST_C_02
OUT_11378,DIST_C_01
OUT_11379,DIST_C_01
OUT_11380,DIST_C_02
OUT_11381,DIST_C_01
OUT_11382,DIST_C_02
OUT_11383,DIST_C_01
OUT_11384,DIST_C_03
OUT_11385,DIST_C_01
OUT_11386,DIST_C_02
OUT_11387,DIST_C_02
OUT_11388,DIST_C_03
OUT_11389,DIST_C_01
OUT_11390,DIST_C_02
OUT_11391,DIST_C_03
OUT_11392,DIST_C_02
OUT_11393,DIST_C_02
OUT_11394,DIST_C_01
OUT_11395,DIST_C_03
OUT_11396,DIST_C_02
OUT_11397,DIST_C_01
OUT_11398,DIST_C_01
OUT_11399,DIST_C_01
OUT_11400,DIST_C_03
OUT_11401,DIST_C_02
OUT_11402,DIST_C_02
OUT_11403,DIST_C_02
OUT_11404,DIST_C_03
OUT_11405,DIST_C_03
OUT_11406,DIST_C_02
OUT_11407,DIST_C_01
OUT_11408,DIST_C_03
OUT_11409,DIST_C_02
OUT_11410,DIST_C_03
OUT_11411,DIST_C_03
OUT_11412,DIST_C_03
OUT_11413,DIST_C_02
OUT_11414,DIST_C_03
OUT_11415,DIST_C_01
OUT_11416,DIST_C_02
OUT_11417,DIST_C_01
OUT_11418,DIST_C_01
OUT_11419,DIST_C_03
OUT_11420,DIST_C_02
OUT_11421,DIST_C_01
OUT_11422,DIST_C_01
OUT_11423,DIST_C_02
OUT_11424,DIST_C_01
OUT_11425,DIST_C_03
OUT_11426,DIST_C_02
OUT_11427,DIST_C_03
OUT_11428,DIST_C_01
OUT_11429,DIST_C_01
OUT_11430,DIST_C_02
OUT_11431,DIST_C_01
OUT_11432,DIST_C_01
OUT_11433,DIST_C_02
OUT_11434,DIST_C_01
OUT_11435,DIST_C_02
OUT_11436,DIST_C_03
OUT_11437,DIST_C_03
OUT_11438,DIST_C_03
OUT_11439,DIST_C_03
OUT_11440,DIST_C_01
OUT_11441,DIST_C_03
OUT_11442,DIST_C_02
OUT_11443,DIST_C_02
OUT_11444,DIST_C_01
OUT_11445,DIST_C_01
OUT_11446,DIST_C_02
OUT_11447,DIST_C_02
OUT_11448,DIST_C_01
OUT_11449,DIST_C_01
OUT_11450,DIST_C_01
OUT_11451,DIST_C_03
OUT_11452,DIST_C_01
OUT_11453,DIST_C_01
OUT_11454,DIST_C_02
OUT_11455,DIST_C_01
OUT_11456,DIST_C_01
OUT_11457,DIST_C_01
OUT_11458,DIST_C_03
OUT_11459,DIST_C_01
OUT_11460,DIST_C_03
OUT_11461,DIST_C_02
OUT_11462,DIST_C_01
OUT_11463,DIST_C_02
OUT_11464,DIST_C_03
OUT_11465,DIST_C_02
OUT_11466,DIST_C_03
OUT_11467,DIST_C_01
OUT_11468,DIST_C_03
OUT_11469,DIST_C_01
OUT_11470,DIST_C_01
OUT_11471,DIST_C_03
OUT_11472,DIST_C_01
OUT_11473,DIST_C_01
OUT_11474,DIST_C_03
OUT_11475,DIST_C_03
OUT_11476,DIST_C_03
OUT_11477,DIST_C_02
OUT_11478,DIST_C_01
OUT_11479,DIST_C_02
OUT_11480,DIST_C_03
OUT_11481,DIST_C_01
OUT_11482,DIST_C_02
OUT_11483,DIST_C_01
OUT_11484,DIST_C_01
OUT_11485,DIST_C_01
OUT_11486,DIST_C_02
OUT_11487,DIST_C_02
OUT_11488,DIST_C_03
OUT_11489,DIST_C_03
OUT_11490,DIST_C_03
OUT_11491,DIST_C_03
OUT_11492,DIST_C_03
OUT_11493,DIST_C_02
OUT_11494,DIST_C_02
OUT_11495,DIST_C_01
OUT_11496,DIST_C_03
OUT_11497,DIST_C_01
OUT_11498,DIST_C_02
OUT_11499,DIST_C_01
OUT_11500,DIST_C_01
OUT_11501,DIST_C_02
OUT_11502,DIST_C_02
OUT_11503,DIST_C_01
OUT_11504,DIST_C_03
OUT_11505,DIST_C_02
OUT_11506,DIST_C_03
OUT_11507,DIST_C_02
OUT_11508,DIST_C_02
OUT_11509,DIST_C_02
OUT_11510,DIST_C_02
OUT_11511,DIST_C_01
OUT_11512,DIST_C_02
OUT_11513,DIST_C_02
OUT_11514,DIST_C_02
OUT_11515,DIST_C_03
OUT_11516,DIST_C_02
OUT_11517,DIST_C_03
OUT_11518,DIST_C_01
OUT_11519,DIST_C_03
OUT_11520,DIST_C_02
OUT_11521,DIST_C_02
OUT_11522,DIST_C_01
OUT_11523,DIST_C_01
OUT_11524,DIST_C_01
OUT_11525,DIST_C_02
OUT_11526,DIST_C_01
OUT_11527,DIST_C_03
OUT_11528,DIST_C_01
OUT_11529,DIST_C_03
OUT_11530,DIST_C_01
OUT_11531,DIST_C_02
OUT_11532,DIST_C_02
OUT_11533,DIST_C_02
OUT_11534,DIST_C_01
OUT_11535,DIST_C_03
OUT_11536,DIST_C_01
OUT_11537,DIST_C_02
OUT_11538,DIST_C_03
OUT_11539,DIST_C_01
OUT_11540,DIST_C_02
OUT_11541,DIST_C_02
OUT_11542,DIST_C_02
OUT_11543,DIST_C_03
OUT_11544,DIST_C_02
OUT_11545,DIST_C_03
OUT_11546,DIST_C_02
OUT_11547,DIST_C_02
OUT_11548,DIST_C_02
OUT_11549,DIST_C_01
OUT_11550,DIST_C_01
OUT_11551,DIST_C_02
OUT_11552,DIST_C_02
OUT_11553,DIST_C_02
OUT_11554,DIST_C_01
OUT_11555,DIST_C_02
OUT_11556,DIST_C_03
OUT_11557,DIST_C_02
OUT_11558,DIST_C_03
OUT_11559,DIST_C_01
OUT_11560,DIST_C_02
OUT_11561,DIST_C_03
OUT_11562,DIST_C_02
OUT_11563,DIST_C_01
OUT_11564,DIST_C_03
OUT_11565,DIST_C_01
OUT_11566,DIST_C_01
OUT_11567,DIST_C_02
OUT_11568,DIST_C_02
OUT_11569,DIST_C_01
OUT_11570,DIST_C_03
OUT_11571,DIST_C_01
OUT_11572,DIST_C_01
OUT_11573,DIST_C_02
OUT_11574,DIST_C_01
OUT_11575,DIST_C_02
OUT_11576,DIST_C_01
OUT_11577,DIST_C_01
OUT_11578,DIST_C_01
OUT_11579,DIST_C_01
OUT_11580,DIST_C_01
OUT_11581,DIST_C_01
OUT_11582,DIST_C_03
OUT_11583,DIST_C_03
OUT_11584,DIST_C_03
OUT_11585,DIST_C_01
OUT_11586,DIST_C_02
OUT_11587,DIST_C_01
OUT_11588,DIST_C_01
OUT_11589,DIST_C_03
OUT_11590,DIST_C_02
OUT_11591,DIST_C_03
OUT_11592,DIST_C_02
OUT_11593,DIST_C_01
OUT_11594,DIST_C_01
OUT_11595,DIST_C_01
OUT_11596,DIST_C_03
OUT_11597,DIST_C_03
OUT_11598,DIST_C_02
OUT_11599,DIST_C_01
OUT_11600,DIST_C_02
OUT_11601,DIST_C_03
OUT_11602,DIST_C_03
OUT_11603,DIST_C_01
OUT_11604,DIST_C_01
OUT_11605,DIST_C_01
OUT_11606,DIST_C_01
OUT_11607,DIST_C_03
OUT_11608,DIST_C_02
OUT_11609,DIST_C_01
OUT_11610,DIST_C_03
OUT_11611,DIST_C_02
OUT_11612,DIST_C_01
OUT_11613,DIST_C_01
OUT_11614,DIST_C_03
OUT_11615,DIST_C_03
OUT_11616,DIST_C_01
OUT_11617,DIST_C_02
OUT_11618,DIST_C_03
OUT_11619,DIST_C_01
OUT_11620,DIST_C_03
OUT_11621,DIST_C_01
OUT_11622,DIST_C_01
OUT_11623,DIST_C_03
OUT_11624,DIST_C_02
OUT_11625,DIST_C_01
OUT_11626,DIST_C_03
OUT_11627,DIST_C_02
OUT_11628,DIST_C_01
OUT_11629,DIST_C_01
OUT_11630,DIST_C_02
OUT_11631,DIST_C_01
OUT_11632,DIST_C_02
OUT_11633,DIST_C_02
OUT_11634,DIST_C_02
OUT_11635,DIST_C_01
OUT_11636,DIST_C_03
OUT_11637,DIST_C_02
OUT_11638,DIST_C_01
OUT_11639,DIST_C_01
OUT_11640,DIST_C_03
OUT_11641,DIST_C_01
OUT_11642,DIST_C_02
OUT_11643,DIST_C_03
OUT_11644,DIST_C_01
OUT_11645,DIST_C_03
OUT_11646,DIST_C_03
OUT_11647,DIST_C_03
OUT_11648,DIST_C_01
OUT_11649,DIST_C_03
OUT_11650,DIST_C_01
OUT_11651,DIST_C_03
OUT_11652,DIST_C_02
OUT_11653,DIST_C_03
OUT_11654,DIST_C_03
OUT_11655,DIST_C_02
OUT_11656,DIST_C_01
OUT_11657,DIST_C_01
OUT_11658,DIST_C_02
OUT_11659,DIST_C_01
OUT_11660,DIST_C_02
OUT_11661,DIST_C_03
OUT_11662,DIST_C_02
OUT_11663,DIST_C_03
OUT_11664,DIST_C_02
OUT_11665,DIST_C_01
OUT_11666,DIST_C_02
OUT_11667,DIST_C_03
OUT_11668,DIST_C_03
OUT_11669,DIST_C_01
OUT_11670,DIST_C_02
OUT_11671,DIST_C_01
OUT_11672,DIST_C_01
OUT_11673,DIST_C_02
OUT_11674,DIST_C_02
OUT_11675,DIST_C_02
OUT_11676,DIST_C_02
OUT_11677,DIST_C_03
OUT_11678,DIST_C_01
OUT_11679,DIST_C_01
OUT_11680,DIST_C_03
OUT_11681,DIST_C_02
OUT_11682,DIST_C_03
OUT_11683,DIST_C_01
OUT_11684,DIST_C_03
OUT_11685,DIST_C_02
OUT_11686,DIST_C_01
OUT_11687,DIST_C_03
OUT_11688,DIST_C_01
OUT_11689,DIST_C_01
OUT_11690,DIST_C_03
OUT_11691,DIST_C_02
OUT_11692,DIST_C_02
OUT_11693,DIST_C_02
OUT_11694,DIST_C_03
OUT_11695,DIST_C_03
OUT_11696,DIST_C_03
OUT_11697,DIST_C_02
OUT_11698,DIST_C_02
OUT_11699,DIST_C_02
OUT_11700,DIST_C_02
OUT_11701,DIST_C_02
OUT_11702,DIST_C_01
OUT_11703,DIST_C_02
OUT_11704,DIST_C_01
OUT_11705,DIST_C_01
OUT_11706,DIST_C_03
OUT_11707,DIST_C_02
OUT_11708,DIST_C_03
OUT_11709,DIST_C_01
OUT_11710,DIST_C_02
OUT_11711,DIST_C_01
OUT_11712,DIST_C_01
OUT_11713,DIST_C_01
OUT_11714,DIST_C_01
OUT_11715,DIST_C_02
OUT_11716,DIST_C_03
OUT_11717,DIST_C_03
OUT_11718,DIST_C_03
OUT_11719,DIST_C_01
OUT_11720,DIST_C_03
OUT_11721,DIST_C_02
OUT_11722,DIST_C_03
OUT_11723,DIST_C_03
OUT_11724,DIST_C_02
OUT_11725,DIST_C_03
OUT_11726,DIST_C_03
OUT_11727,DIST_C_03
OUT_11728,DIST_C_03
OUT_11729,DIST_C_01
OUT_11730,DIST_C_01
OUT_11731,DIST_C_02
OUT_11732,DIST_C_02
OUT_11733,DIST_C_02
OUT_11734,DIST_C_03
OUT_11735,DIST_C_02
OUT_11736,DIST_C_03
OUT_11737,DIST_C_02
OUT_11738,DIST_C_03
OUT_11739,DIST_C_01
OUT_11740,DIST_C_01
OUT_11741,DIST_C_01
OUT_11742,DIST_C_03
OUT_11743,DIST_C_03
OUT_11744,DIST_C_03
OUT_11745,DIST_C_03
OUT_11746,DIST_C_03
OUT_11747,DIST_C_01
OUT_11748,DIST_C_02
OUT_11749,DIST_C_01
OUT_11750,DIST_C_01
OUT_11751,DIST_C_02
OUT_11752,DIST_C_01
OUT_11753,DIST_C_02
OUT_11754,DIST_C_01
OUT_11755,DIST_C_02
OUT_11756,DIST_C_02
OUT_11757,DIST_C_03
OUT_11758,DIST_C_02
OUT_11759,DIST_C_03
OUT_11760,DIST_C_01
OUT_11761,DIST_C_02
OUT_11762,DIST_C_03
OUT_11763,DIST_C_02
OUT_11764,DIST_C_02
OUT_11765,DIST_C_01
OUT_11766,DIST_C_03
OUT_11767,DIST_C_01
OUT_11768,DIST_C_01
OUT_11769,DIST_C_03
OUT_11770,DIST_C_02
OUT_11771,DIST_C_02
OUT_11772,DIST_C_03
OUT_11773,DIST_C_01
OUT_11774,DIST_C_03
OUT_11775,DIST_C_02
OUT_11776,DIST_C_02
OUT_11777,DIST_C_01
OUT_11778,DIST_C_01
OUT_11779,DIST_C_02
OUT_11780,DIST_C_03
OUT_11781,DIST_C_02
OUT_11782,DIST_C_01
OUT_11783,DIST_C_01
OUT_11784,DIST_C_02
OUT_11785,DIST_C_02
OUT_11786,DIST_C_01
OUT_11787,DIST_C_01
OUT_11788,DIST_C_01
OUT_11789,DIST_C_01
OUT_11790,DIST_C_02
OUT_11791,DIST_C_02
OUT_11792,DIST_C_02
OUT_11793,DIST_C_02
OUT_11794,DIST_C_02
OUT_11795,DIST_C_03
OUT_11796,DIST_C_01
OUT_11797,DIST_C_02
OUT_11798,DIST_C_02
OUT_11799,DIST_C_03
OUT_11800,DIST_C_03
OUT_11801,DIST_C_03
OUT_11802,DIST_C_02
OUT_11803,DIST_C_01
OUT_11804,DIST_C_01
OUT_11805,DIST_C_03
OUT_11806,DIST_C_01
OUT_11807,DIST_C_03
OUT_11808,DIST_C_02
OUT_11809,DIST_C_01
OUT_11810,DIST_C_03
OUT_11811,DIST_C_02
OUT_11812,DIST_C_01
OUT_11813,DIST_C_02
OUT_11814,DIST_C_02
OUT_11815,DIST_C_01
OUT_11816,DIST_C_02
OUT_11817,DIST_C_01
OUT_11818,DIST_C_02
OUT_11819,DIST_C_02
OUT_11820,DIST_C_02
OUT_11821,DIST_C_03
OUT_11822,DIST_C_01
OUT_11823,DIST_C_03
OUT_11824,DIST_C_02
OUT_11825,DIST_C_02
OUT_11826,DIST_C_02
OUT_11827,DIST_C_02
OUT_11828,DIST_C_03
OUT_11829,DIST_C_01
OUT_11830,DIST_C_03
OUT_11831,DIST_C_01
OUT_11832,DIST_C_02
OUT_11833,DIST_C_01
OUT_11834,DIST_C_03
OUT_11835,DIST_C_03
OUT_11836,DIST_C_03
OUT_11837,DIST_C_01
OUT_11838,DIST_C_03
OUT_11839,DIST_C_03
OUT_11840,DIST_C_03
OUT_11841,DIST_C_01
OUT_11842,DIST_C_03
OUT_11843,DIST_C_01
OUT_11844,DIST_C_03
OUT_11845,DIST_C_02
OUT_11846,DIST_C_01
OUT_11847,DIST_C_02
OUT_11848,DIST_C_01
OUT_11849,DIST_C_02
OUT_11850,DIST_C_01
OUT_11851,DIST_C_03
OUT_11852,DIST_C_03
OUT_11853,DIST_C_01
OUT_11854,DIST_C_01
OUT_11855,DIST_C_03
OUT_11856,DIST_C_03
OUT_11857,DIST_C_02
OUT_11858,DIST_C_01
OUT_11859,DIST_C_03
OUT_11860,DIST_C_02
OUT_11861,DIST_C_02
OUT_11862,DIST_C_03
OUT_11863,DIST_C_01
OUT_11864,DIST_C_01
OUT_11865,DIST_C_02
OUT_11866,DIST_C_01
OUT_11867,DIST_C_02
OUT_11868,DIST_C_01
OUT_11869,DIST_C_01
OUT_11870,DIST_C_03
OUT_11871,DIST_C_01
OUT_11872,DIST_C_03
OUT_11873,DIST_C_01
OUT_11874,DIST_C_02
OUT_11875,DIST_C_02
OUT_11876,DIST_C_02
OUT_11877,DIST_C_01
OUT_11878,DIST_C_01
OUT_11879,DIST_C_01
OUT_11880,DIST_C_01
OUT_11881,DIST_C_01
OUT_11882,DIST_C_02
OUT_11883,DIST_C_01
OUT_11884,DIST_C_01
OUT_11885,DIST_C_02
OUT_11886,DIST_C_03
OUT_11887,DIST_C_02
OUT_11888,DIST_C_03
OUT_11889,DIST_C_01
OUT_11890,DIST_C_02
OUT_11891,DIST_C_03
OUT_11892,DIST_C_03
OUT_11893,DIST_C_02
OUT_11894,DIST_C_03
OUT_11895,DIST_C_03
OUT_11896,DIST_C_01
OUT_11897,DIST_C_02
OUT_11898,DIST_C_03
OUT_11899,DIST_C_03
OUT_11900,DIST_C_01
OUT_11901,DIST_C_02
OUT_11902,DIST_C_01
OUT_11903,DIST_C_03
OUT_11904,DIST_C_01
OUT_11905,DIST_C_02
OUT_11906,DIST_C_03
OUT_11907,DIST_C_03
OUT_11908,DIST_C_02
OUT_11909,DIST_C_01
OUT_11910,DIST_C_02
OUT_11911,DIST_C_02
OUT_11912,DIST_C_01
OUT_11913,DIST_C_03
OUT_11914,DIST_C_01
OUT_11915,DIST_C_01
OUT_11916,DIST_C_03
OUT_11917,DIST_C_03
OUT_11918,DIST_C_02
OUT_11919,DIST_C_03
OUT_11920,DIST_C_02
OUT_11921,DIST_C_01
OUT_11922,DIST_C_01
OUT_11923,DIST_C_01
OUT_11924,DIST_C_01
OUT_11925,DIST_C_01
OUT_11926,DIST_C_02
OUT_11927,DIST_C_03
OUT_11928,DIST_C_01
OUT_11929,DIST_C_03
OUT_11930,DIST_C_01
OUT_11931,DIST_C_01
OUT_11932,DIST_C_01
OUT_11933,DIST_C_01
OUT_11934,DIST_C_03
OUT_11935,DIST_C_03
OUT_11936,DIST_C_03
OUT_11937,DIST_C_03
OUT_11938,DIST_C_01
OUT_11939,DIST_C_02
OUT_11940,DIST_C_02
OUT_11941,DIST_C_01
OUT_11942,DIST_C_01
OUT_11943,DIST_C_03
OUT_11944,DIST_C_01
OUT_11945,DIST_C_02
OUT_11946,DIST_C_03
OUT_11947,DIST_C_03
OUT_11948,DIST_C_01
OUT_11949,DIST_C_01
OUT_11950,DIST_C_03
OUT_11951,DIST_C_01
OUT_11952,DIST_C_02
OUT_11953,DIST_C_01
OUT_11954,DIST_C_02
OUT_11955,DIST_C_01
OUT_11956,DIST_C_01
OUT_11957,DIST_C_01
OUT_11958,DIST_C_01
OUT_11959,DIST_C_03
OUT_11960,DIST_C_02
OUT_11961,DIST_C_03
OUT_11962,DIST_C_02
OUT_11963,DIST_C_03
OUT_11964,DIST_C_01
OUT_11965,DIST_C_03
OUT_11966,DIST_C_03
OUT_11967,DIST_C_03
OUT_11968,DIST_C_02
OUT_11969,DIST_C_02
OUT_11970,DIST_C_02
OUT_11971,DIST_C_02
OUT_11972,DIST_C_01
OUT_11973,DIST_C_02
OUT_11974,DIST_C_01
OUT_11975,DIST_C_02
OUT_11976,DIST_C_02
OUT_11977,DIST_C_01
OUT_11978,DIST_C_03
OUT_11979,DIST_C_03
OUT_11980,DIST_C_03
OUT_11981,DIST_C_01
OUT_11982,DIST_C_03
OUT_11983,DIST_C_01
OUT_11984,DIST_C_02
OUT_11985,DIST_C_01
OUT_11986,DIST_C_02
OUT_11987,DIST_C_02
OUT_11988,DIST_C_03
OUT_11989,DIST_C_02
OUT_11990,DIST_C_01
OUT_11991,DIST_C_01
OUT_11992,DIST_C_03
OUT_11993,DIST_C_01
OUT_11994,DIST_C_02
OUT_11995,DIST_C_03
OUT_11996,DIST_C_03
OUT_11997,DIST_C_01
OUT_11998,DIST_C_03
OUT_11999,DIST_C_02
OUT_12000,DIST_C_02
OUT_12001,DIST_C_02
OUT_12002,DIST_C_03
OUT_12003,DIST_C_02
OUT_12004,DIST_C_03
OUT_12005,DIST_C_01
OUT_12006,DIST_C_02
OUT_12007,DIST_C_03
OUT_12008,DIST_C_03
OUT_12009,DIST_C_03
OUT_12010,DIST_C_02
OUT_12011,DIST_C_02
OUT_12012,DIST_C_02
OUT_12013,DIST_C_02
OUT_12014,DIST_C_03
OUT_12015,DIST_C_03
OUT_12016,DIST_C_03
OUT_12017,DIST_C_01
OUT_12018,DIST_C_03
OUT_12019,DIST_C_01
OUT_12020,DIST_C_01
OUT_12021,DIST_C_03
OUT_12022,DIST_C_03
OUT_12023,DIST_C_01
OUT_12024,DIST_C_02
OUT_12025,DIST_C_03
OUT_12026,DIST_C_02
OUT_12027,DIST_C_01
OUT_12028,DIST_C_03
OUT_12029,DIST_C_02
OUT_12030,DIST_C_02
OUT_12031,DIST_C_02
OUT_12032,DIST_C_02
OUT_12033,DIST_C_03
OUT_12034,DIST_C_02
OUT_12035,DIST_C_01
OUT_12036,DIST_C_02
OUT_12037,DIST_C_03
OUT_12038,DIST_C_01
OUT_12039,DIST_C_03
OUT_12040,DIST_C_03
OUT_12041,DIST_C_02
OUT_12042,DIST_C_02
OUT_12043,DIST_C_01
OUT_12044,DIST_C_01
OUT_12045,DIST_C_02
OUT_12046,DIST_C_01
OUT_12047,DIST_C_03
OUT_12048,DIST_C_02
OUT_12049,DIST_C_01
OUT_12050,DIST_C_03
OUT_12051,DIST_C_02
OUT_12052,DIST_C_02
OUT_12053,DIST_C_02
OUT_12054,DIST_C_01
OUT_12055,DIST_C_02
OUT_12056,DIST_C_02
OUT_12057,DIST_C_03
OUT_12058,DIST_C_02
OUT_12059,DIST_C_03
OUT_12060,DIST_C_02
OUT_12061,DIST_C_02
OUT_12062,DIST_C_01
OUT_12063,DIST_C_02
OUT_12064,DIST_C_02
OUT_12065,DIST_C_02
OUT_12066,DIST_C_01
OUT_12067,DIST_C_01
OUT_12068,DIST_C_03
OUT_12069,DIST_C_01
OUT_12070,DIST_C_02
OUT_12071,DIST_C_01
OUT_12072,DIST_C_01
OUT_12073,DIST_C_02
OUT_12074,DIST_C_01
OUT_12075,DIST_C_02
OUT_12076,DIST_C_01
OUT_12077,DIST_C_01
OUT_12078,DIST_C_03
OUT_12079,DIST_C_02
OUT_12080,DIST_C_02
OUT_12081,DIST_C_03
OUT_12082,DIST_C_03
OUT_12083,DIST_C_02
OUT_12084,DIST_C_03
OUT_12085,DIST_C_03
OUT_12086,DIST_C_03
OUT_12087,DIST_C_03
OUT_12088,DIST_C_02
OUT_12089,DIST_C_03
OUT_12090,DIST_C_02
OUT_12091,DIST_C_01
OUT_12092,DIST_C_03
OUT_12093,DIST_C_03
OUT_12094,DIST_C_03
OUT_12095,DIST_C_02
OUT_12096,DIST_C_02
OUT_12097,DIST_C_01
OUT_12098,DIST_C_02
OUT_12099,DIST_C_02
OUT_12100,DIST_C_03
OUT_12101,DIST_C_01
OUT_12102,DIST_C_01
OUT_12103,DIST_C_03
OUT_12104,DIST_C_03
OUT_12105,DIST_C_03
OUT_12106,DIST_C_02
OUT_12107,DIST_C_02
OUT_12108,DIST_C_03
OUT_12109,DIST_C_03
OUT_12110,DIST_C_03
OUT_12111,DIST_C_01
OUT_12112,DIST_C_02
OUT_12113,DIST_C_01
OUT_12114,DIST_C_02
OUT_12115,DIST_C_02
OUT_12116,DIST_C_01
OUT_12117,DIST_C_03
OUT_12118,DIST_C_03
OUT_12119,DIST_C_03
OUT_12120,DIST_C_02
OUT_12121,DIST_C_02
OUT_12122,DIST_C_01
OUT_12123,DIST_C_02
OUT_12124,DIST_C_01
OUT_12125,DIST_C_01
OUT_12126,DIST_C_02
OUT_12127,DIST_C_02
OUT_12128,DIST_C_02
OUT_12129,DIST_C_03
OUT_12130,DIST_C_02
OUT_12131,DIST_C_03
OUT_12132,DIST_C_02
OUT_12133,DIST_C_02
OUT_12134,DIST_C_03
OUT_12135,DIST_C_03
OUT_12136,DIST_C_03
OUT_12137,DIST_C_02
OUT_12138,DIST_C_03
OUT_12139,DIST_C_02
OUT_12140,DIST_C_02
OUT_12141,DIST_C_03
OUT_12142,DIST_C_03
OUT_12143,DIST_C_03
OUT_12144,DIST_C_03
OUT_12145,DIST_C_01
OUT_12146,DIST_C_01
OUT_12147,DIST_C_01
OUT_12148,DIST_C_02
OUT_12149,DIST_C_01
OUT_12150,DIST_C_01
OUT_12151,DIST_C_01
OUT_12152,DIST_C_01
OUT_12153,DIST_C_03
OUT_12154,DIST_C_03
OUT_12155,DIST_C_02
OUT_12156,DIST_C_02
OUT_12157,DIST_C_03
OUT_12158,DIST_C_02
OUT_12159,DIST_C_01
OUT_12160,DIST_C_02
OUT_12161,DIST_C_02
OUT_12162,DIST_C_01
OUT_12163,DIST_C_03
OUT_12164,DIST_C_02
OUT_12165,DIST_C_03
OUT_12166,DIST_C_01
OUT_12167,DIST_C_03
OUT_12168,DIST_C_02
OUT_12169,DIST_C_01
OUT_12170,DIST_C_01
OUT_12171,DIST_C_02
OUT_12172,DIST_C_02
OUT_12173,DIST_C_01
OUT_12174,DIST_C_03
OUT_12175,DIST_C_02
OUT_12176,DIST_C_01
OUT_12177,DIST_C_03
OUT_12178,DIST_C_01
OUT_12179,DIST_C_02
OUT_12180,DIST_C_03
OUT_12181,DIST_C_01
OUT_12182,DIST_C_03
OUT_12183,DIST_C_01
OUT_12184,DIST_C_02
OUT_12185,DIST_C_02
OUT_12186,DIST_C_03
OUT_12187,DIST_C_01
OUT_12188,DIST_C_02
OUT_12189,DIST_C_02
OUT_12190,DIST_C_02
OUT_12191,DIST_C_01
OUT_12192,DIST_C_02
OUT_12193,DIST_C_01
OUT_12194,DIST_C_01
OUT_12195,DIST_C_01
OUT_12196,DIST_C_02
OUT_12197,DIST_C_02
OUT_12198,DIST_C_02
OUT_12199,DIST_C_03
OUT_12200,DIST_C_01
OUT_12201,DIST_C_01
OUT_12202,DIST_C_03
OUT_12203,DIST_C_02
OUT_12204,DIST_C_03
OUT_12205,DIST_C_01
OUT_12206,DIST_C_02
OUT_12207,DIST_C_02
OUT_12208,DIST_C_02
OUT_12209,DIST_C_01
OUT_12210,DIST_C_02
OUT_12211,DIST_C_03
OUT_12212,DIST_C_02
OUT_12213,DIST_C_03
OUT_12214,DIST_C_01
OUT_12215,DIST_C_02
OUT_12216,DIST_C_02
OUT_12217,DIST_C_01
OUT_12218,DIST_C_02
OUT_12219,DIST_C_02
OUT_12220,DIST_C_01
OUT_12221,DIST_C_02
OUT_12222,DIST_C_02
OUT_12223,DIST_C_02
OUT_12224,DIST_C_01
OUT_12225,DIST_C_02
OUT_12226,DIST_C_03
OUT_12227,DIST_C_02
OUT_12228,DIST_C_01
OUT_12229,DIST_C_01
OUT_12230,DIST_C_01
OUT_12231,DIST_C_02
OUT_12232,DIST_C_02
OUT_12233,DIST_C_01
OUT_12234,DIST_C_02
OUT_12235,DIST_C_02
OUT_12236,DIST_C_02
OUT_12237,DIST_C_03
OUT_12238,DIST_C_03
OUT_12239,DIST_C_01
OUT_12240,DIST_C_01
OUT_12241,DIST_C_02
OUT_12242,DIST_C_01
OUT_12243,DIST_C_03
OUT_12244,DIST_C_01
OUT_12245,DIST_C_01
OUT_12246,DIST_C_03
OUT_12247,DIST_C_02
OUT_12248,DIST_C_01
OUT_12249,DIST_C_01
OUT_12250,DIST_C_02
OUT_12251,DIST_C_01
OUT_12252,DIST_C_01
OUT_12253,DIST_C_02
OUT_12254,DIST_C_03
OUT_12255,DIST_C_01
OUT_12256,DIST_C_03
OUT_12257,DIST_C_02
OUT_12258,DIST_C_03
OUT_12259,DIST_C_02
OUT_12260,DIST_C_03
OUT_12261,DIST_C_02
OUT_12262,DIST_C_03
OUT_12263,DIST_C_02
OUT_12264,DIST_C_02
OUT_12265,DIST_C_01
OUT_12266,DIST_C_02
OUT_12267,DIST_C_02
OUT_12268,DIST_C_03
OUT_12269,DIST_C_03
OUT_12270,DIST_C_02
OUT_12271,DIST_C_02
OUT_12272,DIST_C_02
OUT_12273,DIST_C_01
OUT_12274,DIST_C_01
OUT_12275,DIST_C_03
OUT_12276,DIST_C_02
OUT_12277,DIST_C_02
OUT_12278,DIST_C_03
OUT_12279,DIST_C_01
OUT_12280,DIST_C_03
OUT_12281,DIST_C_01
OUT_12282,DIST_C_03
OUT_12283,DIST_C_02
OUT_12284,DIST_C_03
OUT_12285,DIST_C_01
OUT_12286,DIST_C_01
OUT_12287,DIST_C_03
OUT_12288,DIST_C_01
OUT_12289,DIST_C_02
OUT_12290,DIST_C_03
OUT_12291,DIST_C_03
OUT_12292,DIST_C_02
OUT_12293,DIST_C_02
OUT_12294,DIST_C_01
OUT_12295,DIST_C_01
OUT_12296,DIST_C_01
OUT_12297,DIST_C_01
OUT_12298,DIST_C_01
OUT_12299,DIST_C_02
OUT_12300,DIST_C_02
OUT_12301,DIST_C_01
OUT_12302,DIST_C_02
OUT_12303,DIST_C_03
OUT_12304,DIST_C_01
OUT_12305,DIST_C_02
OUT_12306,DIST_C_02
OUT_12307,DIST_C_02
OUT_12308,DIST_C_01
OUT_12309,DIST_C_02
OUT_12310,DIST_C_01
OUT_12311,DIST_C_01
OUT_12312,DIST_C_03
OUT_12313,DIST_C_01
OUT_12314,DIST_C_03
OUT_12315,DIST_C_02
OUT_12316,DIST_C_02
OUT_12317,DIST_C_03
OUT_12318,DIST_C_01
OUT_12319,DIST_C_03
OUT_12320,DIST_C_02
OUT_12321,DIST_C_01
OUT_12322,DIST_C_02
OUT_12323,DIST_C_02
OUT_12324,DIST_C_03
OUT_12325,DIST_C_03
OUT_12326,DIST_C_01
OUT_12327,DIST_C_02
OUT_12328,DIST_C_02
OUT_12329,DIST_C_03
OUT_12330,DIST_C_03
OUT_12331,DIST_C_02
OUT_12332,DIST_C_02
OUT_12333,DIST_C_03
OUT_12334,DIST_C_02
OUT_12335,DIST_C_03
OUT_12336,DIST_C_01
OUT_12337,DIST_C_03
OUT_12338,DIST_C_02
OUT_12339,DIST_C_03
OUT_12340,DIST_C_02
OUT_12341,DIST_C_02
OUT_12342,DIST_C_02
OUT_12343,DIST_C_03
OUT_12344,DIST_C_03
OUT_12345,DIST_C_03
OUT_12346,DIST_C_01
OUT_12347,DIST_C_01
OUT_12348,DIST_C_03
OUT_12349,DIST_C_03
OUT_12350,DIST_C_03
OUT_12351,DIST_C_01
OUT_12352,DIST_C_02
OUT_12353,DIST_C_01
OUT_12354,DIST_C_02
OUT_12355,DIST_C_03
OUT_12356,DIST_C_01
OUT_12357,DIST_C_02
OUT_12358,DIST_C_01
OUT_12359,DIST_C_01
OUT_12360,DIST_C_01
OUT_12361,DIST_C_03
OUT_12362,DIST_C_02
OUT_12363,DIST_C_02
OUT_12364,DIST_C_02
OUT_12365,DIST_C_02
OUT_12366,DIST_C_02
OUT_12367,DIST_C_02
OUT_12368,DIST_C_01
OUT_12369,DIST_C_01
OUT_12370,DIST_C_02
OUT_12371,DIST_C_03
OUT_12372,DIST_C_03
OUT_12373,DIST_C_01
OUT_12374,DIST_C_03
OUT_12375,DIST_C_02
OUT_12376,DIST_C_01
OUT_12377,DIST_C_01
OUT_12378,DIST_C_01
OUT_12379,DIST_C_01
OUT_12380,DIST_C_02
OUT_12381,DIST_C_01
OUT_12382,DIST_C_02
OUT_12383,DIST_C_03
OUT_12384,DIST_C_02
OUT_12385,DIST_C_01
OUT_12386,DIST_C_02
OUT_12387,DIST_C_02
OUT_12388,DIST_C_02
OUT_12389,DIST_C_02
OUT_12390,DIST_C_02
OUT_12391,DIST_C_02
OUT_12392,DIST_C_03
OUT_12393,DIST_C_01
OUT_12394,DIST_C_02
OUT_12395,DIST_C_03
OUT_12396,DIST_C_02
OUT_12397,DIST_C_02
OUT_12398,DIST_C_03
OUT_12399,DIST_C_01
OUT_12400,DIST_C_03
OUT_12401,DIST_C_03
OUT_12402,DIST_C_01
OUT_12403,DIST_C_01
OUT_12404,DIST_C_02
OUT_12405,DIST_C_02
OUT_12406,DIST_C_03
OUT_12407,DIST_C_02
OUT_12408,DIST_C_02
OUT_12409,DIST_C_01
OUT_12410,DIST_C_02
OUT_12411,DIST_C_02
OUT_12412,DIST_C_03
OUT_12413,DIST_C_02
OUT_12414,DIST_C_03
OUT_12415,DIST_C_02
OUT_12416,DIST_C_01
OUT_12417,DIST_C_01
OUT_12418,DIST_C_03
OUT_12419,DIST_C_02
OUT_12420,DIST_C_01
OUT_12421,DIST_C_01
OUT_12422,DIST_C_01
OUT_12423,DIST_C_01
OUT_12424,DIST_C_03
OUT_12425,DIST_C_03
OUT_12426,DIST_C_01
OUT_12427,DIST_C_02
OUT_12428,DIST_C_03
OUT_12429,DIST_C_02
OUT_12430,DIST_C_02
OUT_12431,DIST_C_03
OUT_12432,DIST_C_02
OUT_12433,DIST_C_03
OUT_12434,DIST_C_01
OUT_12435,DIST_C_01
OUT_12436,DIST_C_02
OUT_12437,DIST_C_03
OUT_12438,DIST_C_02
OUT_12439,DIST_C_01
OUT_12440,DIST_C_03
OUT_12441,DIST_C_01
OUT_12442,DIST_C_03
OUT_12443,DIST_C_02
OUT_12444,DIST_C_02
OUT_12445,DIST_C_03
OUT_12446,DIST_C_03
OUT_12447,DIST_C_03
OUT_12448,DIST_C_03
OUT_12449,DIST_C_03
OUT_12450,DIST_C_03
OUT_12451,DIST_C_01
OUT_12452,DIST_C_03
OUT_12453,DIST_C_03
OUT_12454,DIST_C_03
OUT_12455,DIST_C_03
OUT_12456,DIST_C_01
OUT_12457,DIST_C_02
OUT_12458,DIST_C_01
OUT_12459,DIST_C_02
OUT_12460,DIST_C_03
OUT_12461,DIST_C_02
OUT_12462,DIST_C_03
OUT_12463,DIST_C_01
OUT_12464,DIST_C_01
OUT_12465,DIST_C_03
OUT_12466,DIST_C_01
OUT_12467,DIST_C_01
OUT_12468,DIST_C_01
OUT_12469,DIST_C_01
OUT_12470,DIST_C_01
OUT_12471,DIST_C_02
OUT_12472,DIST_C_03
OUT_12473,DIST_C_01
OUT_12474,DIST_C_03
OUT_12475,DIST_C_01
OUT_12476,DIST_C_02
OUT_12477,DIST_C_03
OUT_12478,DIST_C_03
OUT_12479,DIST_C_01
OUT_12480,DIST_C_03
OUT_12481,DIST_C_02
OUT_12482,DIST_C_01
OUT_12483,DIST_C_02
OUT_12484,DIST_C_03
OUT_12485,DIST_C_03
OUT_12486,DIST_C_03
OUT_12487,DIST_C_03
OUT_12488,DIST_C_01
OUT_12489,DIST_C_02
OUT_12490,DIST_C_02
OUT_12491,DIST_C_02
OUT_12492,DIST_C_02
OUT_12493,DIST_C_02
OUT_12494,DIST_C_03
OUT_12495,DIST_C_03
OUT_12496,DIST_C_01
OUT_12497,DIST_C_01
OUT_12498,DIST_C_03
OUT_12499,DIST_C_01
OUT_12500,DIST_C_03
OUT_12501,DIST_C_03
OUT_12502,DIST_C_03
OUT_12503,DIST_C_01
OUT_12504,DIST_C_03
OUT_12505,DIST_C_01
OUT_12506,DIST_C_01
OUT_12507,DIST_C_02
OUT_12508,DIST_C_03
OUT_12509,DIST_C_03
OUT_12510,DIST_C_01
OUT_12511,DIST_C_02
OUT_12512,DIST_C_02
OUT_12513,DIST_C_02
OUT_12514,DIST_C_02
OUT_12515,DIST_C_03
OUT_12516,DIST_C_03
OUT_12517,DIST_C_03
OUT_12518,DIST_C_02
OUT_12519,DIST_C_02
OUT_12520,DIST_C_03
OUT_12521,DIST_C_01
OUT_12522,DIST_C_01
OUT_12523,DIST_C_03
OUT_12524,DIST_C_03
OUT_12525,DIST_C_03
OUT_12526,DIST_C_02
OUT_12527,DIST_C_02
OUT_12528,DIST_C_01
OUT_12529,DIST_C_03
OUT_12530,DIST_C_01
OUT_12531,DIST_C_01
OUT_12532,DIST_C_02
OUT_12533,DIST_C_02
OUT_12534,DIST_C_02
OUT_12535,DIST_C_02
OUT_12536,DIST_C_02
OUT_12537,DIST_C_01
OUT_12538,DIST_C_03
OUT_12539,DIST_C_03
OUT_12540,DIST_C_01
OUT_12541,DIST_C_03
OUT_12542,DIST_C_02
OUT_12543,DIST_C_02
OUT_12544,DIST_C_02
OUT_12545,DIST_C_02
OUT_12546,DIST_C_03
OUT_12547,DIST_C_02
OUT_12548,DIST_C_03
OUT_12549,DIST_C_02
OUT_12550,DIST_C_03
OUT_12551,DIST_C_02
OUT_12552,DIST_C_02
OUT_12553,DIST_C_02
OUT_12554,DIST_C_01
OUT_12555,DIST_C_03
OUT_12556,DIST_C_01
OUT_12557,DIST_C_02
OUT_12558,DIST_C_02
OUT_12559,DIST_C_01
OUT_12560,DIST_C_01
OUT_12561,DIST_C_02
OUT_12562,DIST_C_03
OUT_12563,DIST_C_02
OUT_12564,DIST_C_02
OUT_12565,DIST_C_02
OUT_12566,DIST_C_01
OUT_12567,DIST_C_03
OUT_12568,DIST_C_01
OUT_12569,DIST_C_01
OUT_12570,DIST_C_03
OUT_12571,DIST_C_02
OUT_12572,DIST_C_02
OUT_12573,DIST_C_01
OUT_12574,DIST_C_01
OUT_12575,DIST_C_02
OUT_12576,DIST_C_02
OUT_12577,DIST_C_03
OUT_12578,DIST_C_02
OUT_12579,DIST_C_01
OUT_12580,DIST_C_02
OUT_12581,DIST_C_01
OUT_12582,DIST_C_02
OUT_12583,DIST_C_01
OUT_12584,DIST_C_02
OUT_12585,DIST_C_01
OUT_12586,DIST_C_03
OUT_12587,DIST_C_01
OUT_12588,DIST_C_03
OUT_12589,DIST_C_01
OUT_12590,DIST_C_03
OUT_12591,DIST_C_01
OUT_12592,DIST_C_03
OUT_12593,DIST_C_01
OUT_12594,DIST_C_02
OUT_12595,DIST_C_02
OUT_12596,DIST_C_01
OUT_12597,DIST_C_02
OUT_12598,DIST_C_02
OUT_12599,DIST_C_03
OUT_12600,DIST_C_01
OUT_12601,DIST_C_02
OUT_12602,DIST_C_03
OUT_12603,DIST_C_01
OUT_12604,DIST_C_01
OUT_12605,DIST_C_02
OUT_12606,DIST_C_03
OUT_12607,DIST_C_02
OUT_12608,DIST_C_03
OUT_12609,DIST_C_03
OUT_12610,DIST_C_03
OUT_12611,DIST_C_02
OUT_12612,DIST_C_03
OUT_12613,DIST_C_03
OUT_12614,DIST_C_02
OUT_12615,DIST_C_02
OUT_12616,DIST_C_03
OUT_12617,DIST_C_03
OUT_12618,DIST_C_01
OUT_12619,DIST_C_01
OUT_12620,DIST_C_01
OUT_12621,DIST_C_03
OUT_12622,DIST_C_03
OUT_12623,DIST_C_03
OUT_12624,DIST_C_03
OUT_12625,DIST_C_02
OUT_12626,DIST_C_03
OUT_12627,DIST_C_01
OUT_12628,DIST_C_01
OUT_12629,DIST_C_03
OUT_12630,DIST_C_01
OUT_12631,DIST_C_01
OUT_12632,DIST_C_03
OUT_12633,DIST_C_03
OUT_12634,DIST_C_03
OUT_12635,DIST_C_02
OUT_12636,DIST_C_01
OUT_12637,DIST_C_03
OUT_12638,DIST_C_02
OUT_12639,DIST_C_03
OUT_12640,DIST_C_02
OUT_12641,DIST_C_03
OUT_12642,DIST_C_03
OUT_12643,DIST_C_02
OUT_12644,DIST_C_02
OUT_12645,DIST_C_01
OUT_12646,DIST_C_02
OUT_12647,DIST_C_01
OUT_12648,DIST_C_02
OUT_12649,DIST_C_01
OUT_12650,DIST_C_02
OUT_12651,DIST_C_03
OUT_12652,DIST_C_01
OUT_12653,DIST_C_03
OUT_12654,DIST_C_01
OUT_12655,DIST_C_02
OUT_12656,DIST_C_03
OUT_12657,DIST_C_03
OUT_12658,DIST_C_01
OUT_12659,DIST_C_03
OUT_12660,DIST_C_02
OUT_12661,DIST_C_03
OUT_12662,DIST_C_01
OUT_12663,DIST_C_01
OUT_12664,DIST_C_02
OUT_12665,DIST_C_01
OUT_12666,DIST_C_01
OUT_12667,DIST_C_03
OUT_12668,DIST_C_02
OUT_12669,DIST_C_01
OUT_12670,DIST_C_02
OUT_12671,DIST_C_03
OUT_12672,DIST_C_02
OUT_12673,DIST_C_01
OUT_12674,DIST_C_02
OUT_12675,DIST_C_02
OUT_12676,DIST_C_03
OUT_12677,DIST_C_03
OUT_12678,DIST_C_03
OUT_12679,DIST_C_03
OUT_12680,DIST_C_03
OUT_12681,DIST_C_01
OUT_12682,DIST_C_01
OUT_12683,DIST_C_01
OUT_12684,DIST_C_02
OUT_12685,DIST_C_03
OUT_12686,DIST_C_01
OUT_12687,DIST_C_01
OUT_12688,DIST_C_02
OUT_12689,DIST_C_02
OUT_12690,DIST_C_03
OUT_12691,DIST_C_02
OUT_12692,DIST_C_03
OUT_12693,DIST_C_01
OUT_12694,DIST_C_02
OUT_12695,DIST_C_01
OUT_12696,DIST_C_03
OUT_12697,DIST_C_01
OUT_12698,DIST_C_01
OUT_12699,DIST_C_02
OUT_12700,DIST_C_03
OUT_12701,DIST_C_01
OUT_12702,DIST_C_01
OUT_12703,DIST_C_03
OUT_12704,DIST_C_02
OUT_12705,DIST_C_01
OUT_12706,DIST_C_01
OUT_12707,DIST_C_03
OUT_12708,DIST_C_02
OUT_12709,DIST_C_02
OUT_12710,DIST_C_02
OUT_12711,DIST_C_01
OUT_12712,DIST_C_01
OUT_12713,DIST_C_03
OUT_12714,DIST_C_02
OUT_12715,DIST_C_02
OUT_12716,DIST_C_01
OUT_12717,DIST_C_01
OUT_12718,DIST_C_01
OUT_12719,DIST_C_03
OUT_12720,DIST_C_02
OUT_12721,DIST_C_03
OUT_12722,DIST_C_01
OUT_12723,DIST_C_03
OUT_12724,DIST_C_02
OUT_12725,DIST_C_03
OUT_12726,DIST_C_03
OUT_12727,DIST_C_03
OUT_12728,DIST_C_02
OUT_12729,DIST_C_03
OUT_12730,DIST_C_02
OUT_12731,DIST_C_03
OUT_12732,DIST_C_01
OUT_12733,DIST_C_02
OUT_12734,DIST_C_02
OUT_12735,DIST_C_03
OUT_12736,DIST_C_02
OUT_12737,DIST_C_03
OUT_12738,DIST_C_03
OUT_12739,DIST_C_02
OUT_12740,DIST_C_03
OUT_12741,DIST_C_01
OUT_12742,DIST_C_02
OUT_12743,DIST_C_01
OUT_12744,DIST_C_03
OUT_12745,DIST_C_01
OUT_12746,DIST_C_01
OUT_12747,DIST_C_03
OUT_12748,DIST_C_03
OUT_12749,DIST_C_03
OUT_12750,DIST_C_02
OUT_12751,DIST_C_01
OUT_12752,DIST_C_03
OUT_12753,DIST_C_01
OUT_12754,DIST_C_01
OUT_12755,DIST_C_03
OUT_12756,DIST_C_01
OUT_12757,DIST_C_03
OUT_12758,DIST_C_02
OUT_12759,DIST_C_02
OUT_12760,DIST_C_02
OUT_12761,DIST_C_03
OUT_12762,DIST_C_01
OUT_12763,DIST_C_03
OUT_12764,DIST_C_03
OUT_12765,DIST_C_03
OUT_12766,DIST_C_01
OUT_12767,DIST_C_02
OUT_12768,DIST_C_01
OUT_12769,DIST_C_02
OUT_12770,DIST_C_02
OUT_12771,DIST_C_01
OUT_12772,DIST_C_02
OUT_12773,DIST_C_03
OUT_12774,DIST_C_02
OUT_12775,DIST_C_03
OUT_12776,DIST_C_02
OUT_12777,DIST_C_02
OUT_12778,DIST_C_01
OUT_12779,DIST_C_02
OUT_12780,DIST_C_02
OUT_12781,DIST_C_01
OUT_12782,DIST_C_02
OUT_12783,DIST_C_02
OUT_12784,DIST_C_03
OUT_12785,DIST_C_03
OUT_12786,DIST_C_02
OUT_12787,DIST_C_02
OUT_12788,DIST_C_01
OUT_12789,DIST_C_02
OUT_12790,DIST_C_03
OUT_12791,DIST_C_01
OUT_12792,DIST_C_01
OUT_12793,DIST_C_02
OUT_12794,DIST_C_03
OUT_12795,DIST_C_01
OUT_12796,DIST_C_01
OUT_12797,DIST_C_01
OUT_12798,DIST_C_01
OUT_12799,DIST_C_02
OUT_12800,DIST_C_02
OUT_12801,DIST_C_03
OUT_12802,DIST_C_01
OUT_12803,DIST_C_02
OUT_12804,DIST_C_01
OUT_12805,DIST_C_02
OUT_12806,DIST_C_02
OUT_12807,DIST_C_03
OUT_12808,DIST_C_01
OUT_12809,DIST_C_03
OUT_12810,DIST_C_03
OUT_12811,DIST_C_03
OUT_12812,DIST_C_01
OUT_12813,DIST_C_02
OUT_12814,DIST_C_02
OUT_12815,DIST_C_02
OUT_12816,DIST_C_03
OUT_12817,DIST_C_01
OUT_12818,DIST_C_01
OUT_12819,DIST_C_03
OUT_12820,DIST_C_03
OUT_12821,DIST_C_02
OUT_12822,DIST_C_02
OUT_12823,DIST_C_02
OUT_12824,DIST_C_01
OUT_12825,DIST_C_01
OUT_12826,DIST_C_02
OUT_12827,DIST_C_01
OUT_12828,DIST_C_01
OUT_12829,DIST_C_02
OUT_12830,DIST_C_01
OUT_12831,DIST_C_02
OUT_12832,DIST_C_03
OUT_12833,DIST_C_01
OUT_12834,DIST_C_03
OUT_12835,DIST_C_02
OUT_12836,DIST_C_01
OUT_12837,DIST_C_03
OUT_12838,DIST_C_03
OUT_12839,DIST_C_01
OUT_12840,DIST_C_03
OUT_12841,DIST_C_01
OUT_12842,DIST_C_02
OUT_12843,DIST_C_03
OUT_12844,DIST_C_02
OUT_12845,DIST_C_01
OUT_12846,DIST_C_01
OUT_12847,DIST_C_01
OUT_12848,DIST_C_01
OUT_12849,DIST_C_03
OUT_12850,DIST_C_03
OUT_12851,DIST_C_01
OUT_12852,DIST_C_02
OUT_12853,DIST_C_01
OUT_12854,DIST_C_01
OUT_12855,DIST_C_02
OUT_12856,DIST_C_01
OUT_12857,DIST_C_01
OUT_12858,DIST_C_02
OUT_12859,DIST_C_02
OUT_12860,DIST_C_03
OUT_12861,DIST_C_02
OUT_12862,DIST_C_03
OUT_12863,DIST_C_03
OUT_12864,DIST_C_02
OUT_12865,DIST_C_01
OUT_12866,DIST_C_01
OUT_12867,DIST_C_01
OUT_12868,DIST_C_03
OUT_12869,DIST_C_02
OUT_12870,DIST_C_02
OUT_12871,DIST_C_01
OUT_12872,DIST_C_02
OUT_12873,DIST_C_02
OUT_12874,DIST_C_03
OUT_12875,DIST_C_01
OUT_12876,DIST_C_03
OUT_12877,DIST_C_01
OUT_12878,DIST_C_02
OUT_12879,DIST_C_03
OUT_12880,DIST_C_02
OUT_12881,DIST_C_02
OUT_12882,DIST_C_02
OUT_12883,DIST_C_03
OUT_12884,DIST_C_01
OUT_12885,DIST_C_02
OUT_12886,DIST_C_02
OUT_12887,DIST_C_03
OUT_12888,DIST_C_01
OUT_12889,DIST_C_03
OUT_12890,DIST_C_02
OUT_12891,DIST_C_01
OUT_12892,DIST_C_03
OUT_12893,DIST_C_03
OUT_12894,DIST_C_02
OUT_12895,DIST_C_02
OUT_12896,DIST_C_01
OUT_12897,DIST_C_01
OUT_12898,DIST_C_02
OUT_12899,DIST_C_02
OUT_12900,DIST_C_02
OUT_12901,DIST_C_03
OUT_12902,DIST_C_01
OUT_12903,DIST_C_02
OUT_12904,DIST_C_01
OUT_12905,DIST_C_01
OUT_12906,DIST_C_01
OUT_12907,DIST_C_03
OUT_12908,DIST_C_01
OUT_12909,DIST_C_02
OUT_12910,DIST_C_03
OUT_12911,DIST_C_03
OUT_12912,DIST_C_01
OUT_12913,DIST_C_03
OUT_12914,DIST_C_01
OUT_12915,DIST_C_03
OUT_12916,DIST_C_03
OUT_12917,DIST_C_03
OUT_12918,DIST_C_03
OUT_12919,DIST_C_02
OUT_12920,DIST_C_01
OUT_12921,DIST_C_02
OUT_12922,DIST_C_02
OUT_12923,DIST_C_02
OUT_12924,DIST_C_03
OUT_12925,DIST_C_01
OUT_12926,DIST_C_02
OUT_12927,DIST_C_03
OUT_12928,DIST_C_03
OUT_12929,DIST_C_03
OUT_12930,DIST_C_02
OUT_12931,DIST_C_01
OUT_12932,DIST_C_03
OUT_12933,DIST_C_01
OUT_12934,DIST_C_02
OUT_12935,DIST_C_01
OUT_12936,DIST_C_02
OUT_12937,DIST_C_02
OUT_12938,DIST_C_02
OUT_12939,DIST_C_01
OUT_12940,DIST_C_01
OUT_12941,DIST_C_03
OUT_12942,DIST_C_03
OUT_12943,DIST_C_02
OUT_12944,DIST_C_03
OUT_12945,DIST_C_03
OUT_12946,DIST_C_01
OUT_12947,DIST_C_01
OUT_12948,DIST_C_02
OUT_12949,DIST_C_03
OUT_12950,DIST_C_02
OUT_12951,DIST_C_01
OUT_12952,DIST_C_02
OUT_12953,DIST_C_03
OUT_12954,DIST_C_01
OUT_12955,DIST_C_02
OUT_12956,DIST_C_02
OUT_12957,DIST_C_03
OUT_12958,DIST_C_01
OUT_12959,DIST_C_02
OUT_12960,DIST_C_03
OUT_12961,DIST_C_01
OUT_12962,DIST_C_03
OUT_12963,DIST_C_02
OUT_12964,DIST_C_02
OUT_12965,DIST_C_03
OUT_12966,DIST_C_03
OUT_12967,DIST_C_02
OUT_12968,DIST_C_03
OUT_12969,DIST_C_02
OUT_12970,DIST_C_03
OUT_12971,DIST_C_02
OUT_12972,DIST_C_03
OUT_12973,DIST_C_03
OUT_12974,DIST_C_01
OUT_12975,DIST_C_01
OUT_12976,DIST_C_02
OUT_12977,DIST_C_02
OUT_12978,DIST_C_01
OUT_12979,DIST_C_01
OUT_12980,DIST_C_01
OUT_12981,DIST_C_03
OUT_12982,DIST_C_03
OUT_12983,DIST_C_02
OUT_12984,DIST_C_01
OUT_12985,DIST_C_01
OUT_12986,DIST_C_01
OUT_12987,DIST_C_02
OUT_12988,DIST_C_01
OUT_12989,DIST_C_02
OUT_12990,DIST_C_02
OUT_12991,DIST_C_01
OUT_12992,DIST_C_01
OUT_12993,DIST_C_03
OUT_12994,DIST_C_01
OUT_12995,DIST_C_03
OUT_12996,DIST_C_01
OUT_12997,DIST_C_02
OUT_12998,DIST_C_01
OUT_12999,DIST_C_03
OUT_13000,DIST_C_03
OUT_13001,DIST_NW_02
OUT_13002,DIST_NW_02
OUT_13003,DIST_NW_02
OUT_13004,DIST_NW_01
OUT_13005,DIST_NW_02
OUT_13006,DIST_NW_02
OUT_13007,DIST_NW_01
OUT_13008,DIST_NW_02
OUT_13009,DIST_NW_02
OUT_13010,DIST_NW_01
OUT_13011,DIST_NW_01
OUT_13012,DIST_NW_02
OUT_13013,DIST_NW_01
OUT_13014,DIST_NW_02
OUT_13015,DIST_NW_02
OUT_13016,DIST_NW_02
OUT_13017,DIST_NW_01
OUT_13018,DIST_NW_01
OUT_13019,DIST_NW_01
OUT_13020,DIST_NW_02
OUT_13021,DIST_NW_02
OUT_13022,DIST_NW_02
OUT_13023,DIST_NW_02
OUT_13024,DIST_NW_02
OUT_13025,DIST_NW_01
OUT_13026,DIST_NW_02
OUT_13027,DIST_NW_02
OUT_13028,DIST_NW_02
OUT_13029,DIST_NW_01
OUT_13030,DIST_NW_01
OUT_13031,DIST_NW_01
OUT_13032,DIST_NW_02
OUT_13033,DIST_NW_02
OUT_13034,DIST_NW_01
OUT_13035,DIST_NW_02
OUT_13036,DIST_NW_01
OUT_13037,DIST_NW_02
OUT_13038,DIST_NW_01
OUT_13039,DIST_NW_01
OUT_13040,DIST_NW_01
OUT_13041,DIST_NW_01
OUT_13042,DIST_NW_02
OUT_13043,DIST_NW_02
OUT_13044,DIST_NW_01
OUT_13045,DIST_NW_01
OUT_13046,DIST_NW_02
OUT_13047,DIST_NW_01
OUT_13048,DIST_NW_01
OUT_13049,DIST_NW_01
OUT_13050,DIST_NW_01
OUT_13051,DIST_NW_01
OUT_13052,DIST_NW_01
OUT_13053,DIST_NW_02
OUT_13054,DIST_NW_01
OUT_13055,DIST_NW_02
OUT_13056,DIST_NW_01
OUT_13057,DIST_NW_01
OUT_13058,DIST_NW_01
OUT_13059,DIST_NW_01
OUT_13060,DIST_NW_01
OUT_13061,DIST_NW_02
OUT_13062,DIST_NW_01
OUT_13063,DIST_NW_02
OUT_13064,DIST_NW_01
OUT_13065,DIST_NW_01
OUT_13066,DIST_NW_01
OUT_13067,DIST_NW_01
OUT_13068,DIST_NW_02
OUT_13069,DIST_NW_01
OUT_13070,DIST_NW_02
OUT_13071,DIST_NW_02
OUT_13072,DIST_NW_02
OUT_13073,DIST_NW_01
OUT_13074,DIST_NW_01
OUT_13075,DIST_NW_02
OUT_13076,DIST_NW_01
OUT_13077,DIST_NW_01
OUT_13078,DIST_NW_01
OUT_13079,DIST_NW_02
OUT_13080,DIST_NW_01
OUT_13081,DIST_NW_02
OUT_13082,DIST_NW_02
OUT_13083,DIST_NW_01
OUT_13084,DIST_NW_02
OUT_13085,DIST_NW_02
OUT_13086,DIST_NW_01
OUT_13087,DIST_NW_01
OUT_13088,DIST_NW_02
OUT_13089,DIST_NW_01
OUT_13090,DIST_NW_02
OUT_13091,DIST_NW_02
OUT_13092,DIST_NW_01
OUT_13093,DIST_NW_01
OUT_13094,DIST_NW_01
OUT_13095,DIST_NW_02
OUT_13096,DIST_NW_01
OUT_13097,DIST_NW_01
OUT_13098,DIST_NW_02
OUT_13099,DIST_NW_01
OUT_13100,DIST_NW_02
OUT_13101,DIST_NW_02
OUT_13102,DIST_NW_02
OUT_13103,DIST_NW_02
OUT_13104,DIST_NW_01
OUT_13105,DIST_NW_02
OUT_13106,DIST_NW_01
OUT_13107,DIST_NW_01
OUT_13108,DIST_NW_02
OUT_13109,DIST_NW_01
OUT_13110,DIST_NW_01
OUT_13111,DIST_NW_01
OUT_13112,DIST_NW_01
OUT_13113,DIST_NW_02
OUT_13114,DIST_NW_02
OUT_13115,DIST_NW_02
OUT_13116,DIST_NW_02
OUT_13117,DIST_NW_01
OUT_13118,DIST_NW_01
OUT_13119,DIST_NW_02
OUT_13120,DIST_NW_02
OUT_13121,DIST_NW_01
OUT_13122,DIST_NW_01
OUT_13123,DIST_NW_01
OUT_13124,DIST_NW_01
OUT_13125,DIST_NW_01
OUT_13126,DIST_NW_02
OUT_13127,DIST_NW_01
OUT_13128,DIST_NW_01
OUT_13129,DIST_NW_02
OUT_13130,DIST_NW_02
OUT_13131,DIST_NW_01
OUT_13132,DIST_NW_01
OUT_13133,DIST_NW_01
OUT_13134,DIST_NW_01
OUT_13135,DIST_NW_01
OUT_13136,DIST_NW_02
OUT_13137,DIST_NW_02
OUT_13138,DIST_NW_02
OUT_13139,DIST_NW_01
OUT_13140,DIST_NW_01
OUT_13141,DIST_NW_01
OUT_13142,DIST_NW_02
OUT_13143,DIST_NW_01
OUT_13144,DIST_NW_02
OUT_13145,DIST_NW_01
OUT_13146,DIST_NW_01
OUT_13147,DIST_NW_02
OUT_13148,DIST_NW_01
OUT_13149,DIST_NW_01
OUT_13150,DIST_NW_01
OUT_13151,DIST_NW_01
OUT_13152,DIST_NW_02
OUT_13153,DIST_NW_01
OUT_13154,DIST_NW_02
OUT_13155,DIST_NW_01
OUT_13156,DIST_NW_01
OUT_13157,DIST_NW_02
OUT_13158,DIST_NW_01
OUT_13159,DIST_NW_02
OUT_13160,DIST_NW_02
OUT_13161,DIST_NW_01
OUT_13162,DIST_NW_01
OUT_13163,DIST_NW_02
OUT_13164,DIST_NW_02
OUT_13165,DIST_NW_02
OUT_13166,DIST_NW_02
OUT_13167,DIST_NW_01
OUT_13168,DIST_NW_01
OUT_13169,DIST_NW_02
OUT_13170,DIST_NW_01
OUT_13171,DIST_NW_01
OUT_13172,DIST_NW_01
OUT_13173,DIST_NW_02
OUT_13174,DIST_NW_02
OUT_13175,DIST_NW_02
OUT_13176,DIST_NW_02
OUT_13177,DIST_NW_02
OUT_13178,DIST_NW_02
OUT_13179,DIST_NW_01
OUT_13180,DIST_NW_02
OUT_13181,DIST_NW_02
OUT_13182,DIST_NW_02
OUT_13183,DIST_NW_01
OUT_13184,DIST_NW_02
OUT_13185,DIST_NW_02
OUT_13186,DIST_NW_02
OUT_13187,DIST_NW_01
OUT_13188,DIST_NW_02
OUT_13189,DIST_NW_01
OUT_13190,DIST_NW_02
OUT_13191,DIST_NW_01
OUT_13192,DIST_NW_01
OUT_13193,DIST_NW_02
OUT_13194,DIST_NW_01
OUT_13195,DIST_NW_02
OUT_13196,DIST_NW_01
OUT_13197,DIST_NW_02
OUT_13198,DIST_NW_01
OUT_13199,DIST_NW_02
OUT_13200,DIST_NW_01
OUT_13201,DIST_NW_01
OUT_13202,DIST_NW_01
OUT_13203,DIST_NW_01
OUT_13204,DIST_NW_01
OUT_13205,DIST_NW_01
OUT_13206,DIST_NW_01
OUT_13207,DIST_NW_02
OUT_13208,DIST_NW_02
OUT_13209,DIST_NW_01
OUT_13210,DIST_NW_01
OUT_13211,DIST_NW_02
OUT_13212,DIST_NW_02
OUT_13213,DIST_NW_02
OUT_13214,DIST_NW_02
OUT_13215,DIST_NW_02
OUT_13216,DIST_NW_01
OUT_13217,DIST_NW_02
OUT_13218,DIST_NW_01
OUT_13219,DIST_NW_01
OUT_13220,DIST_NW_01
OUT_13221,DIST_NW_02
OUT_13222,DIST_NW_02
OUT_13223,DIST_NW_02
OUT_13224,DIST_NW_02
OUT_13225,DIST_NW_02
OUT_13226,DIST_NW_02
OUT_13227,DIST_NW_02
OUT_13228,DIST_NW_02
OUT_13229,DIST_NW_02
OUT_13230,DIST_NW_01
OUT_13231,DIST_NW_02
OUT_13232,DIST_NW_01
OUT_13233,DIST_NW_02
OUT_13234,DIST_NW_01
OUT_13235,DIST_NW_02
OUT_13236,DIST_NW_01
OUT_13237,DIST_NW_01
OUT_13238,DIST_NW_01
OUT_13239,DIST_NW_01
OUT_13240,DIST_NW_01
OUT_13241,DIST_NW_01
OUT_13242,DIST_NW_02
OUT_13243,DIST_NW_01
OUT_13244,DIST_NW_02
OUT_13245,DIST_NW_02
OUT_13246,DIST_NW_02
OUT_13247,DIST_NW_02
OUT_13248,DIST_NW_01
OUT_13249,DIST_NW_01
OUT_13250,DIST_NW_02
OUT_13251,DIST_NW_01
OUT_13252,DIST_NW_01
OUT_13253,DIST_NW_02
OUT_13254,DIST_NW_01
OUT_13255,DIST_NW_01
OUT_13256,DIST_NW_02
OUT_13257,DIST_NW_01
OUT_13258,DIST_NW_01
OUT_13259,DIST_NW_01
OUT_13260,DIST_NW_02
OUT_13261,DIST_NW_02
OUT_13262,DIST_NW_01
OUT_13263,DIST_NW_02
OUT_13264,DIST_NW_02
OUT_13265,DIST_NW_01
OUT_13266,DIST_NW_01
OUT_13267,DIST_NW_02
OUT_13268,DIST_NW_02
OUT_13269,DIST_NW_01
OUT_13270,DIST_NW_02
OUT_13271,DIST_NW_02
OUT_13272,DIST_NW_02
OUT_13273,DIST_NW_02
OUT_13274,DIST_NW_02
OUT_13275,DIST_NW_01
OUT_13276,DIST_NW_02
OUT_13277,DIST_NW_02
OUT_13278,DIST_NW_01
OUT_13279,DIST_NW_02
OUT_13280,DIST_NW_01
OUT_13281,DIST_NW_01
OUT_13282,DIST_NW_02
OUT_13283,DIST_NW_01
OUT_13284,DIST_NW_01
OUT_13285,DIST_NW_01
OUT_13286,DIST_NW_02
OUT_13287,DIST_NW_01
OUT_13288,DIST_NW_02
OUT_13289,DIST_NW_01
OUT_13290,DIST_NW_02
OUT_13291,DIST_NW_02
OUT_13292,DIST_NW_01
OUT_13293,DIST_NW_02
OUT_13294,DIST_NW_02
OUT_13295,DIST_NW_02
OUT_13296,DIST_NW_02
OUT_13297,DIST_NW_01
OUT_13298,DIST_NW_02
OUT_13299,DIST_NW_02
OUT_13300,DIST_NW_01
OUT_13301,DIST_NW_02
OUT_13302,DIST_NW_01
OUT_13303,DIST_NW_02
OUT_13304,DIST_NW_01
OUT_13305,DIST_NW_02
OUT_13306,DIST_NW_02
OUT_13307,DIST_NW_02
OUT_13308,DIST_NW_01
OUT_13309,DIST_NW_02
OUT_13310,DIST_NW_01
OUT_13311,DIST_NW_01
OUT_13312,DIST_NW_01
OUT_13313,DIST_NW_01
OUT_13314,DIST_NW_01
OUT_13315,DIST_NW_01
OUT_13316,DIST_NW_02
OUT_13317,DIST_NW_01
OUT_13318,DIST_NW_01
OUT_13319,DIST_NW_01
OUT_13320,DIST_NW_02
OUT_13321,DIST_NW_01
OUT_13322,DIST_NW_01
OUT_13323,DIST_NW_01
OUT_13324,DIST_NW_02
OUT_13325,DIST_NW_01
OUT_13326,DIST_NW_01
OUT_13327,DIST_NW_01
OUT_13328,DIST_NW_02
OUT_13329,DIST_NW_02
OUT_13330,DIST_NW_02
OUT_13331,DIST_NW_02
OUT_13332,DIST_NW_02
OUT_13333,DIST_NW_02
OUT_13334,DIST_NW_02
OUT_13335,DIST_NW_02
OUT_13336,DIST_NW_01
OUT_13337,DIST_NW_02
OUT_13338,DIST_NW_01
OUT_13339,DIST_NW_01
OUT_13340,DIST_NW_01
OUT_13341,DIST_NW_02
OUT_13342,DIST_NW_02
OUT_13343,DIST_NW_02
OUT_13344,DIST_NW_01
OUT_13345,DIST_NW_01
OUT_13346,DIST_NW_01
OUT_13347,DIST_NW_02
OUT_13348,DIST_NW_01
OUT_13349,DIST_NW_01
OUT_13350,DIST_NW_01
OUT_13351,DIST_NW_02
OUT_13352,DIST_NW_01
OUT_13353,DIST_NW_02
OUT_13354,DIST_NW_01
OUT_13355,DIST_NW_02
OUT_13356,DIST_NW_02
OUT_13357,DIST_NW_01
OUT_13358,DIST_NW_01
OUT_13359,DIST_NW_02
OUT_13360,DIST_NW_01
OUT_13361,DIST_NW_02
OUT_13362,DIST_NW_02
OUT_13363,DIST_NW_01
OUT_13364,DIST_NW_02
OUT_13365,DIST_NW_01
OUT_13366,DIST_NW_02
OUT_13367,DIST_NW_01
OUT_13368,DIST_NW_02
OUT_13369,DIST_NW_02
OUT_13370,DIST_NW_02
OUT_13371,DIST_NW_01
OUT_13372,DIST_NW_02
OUT_13373,DIST_NW_01
OUT_13374,DIST_NW_02
OUT_13375,DIST_NW_02
OUT_13376,DIST_NW_01
OUT_13377,DIST_NW_01
OUT_13378,DIST_NW_02
OUT_13379,DIST_NW_01
OUT_13380,DIST_NW_02
OUT_13381,DIST_NW_02
OUT_13382,DIST_NW_02
OUT_13383,DIST_NW_01
OUT_13384,DIST_NW_02
OUT_13385,DIST_NW_01
OUT_13386,DIST_NW_01
OUT_13387,DIST_NW_01
OUT_13388,DIST_NW_02
OUT_13389,DIST_NW_02
OUT_13390,DIST_NW_01
OUT_13391,DIST_NW_02
OUT_13392,DIST_NW_02
OUT_13393,DIST_NW_01
OUT_13394,DIST_NW_01
OUT_13395,DIST_NW_02
OUT_13396,DIST_NW_01
OUT_13397,DIST_NW_01
OUT_13398,DIST_NW_02
OUT_13399,DIST_NW_02
OUT_13400,DIST_NW_01
OUT_13401,DIST_NW_02
OUT_13402,DIST_NW_02
OUT_13403,DIST_NW_02
OUT_13404,DIST_NW_01
OUT_13405,DIST_NW_02
OUT_13406,DIST_NW_01
OUT_13407,DIST_NW_01
OUT_13408,DIST_NW_02
OUT_13409,DIST_NW_02
OUT_13410,DIST_NW_02
OUT_13411,DIST_NW_01
OUT_13412,DIST_NW_01
OUT_13413,DIST_NW_01
OUT_13414,DIST_NW_01
OUT_13415,DIST_NW_01
OUT_13416,DIST_NW_01
OUT_13417,DIST_NW_02
OUT_13418,DIST_NW_01
OUT_13419,DIST_NW_02
OUT_13420,DIST_NW_02
OUT_13421,DIST_NW_02
OUT_13422,DIST_NW_02
OUT_13423,DIST_NW_01
OUT_13424,DIST_NW_01
OUT_13425,DIST_NW_01
OUT_13426,DIST_NW_02
OUT_13427,DIST_NW_01
OUT_13428,DIST_NW_01
OUT_13429,DIST_NW_02
OUT_13430,DIST_NW_02
OUT_13431,DIST_NW_02
OUT_13432,DIST_NW_02
OUT_13433,DIST_NW_01
OUT_13434,DIST_NW_01
OUT_13435,DIST_NW_01
OUT_13436,DIST_NW_01
OUT_13437,DIST_NW_02
OUT_13438,DIST_NW_02
OUT_13439,DIST_NW_01
OUT_13440,DIST_NW_02
OUT_13441,DIST_NW_01
OUT_13442,DIST_NW_01
OUT_13443,DIST_NW_02
OUT_13444,DIST_NW_02
OUT_13445,DIST_NW_02
OUT_13446,DIST_NW_02
OUT_13447,DIST_NW_01
OUT_13448,DIST_NW_01
OUT_13449,DIST_NW_02
OUT_13450,DIST_NW_02
OUT_13451,DIST_NW_01
OUT_13452,DIST_NW_01
OUT_13453,DIST_NW_01
OUT_13454,DIST_NW_02
OUT_13455,DIST_NW_01
OUT_13456,DIST_NW_01
OUT_13457,DIST_NW_02
OUT_13458,DIST_NW_01
OUT_13459,DIST_NW_02
OUT_13460,DIST_NW_02
OUT_13461,DIST_NW_01
OUT_13462,DIST_NW_01
OUT_13463,DIST_NW_01
OUT_13464,DIST_NW_02
OUT_13465,DIST_NW_01
OUT_13466,DIST_NW_02
OUT_13467,DIST_NW_01
OUT_13468,DIST_NW_02
OUT_13469,DIST_NW_01
OUT_13470,DIST_NW_02
OUT_13471,DIST_NW_01
OUT_13472,DIST_NW_01
OUT_13473,DIST_NW_01
OUT_13474,DIST_NW_01
OUT_13475,DIST_NW_01
OUT_13476,DIST_NW_01
OUT_13477,DIST_NW_01
OUT_13478,DIST_NW_01
OUT_13479,DIST_NW_02
OUT_13480,DIST_NW_02
OUT_13481,DIST_NW_01
OUT_13482,DIST_NW_01
OUT_13483,DIST_NW_02
OUT_13484,DIST_NW_01
OUT_13485,DIST_NW_02
OUT_13486,DIST_NW_01
OUT_13487,DIST_NW_02
OUT_13488,DIST_NW_02
OUT_13489,DIST_NW_02
OUT_13490,DIST_NW_02
OUT_13491,DIST_NW_01
OUT_13492,DIST_NW_01
OUT_13493,DIST_NW_02
OUT_13494,DIST_NW_01
OUT_13495,DIST_NW_02
OUT_13496,DIST_NW_02
OUT_13497,DIST_NW_01
OUT_13498,DIST_NW_01
OUT_13499,DIST_NW_01
OUT_13500,DIST_NW_01
OUT_13501,DIST_NW_01
OUT_13502,DIST_NW_01
OUT_13503,DIST_NW_01
OUT_13504,DIST_NW_01
OUT_13505,DIST_NW_02
OUT_13506,DIST_NW_01
OUT_13507,DIST_NW_02
OUT_13508,DIST_NW_02
OUT_13509,DIST_NW_01
OUT_13510,DIST_NW_01
OUT_13511,DIST_NW_01
OUT_13512,DIST_NW_02
OUT_13513,DIST_NW_02
OUT_13514,DIST_NW_01
OUT_13515,DIST_NW_02
OUT_13516,DIST_NW_01
OUT_13517,DIST_NW_01
OUT_13518,DIST_NW_01
OUT_13519,DIST_NW_01
OUT_13520,DIST_NW_01
OUT_13521,DIST_NW_02
OUT_13522,DIST_NW_02
OUT_13523,DIST_NW_02
OUT_13524,DIST_NW_02
OUT_13525,DIST_NW_01
OUT_13526,DIST_NW_01
OUT_13527,DIST_NW_02
OUT_13528,DIST_NW_02
OUT_13529,DIST_NW_02
OUT_13530,DIST_NW_02
OUT_13531,DIST_NW_02
OUT_13532,DIST_NW_02
OUT_13533,DIST_NW_01
OUT_13534,DIST_NW_01
OUT_13535,DIST_NW_01
OUT_13536,DIST_NW_02
OUT_13537,DIST_NW_01
OUT_13538,DIST_NW_01
OUT_13539,DIST_NW_01
OUT_13540,DIST_NW_01
OUT_13541,DIST_NW_02
OUT_13542,DIST_NW_01
OUT_13543,DIST_NW_01
OUT_13544,DIST_NW_02
OUT_13545,DIST_NW_01
OUT_13546,DIST_NW_01
OUT_13547,DIST_NW_02
OUT_13548,DIST_NW_02
OUT_13549,DIST_NW_01
OUT_13550,DIST_NW_02
OUT_13551,DIST_NW_01
OUT_13552,DIST_NW_01
OUT_13553,DIST_NW_01
OUT_13554,DIST_NW_02
OUT_13555,DIST_NW_02
OUT_13556,DIST_NW_01
OUT_13557,DIST_NW_02
OUT_13558,DIST_NW_02
OUT_13559,DIST_NW_01
OUT_13560,DIST_NW_02
OUT_13561,DIST_NW_02
OUT_13562,DIST_NW_02
OUT_13563,DIST_NW_02
OUT_13564,DIST_NW_01
OUT_13565,DIST_NW_02
OUT_13566,DIST_NW_01
OUT_13567,DIST_NW_02
OUT_13568,DIST_NW_01
OUT_13569,DIST_NW_02
OUT_13570,DIST_NW_01
OUT_13571,DIST_NW_02
OUT_13572,DIST_NW_01
OUT_13573,DIST_NW_01
OUT_13574,DIST_NW_02
OUT_13575,DIST_NW_01
OUT_13576,DIST_NW_02
OUT_13577,DIST_NW_01
OUT_13578,DIST_NW_01
OUT_13579,DIST_NW_01
OUT_13580,DIST_NW_02
OUT_13581,DIST_NW_01
OUT_13582,DIST_NW_02
OUT_13583,DIST_NW_01
OUT_13584,DIST_NW_01
OUT_13585,DIST_NW_02
OUT_13586,DIST_NW_02
OUT_13587,DIST_NW_02
OUT_13588,DIST_NW_01
OUT_13589,DIST_NW_01
OUT_13590,DIST_NW_02
OUT_13591,DIST_NW_01
OUT_13592,DIST_NW_01
OUT_13593,DIST_NW_02
OUT_13594,DIST_NW_02
OUT_13595,DIST_NW_01
OUT_13596,DIST_NW_02
OUT_13597,DIST_NW_02
OUT_13598,DIST_NW_01
OUT_13599,DIST_NW_02
OUT_13600,DIST_NW_01
OUT_13601,DIST_NW_01
OUT_13602,DIST_NW_02
OUT_13603,DIST_NW_01
OUT_13604,DIST_NW_01
OUT_13605,DIST_NW_02
OUT_13606,DIST_NW_01
OUT_13607,DIST_NW_01
OUT_13608,DIST_NW_01
OUT_13609,DIST_NW_02
OUT_13610,DIST_NW_02
OUT_13611,DIST_NW_02
OUT_13612,DIST_NW_02
OUT_13613,DIST_NW_01
OUT_13614,DIST_NW_01
OUT_13615,DIST_NW_01
OUT_13616,DIST_NW_01
OUT_13617,DIST_NW_02
OUT_13618,DIST_NW_01
OUT_13619,DIST_NW_02
OUT_13620,DIST_NW_01
OUT_13621,DIST_NW_02
OUT_13622,DIST_NW_01
OUT_13623,DIST_NW_01
OUT_13624,DIST_NW_02
OUT_13625,DIST_NW_01
OUT_13626,DIST_NW_02
OUT_13627,DIST_NW_02
OUT_13628,DIST_NW_01
OUT_13629,DIST_NW_01
OUT_13630,DIST_NW_01
OUT_13631,DIST_NW_02
OUT_13632,DIST_NW_01
OUT_13633,DIST_NW_01
OUT_13634,DIST_NW_02
OUT_13635,DIST_NW_02
OUT_13636,DIST_NW_02
OUT_13637,DIST_NW_02
OUT_13638,DIST_NW_02
OUT_13639,DIST_NW_02
OUT_13640,DIST_NW_01
OUT_13641,DIST_NW_02
OUT_13642,DIST_NW_02
OUT_13643,DIST_NW_01
OUT_13644,DIST_NW_02
OUT_13645,DIST_NW_02
OUT_13646,DIST_NW_02
OUT_13647,DIST_NW_01
OUT_13648,DIST_NW_01
OUT_13649,DIST_NW_01
OUT_13650,DIST_NW_01
OUT_13651,DIST_NW_02
OUT_13652,DIST_NW_02
OUT_13653,DIST_NW_01
OUT_13654,DIST_NW_01
OUT_13655,DIST_NW_01
OUT_13656,DIST_NW_02
OUT_13657,DIST_NW_02
OUT_13658,DIST_NW_02
OUT_13659,DIST_NW_02
OUT_13660,DIST_NW_01
OUT_13661,DIST_NW_02
OUT_13662,DIST_NW_01
OUT_13663,DIST_NW_01
OUT_13664,DIST_NW_02
OUT_13665,DIST_NW_01
OUT_13666,DIST_NW_01
OUT_13667,DIST_NW_02
OUT_13668,DIST_NW_02
OUT_13669,DIST_NW_02
OUT_13670,DIST_NW_02
OUT_13671,DIST_NW_02
OUT_13672,DIST_NW_02
OUT_13673,DIST_NW_01
OUT_13674,DIST_NW_02
OUT_13675,DIST_NW_01
OUT_13676,DIST_NW_02
OUT_13677,DIST_NW_02
OUT_13678,DIST_NW_01
OUT_13679,DIST_NW_01
OUT_13680,DIST_NW_02
OUT_13681,DIST_NW_02
OUT_13682,DIST_NW_01
OUT_13683,DIST_NW_01
OUT_13684,DIST_NW_01
OUT_13685,DIST_NW_01
OUT_13686,DIST_NW_01
OUT_13687,DIST_NW_02
OUT_13688,DIST_NW_02
OUT_13689,DIST_NW_01
OUT_13690,DIST_NW_02
OUT_13691,DIST_NW_02
OUT_13692,DIST_NW_01
OUT_13693,DIST_NW_01
OUT_13694,DIST_NW_01
OUT_13695,DIST_NW_01
OUT_13696,DIST_NW_01
OUT_13697,DIST_NW_01
OUT_13698,DIST_NW_02
OUT_13699,DIST_NW_02
OUT_13700,DIST_NW_02
OUT_13701,DIST_NW_02
OUT_13702,DIST_NW_01
OUT_13703,DIST_NW_01
OUT_13704,DIST_NW_01
OUT_13705,DIST_NW_02
OUT_13706,DIST_NW_01
OUT_13707,DIST_NW_02
OUT_13708,DIST_NW_02
OUT_13709,DIST_NW_01
OUT_13710,DIST_NW_02
OUT_13711,DIST_NW_01
OUT_13712,DIST_NW_02
OUT_13713,DIST_NW_02
OUT_13714,DIST_NW_01
OUT_13715,DIST_NW_01
OUT_13716,DIST_NW_01
OUT_13717,DIST_NW_02
OUT_13718,DIST_NW_01
OUT_13719,DIST_NW_02
OUT_13720,DIST_NW_01
OUT_13721,DIST_NW_02
OUT_13722,DIST_NW_02
OUT_13723,DIST_NW_02
OUT_13724,DIST_NW_01
OUT_13725,DIST_NW_02
OUT_13726,DIST_NW_02
OUT_13727,DIST_NW_02
OUT_13728,DIST_NW_02
OUT_13729,DIST_NW_02
OUT_13730,DIST_NW_02
OUT_13731,DIST_NW_01
OUT_13732,DIST_NW_02
OUT_13733,DIST_NW_02
OUT_13734,DIST_NW_02
OUT_13735,DIST_NW_02
OUT_13736,DIST_NW_01
OUT_13737,DIST_NW_01
OUT_13738,DIST_NW_02
OUT_13739,DIST_NW_01
OUT_13740,DIST_NW_02
OUT_13741,DIST_NW_02
OUT_13742,DIST_NW_01
OUT_13743,DIST_NW_02
OUT_13744,DIST_NW_01
OUT_13745,DIST_NW_01
OUT_13746,DIST_NW_02
OUT_13747,DIST_NW_02
OUT_13748,DIST_NW_01
OUT_13749,DIST_NW_01
OUT_13750,DIST_NW_02
OUT_13751,DIST_NW_01
OUT_13752,DIST_NW_01
OUT_13753,DIST_NW_02
OUT_13754,DIST_NW_02
OUT_13755,DIST_NW_01
OUT_13756,DIST_NW_02
OUT_13757,DIST_NW_01
OUT_13758,DIST_NW_02
OUT_13759,DIST_NW_02
OUT_13760,DIST_NW_01
OUT_13761,DIST_NW_01
OUT_13762,DIST_NW_02
OUT_13763,DIST_NW_02
OUT_13764,DIST_NW_02
OUT_13765,DIST_NW_01
OUT_13766,DIST_NW_02
OUT_13767,DIST_NW_02
OUT_13768,DIST_NW_02
OUT_13769,DIST_NW_01
OUT_13770,DIST_NW_02
OUT_13771,DIST_NW_02
OUT_13772,DIST_NW_02
OUT_13773,DIST_NW_02
OUT_13774,DIST_NW_02
OUT_13775,DIST_NW_01
OUT_13776,DIST_NW_01
OUT_13777,DIST_NW_02
OUT_13778,DIST_NW_01
OUT_13779,DIST_NW_02
OUT_13780,DIST_NW_01
OUT_13781,DIST_NW_02
OUT_13782,DIST_NW_01
OUT_13783,DIST_NW_02
OUT_13784,DIST_NW_02
OUT_13785,DIST_NW_01
OUT_13786,DIST_NW_02
OUT_13787,DIST_NW_02
OUT_13788,DIST_NW_02
OUT_13789,DIST_NW_02
OUT_13790,DIST_NW_02
OUT_13791,DIST_NW_02
OUT_13792,DIST_NW_02
OUT_13793,DIST_NW_02
OUT_13794,DIST_NW_01
OUT_13795,DIST_NW_02
OUT_13796,DIST_NW_01
OUT_13797,DIST_NW_02
OUT_13798,DIST_NW_02
OUT_13799,DIST_NW_02
OUT_13800,DIST_NW_01
OUT_13801,DIST_NW_02
OUT_13802,DIST_NW_01
OUT_13803,DIST_NW_01
OUT_13804,DIST_NW_01
OUT_13805,DIST_NW_02
OUT_13806,DIST_NW_02
OUT_13807,DIST_NW_02
OUT_13808,DIST_NW_01
OUT_13809,DIST_NW_02
OUT_13810,DIST_NW_01
OUT_13811,DIST_NW_01
OUT_13812,DIST_NW_02
OUT_13813,DIST_NW_01
OUT_13814,DIST_NW_01
OUT_13815,DIST_NW_02
OUT_13816,DIST_NW_01
OUT_13817,DIST_NW_02
OUT_13818,DIST_NW_02
OUT_13819,DIST_NW_02
OUT_13820,DIST_NW_02
OUT_13821,DIST_NW_01
OUT_13822,DIST_NW_02
OUT_13823,DIST_NW_02
OUT_13824,DIST_NW_02
OUT_13825,DIST_NW_02
OUT_13826,DIST_NW_02
OUT_13827,DIST_NW_02
OUT_13828,DIST_NW_01
OUT_13829,DIST_NW_01
OUT_13830,DIST_NW_02
OUT_13831,DIST_NW_01
OUT_13832,DIST_NW_02
OUT_13833,DIST_NW_02
OUT_13834,DIST_NW_02
OUT_13835,DIST_NW_02
OUT_13836,DIST_NW_02
OUT_13837,DIST_NW_01
OUT_13838,DIST_NW_02
OUT_13839,DIST_NW_02
OUT_13840,DIST_NW_02
OUT_13841,DIST_NW_01
OUT_13842,DIST_NW_02
OUT_13843,DIST_NW_02
OUT_13844,DIST_NW_02
OUT_13845,DIST_NW_01
OUT_13846,DIST_NW_02
OUT_13847,DIST_NW_01
OUT_13848,DIST_NW_02
OUT_13849,DIST_NW_02
OUT_13850,DIST_NW_01
OUT_13851,DIST_NW_01
OUT_13852,DIST_NW_01
OUT_13853,DIST_NW_01
OUT_13854,DIST_NW_01
OUT_13855,DIST_NW_02
OUT_13856,DIST_NW_02
OUT_13857,DIST_NW_02
OUT_13858,DIST_NW_01
OUT_13859,DIST_NW_01
OUT_13860,DIST_NW_01
OUT_13861,DIST_NW_01
OUT_13862,DIST_NW_01
OUT_13863,DIST_NW_02
OUT_13864,DIST_NW_01
OUT_13865,DIST_NW_02
OUT_13866,DIST_NW_01
OUT_13867,DIST_NW_01
OUT_13868,DIST_NW_01
OUT_13869,DIST_NW_02
OUT_13870,DIST_NW_01
OUT_13871,DIST_NW_02
OUT_13872,DIST_NW_01
OUT_13873,DIST_NW_01
OUT_13874,DIST_NW_01
OUT_13875,DIST_NW_01
OUT_13876,DIST_NW_01
OUT_13877,DIST_NW_02
OUT_13878,DIST_NW_01
OUT_13879,DIST_NW_01
OUT_13880,DIST_NW_02
OUT_13881,DIST_NW_02
OUT_13882,DIST_NW_01
OUT_13883,DIST_NW_01
OUT_13884,DIST_NW_02
OUT_13885,DIST_NW_02
OUT_13886,DIST_NW_01
OUT_13887,DIST_NW_02
OUT_13888,DIST_NW_02
OUT_13889,DIST_NW_02
OUT_13890,DIST_NW_01
OUT_13891,DIST_NW_02
OUT_13892,DIST_NW_02
OUT_13893,DIST_NW_01
OUT_13894,DIST_NW_02
OUT_13895,DIST_NW_02
OUT_13896,DIST_NW_02
OUT_13897,DIST_NW_02
OUT_13898,DIST_NW_02
OUT_13899,DIST_NW_02
OUT_13900,DIST_NW_02
OUT_13901,DIST_NW_01
OUT_13902,DIST_NW_02
OUT_13903,DIST_NW_01
OUT_13904,DIST_NW_01
OUT_13905,DIST_NW_01
OUT_13906,DIST_NW_02
OUT_13907,DIST_NW_01
OUT_13908,DIST_NW_01
OUT_13909,DIST_NW_01
OUT_13910,DIST_NW_01
OUT_13911,DIST_NW_02
OUT_13912,DIST_NW_02
OUT_13913,DIST_NW_01
OUT_13914,DIST_NW_02
OUT_13915,DIST_NW_01
OUT_13916,DIST_NW_02
OUT_13917,DIST_NW_01
OUT_13918,DIST_NW_02
OUT_13919,DIST_NW_01
OUT_13920,DIST_NW_02
OUT_13921,DIST_NW_01
OUT_13922,DIST_NW_02
OUT_13923,DIST_NW_02
OUT_13924,DIST_NW_02
OUT_13925,DIST_NW_02
OUT_13926,DIST_NW_01
OUT_13927,DIST_NW_02
OUT_13928,DIST_NW_01
OUT_13929,DIST_NW_02
OUT_13930,DIST_NW_02
OUT_13931,DIST_NW_01
OUT_13932,DIST_NW_02
OUT_13933,DIST_NW_01
OUT_13934,DIST_NW_02
OUT_13935,DIST_NW_02
OUT_13936,DIST_NW_02
OUT_13937,DIST_NW_01
OUT_13938,DIST_NW_01
OUT_13939,DIST_NW_01
OUT_13940,DIST_NW_02
OUT_13941,DIST_NW_01
OUT_13942,DIST_NW_01
OUT_13943,DIST_NW_02
OUT_13944,DIST_NW_01
OUT_13945,DIST_NW_01
OUT_13946,DIST_NW_02
OUT_13947,DIST_NW_02
OUT_13948,DIST_NW_01
OUT_13949,DIST_NW_02
OUT_13950,DIST_NW_01
OUT_13951,DIST_NW_01
OUT_13952,DIST_NW_02
OUT_13953,DIST_NW_02
OUT_13954,DIST_NW_02
OUT_13955,DIST_NW_01
OUT_13956,DIST_NW_01
OUT_13957,DIST_NW_01
OUT_13958,DIST_NW_02
OUT_13959,DIST_NW_02
OUT_13960,DIST_NW_02
OUT_13961,DIST_NW_02
OUT_13962,DIST_NW_01
OUT_13963,DIST_NW_01
OUT_13964,DIST_NW_02
OUT_13965,DIST_NW_02
OUT_13966,DIST_NW_01
OUT_13967,DIST_NW_02
OUT_13968,DIST_NW_02
OUT_13969,DIST_NW_02
OUT_13970,DIST_NW_01
OUT_13971,DIST_NW_02
OUT_13972,DIST_NW_02
OUT_13973,DIST_NW_02
OUT_13974,DIST_NW_02
OUT_13975,DIST_NW_02
OUT_13976,DIST_NW_02
OUT_13977,DIST_NW_02
OUT_13978,DIST_NW_02
OUT_13979,DIST_NW_02
OUT_13980,DIST_NW_02
OUT_13981,DIST_NW_01
OUT_13982,DIST_NW_02
OUT_13983,DIST_NW_01
OUT_13984,DIST_NW_02
OUT_13985,DIST_NW_01
OUT_13986,DIST_NW_01
OUT_13987,DIST_NW_01
OUT_13988,DIST_NW_02
OUT_13989,DIST_NW_01
OUT_13990,DIST_NW_01
OUT_13991,DIST_NW_02
OUT_13992,DIST_NW_01
OUT_13993,DIST_NW_02
OUT_13994,DIST_NW_01
OUT_13995,DIST_NW_02
OUT_13996,DIST_NW_02
OUT_13997,DIST_NW_02
OUT_13998,DIST_NW_01
OUT_13999,DIST_NW_02
OUT_14000,DIST_NW_02
OUT_14001,DIST_NW_02
OUT_14002,DIST_NW_01
OUT_14003,DIST_NW_01
OUT_14004,DIST_NW_02
OUT_14005,DIST_NW_02
OUT_14006,DIST_NW_01
OUT_14007,DIST_NW_02
OUT_14008,DIST_NW_01
OUT_14009,DIST_NW_02
OUT_14010,DIST_NW_01
OUT_14011,DIST_NW_02
OUT_14012,DIST_NW_02
OUT_14013,DIST_NW_02
OUT_14014,DIST_NW_02
OUT_14015,DIST_NW_02
OUT_14016,DIST_NW_01
OUT_14017,DIST_NW_01
OUT_14018,DIST_NW_01
OUT_14019,DIST_NW_01
OUT_14020,DIST_NW_01
OUT_14021,DIST_NW_01
OUT_14022,DIST_NW_02
OUT_14023,DIST_NW_01
OUT_14024,DIST_NW_01
OUT_14025,DIST_NW_02
OUT_14026,DIST_NW_02
OUT_14027,DIST_NW_01
OUT_14028,DIST_NW_01
OUT_14029,DIST_NW_02
OUT_14030,DIST_NW_02
OUT_14031,DIST_NW_02
OUT_14032,DIST_NW_02
OUT_14033,DIST_NW_01
OUT_14034,DIST_NW_01
OUT_14035,DIST_NW_02
OUT_14036,DIST_NW_02
OUT_14037,DIST_NW_01
OUT_14038,DIST_NW_01
OUT_14039,DIST_NW_02
OUT_14040,DIST_NW_02
OUT_14041,DIST_NW_01
OUT_14042,DIST_NW_02
OUT_14043,DIST_NW_01
OUT_14044,DIST_NW_02
OUT_14045,DIST_NW_01
OUT_14046,DIST_NW_01
OUT_14047,DIST_NW_01
OUT_14048,DIST_NW_02
OUT_14049,DIST_NW_01
OUT_14050,DIST_NW_02
OUT_14051,DIST_NW_02
OUT_14052,DIST_NW_02
OUT_14053,DIST_NW_01
OUT_14054,DIST_NW_02
OUT_14055,DIST_NW_02
OUT_14056,DIST_NW_02
OUT_14057,DIST_NW_01
OUT_14058,DIST_NW_01
OUT_14059,DIST_NW_02
OUT_14060,DIST_NW_01
OUT_14061,DIST_NW_02
OUT_14062,DIST_NW_01
OUT_14063,DIST_NW_01
OUT_14064,DIST_NW_01
OUT_14065,DIST_NW_01
OUT_14066,DIST_NW_01
OUT_14067,DIST_NW_01
OUT_14068,DIST_NW_02
OUT_14069,DIST_NW_02
OUT_14070,DIST_NW_02
OUT_14071,DIST_NW_02
OUT_14072,DIST_NW_01
OUT_14073,DIST_NW_02
OUT_14074,DIST_NW_02
OUT_14075,DIST_NW_01
OUT_14076,DIST_NW_01
OUT_14077,DIST_NW_02
OUT_14078,DIST_NW_02
OUT_14079,DIST_NW_01
OUT_14080,DIST_NW_02
OUT_14081,DIST_NW_02
OUT_14082,DIST_NW_02
OUT_14083,DIST_NW_01
OUT_14084,DIST_NW_02
OUT_14085,DIST_NW_01
OUT_14086,DIST_NW_01
OUT_14087,DIST_NW_01
OUT_14088,DIST_NW_02
OUT_14089,DIST_NW_02
OUT_14090,DIST_NW_02
OUT_14091,DIST_NW_01
OUT_14092,DIST_NW_01
OUT_14093,DIST_NW_02
OUT_14094,DIST_NW_02
OUT_14095,DIST_NW_02
OUT_14096,DIST_NW_02
OUT_14097,DIST_NW_01
OUT_14098,DIST_NW_01
OUT_14099,DIST_NW_02
OUT_14100,DIST_NW_01
OUT_14101,DIST_NW_01
OUT_14102,DIST_NW_01
OUT_14103,DIST_NW_02
OUT_14104,DIST_NW_01
OUT_14105,DIST_NW_02
OUT_14106,DIST_NW_02
OUT_14107,DIST_NW_02
OUT_14108,DIST_NW_01
OUT_14109,DIST_NW_02
OUT_14110,DIST_NW_01
OUT_14111,DIST_NW_01
OUT_14112,DIST_NW_02
OUT_14113,DIST_NW_02
OUT_14114,DIST_NW_02
OUT_14115,DIST_NW_02
OUT_14116,DIST_NW_01
OUT_14117,DIST_NW_01
OUT_14118,DIST_NW_02
OUT_14119,DIST_NW_02
OUT_14120,DIST_NW_01
OUT_14121,DIST_NW_01
OUT_14122,DIST_NW_01
OUT_14123,DIST_NW_01
OUT_14124,DIST_NW_01
OUT_14125,DIST_NW_01
OUT_14126,DIST_NW_02
OUT_14127,DIST_NW_01
OUT_14128,DIST_NW_02
OUT_14129,DIST_NW_02
OUT_14130,DIST_NW_02
OUT_14131,DIST_NW_02
OUT_14132,DIST_NW_02
OUT_14133,DIST_NW_01
OUT_14134,DIST_NW_01
OUT_14135,DIST_NW_01
OUT_14136,DIST_NW_02
OUT_14137,DIST_NW_02
OUT_14138,DIST_NW_02
OUT_14139,DIST_NW_01
OUT_14140,DIST_NW_01
OUT_14141,DIST_NW_02
OUT_14142,DIST_NW_02
OUT_14143,DIST_NW_02
OUT_14144,DIST_NW_01
OUT_14145,DIST_NW_01
OUT_14146,DIST_NW_02
OUT_14147,DIST_NW_02
OUT_14148,DIST_NW_01
OUT_14149,DIST_NW_01
OUT_14150,DIST_NW_02
OUT_14151,DIST_NW_02
OUT_14152,DIST_NW_02
OUT_14153,DIST_NW_01
OUT_14154,DIST_NW_02
OUT_14155,DIST_NW_02
OUT_14156,DIST_NW_01
OUT_14157,DIST_NW_02
OUT_14158,DIST_NW_02
OUT_14159,DIST_NW_02
OUT_14160,DIST_NW_01
OUT_14161,DIST_NW_02
OUT_14162,DIST_NW_01
OUT_14163,DIST_NW_02
OUT_14164,DIST_NW_01
OUT_14165,DIST_NW_01
OUT_14166,DIST_NW_01
OUT_14167,DIST_NW_01
OUT_14168,DIST_NW_02
OUT_14169,DIST_NW_01
OUT_14170,DIST_NW_02
OUT_14171,DIST_NW_02
OUT_14172,DIST_NW_01
OUT_14173,DIST_NW_01
OUT_14174,DIST_NW_01
OUT_14175,DIST_NW_02
OUT_14176,DIST_NW_01
OUT_14177,DIST_NW_01
OUT_14178,DIST_NW_02
OUT_14179,DIST_NW_02
OUT_14180,DIST_NW_01
OUT_14181,DIST_NW_01
OUT_14182,DIST_NW_02
OUT_14183,DIST_NW_02
OUT_14184,DIST_NW_01
OUT_14185,DIST_NW_02
OUT_14186,DIST_NW_01
OUT_14187,DIST_NW_01
OUT_14188,DIST_NW_01
OUT_14189,DIST_NW_02
OUT_14190,DIST_NW_02
OUT_14191,DIST_NW_01
OUT_14192,DIST_NW_01
OUT_14193,DIST_NW_02
OUT_14194,DIST_NW_01
OUT_14195,DIST_NW_02
OUT_14196,DIST_NW_01
OUT_14197,DIST_NW_02
OUT_14198,DIST_NW_02
OUT_14199,DIST_NW_01
OUT_14200,DIST_NW_02
OUT_14201,DIST_NW_02
OUT_14202,DIST_NW_02
OUT_14203,DIST_NW_01
OUT_14204,DIST_NW_01
OUT_14205,DIST_NW_01
OUT_14206,DIST_NW_02
OUT_14207,DIST_NW_02
OUT_14208,DIST_NW_02
OUT_14209,DIST_NW_02
OUT_14210,DIST_NW_01
OUT_14211,DIST_NW_02
OUT_14212,DIST_NW_01
OUT_14213,DIST_NW_01
OUT_14214,DIST_NW_01
OUT_14215,DIST_NW_01
OUT_14216,DIST_NW_01
OUT_14217,DIST_NW_01
OUT_14218,DIST_NW_01
OUT_14219,DIST_NW_02
OUT_14220,DIST_NW_01
OUT_14221,DIST_NW_01
OUT_14222,DIST_NW_01
OUT_14223,DIST_NW_02
OUT_14224,DIST_NW_01
OUT_14225,DIST_NW_02
OUT_14226,DIST_NW_01
OUT_14227,DIST_NW_02
OUT_14228,DIST_NW_01
OUT_14229,DIST_NW_02
OUT_14230,DIST_NW_01
OUT_14231,DIST_NW_02
OUT_14232,DIST_NW_02
OUT_14233,DIST_NW_01
OUT_14234,DIST_NW_01
OUT_14235,DIST_NW_02
OUT_14236,DIST_NW_01
OUT_14237,DIST_NW_02
OUT_14238,DIST_NW_01
OUT_14239,DIST_NW_02
OUT_14240,DIST_NW_02
OUT_14241,DIST_NW_02
OUT_14242,DIST_NW_01
OUT_14243,DIST_NW_02
OUT_14244,DIST_NW_01
OUT_14245,DIST_NW_02
OUT_14246,DIST_NW_02
OUT_14247,DIST_NW_01
OUT_14248,DIST_NW_01
OUT_14249,DIST_NW_01
OUT_14250,DIST_NW_01
OUT_14251,DIST_NW_01
OUT_14252,DIST_NW_01
OUT_14253,DIST_NW_02
OUT_14254,DIST_NW_01
OUT_14255,DIST_NW_01
OUT_14256,DIST_NW_01
OUT_14257,DIST_NW_02
OUT_14258,DIST_NW_02
OUT_14259,DIST_NW_02
OUT_14260,DIST_NW_01
OUT_14261,DIST_NW_02
OUT_14262,DIST_NW_02
OUT_14263,DIST_NW_02
OUT_14264,DIST_NW_02
OUT_14265,DIST_NW_02
OUT_14266,DIST_NW_01
OUT_14267,DIST_NW_01
OUT_14268,DIST_NW_02
OUT_14269,DIST_NW_02
OUT_14270,DIST_NW_02
OUT_14271,DIST_NW_01
OUT_14272,DIST_NW_01
OUT_14273,DIST_NW_01
OUT_14274,DIST_NW_01
OUT_14275,DIST_NW_01
OUT_14276,DIST_NW_02
OUT_14277,DIST_NW_01
OUT_14278,DIST_NW_02
OUT_14279,DIST_NW_01
OUT_14280,DIST_NW_02
OUT_14281,DIST_NW_01
OUT_14282,DIST_NW_02
OUT_14283,DIST_NW_01
OUT_14284,DIST_NW_01
OUT_14285,DIST_NW_02
OUT_14286,DIST_NW_02
OUT_14287,DIST_NW_01
OUT_14288,DIST_NW_01
OUT_14289,DIST_NW_02
OUT_14290,DIST_NW_02
OUT_14291,DIST_NW_01
OUT_14292,DIST_NW_01
OUT_14293,DIST_NW_01
OUT_14294,DIST_NW_01
OUT_14295,DIST_NW_01
OUT_14296,DIST_NW_02
OUT_14297,DIST_NW_02
OUT_14298,DIST_NW_01
OUT_14299,DIST_NW_01
OUT_14300,DIST_NW_02
OUT_14301,DIST_NW_01
OUT_14302,DIST_NW_02
OUT_14303,DIST_NW_02
OUT_14304,DIST_NW_02
OUT_14305,DIST_NW_02
OUT_14306,DIST_NW_01
OUT_14307,DIST_NW_01
OUT_14308,DIST_NW_01
OUT_14309,DIST_NW_01
OUT_14310,DIST_NW_01
OUT_14311,DIST_NW_02
OUT_14312,DIST_NW_02
OUT_14313,DIST_NW_02
OUT_14314,DIST_NW_01
OUT_14315,DIST_NW_02
OUT_14316,DIST_NW_02
OUT_14317,DIST_NW_01
OUT_14318,DIST_NW_02
OUT_14319,DIST_NW_01
OUT_14320,DIST_NW_02
OUT_14321,DIST_NW_01
OUT_14322,DIST_NW_01
OUT_14323,DIST_NW_01
OUT_14324,DIST_NW_02
OUT_14325,DIST_NW_01
OUT_14326,DIST_NW_02
OUT_14327,DIST_NW_01
OUT_14328,DIST_NW_01
OUT_14329,DIST_NW_02
OUT_14330,DIST_NW_02
OUT_14331,DIST_NW_01
OUT_14332,DIST_NW_01
OUT_14333,DIST_NW_01
OUT_14334,DIST_NW_02
OUT_14335,DIST_NW_01
OUT_14336,DIST_NW_01
OUT_14337,DIST_NW_01
OUT_14338,DIST_NW_01
OUT_14339,DIST_NW_02
OUT_14340,DIST_NW_02
OUT_14341,DIST_NW_02
OUT_14342,DIST_NW_02
OUT_14343,DIST_NW_01
OUT_14344,DIST_NW_01
OUT_14345,DIST_NW_02
OUT_14346,DIST_NW_02
OUT_14347,DIST_NW_02
OUT_14348,DIST_NW_02
OUT_14349,DIST_NW_01
OUT_14350,DIST_NW_02
OUT_14351,DIST_NW_02
OUT_14352,DIST_NW_01
OUT_14353,DIST_NW_02
OUT_14354,DIST_NW_02
OUT_14355,DIST_NW_02
OUT_14356,DIST_NW_01
OUT_14357,DIST_NW_02
OUT_14358,DIST_NW_02
OUT_14359,DIST_NW_01
OUT_14360,DIST_NW_01
OUT_14361,DIST_NW_01
OUT_14362,DIST_NW_01
OUT_14363,DIST_NW_02
OUT_14364,DIST_NW_02
OUT_14365,DIST_NW_02
OUT_14366,DIST_NW_02
OUT_14367,DIST_NW_01
OUT_14368,DIST_NW_02
OUT_14369,DIST_NW_01
OUT_14370,DIST_NW_02
OUT_14371,DIST_NW_01
OUT_14372,DIST_NW_02
OUT_14373,DIST_NW_02
OUT_14374,DIST_NW_01
OUT_14375,DIST_NW_01
OUT_14376,DIST_NW_01
OUT_14377,DIST_NW_01
OUT_14378,DIST_NW_02
OUT_14379,DIST_NW_01
OUT_14380,DIST_NW_01
OUT_14381,DIST_NW_01
OUT_14382,DIST_NW_01
OUT_14383,DIST_NW_02
OUT_14384,DIST_NW_02
OUT_14385,DIST_NW_01
OUT_14386,DIST_NW_02
OUT_14387,DIST_NW_02
OUT_14388,DIST_NW_02
OUT_14389,DIST_NW_02
OUT_14390,DIST_NW_02
OUT_14391,DIST_NW_02
OUT_14392,DIST_NW_01
OUT_14393,DIST_NW_01
OUT_14394,DIST_NW_02
OUT_14395,DIST_NW_01
OUT_14396,DIST_NW_01
OUT_14397,DIST_NW_02
OUT_14398,DIST_NW_02
OUT_14399,DIST_NW_02
OUT_14400,DIST_NW_02
OUT_14401,DIST_NW_02
OUT_14402,DIST_NW_01
OUT_14403,DIST_NW_01
OUT_14404,DIST_NW_01
OUT_14405,DIST_NW_01
OUT_14406,DIST_NW_01
OUT_14407,DIST_NW_01
OUT_14408,DIST_NW_02
OUT_14409,DIST_NW_01
OUT_14410,DIST_NW_01
OUT_14411,DIST_NW_01
OUT_14412,DIST_NW_02
OUT_14413,DIST_NW_02
OUT_14414,DIST_NW_02
OUT_14415,DIST_NW_01
OUT_14416,DIST_NW_02
OUT_14417,DIST_NW_01
OUT_14418,DIST_NW_02
OUT_14419,DIST_NW_01
OUT_14420,DIST_NW_01
OUT_14421,DIST_NW_01
OUT_14422,DIST_NW_01
OUT_14423,DIST_NW_01
OUT_14424,DIST_NW_02
OUT_14425,DIST_NW_02
OUT_14426,DIST_NW_02
OUT_14427,DIST_NW_02
OUT_14428,DIST_NW_02
OUT_14429,DIST_NW_01
OUT_14430,DIST_NW_01
OUT_14431,DIST_NW_02
OUT_14432,DIST_NW_02
OUT_14433,DIST_NW_01
OUT_14434,DIST_NW_01
OUT_14435,DIST_NW_01
OUT_14436,DIST_NW_02
OUT_14437,DIST_NW_02
OUT_14438,DIST_NW_01
OUT_14439,DIST_NW_02
OUT_14440,DIST_NW_01
OUT_14441,DIST_NW_01
OUT_14442,DIST_NW_01
OUT_14443,DIST_NW_01
OUT_14444,DIST_NW_01
OUT_14445,DIST_NW_01
OUT_14446,DIST_NW_02
OUT_14447,DIST_NW_01
OUT_14448,DIST_NW_01
OUT_14449,DIST_NW_01
OUT_14450,DIST_NW_01
OUT_14451,DIST_NW_02
OUT_14452,DIST_NW_01
OUT_14453,DIST_NW_01
OUT_14454,DIST_NW_02
OUT_14455,DIST_NW_02
OUT_14456,DIST_NW_01
OUT_14457,DIST_NW_01
OUT_14458,DIST_NW_02
OUT_14459,DIST_NW_01
OUT_14460,DIST_NW_02
OUT_14461,DIST_NW_02
OUT_14462,DIST_NW_02
OUT_14463,DIST_NW_02
OUT_14464,DIST_NW_01
OUT_14465,DIST_NW_01
OUT_14466,DIST_NW_02
OUT_14467,DIST_NW_02
OUT_14468,DIST_NW_02
OUT_14469,DIST_NW_01
OUT_14470,DIST_NW_02
OUT_14471,DIST_NW_02
OUT_14472,DIST_NW_01
OUT_14473,DIST_NW_02
OUT_14474,DIST_NW_02
OUT_14475,DIST_NW_02
OUT_14476,DIST_NW_02
OUT_14477,DIST_NW_01
OUT_14478,DIST_NW_01
OUT_14479,DIST_NW_01
OUT_14480,DIST_NW_02
OUT_14481,DIST_NW_02
OUT_14482,DIST_NW_02
OUT_14483,DIST_NW_01
OUT_14484,DIST_NW_01
OUT_14485,DIST_NW_01
OUT_14486,DIST_NW_02
OUT_14487,DIST_NW_02
OUT_14488,DIST_NW_02
OUT_14489,DIST_NW_02
OUT_14490,DIST_NW_01
OUT_14491,DIST_NW_02
OUT_14492,DIST_NW_02
OUT_14493,DIST_NW_01
OUT_14494,DIST_NW_01
OUT_14495,DIST_NW_01
OUT_14496,DIST_NW_01
OUT_14497,DIST_NW_01
OUT_14498,DIST_NW_02
OUT_14499,DIST_NW_01
OUT_14500,DIST_NW_01
OUT_14501,DIST_NW_02
OUT_14502,DIST_NW_01
OUT_14503,DIST_NW_02
OUT_14504,DIST_NW_02
OUT_14505,DIST_NW_01
OUT_14506,DIST_NW_01
OUT_14507,DIST_NW_01
OUT_14508,DIST_NW_01
OUT_14509,DIST_NW_02
OUT_14510,DIST_NW_01
OUT_14511,DIST_NW_01
OUT_14512,DIST_NW_02
OUT_14513,DIST_NW_01
OUT_14514,DIST_NW_02
OUT_14515,DIST_NW_02
OUT_14516,DIST_NW_02
OUT_14517,DIST_NW_01
OUT_14518,DIST_NW_02
OUT_14519,DIST_NW_02
OUT_14520,DIST_NW_01
OUT_14521,DIST_NW_02
OUT_14522,DIST_NW_01
OUT_14523,DIST_NW_02
OUT_14524,DIST_NW_01
OUT_14525,DIST_NW_01
OUT_14526,DIST_NW_02
OUT_14527,DIST_NW_01
OUT_14528,DIST_NW_02
OUT_14529,DIST_NW_02
OUT_14530,DIST_NW_02
OUT_14531,DIST_NW_01
OUT_14532,DIST_NW_02
OUT_14533,DIST_NW_01
OUT_14534,DIST_NW_02
OUT_14535,DIST_NW_02
OUT_14536,DIST_NW_02
OUT_14537,DIST_NW_02
OUT_14538,DIST_NW_01
OUT_14539,DIST_NW_01
OUT_14540,DIST_NW_01
OUT_14541,DIST_NW_02
OUT_14542,DIST_NW_01
OUT_14543,DIST_NW_02
OUT_14544,DIST_NW_02
OUT_14545,DIST_NW_01
OUT_14546,DIST_NW_02
OUT_14547,DIST_NW_01
OUT_14548,DIST_NW_02
OUT_14549,DIST_NW_01
OUT_14550,DIST_NW_02
OUT_14551,DIST_NW_02
OUT_14552,DIST_NW_01
OUT_14553,DIST_NW_02
OUT_14554,DIST_NW_02
OUT_14555,DIST_NW_01
OUT_14556,DIST_NW_01
OUT_14557,DIST_NW_01
OUT_14558,DIST_NW_01
OUT_14559,DIST_NW_02
OUT_14560,DIST_NW_02
OUT_14561,DIST_NW_02
OUT_14562,DIST_NW_02
OUT_14563,DIST_NW_02
OUT_14564,DIST_NW_02
OUT_14565,DIST_NW_02
OUT_14566,DIST_NW_02
OUT_14567,DIST_NW_01
OUT_14568,DIST_NW_01
OUT_14569,DIST_NW_02
OUT_14570,DIST_NW_02
OUT_14571,DIST_NW_01
OUT_14572,DIST_NW_02
OUT_14573,DIST_NW_01
OUT_14574,DIST_NW_02
OUT_14575,DIST_NW_02
OUT_14576,DIST_NW_02
OUT_14577,DIST_NW_01
OUT_14578,DIST_NW_02
OUT_14579,DIST_NW_02
OUT_14580,DIST_NW_02
OUT_14581,DIST_NW_01
OUT_14582,DIST_NW_01
OUT_14583,DIST_NW_01
OUT_14584,DIST_NW_02
OUT_14585,DIST_NW_01
OUT_14586,DIST_NW_01
OUT_14587,DIST_NW_01
OUT_14588,DIST_NW_01
OUT_14589,DIST_NW_02
OUT_14590,DIST_NW_02
OUT_14591,DIST_NW_02
OUT_14592,DIST_NW_01
OUT_14593,DIST_NW_02
OUT_14594,DIST_NW_02
OUT_14595,DIST_NW_02
OUT_14596,DIST_NW_02
OUT_14597,DIST_NW_01
OUT_14598,DIST_NW_01
OUT_14599,DIST_NW_01
OUT_14600,DIST_NW_02
OUT_14601,DIST_NW_01
OUT_14602,DIST_NW_02
OUT_14603,DIST_NW_01
OUT_14604,DIST_NW_02
OUT_14605,DIST_NW_02
OUT_14606,DIST_NW_01
OUT_14607,DIST_NW_02
OUT_14608,DIST_NW_01
OUT_14609,DIST_NW_01
OUT_14610,DIST_NW_01
OUT_14611,DIST_NW_01
OUT_14612,DIST_NW_01
OUT_14613,DIST_NW_02
OUT_14614,DIST_NW_01
OUT_14615,DIST_NW_02
OUT_14616,DIST_NW_01
OUT_14617,DIST_NW_02
OUT_14618,DIST_NW_01
OUT_14619,DIST_NW_02
OUT_14620,DIST_NW_02
OUT_14621,DIST_NW_01
OUT_14622,DIST_NW_02
OUT_14623,DIST_NW_02
OUT_14624,DIST_NW_01
OUT_14625,DIST_NW_02
OUT_14626,DIST_NW_02
OUT_14627,DIST_NW_01
OUT_14628,DIST_NW_02
OUT_14629,DIST_NW_01
OUT_14630,DIST_NW_01
OUT_14631,DIST_NW_01
OUT_14632,DIST_NW_01
OUT_14633,DIST_NW_01
OUT_14634,DIST_NW_02
OUT_14635,DIST_NW_02
OUT_14636,DIST_NW_02
OUT_14637,DIST_NW_01
OUT_14638,DIST_NW_01
OUT_14639,DIST_NW_01
OUT_14640,DIST_NW_02
OUT_14641,DIST_NW_02
OUT_14642,DIST_NW_02
OUT_14643,DIST_NW_02
OUT_14644,DIST_NW_01
OUT_14645,DIST_NW_02
OUT_14646,DIST_NW_01
OUT_14647,DIST_NW_01
OUT_14648,DIST_NW_01
OUT_14649,DIST_NW_01
OUT_14650,DIST_NW_01
OUT_14651,DIST_NW_01
OUT_14652,DIST_NW_01
OUT_14653,DIST_NW_02
OUT_14654,DIST_NW_01
OUT_14655,DIST_NW_02
OUT_14656,DIST_NW_01
OUT_14657,DIST_NW_02
OUT_14658,DIST_NW_02
OUT_14659,DIST_NW_02
OUT_14660,DIST_NW_01
OUT_14661,DIST_NW_01
OUT_14662,DIST_NW_01
OUT_14663,DIST_NW_01
OUT_14664,DIST_NW_01
OUT_14665,DIST_NW_01
OUT_14666,DIST_NW_01
OUT_14667,DIST_NW_01
OUT_14668,DIST_NW_01
OUT_14669,DIST_NW_02
OUT_14670,DIST_NW_01
OUT_14671,DIST_NW_02
OUT_14672,DIST_NW_01
OUT_14673,DIST_NW_01
OUT_14674,DIST_NW_01
OUT_14675,DIST_NW_01
OUT_14676,DIST_NW_02
OUT_14677,DIST_NW_02
OUT_14678,DIST_NW_01
OUT_14679,DIST_NW_02
OUT_14680,DIST_NW_02
OUT_14681,DIST_NW_02
OUT_14682,DIST_NW_01
OUT_14683,DIST_NW_02
OUT_14684,DIST_NW_02
OUT_14685,DIST_NW_01
OUT_14686,DIST_NW_01
OUT_14687,DIST_NW_01
OUT_14688,DIST_NW_01
OUT_14689,DIST_NW_02
OUT_14690,DIST_NW_01
OUT_14691,DIST_NW_01
OUT_14692,DIST_NW_02
OUT_14693,DIST_NW_01
OUT_14694,DIST_NW_01
OUT_14695,DIST_NW_01
OUT_14696,DIST_NW_01
OUT_14697,DIST_NW_02
OUT_14698,DIST_NW_02
OUT_14699,DIST_NW_02
OUT_14700,DIST_NW_01
OUT_14701,DIST_NW_01
OUT_14702,DIST_NW_02
OUT_14703,DIST_NW_01
OUT_14704,DIST_NW_01
OUT_14705,DIST_NW_02
OUT_14706,DIST_NW_02
OUT_14707,DIST_NW_02
OUT_14708,DIST_NW_02
OUT_14709,DIST_NW_02
OUT_14710,DIST_NW_01
OUT_14711,DIST_NW_02
OUT_14712,DIST_NW_02
OUT_14713,DIST_NW_02
OUT_14714,DIST_NW_02
OUT_14715,DIST_NW_02
OUT_14716,DIST_NW_01
OUT_14717,DIST_NW_02
OUT_14718,DIST_NW_01
OUT_14719,DIST_NW_01
OUT_14720,DIST_NW_01
OUT_14721,DIST_NW_02
OUT_14722,DIST_NW_01
OUT_14723,DIST_NW_01
OUT_14724,DIST_NW_01
OUT_14725,DIST_NW_01
OUT_14726,DIST_NW_01
OUT_14727,DIST_NW_02
OUT_14728,DIST_NW_01
OUT_14729,DIST_NW_02
OUT_14730,DIST_NW_02
OUT_14731,DIST_NW_02
OUT_14732,DIST_NW_02
OUT_14733,DIST_NW_02
OUT_14734,DIST_NW_01
OUT_14735,DIST_NW_02
OUT_14736,DIST_NW_02
OUT_14737,DIST_NW_02
OUT_14738,DIST_NW_01
OUT_14739,DIST_NW_02
OUT_14740,DIST_NW_02
OUT_14741,DIST_NW_02
OUT_14742,DIST_NW_01
OUT_14743,DIST_NW_01
OUT_14744,DIST_NW_01
OUT_14745,DIST_NW_01
OUT_14746,DIST_NW_01
OUT_14747,DIST_NW_01
OUT_14748,DIST_NW_01
OUT_14749,DIST_NW_01
OUT_14750,DIST_NW_01
OUT_14751,DIST_NW_01
OUT_14752,DIST_NW_02
OUT_14753,DIST_NW_01
OUT_14754,DIST_NW_02
OUT_14755,DIST_NW_01
OUT_14756,DIST_NW_02
OUT_14757,DIST_NW_02
OUT_14758,DIST_NW_02
OUT_14759,DIST_NW_02
OUT_14760,DIST_NW_01
OUT_14761,DIST_NW_01
OUT_14762,DIST_NW_02
OUT_14763,DIST_NW_01
OUT_14764,DIST_NW_01
OUT_14765,DIST_NW_01
OUT_14766,DIST_NW_02
OUT_14767,DIST_NW_01
OUT_14768,DIST_NW_02
OUT_14769,DIST_NW_01
OUT_14770,DIST_NW_01
OUT_14771,DIST_NW_01
OUT_14772,DIST_NW_01
OUT_14773,DIST_NW_02
OUT_14774,DIST_NW_02
OUT_14775,DIST_NW_02
OUT_14776,DIST_NW_01
OUT_14777,DIST_NW_02
OUT_14778,DIST_NW_01
OUT_14779,DIST_NW_02
OUT_14780,DIST_NW_01
OUT_14781,DIST_NW_01
OUT_14782,DIST_NW_01
OUT_14783,DIST_NW_02
OUT_14784,DIST_NW_02
OUT_14785,DIST_NW_02
OUT_14786,DIST_NW_02
OUT_14787,DIST_NW_02
OUT_14788,DIST_NW_01
OUT_14789,DIST_NW_01
OUT_14790,DIST_NW_02
OUT_14791,DIST_NW_02
OUT_14792,DIST_NW_01
OUT_14793,DIST_NW_01
OUT_14794,DIST_NW_01
OUT_14795,DIST_NW_01
OUT_14796,DIST_NW_02
OUT_14797,DIST_NW_02
OUT_14798,DIST_NW_02
OUT_14799,DIST_NW_02
OUT_14800,DIST_NW_02
OUT_14801,DIST_NW_01
OUT_14802,DIST_NW_01
OUT_14803,DIST_NW_01
OUT_14804,DIST_NW_02
OUT_14805,DIST_NW_01
OUT_14806,DIST_NW_01
OUT_14807,DIST_NW_01
OUT_14808,DIST_NW_01
OUT_14809,DIST_NW_02
OUT_14810,DIST_NW_02
OUT_14811,DIST_NW_01
OUT_14812,DIST_NW_01
OUT_14813,DIST_NW_02
OUT_14814,DIST_NW_02
OUT_14815,DIST_NW_01
OUT_14816,DIST_NW_01
OUT_14817,DIST_NW_01
OUT_14818,DIST_NW_01
OUT_14819,DIST_NW_01
OUT_14820,DIST_NW_01
OUT_14821,DIST_NW_01
OUT_14822,DIST_NW_02
OUT_14823,DIST_NW_01
OUT_14824,DIST_NW_02
OUT_14825,DIST_NW_02
OUT_14826,DIST_NW_02
OUT_14827,DIST_NW_02
OUT_14828,DIST_NW_01
OUT_14829,DIST_NW_01
OUT_14830,DIST_NW_02
OUT_14831,DIST_NW_02
OUT_14832,DIST_NW_01
OUT_14833,DIST_NW_02
OUT_14834,DIST_NW_02
OUT_14835,DIST_NW_02
OUT_14836,DIST_NW_02
OUT_14837,DIST_NW_02
OUT_14838,DIST_NW_02
OUT_14839,DIST_NW_01
OUT_14840,DIST_NW_01
OUT_14841,DIST_NW_01
OUT_14842,DIST_NW_02
OUT_14843,DIST_NW_01
OUT_14844,DIST_NW_01
OUT_14845,DIST_NW_01
OUT_14846,DIST_NW_01
OUT_14847,DIST_NW_01
OUT_14848,DIST_NW_02
OUT_14849,DIST_NW_02
OUT_14850,DIST_NW_02
OUT_14851,DIST_NW_01
OUT_14852,DIST_NW_02
OUT_14853,DIST_NW_01
OUT_14854,DIST_NW_01
OUT_14855,DIST_NW_01
OUT_14856,DIST_NW_02
OUT_14857,DIST_NW_02
OUT_14858,DIST_NW_02
OUT_14859,DIST_NW_01
OUT_14860,DIST_NW_02
OUT_14861,DIST_NW_02
OUT_14862,DIST_NW_02
OUT_14863,DIST_NW_01
OUT_14864,DIST_NW_01
OUT_14865,DIST_NW_02
OUT_14866,DIST_NW_01
OUT_14867,DIST_NW_01
OUT_14868,DIST_NW_02
OUT_14869,DIST_NW_02
OUT_14870,DIST_NW_02
OUT_14871,DIST_NW_01
OUT_14872,DIST_NW_02
OUT_14873,DIST_NW_02
OUT_14874,DIST_NW_02
OUT_14875,DIST_NW_02
OUT_14876,DIST_NW_01
OUT_14877,DIST_NW_01
OUT_14878,DIST_NW_01
OUT_14879,DIST_NW_02
OUT_14880,DIST_NW_01
OUT_14881,DIST_NW_01
OUT_14882,DIST_NW_02
OUT_14883,DIST_NW_01
OUT_14884,DIST_NW_02
OUT_14885,DIST_NW_02
OUT_14886,DIST_NW_02
OUT_14887,DIST_NW_01
OUT_14888,DIST_NW_02
OUT_14889,DIST_NW_01
OUT_14890,DIST_NW_01
OUT_14891,DIST_NW_01
OUT_14892,DIST_NW_01
OUT_14893,DIST_NW_01
OUT_14894,DIST_NW_02
OUT_14895,DIST_NW_01
OUT_14896,DIST_NW_01
OUT_14897,DIST_NW_01
OUT_14898,DIST_NW_01
OUT_14899,DIST_NW_02
OUT_14900,DIST_NW_02
OUT_14901,DIST_NW_02
OUT_14902,DIST_NW_02
OUT_14903,DIST_NW_01
OUT_14904,DIST_NW_02
OUT_14905,DIST_NW_02
OUT_14906,DIST_NW_02
OUT_14907,DIST_NW_01
OUT_14908,DIST_NW_01
OUT_14909,DIST_NW_02
OUT_14910,DIST_NW_01
OUT_14911,DIST_NW_01
OUT_14912,DIST_NW_01
OUT_14913,DIST_NW_01
OUT_14914,DIST_NW_02
OUT_14915,DIST_NW_01
OUT_14916,DIST_NW_01
OUT_14917,DIST_NW_02
OUT_14918,DIST_NW_01
OUT_14919,DIST_NW_01
OUT_14920,DIST_NW_02
OUT_14921,DIST_NW_01
OUT_14922,DIST_NW_02
OUT_14923,DIST_NW_02
OUT_14924,DIST_NW_01
OUT_14925,DIST_NW_01
OUT_14926,DIST_NW_01
OUT_14927,DIST_NW_01
OUT_14928,DIST_NW_02
OUT_14929,DIST_NW_02
OUT_14930,DIST_NW_02
OUT_14931,DIST_NW_02
OUT_14932,DIST_NW_02
OUT_14933,DIST_NW_02
OUT_14934,DIST_NW_01
OUT_14935,DIST_NW_02
OUT_14936,DIST_NW_02
OUT_14937,DIST_NW_01
OUT_14938,DIST_NW_02
OUT_14939,DIST_NW_02
OUT_14940,DIST_NW_02
OUT_14941,DIST_NW_01
OUT_14942,DIST_NW_01
OUT_14943,DIST_NW_02
OUT_14944,DIST_NW_02
OUT_14945,DIST_NW_01
OUT_14946,DIST_NW_02
OUT_14947,DIST_NW_01
OUT_14948,DIST_NW_02
OUT_14949,DIST_NW_01
OUT_14950,DIST_NW_01
OUT_14951,DIST_NW_01
OUT_14952,DIST_NW_01
OUT_14953,DIST_NW_01
OUT_14954,DIST_NW_01
OUT_14955,DIST_NW_02
OUT_14956,DIST_NW_01
OUT_14957,DIST_NW_01
OUT_14958,DIST_NW_02
OUT_14959,DIST_NW_02
OUT_14960,DIST_NW_02
OUT_14961,DIST_NW_01
OUT_14962,DIST_NW_01
OUT_14963,DIST_NW_02
OUT_14964,DIST_NW_02
OUT_14965,DIST_NW_01
OUT_14966,DIST_NW_02
OUT_14967,DIST_NW_01
OUT_14968,DIST_NW_01
OUT_14969,DIST_NW_01
OUT_14970,DIST_NW_01
OUT_14971,DIST_NW_01
OUT_14972,DIST_NW_01
OUT_14973,DIST_NW_01
OUT_14974,DIST_NW_02
OUT_14975,DIST_NW_02
OUT_14976,DIST_NW_02
OUT_14977,DIST_NW_02
OUT_14978,DIST_NW_01
OUT_14979,DIST_NW_01
OUT_14980,DIST_NW_01
OUT_14981,DIST_NW_01
OUT_14982,DIST_NW_02
OUT_14983,DIST_NW_02
OUT_14984,DIST_NW_02
OUT_14985,DIST_NW_01
OUT_14986,DIST_NW_02
OUT_14987,DIST_NW_01
OUT_14988,DIST_NW_02
OUT_14989,DIST_NW_01
OUT_14990,DIST_NW_02
OUT_14991,DIST_NW_02
OUT_14992,DIST_NW_02
OUT_14993,DIST_NW_01
OUT_14994,DIST_NW_02
OUT_14995,DIST_NW_02
OUT_14996,DIST_NW_01
OUT_14997,DIST_NW_02
OUT_14998,DIST_NW_02
OUT_14999,DIST_NW_01
OUT_15000,DIST_NW_02
OUT_15001,DIST_NW_02
OUT_15002,DIST_NW_01
OUT_15003,DIST_NW_01
OUT_15004,DIST_NW_02
OUT_15005,DIST_NW_02
OUT_15006,DIST_NW_01
OUT_15007,DIST_NW_01
OUT_15008,DIST_NW_02
OUT_15009,DIST_NW_02
OUT_15010,DIST_NW_02
OUT_15011,DIST_NW_02
OUT_15012,DIST_NW_01
OUT_15013,DIST_NW_02
OUT_15014,DIST_NW_01
OUT_15015,DIST_NW_02
OUT_15016,DIST_NW_02
OUT_15017,DIST_NW_01
OUT_15018,DIST_NW_02
OUT_15019,DIST_NW_01
OUT_15020,DIST_NW_02
OUT_15021,DIST_NW_02
OUT_15022,DIST_NW_02
OUT_15023,DIST_NW_01
OUT_15024,DIST_NW_02
OUT_15025,DIST_NW_01
OUT_15026,DIST_NW_02
OUT_15027,DIST_NW_02
OUT_15028,DIST_NW_01
OUT_15029,DIST_NW_01
OUT_15030,DIST_NW_02
OUT_15031,DIST_NW_01
OUT_15032,DIST_NW_02
OUT_15033,DIST_NW_01
OUT_15034,DIST_NW_02
OUT_15035,DIST_NW_01
OUT_15036,DIST_NW_02
OUT_15037,DIST_NW_01
OUT_15038,DIST_NW_01
OUT_15039,DIST_NW_02
OUT_15040,DIST_NW_02
OUT_15041,DIST_NW_02
OUT_15042,DIST_NW_02
OUT_15043,DIST_NW_01
OUT_15044,DIST_NW_02
OUT_15045,DIST_NW_02
OUT_15046,DIST_NW_01
OUT_15047,DIST_NW_02
OUT_15048,DIST_NW_02
OUT_15049,DIST_NW_02
OUT_15050,DIST_NW_01
OUT_15051,DIST_NW_02
OUT_15052,DIST_NW_02
OUT_15053,DIST_NW_02
OUT_15054,DIST_NW_02
OUT_15055,DIST_NW_02
OUT_15056,DIST_NW_02
OUT_15057,DIST_NW_02
OUT_15058,DIST_NW_01
OUT_15059,DIST_NW_01
OUT_15060,DIST_NW_02
OUT_15061,DIST_NW_02
OUT_15062,DIST_NW_01
OUT_15063,DIST_NW_01
OUT_15064,DIST_NW_01
OUT_15065,DIST_NW_02
OUT_15066,DIST_NW_01
OUT_15067,DIST_NW_02
OUT_15068,DIST_NW_01
OUT_15069,DIST_NW_02
OUT_15070,DIST_NW_01
OUT_15071,DIST_NW_02
OUT_15072,DIST_NW_02
OUT_15073,DIST_NW_02
OUT_15074,DIST_NW_02
OUT_15075,DIST_NW_02
OUT_15076,DIST_NW_02
OUT_15077,DIST_NW_01
OUT_15078,DIST_NW_02
OUT_15079,DIST_NW_01
OUT_15080,DIST_NW_01
OUT_15081,DIST_NW_02
OUT_15082,DIST_NW_01
OUT_15083,DIST_NW_02
OUT_15084,DIST_NW_01
OUT_15085,DIST_NW_01
OUT_15086,DIST_NW_01
OUT_15087,DIST_NW_02
OUT_15088,DIST_NW_01
OUT_15089,DIST_NW_01
OUT_15090,DIST_NW_02
OUT_15091,DIST_NW_01
OUT_15092,DIST_NW_01
OUT_15093,DIST_NW_02
OUT_15094,DIST_NW_01
OUT_15095,DIST_NW_02
OUT_15096,DIST_NW_01
OUT_15097,DIST_NW_01
OUT_15098,DIST_NW_02
OUT_15099,DIST_NW_02
OUT_15100,DIST_NW_01
OUT_15101,DIST_NW_01
OUT_15102,DIST_NW_01
OUT_15103,DIST_NW_02
OUT_15104,DIST_NW_01
OUT_15105,DIST_NW_02
OUT_15106,DIST_NW_01
OUT_15107,DIST_NW_02
OUT_15108,DIST_NW_01
OUT_15109,DIST_NW_01
OUT_15110,DIST_NW_01
OUT_15111,DIST_NW_02
OUT_15112,DIST_NW_01
OUT_15113,DIST_NW_02
OUT_15114,DIST_NW_01
OUT_15115,DIST_NW_01
OUT_15116,DIST_NW_01
OUT_15117,DIST_NW_02
OUT_15118,DIST_NW_02
OUT_15119,DIST_NW_02
OUT_15120,DIST_NW_02
OUT_15121,DIST_NW_02
OUT_15122,DIST_NW_01
OUT_15123,DIST_NW_02
OUT_15124,DIST_NW_02
OUT_15125,DIST_NW_01
OUT_15126,DIST_NW_02
OUT_15127,DIST_NW_02
OUT_15128,DIST_NW_01
OUT_15129,DIST_NW_01
OUT_15130,DIST_NW_01
OUT_15131,DIST_NW_02
OUT_15132,DIST_NW_01
OUT_15133,DIST_NW_02
OUT_15134,DIST_NW_01
OUT_15135,DIST_NW_02
OUT_15136,DIST_NW_01
OUT_15137,DIST_NW_01
OUT_15138,DIST_NW_01
OUT_15139,DIST_NW_02
OUT_15140,DIST_NW_01
OUT_15141,DIST_NW_02
OUT_15142,DIST_NW_02
OUT_15143,DIST_NW_02
OUT_15144,DIST_NW_02
OUT_15145,DIST_NW_01
OUT_15146,DIST_NW_02
OUT_15147,DIST_NW_02
OUT_15148,DIST_NW_02
OUT_15149,DIST_NW_02
OUT_15150,DIST_NW_01
OUT_15151,DIST_NW_01
OUT_15152,DIST_NW_01
OUT_15153,DIST_NW_01
OUT_15154,DIST_NW_01
OUT_15155,DIST_NW_02
OUT_15156,DIST_NW_02
OUT_15157,DIST_NW_01
OUT_15158,DIST_NW_01
OUT_15159,DIST_NW_01
OUT_15160,DIST_NW_02
OUT_15161,DIST_NW_01
OUT_15162,DIST_NW_02
OUT_15163,DIST_NW_02
OUT_15164,DIST_NW_02
OUT_15165,DIST_NW_01
OUT_15166,DIST_NW_02
OUT_15167,DIST_NW_01
OUT_15168,DIST_NW_02
OUT_15169,DIST_NW_01
OUT_15170,DIST_NW_02
OUT_15171,DIST_NW_02
OUT_15172,DIST_NW_01
OUT_15173,DIST_NW_01
OUT_15174,DIST_NW_02
OUT_15175,DIST_NW_01
OUT_15176,DIST_NW_02
OUT_15177,DIST_NW_01
OUT_15178,DIST_NW_02
OUT_15179,DIST_NW_02
OUT_15180,DIST_NW_01
OUT_15181,DIST_NW_01
OUT_15182,DIST_NW_02
OUT_15183,DIST_NW_01
OUT_15184,DIST_NW_02
OUT_15185,DIST_NW_02
OUT_15186,DIST_NW_02
OUT_15187,DIST_NW_02
OUT_15188,DIST_NW_01
OUT_15189,DIST_NW_01
OUT_15190,DIST_NW_01
OUT_15191,DIST_NW_02
OUT_15192,DIST_NW_02
OUT_15193,DIST_NW_02
OUT_15194,DIST_NW_02
OUT_15195,DIST_NW_02
OUT_15196,DIST_NW_01
OUT_15197,DIST_NW_02
OUT_15198,DIST_NW_01
OUT_15199,DIST_NW_02
OUT_15200,DIST_NW_01
OUT_15201,DIST_NW_01
OUT_15202,DIST_NW_01
OUT_15203,DIST_NW_01
OUT_15204,DIST_NW_02
OUT_15205,DIST_NW_01
OUT_15206,DIST_NW_01
OUT_15207,DIST_NW_02
OUT_15208,DIST_NW_02
OUT_15209,DIST_NW_01
OUT_15210,DIST_NW_02
OUT_15211,DIST_NW_01
OUT_15212,DIST_NW_02
OUT_15213,DIST_NW_02
OUT_15214,DIST_NW_01
OUT_15215,DIST_NW_02
OUT_15216,DIST_NW_02
OUT_15217,DIST_NW_01
OUT_15218,DIST_NW_01
OUT_15219,DIST_NW_02
OUT_15220,DIST_NW_02
OUT_15221,DIST_NW_02
OUT_15222,DIST_NW_02
OUT_15223,DIST_NW_01
OUT_15224,DIST_NW_02
OUT_15225,DIST_NW_02
OUT_15226,DIST_NW_01
OUT_15227,DIST_NW_02
OUT_15228,DIST_NW_02
OUT_15229,DIST_NW_02
OUT_15230,DIST_NW_02
OUT_15231,DIST_NW_02
OUT_15232,DIST_NW_01
OUT_15233,DIST_NW_02
OUT_15234,DIST_NW_01
OUT_15235,DIST_NW_01
OUT_15236,DIST_NW_01
OUT_15237,DIST_NW_01
OUT_15238,DIST_NW_02
OUT_15239,DIST_NW_02
OUT_15240,DIST_NW_02
OUT_15241,DIST_NW_01
OUT_15242,DIST_NW_02
OUT_15243,DIST_NW_01
OUT_15244,DIST_NW_01
OUT_15245,DIST_NW_02
OUT_15246,DIST_NW_01
OUT_15247,DIST_NW_01
OUT_15248,DIST_NW_01
OUT_15249,DIST_NW_01
OUT_15250,DIST_NW_01
OUT_15251,DIST_NW_01
OUT_15252,DIST_NW_01
OUT_15253,DIST_NW_01
OUT_15254,DIST_NW_01
OUT_15255,DIST_NW_02
OUT_15256,DIST_NW_02
OUT_15257,DIST_NW_01
OUT_15258,DIST_NW_01
OUT_15259,DIST_NW_01
OUT_15260,DIST_NW_02
OUT_15261,DIST_NW_01
OUT_15262,DIST_NW_02
OUT_15263,DIST_NW_02
OUT_15264,DIST_NW_01
OUT_15265,DIST_NW_01
OUT_15266,DIST_NW_02
OUT_15267,DIST_NW_02
OUT_15268,DIST_NW_02
OUT_15269,DIST_NW_01
OUT_15270,DIST_NW_01
OUT_15271,DIST_NW_02
OUT_15272,DIST_NW_01
OUT_15273,DIST_NW_02
OUT_15274,DIST_NW_02
OUT_15275,DIST_NW_01
OUT_15276,DIST_NW_01
OUT_15277,DIST_NW_02
OUT_15278,DIST_NW_01
OUT_15279,DIST_NW_02
OUT_15280,DIST_NW_01
OUT_15281,DIST_NW_02
OUT_15282,DIST_NW_01
OUT_15283,DIST_NW_01
OUT_15284,DIST_NW_01
OUT_15285,DIST_NW_01
OUT_15286,DIST_NW_02
OUT_15287,DIST_NW_02
OUT_15288,DIST_NW_02
OUT_15289,DIST_NW_02
OUT_15290,DIST_NW_02
OUT_15291,DIST_NW_02
OUT_15292,DIST_NW_01
OUT_15293,DIST_NW_01
OUT_15294,DIST_NW_02
OUT_15295,DIST_NW_01
OUT_15296,DIST_NW_01
OUT_15297,DIST_NW_01
OUT_15298,DIST_NW_01
OUT_15299,DIST_NW_02
OUT_15300,DIST_NW_01
OUT_15301,DIST_NW_02
OUT_15302,DIST_NW_02
OUT_15303,DIST_NW_01
OUT_15304,DIST_NW_01
OUT_15305,DIST_NW_01
OUT_15306,DIST_NW_01
OUT_15307,DIST_NW_02
OUT_15308,DIST_NW_02
OUT_15309,DIST_NW_01
OUT_15310,DIST_NW_01
OUT_15311,DIST_NW_01
OUT_15312,DIST_NW_01
OUT_15313,DIST_NW_01
OUT_15314,DIST_NW_01
OUT_15315,DIST_NW_01
OUT_15316,DIST_NW_02
OUT_15317,DIST_NW_01
OUT_15318,DIST_NW_01
OUT_15319,DIST_NW_01
OUT_15320,DIST_NW_02
OUT_15321,DIST_NW_01
OUT_15322,DIST_NW_01
OUT_15323,DIST_NW_01
OUT_15324,DIST_NW_02
OUT_15325,DIST_NW_01
OUT_15326,DIST_NW_02
OUT_15327,DIST_NW_02
OUT_15328,DIST_NW_02
OUT_15329,DIST_NW_02
OUT_15330,DIST_NW_02
OUT_15331,DIST_NW_02
OUT_15332,DIST_NW_01
OUT_15333,DIST_NW_02
OUT_15334,DIST_NW_01
OUT_15335,DIST_NW_02
OUT_15336,DIST_NW_01
OUT_15337,DIST_NW_02
OUT_15338,DIST_NW_02
OUT_15339,DIST_NW_01
OUT_15340,DIST_NW_01
OUT_15341,DIST_NW_02
OUT_15342,DIST_NW_01
OUT_15343,DIST_NW_01
OUT_15344,DIST_NW_01
OUT_15345,DIST_NW_01
OUT_15346,DIST_NW_01
OUT_15347,DIST_NW_02
OUT_15348,DIST_NW_02
OUT_15349,DIST_NW_01
OUT_15350,DIST_NW_02
OUT_15351,DIST_NW_01
OUT_15352,DIST_NW_02
OUT_15353,DIST_NW_02
OUT_15354,DIST_NW_02
OUT_15355,DIST_NW_02
OUT_15356,DIST_NW_01
OUT_15357,DIST_NW_02
OUT_15358,DIST_NW_01
OUT_15359,DIST_NW_01
OUT_15360,DIST_NW_01
OUT_15361,DIST_NW_02
OUT_15362,DIST_NW_01
OUT_15363,DIST_NW_01
OUT_15364,DIST_NW_02
OUT_15365,DIST_NW_01
OUT_15366,DIST_NW_02
OUT_15367,DIST_NW_01
OUT_15368,DIST_NW_02
OUT_15369,DIST_NW_01
OUT_15370,DIST_NW_01
OUT_15371,DIST_NW_02
OUT_15372,DIST_NW_02
OUT_15373,DIST_NW_01
OUT_15374,DIST_NW_01
OUT_15375,DIST_NW_01
OUT_15376,DIST_NW_01
OUT_15377,DIST_NW_01
OUT_15378,DIST_NW_01
OUT_15379,DIST_NW_02
OUT_15380,DIST_NW_01
OUT_15381,DIST_NW_01
OUT_15382,DIST_NW_01
OUT_15383,DIST_NW_01
OUT_15384,DIST_NW_01
OUT_15385,DIST_NW_02
OUT_15386,DIST_NW_02
OUT_15387,DIST_NW_01
OUT_15388,DIST_NW_02
OUT_15389,DIST_NW_02
OUT_15390,DIST_NW_01
OUT_15391,DIST_NW_02
OUT_15392,DIST_NW_01
OUT_15393,DIST_NW_02
OUT_15394,DIST_NW_01
OUT_15395,DIST_NW_02
OUT_15396,DIST_NW_02
OUT_15397,DIST_NW_01
OUT_15398,DIST_NW_02
OUT_15399,DIST_NW_02
OUT_15400,DIST_NW_02
OUT_15401,DIST_NW_01
OUT_15402,DIST_NW_02
OUT_15403,DIST_NW_02
OUT_15404,DIST_NW_02
OUT_15405,DIST_NW_02
OUT_15406,DIST_NW_01
OUT_15407,DIST_NW_01
OUT_15408,DIST_NW_02
OUT_15409,DIST_NW_01
OUT_15410,DIST_NW_02
OUT_15411,DIST_NW_01
OUT_15412,DIST_NW_02
OUT_15413,DIST_NW_01
OUT_15414,DIST_NW_01
OUT_15415,DIST_NW_01
OUT_15416,DIST_NW_02
OUT_15417,DIST_NW_01
OUT_15418,DIST_NW_02
OUT_15419,DIST_NW_01
OUT_15420,DIST_NW_01
OUT_15421,DIST_NW_02
OUT_15422,DIST_NW_01
OUT_15423,DIST_NW_01
OUT_15424,DIST_NW_02
OUT_15425,DIST_NW_01
OUT_15426,DIST_NW_01
OUT_15427,DIST_NW_02
OUT_15428,DIST_NW_02
OUT_15429,DIST_NW_02
OUT_15430,DIST_NW_01
OUT_15431,DIST_NW_01
OUT_15432,DIST_NW_02
OUT_15433,DIST_NW_01
OUT_15434,DIST_NW_01
OUT_15435,DIST_NW_02
OUT_15436,DIST_NW_02
OUT_15437,DIST_NW_01
OUT_15438,DIST_NW_01
OUT_15439,DIST_NW_02
OUT_15440,DIST_NW_01
OUT_15441,DIST_NW_02
OUT_15442,DIST_NW_02
OUT_15443,DIST_NW_02
OUT_15444,DIST_NW_02
OUT_15445,DIST_NW_01
OUT_15446,DIST_NW_02
OUT_15447,DIST_NW_02
OUT_15448,DIST_NW_01
OUT_15449,DIST_NW_02
OUT_15450,DIST_NW_02
OUT_15451,DIST_NW_02
OUT_15452,DIST_NW_02
OUT_15453,DIST_NW_02
OUT_15454,DIST_NW_02
OUT_15455,DIST_NW_02
OUT_15456,DIST_NW_01
OUT_15457,DIST_NW_01
OUT_15458,DIST_NW_01
OUT_15459,DIST_NW_02
OUT_15460,DIST_NW_02
OUT_15461,DIST_NW_02
OUT_15462,DIST_NW_01
OUT_15463,DIST_NW_02
OUT_15464,DIST_NW_02
OUT_15465,DIST_NW_02
OUT_15466,DIST_NW_01
OUT_15467,DIST_NW_02
OUT_15468,DIST_NW_01
OUT_15469,DIST_NW_01
OUT_15470,DIST_NW_01
OUT_15471,DIST_NW_02
OUT_15472,DIST_NW_01
OUT_15473,DIST_NW_02
OUT_15474,DIST_NW_02
OUT_15475,DIST_NW_01
OUT_15476,DIST_NW_02
OUT_15477,DIST_NW_02
OUT_15478,DIST_NW_02
OUT_15479,DIST_NW_01
OUT_15480,DIST_NW_01
OUT_15481,DIST_NW_02
OUT_15482,DIST_NW_01
OUT_15483,DIST_NW_01
OUT_15484,DIST_NW_02
OUT_15485,DIST_NW_02
OUT_15486,DIST_NW_02
OUT_15487,DIST_NW_01
OUT_15488,DIST_NW_02
OUT_15489,DIST_NW_01
OUT_15490,DIST_NW_01
OUT_15491,DIST_NW_01
OUT_15492,DIST_NW_01
OUT_15493,DIST_NW_02
OUT_15494,DIST_NW_02
OUT_15495,DIST_NW_01
OUT_15496,DIST_NW_01
OUT_15497,DIST_NW_01
OUT_15498,DIST_NW_01
OUT_15499,DIST_NW_02
OUT_15500,DIST_NW_01
OUT_15501,DIST_NW_01
OUT_15502,DIST_NW_01
OUT_15503,DIST_NW_02
OUT_15504,DIST_NW_01
OUT_15505,DIST_NW_02
OUT_15506,DIST_NW_01
OUT_15507,DIST_NW_01
OUT_15508,DIST_NW_01
OUT_15509,DIST_NW_02
OUT_15510,DIST_NW_02
OUT_15511,DIST_NW_02
OUT_15512,DIST_NW_01
OUT_15513,DIST_NW_02
OUT_15514,DIST_NW_01
OUT_15515,DIST_NW_02
OUT_15516,DIST_NW_02
OUT_15517,DIST_NW_02
OUT_15518,DIST_NW_01
OUT_15519,DIST_NW_01
OUT_15520,DIST_NW_01
OUT_15521,DIST_NW_01
OUT_15522,DIST_NW_01
OUT_15523,DIST_NW_02
OUT_15524,DIST_NW_01
OUT_15525,DIST_NW_01
OUT_15526,DIST_NW_01
OUT_15527,DIST_NW_02
OUT_15528,DIST_NW_02
OUT_15529,DIST_NW_01
OUT_15530,DIST_NW_02
OUT_15531,DIST_NW_02
OUT_15532,DIST_NW_01
OUT_15533,DIST_NW_02
OUT_15534,DIST_NW_02
OUT_15535,DIST_NW_02
OUT_15536,DIST_NW_01
OUT_15537,DIST_NW_02
OUT_15538,DIST_NW_02
OUT_15539,DIST_NW_01
OUT_15540,DIST_NW_01
OUT_15541,DIST_NW_02
OUT_15542,DIST_NW_02
OUT_15543,DIST_NW_02
OUT_15544,DIST_NW_01
OUT_15545,DIST_NW_01
OUT_15546,DIST_NW_01
OUT_15547,DIST_NW_01
OUT_15548,DIST_NW_02
OUT_15549,DIST_NW_01
OUT_15550,DIST_NW_02
OUT_15551,DIST_NW_02
OUT_15552,DIST_NW_02
OUT_15553,DIST_NW_01
OUT_15554,DIST_NW_01
OUT_15555,DIST_NW_02
OUT_15556,DIST_NW_02
OUT_15557,DIST_NW_02
OUT_15558,DIST_NW_02
OUT_15559,DIST_NW_02
OUT_15560,DIST_NW_01
OUT_15561,DIST_NW_02
OUT_15562,DIST_NW_01
OUT_15563,DIST_NW_01
OUT_15564,DIST_NW_01
OUT_15565,DIST_NW_01
OUT_15566,DIST_NW_01
OUT_15567,DIST_NW_02
OUT_15568,DIST_NW_02
OUT_15569,DIST_NW_02
OUT_15570,DIST_NW_02
OUT_15571,DIST_NW_02
OUT_15572,DIST_NW_02
OUT_15573,DIST_NW_01
OUT_15574,DIST_NW_01
OUT_15575,DIST_NW_01
OUT_15576,DIST_NW_01
OUT_15577,DIST_NW_01
OUT_15578,DIST_NW_01
OUT_15579,DIST_NW_02
OUT_15580,DIST_NW_01
OUT_15581,DIST_NW_02
OUT_15582,DIST_NW_02
OUT_15583,DIST_NW_01
OUT_15584,DIST_NW_01
OUT_15585,DIST_NW_02
OUT_15586,DIST_NW_02
OUT_15587,DIST_NW_02
OUT_15588,DIST_NW_02
OUT_15589,DIST_NW_02
OUT_15590,DIST_NW_02
OUT_15591,DIST_NW_02
OUT_15592,DIST_NW_01
OUT_15593,DIST_NW_02
OUT_15594,DIST_NW_02
OUT_15595,DIST_NW_01
OUT_15596,DIST_NW_01
OUT_15597,DIST_NW_02
OUT_15598,DIST_NW_01
OUT_15599,DIST_NW_01
OUT_15600,DIST_NW_01
OUT_15601,DIST_NW_01
OUT_15602,DIST_NW_02
OUT_15603,DIST_NW_02
OUT_15604,DIST_NW_02
OUT_15605,DIST_NW_01
OUT_15606,DIST_NW_01
OUT_15607,DIST_NW_02
OUT_15608,DIST_NW_01
OUT_15609,DIST_NW_01
OUT_15610,DIST_NW_02
OUT_15611,DIST_NW_01
OUT_15612,DIST_NW_02
OUT_15613,DIST_NW_01
OUT_15614,DIST_NW_01
OUT_15615,DIST_NW_01
OUT_15616,DIST_NW_02
OUT_15617,DIST_NW_02
OUT_15618,DIST_NW_02
OUT_15619,DIST_NW_01
OUT_15620,DIST_NW_02
OUT_15621,DIST_NW_02
OUT_15622,DIST_NW_02
OUT_15623,DIST_NW_01
OUT_15624,DIST_NW_02
OUT_15625,DIST_NW_02
OUT_15626,DIST_NW_02
OUT_15627,DIST_NW_01
OUT_15628,DIST_NW_01
OUT_15629,DIST_NW_01
OUT_15630,DIST_NW_02
OUT_15631,DIST_NW_01
OUT_15632,DIST_NW_02
OUT_15633,DIST_NW_02
OUT_15634,DIST_NW_02
OUT_15635,DIST_NW_01
OUT_15636,DIST_NW_01
OUT_15637,DIST_NW_02
OUT_15638,DIST_NW_02
OUT_15639,DIST_NW_01
OUT_15640,DIST_NW_01
OUT_15641,DIST_NW_02
OUT_15642,DIST_NW_01
OUT_15643,DIST_NW_02
OUT_15644,DIST_NW_02
OUT_15645,DIST_NW_02
OUT_15646,DIST_NW_01
OUT_15647,DIST_NW_01
OUT_15648,DIST_NW_02
OUT_15649,DIST_NW_01
OUT_15650,DIST_NW_01
OUT_15651,DIST_NW_02
OUT_15652,DIST_NW_01
OUT_15653,DIST_NW_01
OUT_15654,DIST_NW_02
OUT_15655,DIST_NW_02
OUT_15656,DIST_NW_02
OUT_15657,DIST_NW_02
OUT_15658,DIST_NW_02
OUT_15659,DIST_NW_01
OUT_15660,DIST_NW_02
OUT_15661,DIST_NW_02
OUT_15662,DIST_NW_02
OUT_15663,DIST_NW_01
OUT_15664,DIST_NW_02
OUT_15665,DIST_NW_02
OUT_15666,DIST_NW_02
OUT_15667,DIST_NW_01
OUT_15668,DIST_NW_02
OUT_15669,DIST_NW_02
OUT_15670,DIST_NW_02
OUT_15671,DIST_NW_01
OUT_15672,DIST_NW_02
OUT_15673,DIST_NW_01
OUT_15674,DIST_NW_02
OUT_15675,DIST_NW_02
OUT_15676,DIST_NW_01
OUT_15677,DIST_NW_01
OUT_15678,DIST_NW_01
OUT_15679,DIST_NW_02
OUT_15680,DIST_NW_01
OUT_15681,DIST_NW_01
OUT_15682,DIST_NW_01
OUT_15683,DIST_NW_02
OUT_15684,DIST_NW_02
OUT_15685,DIST_NW_02
OUT_15686,DIST_NW_02
OUT_15687,DIST_NW_02
OUT_15688,DIST_NW_02
OUT_15689,DIST_NW_02
OUT_15690,DIST_NW_01
OUT_15691,DIST_NW_01
OUT_15692,DIST_NW_02
OUT_15693,DIST_NW_01
OUT_15694,DIST_NW_01
OUT_15695,DIST_NW_02
OUT_15696,DIST_NW_02
OUT_15697,DIST_NW_02
OUT_15698,DIST_NW_02
OUT_15699,DIST_NW_01
OUT_15700,DIST_NW_02
OUT_15701,DIST_NW_02
OUT_15702,DIST_NW_02
OUT_15703,DIST_NW_02
OUT_15704,DIST_NW_01
OUT_15705,DIST_NW_01
OUT_15706,DIST_NW_01
OUT_15707,DIST_NW_02
OUT_15708,DIST_NW_02
OUT_15709,DIST_NW_02
OUT_15710,DIST_NW_02
OUT_15711,DIST_NW_02
OUT_15712,DIST_NW_01
OUT_15713,DIST_NW_01
OUT_15714,DIST_NW_01
OUT_15715,DIST_NW_01
OUT_15716,DIST_NW_02
OUT_15717,DIST_NW_02
OUT_15718,DIST_NW_01
OUT_15719,DIST_NW_01
OUT_15720,DIST_NW_02
OUT_15721,DIST_NW_02
OUT_15722,DIST_NW_02
OUT_15723,DIST_NW_01
OUT_15724,DIST_NW_02
OUT_15725,DIST_NW_01
OUT_15726,DIST_NW_01
OUT_15727,DIST_NW_01
OUT_15728,DIST_NW_02
OUT_15729,DIST_NW_01
OUT_15730,DIST_NW_02
OUT_15731,DIST_NW_01
OUT_15732,DIST_NW_01
OUT_15733,DIST_NW_02
OUT_15734,DIST_NW_01
OUT_15735,DIST_NW_02
OUT_15736,DIST_NW_01
OUT_15737,DIST_NW_01
OUT_15738,DIST_NW_01
OUT_15739,DIST_NW_02
OUT_15740,DIST_NW_02
OUT_15741,DIST_NW_01
OUT_15742,DIST_NW_01
OUT_15743,DIST_NW_01
OUT_15744,DIST_NW_01
OUT_15745,DIST_NW_01
OUT_15746,DIST_NW_02
OUT_15747,DIST_NW_02
OUT_15748,DIST_NW_01
OUT_15749,DIST_NW_02
OUT_15750,DIST_NW_01
OUT_15751,DIST_NW_02
OUT_15752,DIST_NW_02
OUT_15753,DIST_NW_01
OUT_15754,DIST_NW_01
OUT_15755,DIST_NW_01
OUT_15756,DIST_NW_02
OUT_15757,DIST_NW_01
OUT_15758,DIST_NW_02
OUT_15759,DIST_NW_01
OUT_15760,DIST_NW_02
OUT_15761,DIST_NW_01
OUT_15762,DIST_NW_02
OUT_15763,DIST_NW_01
OUT_15764,DIST_NW_01
OUT_15765,DIST_NW_01
OUT_15766,DIST_NW_02
OUT_15767,DIST_NW_01
OUT_15768,DIST_NW_01
OUT_15769,DIST_NW_01
OUT_15770,DIST_NW_01
OUT_15771,DIST_NW_02
OUT_15772,DIST_NW_02
OUT_15773,DIST_NW_01
OUT_15774,DIST_NW_01
OUT_15775,DIST_NW_01
OUT_15776,DIST_NW_02
OUT_15777,DIST_NW_01
OUT_15778,DIST_NW_02
OUT_15779,DIST_NW_02
OUT_15780,DIST_NW_01
OUT_15781,DIST_NW_01
OUT_15782,DIST_NW_01
OUT_15783,DIST_NW_01
OUT_15784,DIST_NW_01
OUT_15785,DIST_NW_01
OUT_15786,DIST_NW_01
OUT_15787,DIST_NW_01
OUT_15788,DIST_NW_01
OUT_15789,DIST_NW_01
OUT_15790,DIST_NW_01
OUT_15791,DIST_NW_01
OUT_15792,DIST_NW_01
OUT_15793,DIST_NW_01
OUT_15794,DIST_NW_01
OUT_15795,DIST_NW_02
OUT_15796,DIST_NW_01
OUT_15797,DIST_NW_01
OUT_15798,DIST_NW_01
OUT_15799,DIST_NW_02
OUT_15800,DIST_NW_01
OUT_15801,DIST_NW_02
OUT_15802,DIST_NW_01
OUT_15803,DIST_NW_02
OUT_15804,DIST_NW_02
OUT_15805,DIST_NW_02
OUT_15806,DIST_NW_01
OUT_15807,DIST_NW_02
OUT_15808,DIST_NW_01
OUT_15809,DIST_NW_02
OUT_15810,DIST_NW_02
OUT_15811,DIST_NW_02
OUT_15812,DIST_NW_01
OUT_15813,DIST_NW_01
OUT_15814,DIST_NW_02
OUT_15815,DIST_NW_01
OUT_15816,DIST_NW_01
OUT_15817,DIST_NW_02
OUT_15818,DIST_NW_01
OUT_15819,DIST_NW_02
OUT_15820,DIST_NW_02
OUT_15821,DIST_NW_01
OUT_15822,DIST_NW_02
OUT_15823,DIST_NW_01
OUT_15824,DIST_NW_01
OUT_15825,DIST_NW_02
OUT_15826,DIST_NW_01
OUT_15827,DIST_NW_02
OUT_15828,DIST_NW_01
OUT_15829,DIST_NW_01
OUT_15830,DIST_NW_02
OUT_15831,DIST_NW_02
OUT_15832,DIST_NW_02
OUT_15833,DIST_NW_02
OUT_15834,DIST_NW_01
OUT_15835,DIST_NW_02
OUT_15836,DIST_NW_01
OUT_15837,DIST_NW_02
OUT_15838,DIST_NW_02
OUT_15839,DIST_NW_01
OUT_15840,DIST_NW_01
OUT_15841,DIST_NW_01
OUT_15842,DIST_NW_02
OUT_15843,DIST_NW_01
OUT_15844,DIST_NW_01
OUT_15845,DIST_NW_02
OUT_15846,DIST_NW_02
OUT_15847,DIST_NW_02
OUT_15848,DIST_NW_02
OUT_15849,DIST_NW_01
OUT_15850,DIST_NW_01
OUT_15851,DIST_NW_02
OUT_15852,DIST_NW_02
OUT_15853,DIST_NW_01
OUT_15854,DIST_NW_02
OUT_15855,DIST_NW_02
OUT_15856,DIST_NW_02
OUT_15857,DIST_NW_01
OUT_15858,DIST_NW_01
OUT_15859,DIST_NW_02
OUT_15860,DIST_NW_01
OUT_15861,DIST_NW_01
OUT_15862,DIST_NW_01
OUT_15863,DIST_NW_01
OUT_15864,DIST_NW_01
OUT_15865,DIST_NW_01
OUT_15866,DIST_NW_02
OUT_15867,DIST_NW_01
OUT_15868,DIST_NW_01
OUT_15869,DIST_NW_01
OUT_15870,DIST_NW_01
OUT_15871,DIST_NW_01
OUT_15872,DIST_NW_01
OUT_15873,DIST_NW_02
OUT_15874,DIST_NW_01
OUT_15875,DIST_NW_02
OUT_15876,DIST_NW_01
OUT_15877,DIST_NW_02
OUT_15878,DIST_NW_02
OUT_15879,DIST_NW_02
OUT_15880,DIST_NW_02
OUT_15881,DIST_NW_02
OUT_15882,DIST_NW_01
OUT_15883,DIST_NW_02
OUT_15884,DIST_NW_02
OUT_15885,DIST_NW_01
OUT_15886,DIST_NW_02
OUT_15887,DIST_NW_01
OUT_15888,DIST_NW_01
OUT_15889,DIST_NW_01
OUT_15890,DIST_NW_01
OUT_15891,DIST_NW_02
OUT_15892,DIST_NW_01
OUT_15893,DIST_NW_02
OUT_15894,DIST_NW_02
OUT_15895,DIST_NW_02
OUT_15896,DIST_NW_02
OUT_15897,DIST_NW_02
OUT_15898,DIST_NW_01
OUT_15899,DIST_NW_02
OUT_15900,DIST_NW_02
OUT_15901,DIST_NW_01
OUT_15902,DIST_NW_02
OUT_15903,DIST_NW_02
OUT_15904,DIST_NW_01
OUT_15905,DIST_NW_01
OUT_15906,DIST_NW_01
OUT_15907,DIST_NW_01
OUT_15908,DIST_NW_01
OUT_15909,DIST_NW_02
OUT_15910,DIST_NW_02
OUT_15911,DIST_NW_02
OUT_15912,DIST_NW_02
OUT_15913,DIST_NW_01
OUT_15914,DIST_NW_01
OUT_15915,DIST_NW_02
OUT_15916,DIST_NW_01
OUT_15917,DIST_NW_01
OUT_15918,DIST_NW_01
OUT_15919,DIST_NW_01
OUT_15920,DIST_NW_01
OUT_15921,DIST_NW_01
OUT_15922,DIST_NW_01
OUT_15923,DIST_NW_01
OUT_15924,DIST_NW_02
OUT_15925,DIST_NW_02
OUT_15926,DIST_NW_01
OUT_15927,DIST_NW_01
OUT_15928,DIST_NW_01
OUT_15929,DIST_NW_01
OUT_15930,DIST_NW_02
OUT_15931,DIST_NW_01
OUT_15932,DIST_NW_02
OUT_15933,DIST_NW_01
OUT_15934,DIST_NW_02
OUT_15935,DIST_NW_01
OUT_15936,DIST_NW_02
OUT_15937,DIST_NW_01
OUT_15938,DIST_NW_01
OUT_15939,DIST_NW_02
OUT_15940,DIST_NW_01
OUT_15941,DIST_NW_01
OUT_15942,DIST_NW_01
OUT_15943,DIST_NW_02
OUT_15944,DIST_NW_02
OUT_15945,DIST_NW_02
OUT_15946,DIST_NW_01
OUT_15947,DIST_NW_01
OUT_15948,DIST_NW_02
OUT_15949,DIST_NW_01
OUT_15950,DIST_NW_01
OUT_15951,DIST_NW_01
OUT_15952,DIST_NW_01
OUT_15953,DIST_NW_01
OUT_15954,DIST_NW_01
OUT_15955,DIST_NW_01
OUT_15956,DIST_NW_01
OUT_15957,DIST_NW_01
OUT_15958,DIST_NW_01
OUT_15959,DIST_NW_02
OUT_15960,DIST_NW_01
OUT_15961,DIST_NW_02
OUT_15962,DIST_NW_01
OUT_15963,DIST_NW_01
OUT_15964,DIST_NW_02
OUT_15965,DIST_NW_02
OUT_15966,DIST_NW_01
OUT_15967,DIST_NW_02
OUT_15968,DIST_NW_01
OUT_15969,DIST_NW_01
OUT_15970,DIST_NW_02
OUT_15971,DIST_NW_01
OUT_15972,DIST_NW_02
OUT_15973,DIST_NW_01
OUT_15974,DIST_NW_01
OUT_15975,DIST_NW_02
OUT_15976,DIST_NW_01
OUT_15977,DIST_NW_01
OUT_15978,DIST_NW_01
OUT_15979,DIST_NW_01
OUT_15980,DIST_NW_02
OUT_15981,DIST_NW_01
OUT_15982,DIST_NW_01
OUT_15983,DIST_NW_02
OUT_15984,DIST_NW_02
OUT_15985,DIST_NW_01
OUT_15986,DIST_NW_02
OUT_15987,DIST_NW_02
OUT_15988,DIST_NW_02
OUT_15989,DIST_NW_01
OUT_15990,DIST_NW_01
OUT_15991,DIST_NW_01
OUT_15992,DIST_NW_02
OUT_15993,DIST_NW_02
OUT_15994,DIST_NW_02
OUT_15995,DIST_NW_01
OUT_15996,DIST_NW_01
OUT_15997,DIST_NW_02
OUT_15998,DIST_NW_01
OUT_15999,DIST_NW_02
OUT_16000,DIST_NW_02
OUT_16001,DIST_NW_01
OUT_16002,DIST_NW_01
OUT_16003,DIST_NW_02
OUT_16004,DIST_NW_01
OUT_16005,DIST_NW_01
OUT_16006,DIST_NW_01
OUT_16007,DIST_NW_01
OUT_16008,DIST_NW_01
OUT_16009,DIST_NW_01
OUT_16010,DIST_NW_02
OUT_16011,DIST_NW_01
OUT_16012,DIST_NW_02
OUT_16013,DIST_NW_01
OUT_16014,DIST_NW_01
OUT_16015,DIST_NW_01
OUT_16016,DIST_NW_02
OUT_16017,DIST_NW_01
OUT_16018,DIST_NW_01
OUT_16019,DIST_NW_01
OUT_16020,DIST_NW_01
OUT_16021,DIST_NW_02
OUT_16022,DIST_NW_02
OUT_16023,DIST_NW_01
OUT_16024,DIST_NW_01
OUT_16025,DIST_NW_02
OUT_16026,DIST_NW_02
OUT_16027,DIST_NW_02
OUT_16028,DIST_NW_02
OUT_16029,DIST_NW_02
OUT_16030,DIST_NW_01
OUT_16031,DIST_NW_01
OUT_16032,DIST_NW_01
OUT_16033,DIST_NW_01
OUT_16034,DIST_NW_01
OUT_16035,DIST_NW_01
OUT_16036,DIST_NW_02
OUT_16037,DIST_NW_01
OUT_16038,DIST_NW_02
OUT_16039,DIST_NW_02
OUT_16040,DIST_NW_02
OUT_16041,DIST_NW_01
OUT_16042,DIST_NW_02
OUT_16043,DIST_NW_02
OUT_16044,DIST_NW_01
OUT_16045,DIST_NW_01
OUT_16046,DIST_NW_01
OUT_16047,DIST_NW_01
OUT_16048,DIST_NW_02
OUT_16049,DIST_NW_01
OUT_16050,DIST_NW_01
OUT_16051,DIST_NW_01
OUT_16052,DIST_NW_01
OUT_16053,DIST_NW_02
OUT_16054,DIST_NW_01
OUT_16055,DIST_NW_02
OUT_16056,DIST_NW_02
OUT_16057,DIST_NW_01
OUT_16058,DIST_NW_01
OUT_16059,DIST_NW_01
OUT_16060,DIST_NW_01
OUT_16061,DIST_NW_01
OUT_16062,DIST_NW_01
OUT_16063,DIST_NW_02
OUT_16064,DIST_NW_02
OUT_16065,DIST_NW_02
OUT_16066,DIST_NW_02
OUT_16067,DIST_NW_01
OUT_16068,DIST_NW_01
OUT_16069,DIST_NW_02
OUT_16070,DIST_NW_01
OUT_16071,DIST_NW_02
OUT_16072,DIST_NW_01
OUT_16073,DIST_NW_01
OUT_16074,DIST_NW_01
OUT_16075,DIST_NW_02
OUT_16076,DIST_NW_01
OUT_16077,DIST_NW_01
OUT_16078,DIST_NW_01
OUT_16079,DIST_NW_02
OUT_16080,DIST_NW_01
OUT_16081,DIST_NW_01
OUT_16082,DIST_NW_02
OUT_16083,DIST_NW_01
OUT_16084,DIST_NW_01
OUT_16085,DIST_NW_02
OUT_16086,DIST_NW_01
OUT_16087,DIST_NW_01
OUT_16088,DIST_NW_02
OUT_16089,DIST_NW_02
OUT_16090,DIST_NW_01
OUT_16091,DIST_NW_01
OUT_16092,DIST_NW_02
OUT_16093,DIST_NW_02
OUT_16094,DIST_NW_01
OUT_16095,DIST_NW_02
OUT_16096,DIST_NW_02
OUT_16097,DIST_NW_01
OUT_16098,DIST_NW_02
OUT_16099,DIST_NW_01
OUT_16100,DIST_NW_02
OUT_16101,DIST_NW_01
OUT_16102,DIST_NW_02
OUT_16103,DIST_NW_01
OUT_16104,DIST_NW_01
OUT_16105,DIST_NW_01
OUT_16106,DIST_NW_01
OUT_16107,DIST_NW_02
OUT_16108,DIST_NW_01
OUT_16109,DIST_NW_02
OUT_16110,DIST_NW_01
OUT_16111,DIST_NW_02
OUT_16112,DIST_NW_02
OUT_16113,DIST_NW_02
OUT_16114,DIST_NW_01
OUT_16115,DIST_NW_02
OUT_16116,DIST_NW_02
OUT_16117,DIST_NW_01
OUT_16118,DIST_NW_02
OUT_16119,DIST_NW_01
OUT_16120,DIST_NW_02
OUT_16121,DIST_NW_01
OUT_16122,DIST_NW_02
OUT_16123,DIST_NW_02
OUT_16124,DIST_NW_02
OUT_16125,DIST_NW_01
OUT_16126,DIST_NW_02
OUT_16127,DIST_NW_02
OUT_16128,DIST_NW_02
OUT_16129,DIST_NW_01
OUT_16130,DIST_NW_02
OUT_16131,DIST_NW_02
OUT_16132,DIST_NW_02
OUT_16133,DIST_NW_01
OUT_16134,DIST_NW_01
OUT_16135,DIST_NW_02
OUT_16136,DIST_NW_02
OUT_16137,DIST_NW_01
OUT_16138,DIST_NW_02
OUT_16139,DIST_NW_01
OUT_16140,DIST_NW_02
OUT_16141,DIST_NW_02
OUT_16142,DIST_NW_02
OUT_16143,DIST_NW_01
OUT_16144,DIST_NW_01
OUT_16145,DIST_NW_02
OUT_16146,DIST_NW_01
OUT_16147,DIST_NW_02
OUT_16148,DIST_NW_02
OUT_16149,DIST_NW_01
OUT_16150,DIST_NW_02
OUT_16151,DIST_NW_01
OUT_16152,DIST_NW_01
OUT_16153,DIST_NW_01
OUT_16154,DIST_NW_02
OUT_16155,DIST_NW_01
OUT_16156,DIST_NW_02
OUT_16157,DIST_NW_02
OUT_16158,DIST_NW_02
OUT_16159,DIST_NW_01
OUT_16160,DIST_NW_02
OUT_16161,DIST_NW_01
OUT_16162,DIST_NW_02
OUT_16163,DIST_NW_01
OUT_16164,DIST_NW_02
OUT_16165,DIST_NW_01
OUT_16166,DIST_NW_01
OUT_16167,DIST_NW_01
OUT_16168,DIST_NW_01
OUT_16169,DIST_NW_01
OUT_16170,DIST_NW_01
OUT_16171,DIST_NW_02
OUT_16172,DIST_NW_02
OUT_16173,DIST_NW_01
OUT_16174,DIST_NW_01
OUT_16175,DIST_NW_01
OUT_16176,DIST_NW_01
OUT_16177,DIST_NW_01
OUT_16178,DIST_NW_02
OUT_16179,DIST_NW_01
OUT_16180,DIST_NW_02
OUT_16181,DIST_NW_01
OUT_16182,DIST_NW_02
OUT_16183,DIST_NW_02
OUT_16184,DIST_NW_01
OUT_16185,DIST_NW_01
OUT_16186,DIST_NW_02
OUT_16187,DIST_NW_02
OUT_16188,DIST_NW_02
OUT_16189,DIST_NW_02
OUT_16190,DIST_NW_02
OUT_16191,DIST_NW_02
OUT_16192,DIST_NW_02
OUT_16193,DIST_NW_01
OUT_16194,DIST_NW_02
OUT_16195,DIST_NW_01
OUT_16196,DIST_NW_01
OUT_16197,DIST_NW_02
OUT_16198,DIST_NW_02
OUT_16199,DIST_NW_01
OUT_16200,DIST_NW_01
OUT_16201,DIST_NW_02
OUT_16202,DIST_NW_02
OUT_16203,DIST_NW_02
OUT_16204,DIST_NW_01
OUT_16205,DIST_NW_01
OUT_16206,DIST_NW_02
OUT_16207,DIST_NW_02
OUT_16208,DIST_NW_01
OUT_16209,DIST_NW_01
OUT_16210,DIST_NW_01
OUT_16211,DIST_NW_01
OUT_16212,DIST_NW_01
OUT_16213,DIST_NW_01
OUT_16214,DIST_NW_01
OUT_16215,DIST_NW_01
OUT_16216,DIST_NW_02
OUT_16217,DIST_NW_01
OUT_16218,DIST_NW_02
OUT_16219,DIST_NW_02
OUT_16220,DIST_NW_02
OUT_16221,DIST_NW_01
OUT_16222,DIST_NW_01
OUT_16223,DIST_NW_01
OUT_16224,DIST_NW_01
OUT_16225,DIST_NW_01
OUT_16226,DIST_NW_01
OUT_16227,DIST_NW_01
OUT_16228,DIST_NW_02
OUT_16229,DIST_NW_01
OUT_16230,DIST_NW_01
OUT_16231,DIST_NW_01
OUT_16232,DIST_NW_02
OUT_16233,DIST_NW_01
OUT_16234,DIST_NW_01
OUT_16235,DIST_NW_02
OUT_16236,DIST_NW_02
OUT_16237,DIST_NW_01
OUT_16238,DIST_NW_02
OUT_16239,DIST_NW_01
OUT_16240,DIST_NW_01
OUT_16241,DIST_NW_01
OUT_16242,DIST_NW_02
OUT_16243,DIST_NW_01
OUT_16244,DIST_NW_02
OUT_16245,DIST_NW_02
OUT_16246,DIST_NW_02
OUT_16247,DIST_NW_01
OUT_16248,DIST_NW_01
OUT_16249,DIST_NW_01
OUT_16250,DIST_NW_02
OUT_16251,DIST_NW_01
OUT_16252,DIST_NW_01
OUT_16253,DIST_NW_02
OUT_16254,DIST_NW_02
OUT_16255,DIST_NW_02
OUT_16256,DIST_NW_01
OUT_16257,DIST_NW_02
OUT_16258,DIST_NW_01
OUT_16259,DIST_NW_02
OUT_16260,DIST_NW_01
OUT_16261,DIST_NW_01
OUT_16262,DIST_NW_01
OUT_16263,DIST_NW_02
OUT_16264,DIST_NW_01
OUT_16265,DIST_NW_01
OUT_16266,DIST_NW_02
OUT_16267,DIST_NW_01
OUT_16268,DIST_NW_02
OUT_16269,DIST_NW_01
OUT_16270,DIST_NW_02
OUT_16271,DIST_NW_02
OUT_16272,DIST_NW_02
OUT_16273,DIST_NW_02
OUT_16274,DIST_NW_02
OUT_16275,DIST_NW_01
OUT_16276,DIST_NW_02
OUT_16277,DIST_NW_01
OUT_16278,DIST_NW_01
OUT_16279,DIST_NW_01
OUT_16280,DIST_NW_02
OUT_16281,DIST_NW_01
OUT_16282,DIST_NW_02
OUT_16283,DIST_NW_02
OUT_16284,DIST_NW_01
OUT_16285,DIST_NW_01
OUT_16286,DIST_NW_01
OUT_16287,DIST_NW_02
OUT_16288,DIST_NW_01
OUT_16289,DIST_NW_02
OUT_16290,DIST_NW_01
OUT_16291,DIST_NW_01
OUT_16292,DIST_NW_01
OUT_16293,DIST_NW_02
OUT_16294,DIST_NW_02
OUT_16295,DIST_NW_02
OUT_16296,DIST_NW_02
OUT_16297,DIST_NW_01
OUT_16298,DIST_NW_01
OUT_16299,DIST_NW_02
OUT_16300,DIST_NW_02
OUT_16301,DIST_NW_02
OUT_16302,DIST_NW_02
OUT_16303,DIST_NW_02
OUT_16304,DIST_NW_01
OUT_16305,DIST_NW_02
OUT_16306,DIST_NW_02
OUT_16307,DIST_NW_01
OUT_16308,DIST_NW_01
OUT_16309,DIST_NW_02
OUT_16310,DIST_NW_02
OUT_16311,DIST_NW_02
OUT_16312,DIST_NW_02
OUT_16313,DIST_NW_02
OUT_16314,DIST_NW_02
OUT_16315,DIST_NW_01
OUT_16316,DIST_NW_01
OUT_16317,DIST_NW_02
OUT_16318,DIST_NW_02
OUT_16319,DIST_NW_01
OUT_16320,DIST_NW_02
OUT_16321,DIST_NW_02
OUT_16322,DIST_NW_02
OUT_16323,DIST_NW_01
OUT_16324,DIST_NW_01
OUT_16325,DIST_NW_02
OUT_16326,DIST_NW_01
OUT_16327,DIST_NW_01
OUT_16328,DIST_NW_02
OUT_16329,DIST_NW_01
OUT_16330,DIST_NW_02
OUT_16331,DIST_NW_02
OUT_16332,DIST_NW_02
OUT_16333,DIST_NW_02
OUT_16334,DIST_NW_01
OUT_16335,DIST_NW_01
OUT_16336,DIST_NW_02
OUT_16337,DIST_NW_02
OUT_16338,DIST_NW_01
OUT_16339,DIST_NW_01
OUT_16340,DIST_NW_02
OUT_16341,DIST_NW_02
OUT_16342,DIST_NW_01
OUT_16343,DIST_NW_01
OUT_16344,DIST_NW_01
OUT_16345,DIST_NW_01
OUT_16346,DIST_NW_02
OUT_16347,DIST_NW_01
OUT_16348,DIST_NW_01
OUT_16349,DIST_NW_01
OUT_16350,DIST_NW_02
OUT_16351,DIST_NW_02
OUT_16352,DIST_NW_01
OUT_16353,DIST_NW_02
OUT_16354,DIST_NW_02
OUT_16355,DIST_NW_01
OUT_16356,DIST_NW_02
OUT_16357,DIST_NW_02
OUT_16358,DIST_NW_02
OUT_16359,DIST_NW_01
OUT_16360,DIST_NW_01
OUT_16361,DIST_NW_01
OUT_16362,DIST_NW_02
OUT_16363,DIST_NW_01
OUT_16364,DIST_NW_01
OUT_16365,DIST_NW_02
OUT_16366,DIST_NW_02
OUT_16367,DIST_NW_02
OUT_16368,DIST_NW_01
OUT_16369,DIST_NW_01
OUT_16370,DIST_NW_01
OUT_16371,DIST_NW_01
OUT_16372,DIST_NW_01
OUT_16373,DIST_NW_01
OUT_16374,DIST_NW_02
OUT_16375,DIST_NW_02
OUT_16376,DIST_NW_01
OUT_16377,DIST_NW_02
OUT_16378,DIST_NW_01
OUT_16379,DIST_NW_02
OUT_16380,DIST_NW_01
OUT_16381,DIST_NW_02
OUT_16382,DIST_NW_02
OUT_16383,DIST_NW_01
OUT_16384,DIST_NW_01
OUT_16385,DIST_NW_01
OUT_16386,DIST_NW_02
OUT_16387,DIST_NW_02
OUT_16388,DIST_NW_02
OUT_16389,DIST_NW_02
OUT_16390,DIST_NW_01
OUT_16391,DIST_NW_01
OUT_16392,DIST_NW_02
OUT_16393,DIST_NW_02
OUT_16394,DIST_NW_01
OUT_16395,DIST_NW_01
OUT_16396,DIST_NW_02
OUT_16397,DIST_NW_01
OUT_16398,DIST_NW_02
OUT_16399,DIST_NW_01
OUT_16400,DIST_NW_01
OUT_16401,DIST_NW_02
OUT_16402,DIST_NW_01
OUT_16403,DIST_NW_02
OUT_16404,DIST_NW_02
OUT_16405,DIST_NW_01
OUT_16406,DIST_NW_02
OUT_16407,DIST_NW_02
OUT_16408,DIST_NW_01
OUT_16409,DIST_NW_01
OUT_16410,DIST_NW_02
OUT_16411,DIST_NW_02
OUT_16412,DIST_NW_01
OUT_16413,DIST_NW_02
OUT_16414,DIST_NW_02
OUT_16415,DIST_NW_02
OUT_16416,DIST_NW_01
OUT_16417,DIST_NW_01
OUT_16418,DIST_NW_02
OUT_16419,DIST_NW_01
OUT_16420,DIST_NW_01
OUT_16421,DIST_NW_02
OUT_16422,DIST_NW_02
OUT_16423,DIST_NW_02
OUT_16424,DIST_NW_02
OUT_16425,DIST_NW_02
OUT_16426,DIST_NW_01
OUT_16427,DIST_NW_02
OUT_16428,DIST_NW_01
OUT_16429,DIST_NW_01
OUT_16430,DIST_NW_01
OUT_16431,DIST_NW_02
OUT_16432,DIST_NW_01
OUT_16433,DIST_NW_02
OUT_16434,DIST_NW_01
OUT_16435,DIST_NW_02
OUT_16436,DIST_NW_01
OUT_16437,DIST_NW_02
OUT_16438,DIST_NW_02
OUT_16439,DIST_NW_01
OUT_16440,DIST_NW_01
OUT_16441,DIST_NW_01
OUT_16442,DIST_NW_01
OUT_16443,DIST_NW_01
OUT_16444,DIST_NW_02
OUT_16445,DIST_NW_01
OUT_16446,DIST_NW_01
OUT_16447,DIST_NW_02
OUT_16448,DIST_NW_02
OUT_16449,DIST_NW_01
OUT_16450,DIST_NW_01
OUT_16451,DIST_NW_02
OUT_16452,DIST_NW_02
OUT_16453,DIST_NW_01
OUT_16454,DIST_NW_02
OUT_16455,DIST_NW_02
OUT_16456,DIST_NW_02
OUT_16457,DIST_NW_02
OUT_16458,DIST_NW_01
OUT_16459,DIST_NW_01
OUT_16460,DIST_NW_01
OUT_16461,DIST_NW_02
OUT_16462,DIST_NW_02
OUT_16463,DIST_NW_02
OUT_16464,DIST_NW_02
OUT_16465,DIST_NW_02
OUT_16466,DIST_NW_02
OUT_16467,DIST_NW_02
OUT_16468,DIST_NW_02
OUT_16469,DIST_NW_01
OUT_16470,DIST_NW_02
OUT_16471,DIST_NW_01
OUT_16472,DIST_NW_02
OUT_16473,DIST_NW_02
OUT_16474,DIST_NW_02
OUT_16475,DIST_NW_02
OUT_16476,DIST_NW_01
OUT_16477,DIST_NW_02
OUT_16478,DIST_NW_02
OUT_16479,DIST_NW_01
OUT_16480,DIST_NW_02
OUT_16481,DIST_NW_02
OUT_16482,DIST_NW_01
OUT_16483,DIST_NW_01
OUT_16484,DIST_NW_01
OUT_16485,DIST_NW_02
OUT_16486,DIST_NW_01
OUT_16487,DIST_NW_02
OUT_16488,DIST_NW_02
OUT_16489,DIST_NW_01
OUT_16490,DIST_NW_01
OUT_16491,DIST_NW_01
OUT_16492,DIST_NW_02
OUT_16493,DIST_NW_02
OUT_16494,DIST_NW_01
OUT_16495,DIST_NW_02
OUT_16496,DIST_NW_02
OUT_16497,DIST_NW_02
OUT_16498,DIST_NW_01
OUT_16499,DIST_NW_01
OUT_16500,DIST_NW_02
OUT_16501,DIST_NW_01
OUT_16502,DIST_NW_02
OUT_16503,DIST_NW_02
OUT_16504,DIST_NW_02
OUT_16505,DIST_NW_02
OUT_16506,DIST_NW_01
OUT_16507,DIST_NW_01
OUT_16508,DIST_NW_02
OUT_16509,DIST_NW_02
OUT_16510,DIST_NW_02
OUT_16511,DIST_NW_01
OUT_16512,DIST_NW_02
OUT_16513,DIST_NW_02
OUT_16514,DIST_NW_01
OUT_16515,DIST_NW_02
OUT_16516,DIST_NW_01
OUT_16517,DIST_NW_01
OUT_16518,DIST_NW_02
OUT_16519,DIST_NW_01
OUT_16520,DIST_NW_02
OUT_16521,DIST_NW_02
OUT_16522,DIST_NW_02
OUT_16523,DIST_NW_02
OUT_16524,DIST_NW_01
OUT_16525,DIST_NW_02
OUT_16526,DIST_NW_02
OUT_16527,DIST_NW_01
OUT_16528,DIST_NW_02
OUT_16529,DIST_NW_02
OUT_16530,DIST_NW_01
OUT_16531,DIST_NW_01
OUT_16532,DIST_NW_02
OUT_16533,DIST_NW_01
OUT_16534,DIST_NW_01
OUT_16535,DIST_NW_01
OUT_16536,DIST_NW_01
OUT_16537,DIST_NW_01
OUT_16538,DIST_NW_02
OUT_16539,DIST_NW_01
OUT_16540,DIST_NW_02
OUT_16541,DIST_NW_02
OUT_16542,DIST_NW_01
OUT_16543,DIST_NW_01
OUT_16544,DIST_NW_01
OUT_16545,DIST_NW_02
OUT_16546,DIST_NW_02
OUT_16547,DIST_NW_02
OUT_16548,DIST_NW_01
OUT_16549,DIST_NW_02
OUT_16550,DIST_NW_02
OUT_16551,DIST_NW_01
OUT_16552,DIST_NW_02
OUT_16553,DIST_NW_02
OUT_16554,DIST_NW_02
OUT_16555,DIST_NW_01
OUT_16556,DIST_NW_01
OUT_16557,DIST_NW_01
OUT_16558,DIST_NW_01
OUT_16559,DIST_NW_01
OUT_16560,DIST_NW_01
OUT_16561,DIST_NW_02
OUT_16562,DIST_NW_01
OUT_16563,DIST_NW_01
OUT_16564,DIST_NW_01
OUT_16565,DIST_NW_01
OUT_16566,DIST_NW_02
OUT_16567,DIST_NW_01
OUT_16568,DIST_NW_02
OUT_16569,DIST_NW_01
OUT_16570,DIST_NW_02
OUT_16571,DIST_NW_01
OUT_16572,DIST_NW_02
OUT_16573,DIST_NW_01
OUT_16574,DIST_NW_02
OUT_16575,DIST_NW_01
OUT_16576,DIST_NW_01
OUT_16577,DIST_NW_02
OUT_16578,DIST_NW_01
OUT_16579,DIST_NW_02
OUT_16580,DIST_NW_02
OUT_16581,DIST_NW_01
OUT_16582,DIST_NW_01
OUT_16583,DIST_NW_02
OUT_16584,DIST_NW_02
OUT_16585,DIST_NW_02
OUT_16586,DIST_NW_01
OUT_16587,DIST_NW_01
OUT_16588,DIST_NW_01
OUT_16589,DIST_NW_02
OUT_16590,DIST_NW_01
OUT_16591,DIST_NW_01
OUT_16592,DIST_NW_02
OUT_16593,DIST_NW_01
OUT_16594,DIST_NW_01
OUT_16595,DIST_NW_01
OUT_16596,DIST_NW_02
OUT_16597,DIST_NW_02
OUT_16598,DIST_NW_02
OUT_16599,DIST_NW_02
OUT_16600,DIST_NW_02
OUT_16601,DIST_NW_01
OUT_16602,DIST_NW_02
OUT_16603,DIST_NW_01
OUT_16604,DIST_NW_01
OUT_16605,DIST_NW_02
OUT_16606,DIST_NW_01
OUT_16607,DIST_NW_02
OUT_16608,DIST_NW_02
OUT_16609,DIST_NW_01
OUT_16610,DIST_NW_02
OUT_16611,DIST_NW_02
OUT_16612,DIST_NW_02
OUT_16613,DIST_NW_01
OUT_16614,DIST_NW_02
OUT_16615,DIST_NW_02
OUT_16616,DIST_NW_02
OUT_16617,DIST_NW_01
OUT_16618,DIST_NW_01
OUT_16619,DIST_NW_02
OUT_16620,DIST_NW_02
OUT_16621,DIST_NW_01
OUT_16622,DIST_NW_01
OUT_16623,DIST_NW_02
OUT_16624,DIST_NW_01
OUT_16625,DIST_NW_01
OUT_16626,DIST_NW_01
OUT_16627,DIST_NW_01
OUT_16628,DIST_NW_01
OUT_16629,DIST_NW_01
OUT_16630,DIST_NW_02
OUT_16631,DIST_NW_02
OUT_16632,DIST_NW_01
OUT_16633,DIST_NW_02
OUT_16634,DIST_NW_01
OUT_16635,DIST_NW_01
OUT_16636,DIST_NW_02
OUT_16637,DIST_NW_01
OUT_16638,DIST_NW_02
OUT_16639,DIST_NW_01
OUT_16640,DIST_NW_01
OUT_16641,DIST_NW_01
OUT_16642,DIST_NW_02
OUT_16643,DIST_NW_02
OUT_16644,DIST_NW_02
OUT_16645,DIST_NW_01
OUT_16646,DIST_NW_01
OUT_16647,DIST_NW_02
OUT_16648,DIST_NW_01
OUT_16649,DIST_NW_02
OUT_16650,DIST_NW_01
OUT_16651,DIST_NW_01
OUT_16652,DIST_NW_02
OUT_16653,DIST_NW_01
OUT_16654,DIST_NW_01
OUT_16655,DIST_NW_01
OUT_16656,DIST_NW_01
OUT_16657,DIST_NW_02
OUT_16658,DIST_NW_01
OUT_16659,DIST_NW_02
OUT_16660,DIST_NW_02
OUT_16661,DIST_NW_01
OUT_16662,DIST_NW_02
OUT_16663,DIST_NW_02
OUT_16664,DIST_NW_02
OUT_16665,DIST_NW_02
OUT_16666,DIST_NW_01
OUT_16667,DIST_NW_02
OUT_16668,DIST_NW_01
OUT_16669,DIST_NW_02
OUT_16670,DIST_NW_02
OUT_16671,DIST_NW_01
OUT_16672,DIST_NW_01
OUT_16673,DIST_NW_02
OUT_16674,DIST_NW_02
OUT_16675,DIST_NW_01
OUT_16676,DIST_NW_02
OUT_16677,DIST_NW_02
OUT_16678,DIST_NW_02
OUT_16679,DIST_NW_02
OUT_16680,DIST_NW_01
OUT_16681,DIST_NW_01
OUT_16682,DIST_NW_02
OUT_16683,DIST_NW_02
OUT_16684,DIST_NW_01
OUT_16685,DIST_NW_02
OUT_16686,DIST_NW_01
OUT_16687,DIST_NW_01
OUT_16688,DIST_NW_01
OUT_16689,DIST_NW_01
OUT_16690,DIST_NW_01
OUT_16691,DIST_NW_01
OUT_16692,DIST_NW_01
OUT_16693,DIST_NW_01
OUT_16694,DIST_NW_01
OUT_16695,DIST_NW_01
OUT_16696,DIST_NW_02
OUT_16697,DIST_NW_02
OUT_16698,DIST_NW_02
OUT_16699,DIST_NW_01
OUT_16700,DIST_NW_01
OUT_16701,DIST_NW_01
OUT_16702,DIST_NW_01
OUT_16703,DIST_NW_02
OUT_16704,DIST_NW_01
OUT_16705,DIST_NW_02
OUT_16706,DIST_NW_02
OUT_16707,DIST_NW_01
OUT_16708,DIST_NW_02
OUT_16709,DIST_NW_02
OUT_16710,DIST_NW_02
OUT_16711,DIST_NW_01
OUT_16712,DIST_NW_02
OUT_16713,DIST_NW_02
OUT_16714,DIST_NW_01
OUT_16715,DIST_NW_02
OUT_16716,DIST_NW_02
OUT_16717,DIST_NW_01
OUT_16718,DIST_NW_02
OUT_16719,DIST_NW_01
OUT_16720,DIST_NW_01
OUT_16721,DIST_NW_02
OUT_16722,DIST_NW_02
OUT_16723,DIST_NW_01
OUT_16724,DIST_NW_01
OUT_16725,DIST_NW_02
OUT_16726,DIST_NW_01
OUT_16727,DIST_NW_01
OUT_16728,DIST_NW_02
OUT_16729,DIST_NW_02
OUT_16730,DIST_NW_01
OUT_16731,DIST_NW_02
OUT_16732,DIST_NW_01
OUT_16733,DIST_NW_01
OUT_16734,DIST_NW_01
OUT_16735,DIST_NW_01
OUT_16736,DIST_NW_02
OUT_16737,DIST_NW_02
OUT_16738,DIST_NW_01
OUT_16739,DIST_NW_01
OUT_16740,DIST_NW_02
OUT_16741,DIST_NW_01
OUT_16742,DIST_NW_01
OUT_16743,DIST_NW_01
OUT_16744,DIST_NW_02
OUT_16745,DIST_NW_02
OUT_16746,DIST_NW_01
OUT_16747,DIST_NW_01
OUT_16748,DIST_NW_02
OUT_16749,DIST_NW_02
OUT_16750,DIST_NW_01
OUT_16751,DIST_NW_02
OUT_16752,DIST_NW_01
OUT_16753,DIST_NW_02
OUT_16754,DIST_NW_02
OUT_16755,DIST_NW_01
OUT_16756,DIST_NW_01
OUT_16757,DIST_NW_02
OUT_16758,DIST_NW_01
OUT_16759,DIST_NW_01
OUT_16760,DIST_NW_02
OUT_16761,DIST_NW_02
OUT_16762,DIST_NW_01
OUT_16763,DIST_NW_01
OUT_16764,DIST_NW_02
OUT_16765,DIST_NW_02
OUT_16766,DIST_NW_02
OUT_16767,DIST_NW_01
OUT_16768,DIST_NW_02
OUT_16769,DIST_NW_01
OUT_16770,DIST_NW_01
OUT_16771,DIST_NW_01
OUT_16772,DIST_NW_01
OUT_16773,DIST_NW_01
OUT_16774,DIST_NW_01
OUT_16775,DIST_NW_01
OUT_16776,DIST_NW_01
OUT_16777,DIST_NW_02
OUT_16778,DIST_NW_02
OUT_16779,DIST_NW_02
OUT_16780,DIST_NW_01
OUT_16781,DIST_NW_02
OUT_16782,DIST_NW_02
OUT_16783,DIST_NW_01
OUT_16784,DIST_NW_02
OUT_16785,DIST_NW_01
OUT_16786,DIST_NW_01
OUT_16787,DIST_NW_02
OUT_16788,DIST_NW_02
OUT_16789,DIST_NW_02
OUT_16790,DIST_NW_01
OUT_16791,DIST_NW_02
OUT_16792,DIST_NW_02
OUT_16793,DIST_NW_02
OUT_16794,DIST_NW_01
OUT_16795,DIST_NW_02
OUT_16796,DIST_NW_02
OUT_16797,DIST_NW_02
OUT_16798,DIST_NW_01
OUT_16799,DIST_NW_01
OUT_16800,DIST_NW_02
OUT_16801,DIST_NW_02
OUT_16802,DIST_NW_01
OUT_16803,DIST_NW_02
OUT_16804,DIST_NW_01
OUT_16805,DIST_NW_02
OUT_16806,DIST_NW_01
OUT_16807,DIST_NW_02
OUT_16808,DIST_NW_02
OUT_16809,DIST_NW_02
OUT_16810,DIST_NW_02
OUT_16811,DIST_NW_02
OUT_16812,DIST_NW_02
OUT_16813,DIST_NW_01
OUT_16814,DIST_NW_02
OUT_16815,DIST_NW_01
OUT_16816,DIST_NW_02
OUT_16817,DIST_NW_02
OUT_16818,DIST_NW_01
OUT_16819,DIST_NW_01
OUT_16820,DIST_NW_01
OUT_16821,DIST_NW_01
OUT_16822,DIST_NW_02
OUT_16823,DIST_NW_02
OUT_16824,DIST_NW_01
OUT_16825,DIST_NW_01
OUT_16826,DIST_NW_01
OUT_16827,DIST_NW_01
OUT_16828,DIST_NW_02
OUT_16829,DIST_NW_01
OUT_16830,DIST_NW_02
OUT_16831,DIST_NW_01
OUT_16832,DIST_NW_02
OUT_16833,DIST_NW_01
OUT_16834,DIST_NW_01
OUT_16835,DIST_NW_02
OUT_16836,DIST_NW_01
OUT_16837,DIST_NW_02
OUT_16838,DIST_NW_01
OUT_16839,DIST_NW_02
OUT_16840,DIST_NW_02
OUT_16841,DIST_NW_01
OUT_16842,DIST_NW_02
OUT_16843,DIST_NW_01
OUT_16844,DIST_NW_02
OUT_16845,DIST_NW_02
OUT_16846,DIST_NW_01
OUT_16847,DIST_NW_02
OUT_16848,DIST_NW_02
OUT_16849,DIST_NW_02
OUT_16850,DIST_NW_02
OUT_16851,DIST_NW_01
OUT_16852,DIST_NW_02
OUT_16853,DIST_NW_01
OUT_16854,DIST_NW_02
OUT_16855,DIST_NW_01
OUT_16856,DIST_NW_01
OUT_16857,DIST_NW_02
OUT_16858,DIST_NW_02
OUT_16859,DIST_NW_02
OUT_16860,DIST_NW_01
OUT_16861,DIST_NW_01
OUT_16862,DIST_NW_02
OUT_16863,DIST_NW_02
OUT_16864,DIST_NW_02
OUT_16865,DIST_NW_02
OUT_16866,DIST_NW_01
OUT_16867,DIST_NW_02
OUT_16868,DIST_NW_02
OUT_16869,DIST_NW_01
OUT_16870,DIST_NW_02
OUT_16871,DIST_NW_02
OUT_16872,DIST_NW_01
OUT_16873,DIST_NW_01
OUT_16874,DIST_NW_02
OUT_16875,DIST_NW_01
OUT_16876,DIST_NW_02
OUT_16877,DIST_NW_01
OUT_16878,DIST_NW_02
OUT_16879,DIST_NW_01
OUT_16880,DIST_NW_01
OUT_16881,DIST_NW_01
OUT_16882,DIST_NW_01
OUT_16883,DIST_NW_02
OUT_16884,DIST_NW_01
OUT_16885,DIST_NW_01
OUT_16886,DIST_NW_02
OUT_16887,DIST_NW_01
OUT_16888,DIST_NW_02
OUT_16889,DIST_NW_02
OUT_16890,DIST_NW_01
OUT_16891,DIST_NW_02
OUT_16892,DIST_NW_02
OUT_16893,DIST_NW_02
OUT_16894,DIST_NW_02
OUT_16895,DIST_NW_01
OUT_16896,DIST_NW_02
OUT_16897,DIST_NW_01
OUT_16898,DIST_NW_01
OUT_16899,DIST_NW_01
OUT_16900,DIST_NW_01
OUT_16901,DIST_NW_02
OUT_16902,DIST_NW_01
OUT_16903,DIST_NW_02
OUT_16904,DIST_NW_02
OUT_16905,DIST_NW_02
OUT_16906,DIST_NW_02
OUT_16907,DIST_NW_02
OUT_16908,DIST_NW_02
OUT_16909,DIST_NW_01
OUT_16910,DIST_NW_01
OUT_16911,DIST_NW_01
OUT_16912,DIST_NW_02
OUT_16913,DIST_NW_02
OUT_16914,DIST_NW_02
OUT_16915,DIST_NW_01
OUT_16916,DIST_NW_01
OUT_16917,DIST_NW_02
OUT_16918,DIST_NW_02
OUT_16919,DIST_NW_02
OUT_16920,DIST_NW_01
OUT_16921,DIST_NW_01
OUT_16922,DIST_NW_02
OUT_16923,DIST_NW_02
OUT_16924,DIST_NW_01
OUT_16925,DIST_NW_02
OUT_16926,DIST_NW_01
OUT_16927,DIST_NW_01
OUT_16928,DIST_NW_01
OUT_16929,DIST_NW_02
OUT_16930,DIST_NW_01
OUT_16931,DIST_NW_01
OUT_16932,DIST_NW_02
OUT_16933,DIST_NW_02
OUT_16934,DIST_NW_02
OUT_16935,DIST_NW_02
OUT_16936,DIST_NW_01
OUT_16937,DIST_NW_02
OUT_16938,DIST_NW_02
OUT_16939,DIST_NW_02
OUT_16940,DIST_NW_02
OUT_16941,DIST_NW_02
OUT_16942,DIST_NW_01
OUT_16943,DIST_NW_01
OUT_16944,DIST_NW_02
OUT_16945,DIST_NW_02
OUT_16946,DIST_NW_02
OUT_16947,DIST_NW_01
OUT_16948,DIST_NW_01
OUT_16949,DIST_NW_02
OUT_16950,DIST_NW_02
OUT_16951,DIST_NW_01
OUT_16952,DIST_NW_01
OUT_16953,DIST_NW_01
OUT_16954,DIST_NW_01
OUT_16955,DIST_NW_01
OUT_16956,DIST_NW_01
OUT_16957,DIST_NW_01
OUT_16958,DIST_NW_02
OUT_16959,DIST_NW_01
OUT_16960,DIST_NW_02
OUT_16961,DIST_NW_01
OUT_16962,DIST_NW_02
OUT_16963,DIST_NW_01
OUT_16964,DIST_NW_02
OUT_16965,DIST_NW_02
OUT_16966,DIST_NW_01
OUT_16967,DIST_NW_02
OUT_16968,DIST_NW_02
OUT_16969,DIST_NW_02
OUT_16970,DIST_NW_02
OUT_16971,DIST_NW_02
OUT_16972,DIST_NW_02
OUT_16973,DIST_NW_01
OUT_16974,DIST_NW_01
OUT_16975,DIST_NW_02
OUT_16976,DIST_NW_02
OUT_16977,DIST_NW_01
OUT_16978,DIST_NW_01
OUT_16979,DIST_NW_01
OUT_16980,DIST_NW_01
OUT_16981,DIST_NW_01
OUT_16982,DIST_NW_01
OUT_16983,DIST_NW_02
OUT_16984,DIST_NW_02
OUT_16985,DIST_NW_01
OUT_16986,DIST_NW_01
OUT_16987,DIST_NW_01
OUT_16988,DIST_NW_01
OUT_16989,DIST_NW_01
OUT_16990,DIST_NW_01
OUT_16991,DIST_NW_02
OUT_16992,DIST_NW_02
OUT_16993,DIST_NW_01
OUT_16994,DIST_NW_02
OUT_16995,DIST_NW_01
OUT_16996,DIST_NW_01
OUT_16997,DIST_NW_02
OUT_16998,DIST_NW_02
OUT_16999,DIST_NW_01
OUT_17000,DIST_NW_02
OUT_17001,DIST_S_01
OUT_17002,DIST_S_01
OUT_17003,DIST_S_02
OUT_17004,DIST_S_01
OUT_17005,DIST_S_01
OUT_17006,DIST_S_01
OUT_17007,DIST_S_01
OUT_17008,DIST_S_01
OUT_17009,DIST_S_01
OUT_17010,DIST_S_01
OUT_17011,DIST_S_01
OUT_17012,DIST_S_02
OUT_17013,DIST_S_01
OUT_17014,DIST_S_02
OUT_17015,DIST_S_01
OUT_17016,DIST_S_01
OUT_17017,DIST_S_02
OUT_17018,DIST_S_02
OUT_17019,DIST_S_01
OUT_17020,DIST_S_01
OUT_17021,DIST_S_01
OUT_17022,DIST_S_01
OUT_17023,DIST_S_01
OUT_17024,DIST_S_02
OUT_17025,DIST_S_02
OUT_17026,DIST_S_01
OUT_17027,DIST_S_01
OUT_17028,DIST_S_02
OUT_17029,DIST_S_02
OUT_17030,DIST_S_02
OUT_17031,DIST_S_01
OUT_17032,DIST_S_02
OUT_17033,DIST_S_01
OUT_17034,DIST_S_01
OUT_17035,DIST_S_02
OUT_17036,DIST_S_02
OUT_17037,DIST_S_02
OUT_17038,DIST_S_02
OUT_17039,DIST_S_02
OUT_17040,DIST_S_01
OUT_17041,DIST_S_01
OUT_17042,DIST_S_01
OUT_17043,DIST_S_02
OUT_17044,DIST_S_01
OUT_17045,DIST_S_02
OUT_17046,DIST_S_02
OUT_17047,DIST_S_02
OUT_17048,DIST_S_02
OUT_17049,DIST_S_01
OUT_17050,DIST_S_02
OUT_17051,DIST_S_02
OUT_17052,DIST_S_02
OUT_17053,DIST_S_01
OUT_17054,DIST_S_02
OUT_17055,DIST_S_02
OUT_17056,DIST_S_01
OUT_17057,DIST_S_01
OUT_17058,DIST_S_01
OUT_17059,DIST_S_02
OUT_17060,DIST_S_02
OUT_17061,DIST_S_01
OUT_17062,DIST_S_01
OUT_17063,DIST_S_02
OUT_17064,DIST_S_01
OUT_17065,DIST_S_02
OUT_17066,DIST_S_01
OUT_17067,DIST_S_02
OUT_17068,DIST_S_02
OUT_17069,DIST_S_01
OUT_17070,DIST_S_02
OUT_17071,DIST_S_02
OUT_17072,DIST_S_02
OUT_17073,DIST_S_02
OUT_17074,DIST_S_02
OUT_17075,DIST_S_02
OUT_17076,DIST_S_02
OUT_17077,DIST_S_02
OUT_17078,DIST_S_01
OUT_17079,DIST_S_01
OUT_17080,DIST_S_01
OUT_17081,DIST_S_01
OUT_17082,DIST_S_02
OUT_17083,DIST_S_01
OUT_17084,DIST_S_01
OUT_17085,DIST_S_01
OUT_17086,DIST_S_01
OUT_17087,DIST_S_02
OUT_17088,DIST_S_01
OUT_17089,DIST_S_01
OUT_17090,DIST_S_02
OUT_17091,DIST_S_02
OUT_17092,DIST_S_01
OUT_17093,DIST_S_01
OUT_17094,DIST_S_02
OUT_17095,DIST_S_01
OUT_17096,DIST_S_02
OUT_17097,DIST_S_01
OUT_17098,DIST_S_01
OUT_17099,DIST_S_02
OUT_17100,DIST_S_02
OUT_17101,DIST_S_01
OUT_17102,DIST_S_02
OUT_17103,DIST_S_02
OUT_17104,DIST_S_02
OUT_17105,DIST_S_01
OUT_17106,DIST_S_01
OUT_17107,DIST_S_01
OUT_17108,DIST_S_02
OUT_17109,DIST_S_02
OUT_17110,DIST_S_02
OUT_17111,DIST_S_02
OUT_17112,DIST_S_02
OUT_17113,DIST_S_02
OUT_17114,DIST_S_01
OUT_17115,DIST_S_01
OUT_17116,DIST_S_01
OUT_17117,DIST_S_01
OUT_17118,DIST_S_02
OUT_17119,DIST_S_02
OUT_17120,DIST_S_02
OUT_17121,DIST_S_01
OUT_17122,DIST_S_01
OUT_17123,DIST_S_02
OUT_17124,DIST_S_02
OUT_17125,DIST_S_01
OUT_17126,DIST_S_01
OUT_17127,DIST_S_01
OUT_17128,DIST_S_02
OUT_17129,DIST_S_01
OUT_17130,DIST_S_01
OUT_17131,DIST_S_02
OUT_17132,DIST_S_01
OUT_17133,DIST_S_02
OUT_17134,DIST_S_01
OUT_17135,DIST_S_01
OUT_17136,DIST_S_02
OUT_17137,DIST_S_01
OUT_17138,DIST_S_01
OUT_17139,DIST_S_02
OUT_17140,DIST_S_01
OUT_17141,DIST_S_02
OUT_17142,DIST_S_02
OUT_17143,DIST_S_01
OUT_17144,DIST_S_01
OUT_17145,DIST_S_02
OUT_17146,DIST_S_02
OUT_17147,DIST_S_01
OUT_17148,DIST_S_02
OUT_17149,DIST_S_01
OUT_17150,DIST_S_01
OUT_17151,DIST_S_01
OUT_17152,DIST_S_01
OUT_17153,DIST_S_02
OUT_17154,DIST_S_02
OUT_17155,DIST_S_02
OUT_17156,DIST_S_02
OUT_17157,DIST_S_02
OUT_17158,DIST_S_01
OUT_17159,DIST_S_02
OUT_17160,DIST_S_02
OUT_17161,DIST_S_01
OUT_17162,DIST_S_01
OUT_17163,DIST_S_02
OUT_17164,DIST_S_01
OUT_17165,DIST_S_02
OUT_17166,DIST_S_01
OUT_17167,DIST_S_01
OUT_17168,DIST_S_01
OUT_17169,DIST_S_01
OUT_17170,DIST_S_02
OUT_17171,DIST_S_02
OUT_17172,DIST_S_02
OUT_17173,DIST_S_01
OUT_17174,DIST_S_01
OUT_17175,DIST_S_01
OUT_17176,DIST_S_02
OUT_17177,DIST_S_02
OUT_17178,DIST_S_01
OUT_17179,DIST_S_01
OUT_17180,DIST_S_02
OUT_17181,DIST_S_01
OUT_17182,DIST_S_02
OUT_17183,DIST_S_02
OUT_17184,DIST_S_01
OUT_17185,DIST_S_02
OUT_17186,DIST_S_01
OUT_17187,DIST_S_01
OUT_17188,DIST_S_01
OUT_17189,DIST_S_02
OUT_17190,DIST_S_02
OUT_17191,DIST_S_01
OUT_17192,DIST_S_02
OUT_17193,DIST_S_02
OUT_17194,DIST_S_02
OUT_17195,DIST_S_02
OUT_17196,DIST_S_02
OUT_17197,DIST_S_01
OUT_17198,DIST_S_01
OUT_17199,DIST_S_01
OUT_17200,DIST_S_02
OUT_17201,DIST_S_02
OUT_17202,DIST_S_02
OUT_17203,DIST_S_02
OUT_17204,DIST_S_02
OUT_17205,DIST_S_02
OUT_17206,DIST_S_02
OUT_17207,DIST_S_02
OUT_17208,DIST_S_02
OUT_17209,DIST_S_02
OUT_17210,DIST_S_02
OUT_17211,DIST_S_02
OUT_17212,DIST_S_02
OUT_17213,DIST_S_02
OUT_17214,DIST_S_02
OUT_17215,DIST_S_01
OUT_17216,DIST_S_02
OUT_17217,DIST_S_02
OUT_17218,DIST_S_02
OUT_17219,DIST_S_01
OUT_17220,DIST_S_02
OUT_17221,DIST_S_02
OUT_17222,DIST_S_01
OUT_17223,DIST_S_02
OUT_17224,DIST_S_01
OUT_17225,DIST_S_02
OUT_17226,DIST_S_01
OUT_17227,DIST_S_02
OUT_17228,DIST_S_01
OUT_17229,DIST_S_01
OUT_17230,DIST_S_01
OUT_17231,DIST_S_02
OUT_17232,DIST_S_01
OUT_17233,DIST_S_02
OUT_17234,DIST_S_01
OUT_17235,DIST_S_02
OUT_17236,DIST_S_01
OUT_17237,DIST_S_01
OUT_17238,DIST_S_01
OUT_17239,DIST_S_01
OUT_17240,DIST_S_01
OUT_17241,DIST_S_02
OUT_17242,DIST_S_01
OUT_17243,DIST_S_02
OUT_17244,DIST_S_01
OUT_17245,DIST_S_01
OUT_17246,DIST_S_02
OUT_17247,DIST_S_02
OUT_17248,DIST_S_02
OUT_17249,DIST_S_02
OUT_17250,DIST_S_01
OUT_17251,DIST_S_01
OUT_17252,DIST_S_02
OUT_17253,DIST_S_01
OUT_17254,DIST_S_02
OUT_17255,DIST_S_02
OUT_17256,DIST_S_02
OUT_17257,DIST_S_01
OUT_17258,DIST_S_02
OUT_17259,DIST_S_01
OUT_17260,DIST_S_02
OUT_17261,DIST_S_02
OUT_17262,DIST_S_01
OUT_17263,DIST_S_01
OUT_17264,DIST_S_01
OUT_17265,DIST_S_02
OUT_17266,DIST_S_01
OUT_17267,DIST_S_02
OUT_17268,DIST_S_02
OUT_17269,DIST_S_01
OUT_17270,DIST_S_01
OUT_17271,DIST_S_01
OUT_17272,DIST_S_02
OUT_17273,DIST_S_01
OUT_17274,DIST_S_01
OUT_17275,DIST_S_02
OUT_17276,DIST_S_02
OUT_17277,DIST_S_01
OUT_17278,DIST_S_01
OUT_17279,DIST_S_02
OUT_17280,DIST_S_02
OUT_17281,DIST_S_01
OUT_17282,DIST_S_02
OUT_17283,DIST_S_02
OUT_17284,DIST_S_01
OUT_17285,DIST_S_02
OUT_17286,DIST_S_02
OUT_17287,DIST_S_01
OUT_17288,DIST_S_02
OUT_17289,DIST_S_02
OUT_17290,DIST_S_01
OUT_17291,DIST_S_02
OUT_17292,DIST_S_02
OUT_17293,DIST_S_01
OUT_17294,DIST_S_02
OUT_17295,DIST_S_02
OUT_17296,DIST_S_02
OUT_17297,DIST_S_01
OUT_17298,DIST_S_01
OUT_17299,DIST_S_01
OUT_17300,DIST_S_01
OUT_17301,DIST_S_02
OUT_17302,DIST_S_01
OUT_17303,DIST_S_01
OUT_17304,DIST_S_02
OUT_17305,DIST_S_01
OUT_17306,DIST_S_01
OUT_17307,DIST_S_02
OUT_17308,DIST_S_02
OUT_17309,DIST_S_01
OUT_17310,DIST_S_01
OUT_17311,DIST_S_02
OUT_17312,DIST_S_01
OUT_17313,DIST_S_02
OUT_17314,DIST_S_01
OUT_17315,DIST_S_01
OUT_17316,DIST_S_01
OUT_17317,DIST_S_02
OUT_17318,DIST_S_01
OUT_17319,DIST_S_01
OUT_17320,DIST_S_02
OUT_17321,DIST_S_01
OUT_17322,DIST_S_02
OUT_17323,DIST_S_01
OUT_17324,DIST_S_02
OUT_17325,DIST_S_02
OUT_17326,DIST_S_01
OUT_17327,DIST_S_02
OUT_17328,DIST_S_01
OUT_17329,DIST_S_01
OUT_17330,DIST_S_02
OUT_17331,DIST_S_02
OUT_17332,DIST_S_02
OUT_17333,DIST_S_02
OUT_17334,DIST_S_02
OUT_17335,DIST_S_02
OUT_17336,DIST_S_01
OUT_17337,DIST_S_01
OUT_17338,DIST_S_02
OUT_17339,DIST_S_01
OUT_17340,DIST_S_01
OUT_17341,DIST_S_01
OUT_17342,DIST_S_01
OUT_17343,DIST_S_02
OUT_17344,DIST_S_01
OUT_17345,DIST_S_01
OUT_17346,DIST_S_01
OUT_17347,DIST_S_02
OUT_17348,DIST_S_02
OUT_17349,DIST_S_01
OUT_17350,DIST_S_02
OUT_17351,DIST_S_01
OUT_17352,DIST_S_02
OUT_17353,DIST_S_02
OUT_17354,DIST_S_02
OUT_17355,DIST_S_02
OUT_17356,DIST_S_02
OUT_17357,DIST_S_01
OUT_17358,DIST_S_02
OUT_17359,DIST_S_02
OUT_17360,DIST_S_02
OUT_17361,DIST_S_02
OUT_17362,DIST_S_02
OUT_17363,DIST_S_02
OUT_17364,DIST_S_02
OUT_17365,DIST_S_01
OUT_17366,DIST_S_02
OUT_17367,DIST_S_02
OUT_17368,DIST_S_01
OUT_17369,DIST_S_01
OUT_17370,DIST_S_02
OUT_17371,DIST_S_02
OUT_17372,DIST_S_01
OUT_17373,DIST_S_02
OUT_17374,DIST_S_02
OUT_17375,DIST_S_01
OUT_17376,DIST_S_01
OUT_17377,DIST_S_01
OUT_17378,DIST_S_01
OUT_17379,DIST_S_01
OUT_17380,DIST_S_02
OUT_17381,DIST_S_02
OUT_17382,DIST_S_02
OUT_17383,DIST_S_01
OUT_17384,DIST_S_01
OUT_17385,DIST_S_01
OUT_17386,DIST_S_01
OUT_17387,DIST_S_02
OUT_17388,DIST_S_01
OUT_17389,DIST_S_01
OUT_17390,DIST_S_02
OUT_17391,DIST_S_02
OUT_17392,DIST_S_01
OUT_17393,DIST_S_01
OUT_17394,DIST_S_02
OUT_17395,DIST_S_02
OUT_17396,DIST_S_02
OUT_17397,DIST_S_02
OUT_17398,DIST_S_01
OUT_17399,DIST_S_01
OUT_17400,DIST_S_01
OUT_17401,DIST_S_02
OUT_17402,DIST_S_02
OUT_17403,DIST_S_02
OUT_17404,DIST_S_01
OUT_17405,DIST_S_01
OUT_17406,DIST_S_01
OUT_17407,DIST_S_01
OUT_17408,DIST_S_01
OUT_17409,DIST_S_01
OUT_17410,DIST_S_02
OUT_17411,DIST_S_01
OUT_17412,DIST_S_01
OUT_17413,DIST_S_02
OUT_17414,DIST_S_02
OUT_17415,DIST_S_01
OUT_17416,DIST_S_02
OUT_17417,DIST_S_02
OUT_17418,DIST_S_01
OUT_17419,DIST_S_01
OUT_17420,DIST_S_01
OUT_17421,DIST_S_01
OUT_17422,DIST_S_02
OUT_17423,DIST_S_02
OUT_17424,DIST_S_02
OUT_17425,DIST_S_01
OUT_17426,DIST_S_02
OUT_17427,DIST_S_01
OUT_17428,DIST_S_02
OUT_17429,DIST_S_02
OUT_17430,DIST_S_01
OUT_17431,DIST_S_02
OUT_17432,DIST_S_02
OUT_17433,DIST_S_02
OUT_17434,DIST_S_02
OUT_17435,DIST_S_02
OUT_17436,DIST_S_01
OUT_17437,DIST_S_01
OUT_17438,DIST_S_01
OUT_17439,DIST_S_02
OUT_17440,DIST_S_02
OUT_17441,DIST_S_01
OUT_17442,DIST_S_01
OUT_17443,DIST_S_01
OUT_17444,DIST_S_01
OUT_17445,DIST_S_01
OUT_17446,DIST_S_01
OUT_17447,DIST_S_02
OUT_17448,DIST_S_02
OUT_17449,DIST_S_01
OUT_17450,DIST_S_01
OUT_17451,DIST_S_02
OUT_17452,DIST_S_02
OUT_17453,DIST_S_02
OUT_17454,DIST_S_01
OUT_17455,DIST_S_02
OUT_17456,DIST_S_02
OUT_17457,DIST_S_01
OUT_17458,DIST_S_01
OUT_17459,DIST_S_01
OUT_17460,DIST_S_02
OUT_17461,DIST_S_02
OUT_17462,DIST_S_01
OUT_17463,DIST_S_01
OUT_17464,DIST_S_01
OUT_17465,DIST_S_01
OUT_17466,DIST_S_01
OUT_17467,DIST_S_02
OUT_17468,DIST_S_01
OUT_17469,DIST_S_02
OUT_17470,DIST_S_01
OUT_17471,DIST_S_02
OUT_17472,DIST_S_01
OUT_17473,DIST_S_01
OUT_17474,DIST_S_02
OUT_17475,DIST_S_02
OUT_17476,DIST_S_01
OUT_17477,DIST_S_02
OUT_17478,DIST_S_02
OUT_17479,DIST_S_01
OUT_17480,DIST_S_01
OUT_17481,DIST_S_01
OUT_17482,DIST_S_01
OUT_17483,DIST_S_02
OUT_17484,DIST_S_02
OUT_17485,DIST_S_02
OUT_17486,DIST_S_02
OUT_17487,DIST_S_02
OUT_17488,DIST_S_01
OUT_17489,DIST_S_02
OUT_17490,DIST_S_02
OUT_17491,DIST_S_02
OUT_17492,DIST_S_01
OUT_17493,DIST_S_02
OUT_17494,DIST_S_02
OUT_17495,DIST_S_01
OUT_17496,DIST_S_02
OUT_17497,DIST_S_02
OUT_17498,DIST_S_02
OUT_17499,DIST_S_02
OUT_17500,DIST_S_01
OUT_17501,DIST_S_02
OUT_17502,DIST_S_01
OUT_17503,DIST_S_02
OUT_17504,DIST_S_01
OUT_17505,DIST_S_01
OUT_17506,DIST_S_02
OUT_17507,DIST_S_01
OUT_17508,DIST_S_02
OUT_17509,DIST_S_02
OUT_17510,DIST_S_02
OUT_17511,DIST_S_01
OUT_17512,DIST_S_01
OUT_17513,DIST_S_01
OUT_17514,DIST_S_02
OUT_17515,DIST_S_02
OUT_17516,DIST_S_02
OUT_17517,DIST_S_02
OUT_17518,DIST_S_01
OUT_17519,DIST_S_02
OUT_17520,DIST_S_02
OUT_17521,DIST_S_01
OUT_17522,DIST_S_01
OUT_17523,DIST_S_01
OUT_17524,DIST_S_02
OUT_17525,DIST_S_02
OUT_17526,DIST_S_02
OUT_17527,DIST_S_02
OUT_17528,DIST_S_01
OUT_17529,DIST_S_02
OUT_17530,DIST_S_02
OUT_17531,DIST_S_02
OUT_17532,DIST_S_02
OUT_17533,DIST_S_01
OUT_17534,DIST_S_02
OUT_17535,DIST_S_01
OUT_17536,DIST_S_01
OUT_17537,DIST_S_01
OUT_17538,DIST_S_02
OUT_17539,DIST_S_02
OUT_17540,DIST_S_01
OUT_17541,DIST_S_02
OUT_17542,DIST_S_01
OUT_17543,DIST_S_02
OUT_17544,DIST_S_01
OUT_17545,DIST_S_01
OUT_17546,DIST_S_01
OUT_17547,DIST_S_01
OUT_17548,DIST_S_01
OUT_17549,DIST_S_02
OUT_17550,DIST_S_02
OUT_17551,DIST_S_02
OUT_17552,DIST_S_01
OUT_17553,DIST_S_01
OUT_17554,DIST_S_01
OUT_17555,DIST_S_01
OUT_17556,DIST_S_01
OUT_17557,DIST_S_02
OUT_17558,DIST_S_01
OUT_17559,DIST_S_01
OUT_17560,DIST_S_02
OUT_17561,DIST_S_01
OUT_17562,DIST_S_02
OUT_17563,DIST_S_01
OUT_17564,DIST_S_01
OUT_17565,DIST_S_01
OUT_17566,DIST_S_02
OUT_17567,DIST_S_02
OUT_17568,DIST_S_01
OUT_17569,DIST_S_02
OUT_17570,DIST_S_02
OUT_17571,DIST_S_01
OUT_17572,DIST_S_01
OUT_17573,DIST_S_02
OUT_17574,DIST_S_01
OUT_17575,DIST_S_02
OUT_17576,DIST_S_01
OUT_17577,DIST_S_01
OUT_17578,DIST_S_02
OUT_17579,DIST_S_01
OUT_17580,DIST_S_02
OUT_17581,DIST_S_01
OUT_17582,DIST_S_01
OUT_17583,DIST_S_02
OUT_17584,DIST_S_01
OUT_17585,DIST_S_01
OUT_17586,DIST_S_02
OUT_17587,DIST_S_02
OUT_17588,DIST_S_02
OUT_17589,DIST_S_02
OUT_17590,DIST_S_02
OUT_17591,DIST_S_02
OUT_17592,DIST_S_01
OUT_17593,DIST_S_02
OUT_17594,DIST_S_01
OUT_17595,DIST_S_02
OUT_17596,DIST_S_02
OUT_17597,DIST_S_01
OUT_17598,DIST_S_02
OUT_17599,DIST_S_02
OUT_17600,DIST_S_02
OUT_17601,DIST_S_02
OUT_17602,DIST_S_02
OUT_17603,DIST_S_01
OUT_17604,DIST_S_02
OUT_17605,DIST_S_01
OUT_17606,DIST_S_01
OUT_17607,DIST_S_01
OUT_17608,DIST_S_01
OUT_17609,DIST_S_02
OUT_17610,DIST_S_01
OUT_17611,DIST_S_02
OUT_17612,DIST_S_01
OUT_17613,DIST_S_01
OUT_17614,DIST_S_02
OUT_17615,DIST_S_02
OUT_17616,DIST_S_01
OUT_17617,DIST_S_02
OUT_17618,DIST_S_01
OUT_17619,DIST_S_02
OUT_17620,DIST_S_01
OUT_17621,DIST_S_01
OUT_17622,DIST_S_01
OUT_17623,DIST_S_02
OUT_17624,DIST_S_02
OUT_17625,DIST_S_02
OUT_17626,DIST_S_02
OUT_17627,DIST_S_01
OUT_17628,DIST_S_01
OUT_17629,DIST_S_01
OUT_17630,DIST_S_02
OUT_17631,DIST_S_02
OUT_17632,DIST_S_01
OUT_17633,DIST_S_02
OUT_17634,DIST_S_01
OUT_17635,DIST_S_02
OUT_17636,DIST_S_01
OUT_17637,DIST_S_01
OUT_17638,DIST_S_01
OUT_17639,DIST_S_02
OUT_17640,DIST_S_02
OUT_17641,DIST_S_02
OUT_17642,DIST_S_02
OUT_17643,DIST_S_02
OUT_17644,DIST_S_01
OUT_17645,DIST_S_02
OUT_17646,DIST_S_02
OUT_17647,DIST_S_01
OUT_17648,DIST_S_02
OUT_17649,DIST_S_02
OUT_17650,DIST_S_02
OUT_17651,DIST_S_01
OUT_17652,DIST_S_02
OUT_17653,DIST_S_02
OUT_17654,DIST_S_02
OUT_17655,DIST_S_01
OUT_17656,DIST_S_01
OUT_17657,DIST_S_02
OUT_17658,DIST_S_02
OUT_17659,DIST_S_02
OUT_17660,DIST_S_02
OUT_17661,DIST_S_02
OUT_17662,DIST_S_01
OUT_17663,DIST_S_02
OUT_17664,DIST_S_02
OUT_17665,DIST_S_01
OUT_17666,DIST_S_02
OUT_17667,DIST_S_02
OUT_17668,DIST_S_01
OUT_17669,DIST_S_02
OUT_17670,DIST_S_01
OUT_17671,DIST_S_01
OUT_17672,DIST_S_01
OUT_17673,DIST_S_02
OUT_17674,DIST_S_01
OUT_17675,DIST_S_02
OUT_17676,DIST_S_01
OUT_17677,DIST_S_02
OUT_17678,DIST_S_01
OUT_17679,DIST_S_01
OUT_17680,DIST_S_02
OUT_17681,DIST_S_02
OUT_17682,DIST_S_02
OUT_17683,DIST_S_02
OUT_17684,DIST_S_01
OUT_17685,DIST_S_02
OUT_17686,DIST_S_01
OUT_17687,DIST_S_01
OUT_17688,DIST_S_01
OUT_17689,DIST_S_02
OUT_17690,DIST_S_02
OUT_17691,DIST_S_01
OUT_17692,DIST_S_01
OUT_17693,DIST_S_02
OUT_17694,DIST_S_02
OUT_17695,DIST_S_01
OUT_17696,DIST_S_01
OUT_17697,DIST_S_01
OUT_17698,DIST_S_01
OUT_17699,DIST_S_02
OUT_17700,DIST_S_02
OUT_17701,DIST_S_02
OUT_17702,DIST_S_01
OUT_17703,DIST_S_01
OUT_17704,DIST_S_01
OUT_17705,DIST_S_02
OUT_17706,DIST_S_01
OUT_17707,DIST_S_01
OUT_17708,DIST_S_02
OUT_17709,DIST_S_01
OUT_17710,DIST_S_02
OUT_17711,DIST_S_01
OUT_17712,DIST_S_01
OUT_17713,DIST_S_02
OUT_17714,DIST_S_02
OUT_17715,DIST_S_01
OUT_17716,DIST_S_02
OUT_17717,DIST_S_02
OUT_17718,DIST_S_02
OUT_17719,DIST_S_01
OUT_17720,DIST_S_02
OUT_17721,DIST_S_01
OUT_17722,DIST_S_02
OUT_17723,DIST_S_02
OUT_17724,DIST_S_01
OUT_17725,DIST_S_02
OUT_17726,DIST_S_02
OUT_17727,DIST_S_01
OUT_17728,DIST_S_02
OUT_17729,DIST_S_02
OUT_17730,DIST_S_01
OUT_17731,DIST_S_01
OUT_17732,DIST_S_01
OUT_17733,DIST_S_02
OUT_17734,DIST_S_02
OUT_17735,DIST_S_02
OUT_17736,DIST_S_02
OUT_17737,DIST_S_01
OUT_17738,DIST_S_01
OUT_17739,DIST_S_01
OUT_17740,DIST_S_01
OUT_17741,DIST_S_02
OUT_17742,DIST_S_02
OUT_17743,DIST_S_01
OUT_17744,DIST_S_02
OUT_17745,DIST_S_02
OUT_17746,DIST_S_02
OUT_17747,DIST_S_02
OUT_17748,DIST_S_01
OUT_17749,DIST_S_02
OUT_17750,DIST_S_01
OUT_17751,DIST_S_01
OUT_17752,DIST_S_02
OUT_17753,DIST_S_01
OUT_17754,DIST_S_01
OUT_17755,DIST_S_01
OUT_17756,DIST_S_02
OUT_17757,DIST_S_02
OUT_17758,DIST_S_01
OUT_17759,DIST_S_01
OUT_17760,DIST_S_01
OUT_17761,DIST_S_02
OUT_17762,DIST_S_01
OUT_17763,DIST_S_01
OUT_17764,DIST_S_01
OUT_17765,DIST_S_02
OUT_17766,DIST_S_02
OUT_17767,DIST_S_02
OUT_17768,DIST_S_02
OUT_17769,DIST_S_02
OUT_17770,DIST_S_01
OUT_17771,DIST_S_01
OUT_17772,DIST_S_01
OUT_17773,DIST_S_01
OUT_17774,DIST_S_02
OUT_17775,DIST_S_02
OUT_17776,DIST_S_01
OUT_17777,DIST_S_01
OUT_17778,DIST_S_01
OUT_17779,DIST_S_01
OUT_17780,DIST_S_02
OUT_17781,DIST_S_01
OUT_17782,DIST_S_01
OUT_17783,DIST_S_01
OUT_17784,DIST_S_02
OUT_17785,DIST_S_01
OUT_17786,DIST_S_01
OUT_17787,DIST_S_01
OUT_17788,DIST_S_01
OUT_17789,DIST_S_02
OUT_17790,DIST_S_01
OUT_17791,DIST_S_01
OUT_17792,DIST_S_02
OUT_17793,DIST_S_01
OUT_17794,DIST_S_01
OUT_17795,DIST_S_01
OUT_17796,DIST_S_01
OUT_17797,DIST_S_02
OUT_17798,DIST_S_02
OUT_17799,DIST_S_01
OUT_17800,DIST_S_01
OUT_17801,DIST_S_02
OUT_17802,DIST_S_01
OUT_17803,DIST_S_01
OUT_17804,DIST_S_01
OUT_17805,DIST_S_02
OUT_17806,DIST_S_01
OUT_17807,DIST_S_02
OUT_17808,DIST_S_01
OUT_17809,DIST_S_02
OUT_17810,DIST_S_02
OUT_17811,DIST_S_01
OUT_17812,DIST_S_02
OUT_17813,DIST_S_02
OUT_17814,DIST_S_01
OUT_17815,DIST_S_02
OUT_17816,DIST_S_02
OUT_17817,DIST_S_01
OUT_17818,DIST_S_01
OUT_17819,DIST_S_01
OUT_17820,DIST_S_01
OUT_17821,DIST_S_01
OUT_17822,DIST_S_01
OUT_17823,DIST_S_02
OUT_17824,DIST_S_01
OUT_17825,DIST_S_01
OUT_17826,DIST_S_01
OUT_17827,DIST_S_02
OUT_17828,DIST_S_01
OUT_17829,DIST_S_02
OUT_17830,DIST_S_02
OUT_17831,DIST_S_02
OUT_17832,DIST_S_01
OUT_17833,DIST_S_02
OUT_17834,DIST_S_02
OUT_17835,DIST_S_02
OUT_17836,DIST_S_02
OUT_17837,DIST_S_02
OUT_17838,DIST_S_02
OUT_17839,DIST_S_01
OUT_17840,DIST_S_02
OUT_17841,DIST_S_01
OUT_17842,DIST_S_02
OUT_17843,DIST_S_02
OUT_17844,DIST_S_01
OUT_17845,DIST_S_01
OUT_17846,DIST_S_01
OUT_17847,DIST_S_01
OUT_17848,DIST_S_01
OUT_17849,DIST_S_02
OUT_17850,DIST_S_01
OUT_17851,DIST_S_02
OUT_17852,DIST_S_01
OUT_17853,DIST_S_01
OUT_17854,DIST_S_02
OUT_17855,DIST_S_01
OUT_17856,DIST_S_02
OUT_17857,DIST_S_02
OUT_17858,DIST_S_02
OUT_17859,DIST_S_01
OUT_17860,DIST_S_01
OUT_17861,DIST_S_02
OUT_17862,DIST_S_01
OUT_17863,DIST_S_02
OUT_17864,DIST_S_01
OUT_17865,DIST_S_02
OUT_17866,DIST_S_01
OUT_17867,DIST_S_01
OUT_17868,DIST_S_02
OUT_17869,DIST_S_01
OUT_17870,DIST_S_02
OUT_17871,DIST_S_01
OUT_17872,DIST_S_02
OUT_17873,DIST_S_01
OUT_17874,DIST_S_02
OUT_17875,DIST_S_02
OUT_17876,DIST_S_01
OUT_17877,DIST_S_01
OUT_17878,DIST_S_01
OUT_17879,DIST_S_02
OUT_17880,DIST_S_01
OUT_17881,DIST_S_01
OUT_17882,DIST_S_01
OUT_17883,DIST_S_02
OUT_17884,DIST_S_02
OUT_17885,DIST_S_02
OUT_17886,DIST_S_02
OUT_17887,DIST_S_01
OUT_17888,DIST_S_01
OUT_17889,DIST_S_02
OUT_17890,DIST_S_02
OUT_17891,DIST_S_01
OUT_17892,DIST_S_01
OUT_17893,DIST_S_02
OUT_17894,DIST_S_01
OUT_17895,DIST_S_01
OUT_17896,DIST_S_02
OUT_17897,DIST_S_02
OUT_17898,DIST_S_02
OUT_17899,DIST_S_01
OUT_17900,DIST_S_02
OUT_17901,DIST_S_01
OUT_17902,DIST_S_02
OUT_17903,DIST_S_01
OUT_17904,DIST_S_01
OUT_17905,DIST_S_02
OUT_17906,DIST_S_02
OUT_17907,DIST_S_01
OUT_17908,DIST_S_01
OUT_17909,DIST_S_01
OUT_17910,DIST_S_01
OUT_17911,DIST_S_02
OUT_17912,DIST_S_02
OUT_17913,DIST_S_02
OUT_17914,DIST_S_02
OUT_17915,DIST_S_01
OUT_17916,DIST_S_02
OUT_17917,DIST_S_01
OUT_17918,DIST_S_01
OUT_17919,DIST_S_01
OUT_17920,DIST_S_01
OUT_17921,DIST_S_01
OUT_17922,DIST_S_01
OUT_17923,DIST_S_02
OUT_17924,DIST_S_01
OUT_17925,DIST_S_02
OUT_17926,DIST_S_01
OUT_17927,DIST_S_02
OUT_17928,DIST_S_01
OUT_17929,DIST_S_02
OUT_17930,DIST_S_01
OUT_17931,DIST_S_01
OUT_17932,DIST_S_02
OUT_17933,DIST_S_01
OUT_17934,DIST_S_01
OUT_17935,DIST_S_02
OUT_17936,DIST_S_01
OUT_17937,DIST_S_01
OUT_17938,DIST_S_02
OUT_17939,DIST_S_02
OUT_17940,DIST_S_02
OUT_17941,DIST_S_01
OUT_17942,DIST_S_02
OUT_17943,DIST_S_01
OUT_17944,DIST_S_01
OUT_17945,DIST_S_01
OUT_17946,DIST_S_01
OUT_17947,DIST_S_02
OUT_17948,DIST_S_01
OUT_17949,DIST_S_01
OUT_17950,DIST_S_01
OUT_17951,DIST_S_02
OUT_17952,DIST_S_02
OUT_17953,DIST_S_02
OUT_17954,DIST_S_02
OUT_17955,DIST_S_02
OUT_17956,DIST_S_02
OUT_17957,DIST_S_01
OUT_17958,DIST_S_01
OUT_17959,DIST_S_02
OUT_17960,DIST_S_02
OUT_17961,DIST_S_01
OUT_17962,DIST_S_01
OUT_17963,DIST_S_02
OUT_17964,DIST_S_01
OUT_17965,DIST_S_01
OUT_17966,DIST_S_02
OUT_17967,DIST_S_02
OUT_17968,DIST_S_02
OUT_17969,DIST_S_01
OUT_17970,DIST_S_01
OUT_17971,DIST_S_02
OUT_17972,DIST_S_01
OUT_17973,DIST_S_02
OUT_17974,DIST_S_02
OUT_17975,DIST_S_02
OUT_17976,DIST_S_02
OUT_17977,DIST_S_02
OUT_17978,DIST_S_02
OUT_17979,DIST_S_02
OUT_17980,DIST_S_01
OUT_17981,DIST_S_01
OUT_17982,DIST_S_01
OUT_17983,DIST_S_01
OUT_17984,DIST_S_01
OUT_17985,DIST_S_01
OUT_17986,DIST_S_01
OUT_17987,DIST_S_02
OUT_17988,DIST_S_02
OUT_17989,DIST_S_01
OUT_17990,DIST_S_02
OUT_17991,DIST_S_02
OUT_17992,DIST_S_01
OUT_17993,DIST_S_01
OUT_17994,DIST_S_01
OUT_17995,DIST_S_01
OUT_17996,DIST_S_01
OUT_17997,DIST_S_01
OUT_17998,DIST_S_02
OUT_17999,DIST_S_02
OUT_18000,DIST_S_02
OUT_18001,DIST_S_01
OUT_18002,DIST_S_02
OUT_18003,DIST_S_02
OUT_18004,DIST_S_01
OUT_18005,DIST_S_01
OUT_18006,DIST_S_01
OUT_18007,DIST_S_02
OUT_18008,DIST_S_02
OUT_18009,DIST_S_01
OUT_18010,DIST_S_01
OUT_18011,DIST_S_02
OUT_18012,DIST_S_02
OUT_18013,DIST_S_01
OUT_18014,DIST_S_01
OUT_18015,DIST_S_02
OUT_18016,DIST_S_02
OUT_18017,DIST_S_02
OUT_18018,DIST_S_02
OUT_18019,DIST_S_01
OUT_18020,DIST_S_02
OUT_18021,DIST_S_01
OUT_18022,DIST_S_01
OUT_18023,DIST_S_02
OUT_18024,DIST_S_01
OUT_18025,DIST_S_02
OUT_18026,DIST_S_01
OUT_18027,DIST_S_02
OUT_18028,DIST_S_01
OUT_18029,DIST_S_01
OUT_18030,DIST_S_01
OUT_18031,DIST_S_01
OUT_18032,DIST_S_01
OUT_18033,DIST_S_02
OUT_18034,DIST_S_01
OUT_18035,DIST_S_01
OUT_18036,DIST_S_02
OUT_18037,DIST_S_02
OUT_18038,DIST_S_01
OUT_18039,DIST_S_01
OUT_18040,DIST_S_02
OUT_18041,DIST_S_01
OUT_18042,DIST_S_01
OUT_18043,DIST_S_02
OUT_18044,DIST_S_02
OUT_18045,DIST_S_01
OUT_18046,DIST_S_02
OUT_18047,DIST_S_01
OUT_18048,DIST_S_02
OUT_18049,DIST_S_01
OUT_18050,DIST_S_01
OUT_18051,DIST_S_01
OUT_18052,DIST_S_02
OUT_18053,DIST_S_01
OUT_18054,DIST_S_02
OUT_18055,DIST_S_02
OUT_18056,DIST_S_02
OUT_18057,DIST_S_01
OUT_18058,DIST_S_02
OUT_18059,DIST_S_01
OUT_18060,DIST_S_02
OUT_18061,DIST_S_01
OUT_18062,DIST_S_02
OUT_18063,DIST_S_01
OUT_18064,DIST_S_02
OUT_18065,DIST_S_01
OUT_18066,DIST_S_02
OUT_18067,DIST_S_01
OUT_18068,DIST_S_01
OUT_18069,DIST_S_01
OUT_18070,DIST_S_01
OUT_18071,DIST_S_02
OUT_18072,DIST_S_02
OUT_18073,DIST_S_02
OUT_18074,DIST_S_02
OUT_18075,DIST_S_01
OUT_18076,DIST_S_01
OUT_18077,DIST_S_01
OUT_18078,DIST_S_02
OUT_18079,DIST_S_02
OUT_18080,DIST_S_01
OUT_18081,DIST_S_01
OUT_18082,DIST_S_02
OUT_18083,DIST_S_01
OUT_18084,DIST_S_02
OUT_18085,DIST_S_01
OUT_18086,DIST_S_01
OUT_18087,DIST_S_01
OUT_18088,DIST_S_02
OUT_18089,DIST_S_02
OUT_18090,DIST_S_02
OUT_18091,DIST_S_02
OUT_18092,DIST_S_01
OUT_18093,DIST_S_02
OUT_18094,DIST_S_02
OUT_18095,DIST_S_01
OUT_18096,DIST_S_01
OUT_18097,DIST_S_02
OUT_18098,DIST_S_02
OUT_18099,DIST_S_01
OUT_18100,DIST_S_02
OUT_18101,DIST_S_02
OUT_18102,DIST_S_02
OUT_18103,DIST_S_02
OUT_18104,DIST_S_02
OUT_18105,DIST_S_01
OUT_18106,DIST_S_02
OUT_18107,DIST_S_02
OUT_18108,DIST_S_02
OUT_18109,DIST_S_01
OUT_18110,DIST_S_02
OUT_18111,DIST_S_02
OUT_18112,DIST_S_02
OUT_18113,DIST_S_01
OUT_18114,DIST_S_01
OUT_18115,DIST_S_01
OUT_18116,DIST_S_02
OUT_18117,DIST_S_02
OUT_18118,DIST_S_01
OUT_18119,DIST_S_02
OUT_18120,DIST_S_01
OUT_18121,DIST_S_01
OUT_18122,DIST_S_02
OUT_18123,DIST_S_01
OUT_18124,DIST_S_02
OUT_18125,DIST_S_02
OUT_18126,DIST_S_02
OUT_18127,DIST_S_01
OUT_18128,DIST_S_02
OUT_18129,DIST_S_02
OUT_18130,DIST_S_01
OUT_18131,DIST_S_01
OUT_18132,DIST_S_02
OUT_18133,DIST_S_01
OUT_18134,DIST_S_02
OUT_18135,DIST_S_02
OUT_18136,DIST_S_02
OUT_18137,DIST_S_02
OUT_18138,DIST_S_02
OUT_18139,DIST_S_01
OUT_18140,DIST_S_01
OUT_18141,DIST_S_01
OUT_18142,DIST_S_01
OUT_18143,DIST_S_02
OUT_18144,DIST_S_02
OUT_18145,DIST_S_01
OUT_18146,DIST_S_02
OUT_18147,DIST_S_02
OUT_18148,DIST_S_02
OUT_18149,DIST_S_02
OUT_18150,DIST_S_02
OUT_18151,DIST_S_02
OUT_18152,DIST_S_02
OUT_18153,DIST_S_01
OUT_18154,DIST_S_01
OUT_18155,DIST_S_02
OUT_18156,DIST_S_02
OUT_18157,DIST_S_01
OUT_18158,DIST_S_01
OUT_18159,DIST_S_02
OUT_18160,DIST_S_01
OUT_18161,DIST_S_02
OUT_18162,DIST_S_02
OUT_18163,DIST_S_02
OUT_18164,DIST_S_02
OUT_18165,DIST_S_02
OUT_18166,DIST_S_01
OUT_18167,DIST_S_02
OUT_18168,DIST_S_02
OUT_18169,DIST_S_02
OUT_18170,DIST_S_01
OUT_18171,DIST_S_01
OUT_18172,DIST_S_01
OUT_18173,DIST_S_01
OUT_18174,DIST_S_01
OUT_18175,DIST_S_01
OUT_18176,DIST_S_01
OUT_18177,DIST_S_02
OUT_18178,DIST_S_01
OUT_18179,DIST_S_02
OUT_18180,DIST_S_01
OUT_18181,DIST_S_02
OUT_18182,DIST_S_01
OUT_18183,DIST_S_01
OUT_18184,DIST_S_02
OUT_18185,DIST_S_02
OUT_18186,DIST_S_02
OUT_18187,DIST_S_01
OUT_18188,DIST_S_01
OUT_18189,DIST_S_02
OUT_18190,DIST_S_02
OUT_18191,DIST_S_02
OUT_18192,DIST_S_02
OUT_18193,DIST_S_02
OUT_18194,DIST_S_02
OUT_18195,DIST_S_01
OUT_18196,DIST_S_01
OUT_18197,DIST_S_01
OUT_18198,DIST_S_02
OUT_18199,DIST_S_01
OUT_18200,DIST_S_01
OUT_18201,DIST_S_02
OUT_18202,DIST_S_01
OUT_18203,DIST_S_01
OUT_18204,DIST_S_01
OUT_18205,DIST_S_01
OUT_18206,DIST_S_01
OUT_18207,DIST_S_02
OUT_18208,DIST_S_02
OUT_18209,DIST_S_01
OUT_18210,DIST_S_02
OUT_18211,DIST_S_02
OUT_18212,DIST_S_02
OUT_18213,DIST_S_02
OUT_18214,DIST_S_02
OUT_18215,DIST_S_01
OUT_18216,DIST_S_01
OUT_18217,DIST_S_02
OUT_18218,DIST_S_02
OUT_18219,DIST_S_01
OUT_18220,DIST_S_02
OUT_18221,DIST_S_02
OUT_18222,DIST_S_02
OUT_18223,DIST_S_01
OUT_18224,DIST_S_02
OUT_18225,DIST_S_02
OUT_18226,DIST_S_02
OUT_18227,DIST_S_02
OUT_18228,DIST_S_02
OUT_18229,DIST_S_01
OUT_18230,DIST_S_01
OUT_18231,DIST_S_01
OUT_18232,DIST_S_01
OUT_18233,DIST_S_01
OUT_18234,DIST_S_02
OUT_18235,DIST_S_02
OUT_18236,DIST_S_01
OUT_18237,DIST_S_01
OUT_18238,DIST_S_02
OUT_18239,DIST_S_02
OUT_18240,DIST_S_01
OUT_18241,DIST_S_02
OUT_18242,DIST_S_02
OUT_18243,DIST_S_01
OUT_18244,DIST_S_02
OUT_18245,DIST_S_01
OUT_18246,DIST_S_02
OUT_18247,DIST_S_01
OUT_18248,DIST_S_02
OUT_18249,DIST_S_01
OUT_18250,DIST_S_01
OUT_18251,DIST_S_02
OUT_18252,DIST_S_01
OUT_18253,DIST_S_02
OUT_18254,DIST_S_02
OUT_18255,DIST_S_02
OUT_18256,DIST_S_02
OUT_18257,DIST_S_01
OUT_18258,DIST_S_01
OUT_18259,DIST_S_01
OUT_18260,DIST_S_01
OUT_18261,DIST_S_01
OUT_18262,DIST_S_02
OUT_18263,DIST_S_01
OUT_18264,DIST_S_01
OUT_18265,DIST_S_02
OUT_18266,DIST_S_02
OUT_18267,DIST_S_02
OUT_18268,DIST_S_01
OUT_18269,DIST_S_01
OUT_18270,DIST_S_01
OUT_18271,DIST_S_01
OUT_18272,DIST_S_02
OUT_18273,DIST_S_02
OUT_18274,DIST_S_01
OUT_18275,DIST_S_01
OUT_18276,DIST_S_02
OUT_18277,DIST_S_02
OUT_18278,DIST_S_01
OUT_18279,DIST_S_01
OUT_18280,DIST_S_02
OUT_18281,DIST_S_02
OUT_18282,DIST_S_01
OUT_18283,DIST_S_02
OUT_18284,DIST_S_02
OUT_18285,DIST_S_02
OUT_18286,DIST_S_01
OUT_18287,DIST_S_02
OUT_18288,DIST_S_02
OUT_18289,DIST_S_02
OUT_18290,DIST_S_01
OUT_18291,DIST_S_02
OUT_18292,DIST_S_02
OUT_18293,DIST_S_01
OUT_18294,DIST_S_01
OUT_18295,DIST_S_02
OUT_18296,DIST_S_02
OUT_18297,DIST_S_02
OUT_18298,DIST_S_02
OUT_18299,DIST_S_01
OUT_18300,DIST_S_02
OUT_18301,DIST_S_01
OUT_18302,DIST_S_01
OUT_18303,DIST_S_02
OUT_18304,DIST_S_02
OUT_18305,DIST_S_01
OUT_18306,DIST_S_02
OUT_18307,DIST_S_01
OUT_18308,DIST_S_01
OUT_18309,DIST_S_02
OUT_18310,DIST_S_01
OUT_18311,DIST_S_01
OUT_18312,DIST_S_01
OUT_18313,DIST_S_01
OUT_18314,DIST_S_01
OUT_18315,DIST_S_01
OUT_18316,DIST_S_02
OUT_18317,DIST_S_01
OUT_18318,DIST_S_02
OUT_18319,DIST_S_02
OUT_18320,DIST_S_02
OUT_18321,DIST_S_02
OUT_18322,DIST_S_01
OUT_18323,DIST_S_02
OUT_18324,DIST_S_01
OUT_18325,DIST_S_01
OUT_18326,DIST_S_01
OUT_18327,DIST_S_01
OUT_18328,DIST_S_02
OUT_18329,DIST_S_02
OUT_18330,DIST_S_02
OUT_18331,DIST_S_02
OUT_18332,DIST_S_01
OUT_18333,DIST_S_01
OUT_18334,DIST_S_02
OUT_18335,DIST_S_02
OUT_18336,DIST_S_01
OUT_18337,DIST_S_02
OUT_18338,DIST_S_02
OUT_18339,DIST_S_01
OUT_18340,DIST_S_01
OUT_18341,DIST_S_02
OUT_18342,DIST_S_01
OUT_18343,DIST_S_02
OUT_18344,DIST_S_02
OUT_18345,DIST_S_01
OUT_18346,DIST_S_02
OUT_18347,DIST_S_01
OUT_18348,DIST_S_01
OUT_18349,DIST_S_01
OUT_18350,DIST_S_01
OUT_18351,DIST_S_01
OUT_18352,DIST_S_01
OUT_18353,DIST_S_02
OUT_18354,DIST_S_01
OUT_18355,DIST_S_01
OUT_18356,DIST_S_02
OUT_18357,DIST_S_02
OUT_18358,DIST_S_01
OUT_18359,DIST_S_02
OUT_18360,DIST_S_02
OUT_18361,DIST_S_02
OUT_18362,DIST_S_01
OUT_18363,DIST_S_02
OUT_18364,DIST_S_01
OUT_18365,DIST_S_01
OUT_18366,DIST_S_02
OUT_18367,DIST_S_02
OUT_18368,DIST_S_02
OUT_18369,DIST_S_02
OUT_18370,DIST_S_02
OUT_18371,DIST_S_02
OUT_18372,DIST_S_02
OUT_18373,DIST_S_01
OUT_18374,DIST_S_02
OUT_18375,DIST_S_01
OUT_18376,DIST_S_01
OUT_18377,DIST_S_01
OUT_18378,DIST_S_02
OUT_18379,DIST_S_02
OUT_18380,DIST_S_02
OUT_18381,DIST_S_01
OUT_18382,DIST_S_02
OUT_18383,DIST_S_01
OUT_18384,DIST_S_01
OUT_18385,DIST_S_01
OUT_18386,DIST_S_02
OUT_18387,DIST_S_01
OUT_18388,DIST_S_01
OUT_18389,DIST_S_02
OUT_18390,DIST_S_01
OUT_18391,DIST_S_01
OUT_18392,DIST_S_02
OUT_18393,DIST_S_02
OUT_18394,DIST_S_01
OUT_18395,DIST_S_02
OUT_18396,DIST_S_02
OUT_18397,DIST_S_02
OUT_18398,DIST_S_01
OUT_18399,DIST_S_02
OUT_18400,DIST_S_01
OUT_18401,DIST_S_02
OUT_18402,DIST_S_01
OUT_18403,DIST_S_02
OUT_18404,DIST_S_02
OUT_18405,DIST_S_02
OUT_18406,DIST_S_02
OUT_18407,DIST_S_01
OUT_18408,DIST_S_01
OUT_18409,DIST_S_02
OUT_18410,DIST_S_01
OUT_18411,DIST_S_02
OUT_18412,DIST_S_02
OUT_18413,DIST_S_01
OUT_18414,DIST_S_02
OUT_18415,DIST_S_02
OUT_18416,DIST_S_01
OUT_18417,DIST_S_02
OUT_18418,DIST_S_02
OUT_18419,DIST_S_02
OUT_18420,DIST_S_01
OUT_18421,DIST_S_02
OUT_18422,DIST_S_02
OUT_18423,DIST_S_01
OUT_18424,DIST_S_02
OUT_18425,DIST_S_02
OUT_18426,DIST_S_01
OUT_18427,DIST_S_01
OUT_18428,DIST_S_01
OUT_18429,DIST_S_02
OUT_18430,DIST_S_01
OUT_18431,DIST_S_02
OUT_18432,DIST_S_01
OUT_18433,DIST_S_01
OUT_18434,DIST_S_01
OUT_18435,DIST_S_01
OUT_18436,DIST_S_02
OUT_18437,DIST_S_01
OUT_18438,DIST_S_02
OUT_18439,DIST_S_02
OUT_18440,DIST_S_01
OUT_18441,DIST_S_01
OUT_18442,DIST_S_02
OUT_18443,DIST_S_01
OUT_18444,DIST_S_01
OUT_18445,DIST_S_01
OUT_18446,DIST_S_02
OUT_18447,DIST_S_02
OUT_18448,DIST_S_01
OUT_18449,DIST_S_01
OUT_18450,DIST_S_01
OUT_18451,DIST_S_02
OUT_18452,DIST_S_02
OUT_18453,DIST_S_01
OUT_18454,DIST_S_02
OUT_18455,DIST_S_02
OUT_18456,DIST_S_01
OUT_18457,DIST_S_02
OUT_18458,DIST_S_02
OUT_18459,DIST_S_02
OUT_18460,DIST_S_01
OUT_18461,DIST_S_02
OUT_18462,DIST_S_01
OUT_18463,DIST_S_01
OUT_18464,DIST_S_01
OUT_18465,DIST_S_02
OUT_18466,DIST_S_02
OUT_18467,DIST_S_02
OUT_18468,DIST_S_01
OUT_18469,DIST_S_01
OUT_18470,DIST_S_02
OUT_18471,DIST_S_01
OUT_18472,DIST_S_02
OUT_18473,DIST_S_01
OUT_18474,DIST_S_02
OUT_18475,DIST_S_01
OUT_18476,DIST_S_01
OUT_18477,DIST_S_02
OUT_18478,DIST_S_01
OUT_18479,DIST_S_02
OUT_18480,DIST_S_02
OUT_18481,DIST_S_02
OUT_18482,DIST_S_01
OUT_18483,DIST_S_02
OUT_18484,DIST_S_02
OUT_18485,DIST_S_01
OUT_18486,DIST_S_02
OUT_18487,DIST_S_02
OUT_18488,DIST_S_01
OUT_18489,DIST_S_01
OUT_18490,DIST_S_02
OUT_18491,DIST_S_01
OUT_18492,DIST_S_02
OUT_18493,DIST_S_01
OUT_18494,DIST_S_02
OUT_18495,DIST_S_01
OUT_18496,DIST_S_02
OUT_18497,DIST_S_01
OUT_18498,DIST_S_01
OUT_18499,DIST_S_01
OUT_18500,DIST_S_01
OUT_18501,DIST_S_02
OUT_18502,DIST_S_01
OUT_18503,DIST_S_02
OUT_18504,DIST_S_02
OUT_18505,DIST_S_02
OUT_18506,DIST_S_01
OUT_18507,DIST_S_02
OUT_18508,DIST_S_02
OUT_18509,DIST_S_01
OUT_18510,DIST_S_02
OUT_18511,DIST_S_02
OUT_18512,DIST_S_01
OUT_18513,DIST_S_02
OUT_18514,DIST_S_01
OUT_18515,DIST_S_02
OUT_18516,DIST_S_01
OUT_18517,DIST_S_01
OUT_18518,DIST_S_01
OUT_18519,DIST_S_02
OUT_18520,DIST_S_01
OUT_18521,DIST_S_01
OUT_18522,DIST_S_01
OUT_18523,DIST_S_01
OUT_18524,DIST_S_01
OUT_18525,DIST_S_02
OUT_18526,DIST_S_01
OUT_18527,DIST_S_02
OUT_18528,DIST_S_01
OUT_18529,DIST_S_01
OUT_18530,DIST_S_02
OUT_18531,DIST_S_01
OUT_18532,DIST_S_01
OUT_18533,DIST_S_02
OUT_18534,DIST_S_01
OUT_18535,DIST_S_01
OUT_18536,DIST_S_02
OUT_18537,DIST_S_01
OUT_18538,DIST_S_01
OUT_18539,DIST_S_01
OUT_18540,DIST_S_02
OUT_18541,DIST_S_02
OUT_18542,DIST_S_02
OUT_18543,DIST_S_01
OUT_18544,DIST_S_02
OUT_18545,DIST_S_01
OUT_18546,DIST_S_01
OUT_18547,DIST_S_02
OUT_18548,DIST_S_01
OUT_18549,DIST_S_02
OUT_18550,DIST_S_02
OUT_18551,DIST_S_02
OUT_18552,DIST_S_01
OUT_18553,DIST_S_02
OUT_18554,DIST_S_02
OUT_18555,DIST_S_01
OUT_18556,DIST_S_01
OUT_18557,DIST_S_01
OUT_18558,DIST_S_01
OUT_18559,DIST_S_02
OUT_18560,DIST_S_01
OUT_18561,DIST_S_01
OUT_18562,DIST_S_01
OUT_18563,DIST_S_01
OUT_18564,DIST_S_01
OUT_18565,DIST_S_02
OUT_18566,DIST_S_02
OUT_18567,DIST_S_01
OUT_18568,DIST_S_01
OUT_18569,DIST_S_02
OUT_18570,DIST_S_02
OUT_18571,DIST_S_02
OUT_18572,DIST_S_01
OUT_18573,DIST_S_02
OUT_18574,DIST_S_02
OUT_18575,DIST_S_01
OUT_18576,DIST_S_01
OUT_18577,DIST_S_01
OUT_18578,DIST_S_01
OUT_18579,DIST_S_01
OUT_18580,DIST_S_02
OUT_18581,DIST_S_02
OUT_18582,DIST_S_01
OUT_18583,DIST_S_01
OUT_18584,DIST_S_01
OUT_18585,DIST_S_01
OUT_18586,DIST_S_01
OUT_18587,DIST_S_01
OUT_18588,DIST_S_02
OUT_18589,DIST_S_01
OUT_18590,DIST_S_02
OUT_18591,DIST_S_01
OUT_18592,DIST_S_02
OUT_18593,DIST_S_01
OUT_18594,DIST_S_01
OUT_18595,DIST_S_02
OUT_18596,DIST_S_01
OUT_18597,DIST_S_01
OUT_18598,DIST_S_01
OUT_18599,DIST_S_02
OUT_18600,DIST_S_02
OUT_18601,DIST_S_01
OUT_18602,DIST_S_01
OUT_18603,DIST_S_01
OUT_18604,DIST_S_01
OUT_18605,DIST_S_02
OUT_18606,DIST_S_02
OUT_18607,DIST_S_02
OUT_18608,DIST_S_02
OUT_18609,DIST_S_01
OUT_18610,DIST_S_02
OUT_18611,DIST_S_01
OUT_18612,DIST_S_02
OUT_18613,DIST_S_01
OUT_18614,DIST_S_02
OUT_18615,DIST_S_01
OUT_18616,DIST_S_01
OUT_18617,DIST_S_01
OUT_18618,DIST_S_02
OUT_18619,DIST_S_02
OUT_18620,DIST_S_02
OUT_18621,DIST_S_01
OUT_18622,DIST_S_02
OUT_18623,DIST_S_02
OUT_18624,DIST_S_01
OUT_18625,DIST_S_01
OUT_18626,DIST_S_01
OUT_18627,DIST_S_01
OUT_18628,DIST_S_02
OUT_18629,DIST_S_01
OUT_18630,DIST_S_01
OUT_18631,DIST_S_02
OUT_18632,DIST_S_02
OUT_18633,DIST_S_01
OUT_18634,DIST_S_01
OUT_18635,DIST_S_02
OUT_18636,DIST_S_02
OUT_18637,DIST_S_02
OUT_18638,DIST_S_01
OUT_18639,DIST_S_02
OUT_18640,DIST_S_01
OUT_18641,DIST_S_02
OUT_18642,DIST_S_01
OUT_18643,DIST_S_01
OUT_18644,DIST_S_01
OUT_18645,DIST_S_02
OUT_18646,DIST_S_01
OUT_18647,DIST_S_01
OUT_18648,DIST_S_01
OUT_18649,DIST_S_02
OUT_18650,DIST_S_01
OUT_18651,DIST_S_01
OUT_18652,DIST_S_02
OUT_18653,DIST_S_01
OUT_18654,DIST_S_02
OUT_18655,DIST_S_01
OUT_18656,DIST_S_02
OUT_18657,DIST_S_02
OUT_18658,DIST_S_01
OUT_18659,DIST_S_01
OUT_18660,DIST_S_01
OUT_18661,DIST_S_01
OUT_18662,DIST_S_02
OUT_18663,DIST_S_01
OUT_18664,DIST_S_02
OUT_18665,DIST_S_01
OUT_18666,DIST_S_01
OUT_18667,DIST_S_02
OUT_18668,DIST_S_01
OUT_18669,DIST_S_01
OUT_18670,DIST_S_02
OUT_18671,DIST_S_01
OUT_18672,DIST_S_01
OUT_18673,DIST_S_02
OUT_18674,DIST_S_01
OUT_18675,DIST_S_01
OUT_18676,DIST_S_02
OUT_18677,DIST_S_02
OUT_18678,DIST_S_01
OUT_18679,DIST_S_01
OUT_18680,DIST_S_01
OUT_18681,DIST_S_01
OUT_18682,DIST_S_01
OUT_18683,DIST_S_01
OUT_18684,DIST_S_01
OUT_18685,DIST_S_01
OUT_18686,DIST_S_01
OUT_18687,DIST_S_01
OUT_18688,DIST_S_01
OUT_18689,DIST_S_01
OUT_18690,DIST_S_02
OUT_18691,DIST_S_02
OUT_18692,DIST_S_01
OUT_18693,DIST_S_02
OUT_18694,DIST_S_02
OUT_18695,DIST_S_01
OUT_18696,DIST_S_02
OUT_18697,DIST_S_01
OUT_18698,DIST_S_02
OUT_18699,DIST_S_02
OUT_18700,DIST_S_01
OUT_18701,DIST_S_02
OUT_18702,DIST_S_02
OUT_18703,DIST_S_02
OUT_18704,DIST_S_02
OUT_18705,DIST_S_01
OUT_18706,DIST_S_02
OUT_18707,DIST_S_02
OUT_18708,DIST_S_02
OUT_18709,DIST_S_02
OUT_18710,DIST_S_02
OUT_18711,DIST_S_01
OUT_18712,DIST_S_02
OUT_18713,DIST_S_01
OUT_18714,DIST_S_02
OUT_18715,DIST_S_01
OUT_18716,DIST_S_02
OUT_18717,DIST_S_01
OUT_18718,DIST_S_01
OUT_18719,DIST_S_02
OUT_18720,DIST_S_02
OUT_18721,DIST_S_01
OUT_18722,DIST_S_02
OUT_18723,DIST_S_01
OUT_18724,DIST_S_02
OUT_18725,DIST_S_02
OUT_18726,DIST_S_01
OUT_18727,DIST_S_01
OUT_18728,DIST_S_02
OUT_18729,DIST_S_01
OUT_18730,DIST_S_01
OUT_18731,DIST_S_01
OUT_18732,DIST_S_01
OUT_18733,DIST_S_01
OUT_18734,DIST_S_02
OUT_18735,DIST_S_02
OUT_18736,DIST_S_02
OUT_18737,DIST_S_02
OUT_18738,DIST_S_01
OUT_18739,DIST_S_02
OUT_18740,DIST_S_02
OUT_18741,DIST_S_02
OUT_18742,DIST_S_02
OUT_18743,DIST_S_01
OUT_18744,DIST_S_02
OUT_18745,DIST_S_02
OUT_18746,DIST_S_02
OUT_18747,DIST_S_02
OUT_18748,DIST_S_02
OUT_18749,DIST_S_01
OUT_18750,DIST_S_02
OUT_18751,DIST_S_01
OUT_18752,DIST_S_01
OUT_18753,DIST_S_01
OUT_18754,DIST_S_02
OUT_18755,DIST_S_01
OUT_18756,DIST_S_01
OUT_18757,DIST_S_01
OUT_18758,DIST_S_01
OUT_18759,DIST_S_02
OUT_18760,DIST_S_01
OUT_18761,DIST_S_01
OUT_18762,DIST_S_02
OUT_18763,DIST_S_02
OUT_18764,DIST_S_01
OUT_18765,DIST_S_02
OUT_18766,DIST_S_01
OUT_18767,DIST_S_02
OUT_18768,DIST_S_01
OUT_18769,DIST_S_01
OUT_18770,DIST_S_01
OUT_18771,DIST_S_01
OUT_18772,DIST_S_02
OUT_18773,DIST_S_01
OUT_18774,DIST_S_01
OUT_18775,DIST_S_01
OUT_18776,DIST_S_02
OUT_18777,DIST_S_01
OUT_18778,DIST_S_02
OUT_18779,DIST_S_02
OUT_18780,DIST_S_02
OUT_18781,DIST_S_02
OUT_18782,DIST_S_01
OUT_18783,DIST_S_02
OUT_18784,DIST_S_01
OUT_18785,DIST_S_01
OUT_18786,DIST_S_01
OUT_18787,DIST_S_02
OUT_18788,DIST_S_01
OUT_18789,DIST_S_02
OUT_18790,DIST_S_02
OUT_18791,DIST_S_02
OUT_18792,DIST_S_02
OUT_18793,DIST_S_02
OUT_18794,DIST_S_01
OUT_18795,DIST_S_01
OUT_18796,DIST_S_01
OUT_18797,DIST_S_02
OUT_18798,DIST_S_01
OUT_18799,DIST_S_01
OUT_18800,DIST_S_01
OUT_18801,DIST_S_01
OUT_18802,DIST_S_02
OUT_18803,DIST_S_01
OUT_18804,DIST_S_02
OUT_18805,DIST_S_02
OUT_18806,DIST_S_01
OUT_18807,DIST_S_01
OUT_18808,DIST_S_02
OUT_18809,DIST_S_01
OUT_18810,DIST_S_01
OUT_18811,DIST_S_01
OUT_18812,DIST_S_01
OUT_18813,DIST_S_02
OUT_18814,DIST_S_01
OUT_18815,DIST_S_01
OUT_18816,DIST_S_01
OUT_18817,DIST_S_02
OUT_18818,DIST_S_02
OUT_18819,DIST_S_02
OUT_18820,DIST_S_02
OUT_18821,DIST_S_01
OUT_18822,DIST_S_01
OUT_18823,DIST_S_01
OUT_18824,DIST_S_01
OUT_18825,DIST_S_02
OUT_18826,DIST_S_01
OUT_18827,DIST_S_01
OUT_18828,DIST_S_02
OUT_18829,DIST_S_01
OUT_18830,DIST_S_01
OUT_18831,DIST_S_02
OUT_18832,DIST_S_02
OUT_18833,DIST_S_01
OUT_18834,DIST_S_01
OUT_18835,DIST_S_01
OUT_18836,DIST_S_01
OUT_18837,DIST_S_01
OUT_18838,DIST_S_02
OUT_18839,DIST_S_02
OUT_18840,DIST_S_01
OUT_18841,DIST_S_02
OUT_18842,DIST_S_01
OUT_18843,DIST_S_01
OUT_18844,DIST_S_02
OUT_18845,DIST_S_02
OUT_18846,DIST_S_02
OUT_18847,DIST_S_02
OUT_18848,DIST_S_02
OUT_18849,DIST_S_01
OUT_18850,DIST_S_01
OUT_18851,DIST_S_01
OUT_18852,DIST_S_01
OUT_18853,DIST_S_01
OUT_18854,DIST_S_01
OUT_18855,DIST_S_02
OUT_18856,DIST_S_01
OUT_18857,DIST_S_01
OUT_18858,DIST_S_02
OUT_18859,DIST_S_02
OUT_18860,DIST_S_01
OUT_18861,DIST_S_01
OUT_18862,DIST_S_02
OUT_18863,DIST_S_02
OUT_18864,DIST_S_01
OUT_18865,DIST_S_01
OUT_18866,DIST_S_02
OUT_18867,DIST_S_02
OUT_18868,DIST_S_01
OUT_18869,DIST_S_02
OUT_18870,DIST_S_02
OUT_18871,DIST_S_02
OUT_18872,DIST_S_02
OUT_18873,DIST_S_01
OUT_18874,DIST_S_02
OUT_18875,DIST_S_02
OUT_18876,DIST_S_02
OUT_18877,DIST_S_02
OUT_18878,DIST_S_01
OUT_18879,DIST_S_02
OUT_18880,DIST_S_01
OUT_18881,DIST_S_02
OUT_18882,DIST_S_02
OUT_18883,DIST_S_01
OUT_18884,DIST_S_02
OUT_18885,DIST_S_02
OUT_18886,DIST_S_02
OUT_18887,DIST_S_01
OUT_18888,DIST_S_01
OUT_18889,DIST_S_02
OUT_18890,DIST_S_01
OUT_18891,DIST_S_02
OUT_18892,DIST_S_01
OUT_18893,DIST_S_02
OUT_18894,DIST_S_01
OUT_18895,DIST_S_02
OUT_18896,DIST_S_01
OUT_18897,DIST_S_02
OUT_18898,DIST_S_02
OUT_18899,DIST_S_02
OUT_18900,DIST_S_02
OUT_18901,DIST_S_02
OUT_18902,DIST_S_02
OUT_18903,DIST_S_02
OUT_18904,DIST_S_01
OUT_18905,DIST_S_02
OUT_18906,DIST_S_01
OUT_18907,DIST_S_01
OUT_18908,DIST_S_02
OUT_18909,DIST_S_02
OUT_18910,DIST_S_02
OUT_18911,DIST_S_01
OUT_18912,DIST_S_01
OUT_18913,DIST_S_02
OUT_18914,DIST_S_02
OUT_18915,DIST_S_02
OUT_18916,DIST_S_01
OUT_18917,DIST_S_01
OUT_18918,DIST_S_01
OUT_18919,DIST_S_02
OUT_18920,DIST_S_02
OUT_18921,DIST_S_01
OUT_18922,DIST_S_02
OUT_18923,DIST_S_01
OUT_18924,DIST_S_02
OUT_18925,DIST_S_02
OUT_18926,DIST_S_01
OUT_18927,DIST_S_02
OUT_18928,DIST_S_02
OUT_18929,DIST_S_02
OUT_18930,DIST_S_01
OUT_18931,DIST_S_01
OUT_18932,DIST_S_02
OUT_18933,DIST_S_02
OUT_18934,DIST_S_02
OUT_18935,DIST_S_02
OUT_18936,DIST_S_02
OUT_18937,DIST_S_01
OUT_18938,DIST_S_01
OUT_18939,DIST_S_02
OUT_18940,DIST_S_02
OUT_18941,DIST_S_01
OUT_18942,DIST_S_01
OUT_18943,DIST_S_02
OUT_18944,DIST_S_02
OUT_18945,DIST_S_01
OUT_18946,DIST_S_02
OUT_18947,DIST_S_02
OUT_18948,DIST_S_01
OUT_18949,DIST_S_02
OUT_18950,DIST_S_01
OUT_18951,DIST_S_02
OUT_18952,DIST_S_01
OUT_18953,DIST_S_01
OUT_18954,DIST_S_02
OUT_18955,DIST_S_02
OUT_18956,DIST_S_02
OUT_18957,DIST_S_02
OUT_18958,DIST_S_01
OUT_18959,DIST_S_01
OUT_18960,DIST_S_01
OUT_18961,DIST_S_01
OUT_18962,DIST_S_02
OUT_18963,DIST_S_01
OUT_18964,DIST_S_02
OUT_18965,DIST_S_01
OUT_18966,DIST_S_02
OUT_18967,DIST_S_02
OUT_18968,DIST_S_02
OUT_18969,DIST_S_01
OUT_18970,DIST_S_01
OUT_18971,DIST_S_01
OUT_18972,DIST_S_02
OUT_18973,DIST_S_02
OUT_18974,DIST_S_02
OUT_18975,DIST_S_01
OUT_18976,DIST_S_01
OUT_18977,DIST_S_02
OUT_18978,DIST_S_01
OUT_18979,DIST_S_02
OUT_18980,DIST_S_02
OUT_18981,DIST_S_01
OUT_18982,DIST_S_02
OUT_18983,DIST_S_02
OUT_18984,DIST_S_01
OUT_18985,DIST_S_02
OUT_18986,DIST_S_02
OUT_18987,DIST_S_01
OUT_18988,DIST_S_02
OUT_18989,DIST_S_01
OUT_18990,DIST_S_01
OUT_18991,DIST_S_02
OUT_18992,DIST_S_01
OUT_18993,DIST_S_02
OUT_18994,DIST_S_01
OUT_18995,DIST_S_02
OUT_18996,DIST_S_02
OUT_18997,DIST_S_02
OUT_18998,DIST_S_02
OUT_18999,DIST_S_01
OUT_19000,DIST_S_01
OUT_19001,DIST_S_02
OUT_19002,DIST_S_02
OUT_19003,DIST_S_02
OUT_19004,DIST_S_02
OUT_19005,DIST_S_01
OUT_19006,DIST_S_02
OUT_19007,DIST_S_01
OUT_19008,DIST_S_01
OUT_19009,DIST_S_01
OUT_19010,DIST_S_02
OUT_19011,DIST_S_02
OUT_19012,DIST_S_02
OUT_19013,DIST_S_02
OUT_19014,DIST_S_01
OUT_19015,DIST_S_01
OUT_19016,DIST_S_01
OUT_19017,DIST_S_02
OUT_19018,DIST_S_02
OUT_19019,DIST_S_01
OUT_19020,DIST_S_02
OUT_19021,DIST_S_01
OUT_19022,DIST_S_01
OUT_19023,DIST_S_01
OUT_19024,DIST_S_02
OUT_19025,DIST_S_01
OUT_19026,DIST_S_01
OUT_19027,DIST_S_01
OUT_19028,DIST_S_01
OUT_19029,DIST_S_02
OUT_19030,DIST_S_02
OUT_19031,DIST_S_02
OUT_19032,DIST_S_01
OUT_19033,DIST_S_02
OUT_19034,DIST_S_01
OUT_19035,DIST_S_01
OUT_19036,DIST_S_02
OUT_19037,DIST_S_02
OUT_19038,DIST_S_02
OUT_19039,DIST_S_02
OUT_19040,DIST_S_02
OUT_19041,DIST_S_01
OUT_19042,DIST_S_02
OUT_19043,DIST_S_02
OUT_19044,DIST_S_01
OUT_19045,DIST_S_02
OUT_19046,DIST_S_01
OUT_19047,DIST_S_02
OUT_19048,DIST_S_01
OUT_19049,DIST_S_01
OUT_19050,DIST_S_01
OUT_19051,DIST_S_02
OUT_19052,DIST_S_01
OUT_19053,DIST_S_01
OUT_19054,DIST_S_02
OUT_19055,DIST_S_02
OUT_19056,DIST_S_02
OUT_19057,DIST_S_01
OUT_19058,DIST_S_02
OUT_19059,DIST_S_02
OUT_19060,DIST_S_02
OUT_19061,DIST_S_02
OUT_19062,DIST_S_01
OUT_19063,DIST_S_01
OUT_19064,DIST_S_02
OUT_19065,DIST_S_02
OUT_19066,DIST_S_01
OUT_19067,DIST_S_02
OUT_19068,DIST_S_02
OUT_19069,DIST_S_01
OUT_19070,DIST_S_01
OUT_19071,DIST_S_01
OUT_19072,DIST_S_01
OUT_19073,DIST_S_02
OUT_19074,DIST_S_01
OUT_19075,DIST_S_01
OUT_19076,DIST_S_01
OUT_19077,DIST_S_02
OUT_19078,DIST_S_01
OUT_19079,DIST_S_01
OUT_19080,DIST_S_01
OUT_19081,DIST_S_01
OUT_19082,DIST_S_01
OUT_19083,DIST_S_01
OUT_19084,DIST_S_01
OUT_19085,DIST_S_02
OUT_19086,DIST_S_01
OUT_19087,DIST_S_02
OUT_19088,DIST_S_01
OUT_19089,DIST_S_02
OUT_19090,DIST_S_01
OUT_19091,DIST_S_02
OUT_19092,DIST_S_01
OUT_19093,DIST_S_01
OUT_19094,DIST_S_01
OUT_19095,DIST_S_01
OUT_19096,DIST_S_01
OUT_19097,DIST_S_02
OUT_19098,DIST_S_01
OUT_19099,DIST_S_01
OUT_19100,DIST_S_02
OUT_19101,DIST_S_02
OUT_19102,DIST_S_01
OUT_19103,DIST_S_01
OUT_19104,DIST_S_02
OUT_19105,DIST_S_02
OUT_19106,DIST_S_02
OUT_19107,DIST_S_01
OUT_19108,DIST_S_02
OUT_19109,DIST_S_02
OUT_19110,DIST_S_01
OUT_19111,DIST_S_02
OUT_19112,DIST_S_01
OUT_19113,DIST_S_02
OUT_19114,DIST_S_01
OUT_19115,DIST_S_02
OUT_19116,DIST_S_02
OUT_19117,DIST_S_01
OUT_19118,DIST_S_01
OUT_19119,DIST_S_02
OUT_19120,DIST_S_01
OUT_19121,DIST_S_02
OUT_19122,DIST_S_02
OUT_19123,DIST_S_02
OUT_19124,DIST_S_01
OUT_19125,DIST_S_01
OUT_19126,DIST_S_01
OUT_19127,DIST_S_01
OUT_19128,DIST_S_01
OUT_19129,DIST_S_02
OUT_19130,DIST_S_01
OUT_19131,DIST_S_01
OUT_19132,DIST_S_01
OUT_19133,DIST_S_02
OUT_19134,DIST_S_01
OUT_19135,DIST_S_01
OUT_19136,DIST_S_02
OUT_19137,DIST_S_01
OUT_19138,DIST_S_02
OUT_19139,DIST_S_02
OUT_19140,DIST_S_01
OUT_19141,DIST_S_02
OUT_19142,DIST_S_02
OUT_19143,DIST_S_01
OUT_19144,DIST_S_02
OUT_19145,DIST_S_01
OUT_19146,DIST_S_01
OUT_19147,DIST_S_02
OUT_19148,DIST_S_02
OUT_19149,DIST_S_02
OUT_19150,DIST_S_01
OUT_19151,DIST_S_01
OUT_19152,DIST_S_02
OUT_19153,DIST_S_02
OUT_19154,DIST_S_01
OUT_19155,DIST_S_02
OUT_19156,DIST_S_01
OUT_19157,DIST_S_01
OUT_19158,DIST_S_02
OUT_19159,DIST_S_01
OUT_19160,DIST_S_02
OUT_19161,DIST_S_01
OUT_19162,DIST_S_02
OUT_19163,DIST_S_02
OUT_19164,DIST_S_02
OUT_19165,DIST_S_01
OUT_19166,DIST_S_01
OUT_19167,DIST_S_01
OUT_19168,DIST_S_01
OUT_19169,DIST_S_02
OUT_19170,DIST_S_02
OUT_19171,DIST_S_01
OUT_19172,DIST_S_02
OUT_19173,DIST_S_02
OUT_19174,DIST_S_01
OUT_19175,DIST_S_02
OUT_19176,DIST_S_02
OUT_19177,DIST_S_02
OUT_19178,DIST_S_02
OUT_19179,DIST_S_01
OUT_19180,DIST_S_01
OUT_19181,DIST_S_02
OUT_19182,DIST_S_01
OUT_19183,DIST_S_01
OUT_19184,DIST_S_01
OUT_19185,DIST_S_01
OUT_19186,DIST_S_01
OUT_19187,DIST_S_01
OUT_19188,DIST_S_02
OUT_19189,DIST_S_01
OUT_19190,DIST_S_02
OUT_19191,DIST_S_01
OUT_19192,DIST_S_01
OUT_19193,DIST_S_02
OUT_19194,DIST_S_02
OUT_19195,DIST_S_02
OUT_19196,DIST_S_02
OUT_19197,DIST_S_01
OUT_19198,DIST_S_02
OUT_19199,DIST_S_01
OUT_19200,DIST_S_01
OUT_19201,DIST_S_02
OUT_19202,DIST_S_02
OUT_19203,DIST_S_01
OUT_19204,DIST_S_01
OUT_19205,DIST_S_02
OUT_19206,DIST_S_01
OUT_19207,DIST_S_02
OUT_19208,DIST_S_01
OUT_19209,DIST_S_01
OUT_19210,DIST_S_02
OUT_19211,DIST_S_02
OUT_19212,DIST_S_02
OUT_19213,DIST_S_02
OUT_19214,DIST_S_01
OUT_19215,DIST_S_01
OUT_19216,DIST_S_01
OUT_19217,DIST_S_01
OUT_19218,DIST_S_01
OUT_19219,DIST_S_02
OUT_19220,DIST_S_01
OUT_19221,DIST_S_01
OUT_19222,DIST_S_02
OUT_19223,DIST_S_02
OUT_19224,DIST_S_02
OUT_19225,DIST_S_02
OUT_19226,DIST_S_01
OUT_19227,DIST_S_01
OUT_19228,DIST_S_02
OUT_19229,DIST_S_02
OUT_19230,DIST_S_01
OUT_19231,DIST_S_02
OUT_19232,DIST_S_01
OUT_19233,DIST_S_01
OUT_19234,DIST_S_02
OUT_19235,DIST_S_02
OUT_19236,DIST_S_02
OUT_19237,DIST_S_01
OUT_19238,DIST_S_01
OUT_19239,DIST_S_02
OUT_19240,DIST_S_01
OUT_19241,DIST_S_02
OUT_19242,DIST_S_01
OUT_19243,DIST_S_02
OUT_19244,DIST_S_02
OUT_19245,DIST_S_01
OUT_19246,DIST_S_01
OUT_19247,DIST_S_01
OUT_19248,DIST_S_01
OUT_19249,DIST_S_02
OUT_19250,DIST_S_02
OUT_19251,DIST_S_01
OUT_19252,DIST_S_02
OUT_19253,DIST_S_02
OUT_19254,DIST_S_02
OUT_19255,DIST_S_01
OUT_19256,DIST_S_02
OUT_19257,DIST_S_02
OUT_19258,DIST_S_01
OUT_19259,DIST_S_01
OUT_19260,DIST_S_02
OUT_19261,DIST_S_01
OUT_19262,DIST_S_02
OUT_19263,DIST_S_02
OUT_19264,DIST_S_02
OUT_19265,DIST_S_01
OUT_19266,DIST_S_02
OUT_19267,DIST_S_01
OUT_19268,DIST_S_01
OUT_19269,DIST_S_02
OUT_19270,DIST_S_02
OUT_19271,DIST_S_02
OUT_19272,DIST_S_01
OUT_19273,DIST_S_01
OUT_19274,DIST_S_01
OUT_19275,DIST_S_01
OUT_19276,DIST_S_01
OUT_19277,DIST_S_02
OUT_19278,DIST_S_02
OUT_19279,DIST_S_01
OUT_19280,DIST_S_02
OUT_19281,DIST_S_02
OUT_19282,DIST_S_01
OUT_19283,DIST_S_02
OUT_19284,DIST_S_01
OUT_19285,DIST_S_01
OUT_19286,DIST_S_01
OUT_19287,DIST_S_01
OUT_19288,DIST_S_02
OUT_19289,DIST_S_02
OUT_19290,DIST_S_01
OUT_19291,DIST_S_02
OUT_19292,DIST_S_01
OUT_19293,DIST_S_02
OUT_19294,DIST_S_02
OUT_19295,DIST_S_01
OUT_19296,DIST_S_01
OUT_19297,DIST_S_01
OUT_19298,DIST_S_01
OUT_19299,DIST_S_02
OUT_19300,DIST_S_01
OUT_19301,DIST_S_02
OUT_19302,DIST_S_01
OUT_19303,DIST_S_02
OUT_19304,DIST_S_01
OUT_19305,DIST_S_02
OUT_19306,DIST_S_02
OUT_19307,DIST_S_02
OUT_19308,DIST_S_02
OUT_19309,DIST_S_02
OUT_19310,DIST_S_01
OUT_19311,DIST_S_01
OUT_19312,DIST_S_01
OUT_19313,DIST_S_01
OUT_19314,DIST_S_02
OUT_19315,DIST_S_01
OUT_19316,DIST_S_02
OUT_19317,DIST_S_01
OUT_19318,DIST_S_01
OUT_19319,DIST_S_02
OUT_19320,DIST_S_02
OUT_19321,DIST_S_02
OUT_19322,DIST_S_02
OUT_19323,DIST_S_01
OUT_19324,DIST_S_01
OUT_19325,DIST_S_02
OUT_19326,DIST_S_02
OUT_19327,DIST_S_01
OUT_19328,DIST_S_02
OUT_19329,DIST_S_02
OUT_19330,DIST_S_01
OUT_19331,DIST_S_01
OUT_19332,DIST_S_01
OUT_19333,DIST_S_01
OUT_19334,DIST_S_01
OUT_19335,DIST_S_02
OUT_19336,DIST_S_02
OUT_19337,DIST_S_02
OUT_19338,DIST_S_01
OUT_19339,DIST_S_02
OUT_19340,DIST_S_01
OUT_19341,DIST_S_01
OUT_19342,DIST_S_01
OUT_19343,DIST_S_01
OUT_19344,DIST_S_02
OUT_19345,DIST_S_02
OUT_19346,DIST_S_01
OUT_19347,DIST_S_02
OUT_19348,DIST_S_01
OUT_19349,DIST_S_01
OUT_19350,DIST_S_01
OUT_19351,DIST_S_02
OUT_19352,DIST_S_02
OUT_19353,DIST_S_01
OUT_19354,DIST_S_02
OUT_19355,DIST_S_02
OUT_19356,DIST_S_02
OUT_19357,DIST_S_01
OUT_19358,DIST_S_01
OUT_19359,DIST_S_01
OUT_19360,DIST_S_01
OUT_19361,DIST_S_01
OUT_19362,DIST_S_02
OUT_19363,DIST_S_02
OUT_19364,DIST_S_01
OUT_19365,DIST_S_02
OUT_19366,DIST_S_01
OUT_19367,DIST_S_01
OUT_19368,DIST_S_02
OUT_19369,DIST_S_01
OUT_19370,DIST_S_01
OUT_19371,DIST_S_01
OUT_19372,DIST_S_01
OUT_19373,DIST_S_01
OUT_19374,DIST_S_02
OUT_19375,DIST_S_01
OUT_19376,DIST_S_01
OUT_19377,DIST_S_02
OUT_19378,DIST_S_01
OUT_19379,DIST_S_01
OUT_19380,DIST_S_01
OUT_19381,DIST_S_02
OUT_19382,DIST_S_01
OUT_19383,DIST_S_01
OUT_19384,DIST_S_02
OUT_19385,DIST_S_01
OUT_19386,DIST_S_02
OUT_19387,DIST_S_01
OUT_19388,DIST_S_01
OUT_19389,DIST_S_01
OUT_19390,DIST_S_02
OUT_19391,DIST_S_02
OUT_19392,DIST_S_02
OUT_19393,DIST_S_02
OUT_19394,DIST_S_01
OUT_19395,DIST_S_01
OUT_19396,DIST_S_01
OUT_19397,DIST_S_02
OUT_19398,DIST_S_02
OUT_19399,DIST_S_02
OUT_19400,DIST_S_01
OUT_19401,DIST_S_01
OUT_19402,DIST_S_02
OUT_19403,DIST_S_01
OUT_19404,DIST_S_02
OUT_19405,DIST_S_01
OUT_19406,DIST_S_01
OUT_19407,DIST_S_02
OUT_19408,DIST_S_01
OUT_19409,DIST_S_02
OUT_19410,DIST_S_01
OUT_19411,DIST_S_02
OUT_19412,DIST_S_01
OUT_19413,DIST_S_01
OUT_19414,DIST_S_01
OUT_19415,DIST_S_01
OUT_19416,DIST_S_01
OUT_19417,DIST_S_01
OUT_19418,DIST_S_02
OUT_19419,DIST_S_01
OUT_19420,DIST_S_02
OUT_19421,DIST_S_01
OUT_19422,DIST_S_02
OUT_19423,DIST_S_02
OUT_19424,DIST_S_02
OUT_19425,DIST_S_01
OUT_19426,DIST_S_02
OUT_19427,DIST_S_01
OUT_19428,DIST_S_01
OUT_19429,DIST_S_02
OUT_19430,DIST_S_01
OUT_19431,DIST_S_02
OUT_19432,DIST_S_01
OUT_19433,DIST_S_02
OUT_19434,DIST_S_01
OUT_19435,DIST_S_02
OUT_19436,DIST_S_02
OUT_19437,DIST_S_01
OUT_19438,DIST_S_02
OUT_19439,DIST_S_01
OUT_19440,DIST_S_01
OUT_19441,DIST_S_01
OUT_19442,DIST_S_02
OUT_19443,DIST_S_02
OUT_19444,DIST_S_01
OUT_19445,DIST_S_02
OUT_19446,DIST_S_01
OUT_19447,DIST_S_01
OUT_19448,DIST_S_01
OUT_19449,DIST_S_02
OUT_19450,DIST_S_01
OUT_19451,DIST_S_02
OUT_19452,DIST_S_01
OUT_19453,DIST_S_01
OUT_19454,DIST_S_01
OUT_19455,DIST_S_02
OUT_19456,DIST_S_02
OUT_19457,DIST_S_02
OUT_19458,DIST_S_02
OUT_19459,DIST_S_02
OUT_19460,DIST_S_02
OUT_19461,DIST_S_02
OUT_19462,DIST_S_01
OUT_19463,DIST_S_01
OUT_19464,DIST_S_01
OUT_19465,DIST_S_01
OUT_19466,DIST_S_01
OUT_19467,DIST_S_01
OUT_19468,DIST_S_01
OUT_19469,DIST_S_01
OUT_19470,DIST_S_02
OUT_19471,DIST_S_02
OUT_19472,DIST_S_02
OUT_19473,DIST_S_02
OUT_19474,DIST_S_02
OUT_19475,DIST_S_01
OUT_19476,DIST_S_02
OUT_19477,DIST_S_01
OUT_19478,DIST_S_01
OUT_19479,DIST_S_02
OUT_19480,DIST_S_01
OUT_19481,DIST_S_02
OUT_19482,DIST_S_02
OUT_19483,DIST_S_01
OUT_19484,DIST_S_01
OUT_19485,DIST_S_02
OUT_19486,DIST_S_01
OUT_19487,DIST_S_01
OUT_19488,DIST_S_02
OUT_19489,DIST_S_01
OUT_19490,DIST_S_02
OUT_19491,DIST_S_01
OUT_19492,DIST_S_02
OUT_19493,DIST_S_01
OUT_19494,DIST_S_02
OUT_19495,DIST_S_01
OUT_19496,DIST_S_02
OUT_19497,DIST_S_01
OUT_19498,DIST_S_02
OUT_19499,DIST_S_01
OUT_19500,DIST_S_02
OUT_19501,DIST_S_02
OUT_19502,DIST_S_02
OUT_19503,DIST_S_02
OUT_19504,DIST_S_01
OUT_19505,DIST_S_02
OUT_19506,DIST_S_01
OUT_19507,DIST_S_01
OUT_19508,DIST_S_01
OUT_19509,DIST_S_01
OUT_19510,DIST_S_02
OUT_19511,DIST_S_02
OUT_19512,DIST_S_02
OUT_19513,DIST_S_02
OUT_19514,DIST_S_02
OUT_19515,DIST_S_02
OUT_19516,DIST_S_02
OUT_19517,DIST_S_02
OUT_19518,DIST_S_02
OUT_19519,DIST_S_01
OUT_19520,DIST_S_02
OUT_19521,DIST_S_02
OUT_19522,DIST_S_02
OUT_19523,DIST_S_01
OUT_19524,DIST_S_01
OUT_19525,DIST_S_02
OUT_19526,DIST_S_02
OUT_19527,DIST_S_01
OUT_19528,DIST_S_02
OUT_19529,DIST_S_02
OUT_19530,DIST_S_01
OUT_19531,DIST_S_01
OUT_19532,DIST_S_01
OUT_19533,DIST_S_01
OUT_19534,DIST_S_02
OUT_19535,DIST_S_02
OUT_19536,DIST_S_02
OUT_19537,DIST_S_02
OUT_19538,DIST_S_01
OUT_19539,DIST_S_02
OUT_19540,DIST_S_01
OUT_19541,DIST_S_01
OUT_19542,DIST_S_01
OUT_19543,DIST_S_01
OUT_19544,DIST_S_01
OUT_19545,DIST_S_01
OUT_19546,DIST_S_01
OUT_19547,DIST_S_01
OUT_19548,DIST_S_02
OUT_19549,DIST_S_02
OUT_19550,DIST_S_01
OUT_19551,DIST_S_01
OUT_19552,DIST_S_01
OUT_19553,DIST_S_01
OUT_19554,DIST_S_02
OUT_19555,DIST_S_02
OUT_19556,DIST_S_02
OUT_19557,DIST_S_01
OUT_19558,DIST_S_02
OUT_19559,DIST_S_01
OUT_19560,DIST_S_02
OUT_19561,DIST_S_02
OUT_19562,DIST_S_01
OUT_19563,DIST_S_01
OUT_19564,DIST_S_02
OUT_19565,DIST_S_02
OUT_19566,DIST_S_01
OUT_19567,DIST_S_02
OUT_19568,DIST_S_02
OUT_19569,DIST_S_02
OUT_19570,DIST_S_02
OUT_19571,DIST_S_01
OUT_19572,DIST_S_02
OUT_19573,DIST_S_01
OUT_19574,DIST_S_02
OUT_19575,DIST_S_01
OUT_19576,DIST_S_02
OUT_19577,DIST_S_02
OUT_19578,DIST_S_01
OUT_19579,DIST_S_01
OUT_19580,DIST_S_01
OUT_19581,DIST_S_01
OUT_19582,DIST_S_02
OUT_19583,DIST_S_02
OUT_19584,DIST_S_01
OUT_19585,DIST_S_01
OUT_19586,DIST_S_01
OUT_19587,DIST_S_01
OUT_19588,DIST_S_01
OUT_19589,DIST_S_01
OUT_19590,DIST_S_02
OUT_19591,DIST_S_01
OUT_19592,DIST_S_02
OUT_19593,DIST_S_02
OUT_19594,DIST_S_01
OUT_19595,DIST_S_01
OUT_19596,DIST_S_01
OUT_19597,DIST_S_01
OUT_19598,DIST_S_01
OUT_19599,DIST_S_01
OUT_19600,DIST_S_01
OUT_19601,DIST_S_02
OUT_19602,DIST_S_01
OUT_19603,DIST_S_01
OUT_19604,DIST_S_01
OUT_19605,DIST_S_01
OUT_19606,DIST_S_01
OUT_19607,DIST_S_01
OUT_19608,DIST_S_01
OUT_19609,DIST_S_02
OUT_19610,DIST_S_01
OUT_19611,DIST_S_01
OUT_19612,DIST_S_02
OUT_19613,DIST_S_02
OUT_19614,DIST_S_01
OUT_19615,DIST_S_02
OUT_19616,DIST_S_02
OUT_19617,DIST_S_01
OUT_19618,DIST_S_01
OUT_19619,DIST_S_02
OUT_19620,DIST_S_02
OUT_19621,DIST_S_02
OUT_19622,DIST_S_02
OUT_19623,DIST_S_01
OUT_19624,DIST_S_01
OUT_19625,DIST_S_01
OUT_19626,DIST_S_02
OUT_19627,DIST_S_01
OUT_19628,DIST_S_02
OUT_19629,DIST_S_02
OUT_19630,DIST_S_02
OUT_19631,DIST_S_01
OUT_19632,DIST_S_02
OUT_19633,DIST_S_02
OUT_19634,DIST_S_01
OUT_19635,DIST_S_02
OUT_19636,DIST_S_02
OUT_19637,DIST_S_02
OUT_19638,DIST_S_02
OUT_19639,DIST_S_02
OUT_19640,DIST_S_01
OUT_19641,DIST_S_01
OUT_19642,DIST_S_02
OUT_19643,DIST_S_01
OUT_19644,DIST_S_01
OUT_19645,DIST_S_01
OUT_19646,DIST_S_01
OUT_19647,DIST_S_01
OUT_19648,DIST_S_02
OUT_19649,DIST_S_01
OUT_19650,DIST_S_01
OUT_19651,DIST_S_02
OUT_19652,DIST_S_02
OUT_19653,DIST_S_01
OUT_19654,DIST_S_01
OUT_19655,DIST_S_02
OUT_19656,DIST_S_01
OUT_19657,DIST_S_02
OUT_19658,DIST_S_02
OUT_19659,DIST_S_02
OUT_19660,DIST_S_01
OUT_19661,DIST_S_01
OUT_19662,DIST_S_02
OUT_19663,DIST_S_02
OUT_19664,DIST_S_01
OUT_19665,DIST_S_01
OUT_19666,DIST_S_02
OUT_19667,DIST_S_01
OUT_19668,DIST_S_02
OUT_19669,DIST_S_02
OUT_19670,DIST_S_02
OUT_19671,DIST_S_02
OUT_19672,DIST_S_02
OUT_19673,DIST_S_01
OUT_19674,DIST_S_01
OUT_19675,DIST_S_02
OUT_19676,DIST_S_01
OUT_19677,DIST_S_01
OUT_19678,DIST_S_02
OUT_19679,DIST_S_02
OUT_19680,DIST_S_02
OUT_19681,DIST_S_02
OUT_19682,DIST_S_01
OUT_19683,DIST_S_02
OUT_19684,DIST_S_01
OUT_19685,DIST_S_01
OUT_19686,DIST_S_01
OUT_19687,DIST_S_02
OUT_19688,DIST_S_02
OUT_19689,DIST_S_01
OUT_19690,DIST_S_02
OUT_19691,DIST_S_01
OUT_19692,DIST_S_01
OUT_19693,DIST_S_01
OUT_19694,DIST_S_01
OUT_19695,DIST_S_01
OUT_19696,DIST_S_01
OUT_19697,DIST_S_01
OUT_19698,DIST_S_01
OUT_19699,DIST_S_02
OUT_19700,DIST_S_01
OUT_19701,DIST_S_02
OUT_19702,DIST_S_02
OUT_19703,DIST_S_01
OUT_19704,DIST_S_02
OUT_19705,DIST_S_01
OUT_19706,DIST_S_02
OUT_19707,DIST_S_02
OUT_19708,DIST_S_02
OUT_19709,DIST_S_02
OUT_19710,DIST_S_01
OUT_19711,DIST_S_02
OUT_19712,DIST_S_02
OUT_19713,DIST_S_02
OUT_19714,DIST_S_02
OUT_19715,DIST_S_02
OUT_19716,DIST_S_02
OUT_19717,DIST_S_02
OUT_19718,DIST_S_01
OUT_19719,DIST_S_01
OUT_19720,DIST_S_02
OUT_19721,DIST_S_02
OUT_19722,DIST_S_01
OUT_19723,DIST_S_01
OUT_19724,DIST_S_02
OUT_19725,DIST_S_02
OUT_19726,DIST_S_01
OUT_19727,DIST_S_02
OUT_19728,DIST_S_01
OUT_19729,DIST_S_01
OUT_19730,DIST_S_01
OUT_19731,DIST_S_01
OUT_19732,DIST_S_02
OUT_19733,DIST_S_02
OUT_19734,DIST_S_01
OUT_19735,DIST_S_01
OUT_19736,DIST_S_02
OUT_19737,DIST_S_01
OUT_19738,DIST_S_01
OUT_19739,DIST_S_02
OUT_19740,DIST_S_02
OUT_19741,DIST_S_01
OUT_19742,DIST_S_02
OUT_19743,DIST_S_01
OUT_19744,DIST_S_02
OUT_19745,DIST_S_01
OUT_19746,DIST_S_01
OUT_19747,DIST_S_02
OUT_19748,DIST_S_02
OUT_19749,DIST_S_02
OUT_19750,DIST_S_01
OUT_19751,DIST_S_01
OUT_19752,DIST_S_02
OUT_19753,DIST_S_01
OUT_19754,DIST_S_02
OUT_19755,DIST_S_01
OUT_19756,DIST_S_02
OUT_19757,DIST_S_02
OUT_19758,DIST_S_01
OUT_19759,DIST_S_01
OUT_19760,DIST_S_02
OUT_19761,DIST_S_01
OUT_19762,DIST_S_02
OUT_19763,DIST_S_02
OUT_19764,DIST_S_01
OUT_19765,DIST_S_01
OUT_19766,DIST_S_02
OUT_19767,DIST_S_01
OUT_19768,DIST_S_02
OUT_19769,DIST_S_02
OUT_19770,DIST_S_02
OUT_19771,DIST_S_01
OUT_19772,DIST_S_02
OUT_19773,DIST_S_02
OUT_19774,DIST_S_01
OUT_19775,DIST_S_01
OUT_19776,DIST_S_02
OUT_19777,DIST_S_01
OUT_19778,DIST_S_02
OUT_19779,DIST_S_01
OUT_19780,DIST_S_02
OUT_19781,DIST_S_02
OUT_19782,DIST_S_02
OUT_19783,DIST_S_02
OUT_19784,DIST_S_02
OUT_19785,DIST_S_01
OUT_19786,DIST_S_02
OUT_19787,DIST_S_02
OUT_19788,DIST_S_01
OUT_19789,DIST_S_02
OUT_19790,DIST_S_01
OUT_19791,DIST_S_01
OUT_19792,DIST_S_02
OUT_19793,DIST_S_01
OUT_19794,DIST_S_01
OUT_19795,DIST_S_02
OUT_19796,DIST_S_01
OUT_19797,DIST_S_02
OUT_19798,DIST_S_02
OUT_19799,DIST_S_02
OUT_19800,DIST_S_02
OUT_19801,DIST_S_01
OUT_19802,DIST_S_02
OUT_19803,DIST_S_02
OUT_19804,DIST_S_01
OUT_19805,DIST_S_02
OUT_19806,DIST_S_02
OUT_19807,DIST_S_02
OUT_19808,DIST_S_02
OUT_19809,DIST_S_02
OUT_19810,DIST_S_01
OUT_19811,DIST_S_01
OUT_19812,DIST_S_02
OUT_19813,DIST_S_01
OUT_19814,DIST_S_01
OUT_19815,DIST_S_02
OUT_19816,DIST_S_01
OUT_19817,DIST_S_02
OUT_19818,DIST_S_01
OUT_19819,DIST_S_01
OUT_19820,DIST_S_01
OUT_19821,DIST_S_01
OUT_19822,DIST_S_02
OUT_19823,DIST_S_02
OUT_19824,DIST_S_01
OUT_19825,DIST_S_01
OUT_19826,DIST_S_01
OUT_19827,DIST_S_01
OUT_19828,DIST_S_01
OUT_19829,DIST_S_02
OUT_19830,DIST_S_02
OUT_19831,DIST_S_01
OUT_19832,DIST_S_02
OUT_19833,DIST_S_02
OUT_19834,DIST_S_01
OUT_19835,DIST_S_02
OUT_19836,DIST_S_01
OUT_19837,DIST_S_01
OUT_19838,DIST_S_01
OUT_19839,DIST_S_02
OUT_19840,DIST_S_01
OUT_19841,DIST_S_01
OUT_19842,DIST_S_02
OUT_19843,DIST_S_01
OUT_19844,DIST_S_02
OUT_19845,DIST_S_01
OUT_19846,DIST_S_02
OUT_19847,DIST_S_01
OUT_19848,DIST_S_02
OUT_19849,DIST_S_02
OUT_19850,DIST_S_01
OUT_19851,DIST_S_01
OUT_19852,DIST_S_02
OUT_19853,DIST_S_02
OUT_19854,DIST_S_01
OUT_19855,DIST_S_02
OUT_19856,DIST_S_01
OUT_19857,DIST_S_02
OUT_19858,DIST_S_01
OUT_19859,DIST_S_02
OUT_19860,DIST_S_01
OUT_19861,DIST_S_02
OUT_19862,DIST_S_02
OUT_19863,DIST_S_02
OUT_19864,DIST_S_02
OUT_19865,DIST_S_02
OUT_19866,DIST_S_02
OUT_19867,DIST_S_02
OUT_19868,DIST_S_01
OUT_19869,DIST_S_01
OUT_19870,DIST_S_02
OUT_19871,DIST_S_01
OUT_19872,DIST_S_02
OUT_19873,DIST_S_01
OUT_19874,DIST_S_01
OUT_19875,DIST_S_01
OUT_19876,DIST_S_02
OUT_19877,DIST_S_01
OUT_19878,DIST_S_01
OUT_19879,DIST_S_01
OUT_19880,DIST_S_01
OUT_19881,DIST_S_01
OUT_19882,DIST_S_01
OUT_19883,DIST_S_02
OUT_19884,DIST_S_01
OUT_19885,DIST_S_01
OUT_19886,DIST_S_02
OUT_19887,DIST_S_02
OUT_19888,DIST_S_02
OUT_19889,DIST_S_01
OUT_19890,DIST_S_01
OUT_19891,DIST_S_02
OUT_19892,DIST_S_01
OUT_19893,DIST_S_02
OUT_19894,DIST_S_01
OUT_19895,DIST_S_02
OUT_19896,DIST_S_02
OUT_19897,DIST_S_01
OUT_19898,DIST_S_01
OUT_19899,DIST_S_01
OUT_19900,DIST_S_02
OUT_19901,DIST_S_02
OUT_19902,DIST_S_02
OUT_19903,DIST_S_01
OUT_19904,DIST_S_01
OUT_19905,DIST_S_02
OUT_19906,DIST_S_01
OUT_19907,DIST_S_01
OUT_19908,DIST_S_02
OUT_19909,DIST_S_02
OUT_19910,DIST_S_01
OUT_19911,DIST_S_02
OUT_19912,DIST_S_02
OUT_19913,DIST_S_02
OUT_19914,DIST_S_01
OUT_19915,DIST_S_02
OUT_19916,DIST_S_01
OUT_19917,DIST_S_02
OUT_19918,DIST_S_01
OUT_19919,DIST_S_01
OUT_19920,DIST_S_01
OUT_19921,DIST_S_02
OUT_19922,DIST_S_01
OUT_19923,DIST_S_01
OUT_19924,DIST_S_02
OUT_19925,DIST_S_01
OUT_19926,DIST_S_02
OUT_19927,DIST_S_01
OUT_19928,DIST_S_01
OUT_19929,DIST_S_02
OUT_19930,DIST_S_02
OUT_19931,DIST_S_02
OUT_19932,DIST_S_01
OUT_19933,DIST_S_02
OUT_19934,DIST_S_01
OUT_19935,DIST_S_02
OUT_19936,DIST_S_02
OUT_19937,DIST_S_02
OUT_19938,DIST_S_02
OUT_19939,DIST_S_01
OUT_19940,DIST_S_02
OUT_19941,DIST_S_01
OUT_19942,DIST_S_01
OUT_19943,DIST_S_02
OUT_19944,DIST_S_02
OUT_19945,DIST_S_01
OUT_19946,DIST_S_01
OUT_19947,DIST_S_02
OUT_19948,DIST_S_02
OUT_19949,DIST_S_02
OUT_19950,DIST_S_02
OUT_19951,DIST_S_02
OUT_19952,DIST_S_02
OUT_19953,DIST_S_02
OUT_19954,DIST_S_01
OUT_19955,DIST_S_02
OUT_19956,DIST_S_02
OUT_19957,DIST_S_02
OUT_19958,DIST_S_01
OUT_19959,DIST_S_01
OUT_19960,DIST_S_02
OUT_19961,DIST_S_01
OUT_19962,DIST_S_01
OUT_19963,DIST_S_02
OUT_19964,DIST_S_02
OUT_19965,DIST_S_02
OUT_19966,DIST_S_01
OUT_19967,DIST_S_02
OUT_19968,DIST_S_01
OUT_19969,DIST_S_01
OUT_19970,DIST_S_01
OUT_19971,DIST_S_01
OUT_19972,DIST_S_01
OUT_19973,DIST_S_02
OUT_19974,DIST_S_01
OUT_19975,DIST_S_02
OUT_19976,DIST_S_01
OUT_19977,DIST_S_01
OUT_19978,DIST_S_02
OUT_19979,DIST_S_02
OUT_19980,DIST_S_01
OUT_19981,DIST_S_01
OUT_19982,DIST_S_01
OUT_19983,DIST_S_02
OUT_19984,DIST_S_02
OUT_19985,DIST_S_01
OUT_19986,DIST_S_01
OUT_19987,DIST_S_02
OUT_19988,DIST_S_01
OUT_19989,DIST_S_02
OUT_19990,DIST_S_01
OUT_19991,DIST_S_02
OUT_19992,DIST_S_02
OUT_19993,DIST_S_02
OUT_19994,DIST_S_02
OUT_19995,DIST_S_02
OUT_19996,DIST_S_02
OUT_19997,DIST_S_01
OUT_19998,DIST_S_02
OUT_19999,DIST_S_02
OUT_20000,DIST_S_02
