Outlet_ID,Volume_Liters_Sum
OUT_00001,15042.059964362066
OUT_00002,16763.97351671956
OUT_00003,14745.357269598007
OUT_00004,17931.874861303342
OUT_00005,16489.207429666716
OUT_00006,14511.851345696654
OUT_00007,15249.657491317676
OUT_00008,14525.812992073174
OUT_00009,15613.242128720563
OUT_00010,16859.707234560523
OUT_00011,15653.4402023101
OUT_00012,16190.941741623072
OUT_00013,16068.686031705916
OUT_00014,16500.736366439327
OUT_00015,16696.124922622363
OUT_00016,15009.893626162591
OUT_00017,15644.335971981249
OUT_00018,16040.377399403193
OUT_00019,17250.398795762474
OUT_00020,16311.81876993323
OUT_00021,14690.818022703268
OUT_00022,17239.024025338906
OUT_00023,16738.84047517321
OUT_00024,15368.082257846638
OUT_00025,17609.518866453996
OUT_00026,17058.11374383623
OUT_00027,16836.221000242746
OUT_00028,15387.432420569356
OUT_00029,14306.394207934762
OUT_00030,15391.918257885269
OUT_00031,16046.57114378742
OUT_00032,18464.312071068576
OUT_00033,15783.43077867224
OUT_00034,16383.717418980828
OUT_00035,15669.066522126092
OUT_00036,13791.322956926835
OUT_00037,15994.476260572175
OUT_00038,17234.796179293004
OUT_00039,17415.88713318118
OUT_00040,15886.136208293388
OUT_00041,14100.605290246152
OUT_00042,16940.64369861451
OUT_00043,15762.64176276066
OUT_00044,17022.77913017566
OUT_00045,16595.59035116719
OUT_00046,12920.092852328842
OUT_00047,17486.894696120737
OUT_00048,13521.821722202734
OUT_00049,18008.383244615146
OUT_00050,16276.658984595955
OUT_00051,14300.118306804196
OUT_00052,14581.496747824182
OUT_00053,15926.812287461364
OUT_00054,17624.092677357534
OUT_00055,16625.2651048075
OUT_00056,16091.5121114017
OUT_00057,16307.019487522291
OUT_00058,17744.738199054507
OUT_00059,16698.8017745612
OUT_00060,15221.978989739971
OUT_00061,14388.395469453326
OUT_00062,16172.941486656566
OUT_00063,17921.39700873215
OUT_00064,14974.713306206591
OUT_00065,15676.235597852045
OUT_00066,17851.04701699574
OUT_00067,14999.724433158905
OUT_00068,15650.17427870189
OUT_00069,14223.622443078351
OUT_00070,16474.37337849605
OUT_00071,17363.531052914554
OUT_00072,17895.40504338811
OUT_00073,16934.92653168353
OUT_00074,18451.88490811078
OUT_00075,15478.823279169526
OUT_00076,15854.762564089831
OUT_00077,16324.901234140309
OUT_00078,18320.817629573863
OUT_00079,16336.12222969528
OUT_00080,18323.29525468415
OUT_00081,16205.955503554582
OUT_00082,14744.437512893735
OUT_00083,16273.326702424496
OUT_00084,15707.84224462723
OUT_00085,15156.623101988584
OUT_00086,16501.255128873447
OUT_00087,16881.801603350086
OUT_00088,17088.784918417157
OUT_00089,14162.88426129474
OUT_00090,16388.36606478538
OUT_00091,14498.810539164704
OUT_00092,16898.736242258714
OUT_00093,16507.937395307214
OUT_00094,15295.05294165171
OUT_00095,16732.309343301218
OUT_00096,14774.793872105807
OUT_00097,16201.821198125852
OUT_00098,16956.801551181106
OUT_00099,14324.98598513794
OUT_00100,14563.570901965204
OUT_00101,16871.18544666834
OUT_00102,16780.961687678224
OUT_00103,15664.578573592513
OUT_00104,16430.235774148365
OUT_00105,20315.269034150828
OUT_00106,16799.4215790209
OUT_00107,17619.728110080032
OUT_00108,16329.325314517087
OUT_00109,15795.453818031929
OUT_00110,15995.943296524274
OUT_00111,17760.498750057253
OUT_00112,18228.505617834875
OUT_00113,18774.17197385837
OUT_00114,15494.407785856733
OUT_00115,14555.661832099422
OUT_00116,16941.332659228505
OUT_00117,17857.997731772513
OUT_00118,17813.866618511314
OUT_00119,16902.689800064258
OUT_00120,17940.74167377108
OUT_00121,15344.204829143862
OUT_00122,15500.751346862477
OUT_00123,16095.773698145998
OUT_00124,14125.068864710232
OUT_00125,15571.043756050569
OUT_00126,13858.177414148193
OUT_00127,16230.157488884492
OUT_00128,17655.426136665552
OUT_00129,15760.68328277396
OUT_00130,17473.69040649115
OUT_00131,18900.65940590721
OUT_00132,17586.22333007558
OUT_00133,16021.687561906116
OUT_00134,15129.425772139464
OUT_00135,17396.538198494996
OUT_00136,17498.07184234984
OUT_00137,17026.47617509249
OUT_00138,14844.378097443388
OUT_00139,19033.3104370784
OUT_00140,14839.5541381489
OUT_00141,18276.81755985991
OUT_00142,17099.451258135206
OUT_00143,14949.345935256786
OUT_00144,17556.416529881943
OUT_00145,14710.87771660914
OUT_00146,19822.15596943892
OUT_00147,16622.599867870325
OUT_00148,16366.570374267309
OUT_00149,15572.706261434623
OUT_00150,16616.370681532342
OUT_00151,17404.5276710603
OUT_00152,17668.176874536435
OUT_00153,14084.647156770992
OUT_00154,12789.323821249916
OUT_00155,19412.637594006563
OUT_00156,17114.429354603984
OUT_00157,14455.375578054827
OUT_00158,17318.60677836606
OUT_00159,16126.869223461554
OUT_00160,15836.442011332589
OUT_00161,12223.454833803156
OUT_00162,15084.265920795604
OUT_00163,15036.326596888135
OUT_00164,18121.437001768
OUT_00165,17360.999861913966
OUT_00166,16770.256877594547
OUT_00167,19057.09139945772
OUT_00168,17505.39991099766
OUT_00169,17553.625285792066
OUT_00170,17638.042532709358
OUT_00171,13689.18563742297
OUT_00172,14089.968095557988
OUT_00173,15547.268398151837
OUT_00174,13777.090325036324
OUT_00175,17830.986363977885
OUT_00176,15036.409128076784
OUT_00177,15940.05883859208
OUT_00178,18256.765146161542
OUT_00179,13673.41441521569
OUT_00180,15223.73765129455
OUT_00181,15797.35558791633
OUT_00182,17025.671123315453
OUT_00183,16572.887433657397
OUT_00184,14373.6949974634
OUT_00185,15539.852212188336
OUT_00186,17470.808943383443
OUT_00187,15669.776228421631
OUT_00188,17563.92285689522
OUT_00189,13081.592454351186
OUT_00190,16599.045701339444
OUT_00191,13597.264832797917
OUT_00192,15945.690908196206
OUT_00193,16667.66545194857
OUT_00194,14390.060208959152
OUT_00195,14080.157263435958
OUT_00196,15589.82560192003
OUT_00197,15991.1338786306
OUT_00198,17963.10032500657
OUT_00199,17136.73744088404
OUT_00200,15956.339083066165
OUT_00201,11520.817647319058
OUT_00202,15745.066617708802
OUT_00203,16031.575606878849
OUT_00204,16393.26135675844
OUT_00205,18010.292687240293
OUT_00206,15234.584610480468
OUT_00207,17091.925869714705
OUT_00208,15183.345767159826
OUT_00209,12926.921658920506
OUT_00210,17072.78866460458
OUT_00211,16453.71255848926
OUT_00212,16362.694170777726
OUT_00213,15325.642234406552
OUT_00214,17332.4213442107
OUT_00215,17566.01526252769
OUT_00216,18564.22913109223
OUT_00217,16473.667919485924
OUT_00218,15003.025618669551
OUT_00219,15657.552715352109
OUT_00220,15861.850063484855
OUT_00221,16478.62548607361
OUT_00222,16941.908147111382
OUT_00223,15375.964575112015
OUT_00224,13787.18814731926
OUT_00225,15366.424096601311
OUT_00226,16004.713676032656
OUT_00227,17480.178663029063
OUT_00228,16138.06646671309
OUT_00229,18227.97880981916
OUT_00230,16687.26360904899
OUT_00231,16327.217646766265
OUT_00232,17870.932023095556
OUT_00233,16286.652666262364
OUT_00234,17275.868955730573
OUT_00235,14871.735956995706
OUT_00236,16825.79512664633
OUT_00237,15230.434923812769
OUT_00238,14531.626165073729
OUT_00239,14730.719484519786
OUT_00240,16725.77271910529
OUT_00241,11490.829767947507
OUT_00242,13357.799038491048
OUT_00243,15680.959348330163
OUT_00244,13131.884430359523
OUT_00245,17593.762909031575
OUT_00246,16719.84917441266
OUT_00247,18174.5869126321
OUT_00248,16526.370462754207
OUT_00249,17943.521426685747
OUT_00250,17010.690149788483
OUT_00251,14600.010015150972
OUT_00252,15324.646849529485
OUT_00253,15558.535879205212
OUT_00254,11098.047547234748
OUT_00255,17703.480634102434
OUT_00256,12892.041907607783
OUT_00257,17649.05531530853
OUT_00258,15731.625074202622
OUT_00259,15664.32833235256
OUT_00260,16652.888046813438
OUT_00261,17138.203890026412
OUT_00262,16802.97409480594
OUT_00263,16774.186753327085
OUT_00264,18101.889079240857
OUT_00265,16730.926834738402
OUT_00266,16500.632222834018
OUT_00267,16838.832497549374
OUT_00268,14103.775665845807
OUT_00269,17187.368562623837
OUT_00270,15572.368643454818
OUT_00271,15851.830523172071
OUT_00272,14634.907215594778
OUT_00273,15695.12810842679
OUT_00274,16106.690218422733
OUT_00275,16813.50582124697
OUT_00276,15970.535553250593
OUT_00277,16981.186253514657
OUT_00278,16615.74834775204
OUT_00279,17743.361364156564
OUT_00280,14542.991510271891
OUT_00281,16371.144157399338
OUT_00282,14434.33487992414
OUT_00283,14350.491274435231
OUT_00284,17412.363363280798
OUT_00285,15196.63181886198
OUT_00286,17166.851619224006
OUT_00287,15763.296194406175
OUT_00288,18028.633776605668
OUT_00289,16304.989507941227
OUT_00290,15731.986523616715
OUT_00291,16784.466926213798
OUT_00292,15365.214266353249
OUT_00293,15499.60952840131
OUT_00294,15228.819629805856
OUT_00295,16305.394431262152
OUT_00296,13391.259886262163
OUT_00297,18980.33645418224
OUT_00298,15656.943290180652
OUT_00299,15929.095155050689
OUT_00300,14397.51066603073
OUT_00301,14949.687686175565
OUT_00302,14538.700796227617
OUT_00303,16789.057517301186
OUT_00304,15636.371697314742
OUT_00305,16115.904489112974
OUT_00306,14887.336840611102
OUT_00307,16579.81291328458
OUT_00308,16207.721705422524
OUT_00309,17218.314912994036
OUT_00310,15320.951230705065
OUT_00311,19032.149583081544
OUT_00312,15727.561589543213
OUT_00313,17315.388550620362
OUT_00314,16013.433617192848
OUT_00315,15757.018811564192
OUT_00316,15320.780468699548
OUT_00317,15857.722309322837
OUT_00318,15961.8541664973
OUT_00319,15908.185805546302
OUT_00320,15262.481592295271
OUT_00321,16308.354501949963
OUT_00322,16331.57720438786
OUT_00323,17234.879290815632
OUT_00324,13456.371163457094
OUT_00325,15570.162083984946
OUT_00326,17227.03683148335
OUT_00327,16476.56557518696
OUT_00328,17145.294823665048
OUT_00329,16006.28111273202
OUT_00330,18585.6261543166
OUT_00331,12803.787497656778
OUT_00332,13044.21509754187
OUT_00333,13821.137512139068
OUT_00334,17865.887155303502
OUT_00335,16801.499023929464
OUT_00336,16735.046353809244
OUT_00337,13604.188950122772
OUT_00338,14598.014658280534
OUT_00339,16906.229226201274
OUT_00340,17467.230691424516
OUT_00341,16816.536147561786
OUT_00342,16997.874409995304
OUT_00343,15706.225452827108
OUT_00344,14323.162971467182
OUT_00345,15790.550508420238
OUT_00346,17437.827507627866
OUT_00347,17134.44768096281
OUT_00348,16501.167980684895
OUT_00349,17005.541880582896
OUT_00350,15836.213558217298
OUT_00351,19847.128215428194
OUT_00352,16937.81056701187
OUT_00353,16101.419452205246
OUT_00354,16170.884222953702
OUT_00355,18082.10804341272
OUT_00356,15516.567195459636
OUT_00357,15635.098847498532
OUT_00358,15479.71695699716
OUT_00359,13355.520106696642
OUT_00360,15541.867905370284
OUT_00361,17818.00672654356
OUT_00362,17731.48174699789
OUT_00363,18737.27261926573
OUT_00364,17354.477322920346
OUT_00365,14463.472330492164
OUT_00366,13836.137963593872
OUT_00367,18736.97088447319
OUT_00368,14841.469938520266
OUT_00369,18515.585588522383
OUT_00370,19275.7719309766
OUT_00371,15369.981807918508
OUT_00372,15864.600114362594
OUT_00373,15818.39861868498
OUT_00374,14477.000399262632
OUT_00375,13382.79771491353
OUT_00376,16627.85974797159
OUT_00377,15768.041411411352
OUT_00378,15736.252793268965
OUT_00379,15267.209233097848
OUT_00380,14636.772485574424
OUT_00381,20130.348906072788
OUT_00382,15923.156072756889
OUT_00383,14802.807179443003
OUT_00384,17843.519363801475
OUT_00385,15573.16413733545
OUT_00386,17963.137023855707
OUT_00387,16411.140363676517
OUT_00388,16206.325153189597
OUT_00389,14594.877267164304
OUT_00390,16725.664988190558
OUT_00391,11962.022180615404
OUT_00392,15451.992685976771
OUT_00393,17962.295848811726
OUT_00394,19546.64859330078
OUT_00395,18569.031275377176
OUT_00396,15808.038865948884
OUT_00397,16037.257573459652
OUT_00398,16750.186705841657
OUT_00399,14541.528114065935
OUT_00400,17352.05770257395
OUT_00401,576.1034831577758
OUT_00402,15699.84960707574
OUT_00403,3787.210076937041
OUT_00404,597.4426908297805
OUT_00405,3879.2485117006768
OUT_00406,488.7509736657239
OUT_00407,898.9227441131004
OUT_00408,726.5672859230742
OUT_00409,3946.909500662784
OUT_00410,4092.141565798704
OUT_00411,780.6940054497283
OUT_00412,661.4971518281201
OUT_00413,15582.023325953667
OUT_00414,704.2136024163607
OUT_00415,811.5870092759714
OUT_00416,3731.435363137982
OUT_00417,13506.189875513392
OUT_00418,3762.961734928458
OUT_00419,382.6971685457328
OUT_00420,437.27733645738135
OUT_00421,2735.8014174795385
OUT_00422,2231.668994715051
OUT_00423,16470.502386049753
OUT_00424,14537.002604880476
OUT_00425,917.6794029789484
OUT_00426,3398.1464287472354
OUT_00427,3196.7173914412774
OUT_00428,45529.92806683801
OUT_00429,3141.089393224372
OUT_00430,513.150722686963
OUT_00431,712.9830769491614
OUT_00432,45285.48785128489
OUT_00433,4172.2637649037015
OUT_00434,45432.27924907175
OUT_00435,3430.5201831030818
OUT_00436,823.2509958873627
OUT_00437,901.1358758110176
OUT_00438,3143.277974746294
OUT_00439,3241.751077841028
OUT_00440,818.4443233347555
OUT_00441,872.010371577709
OUT_00442,748.9656715241598
OUT_00443,3054.9102742991718
OUT_00444,3106.613300437569
OUT_00445,15743.102457432888
OUT_00446,1024.5890238916377
OUT_00447,530.4238336932398
OUT_00448,749.296650040863
OUT_00449,44826.76110848695
OUT_00450,16552.24741010265
OUT_00451,601.7222866700371
OUT_00452,762.2426457229544
OUT_00453,3058.67785725577
OUT_00454,3456.7633663752576
OUT_00455,46627.788970526606
OUT_00456,3669.5858764162695
OUT_00457,16808.73554557615
OUT_00458,731.895786855736
OUT_00459,2619.4965601889817
OUT_00460,3178.1848108952568
OUT_00461,518.4316041078428
OUT_00462,623.2439373385031
OUT_00463,13532.06521386713
OUT_00464,902.6210876639876
OUT_00465,3392.1286261721743
OUT_00466,16717.968110554913
OUT_00467,596.2336962520585
OUT_00468,16761.136968944727
OUT_00469,1010.0617335121952
OUT_00470,788.5021480625678
OUT_00471,3042.1132183802483
OUT_00472,3093.925784480105
OUT_00473,625.7122366096531
OUT_00474,425.4335188128831
OUT_00475,526.3717036959032
OUT_00476,3614.275651778467
OUT_00477,1116.990195006376
OUT_00478,2964.578456956512
OUT_00479,980.6098775736124
OUT_00480,1119.5121955485183
OUT_00481,783.7794701365965
OUT_00482,4008.166761174042
OUT_00483,815.1342205423338
OUT_00484,539.5816147706465
OUT_00485,2812.9037176081883
OUT_00486,3204.2533625554543
OUT_00487,842.7819768801473
OUT_00488,786.5148955669847
OUT_00489,3509.82813340594
OUT_00490,603.6620873675803
OUT_00491,740.0230168247593
OUT_00492,13259.921751910775
OUT_00493,3557.432011286451
OUT_00494,625.2285477650307
OUT_00495,534.3235292640642
OUT_00496,874.7499236561014
OUT_00497,3919.931013707125
OUT_00498,3786.444081445017
OUT_00499,3235.774919636837
OUT_00500,934.0769364708116
OUT_00501,4056.628550913633
OUT_00502,3048.6858739892505
OUT_00503,15250.818859526984
OUT_00504,3022.349678611562
OUT_00505,1086.2100269161324
OUT_00506,45973.10845277416
OUT_00507,42492.733265987736
OUT_00508,3603.531056453051
OUT_00509,4053.302636539535
OUT_00510,2913.357245416243
OUT_00511,3773.99836254796
OUT_00512,413.6124372694803
OUT_00513,566.6095797309329
OUT_00514,765.2574215451586
OUT_00515,16789.732525466512
OUT_00516,833.9677118411928
OUT_00517,3741.585396271848
OUT_00518,2963.9954361372666
OUT_00519,927.334398814498
OUT_00520,386.01146564615226
OUT_00521,788.0416427628345
OUT_00522,751.7961465471651
OUT_00523,605.9491109977057
OUT_00524,1158.9556895493931
OUT_00525,15239.821006675622
OUT_00526,2924.404691488941
OUT_00527,4130.855081714702
OUT_00528,3283.984181918636
OUT_00529,3403.9308217123626
OUT_00530,18655.773552950348
OUT_00531,347.7716416981378
OUT_00532,773.9285782776864
OUT_00533,861.5909764463381
OUT_00534,17109.046206352912
OUT_00535,540.0782647086967
OUT_00536,477.91113918282434
OUT_00537,469.4412821613346
OUT_00538,946.6510929536258
OUT_00539,15801.037872287516
OUT_00540,672.22470943904
OUT_00541,3788.204735153263
OUT_00542,670.9130852808314
OUT_00543,591.2387472007691
OUT_00544,394.9893007102834
OUT_00545,2959.183886985786
OUT_00546,3370.827445221903
OUT_00547,854.1323405955925
OUT_00548,620.8663217364317
OUT_00549,559.9531182098852
OUT_00550,3139.7120592674946
OUT_00551,15538.888039081528
OUT_00552,699.7122261381126
OUT_00553,2408.0917070648484
OUT_00554,807.4030472410388
OUT_00555,710.0277713239508
OUT_00556,2824.3600198862378
OUT_00557,511.3058528859716
OUT_00558,533.4896365251283
OUT_00559,444.8659077161383
OUT_00560,3761.018668802172
OUT_00561,814.0867388834274
OUT_00562,827.3388657842535
OUT_00563,1206.9814025434312
OUT_00564,796.9817146782383
OUT_00565,3208.301304347914
OUT_00566,1380.4478374640912
OUT_00567,15943.88879675902
OUT_00568,46442.3769796059
OUT_00569,604.9563030584885
OUT_00570,16015.521564749835
OUT_00571,640.142526084634
OUT_00572,714.7650919807161
OUT_00573,15377.779191591251
OUT_00574,4376.910564993422
OUT_00575,709.4938391577612
OUT_00576,2815.9798921868623
OUT_00577,16076.712455517443
OUT_00578,728.034516624065
OUT_00579,42031.03459641824
OUT_00580,17530.866978692637
OUT_00581,16126.56783377821
OUT_00582,3569.337572494353
OUT_00583,887.359654310324
OUT_00584,785.0907274497713
OUT_00585,3796.519620535815
OUT_00586,2582.746189138934
OUT_00587,2504.1185761715105
OUT_00588,249.7482922264381
OUT_00589,18482.85538315201
OUT_00590,3433.198729809898
OUT_00591,14181.175257719671
OUT_00592,765.8137452323398
OUT_00593,667.8099801984879
OUT_00594,3846.852360757631
OUT_00595,3098.97459382271
OUT_00596,703.6235133507558
OUT_00597,538.1297470407945
OUT_00598,539.350557541633
OUT_00599,787.5145194517239
OUT_00600,15699.038698868444
OUT_00601,4241.117624115941
OUT_00602,942.8338244324856
OUT_00603,17669.3539380564
OUT_00604,3667.230190987069
OUT_00605,706.3748589876965
OUT_00606,15910.432984497516
OUT_00607,14796.806598640233
OUT_00608,4414.442809679556
OUT_00609,2987.438012185285
OUT_00610,16426.841153866575
OUT_00611,1014.118272480046
OUT_00612,1009.4366990371116
OUT_00613,695.116181886096
OUT_00614,14498.640111624887
OUT_00615,429.19621804781167
OUT_00616,3532.408769681615
OUT_00617,3119.058906106315
OUT_00618,3605.20452558597
OUT_00619,46941.4309128059
OUT_00620,3507.42806202466
OUT_00621,3242.338774090899
OUT_00622,758.6298003788099
OUT_00623,711.9931688224757
OUT_00624,3319.337323740023
OUT_00625,3918.386239552156
OUT_00626,17121.41436142106
OUT_00627,1953.8076574186584
OUT_00628,762.6413300582246
OUT_00629,3421.453138937128
OUT_00630,673.183930295254
OUT_00631,729.7876488336502
OUT_00632,460.274543380226
OUT_00633,17548.74587720329
OUT_00634,4270.541773878175
OUT_00635,4116.406448069684
OUT_00636,2540.8031615338564
OUT_00637,3267.4216618368123
OUT_00638,3587.86528304003
OUT_00639,15420.33714553146
OUT_00640,3691.679438829146
OUT_00641,730.1022168713409
OUT_00642,2989.7502604648
OUT_00643,2537.177521920502
OUT_00644,3978.431293157266
OUT_00645,3102.653984979007
OUT_00646,773.416768853598
OUT_00647,652.3971291039976
OUT_00648,3373.170703809014
OUT_00649,17289.734435621554
OUT_00650,3814.5987258265914
OUT_00651,531.492610418897
OUT_00652,2857.823555136845
OUT_00653,548.873521641837
OUT_00654,978.6572780255516
OUT_00655,621.9513859998463
OUT_00656,3124.426361850634
OUT_00657,823.8753780247973
OUT_00658,3927.236316853826
OUT_00659,649.7366879113821
OUT_00660,17080.75347719841
OUT_00661,3503.567103086456
OUT_00662,4294.14238753387
OUT_00663,3808.5716849471855
OUT_00664,731.6775495209583
OUT_00665,748.742064068405
OUT_00666,19642.21316226009
OUT_00667,3037.4068686650057
OUT_00668,544.361372116175
OUT_00669,728.9278680254008
OUT_00670,3134.895449877102
OUT_00671,3488.2759392992352
OUT_00672,952.3941508993272
OUT_00673,4057.264467475695
OUT_00674,12450.596161747557
OUT_00675,846.1582033348852
OUT_00676,511.2453875823614
OUT_00677,4380.781211188026
OUT_00678,653.0590478660164
OUT_00679,872.0652347482921
OUT_00680,3097.254449603474
OUT_00681,671.847121232822
OUT_00682,639.2535195985699
OUT_00683,3113.019766356491
OUT_00684,43547.53034484379
OUT_00685,688.8064850404165
OUT_00686,17571.964839014276
OUT_00687,18051.46707351624
OUT_00688,741.1375178444913
OUT_00689,45392.40061625819
OUT_00690,794.9407207019906
OUT_00691,44315.31303545999
OUT_00692,486.4006028890699
OUT_00693,4721.451882326277
OUT_00694,19196.348568340534
OUT_00695,894.4457618998279
OUT_00696,581.7734655143316
OUT_00697,3823.731607562021
OUT_00698,16989.939851322488
OUT_00699,16245.204319890538
OUT_00700,697.7709160778277
OUT_00701,510.099577060619
OUT_00702,757.9943624433861
OUT_00703,2858.749788592796
OUT_00704,3083.4341003297177
OUT_00705,820.2464237313948
OUT_00706,3104.681248487764
OUT_00707,593.0605301531689
OUT_00708,357.8661591080595
OUT_00709,898.8890949953484
OUT_00710,2740.9944083114187
OUT_00711,798.0883863788331
OUT_00712,15944.104233986844
OUT_00713,739.9198960362154
OUT_00714,422.3512968358693
OUT_00715,3456.975497426252
OUT_00716,533.2164849613258
OUT_00717,17833.472497739906
OUT_00718,662.4136821812104
OUT_00719,928.7756718518174
OUT_00720,16846.123929513236
OUT_00721,894.4844066850608
OUT_00722,3159.766523021449
OUT_00723,813.7035926615856
OUT_00724,730.2549756751243
OUT_00725,386.3912818134246
OUT_00726,17992.990377289065
OUT_00727,4617.3597831450425
OUT_00728,17583.058289610388
OUT_00729,577.5814214959158
OUT_00730,3265.18887226351
OUT_00731,15202.428988123082
OUT_00732,3967.533478876488
OUT_00733,3657.58746906492
OUT_00734,14232.98273427613
OUT_00735,924.2943314767972
OUT_00736,14811.256650395431
OUT_00737,15508.09319873357
OUT_00738,377.6956933427471
OUT_00739,1227.4737676652387
OUT_00740,3293.9570195026863
OUT_00741,1116.6978783919585
OUT_00742,47229.030758021625
OUT_00743,905.5429374513704
OUT_00744,2210.2426627068094
OUT_00745,3084.516343515033
OUT_00746,14948.749589206584
OUT_00747,2831.0311242577427
OUT_00748,1142.5870055838764
OUT_00749,3410.394402627999
OUT_00750,3245.2745370545404
OUT_00751,824.4476003004447
OUT_00752,681.3761638460428
OUT_00753,16377.544247865526
OUT_00754,965.7652101159816
OUT_00755,14747.843589155458
OUT_00756,2572.21928255856
OUT_00757,2245.95060776734
OUT_00758,755.0117878769514
OUT_00759,415.79117071402464
OUT_00760,493.9005696863174
OUT_00761,3197.912404756152
OUT_00762,649.5196799418221
OUT_00763,428.09328437121
OUT_00764,4107.400397402969
OUT_00765,455.6361694311943
OUT_00766,630.4210727839575
OUT_00767,3180.985848635951
OUT_00768,424.3116450443193
OUT_00769,3684.5317322281016
OUT_00770,604.6905580027912
OUT_00771,4189.196695507469
OUT_00772,2683.360005719672
OUT_00773,16236.038924280068
OUT_00774,838.3808735282661
OUT_00775,2952.988403767589
OUT_00776,801.2276147258525
OUT_00777,746.7489609679161
OUT_00778,46463.63550055898
OUT_00779,2953.261753366301
OUT_00780,592.3048584348187
OUT_00781,792.4302476095451
OUT_00782,445.949552634559
OUT_00783,579.7315815535247
OUT_00784,683.5832131750996
OUT_00785,3632.190945684166
OUT_00786,1109.3386047131562
OUT_00787,4023.145675814132
OUT_00788,3498.122944281936
OUT_00789,13644.83572191693
OUT_00790,900.557440812888
OUT_00791,44166.40501728716
OUT_00792,16630.32361385946
OUT_00793,2326.324137341036
OUT_00794,655.3513457310198
OUT_00795,16857.95772272884
OUT_00796,639.1391073015109
OUT_00797,3535.034923231545
OUT_00798,3074.285526066166
OUT_00799,18119.22075320528
OUT_00800,13616.724731194214
OUT_00801,634.8781627198608
OUT_00802,623.5665082796487
OUT_00803,3597.736516919819
OUT_00804,645.6219848672802
OUT_00805,690.9199977571259
OUT_00806,879.96220810429
OUT_00807,1056.8063990855492
OUT_00808,3099.7511630982
OUT_00809,3659.8216831450686
OUT_00810,957.3805876278752
OUT_00811,611.4215237332203
OUT_00812,683.9931900472725
OUT_00813,680.9194056128916
OUT_00814,695.0294661578706
OUT_00815,47931.1020821974
OUT_00816,926.6794059935422
OUT_00817,715.4617935969275
OUT_00818,897.8852194610234
OUT_00819,402.108977815161
OUT_00820,419.2003532848597
OUT_00821,768.7776006155326
OUT_00822,2791.955759228113
OUT_00823,16443.013406165257
OUT_00824,676.2446593091493
OUT_00825,2698.453701717532
OUT_00826,3388.8432366704897
OUT_00827,1134.607367377022
OUT_00828,3241.650970892515
OUT_00829,558.4109956089958
OUT_00830,924.3290469760562
OUT_00831,675.5761252884996
OUT_00832,637.7751122102513
OUT_00833,3262.1115577605683
OUT_00834,4014.111483212599
OUT_00835,3444.721003440368
OUT_00836,3360.9163597533893
OUT_00837,16975.07909920348
OUT_00838,3649.3625567343
OUT_00839,567.247087805627
OUT_00840,45168.838178711405
OUT_00841,505.76125370629774
OUT_00842,981.1277962276284
OUT_00843,4149.4197889519
OUT_00844,763.4771496168415
OUT_00845,3337.752137451365
OUT_00846,352.36901463360675
OUT_00847,2644.8879090519563
OUT_00848,3606.729964370365
OUT_00849,4121.477397325918
OUT_00850,917.8363175540028
OUT_00851,668.0136118329391
OUT_00852,2783.95031455154
OUT_00853,43532.488871242815
OUT_00854,3322.309894686687
OUT_00855,853.1441103896668
OUT_00856,45545.83277179436
OUT_00857,16096.149288879948
OUT_00858,837.2934305727671
OUT_00859,825.368255271909
OUT_00860,503.0213407116484
OUT_00861,871.8989433395474
OUT_00862,841.937267260651
OUT_00863,784.9429395998824
OUT_00864,599.9072308923379
OUT_00865,3779.081218367157
OUT_00866,4205.817198310839
OUT_00867,2745.913550648866
OUT_00868,760.9920322833988
OUT_00869,639.7620900118915
OUT_00870,2769.191414374309
OUT_00871,15699.925268726323
OUT_00872,1064.0171445963435
OUT_00873,16883.888859712515
OUT_00874,3205.89866365967
OUT_00875,752.0654833655383
OUT_00876,727.1996144974315
OUT_00877,17086.937839129496
OUT_00878,3518.066553311964
OUT_00879,3439.6452275994798
OUT_00880,643.1853437000626
OUT_00881,16761.851772486163
OUT_00882,1202.007104401698
OUT_00883,861.7418430298516
OUT_00884,3496.0452418517348
OUT_00885,3538.0372467127545
OUT_00886,42655.32660799284
OUT_00887,788.1366247373576
OUT_00888,591.5030162541681
OUT_00889,4042.210149315728
OUT_00890,2906.758091177305
OUT_00891,4344.741872839442
OUT_00892,718.7371949692788
OUT_00893,916.1709857948342
OUT_00894,865.1264482214701
OUT_00895,2669.600877718885
OUT_00896,838.054909627823
OUT_00897,4501.332078409281
OUT_00898,583.705038590157
OUT_00899,660.7410021088042
OUT_00900,1053.9855346229588
OUT_00901,910.41577208434
OUT_00902,556.5333727318438
OUT_00903,17162.263012910218
OUT_00904,534.9718546368571
OUT_00905,477.4003010560698
OUT_00906,18752.379723765924
OUT_00907,1112.519792878902
OUT_00908,985.4867658304224
OUT_00909,679.9315867942921
OUT_00910,1091.6396060231527
OUT_00911,832.0331956052482
OUT_00912,14800.63143578438
OUT_00913,3730.0773928276985
OUT_00914,3378.197789369444
OUT_00915,465.2698547629951
OUT_00916,3857.390949306705
OUT_00917,2909.952097282476
OUT_00918,16220.27647870314
OUT_00919,907.0217616316716
OUT_00920,2958.531120018308
OUT_00921,3342.967156834255
OUT_00922,626.3205001190346
OUT_00923,17019.121871578536
OUT_00924,2849.0235418076754
OUT_00925,926.5410143075302
OUT_00926,670.1560452098166
OUT_00927,545.0163679829865
OUT_00928,670.049855864456
OUT_00929,4139.1213996889055
OUT_00930,3431.816992724409
OUT_00931,615.4624759281623
OUT_00932,804.8858211971158
OUT_00933,16763.81380667568
OUT_00934,13147.15805633275
OUT_00935,4014.186500014769
OUT_00936,890.6413873718413
OUT_00937,16224.492200656376
OUT_00938,2738.6248144912643
OUT_00939,729.9796234972265
OUT_00940,849.5770578938831
OUT_00941,2679.4050025002443
OUT_00942,3358.248607812161
OUT_00943,14210.729301768635
OUT_00944,765.4825106876444
OUT_00945,3802.978080242143
OUT_00946,788.343098607634
OUT_00947,621.8451425638862
OUT_00948,1142.693845785451
OUT_00949,611.3553605380297
OUT_00950,607.9194871854914
OUT_00951,3483.471337709109
OUT_00952,14026.31468617954
OUT_00953,1005.473508515172
OUT_00954,13331.106494427851
OUT_00955,3747.886929901512
OUT_00956,3339.211651290578
OUT_00957,570.3604514212476
OUT_00958,768.2930350238576
OUT_00959,715.869108329378
OUT_00960,14371.842858811166
OUT_00961,360.8658095319437
OUT_00962,3696.3007526663305
OUT_00963,2479.967177768608
OUT_00964,416.46219181798295
OUT_00965,46637.30829113816
OUT_00966,622.0577157937086
OUT_00967,965.7801645135784
OUT_00968,542.4213437972552
OUT_00969,3252.7079402599275
OUT_00970,588.7380867984618
OUT_00971,745.445440563373
OUT_00972,3695.585327893079
OUT_00973,16907.61722985945
OUT_00974,597.3556646463965
OUT_00975,699.0965369571961
OUT_00976,3587.848433830416
OUT_00977,807.4621863979386
OUT_00978,808.7331946221243
OUT_00979,658.5828609361124
OUT_00980,830.9431565874856
OUT_00981,3543.916240033904
OUT_00982,686.7421344141404
OUT_00983,517.1177087544314
OUT_00984,953.623837914678
OUT_00985,2795.359057586389
OUT_00986,15610.972467224048
OUT_00987,595.4068374206443
OUT_00988,2835.70772079842
OUT_00989,1054.3247994741648
OUT_00990,15815.826776409584
OUT_00991,711.3807989699261
OUT_00992,2914.0862504106235
OUT_00993,865.470106316998
OUT_00994,17986.21879333794
OUT_00995,17164.35534367081
OUT_00996,47073.68366325688
OUT_00997,3104.927454694123
OUT_00998,3328.318513058996
OUT_00999,3344.5377951014625
OUT_01000,982.996361207969
OUT_01001,614.430598317924
OUT_01002,566.5694728403769
OUT_01003,809.4552781197401
OUT_01004,708.9193351563332
OUT_01005,2794.10358664718
OUT_01006,48720.82191409056
OUT_01007,679.5952118181965
OUT_01008,3376.0663270292966
OUT_01009,775.6768547623535
OUT_01010,3033.033376071417
OUT_01011,3834.768840047292
OUT_01012,4261.957700556456
OUT_01013,981.7622705573516
OUT_01014,3463.137404451237
OUT_01015,3179.544277017695
OUT_01016,2959.7518214889087
OUT_01017,625.4893264392298
OUT_01018,17144.321437877017
OUT_01019,674.9357957766707
OUT_01020,794.4547568383108
OUT_01021,1005.9021307710656
OUT_01022,869.0506456184763
OUT_01023,14288.25843324259
OUT_01024,838.150822818548
OUT_01025,3183.679316403225
OUT_01026,2792.253172318065
OUT_01027,829.1884913140607
OUT_01028,877.5722403273783
OUT_01029,580.5400466804874
OUT_01030,662.6167664001174
OUT_01031,511.70751037957245
OUT_01032,46685.54978197612
OUT_01033,864.1931648664689
OUT_01034,724.4815836317636
OUT_01035,3918.789355281429
OUT_01036,16293.119651625728
OUT_01037,3748.641682900041
OUT_01038,3183.314821859886
OUT_01039,5277.846112705074
OUT_01040,3553.6594820816
OUT_01041,4250.84783875398
OUT_01042,704.9561951040677
OUT_01043,620.3884781052042
OUT_01044,47441.07587628505
OUT_01045,805.7631907470654
OUT_01046,623.9873845879049
OUT_01047,513.1140547725142
OUT_01048,564.3393203367414
OUT_01049,3607.881141552445
OUT_01050,895.2632628050545
OUT_01051,3891.5204037263898
OUT_01052,345.62029311316826
OUT_01053,949.319643238457
OUT_01054,3769.010944560825
OUT_01055,404.5313469301633
OUT_01056,2265.8943590988542
OUT_01057,625.9216596695087
OUT_01058,3172.528567241316
OUT_01059,4113.937411619284
OUT_01060,3505.5409738845847
OUT_01061,45945.02005701621
OUT_01062,737.5309172206253
OUT_01063,397.3360442183092
OUT_01064,808.9852560919634
OUT_01065,548.6309455250293
OUT_01066,603.4976102338014
OUT_01067,662.237689021444
OUT_01068,737.4160943610492
OUT_01069,2968.6360710398267
OUT_01070,757.9333302683773
OUT_01071,766.8586884118483
OUT_01072,3213.4591939304373
OUT_01073,15695.24428872571
OUT_01074,3192.0030965087453
OUT_01075,2997.129446905959
OUT_01076,4378.81432049002
OUT_01077,742.6672407345329
OUT_01078,530.7988719708987
OUT_01079,17230.7257928417
OUT_01080,2205.1751953220664
OUT_01081,1009.487111240455
OUT_01082,632.6685197487529
OUT_01083,609.5648214268866
OUT_01084,534.4790089867937
OUT_01085,13942.806920249228
OUT_01086,3505.820503279857
OUT_01087,541.5432548834708
OUT_01088,812.868549466283
OUT_01089,379.2946078477737
OUT_01090,17438.59222076805
OUT_01091,437.957207089152
OUT_01092,821.7337128872631
OUT_01093,3568.6483880726632
OUT_01094,822.2322415784574
OUT_01095,929.8131234949047
OUT_01096,900.3998841107256
OUT_01097,4041.537660547719
OUT_01098,663.1349143692851
OUT_01099,15873.41779653944
OUT_01100,43427.68980080436
OUT_01101,682.4802275745047
OUT_01102,2847.62714602632
OUT_01103,922.3191609851943
OUT_01104,581.5530133079101
OUT_01105,16165.326202643768
OUT_01106,795.1868382161186
OUT_01107,16031.510483709551
OUT_01108,48060.73080712978
OUT_01109,3365.869149650446
OUT_01110,4129.562649285714
OUT_01111,3706.410376225828
OUT_01112,693.5048697776831
OUT_01113,733.6016256794071
OUT_01114,673.8022705698381
OUT_01115,3666.819119971995
OUT_01116,3556.663747443598
OUT_01117,420.3560685551822
OUT_01118,796.4344804508353
OUT_01119,514.7481441802744
OUT_01120,698.8896113321647
OUT_01121,3410.068962977093
OUT_01122,651.967709112329
OUT_01123,3757.328997322851
OUT_01124,46273.93315793172
OUT_01125,618.2969301548159
OUT_01126,908.158422646275
OUT_01127,751.7007999433905
OUT_01128,868.8402881047988
OUT_01129,1037.4739320721346
OUT_01130,15242.598159429675
OUT_01131,836.9411253563773
OUT_01132,767.8238877832036
OUT_01133,14596.69268062991
OUT_01134,18773.266628060446
OUT_01135,17182.164117471068
OUT_01136,866.520256567736
OUT_01137,2736.3916993332787
OUT_01138,3464.361259691293
OUT_01139,759.5081195140489
OUT_01140,541.1175935977251
OUT_01141,486.073907366897
OUT_01142,3383.752278552305
OUT_01143,478.56910711785247
OUT_01144,955.9515166219873
OUT_01145,4227.675080541773
OUT_01146,41035.59591620325
OUT_01147,755.8373874313692
OUT_01148,2085.994591292784
OUT_01149,3003.8952142401577
OUT_01150,549.7542191696646
OUT_01151,631.1562055234583
OUT_01152,45823.66181469633
OUT_01153,16400.47454712573
OUT_01154,591.1489150895366
OUT_01155,512.0799194371871
OUT_01156,3032.8309075342627
OUT_01157,2970.4597380141468
OUT_01158,812.5493401229701
OUT_01159,514.0470237213901
OUT_01160,365.236392509033
OUT_01161,742.1037364048406
OUT_01162,700.4336031058149
OUT_01163,591.8364698616178
OUT_01164,17500.995948364904
OUT_01165,819.3220396386441
OUT_01166,3072.506839662653
OUT_01167,645.6758865381105
OUT_01168,956.8909356977543
OUT_01169,766.0137453854027
OUT_01170,828.211530348005
OUT_01171,849.8826480528478
OUT_01172,502.2002205821421
OUT_01173,2967.2919008655745
OUT_01174,722.4469630149123
OUT_01175,16624.466067475823
OUT_01176,3821.5230583737593
OUT_01177,568.4350269158004
OUT_01178,14912.82861239384
OUT_01179,2769.2946977559304
OUT_01180,2962.235683552187
OUT_01181,786.3478015248646
OUT_01182,2874.5315899850443
OUT_01183,623.5469795238139
OUT_01184,723.8268322815532
OUT_01185,530.8407559714083
OUT_01186,465.8572811696025
OUT_01187,497.5100760342624
OUT_01188,701.3475975180988
OUT_01189,699.767568323542
OUT_01190,663.8342718262123
OUT_01191,3695.00253664676
OUT_01192,869.289792850584
OUT_01193,460.7852701197072
OUT_01194,750.9138111035303
OUT_01195,3230.2255560883423
OUT_01196,502.0625334447913
OUT_01197,17068.92431371188
OUT_01198,3054.838008667524
OUT_01199,607.8815871005884
OUT_01200,361.1921438495695
OUT_01201,792.5686459679217
OUT_01202,588.3077961944665
OUT_01203,16453.27946793517
OUT_01204,4235.756893120714
OUT_01205,593.0731058420452
OUT_01206,821.7553264765916
OUT_01207,44449.48264229174
OUT_01208,670.8740984404692
OUT_01209,670.474514813387
OUT_01210,3537.092067794712
OUT_01211,3796.8325802655886
OUT_01212,46081.39523137925
OUT_01213,593.7993697250586
OUT_01214,16234.927688722471
OUT_01215,16236.624048431073
OUT_01216,679.4457754616599
OUT_01217,18431.89228090814
OUT_01218,4874.902441472326
OUT_01219,920.7843019745349
OUT_01220,2739.500516470949
OUT_01221,45090.250334593205
OUT_01222,649.245863598462
OUT_01223,2718.2393958752527
OUT_01224,2724.451392887643
OUT_01225,3009.958612164261
OUT_01226,767.6042666217292
OUT_01227,682.7116123386999
OUT_01228,654.5373468059381
OUT_01229,872.5921134989094
OUT_01230,3321.0239043766323
OUT_01231,917.2338251802448
OUT_01232,1112.3085464474696
OUT_01233,3008.500128105476
OUT_01234,631.8754938411508
OUT_01235,2682.828439184172
OUT_01236,17437.814942264187
OUT_01237,636.0393381318088
OUT_01238,2956.673690968005
OUT_01239,17594.769186561778
OUT_01240,690.009698355666
OUT_01241,44292.40653487416
OUT_01242,1003.0467035542237
OUT_01243,951.4174389194154
OUT_01244,791.6225616416029
OUT_01245,524.0817415104955
OUT_01246,15045.065607819544
OUT_01247,450.909991865183
OUT_01248,427.20726450708753
OUT_01249,1181.6773391683794
OUT_01250,3673.218577379666
OUT_01251,971.5201937622696
OUT_01252,831.0412097977652
OUT_01253,13105.05338880115
OUT_01254,689.9156393688761
OUT_01255,640.0637900124137
OUT_01256,915.3973832620992
OUT_01257,822.3858318005259
OUT_01258,2824.1510252827147
OUT_01259,372.368325647698
OUT_01260,427.76029298795953
OUT_01261,602.9985397097494
OUT_01262,15917.699709359658
OUT_01263,14756.449841872643
OUT_01264,1118.3032367890737
OUT_01265,3018.684502376619
OUT_01266,3315.5732341466323
OUT_01267,17176.257578509743
OUT_01268,3739.955984631187
OUT_01269,802.7975422816357
OUT_01270,15455.867366970691
OUT_01271,490.2654762435282
OUT_01272,3848.133811224058
OUT_01273,15658.172976471384
OUT_01274,757.4198600432192
OUT_01275,1014.7608979719404
OUT_01276,424.1406441766316
OUT_01277,539.6498262800548
OUT_01278,595.902891850406
OUT_01279,3156.589516416322
OUT_01280,787.1464922790055
OUT_01281,3559.372045875391
OUT_01282,838.776568127872
OUT_01283,462.6990876640805
OUT_01284,3259.9625111468604
OUT_01285,857.1690641633104
OUT_01286,654.978376280043
OUT_01287,13112.96672324263
OUT_01288,13263.882210014202
OUT_01289,671.724177679265
OUT_01290,3094.843712158769
OUT_01291,15509.086938303322
OUT_01292,17393.95858320537
OUT_01293,3815.0284183164863
OUT_01294,830.5334457964805
OUT_01295,3022.748777509521
OUT_01296,629.3749605395276
OUT_01297,601.7677104106011
OUT_01298,2986.073081828279
OUT_01299,47770.23606943838
OUT_01300,2789.991755332263
OUT_01301,753.2728448825651
OUT_01302,798.9683665446364
OUT_01303,867.458036918903
OUT_01304,14817.078147496264
OUT_01305,965.022295483216
OUT_01306,2878.924375839969
OUT_01307,4151.302549477088
OUT_01308,309.1932011542377
OUT_01309,1023.8591296545922
OUT_01310,774.5646138680737
OUT_01311,576.1809016447284
OUT_01312,1078.4463955330111
OUT_01313,793.7038677271254
OUT_01314,3143.479346383402
OUT_01315,481.41676810933416
OUT_01316,45407.305114958646
OUT_01317,810.2773024038863
OUT_01318,607.0836689526194
OUT_01319,606.0287949817571
OUT_01320,705.6086843543437
OUT_01321,655.201891605638
OUT_01322,994.06762697876
OUT_01323,3404.9934629727736
OUT_01324,496.5375351400076
OUT_01325,2539.009345707298
OUT_01326,768.5428332815376
OUT_01327,675.7288585468478
OUT_01328,628.444280307629
OUT_01329,936.2795148093084
OUT_01330,419.3641492455784
OUT_01331,16848.752271006546
OUT_01332,3673.271947913834
OUT_01333,753.6275990196183
OUT_01334,3263.9866936982544
OUT_01335,541.865575901787
OUT_01336,669.6556517416561
OUT_01337,973.7091295097084
OUT_01338,15862.904953824289
OUT_01339,852.7520570589908
OUT_01340,690.590787394883
OUT_01341,855.9909467660352
OUT_01342,3643.470390578298
OUT_01343,556.0672848484323
OUT_01344,804.96697328089
OUT_01345,330.4347555593735
OUT_01346,4042.912995180508
OUT_01347,3157.5868666719816
OUT_01348,3467.612824349818
OUT_01349,917.8140490488825
OUT_01350,3219.2192435416023
OUT_01351,586.8971054278658
OUT_01352,18702.378257191267
OUT_01353,881.4551057650629
OUT_01354,531.9505098303558
OUT_01355,14429.561985171424
OUT_01356,3613.2066494747673
OUT_01357,640.1826432741361
OUT_01358,2917.801396605103
OUT_01359,871.0799461891098
OUT_01360,3479.030114515888
OUT_01361,647.9758864482538
OUT_01362,41298.648188439125
OUT_01363,1145.9370562351708
OUT_01364,2933.3390125479677
OUT_01365,561.781584414798
OUT_01366,3326.2211570365607
OUT_01367,4057.2860701236114
OUT_01368,1026.925746389628
OUT_01369,15789.367979752167
OUT_01370,541.2112018746647
OUT_01371,432.1254667526085
OUT_01372,2542.122419550328
OUT_01373,2679.3677971992074
OUT_01374,3836.743291103903
OUT_01375,16571.707807107825
OUT_01376,45508.87024644684
OUT_01377,2519.813427806796
OUT_01378,604.4334666254056
OUT_01379,866.5966509774878
OUT_01380,3272.7963500092733
OUT_01381,503.5267993661899
OUT_01382,16761.06922893474
OUT_01383,2812.673300610548
OUT_01384,790.4064794854878
OUT_01385,2954.2031581619112
OUT_01386,3112.436534556088
OUT_01387,630.7388136798521
OUT_01388,931.9371339441168
OUT_01389,17754.5629794369
OUT_01390,1160.6901850516058
OUT_01391,16990.142391687918
OUT_01392,846.5295245967351
OUT_01393,966.2918634384506
OUT_01394,1012.3967824912232
OUT_01395,4130.681491875439
OUT_01396,19231.53726311873
OUT_01397,524.915365635381
OUT_01398,672.2368043819
OUT_01399,624.5140354282166
OUT_01400,16972.223345863702
OUT_01401,2478.4800220304187
OUT_01402,819.861952254593
OUT_01403,3004.651962842941
OUT_01404,1034.2044527394603
OUT_01405,461.74794509263313
OUT_01406,600.6873389683615
OUT_01407,641.1047973507458
OUT_01408,3186.1841955890727
OUT_01409,16890.138586223275
OUT_01410,18028.748924138843
OUT_01411,13381.507499201798
OUT_01412,3430.766511347979
OUT_01413,3281.562825391638
OUT_01414,904.243979482994
OUT_01415,525.9827319626313
OUT_01416,531.3899307323998
OUT_01417,3245.796875622718
OUT_01418,2998.2854515572194
OUT_01419,3632.634777368533
OUT_01420,15485.98708998282
OUT_01421,494.3881615232052
OUT_01422,830.6178278892553
OUT_01423,426.6112327637936
OUT_01424,688.4115649663619
OUT_01425,3320.0049413511465
OUT_01426,751.3498259115976
OUT_01427,996.7450039337716
OUT_01428,2932.8340636248936
OUT_01429,576.05879046723
OUT_01430,883.8191631003489
OUT_01431,550.1629027104806
OUT_01432,626.6027778201861
OUT_01433,701.2784752760197
OUT_01434,585.4236362538973
OUT_01435,516.7934301442095
OUT_01436,3004.920883049796
OUT_01437,14500.94433905394
OUT_01438,1085.4531550742993
OUT_01439,3337.994612519934
OUT_01440,45749.0591034207
OUT_01441,3679.4244653121527
OUT_01442,2218.4681879818286
OUT_01443,632.194072471994
OUT_01444,3374.359040991797
OUT_01445,3182.7112486589617
OUT_01446,954.4575961292388
OUT_01447,16282.541691427185
OUT_01448,2593.1192503881616
OUT_01449,3182.2150638568583
OUT_01450,645.9521756424974
OUT_01451,4514.282484980816
OUT_01452,591.2716389471577
OUT_01453,16647.918012968228
OUT_01454,714.915180293814
OUT_01455,891.7467449299081
OUT_01456,848.1402568278838
OUT_01457,602.5042273376041
OUT_01458,4022.699941173324
OUT_01459,593.8108479223383
OUT_01460,2815.443644916357
OUT_01461,15796.880839509417
OUT_01462,321.85853748837246
OUT_01463,263.8190638686059
OUT_01464,643.8615483401346
OUT_01465,975.6845332420256
OUT_01466,726.5933022985744
OUT_01467,588.7003933869518
OUT_01468,745.0843484935921
OUT_01469,760.9951043965191
OUT_01470,2817.7128421626367
OUT_01471,43182.03237111537
OUT_01472,45854.74095714912
OUT_01473,15522.238624341357
OUT_01474,876.4389610323224
OUT_01475,554.0996647541821
OUT_01476,2300.1113916690247
OUT_01477,796.4563183235261
OUT_01478,672.2320737887959
OUT_01479,491.453740377045
OUT_01480,715.7845497340695
OUT_01481,15265.487072420829
OUT_01482,748.4581990536946
OUT_01483,2821.3211476959623
OUT_01484,910.6138201964916
OUT_01485,15688.453121402086
OUT_01486,667.1837710556356
OUT_01487,1248.41388322329
OUT_01488,539.0533117078106
OUT_01489,506.4275945790218
OUT_01490,3109.6680996250875
OUT_01491,761.6566952329042
OUT_01492,637.9772646336378
OUT_01493,525.3436183061094
OUT_01494,532.9230898525623
OUT_01495,2951.0113097688504
OUT_01496,657.3217926138282
OUT_01497,2977.547154773464
OUT_01498,2558.5582503601854
OUT_01499,2884.5818507471054
OUT_01500,15868.477248770758
OUT_01501,1072.3464559654933
OUT_01502,3422.747032384661
OUT_01503,15934.302641758846
OUT_01504,2982.868927230019
OUT_01505,48749.604609398586
OUT_01506,16347.148467278908
OUT_01507,18450.7904442156
OUT_01508,583.4861929446089
OUT_01509,634.912203796037
OUT_01510,3551.1129568080105
OUT_01511,439.0700254507063
OUT_01512,582.0174294669637
OUT_01513,624.1751256549857
OUT_01514,47173.06522951315
OUT_01515,571.4919033261979
OUT_01516,743.2651770582888
OUT_01517,674.749953203323
OUT_01518,3326.9477455142005
OUT_01519,712.1196097183883
OUT_01520,14449.212409917498
OUT_01521,3781.0169023105054
OUT_01522,837.9660023099945
OUT_01523,3616.9694811844633
OUT_01524,3510.730485507332
OUT_01525,801.6568477245575
OUT_01526,3706.8174590511753
OUT_01527,16627.947844673472
OUT_01528,44761.34303792191
OUT_01529,992.7702619098684
OUT_01530,622.0580432485426
OUT_01531,595.1584065784667
OUT_01532,15037.318175622717
OUT_01533,566.6014628289754
OUT_01534,1016.6328685627856
OUT_01535,617.5537522415708
OUT_01536,980.5156904870496
OUT_01537,1040.6490742132007
OUT_01538,967.6857480484558
OUT_01539,622.8698375416003
OUT_01540,18601.786725763763
OUT_01541,1153.5903979127738
OUT_01542,696.2106659806213
OUT_01543,718.4945510322372
OUT_01544,863.5503846425248
OUT_01545,3231.374885969127
OUT_01546,3378.704060516622
OUT_01547,4163.959968479167
OUT_01548,518.7941445377517
OUT_01549,3574.0622894493868
OUT_01550,2123.047264781099
OUT_01551,663.6983955926412
OUT_01552,3982.4521912023215
OUT_01553,3328.57148510938
OUT_01554,45447.34539016621
OUT_01555,664.8264609716718
OUT_01556,763.4830810697202
OUT_01557,43458.60977166953
OUT_01558,475.7043833171066
OUT_01559,17558.932486752674
OUT_01560,16137.48684767115
OUT_01561,871.0248619744528
OUT_01562,584.4962048641703
OUT_01563,3379.592187982477
OUT_01564,904.7518876872202
OUT_01565,3133.94725866073
OUT_01566,554.4997070738143
OUT_01567,41284.47382802234
OUT_01568,730.300714747335
OUT_01569,862.5213653600568
OUT_01570,17177.188446437718
OUT_01571,668.0581074840542
OUT_01572,4021.47642858
OUT_01573,721.2031211788602
OUT_01574,1027.4575824826195
OUT_01575,644.0456006708022
OUT_01576,734.846354437188
OUT_01577,3673.78445863686
OUT_01578,3014.6429479113244
OUT_01579,583.3017196948158
OUT_01580,762.8589240009865
OUT_01581,2809.945796311256
OUT_01582,15253.41124431984
OUT_01583,2955.5814272135262
OUT_01584,788.4226112629757
OUT_01585,677.3441643024627
OUT_01586,704.3953286283576
OUT_01587,518.8946814069352
OUT_01588,3567.133134649506
OUT_01589,3204.0750735816214
OUT_01590,569.9783902352845
OUT_01591,865.8439600017269
OUT_01592,684.010436356543
OUT_01593,16244.302109856468
OUT_01594,3667.365775039445
OUT_01595,44475.65299127023
OUT_01596,3462.284670366143
OUT_01597,625.1282673921875
OUT_01598,3355.6231109272176
OUT_01599,759.2557085377815
OUT_01600,1079.2651478792552
OUT_01601,525.298116191217
OUT_01602,4217.821814535726
OUT_01603,740.0039950709487
OUT_01604,962.4234177650194
OUT_01605,16892.125205056294
OUT_01606,786.8279475901861
OUT_01607,447.2796145624577
OUT_01608,1187.5444644178788
OUT_01609,2418.331326129522
OUT_01610,2601.5732772267665
OUT_01611,407.5262461400838
OUT_01612,345.60393651810824
OUT_01613,545.6914443906751
OUT_01614,635.8202015274089
OUT_01615,381.6890606865198
OUT_01616,746.5218279777075
OUT_01617,633.4028513352453
OUT_01618,833.6006456955782
OUT_01619,3855.429584603752
OUT_01620,3556.168037567303
OUT_01621,15550.5295683688
OUT_01622,650.8727681234461
OUT_01623,787.0769706483237
OUT_01624,46246.4198557171
OUT_01625,639.0742602859931
OUT_01626,692.7110970019395
OUT_01627,654.9159813933812
OUT_01628,536.1732742573641
OUT_01629,14328.20258177656
OUT_01630,603.5563544021325
OUT_01631,733.9325025394561
OUT_01632,624.8524318854176
OUT_01633,621.425067912725
OUT_01634,18182.99171590047
OUT_01635,3447.213343809486
OUT_01636,2869.620473107219
OUT_01637,835.3802055292881
OUT_01638,3040.999651548688
OUT_01639,17356.07682013421
OUT_01640,46721.82194470058
OUT_01641,45712.23263867844
OUT_01642,492.5531519210562
OUT_01643,755.1988235253452
OUT_01644,1094.0244049421872
OUT_01645,810.4013990261644
OUT_01646,615.365313760994
OUT_01647,483.88177064765046
OUT_01648,962.3888875862692
OUT_01649,628.1210723313487
OUT_01650,46390.15506749408
OUT_01651,824.6119794507075
OUT_01652,672.7004480377557
OUT_01653,3187.6168596446278
OUT_01654,16195.23430805815
OUT_01655,584.0869587321655
OUT_01656,14917.588703475454
OUT_01657,901.2362204397796
OUT_01658,1029.7794258822937
OUT_01659,678.8189012310705
OUT_01660,3185.571712335798
OUT_01661,3262.222584053646
OUT_01662,3479.678980737209
OUT_01663,692.693684228912
OUT_01664,476.6438219310853
OUT_01665,47971.63771492737
OUT_01666,15622.226269194663
OUT_01667,3244.375704332016
OUT_01668,1080.080894738243
OUT_01669,610.467327299103
OUT_01670,699.7604463249925
OUT_01671,929.3604000355404
OUT_01672,2022.318210785334
OUT_01673,515.3297225144157
OUT_01674,579.7059619358721
OUT_01675,2387.3981572496177
OUT_01676,3610.6032706105752
OUT_01677,480.9234552783655
OUT_01678,506.6035664541317
OUT_01679,16327.34068414477
OUT_01680,825.1568418017647
OUT_01681,722.253190956545
OUT_01682,902.4733472745868
OUT_01683,1185.5204057371025
OUT_01684,713.1967858178409
OUT_01685,896.7703317504853
OUT_01686,2660.291841365436
OUT_01687,896.5283358404288
OUT_01688,3404.250820446
OUT_01689,856.8501166416653
OUT_01690,646.3509882612517
OUT_01691,43276.731473694825
OUT_01692,4013.860733335793
OUT_01693,803.4851743231197
OUT_01694,17942.289196085523
OUT_01695,3583.8104809608058
OUT_01696,704.5084977278078
OUT_01697,595.281736773383
OUT_01698,776.5106611585373
OUT_01699,504.5380473524524
OUT_01700,1001.225260889324
OUT_01701,3581.7652423802856
OUT_01702,636.510936061248
OUT_01703,915.3549434095628
OUT_01704,2572.778932807345
OUT_01705,17601.295812190023
OUT_01706,750.4814417056068
OUT_01707,690.0460555077833
OUT_01708,3082.432733307089
OUT_01709,757.3218748216088
OUT_01710,3493.105287414151
OUT_01711,431.7418516401177
OUT_01712,45446.50039474959
OUT_01713,567.5508286099367
OUT_01714,541.510938699117
OUT_01715,2742.628719421645
OUT_01716,44368.84012111303
OUT_01717,677.9145720794647
OUT_01718,2994.793075981013
OUT_01719,617.1540829718443
OUT_01720,925.5195636291924
OUT_01721,967.579512602427
OUT_01722,1096.5130945002952
OUT_01723,3021.995464301905
OUT_01724,1006.7396975597468
OUT_01725,46741.839085273845
OUT_01726,632.5546008102033
OUT_01727,695.0612423949171
OUT_01728,576.8316852976757
OUT_01729,1067.7910991744216
OUT_01730,4358.347658171811
OUT_01731,2830.746313101298
OUT_01732,3388.8442831951643
OUT_01733,772.3661932660447
OUT_01734,3110.5874075842044
OUT_01735,16078.955038920483
OUT_01736,44661.25844837759
OUT_01737,15923.033310430406
OUT_01738,2190.5677066393887
OUT_01739,2913.0620526461453
OUT_01740,15270.935313799882
OUT_01741,3194.9781329825096
OUT_01742,3003.2522184106474
OUT_01743,423.03114608872977
OUT_01744,972.878793570451
OUT_01745,773.3540699614923
OUT_01746,3355.319898312553
OUT_01747,576.70747772075
OUT_01748,830.7548003799963
OUT_01749,16283.170942310428
OUT_01750,659.074325625715
OUT_01751,886.0467830564198
OUT_01752,847.7889996859586
OUT_01753,532.017895665686
OUT_01754,3873.5250132933816
OUT_01755,3893.433467033695
OUT_01756,3827.867916432775
OUT_01757,16464.12536581811
OUT_01758,19010.30040352917
OUT_01759,1032.0447811533045
OUT_01760,47986.2995159868
OUT_01761,843.840376590702
OUT_01762,761.6836593365132
OUT_01763,4100.812707449011
OUT_01764,917.5826242079344
OUT_01765,1016.605171162456
OUT_01766,16865.392706096165
OUT_01767,17264.664496271864
OUT_01768,4113.6843898384
OUT_01769,611.5008233056415
OUT_01770,3630.121621072081
OUT_01771,1008.13257985806
OUT_01772,3582.3264731512813
OUT_01773,862.1762621481089
OUT_01774,3427.3804618891136
OUT_01775,15042.45191379392
OUT_01776,729.6646865867392
OUT_01777,585.0469550173733
OUT_01778,2810.647619763573
OUT_01779,947.1804446514764
OUT_01780,3956.779161894416
OUT_01781,540.5159585359556
OUT_01782,43130.57290922105
OUT_01783,879.0072248367884
OUT_01784,696.3919586199355
OUT_01785,15501.947246816002
OUT_01786,800.2348883465751
OUT_01787,451.90302901479606
OUT_01788,3998.363838959056
OUT_01789,484.9341240654002
OUT_01790,919.2731043478932
OUT_01791,508.62680644139175
OUT_01792,913.7366826554615
OUT_01793,610.1782660574848
OUT_01794,3286.6554422070617
OUT_01795,3197.124025794176
OUT_01796,541.9013772903791
OUT_01797,532.1425974044378
OUT_01798,3133.201614745611
OUT_01799,626.9870604382209
OUT_01800,2513.806980607815
OUT_01801,15980.780972347304
OUT_01802,17073.286341506493
OUT_01803,17116.594095286644
OUT_01804,3618.2194208399487
OUT_01805,3602.089792245639
OUT_01806,15819.875432549376
OUT_01807,1204.3515609252154
OUT_01808,3980.644982209261
OUT_01809,3682.6390079310177
OUT_01810,673.8112511365018
OUT_01811,986.5841541139566
OUT_01812,432.6740956292812
OUT_01813,4056.7007470600497
OUT_01814,3273.5596193404986
OUT_01815,804.8788128325684
OUT_01816,1152.0973252840515
OUT_01817,1260.0972333003313
OUT_01818,824.7701091188321
OUT_01819,705.6366298635456
OUT_01820,2843.018522373132
OUT_01821,45059.13934643131
OUT_01822,908.4223600030496
OUT_01823,818.9565126198555
OUT_01824,1033.405634979229
OUT_01825,16284.523995740608
OUT_01826,16772.152871321457
OUT_01827,18261.35122849546
OUT_01828,3514.820749879132
OUT_01829,811.6994710949712
OUT_01830,768.1993226060924
OUT_01831,388.991450725835
OUT_01832,546.4327351687929
OUT_01833,724.7882838693001
OUT_01834,17420.862054655412
OUT_01835,14957.3030053346
OUT_01836,913.7615687631844
OUT_01837,770.9457288324894
OUT_01838,3360.960376466352
OUT_01839,4305.4243825769
OUT_01840,927.6959865108277
OUT_01841,47842.78839021361
OUT_01842,2837.2659291770624
OUT_01843,708.2485332147422
OUT_01844,14507.28649603012
OUT_01845,1010.6984016232362
OUT_01846,500.3902605562692
OUT_01847,20347.04157313729
OUT_01848,3358.4263869354018
OUT_01849,1002.4844029166692
OUT_01850,3744.81581808799
OUT_01851,16860.484455924594
OUT_01852,14992.66668126704
OUT_01853,3720.326496224844
OUT_01854,15911.785617408284
OUT_01855,645.3856090025317
OUT_01856,4069.289201014813
OUT_01857,864.0877679943954
OUT_01858,615.0468136110154
OUT_01859,1146.3354280349251
OUT_01860,3227.772573624938
OUT_01861,3519.273576597632
OUT_01862,850.358128267502
OUT_01863,3603.676921663123
OUT_01864,3124.0887550233324
OUT_01865,834.7604454693559
OUT_01866,823.50982352395
OUT_01867,882.530142889526
OUT_01868,1933.8586837781688
OUT_01869,46952.97178853864
OUT_01870,673.8650732610402
OUT_01871,839.8047150622926
OUT_01872,2673.5596927508223
OUT_01873,2933.868581772975
OUT_01874,586.339992196127
OUT_01875,3280.8050879703137
OUT_01876,3384.5882825112644
OUT_01877,16678.984626729005
OUT_01878,16955.969269215148
OUT_01879,47875.14943937406
OUT_01880,2743.6634347102718
OUT_01881,753.491970175181
OUT_01882,904.5849043587403
OUT_01883,762.0391392150082
OUT_01884,647.7012648280357
OUT_01885,2965.8512648092424
OUT_01886,620.9351125257599
OUT_01887,16452.674783971284
OUT_01888,728.5394484568404
OUT_01889,3463.198353229313
OUT_01890,630.9085859514496
OUT_01891,14350.679443040464
OUT_01892,3250.365452948709
OUT_01893,510.3647748927051
OUT_01894,3360.1313869194214
OUT_01895,865.418870040939
OUT_01896,845.2477393403448
OUT_01897,17063.87019204789
OUT_01898,3792.171183140889
OUT_01899,15085.928391144089
OUT_01900,685.2970635795303
OUT_01901,44865.12810477926
OUT_01902,648.5723620591089
OUT_01903,47748.48036317196
OUT_01904,757.7260086113645
OUT_01905,526.6646638952276
OUT_01906,44980.07660926675
OUT_01907,15283.221468136251
OUT_01908,14139.823886913851
OUT_01909,930.6429327990446
OUT_01910,666.5491446289217
OUT_01911,3148.0143889229885
OUT_01912,710.1746681614702
OUT_01913,3441.589459951862
OUT_01914,846.6648497562519
OUT_01915,528.0901714336243
OUT_01916,710.6462809482101
OUT_01917,2923.269002324986
OUT_01918,616.4178299979143
OUT_01919,582.0107533907112
OUT_01920,857.1692954308144
OUT_01921,553.6265877615083
OUT_01922,660.2130203679046
OUT_01923,771.7836616769705
OUT_01924,708.4046197801638
OUT_01925,16097.819925253025
OUT_01926,15881.684026921805
OUT_01927,4711.454074678977
OUT_01928,17287.639007416718
OUT_01929,3112.4193248914366
OUT_01930,614.6477010075002
OUT_01931,665.097968866221
OUT_01932,2688.7446666320093
OUT_01933,457.3923394668466
OUT_01934,732.2876079111886
OUT_01935,502.130475981343
OUT_01936,688.7974091988859
OUT_01937,47008.96183491389
OUT_01938,2706.1471698517853
OUT_01939,3672.055956342848
OUT_01940,837.7707206246428
OUT_01941,3478.617281051214
OUT_01942,389.1706319424076
OUT_01943,511.32723981424107
OUT_01944,45126.60494573066
OUT_01945,629.3957731578068
OUT_01946,3904.149227957153
OUT_01947,433.9370950276439
OUT_01948,3961.80179660233
OUT_01949,706.9388897534274
OUT_01950,811.2227031907144
OUT_01951,16576.5424309273
OUT_01952,550.2763892594284
OUT_01953,16425.345088177586
OUT_01954,3893.697821835514
OUT_01955,17346.476810282646
OUT_01956,629.7460903039216
OUT_01957,818.4332740932671
OUT_01958,3960.0947598481976
OUT_01959,723.7452366524716
OUT_01960,721.2679934600437
OUT_01961,15459.596122244096
OUT_01962,593.8222359937075
OUT_01963,17423.84488014208
OUT_01964,604.4789238410834
OUT_01965,2846.3870591282493
OUT_01966,888.7707427311575
OUT_01967,14707.9148713613
OUT_01968,3080.9236208540037
OUT_01969,743.1811515944928
OUT_01970,39669.26260368514
OUT_01971,4118.3569341480425
OUT_01972,809.7859694203474
OUT_01973,940.083110171532
OUT_01974,928.021490396578
OUT_01975,3104.0761199326635
OUT_01976,2970.644542668497
OUT_01977,901.4371305720174
OUT_01978,818.8848407071259
OUT_01979,4511.326347930651
OUT_01980,3068.963320410742
OUT_01981,3924.3732011401135
OUT_01982,18448.783508966644
OUT_01983,3683.610020249002
OUT_01984,14568.626056665064
OUT_01985,18113.18766638809
OUT_01986,621.4044596873277
OUT_01987,476.72705459737233
OUT_01988,3107.11534312612
OUT_01989,2750.326980120654
OUT_01990,607.1917004224362
OUT_01991,16925.69579750328
OUT_01992,3191.128099865182
OUT_01993,634.2814249053122
OUT_01994,3309.901326174077
OUT_01995,818.4022876047068
OUT_01996,16588.793519179373
OUT_01997,15585.423226936991
OUT_01998,656.986537318405
OUT_01999,17325.695367606146
OUT_02000,3567.674840578417
OUT_02001,691.6357224102621
OUT_02002,775.1834158431784
OUT_02003,850.186866197501
OUT_02004,451.5591605468621
OUT_02005,2960.894565466148
OUT_02006,3500.052252082476
OUT_02007,3679.4648394672263
OUT_02008,3021.0566439832246
OUT_02009,2637.4842243688927
OUT_02010,639.5316971546714
OUT_02011,745.4237893844545
OUT_02012,3156.192466196226
OUT_02013,725.6013268285242
OUT_02014,15573.728230468265
OUT_02015,722.5551075698623
OUT_02016,15023.096803102708
OUT_02017,17077.376813389044
OUT_02018,3431.8512235755197
OUT_02019,647.4544379613144
OUT_02020,668.1990815725989
OUT_02021,825.6984190850055
OUT_02022,42712.25526372174
OUT_02023,530.2849697449867
OUT_02024,2454.030550087544
OUT_02025,45147.03225199189
OUT_02026,4226.670789373912
OUT_02027,3027.363069316764
OUT_02028,3832.1701574349145
OUT_02029,3802.055684934997
OUT_02030,4367.688467971799
OUT_02031,450.20949376311376
OUT_02032,3680.828922838778
OUT_02033,564.8199382999862
OUT_02034,46463.147871013854
OUT_02035,453.5386005233372
OUT_02036,561.6439678310859
OUT_02037,688.7993225571674
OUT_02038,620.6277770485013
OUT_02039,970.2717425736982
OUT_02040,2060.3149172141807
OUT_02041,542.7635716156042
OUT_02042,794.1637686004798
OUT_02043,2155.9709606262363
OUT_02044,16547.03866855205
OUT_02045,3173.3096241744224
OUT_02046,906.9664878096984
OUT_02047,20237.13639263744
OUT_02048,1236.2459410443178
OUT_02049,644.7730327820557
OUT_02050,585.1627270783788
OUT_02051,3883.1062010547607
OUT_02052,817.9782823021792
OUT_02053,736.10978942579
OUT_02054,15819.745540290887
OUT_02055,3615.8257031584535
OUT_02056,47855.0168792959
OUT_02057,3600.322706111429
OUT_02058,16711.91735753056
OUT_02059,2538.105489092676
OUT_02060,981.6395365622302
OUT_02061,560.7101003732998
OUT_02062,846.8553071839949
OUT_02063,436.67458224853647
OUT_02064,637.0156316376297
OUT_02065,757.4777401971905
OUT_02066,16137.73145949318
OUT_02067,627.0728941767569
OUT_02068,16783.040714422747
OUT_02069,696.1461331744878
OUT_02070,399.83743345402814
OUT_02071,882.2846373743303
OUT_02072,14666.114543223131
OUT_02073,46412.95207623313
OUT_02074,646.7359283772316
OUT_02075,534.9504280981358
OUT_02076,817.9845609314906
OUT_02077,708.2073204056663
OUT_02078,45583.51811569143
OUT_02079,3512.9606109919187
OUT_02080,396.2776390598939
OUT_02081,608.7942584961927
OUT_02082,968.7965100631084
OUT_02083,46927.09208300349
OUT_02084,2781.7248548855137
OUT_02085,15236.382267512585
OUT_02086,4023.149179242323
OUT_02087,3486.5130833054736
OUT_02088,15013.77446621812
OUT_02089,694.9398131028502
OUT_02090,972.1518748196552
OUT_02091,650.3909639220627
OUT_02092,4092.492742089045
OUT_02093,232.95804969805363
OUT_02094,17043.103460446346
OUT_02095,3879.827292432134
OUT_02096,46026.722999886704
OUT_02097,14250.62579717248
OUT_02098,2601.132031745256
OUT_02099,3260.6954586723464
OUT_02100,510.6221142394271
OUT_02101,928.550074736118
OUT_02102,662.8334934236042
OUT_02103,3164.9894667583244
OUT_02104,4953.09505764621
OUT_02105,678.5992973613226
OUT_02106,680.4655592448032
OUT_02107,525.9472903163884
OUT_02108,637.4844377396143
OUT_02109,1000.7582125322213
OUT_02110,1065.3640455314155
OUT_02111,810.3611771918755
OUT_02112,525.9861643542409
OUT_02113,4111.657730815478
OUT_02114,3603.8437776136975
OUT_02115,629.1120658304158
OUT_02116,600.5755341160828
OUT_02117,486.14067722918696
OUT_02118,3409.236776237944
OUT_02119,3003.855136993457
OUT_02120,874.6040788867183
OUT_02121,18661.60333286718
OUT_02122,449.88461178641705
OUT_02123,3264.4836392914303
OUT_02124,3331.4070508311856
OUT_02125,502.38364983597336
OUT_02126,1017.4749911855196
OUT_02127,893.2343512942512
OUT_02128,18090.898820686987
OUT_02129,902.0511063503554
OUT_02130,571.1885465610042
OUT_02131,15552.087349190424
OUT_02132,3153.4840256291745
OUT_02133,15475.653512388277
OUT_02134,3317.873994097254
OUT_02135,3003.076167024895
OUT_02136,14623.778324476809
OUT_02137,3489.462441930242
OUT_02138,17925.827371713083
OUT_02139,18601.4036499685
OUT_02140,880.2184001695871
OUT_02141,3509.706228936131
OUT_02142,636.1440019778081
OUT_02143,3381.749695485288
OUT_02144,520.3318659194333
OUT_02145,629.3124056374696
OUT_02146,14871.371899562007
OUT_02147,3420.864833536987
OUT_02148,3471.22617604221
OUT_02149,826.3688156999084
OUT_02150,841.9441403184425
OUT_02151,2952.5365123232887
OUT_02152,47225.8664564241
OUT_02153,762.3852463807566
OUT_02154,640.669120429718
OUT_02155,3439.415743087043
OUT_02156,885.5777953096025
OUT_02157,3776.685042818848
OUT_02158,767.308413748445
OUT_02159,456.6503326670547
OUT_02160,710.8860429403317
OUT_02161,1187.136110373969
OUT_02162,3499.4456168884576
OUT_02163,800.9448790754457
OUT_02164,2413.1465754226056
OUT_02165,566.9973793709378
OUT_02166,387.4191762903181
OUT_02167,1061.272335712349
OUT_02168,740.4851945124494
OUT_02169,496.3312577636295
OUT_02170,1087.511724600399
OUT_02171,581.27349600976
OUT_02172,2523.569521468832
OUT_02173,346.09759042104565
OUT_02174,979.0610462507392
OUT_02175,551.5104109951393
OUT_02176,48035.63837324247
OUT_02177,3423.601021252289
OUT_02178,550.9609252990788
OUT_02179,4526.101383006384
OUT_02180,44481.43604894936
OUT_02181,13472.05574583145
OUT_02182,789.3191534972377
OUT_02183,3649.987582159523
OUT_02184,4472.104164590515
OUT_02185,3859.082113130806
OUT_02186,915.825123469637
OUT_02187,2513.037935198356
OUT_02188,721.028147253429
OUT_02189,890.9862096085886
OUT_02190,46785.75870869286
OUT_02191,4357.909592325065
OUT_02192,3990.594400814804
OUT_02193,4216.023095588287
OUT_02194,844.1354374210954
OUT_02195,647.7877142133196
OUT_02196,3849.322255529532
OUT_02197,754.903189564699
OUT_02198,725.1612697976853
OUT_02199,791.5571169578579
OUT_02200,3057.6087872156386
OUT_02201,16566.54085569051
OUT_02202,577.9507800136865
OUT_02203,15575.829230040952
OUT_02204,2660.280548079177
OUT_02205,16972.651229167663
OUT_02206,911.163746489172
OUT_02207,15276.890894136272
OUT_02208,671.5476540612453
OUT_02209,845.0337258031471
OUT_02210,823.4774015796116
OUT_02211,855.1697455958529
OUT_02212,2838.221238900392
OUT_02213,446.2194377449202
OUT_02214,608.0964879964243
OUT_02215,2891.3770829658315
OUT_02216,3577.785591729496
OUT_02217,16723.58897405728
OUT_02218,3747.36967741034
OUT_02219,2980.9141945337874
OUT_02220,565.6541069877856
OUT_02221,813.036319332346
OUT_02222,612.9831564555591
OUT_02223,4063.896084283266
OUT_02224,3592.7677442169384
OUT_02225,550.5387442899247
OUT_02226,2265.337806690106
OUT_02227,726.8000986384225
OUT_02228,3399.7829879222863
OUT_02229,3677.2406124820977
OUT_02230,2926.9935369605487
OUT_02231,694.0857827856241
OUT_02232,475.40070148862833
OUT_02233,937.9803213028212
OUT_02234,3149.545959951717
OUT_02235,428.1071705710755
OUT_02236,44875.37199181966
OUT_02237,705.2048124362158
OUT_02238,16009.990856487542
OUT_02239,318.64539147017325
OUT_02240,600.8085887407957
OUT_02241,853.2229744381028
OUT_02242,16091.195873138646
OUT_02243,15502.209353006458
OUT_02244,3188.615034082855
OUT_02245,495.5670329438639
OUT_02246,14848.842795848352
OUT_02247,595.4264949237992
OUT_02248,4023.2864830016288
OUT_02249,3078.6757738935958
OUT_02250,728.4379793992098
OUT_02251,323.30030595340133
OUT_02252,862.4513179549814
OUT_02253,3234.5915243570093
OUT_02254,3301.40494070845
OUT_02255,3781.443565530119
OUT_02256,550.6057823055363
OUT_02257,4455.284910865647
OUT_02258,455.4387548662328
OUT_02259,649.2513002279377
OUT_02260,677.0195794442523
OUT_02261,869.7096801736352
OUT_02262,666.3524074200631
OUT_02263,3101.31346156098
OUT_02264,418.6568657713084
OUT_02265,1159.5364848694096
OUT_02266,896.148137331642
OUT_02267,15553.87537116582
OUT_02268,707.7246019098822
OUT_02269,3316.5650330006188
OUT_02270,833.625061019129
OUT_02271,642.9627168616646
OUT_02272,4335.671760261489
OUT_02273,2903.536063093543
OUT_02274,397.5240401111769
OUT_02275,3338.523433775862
OUT_02276,635.5775390854849
OUT_02277,3515.940935854401
OUT_02278,453.13548882337466
OUT_02279,17061.75533268949
OUT_02280,3468.2688473304424
OUT_02281,465.617759749083
OUT_02282,621.8425638842249
OUT_02283,785.3186774552523
OUT_02284,3281.110413838652
OUT_02285,946.603461599834
OUT_02286,11850.25558158903
OUT_02287,3136.2298860715023
OUT_02288,2960.01999109763
OUT_02289,967.716385540122
OUT_02290,563.8206110102748
OUT_02291,614.9587982768578
OUT_02292,974.3751336716008
OUT_02293,1047.858800706317
OUT_02294,504.3493641125584
OUT_02295,3472.611234859191
OUT_02296,1760.3124934400423
OUT_02297,827.4578443420191
OUT_02298,16435.328304378014
OUT_02299,847.8493015621184
OUT_02300,420.4484497840523
OUT_02301,16527.97693811891
OUT_02302,579.8391898422228
OUT_02303,16943.111843262825
OUT_02304,2906.1371225746707
OUT_02305,2856.276704715278
OUT_02306,1180.2483898446087
OUT_02307,724.9223474104858
OUT_02308,15627.582451974473
OUT_02309,740.2276827648151
OUT_02310,15368.625167044192
OUT_02311,3983.679226316172
OUT_02312,3255.348858208905
OUT_02313,3484.507769245105
OUT_02314,3408.885199438193
OUT_02315,980.896111402314
OUT_02316,798.3031876887876
OUT_02317,344.88852474682824
OUT_02318,3507.7238247864107
OUT_02319,619.1281368295291
OUT_02320,2364.457160926563
OUT_02321,946.5541979605696
OUT_02322,43960.158051720726
OUT_02323,818.0118769305518
OUT_02324,2844.129410232752
OUT_02325,853.7751294893485
OUT_02326,621.0625559502307
OUT_02327,613.532453648201
OUT_02328,917.1253199828502
OUT_02329,804.5934764167532
OUT_02330,475.0233972712262
OUT_02331,799.9780784042913
OUT_02332,2434.5889801313688
OUT_02333,949.622513656792
OUT_02334,16096.417833981426
OUT_02335,889.0900496537564
OUT_02336,1116.7851523637692
OUT_02337,948.6359285441844
OUT_02338,864.4359766551835
OUT_02339,837.0232765096464
OUT_02340,796.5099302463594
OUT_02341,3490.3686317523025
OUT_02342,971.8785081491556
OUT_02343,3446.4141752264777
OUT_02344,16589.65380977373
OUT_02345,831.690072733337
OUT_02346,13626.200297440024
OUT_02347,3285.4544623062066
OUT_02348,886.0813321217508
OUT_02349,3554.4646177117943
OUT_02350,3153.9241870968403
OUT_02351,47724.74028431017
OUT_02352,3098.417144934211
OUT_02353,3886.270020548525
OUT_02354,4010.036731986148
OUT_02355,2858.089080274784
OUT_02356,371.1083617230601
OUT_02357,597.7619435109458
OUT_02358,16066.787138378855
OUT_02359,579.783689515143
OUT_02360,473.2381090546008
OUT_02361,2839.77857556248
OUT_02362,542.0604412757823
OUT_02363,1184.9447640050084
OUT_02364,3563.6628755691986
OUT_02365,3265.8046217899287
OUT_02366,705.6371102283252
OUT_02367,996.0030974679462
OUT_02368,573.8312568940495
OUT_02369,14788.543584644263
OUT_02370,553.6336049406613
OUT_02371,45656.610068120615
OUT_02372,911.3530397906122
OUT_02373,46185.69184960619
OUT_02374,3120.4379362803365
OUT_02375,2566.7904101375216
OUT_02376,1092.7615909316464
OUT_02377,960.894149882906
OUT_02378,774.2057195791114
OUT_02379,3760.4321275014863
OUT_02380,627.6266740477303
OUT_02381,494.04929431695
OUT_02382,900.1882148220694
OUT_02383,46225.09120076022
OUT_02384,3680.7891147922337
OUT_02385,17984.305026215512
OUT_02386,16988.6427558004
OUT_02387,16100.72028479346
OUT_02388,916.7983800498102
OUT_02389,645.1723479780949
OUT_02390,3676.061868847823
OUT_02391,3312.466555005903
OUT_02392,712.3090969038435
OUT_02393,578.2692368091859
OUT_02394,3235.789894831779
OUT_02395,824.7603613035847
OUT_02396,3557.3864489865978
OUT_02397,841.3688688013544
OUT_02398,873.2937122299255
OUT_02399,15915.032696142172
OUT_02400,269.93137554401034
OUT_02401,47071.01590646396
OUT_02402,637.7497552458904
OUT_02403,602.2672151532589
OUT_02404,16796.63862524442
OUT_02405,16268.056311668644
OUT_02406,547.9897836341189
OUT_02407,2092.8464198299
OUT_02408,4025.751847683448
OUT_02409,3166.211922620822
OUT_02410,761.330795290571
OUT_02411,640.1504210588861
OUT_02412,747.5408440464358
OUT_02413,318.8346839278971
OUT_02414,721.3782000958915
OUT_02415,16133.956732730994
OUT_02416,18400.695310823776
OUT_02417,755.4774443017461
OUT_02418,16127.64000550022
OUT_02419,2990.7186404727645
OUT_02420,650.2584033615784
OUT_02421,633.054158061238
OUT_02422,47816.818895508666
OUT_02423,4147.284429338613
OUT_02424,518.7088305510665
OUT_02425,2934.5288381477885
OUT_02426,557.0301687141365
OUT_02427,3095.228462735295
OUT_02428,3691.4794839757
OUT_02429,945.3934876480316
OUT_02430,3025.109925466759
OUT_02431,45253.43765873797
OUT_02432,685.5461468775014
OUT_02433,488.55437186347376
OUT_02434,589.9260756941833
OUT_02435,738.1861870244765
OUT_02436,17883.79884821973
OUT_02437,48278.13061590383
OUT_02438,714.4575682440319
OUT_02439,4084.568638037879
OUT_02440,556.742299689931
OUT_02441,652.3977218352613
OUT_02442,2661.9759303930214
OUT_02443,604.39728226017
OUT_02444,18012.071296483336
OUT_02445,4429.660590562739
OUT_02446,2901.2373643285905
OUT_02447,550.7148125078938
OUT_02448,663.1709652110485
OUT_02449,657.8175167618654
OUT_02450,382.1410648663137
OUT_02451,3996.2436020222553
OUT_02452,16176.591192161575
OUT_02453,987.3571158387248
OUT_02454,4092.964414074208
OUT_02455,927.8779874466272
OUT_02456,688.2390806007776
OUT_02457,3425.3854185269784
OUT_02458,14747.582117782153
OUT_02459,44011.6551895139
OUT_02460,2876.9467698248072
OUT_02461,980.826424063466
OUT_02462,792.2127227944712
OUT_02463,797.5762254429502
OUT_02464,770.731308420571
OUT_02465,792.9718483883619
OUT_02466,690.8567231746275
OUT_02467,624.0471941285792
OUT_02468,604.5461309046144
OUT_02469,3252.483206155917
OUT_02470,2943.8200897327406
OUT_02471,45660.02753003646
OUT_02472,1987.3666297752093
OUT_02473,688.1247192449252
OUT_02474,797.8412039490361
OUT_02475,43115.62770840332
OUT_02476,604.8625793077375
OUT_02477,1118.2785062480505
OUT_02478,500.29666658470495
OUT_02479,13711.444146774327
OUT_02480,667.0624556507265
OUT_02481,726.1489153587278
OUT_02482,18223.145991289595
OUT_02483,717.0336264520714
OUT_02484,4185.651665116263
OUT_02485,678.1041807164951
OUT_02486,3398.223248283588
OUT_02487,450.5326815664053
OUT_02488,706.0288442039681
OUT_02489,587.936603619411
OUT_02490,3227.8323037949585
OUT_02491,865.2355935068591
OUT_02492,3714.4027577959114
OUT_02493,937.68160218046
OUT_02494,3170.169229705566
OUT_02495,630.7278597931655
OUT_02496,3328.3077820862063
OUT_02497,762.7926953562833
OUT_02498,16480.120356235893
OUT_02499,679.0762317737626
OUT_02500,3098.5183868834306
OUT_02501,14202.336672782636
OUT_02502,3394.8373476161137
OUT_02503,389.4666396147728
OUT_02504,765.2386132336046
OUT_02505,767.6988300553359
OUT_02506,767.2130506889225
OUT_02507,453.249076945904
OUT_02508,1013.6928095472874
OUT_02509,3521.550397905893
OUT_02510,4344.824743307652
OUT_02511,2710.975438255377
OUT_02512,2579.664979010028
OUT_02513,1062.802649239196
OUT_02514,16829.448009380176
OUT_02515,15080.953604719578
OUT_02516,17095.023709489946
OUT_02517,3337.148615645654
OUT_02518,551.1340340291692
OUT_02519,696.4669651350242
OUT_02520,3140.598836908924
OUT_02521,703.1120846064501
OUT_02522,3519.2961206439563
OUT_02523,4431.732370213952
OUT_02524,16887.791505650814
OUT_02525,14825.37321843114
OUT_02526,892.0376087753283
OUT_02527,3756.885277572591
OUT_02528,3012.463116022557
OUT_02529,855.0690170008288
OUT_02530,3564.1849717951686
OUT_02531,3214.144060351196
OUT_02532,984.9112653617116
OUT_02533,511.18086780355344
OUT_02534,3297.844455440235
OUT_02535,746.4935161164374
OUT_02536,701.5547855168647
OUT_02537,872.3654304641177
OUT_02538,16770.779460544025
OUT_02539,468.45947551619565
OUT_02540,513.2478572029032
OUT_02541,17994.92183923721
OUT_02542,727.2623296476264
OUT_02543,2574.704624990619
OUT_02544,4201.866912120698
OUT_02545,3867.25172329705
OUT_02546,940.1350132317058
OUT_02547,688.1175073503224
OUT_02548,2615.6319007851844
OUT_02549,3942.582465333957
OUT_02550,829.5023295815749
OUT_02551,475.747707011318
OUT_02552,17082.933265871645
OUT_02553,566.7626679435041
OUT_02554,788.1926447335677
OUT_02555,3663.3164876475817
OUT_02556,844.4629731150186
OUT_02557,760.9917251037634
OUT_02558,693.3782966661198
OUT_02559,699.6851301444115
OUT_02560,515.1406862895163
OUT_02561,980.9125312448804
OUT_02562,428.0841005978879
OUT_02563,2474.4455456407845
OUT_02564,676.4235396151323
OUT_02565,3410.4236888371397
OUT_02566,4802.334603578117
OUT_02567,545.5990216176775
OUT_02568,2653.5609742314277
OUT_02569,849.9600070821538
OUT_02570,3025.211344704389
OUT_02571,3388.1697816034657
OUT_02572,857.8620521152782
OUT_02573,676.5608628988308
OUT_02574,4107.002730925532
OUT_02575,1090.388838809772
OUT_02576,44443.11507334066
OUT_02577,1148.5755776057654
OUT_02578,16060.85938788684
OUT_02579,2012.7001800695105
OUT_02580,635.870411368595
OUT_02581,3523.220436875909
OUT_02582,46620.41708299261
OUT_02583,660.30672486837
OUT_02584,561.551922520598
OUT_02585,804.1164655804448
OUT_02586,44088.47463537153
OUT_02587,592.6780805981668
OUT_02588,695.4791643620523
OUT_02589,475.3288727154445
OUT_02590,3140.01645925683
OUT_02591,18251.84189497932
OUT_02592,3005.2666006582576
OUT_02593,13080.271576005469
OUT_02594,414.3202183342644
OUT_02595,971.0103558397926
OUT_02596,15893.270243168365
OUT_02597,16105.590058655243
OUT_02598,14757.085643970177
OUT_02599,45404.87683760123
OUT_02600,3285.348371392265
OUT_02601,3341.167237928912
OUT_02602,759.3456726075552
OUT_02603,17049.476279207818
OUT_02604,576.6221973220112
OUT_02605,3386.838341527829
OUT_02606,13520.726467966466
OUT_02607,992.4938264780898
OUT_02608,3471.367662175631
OUT_02609,464.2544073851568
OUT_02610,3220.455421990484
OUT_02611,3067.6313651652404
OUT_02612,2939.016692585024
OUT_02613,3316.140588018781
OUT_02614,518.3480549281011
OUT_02615,14767.246779765615
OUT_02616,15473.15661568252
OUT_02617,44303.49248411415
OUT_02618,572.5042410251046
OUT_02619,2576.643464845257
OUT_02620,632.4827865077187
OUT_02621,2548.5953964821497
OUT_02622,493.60550712692935
OUT_02623,850.176608063639
OUT_02624,717.6528906867504
OUT_02625,3438.2870511866327
OUT_02626,15039.479787825509
OUT_02627,552.2477724248313
OUT_02628,3493.412129222685
OUT_02629,395.38753059714463
OUT_02630,687.289067541756
OUT_02631,637.2327276303387
OUT_02632,3454.454459577678
OUT_02633,905.5354135998653
OUT_02634,421.6394199399547
OUT_02635,723.4765532820288
OUT_02636,46250.69336485333
OUT_02637,983.3913272412376
OUT_02638,3200.8437083576746
OUT_02639,491.04887769309
OUT_02640,3786.6500300748
OUT_02641,19183.75608154948
OUT_02642,569.7853560387945
OUT_02643,16512.29501826236
OUT_02644,3078.549880176981
OUT_02645,691.1565676504998
OUT_02646,833.5966887899806
OUT_02647,17499.12367567893
OUT_02648,738.7312870113027
OUT_02649,1187.582705606151
OUT_02650,2605.59527205564
OUT_02651,3808.3986318609295
OUT_02652,830.7547844805459
OUT_02653,758.1285083159675
OUT_02654,16561.442306626028
OUT_02655,843.1343838307552
OUT_02656,663.1899495625923
OUT_02657,726.3868582964561
OUT_02658,628.3157115206784
OUT_02659,671.2867550975075
OUT_02660,810.5355545670902
OUT_02661,3003.1686857242685
OUT_02662,567.9755774944007
OUT_02663,3027.4544452214504
OUT_02664,16191.709432758153
OUT_02665,15349.988846990696
OUT_02666,2427.5841076147417
OUT_02667,573.3071834076247
OUT_02668,15443.42716656834
OUT_02669,633.9976602759327
OUT_02670,618.722223548741
OUT_02671,853.1174464718484
OUT_02672,663.4324874075194
OUT_02673,748.1913207226211
OUT_02674,404.4911692243588
OUT_02675,873.9694203648639
OUT_02676,3441.1714835304174
OUT_02677,787.9084371916242
OUT_02678,718.6981945145938
OUT_02679,691.9511215826345
OUT_02680,609.8155717455411
OUT_02681,881.9619449294341
OUT_02682,844.2867820828175
OUT_02683,772.5890893776007
OUT_02684,15339.51011078933
OUT_02685,539.876201225929
OUT_02686,3165.8033893683296
OUT_02687,793.4735695687449
OUT_02688,4971.3890245950415
OUT_02689,541.5112998009665
OUT_02690,3285.6371417835
OUT_02691,18090.165237889352
OUT_02692,3222.4757967558
OUT_02693,592.1701420114927
OUT_02694,650.1749469485211
OUT_02695,637.7214297048788
OUT_02696,3745.485492221992
OUT_02697,3396.271359534733
OUT_02698,3351.895698080016
OUT_02699,3150.7083797957557
OUT_02700,439.6159576528856
OUT_02701,16808.341260097262
OUT_02702,936.6081733577288
OUT_02703,3639.20124981996
OUT_02704,643.0701487088014
OUT_02705,574.8667550300094
OUT_02706,738.6204210169373
OUT_02707,969.5526943482084
OUT_02708,1014.6271145254476
OUT_02709,637.3869922330802
OUT_02710,3612.211674029696
OUT_02711,635.3685931361002
OUT_02712,579.0901806306975
OUT_02713,1260.937816351662
OUT_02714,3277.974159831725
OUT_02715,741.5620551527177
OUT_02716,663.5038957600303
OUT_02717,15485.86762875065
OUT_02718,770.5360258407769
OUT_02719,476.55820029599033
OUT_02720,377.6861566856188
OUT_02721,46682.53067445605
OUT_02722,3517.4875309759345
OUT_02723,742.4672239915875
OUT_02724,599.0454759623054
OUT_02725,689.6257544406801
OUT_02726,824.0191945153429
OUT_02727,659.4225284553524
OUT_02728,15865.55043563557
OUT_02729,513.7300176911519
OUT_02730,675.2869358739927
OUT_02731,3797.003533863024
OUT_02732,730.0254263062484
OUT_02733,748.3462115976166
OUT_02734,16950.88218008488
OUT_02735,424.0048085755094
OUT_02736,3539.207950222639
OUT_02737,3070.1941787348565
OUT_02738,453.4827934868751
OUT_02739,2971.593071778444
OUT_02740,3809.396506346738
OUT_02741,564.8261538249441
OUT_02742,639.8208206285216
OUT_02743,666.700367598427
OUT_02744,3936.486656237528
OUT_02745,722.1415187250296
OUT_02746,4289.87435081312
OUT_02747,752.4968237334892
OUT_02748,761.579690477183
OUT_02749,576.5537624138856
OUT_02750,861.72010997662
OUT_02751,15922.86859701775
OUT_02752,687.4240790504317
OUT_02753,3192.7620684392423
OUT_02754,660.4839551034686
OUT_02755,43724.77012064068
OUT_02756,904.6627761885852
OUT_02757,908.714469034218
OUT_02758,47079.97725110798
OUT_02759,752.1092983182299
OUT_02760,16745.392559574942
OUT_02761,670.2654459669997
OUT_02762,699.2820471566953
OUT_02763,760.0285939625958
OUT_02764,962.3120117639908
OUT_02765,14812.639155582356
OUT_02766,2623.60875247774
OUT_02767,3262.802694889758
OUT_02768,831.1528023272057
OUT_02769,702.1651952538593
OUT_02770,3559.716224892504
OUT_02771,823.0889733786627
OUT_02772,830.1413982794343
OUT_02773,2338.553119087698
OUT_02774,2929.3764196525776
OUT_02775,4337.088296226066
OUT_02776,17806.9319040822
OUT_02777,1393.239514921512
OUT_02778,409.448616686728
OUT_02779,1096.3923098254356
OUT_02780,3468.583780914357
OUT_02781,3867.0563345243736
OUT_02782,17159.476291972634
OUT_02783,47958.43136727353
OUT_02784,3397.25220811133
OUT_02785,477.31138269971154
OUT_02786,659.381299096843
OUT_02787,876.4012192466796
OUT_02788,3794.665776501932
OUT_02789,606.4231740746477
OUT_02790,608.4865333299816
OUT_02791,2639.736050081159
OUT_02792,13489.768119028602
OUT_02793,2714.783715645102
OUT_02794,730.1977833226256
OUT_02795,895.7531569697416
OUT_02796,588.5017772229064
OUT_02797,4318.473853345439
OUT_02798,3898.167517870358
OUT_02799,513.862223017287
OUT_02800,3139.2310686110527
OUT_02801,561.1138198062407
OUT_02802,651.1164692768576
OUT_02803,539.8348534569047
OUT_02804,708.9213176730655
OUT_02805,528.6419438891908
OUT_02806,2998.142609088996
OUT_02807,3131.1239532788777
OUT_02808,3635.1539633738794
OUT_02809,735.0870034221657
OUT_02810,4829.419165276428
OUT_02811,1003.1370891634824
OUT_02812,714.7973248702758
OUT_02813,657.0513487876061
OUT_02814,786.9960777361014
OUT_02815,700.1784838458777
OUT_02816,1000.5312926941874
OUT_02817,3142.3662263913266
OUT_02818,3014.16480514686
OUT_02819,3368.1935985838545
OUT_02820,15237.622785769696
OUT_02821,3607.592001438644
OUT_02822,767.3312043764995
OUT_02823,480.199902719995
OUT_02824,2998.5258518626883
OUT_02825,373.9055967822904
OUT_02826,942.4956968741396
OUT_02827,3587.0922844535626
OUT_02828,730.6069265807768
OUT_02829,16943.481540408575
OUT_02830,2503.8367384225053
OUT_02831,731.89539314374
OUT_02832,16744.048711188138
OUT_02833,3843.932690516143
OUT_02834,3350.99739030308
OUT_02835,609.280005513291
OUT_02836,46507.16147541988
OUT_02837,1148.6872766908778
OUT_02838,3376.5793675779355
OUT_02839,878.210964574343
OUT_02840,17215.966537199813
OUT_02841,48362.83222408686
OUT_02842,4113.14675112114
OUT_02843,510.8500217418348
OUT_02844,585.577047602793
OUT_02845,989.4832922209188
OUT_02846,3007.0425008586744
OUT_02847,665.5412376546071
OUT_02848,362.0995329587189
OUT_02849,3594.911679917924
OUT_02850,563.108059103102
OUT_02851,355.5360421005654
OUT_02852,3839.451571910973
OUT_02853,2943.2238998938515
OUT_02854,46063.95638611837
OUT_02855,598.493324842621
OUT_02856,594.1984755908218
OUT_02857,3373.623711320641
OUT_02858,16829.48114819656
OUT_02859,705.1345191930155
OUT_02860,44926.023797501526
OUT_02861,704.8295617415904
OUT_02862,765.6946467596907
OUT_02863,2524.1976425921694
OUT_02864,2838.938215443473
OUT_02865,47670.64729746436
OUT_02866,824.7733211809634
OUT_02867,757.0876701641172
OUT_02868,323.97191679188177
OUT_02869,503.2887339112641
OUT_02870,844.1057857802604
OUT_02871,723.6000933754705
OUT_02872,1022.2980633634578
OUT_02873,3662.1608305389623
OUT_02874,3732.575711566136
OUT_02875,3297.7309083835503
OUT_02876,3063.2762273182034
OUT_02877,635.0508389703722
OUT_02878,3920.944796626039
OUT_02879,467.87501034101217
OUT_02880,760.8371417135336
OUT_02881,843.0157108583015
OUT_02882,695.9371601890806
OUT_02883,45368.83717421163
OUT_02884,459.5325493865019
OUT_02885,979.2984026965888
OUT_02886,642.8552030179125
OUT_02887,3517.860263879573
OUT_02888,600.4833976337527
OUT_02889,841.028440277119
OUT_02890,16201.036189441314
OUT_02891,644.4617019764796
OUT_02892,44063.113651519765
OUT_02893,1252.058742198995
OUT_02894,694.3974869171211
OUT_02895,15394.427360094462
OUT_02896,14771.177705682332
OUT_02897,3593.0785659681874
OUT_02898,664.3644951071406
OUT_02899,732.319826556562
OUT_02900,2698.885502521968
OUT_02901,4176.009241382967
OUT_02902,4017.733819960259
OUT_02903,492.26051693368265
OUT_02904,935.337012033809
OUT_02905,757.8305341841767
OUT_02906,16984.71313856065
OUT_02907,542.3299963645258
OUT_02908,829.3640180108123
OUT_02909,4410.274190509675
OUT_02910,3008.106366389723
OUT_02911,43494.82508119525
OUT_02912,538.801776075737
OUT_02913,4030.67126604349
OUT_02914,713.0118394163925
OUT_02915,610.1619711170692
OUT_02916,476.0823921553008
OUT_02917,680.4032070781286
OUT_02918,634.5883346763123
OUT_02919,16207.795861714629
OUT_02920,2785.408432195328
OUT_02921,623.4375058888262
OUT_02922,12407.14547874528
OUT_02923,3179.2718679844083
OUT_02924,3083.5409914647967
OUT_02925,3270.308608774669
OUT_02926,611.7327904073483
OUT_02927,612.294372089175
OUT_02928,668.551936861828
OUT_02929,1175.9670386602966
OUT_02930,15794.587838886351
OUT_02931,578.1073907026395
OUT_02932,2714.3473131164287
OUT_02933,650.5012513461722
OUT_02934,513.1060797945495
OUT_02935,778.7485585610879
OUT_02936,46265.81827412572
OUT_02937,656.722065377768
OUT_02938,696.72952517516
OUT_02939,3756.02103853758
OUT_02940,869.4706967086798
OUT_02941,44031.34810814849
OUT_02942,830.2101539989253
OUT_02943,789.5188650709472
OUT_02944,839.2688253447398
OUT_02945,656.7714026943087
OUT_02946,504.776062684322
OUT_02947,828.2811933419521
OUT_02948,712.9929468950124
OUT_02949,3552.7414113845075
OUT_02950,47113.292197298775
OUT_02951,587.078040474584
OUT_02952,3862.4743754787096
OUT_02953,2752.3109329501804
OUT_02954,4314.188235908082
OUT_02955,1018.944916005647
OUT_02956,18020.166956077945
OUT_02957,669.9514301370727
OUT_02958,3826.06554297713
OUT_02959,3685.190219427204
OUT_02960,2476.601369951949
OUT_02961,598.7353505361476
OUT_02962,45867.1120811326
OUT_02963,3309.5392804284184
OUT_02964,42797.919387043774
OUT_02965,546.7635276906731
OUT_02966,14585.701139636083
OUT_02967,277.4474787943036
OUT_02968,834.0626528877129
OUT_02969,15546.200414970785
OUT_02970,15757.648865026942
OUT_02971,3517.479520198156
OUT_02972,4162.050160299354
OUT_02973,3702.207083606928
OUT_02974,14961.033611111156
OUT_02975,556.7395620081394
OUT_02976,596.0538903985372
OUT_02977,3745.4943561854056
OUT_02978,3632.571720456278
OUT_02979,638.6860253078216
OUT_02980,795.7980768903187
OUT_02981,793.6296142505906
OUT_02982,738.2239178963171
OUT_02983,3617.734120240948
OUT_02984,1261.7807578589195
OUT_02985,3108.5478058482936
OUT_02986,2991.236182722098
OUT_02987,573.8422397782865
OUT_02988,518.250797534871
OUT_02989,2842.2925295271034
OUT_02990,2879.758340887552
OUT_02991,582.4001990678051
OUT_02992,874.5491345060013
OUT_02993,2975.8709814412723
OUT_02994,16952.73076143681
OUT_02995,994.262771362953
OUT_02996,14876.64252710297
OUT_02997,18116.43102040804
OUT_02998,926.6142580402146
OUT_02999,640.8520905913122
OUT_03000,3343.3517506812773
OUT_03001,2354.7516290142235
OUT_03002,4454.383030883072
OUT_03003,890.7352903936437
OUT_03004,13278.420889186866
OUT_03005,441.7832108781626
OUT_03006,3516.222758784231
OUT_03007,782.3008749365925
OUT_03008,820.7157280024926
OUT_03009,3571.755510877023
OUT_03010,732.8321482312108
OUT_03011,577.6518502014519
OUT_03012,698.1961984884083
OUT_03013,4220.116279069507
OUT_03014,3815.80667804164
OUT_03015,2864.0910433056465
OUT_03016,656.34776012634
OUT_03017,2436.386428578965
OUT_03018,14971.799643128086
OUT_03019,3926.4763253310944
OUT_03020,44883.68394807025
OUT_03021,14682.650668362134
OUT_03022,975.4788281504448
OUT_03023,880.0864873145862
OUT_03024,3354.401606748148
OUT_03025,687.2344993704459
OUT_03026,426.2717437184685
OUT_03027,652.9113791399924
OUT_03028,3333.009849205513
OUT_03029,844.167676114117
OUT_03030,715.9605363697993
OUT_03031,3341.0983527150865
OUT_03032,874.6345288702513
OUT_03033,891.1643458322399
OUT_03034,672.9385902139987
OUT_03035,1059.9771351091529
OUT_03036,13416.165929087909
OUT_03037,47604.749752980206
OUT_03038,16185.9232933991
OUT_03039,3383.63278672035
OUT_03040,15434.832072517698
OUT_03041,3709.702312793712
OUT_03042,872.1876549204379
OUT_03043,3439.409295408329
OUT_03044,335.1366327645177
OUT_03045,1201.9448747362756
OUT_03046,939.930956430064
OUT_03047,713.3911524593176
OUT_03048,3840.6001882461887
OUT_03049,594.1153663143126
OUT_03050,760.542423787697
OUT_03051,791.2369119151456
OUT_03052,15916.756565945489
OUT_03053,4472.442310091525
OUT_03054,531.0710106408143
OUT_03055,3348.837061852246
OUT_03056,15379.565679270643
OUT_03057,870.6498143542528
OUT_03058,651.8523055557537
OUT_03059,3541.801980956125
OUT_03060,683.8085037832458
OUT_03061,17750.174993298413
OUT_03062,866.2302603435197
OUT_03063,660.8283370778219
OUT_03064,45316.20432704274
OUT_03065,42101.74126442408
OUT_03066,697.0434366862344
OUT_03067,978.6742867028328
OUT_03068,474.9024715475414
OUT_03069,2515.2296718413163
OUT_03070,16435.770079919406
OUT_03071,1156.9281008227017
OUT_03072,3822.769140117937
OUT_03073,848.3417076283862
OUT_03074,3782.953001327804
OUT_03075,46925.4867099526
OUT_03076,4188.876764713708
OUT_03077,46190.64801237061
OUT_03078,47176.74690972248
OUT_03079,562.6917353983398
OUT_03080,743.7184488344782
OUT_03081,3914.3906132265192
OUT_03082,1172.4666858526273
OUT_03083,706.8236469454813
OUT_03084,15044.972336597682
OUT_03085,737.344676516878
OUT_03086,565.9658786314856
OUT_03087,960.8840082739432
OUT_03088,16863.852766040796
OUT_03089,3915.5864441342665
OUT_03090,2754.2443679184225
OUT_03091,568.2489454790839
OUT_03092,591.2033422089825
OUT_03093,17704.95215398918
OUT_03094,838.5824522866742
OUT_03095,778.1827758098749
OUT_03096,783.5214210467698
OUT_03097,18417.752576705047
OUT_03098,672.965980428473
OUT_03099,14683.947858868249
OUT_03100,788.0890508303501
OUT_03101,776.356574306836
OUT_03102,3713.494119246802
OUT_03103,3193.201423719935
OUT_03104,899.9289581358465
OUT_03105,520.513333683017
OUT_03106,485.12455529069376
OUT_03107,626.7566049452939
OUT_03108,644.1438585552291
OUT_03109,747.1364258289054
OUT_03110,1049.753214978609
OUT_03111,783.6577726052731
OUT_03112,2122.475822421707
OUT_03113,3196.602626778965
OUT_03114,830.4679641805915
OUT_03115,853.3276719416787
OUT_03116,2684.196040617276
OUT_03117,532.2661718675442
OUT_03118,635.4196116088997
OUT_03119,713.4593337934525
OUT_03120,894.3212928925068
OUT_03121,312.4750422221814
OUT_03122,727.116038833981
OUT_03123,453.8489213281188
OUT_03124,741.2974198226599
OUT_03125,3979.91357471889
OUT_03126,545.820138821839
OUT_03127,715.1895033646523
OUT_03128,443.2480728551437
OUT_03129,16909.453631726883
OUT_03130,1008.6662157807276
OUT_03131,44101.12247496881
OUT_03132,632.9015832937815
OUT_03133,783.2564851679987
OUT_03134,15914.661583577396
OUT_03135,707.9242267950578
OUT_03136,3104.437573932991
OUT_03137,573.3759530299449
OUT_03138,587.0993614831973
OUT_03139,2391.7932107076585
OUT_03140,831.7039945986909
OUT_03141,895.5412302391339
OUT_03142,3380.945838967227
OUT_03143,564.6556081465225
OUT_03144,1044.7893158718991
OUT_03145,414.6294064606497
OUT_03146,3050.3457282797453
OUT_03147,4632.424705251577
OUT_03148,46702.17819143643
OUT_03149,614.3902172416231
OUT_03150,3460.2542264058666
OUT_03151,591.9912168025213
OUT_03152,760.0297442046029
OUT_03153,4635.234494370682
OUT_03154,15163.768547967293
OUT_03155,3771.5047623683367
OUT_03156,3076.2519474742803
OUT_03157,14838.493916971904
OUT_03158,631.0164305010533
OUT_03159,584.9844352280207
OUT_03160,3154.085442926583
OUT_03161,3063.6479179785374
OUT_03162,1109.480305588723
OUT_03163,852.4135258985776
OUT_03164,15318.868320021164
OUT_03165,4257.007711707739
OUT_03166,746.2896148769845
OUT_03167,47454.28961342582
OUT_03168,884.6319978651461
OUT_03169,654.611370494739
OUT_03170,3041.904624542502
OUT_03171,3076.017295037525
OUT_03172,396.5071913356792
OUT_03173,1052.10823389016
OUT_03174,1074.418601615944
OUT_03175,3469.932601520616
OUT_03176,600.1387881688278
OUT_03177,607.6543303455959
OUT_03178,532.5586891289315
OUT_03179,3609.480867092159
OUT_03180,640.3164525097293
OUT_03181,1028.9918620137496
OUT_03182,491.5635088662168
OUT_03183,15152.074114922712
OUT_03184,3995.169543068148
OUT_03185,852.7623151222721
OUT_03186,3175.110475536571
OUT_03187,854.4412750470848
OUT_03188,571.606070296394
OUT_03189,3227.47854755888
OUT_03190,894.6241362536898
OUT_03191,15795.462919733764
OUT_03192,537.7593479591371
OUT_03193,559.0498363391928
OUT_03194,2892.9998915713386
OUT_03195,760.9896003777974
OUT_03196,3093.112883234688
OUT_03197,767.8697449576538
OUT_03198,728.7182843562832
OUT_03199,3303.9382079281622
OUT_03200,2991.8331659178266
OUT_03201,3177.2061478607684
OUT_03202,752.0333195305413
OUT_03203,928.363205501686
OUT_03204,3316.573178374265
OUT_03205,817.065068883117
OUT_03206,3846.635768830636
OUT_03207,640.5373663814651
OUT_03208,42477.045707129735
OUT_03209,747.1910341511638
OUT_03210,736.7468637854942
OUT_03211,3309.76803832792
OUT_03212,888.5917887528655
OUT_03213,2834.5016168599536
OUT_03214,3698.0620746792993
OUT_03215,3090.191429009088
OUT_03216,628.3243681468875
OUT_03217,3908.324877954794
OUT_03218,3306.8485351139807
OUT_03219,779.6727615728101
OUT_03220,3058.752461950964
OUT_03221,3899.855370272434
OUT_03222,3179.083808915013
OUT_03223,748.8261207319515
OUT_03224,3591.077736436906
OUT_03225,521.2214230590838
OUT_03226,688.0720323168772
OUT_03227,3173.881951856721
OUT_03228,39586.47491451651
OUT_03229,48146.923303067735
OUT_03230,763.4901634956971
OUT_03231,3760.6806014052127
OUT_03232,370.36852906870257
OUT_03233,15474.173829725276
OUT_03234,2936.213490500529
OUT_03235,849.5275121114471
OUT_03236,775.6474408034234
OUT_03237,790.5798567484779
OUT_03238,950.3525408811744
OUT_03239,778.8530957360537
OUT_03240,3126.5699896249494
OUT_03241,631.1256087669718
OUT_03242,16273.25025480756
OUT_03243,548.7293815971059
OUT_03244,477.6914048823596
OUT_03245,2628.912172584039
OUT_03246,532.7260042272677
OUT_03247,745.6326948242419
OUT_03248,4603.784253814111
OUT_03249,795.4140390608037
OUT_03250,879.8064429937713
OUT_03251,15569.415259292791
OUT_03252,17151.355724742723
OUT_03253,818.8601502480541
OUT_03254,644.3509215121211
OUT_03255,3575.753446400208
OUT_03256,3522.5154675101608
OUT_03257,918.1894875898732
OUT_03258,2308.868060998383
OUT_03259,3779.505682168753
OUT_03260,14499.563612026282
OUT_03261,704.6568831596738
OUT_03262,3270.098700430439
OUT_03263,567.8461521054136
OUT_03264,44970.91244698311
OUT_03265,3756.4997706144018
OUT_03266,495.6829915708551
OUT_03267,946.8979891616692
OUT_03268,3510.4092835403103
OUT_03269,2817.340402276081
OUT_03270,676.1799788846263
OUT_03271,17935.0791156536
OUT_03272,3160.9812433791462
OUT_03273,14832.002882594516
OUT_03274,44181.06976563602
OUT_03275,673.7190536339922
OUT_03276,508.49296093330673
OUT_03277,1029.6902539357302
OUT_03278,774.1030809079882
OUT_03279,653.075419258589
OUT_03280,879.6167126553478
OUT_03281,44848.91115640012
OUT_03282,3286.5228293809123
OUT_03283,15923.462284074252
OUT_03284,763.5067016923596
OUT_03285,466.6024581455704
OUT_03286,1027.90745130585
OUT_03287,42230.431343791
OUT_03288,2967.637337602878
OUT_03289,834.0399310599342
OUT_03290,886.4963801301986
OUT_03291,1014.0759228487132
OUT_03292,579.0991466641275
OUT_03293,3099.058224785133
OUT_03294,908.4991771475128
OUT_03295,830.1266206168202
OUT_03296,44944.62269028926
OUT_03297,14903.12827989408
OUT_03298,745.5153700458602
OUT_03299,3073.1778587892754
OUT_03300,2989.9797633437106
OUT_03301,3642.338640401128
OUT_03302,15042.6063563383
OUT_03303,908.9847909023111
OUT_03304,760.7008106997315
OUT_03305,906.13271373537
OUT_03306,1025.4158228809383
OUT_03307,845.450523228458
OUT_03308,3418.0116777505573
OUT_03309,537.7720714214469
OUT_03310,454.8709197873832
OUT_03311,752.9522886828018
OUT_03312,16022.452266338028
OUT_03313,602.3816544502888
OUT_03314,676.711939516124
OUT_03315,45445.78833653448
OUT_03316,17738.549593851756
OUT_03317,359.5945720725365
OUT_03318,825.8724058505229
OUT_03319,3410.337373083578
OUT_03320,402.4818815957417
OUT_03321,2710.305427158977
OUT_03322,4107.156858480118
OUT_03323,3463.4668843658137
OUT_03324,16261.947610509049
OUT_03325,46508.12565537533
OUT_03326,990.4809349175092
OUT_03327,17364.25976875685
OUT_03328,16905.92984653165
OUT_03329,3399.897752196008
OUT_03330,42873.63832978403
OUT_03331,880.0022486867746
OUT_03332,878.2395595621823
OUT_03333,17334.59817153881
OUT_03334,18238.12223198899
OUT_03335,3343.050150082394
OUT_03336,3377.742520336575
OUT_03337,3704.1043319382175
OUT_03338,857.9514017679594
OUT_03339,704.6143005225291
OUT_03340,3295.381201227296
OUT_03341,12291.077473786036
OUT_03342,708.6153093623885
OUT_03343,711.6878876208058
OUT_03344,15407.708254982346
OUT_03345,16113.409590318906
OUT_03346,43263.31816806127
OUT_03347,1019.2929525398364
OUT_03348,747.4244668187023
OUT_03349,3790.3107232659113
OUT_03350,3509.593510282008
OUT_03351,869.0833515685127
OUT_03352,3410.17949897818
OUT_03353,48488.314651277055
OUT_03354,634.538694365447
OUT_03355,672.4839884085669
OUT_03356,474.5851886104468
OUT_03357,2563.084954040984
OUT_03358,45034.4966715422
OUT_03359,15017.03753933115
OUT_03360,687.012064291041
OUT_03361,2520.0537217536494
OUT_03362,714.453838363311
OUT_03363,760.3929930719075
OUT_03364,728.5952561262179
OUT_03365,719.2715477789947
OUT_03366,3016.272060577645
OUT_03367,3575.542587341962
OUT_03368,16424.668736929012
OUT_03369,615.6089946292553
OUT_03370,3662.7598161205938
OUT_03371,2664.609167600277
OUT_03372,699.9331488609529
OUT_03373,4705.792093346202
OUT_03374,460.4501489977773
OUT_03375,917.963791263772
OUT_03376,544.6734372832773
OUT_03377,3630.302592524339
OUT_03378,494.61292817395366
OUT_03379,3802.154982109093
OUT_03380,621.0055317432679
OUT_03381,43465.59993018944
OUT_03382,938.2000423073708
OUT_03383,13463.529035762398
OUT_03384,706.1727814778133
OUT_03385,618.7919982897437
OUT_03386,1008.812630379637
OUT_03387,17422.966374811353
OUT_03388,14896.305385584916
OUT_03389,776.6799043789197
OUT_03390,815.9391358046654
OUT_03391,17876.46093556059
OUT_03392,1119.0272463698582
OUT_03393,4072.40480795853
OUT_03394,1290.842710153412
OUT_03395,15348.392665227357
OUT_03396,2129.056644398388
OUT_03397,929.5005882122334
OUT_03398,559.6773591302278
OUT_03399,614.0428229785945
OUT_03400,3973.464437631132
OUT_03401,3407.435316863272
OUT_03402,43098.57530976278
OUT_03403,704.3625850828852
OUT_03404,726.9125399013378
OUT_03405,648.3354301861524
OUT_03406,16754.722576735974
OUT_03407,3296.713311451984
OUT_03408,729.5041277730999
OUT_03409,3421.450914593687
OUT_03410,634.2310880225139
OUT_03411,46198.73225003233
OUT_03412,506.644735615013
OUT_03413,15972.228820613129
OUT_03414,16324.783428547787
OUT_03415,48070.30982070823
OUT_03416,810.225791784664
OUT_03417,1121.988384224029
OUT_03418,15672.747776273436
OUT_03419,641.546103603514
OUT_03420,825.2330316645614
OUT_03421,678.3396312365576
OUT_03422,760.302347368339
OUT_03423,15137.219263137338
OUT_03424,16140.969730395367
OUT_03425,3431.698605571536
OUT_03426,763.908447048779
OUT_03427,2173.6455200425944
OUT_03428,636.4630569348677
OUT_03429,534.7612066853832
OUT_03430,3457.394791127367
OUT_03431,776.9824173744805
OUT_03432,575.1394297837973
OUT_03433,869.1783729994818
OUT_03434,2850.55380723161
OUT_03435,757.2707376964975
OUT_03436,17619.396969776986
OUT_03437,523.1489060900922
OUT_03438,3967.338296477952
OUT_03439,3399.919361331797
OUT_03440,524.0424071852531
OUT_03441,479.3291100792834
OUT_03442,3449.2189941322945
OUT_03443,16826.737587736512
OUT_03444,19032.91192336445
OUT_03445,3479.1211184603585
OUT_03446,14359.491392612674
OUT_03447,904.1344395876326
OUT_03448,3466.53647301038
OUT_03449,376.6754107329766
OUT_03450,3843.731441460157
OUT_03451,14308.33093944834
OUT_03452,709.964251819228
OUT_03453,3578.0324170226468
OUT_03454,544.5779893970865
OUT_03455,962.531654808067
OUT_03456,512.2051609694571
OUT_03457,3673.3414064941553
OUT_03458,43785.543908696185
OUT_03459,1027.5067146587503
OUT_03460,837.0362571354823
OUT_03461,937.0647338423588
OUT_03462,767.4051902258093
OUT_03463,733.9116982696659
OUT_03464,885.1256751207244
OUT_03465,3775.101737097076
OUT_03466,3002.646840892185
OUT_03467,18400.724907261392
OUT_03468,3413.2825352717323
OUT_03469,565.382860232412
OUT_03470,460.7887195659032
OUT_03471,592.8571423207574
OUT_03472,700.7421393419037
OUT_03473,680.7969267160875
OUT_03474,1030.07906080586
OUT_03475,636.7227805586757
OUT_03476,3055.703882862897
OUT_03477,3010.542941925671
OUT_03478,586.0580731963579
OUT_03479,1043.2023260595372
OUT_03480,3301.8780980104625
OUT_03481,568.3909467047534
OUT_03482,14189.409989138718
OUT_03483,835.862746440818
OUT_03484,46604.93741720852
OUT_03485,757.7865326657711
OUT_03486,1141.5055886840855
OUT_03487,799.4887180676992
OUT_03488,562.8968346698573
OUT_03489,3212.301745554085
OUT_03490,703.1696813600905
OUT_03491,3323.9582304523783
OUT_03492,17855.489486807775
OUT_03493,44721.55680510047
OUT_03494,3555.614528795499
OUT_03495,544.524901330882
OUT_03496,473.0149855798964
OUT_03497,3860.59768491436
OUT_03498,2769.552301556805
OUT_03499,2727.896025701096
OUT_03500,752.9023967783083
OUT_03501,3512.497578071687
OUT_03502,674.8419181280848
OUT_03503,3644.198735159013
OUT_03504,773.4643914453163
OUT_03505,3825.4035423648047
OUT_03506,3797.650024227409
OUT_03507,871.7993701166134
OUT_03508,17953.90950394662
OUT_03509,552.3748010755738
OUT_03510,525.3387825615763
OUT_03511,602.4836439599713
OUT_03512,462.2462873636405
OUT_03513,17212.636811786655
OUT_03514,559.1605110079406
OUT_03515,584.749426156641
OUT_03516,613.1793236415454
OUT_03517,1009.9348762269824
OUT_03518,3122.138354580166
OUT_03519,17463.99490528063
OUT_03520,581.2899101712829
OUT_03521,3373.936815430651
OUT_03522,1240.7221724165786
OUT_03523,672.068946756417
OUT_03524,3945.1062092674138
OUT_03525,460.4564380257393
OUT_03526,543.7618451052205
OUT_03527,450.3833425276136
OUT_03528,505.71348553082913
OUT_03529,3772.827751741245
OUT_03530,693.1486919451963
OUT_03531,3684.452421701786
OUT_03532,812.8083017325547
OUT_03533,15328.265498740702
OUT_03534,3287.765151874887
OUT_03535,837.7607839554344
OUT_03536,679.8854601747346
OUT_03537,3568.8876260517663
OUT_03538,762.9658195497911
OUT_03539,754.7398968496371
OUT_03540,351.2931155249535
OUT_03541,3067.7044182620893
OUT_03542,3615.172239181175
OUT_03543,910.2613383618416
OUT_03544,659.0783124482014
OUT_03545,3646.476256261421
OUT_03546,541.9898550841064
OUT_03547,3275.1358868425914
OUT_03548,634.4503552092414
OUT_03549,47056.755235745695
OUT_03550,2759.5872859069204
OUT_03551,18381.84008869616
OUT_03552,2999.645035244041
OUT_03553,774.0145940684421
OUT_03554,4456.74388059507
OUT_03555,17927.52991253453
OUT_03556,44020.63086100463
OUT_03557,1026.121860043723
OUT_03558,3889.95425327653
OUT_03559,42580.44106621115
OUT_03560,3206.1418539720885
OUT_03561,2989.7269106905624
OUT_03562,897.6125251347858
OUT_03563,3455.572727664677
OUT_03564,3885.239284538434
OUT_03565,3643.0046346793706
OUT_03566,1111.9763436512867
OUT_03567,3360.132721812527
OUT_03568,789.4282512837804
OUT_03569,16141.292936928314
OUT_03570,48631.28946850847
OUT_03571,15388.631479079328
OUT_03572,15219.17605630987
OUT_03573,1065.1376508559993
OUT_03574,3390.771818426865
OUT_03575,16151.161181611826
OUT_03576,683.1398065848027
OUT_03577,46633.60627585159
OUT_03578,3909.802333042992
OUT_03579,17685.99138893161
OUT_03580,678.7128644718375
OUT_03581,917.9412951208616
OUT_03582,3635.3845730490025
OUT_03583,775.8638203788478
OUT_03584,636.113478064749
OUT_03585,633.1933652796914
OUT_03586,998.8806212045666
OUT_03587,3524.169464710508
OUT_03588,710.4328897258988
OUT_03589,517.2047367714574
OUT_03590,612.9326010615955
OUT_03591,44534.45878008824
OUT_03592,617.138438238131
OUT_03593,1007.7774566981936
OUT_03594,3449.5220839081226
OUT_03595,2936.6843360085354
OUT_03596,3182.16516813066
OUT_03597,15584.9859390879
OUT_03598,16266.994689019932
OUT_03599,950.6102908113804
OUT_03600,682.3237765462437
OUT_03601,3269.92987808836
OUT_03602,2850.099735204805
OUT_03603,587.5402764182613
OUT_03604,3715.714880810823
OUT_03605,837.9915832656253
OUT_03606,18784.711688585467
OUT_03607,3499.6382048905693
OUT_03608,1186.6331836169525
OUT_03609,794.8866004671684
OUT_03610,898.0675928908182
OUT_03611,868.8729376820675
OUT_03612,583.6624560918594
OUT_03613,652.6751531729035
OUT_03614,698.7191018048738
OUT_03615,15973.461845123116
OUT_03616,16851.532973660735
OUT_03617,792.4822892388337
OUT_03618,921.8771128324106
OUT_03619,3807.058986186228
OUT_03620,4345.23241276964
OUT_03621,801.0870756065989
OUT_03622,16467.315651672598
OUT_03623,3225.6308608993704
OUT_03624,943.17907929041
OUT_03625,743.4517249982908
OUT_03626,666.29741621332
OUT_03627,550.1252131466197
OUT_03628,518.4590382233529
OUT_03629,16111.686616070936
OUT_03630,3885.545120774262
OUT_03631,14374.501460997228
OUT_03632,941.125897151271
OUT_03633,619.4905318466117
OUT_03634,15284.162666873708
OUT_03635,47450.92189964397
OUT_03636,739.9912600383975
OUT_03637,3699.8243114660295
OUT_03638,456.47129399363206
OUT_03639,406.1401267731515
OUT_03640,842.6813694412168
OUT_03641,3246.9894359367263
OUT_03642,959.6011361667454
OUT_03643,4147.261902974682
OUT_03644,15227.592180569693
OUT_03645,3190.141752946934
OUT_03646,767.7073144595572
OUT_03647,888.2754196903131
OUT_03648,3719.954012243887
OUT_03649,2833.8729021307618
OUT_03650,854.3348747259458
OUT_03651,16985.508190711218
OUT_03652,700.8935886946458
OUT_03653,45475.19302575736
OUT_03654,906.0279316153046
OUT_03655,3034.9094142568983
OUT_03656,641.083301028382
OUT_03657,643.157573093409
OUT_03658,835.8866557303137
OUT_03659,618.2829168482476
OUT_03660,717.6632643219027
OUT_03661,751.2044571706547
OUT_03662,378.0789127886952
OUT_03663,3279.4161995550194
OUT_03664,2666.9759743768536
OUT_03665,18712.963288291183
OUT_03666,567.9944400244684
OUT_03667,16202.162957725355
OUT_03668,3847.6730473928815
OUT_03669,14822.474246427952
OUT_03670,804.8667837564682
OUT_03671,3513.992477367104
OUT_03672,1008.2685531345134
OUT_03673,909.4542162258508
OUT_03674,3002.645105722919
OUT_03675,1347.3959143640964
OUT_03676,46162.26101488258
OUT_03677,547.5325912272102
OUT_03678,2410.3250277182638
OUT_03679,638.7734876796485
OUT_03680,47573.20369462923
OUT_03681,515.1433282266346
OUT_03682,608.2169673617248
OUT_03683,720.1084523772931
OUT_03684,683.2621492942818
OUT_03685,697.4943161121369
OUT_03686,46613.935940187934
OUT_03687,337.2103147599404
OUT_03688,584.1788015224026
OUT_03689,693.1344532489095
OUT_03690,1142.558322129044
OUT_03691,988.578113780854
OUT_03692,682.9255905116818
OUT_03693,506.46709122201145
OUT_03694,813.5149497780453
OUT_03695,4205.979778349696
OUT_03696,782.8052332362653
OUT_03697,3001.4063621260643
OUT_03698,2552.0409424399168
OUT_03699,17215.983882897348
OUT_03700,2686.965935853562
OUT_03701,15184.444682582622
OUT_03702,1173.3843457448534
OUT_03703,3365.954308785798
OUT_03704,3562.5933328863293
OUT_03705,802.1387557657955
OUT_03706,551.8217399484649
OUT_03707,539.0919712086968
OUT_03708,551.1982166638269
OUT_03709,17616.73209316638
OUT_03710,2984.409136654524
OUT_03711,737.9235139212191
OUT_03712,697.2969690384147
OUT_03713,846.024809373084
OUT_03714,3021.6403634217218
OUT_03715,3438.952115903069
OUT_03716,642.858172837586
OUT_03717,229.81772373490665
OUT_03718,3251.540796004258
OUT_03719,47376.097741406
OUT_03720,602.9777377175304
OUT_03721,3349.883492462256
OUT_03722,504.2430232420541
OUT_03723,16591.28439027952
OUT_03724,43353.23570818045
OUT_03725,807.753228325946
OUT_03726,3405.4555382495537
OUT_03727,875.689066561283
OUT_03728,729.4079007194554
OUT_03729,4226.040113128306
OUT_03730,2738.039378890772
OUT_03731,3761.8219475497344
OUT_03732,667.8149432715312
OUT_03733,413.76269977868736
OUT_03734,2431.952287106798
OUT_03735,3218.196292287685
OUT_03736,3391.993289458545
OUT_03737,1012.2470158538016
OUT_03738,3246.1465978154915
OUT_03739,19089.145046644586
OUT_03740,456.7681495041054
OUT_03741,44344.96932922226
OUT_03742,729.7105863083514
OUT_03743,3146.0498723070427
OUT_03744,646.1589490765081
OUT_03745,583.9044489035869
OUT_03746,2913.156042002598
OUT_03747,856.2917776624554
OUT_03748,3240.231873265573
OUT_03749,721.170939491578
OUT_03750,911.01275573345
OUT_03751,832.045506910345
OUT_03752,658.5614482771329
OUT_03753,553.3133890414448
OUT_03754,16973.036277740062
OUT_03755,1156.457766672678
OUT_03756,3222.5192909284574
OUT_03757,44099.59118638368
OUT_03758,591.7324780663677
OUT_03759,699.9532112564774
OUT_03760,2957.1398522161694
OUT_03761,522.2129996729383
OUT_03762,3655.585386233302
OUT_03763,890.988353436598
OUT_03764,14450.506102291256
OUT_03765,668.717493174993
OUT_03766,44347.16648925748
OUT_03767,3694.118384055605
OUT_03768,1094.7373956766971
OUT_03769,3294.900792542953
OUT_03770,2899.6075596174064
OUT_03771,3517.103397056807
OUT_03772,16729.01161516236
OUT_03773,17455.5859959273
OUT_03774,463.4526614528877
OUT_03775,597.9478725850344
OUT_03776,590.9446271721594
OUT_03777,690.6116685636084
OUT_03778,306.9935138075052
OUT_03779,648.5682948442243
OUT_03780,1317.117203081761
OUT_03781,3757.915340389532
OUT_03782,3378.838084322367
OUT_03783,681.4947726868389
OUT_03784,418.9579570313575
OUT_03785,669.9939637222944
OUT_03786,45639.60435911539
OUT_03787,2733.238818212142
OUT_03788,611.198021720639
OUT_03789,3044.9638392095017
OUT_03790,700.3157290429563
OUT_03791,14867.848588583873
OUT_03792,2520.589667589813
OUT_03793,856.3522639869034
OUT_03794,1058.6874372908396
OUT_03795,3548.566064144732
OUT_03796,18501.521350131366
OUT_03797,932.5942126446454
OUT_03798,3453.9821168293074
OUT_03799,2577.676579191324
OUT_03800,17620.207380402735
OUT_03801,3424.66362422367
OUT_03802,3811.5594668699846
OUT_03803,18196.22315199685
OUT_03804,3683.548335994242
OUT_03805,755.2836385760318
OUT_03806,845.5637575077883
OUT_03807,749.0067148713425
OUT_03808,961.1554152192882
OUT_03809,847.9208871253212
OUT_03810,837.4647137444641
OUT_03811,867.5217587139744
OUT_03812,633.2219056841542
OUT_03813,565.9837456504123
OUT_03814,46817.33441681081
OUT_03815,17249.255947088517
OUT_03816,440.6040374099303
OUT_03817,373.246752655449
OUT_03818,1059.554761484456
OUT_03819,2496.676284106145
OUT_03820,888.4955021491294
OUT_03821,822.7159480523821
OUT_03822,916.867760519512
OUT_03823,2609.513084767098
OUT_03824,15886.468153600355
OUT_03825,2594.929754953316
OUT_03826,785.1969121610484
OUT_03827,537.3365819981847
OUT_03828,14584.52542108408
OUT_03829,46772.10504736783
OUT_03830,1139.484277564449
OUT_03831,4166.474862143799
OUT_03832,2778.9877016835785
OUT_03833,15176.369421327709
OUT_03834,781.450524966458
OUT_03835,521.0575496468606
OUT_03836,797.7348934020853
OUT_03837,929.9688150014794
OUT_03838,771.509658318605
OUT_03839,934.4010152146756
OUT_03840,15500.64713212087
OUT_03841,16918.41445938925
OUT_03842,2802.944301750796
OUT_03843,4309.499692599376
OUT_03844,16783.24195333029
OUT_03845,584.753914748353
OUT_03846,3077.400094588152
OUT_03847,17892.49544438465
OUT_03848,4440.109976096261
OUT_03849,16248.698361152668
OUT_03850,14349.04748715239
OUT_03851,471.6007577369687
OUT_03852,407.4271343042832
OUT_03853,1874.42133065306
OUT_03854,1075.6645486473
OUT_03855,790.1679156400455
OUT_03856,3133.1948542873924
OUT_03857,889.5543528636194
OUT_03858,674.3480976279137
OUT_03859,595.1224854241761
OUT_03860,3011.788808006967
OUT_03861,16453.306836875512
OUT_03862,854.7919923221078
OUT_03863,15377.095394624172
OUT_03864,15669.773704609615
OUT_03865,671.0687544811133
OUT_03866,43845.611894792186
OUT_03867,811.657036860687
OUT_03868,709.144121505199
OUT_03869,2794.2977558964576
OUT_03870,517.1825946588043
OUT_03871,829.5317770061051
OUT_03872,565.0665494877984
OUT_03873,3839.1007512671354
OUT_03874,850.428855209705
OUT_03875,2893.871039979641
OUT_03876,16831.738343819798
OUT_03877,4410.400302988849
OUT_03878,15564.516859025896
OUT_03879,941.8175102357548
OUT_03880,377.91503794645735
OUT_03881,711.5334433600858
OUT_03882,724.3498106863664
OUT_03883,903.17175024631
OUT_03884,676.8840092550201
OUT_03885,45381.68264027848
OUT_03886,3643.7767621609887
OUT_03887,906.4808477457186
OUT_03888,848.7828203799322
OUT_03889,3710.04766176512
OUT_03890,18164.827543360287
OUT_03891,2548.017657394019
OUT_03892,948.4747442826116
OUT_03893,17976.75648655279
OUT_03894,570.2690263688437
OUT_03895,17028.411412324254
OUT_03896,917.2724327463652
OUT_03897,4014.11481791793
OUT_03898,4641.674553440317
OUT_03899,3211.32728734187
OUT_03900,18345.58991770639
OUT_03901,693.05291503208
OUT_03902,15647.914991839089
OUT_03903,731.3751063588354
OUT_03904,672.8502067464805
OUT_03905,3587.7584202163944
OUT_03906,15610.851538382916
OUT_03907,3901.2093008914
OUT_03908,907.1820491932884
OUT_03909,3460.1513406688296
OUT_03910,17452.197212017873
OUT_03911,45258.32983252308
OUT_03912,880.2296536047959
OUT_03913,592.2318289449213
OUT_03914,738.1948991989921
OUT_03915,647.7974117065708
OUT_03916,18996.31801920173
OUT_03917,554.8346162112033
OUT_03918,14376.795994814596
OUT_03919,853.5651241651823
OUT_03920,16551.008856962995
OUT_03921,960.9675884524192
OUT_03922,4167.049927847355
OUT_03923,47537.78564421072
OUT_03924,1021.8257749700208
OUT_03925,722.3087340990331
OUT_03926,15143.21751920675
OUT_03927,15796.391650779851
OUT_03928,45986.46573920274
OUT_03929,653.4496944607929
OUT_03930,2879.352441798289
OUT_03931,3856.496255587937
OUT_03932,3463.7369587151907
OUT_03933,561.8672385321046
OUT_03934,4295.4641652010005
OUT_03935,3179.7987678811587
OUT_03936,733.5805037349719
OUT_03937,2357.38516709577
OUT_03938,514.7544238034964
OUT_03939,17486.20147933119
OUT_03940,2528.16820188987
OUT_03941,839.0809829295064
OUT_03942,4109.352497705007
OUT_03943,532.2094529407163
OUT_03944,46178.54359697859
OUT_03945,691.7932183256156
OUT_03946,681.0539895940209
OUT_03947,3887.551216085395
OUT_03948,584.1918431642237
OUT_03949,911.3358506469524
OUT_03950,716.3757365813005
OUT_03951,456.7688194965932
OUT_03952,803.0010128201449
OUT_03953,3246.945660711211
OUT_03954,43715.16516338382
OUT_03955,3129.58331344524
OUT_03956,689.2499772125832
OUT_03957,42434.730513112125
OUT_03958,3757.801243167045
OUT_03959,44158.07618767078
OUT_03960,16321.612600367676
OUT_03961,795.6875064386322
OUT_03962,589.5181718685027
OUT_03963,4517.634198222352
OUT_03964,3062.497024040446
OUT_03965,18370.923919554367
OUT_03966,854.7210344399246
OUT_03967,45381.58857374692
OUT_03968,803.0160753026586
OUT_03969,908.6065625017349
OUT_03970,495.7914828121272
OUT_03971,537.8044284848057
OUT_03972,14950.509262694735
OUT_03973,671.6699978941341
OUT_03974,3129.5109478654654
OUT_03975,3176.8196532220577
OUT_03976,699.5046633579163
OUT_03977,635.300681773022
OUT_03978,860.9286138926157
OUT_03979,2564.275355677644
OUT_03980,14928.149177421164
OUT_03981,4120.773687072112
OUT_03982,18138.026033797338
OUT_03983,44390.0080734694
OUT_03984,776.0894266318275
OUT_03985,4240.943786322454
OUT_03986,16428.641170037998
OUT_03987,677.2740734785856
OUT_03988,15121.080985136874
OUT_03989,859.8897899266894
OUT_03990,898.1642175191358
OUT_03991,15546.281699112697
OUT_03992,4667.329170696485
OUT_03993,3983.885056492147
OUT_03994,17190.294481274137
OUT_03995,826.244177311375
OUT_03996,725.4340687817088
OUT_03997,3716.671915823477
OUT_03998,804.0541086064688
OUT_03999,46405.867834144265
OUT_04000,761.574712017696
OUT_04001,637.4759302515976
OUT_04002,726.3637049019401
OUT_04003,784.4362149793421
OUT_04004,460.4333912735384
OUT_04005,16954.010087384417
OUT_04006,3747.4122733731247
OUT_04007,3953.5338834364807
OUT_04008,558.9404310879772
OUT_04009,17400.971084742836
OUT_04010,768.5622215191755
OUT_04011,3172.9093773986506
OUT_04012,725.2407463361959
OUT_04013,17740.151942615463
OUT_04014,585.7230118330141
OUT_04015,795.9448676304199
OUT_04016,730.8885635803143
OUT_04017,3300.571717833614
OUT_04018,3427.8618479680467
OUT_04019,757.9423380809255
OUT_04020,513.2802273998972
OUT_04021,17965.692111421908
OUT_04022,726.6602206846657
OUT_04023,2938.131286436386
OUT_04024,422.9100833799977
OUT_04025,3220.087312633877
OUT_04026,17493.97295290277
OUT_04027,45005.37885955203
OUT_04028,1005.1406021167962
OUT_04029,631.2191931430723
OUT_04030,984.4534793283656
OUT_04031,2851.957605807729
OUT_04032,3483.118623374281
OUT_04033,3750.9608975943793
OUT_04034,4020.559963194692
OUT_04035,663.3819598095827
OUT_04036,694.8247731380567
OUT_04037,3206.466153138772
OUT_04038,756.8353450142308
OUT_04039,2687.323004158012
OUT_04040,635.2344734021088
OUT_04041,543.185370021923
OUT_04042,681.6557490796621
OUT_04043,558.9634125996389
OUT_04044,15421.27381318757
OUT_04045,3009.461148838167
OUT_04046,3126.5433531643903
OUT_04047,722.6773145646913
OUT_04048,15672.97015750616
OUT_04049,670.8855905777091
OUT_04050,16948.006715841933
OUT_04051,811.6802917878912
OUT_04052,15376.6120347457
OUT_04053,819.1253651735312
OUT_04054,986.9121476753392
OUT_04055,398.37119292326327
OUT_04056,43563.258348476986
OUT_04057,3909.0973055541294
OUT_04058,319.88679410666674
OUT_04059,16796.355417534953
OUT_04060,3199.9249122038536
OUT_04061,17363.596550296177
OUT_04062,16269.609398891378
OUT_04063,16746.76796683864
OUT_04064,15661.498204698531
OUT_04065,724.1256492644814
OUT_04066,646.4787283794949
OUT_04067,3396.0041659237445
OUT_04068,14378.019470249425
OUT_04069,3106.307639668786
OUT_04070,3516.9072266064595
OUT_04071,14820.524315195587
OUT_04072,780.3687742562065
OUT_04073,712.9128114499947
OUT_04074,926.7131644211267
OUT_04075,2964.2285678783287
OUT_04076,3749.77664625148
OUT_04077,771.2824478174539
OUT_04078,820.070119786438
OUT_04079,1048.4187651834343
OUT_04080,3257.235605803606
OUT_04081,544.0572599375027
OUT_04082,900.4009999200802
OUT_04083,2746.139795793048
OUT_04084,815.0645389255421
OUT_04085,683.0301003360322
OUT_04086,1291.0501235996455
OUT_04087,3728.4513525086577
OUT_04088,3620.6633791336153
OUT_04089,699.4476142170554
OUT_04090,3775.76744579969
OUT_04091,568.2962192259641
OUT_04092,3525.8757376013486
OUT_04093,595.6473228026373
OUT_04094,3292.468074901956
OUT_04095,1214.0931901586544
OUT_04096,654.0387873152653
OUT_04097,16432.731371790964
OUT_04098,2974.4783029319588
OUT_04099,3127.552517038994
OUT_04100,517.7499549335187
OUT_04101,604.4316747878358
OUT_04102,16310.634400390132
OUT_04103,692.1949996781274
OUT_04104,839.7357492077188
OUT_04105,3385.121316074006
OUT_04106,3773.53067324663
OUT_04107,4024.1282523026903
OUT_04108,15357.385184819004
OUT_04109,770.5187682297699
OUT_04110,3337.7586037797464
OUT_04111,16242.930656476708
OUT_04112,926.8893551578552
OUT_04113,577.8056185488384
OUT_04114,2738.4082938333027
OUT_04115,3153.811451089841
OUT_04116,654.0212694871415
OUT_04117,637.4223418052028
OUT_04118,943.3182320311926
OUT_04119,16370.93360795426
OUT_04120,46873.33069027648
OUT_04121,3550.9627838261754
OUT_04122,3170.845898872113
OUT_04123,3878.3379129068103
OUT_04124,1117.612335215399
OUT_04125,785.805232327579
OUT_04126,3428.286110226932
OUT_04127,753.4039149840012
OUT_04128,46821.679614423534
OUT_04129,1145.86246823882
OUT_04130,794.997319225577
OUT_04131,13425.724011388837
OUT_04132,739.2827501558585
OUT_04133,3118.648424553015
OUT_04134,554.8216947879771
OUT_04135,3119.6385207120143
OUT_04136,46386.59499717494
OUT_04137,3519.4686873035835
OUT_04138,796.9843583152583
OUT_04139,17671.86004890314
OUT_04140,570.1362830995956
OUT_04141,731.4088799426688
OUT_04142,16093.295546623993
OUT_04143,14026.50309594309
OUT_04144,989.1032599476224
OUT_04145,753.5476341385394
OUT_04146,400.1111237940017
OUT_04147,521.3028059729028
OUT_04148,698.1856435330701
OUT_04149,353.983883395538
OUT_04150,3299.74547775628
OUT_04151,3071.9318911040223
OUT_04152,741.1695326894866
OUT_04153,915.0524642045682
OUT_04154,15738.448512399218
OUT_04155,15499.961081926169
OUT_04156,447.1736532193736
OUT_04157,730.2430818887394
OUT_04158,741.6304097028733
OUT_04159,650.9222795201545
OUT_04160,792.355942141521
OUT_04161,44937.89394685787
OUT_04162,616.2240041899521
OUT_04163,500.9673221804646
OUT_04164,742.6992648430258
OUT_04165,15946.825590959052
OUT_04166,1162.5751504072855
OUT_04167,1007.665099584954
OUT_04168,425.7160520384249
OUT_04169,721.3034036147748
OUT_04170,2143.077899130149
OUT_04171,47997.53738084324
OUT_04172,777.5091143191061
OUT_04173,2929.338344434508
OUT_04174,15703.167820686456
OUT_04175,819.6785723551898
OUT_04176,3095.771451875577
OUT_04177,666.87421574535
OUT_04178,934.7451568433372
OUT_04179,1136.6331290484927
OUT_04180,3555.516982748009
OUT_04181,3322.248561454773
OUT_04182,610.3498088451097
OUT_04183,853.4596776906519
OUT_04184,537.8540516346546
OUT_04185,3002.5744362142887
OUT_04186,705.190369392641
OUT_04187,3949.3610494505433
OUT_04188,391.5791390752945
OUT_04189,4493.453112115355
OUT_04190,14725.82244679531
OUT_04191,894.0311302368067
OUT_04192,1254.5431185229115
OUT_04193,18618.613951242038
OUT_04194,18223.08290068651
OUT_04195,984.9716870616428
OUT_04196,15644.40651001605
OUT_04197,565.3219544510824
OUT_04198,3752.795984006423
OUT_04199,46621.71201945352
OUT_04200,3725.746855292068
OUT_04201,875.939180949324
OUT_04202,709.9320059732374
OUT_04203,3632.0637200816655
OUT_04204,517.4574261126365
OUT_04205,2661.5743261114567
OUT_04206,43485.21035908547
OUT_04207,3303.538523310494
OUT_04208,601.3810313122616
OUT_04209,834.4525068236709
OUT_04210,1810.9858398738
OUT_04211,931.2945562954184
OUT_04212,3173.83716471436
OUT_04213,1009.7084039538112
OUT_04214,3866.385036001631
OUT_04215,2603.425838296427
OUT_04216,3135.952950617074
OUT_04217,17314.98201751076
OUT_04218,727.9516831658206
OUT_04219,789.7832484790515
OUT_04220,900.380410854979
OUT_04221,15004.192876846895
OUT_04222,723.7107767763663
OUT_04223,766.795728789125
OUT_04224,2591.360262328164
OUT_04225,680.8417152294932
OUT_04226,17757.331979498067
OUT_04227,3068.299803805032
OUT_04228,567.8480552633348
OUT_04229,3031.314536306283
OUT_04230,917.4742699043828
OUT_04231,3862.719840784756
OUT_04232,17901.97905874769
OUT_04233,15647.94763840422
OUT_04234,835.244541906581
OUT_04235,870.4891086801562
OUT_04236,2695.464115921859
OUT_04237,47601.93638804804
OUT_04238,3357.5712585996084
OUT_04239,44677.528294078256
OUT_04240,1194.5784038864465
OUT_04241,3268.6266507784057
OUT_04242,730.4911186359572
OUT_04243,667.514626744772
OUT_04244,702.0920633710128
OUT_04245,3412.21780570908
OUT_04246,510.86648344046
OUT_04247,548.7524802326096
OUT_04248,773.6472914859536
OUT_04249,3315.930717784795
OUT_04250,16117.359379463282
OUT_04251,43730.1072348484
OUT_04252,580.0769597639681
OUT_04253,484.600006966786
OUT_04254,17348.06097534681
OUT_04255,609.2013660121485
OUT_04256,4035.103448544649
OUT_04257,756.1647200597486
OUT_04258,3504.495256342776
OUT_04259,17700.89699938896
OUT_04260,46895.265220926936
OUT_04261,16501.333266273865
OUT_04262,579.6429844138838
OUT_04263,3387.0409114480854
OUT_04264,774.6443140806833
OUT_04265,468.8098866762213
OUT_04266,1101.0306203300777
OUT_04267,926.9464463175204
OUT_04268,707.0488444412993
OUT_04269,15859.421521138416
OUT_04270,3207.161734947912
OUT_04271,3581.380956294067
OUT_04272,3280.3612671703618
OUT_04273,338.60641457569443
OUT_04274,3249.58174491626
OUT_04275,790.2271830308433
OUT_04276,3481.7929510198906
OUT_04277,596.5274031020888
OUT_04278,631.0578639452744
OUT_04279,916.370215023773
OUT_04280,3656.6846591063622
OUT_04281,3480.609284627914
OUT_04282,17145.959882532195
OUT_04283,3219.4578411759585
OUT_04284,527.3523157004637
OUT_04285,652.8997470079407
OUT_04286,3026.6762175324466
OUT_04287,2881.1872921594545
OUT_04288,698.0856734882005
OUT_04289,1076.5473095567258
OUT_04290,853.4364302651829
OUT_04291,4087.98184124556
OUT_04292,868.2487293324125
OUT_04293,16340.694183641965
OUT_04294,3395.347578215646
OUT_04295,45849.16675613423
OUT_04296,788.6001807602539
OUT_04297,884.2691760592525
OUT_04298,2871.705461585201
OUT_04299,3381.626370842297
OUT_04300,650.8301292479875
OUT_04301,830.0674183832841
OUT_04302,867.706015297413
OUT_04303,862.4335117848998
OUT_04304,13833.755044889394
OUT_04305,2567.021390286587
OUT_04306,654.8611144623835
OUT_04307,728.1643078541637
OUT_04308,620.9119026635597
OUT_04309,15611.144594904594
OUT_04310,850.1142960118544
OUT_04311,868.0115119883826
OUT_04312,17876.116927475137
OUT_04313,581.8045929200846
OUT_04314,796.1366679157211
OUT_04315,628.3890149246093
OUT_04316,644.4031802274156
OUT_04317,3584.2643241682254
OUT_04318,3450.1119680448837
OUT_04319,845.686579784712
OUT_04320,19436.049496924188
OUT_04321,690.1072218384613
OUT_04322,16041.68974553583
OUT_04323,281.4642989680825
OUT_04324,3559.4001066179894
OUT_04325,925.0449446872714
OUT_04326,4378.335059612879
OUT_04327,580.2409715190769
OUT_04328,16915.43135416238
OUT_04329,514.0132709538464
OUT_04330,3708.984042889324
OUT_04331,1677.757095249122
OUT_04332,858.394460459546
OUT_04333,3289.966689496564
OUT_04334,2839.768703298336
OUT_04335,18638.867607709955
OUT_04336,750.4453782027008
OUT_04337,877.8084832728421
OUT_04338,813.4996975524646
OUT_04339,841.2679843923772
OUT_04340,491.0683772408413
OUT_04341,696.0534707721287
OUT_04342,15945.45065675904
OUT_04343,546.6464552310946
OUT_04344,547.0807610724105
OUT_04345,689.6595389200872
OUT_04346,639.4063473665328
OUT_04347,16537.558604966005
OUT_04348,670.3665213791963
OUT_04349,19049.639501395104
OUT_04350,3873.327154860736
OUT_04351,15786.17099693009
OUT_04352,2974.5950208841714
OUT_04353,2326.2721835106704
OUT_04354,612.7433148939074
OUT_04355,653.6305358294414
OUT_04356,18028.20529335551
OUT_04357,16266.262782119618
OUT_04358,3366.1327491153834
OUT_04359,46251.11169478821
OUT_04360,3449.1046172708634
OUT_04361,2970.0595865145706
OUT_04362,795.7918766105779
OUT_04363,983.5832531763724
OUT_04364,910.8339647478192
OUT_04365,487.9374280929276
OUT_04366,1003.5450031603197
OUT_04367,689.423809669804
OUT_04368,46470.83147991911
OUT_04369,3360.5861171066863
OUT_04370,3317.5123623940453
OUT_04371,634.3291356378836
OUT_04372,451.6341542133255
OUT_04373,3138.45230791414
OUT_04374,718.6160114051092
OUT_04375,728.4199022476909
OUT_04376,983.1275263591106
OUT_04377,553.0951785814143
OUT_04378,1113.3862740584802
OUT_04379,479.13400957146496
OUT_04380,651.9160874911528
OUT_04381,266.27287051387617
OUT_04382,15289.19228605606
OUT_04383,659.7874163310465
OUT_04384,763.0264498762735
OUT_04385,16802.977461735667
OUT_04386,669.6255090682836
OUT_04387,3246.397722759677
OUT_04388,2801.675966620994
OUT_04389,695.459103272274
OUT_04390,3415.520018641865
OUT_04391,2620.094913269297
OUT_04392,2983.750767424752
OUT_04393,43916.74754665826
OUT_04394,779.4337746372235
OUT_04395,587.768688822519
OUT_04396,754.7078257699068
OUT_04397,614.6406639908671
OUT_04398,563.2688792403279
OUT_04399,16249.819238119147
OUT_04400,14301.232389049175
OUT_04401,690.4172632611205
OUT_04402,15996.539655395112
OUT_04403,600.829549148779
OUT_04404,16838.43637824108
OUT_04405,13940.107271311384
OUT_04406,851.0784035018809
OUT_04407,3618.498731091393
OUT_04408,803.0420125953004
OUT_04409,44143.22520283041
OUT_04410,1120.6170755093322
OUT_04411,719.594166053522
OUT_04412,659.6023978656277
OUT_04413,15820.579656042608
OUT_04414,17737.263071618647
OUT_04415,16988.7286167731
OUT_04416,945.2781826944284
OUT_04417,3542.7179336427043
OUT_04418,3531.898626674082
OUT_04419,576.5722584816957
OUT_04420,780.7046932213211
OUT_04421,339.05690224727164
OUT_04422,16857.587931565373
OUT_04423,3086.850462278921
OUT_04424,2625.1595287860464
OUT_04425,799.2929489636572
OUT_04426,961.728697135492
OUT_04427,728.1778948297691
OUT_04428,500.8345982887274
OUT_04429,3253.6560583265527
OUT_04430,3703.972223587317
OUT_04431,606.1364733853144
OUT_04432,2342.885947203003
OUT_04433,17854.467424855797
OUT_04434,2930.658117366409
OUT_04435,15629.174729320472
OUT_04436,17799.133428800593
OUT_04437,15647.802458017168
OUT_04438,18465.64239671461
OUT_04439,18997.152413353848
OUT_04440,2618.7456019578426
OUT_04441,804.8989085856468
OUT_04442,15875.42101607218
OUT_04443,600.8003304630657
OUT_04444,3484.3425963860977
OUT_04445,325.8213708078368
OUT_04446,3281.999455809113
OUT_04447,688.8728587835182
OUT_04448,3087.2885746074035
OUT_04449,17537.797641693644
OUT_04450,3472.803929769984
OUT_04451,2808.447105808071
OUT_04452,466.15321963870815
OUT_04453,2131.5594976841903
OUT_04454,3182.172578764618
OUT_04455,523.9351212352201
OUT_04456,552.6823392870555
OUT_04457,3535.99479934423
OUT_04458,3959.6044693507056
OUT_04459,958.5252953880968
OUT_04460,3244.488325584878
OUT_04461,645.974746844534
OUT_04462,750.0389609801093
OUT_04463,686.6941354657308
OUT_04464,784.0825294382655
OUT_04465,3479.297006458922
OUT_04466,3553.955401417311
OUT_04467,3002.186214058103
OUT_04468,1089.946209233084
OUT_04469,403.48453099659
OUT_04470,593.4748943307842
OUT_04471,16953.220370633833
OUT_04472,4051.9013071197146
OUT_04473,532.367694804366
OUT_04474,1688.798274465237
OUT_04475,512.9146375126132
OUT_04476,3057.975907613034
OUT_04477,517.5257767780548
OUT_04478,15761.767158295215
OUT_04479,3926.994723861012
OUT_04480,15988.27733174218
OUT_04481,419.9223076173285
OUT_04482,3415.186043647832
OUT_04483,1040.033778718816
OUT_04484,3417.372006146494
OUT_04485,935.3517883145644
OUT_04486,588.6364279462638
OUT_04487,12111.85094582308
OUT_04488,922.0120625316632
OUT_04489,17526.19762997781
OUT_04490,623.8766811926331
OUT_04491,403.70582677170006
OUT_04492,17877.96843708363
OUT_04493,857.520613879134
OUT_04494,615.3604733745397
OUT_04495,922.6439698278928
OUT_04496,521.5791664946233
OUT_04497,3394.550278697967
OUT_04498,3388.014402025523
OUT_04499,869.297466007406
OUT_04500,43771.94085162478
OUT_04501,756.1404377300064
OUT_04502,3049.05225760666
OUT_04503,448.97805863647056
OUT_04504,700.0165537130063
OUT_04505,616.0580254335138
OUT_04506,3262.621229712723
OUT_04507,17784.016526865802
OUT_04508,629.2278084303217
OUT_04509,13078.463717031254
OUT_04510,3358.410900382159
OUT_04511,611.9276231108406
OUT_04512,550.8321579749363
OUT_04513,790.8852003958613
OUT_04514,15442.355791635133
OUT_04515,3928.0795044730016
OUT_04516,3440.858373257972
OUT_04517,3205.040273648694
OUT_04518,2412.8576556399103
OUT_04519,379.2269136519398
OUT_04520,14919.958772220842
OUT_04521,614.149485041475
OUT_04522,574.6890628366754
OUT_04523,16557.861130723577
OUT_04524,349.2940428067043
OUT_04525,2825.7118965055
OUT_04526,17003.900241114305
OUT_04527,749.5178746093271
OUT_04528,15767.60149017346
OUT_04529,978.9022917252028
OUT_04530,618.4063212130775
OUT_04531,708.8378846797299
OUT_04532,620.8511101810798
OUT_04533,14730.487499147976
OUT_04534,841.1696663403329
OUT_04535,3960.477099228349
OUT_04536,3371.342673764983
OUT_04537,1122.653697788549
OUT_04538,558.8848334199449
OUT_04539,654.0132108648698
OUT_04540,3841.562817098305
OUT_04541,3209.991836881502
OUT_04542,689.6830119291901
OUT_04543,642.5712759091614
OUT_04544,3409.4678268508683
OUT_04545,1032.2016922954926
OUT_04546,851.036419724229
OUT_04547,3358.14058503179
OUT_04548,1073.2637258261325
OUT_04549,853.8844013986944
OUT_04550,894.2568508926713
OUT_04551,3791.857555018297
OUT_04552,3696.73077714864
OUT_04553,3655.483816566304
OUT_04554,916.7512917222688
OUT_04555,628.5996235018075
OUT_04556,16352.399940845033
OUT_04557,532.1718690033813
OUT_04558,3890.850778132916
OUT_04559,632.9098949255674
OUT_04560,15554.36567326426
OUT_04561,3674.5169513377978
OUT_04562,580.1059409957644
OUT_04563,672.8849955723924
OUT_04564,968.6586100225672
OUT_04565,3869.531388750284
OUT_04566,2680.6194778152994
OUT_04567,1009.7440208770696
OUT_04568,16617.321383666684
OUT_04569,45065.96403971251
OUT_04570,1020.867350834454
OUT_04571,4504.334217064867
OUT_04572,945.0937912938208
OUT_04573,3756.074695151136
OUT_04574,910.7413200049916
OUT_04575,3517.971502014257
OUT_04576,16463.453098809594
OUT_04577,655.3209417315618
OUT_04578,562.0792328197896
OUT_04579,529.9248328020906
OUT_04580,3819.384032473769
OUT_04581,3287.878384657818
OUT_04582,1017.7436737754576
OUT_04583,3006.4706061358306
OUT_04584,767.449750270773
OUT_04585,798.5566510633372
OUT_04586,3158.9706187296983
OUT_04587,913.836677322406
OUT_04588,705.7113388575526
OUT_04589,698.4894121051371
OUT_04590,3797.1402900159455
OUT_04591,797.6270909599631
OUT_04592,3516.276366229583
OUT_04593,45945.14746889551
OUT_04594,19219.53883294039
OUT_04595,3322.949512301833
OUT_04596,687.7525193894176
OUT_04597,525.1217485824824
OUT_04598,15674.628626155163
OUT_04599,2625.12894338982
OUT_04600,720.4334161379162
OUT_04601,605.9931411245088
OUT_04602,691.1477977752475
OUT_04603,4230.66268806572
OUT_04604,1143.6102672229615
OUT_04605,618.6032654334399
OUT_04606,15902.181398959754
OUT_04607,3109.742973804719
OUT_04608,417.5654456454683
OUT_04609,45529.46452863552
OUT_04610,17352.460865481287
OUT_04611,14361.19549319438
OUT_04612,16898.878384936364
OUT_04613,15726.572793748568
OUT_04614,537.7256103697515
OUT_04615,17417.092892873996
OUT_04616,344.23164898491166
OUT_04617,2702.4210653928963
OUT_04618,3400.20181141332
OUT_04619,3945.626410541666
OUT_04620,15878.656369187458
OUT_04621,3756.3853005717065
OUT_04622,630.211501787585
OUT_04623,790.5794560163126
OUT_04624,843.6220530626896
OUT_04625,1247.335373092517
OUT_04626,16384.04905032742
OUT_04627,3923.993373809296
OUT_04628,2900.924014099319
OUT_04629,3514.5737960560773
OUT_04630,2964.130229253812
OUT_04631,701.7826564403498
OUT_04632,728.0621900260053
OUT_04633,3254.980400256616
OUT_04634,3947.577006817439
OUT_04635,734.7750497250196
OUT_04636,967.742535268836
OUT_04637,1037.3735074695503
OUT_04638,553.7823497470781
OUT_04639,596.364984532911
OUT_04640,48222.34869471602
OUT_04641,3581.5565007766945
OUT_04642,683.7088119619298
OUT_04643,658.4373655017926
OUT_04644,18198.910572495977
OUT_04645,937.0363779641116
OUT_04646,661.4846209648015
OUT_04647,854.5093459084177
OUT_04648,3234.911251968952
OUT_04649,740.6027591581064
OUT_04650,664.8297805322901
OUT_04651,15355.24850825441
OUT_04652,386.6037851157448
OUT_04653,826.6854438199362
OUT_04654,511.8028101814288
OUT_04655,605.3507288148261
OUT_04656,688.6227274086302
OUT_04657,622.0021986744216
OUT_04658,640.2380496819361
OUT_04659,960.9012727528282
OUT_04660,649.1036511997568
OUT_04661,2926.929342866344
OUT_04662,888.3941926434264
OUT_04663,761.3228179913489
OUT_04664,16600.42800263075
OUT_04665,501.7690636990816
OUT_04666,1076.268937612708
OUT_04667,16461.320005474765
OUT_04668,476.771479205809
OUT_04669,3209.901062401705
OUT_04670,728.8288750180559
OUT_04671,3014.1387395486363
OUT_04672,1971.60413198311
OUT_04673,790.8628382466381
OUT_04674,834.8862824424766
OUT_04675,3187.644399607445
OUT_04676,18900.32937698377
OUT_04677,780.3016725563634
OUT_04678,44078.40112995039
OUT_04679,17063.944778810226
OUT_04680,703.8654736229671
OUT_04681,2787.551260863861
OUT_04682,676.9430889566278
OUT_04683,2815.559757773083
OUT_04684,741.0960765626569
OUT_04685,3159.4915631556173
OUT_04686,2938.321959898533
OUT_04687,558.8375348295085
OUT_04688,523.2267411195149
OUT_04689,747.3743140325864
OUT_04690,934.2034650243196
OUT_04691,459.918771025501
OUT_04692,892.271537803519
OUT_04693,832.2008797461635
OUT_04694,14712.712920951868
OUT_04695,3493.4531515072
OUT_04696,946.9529157186452
OUT_04697,3628.806796853096
OUT_04698,1195.971183061682
OUT_04699,3694.123307207669
OUT_04700,3607.384261533428
OUT_04701,16796.142440318894
OUT_04702,3587.2914258142805
OUT_04703,17035.555131396864
OUT_04704,18288.34993463903
OUT_04705,684.2692401951223
OUT_04706,14632.128149004327
OUT_04707,3034.709688434437
OUT_04708,634.1489974970224
OUT_04709,824.0615523935052
OUT_04710,3602.409749468058
OUT_04711,596.6573323166032
OUT_04712,830.4336969915918
OUT_04713,15979.78957429896
OUT_04714,15893.484427963354
OUT_04715,1107.547133607096
OUT_04716,3183.5833127913834
OUT_04717,811.4954561696944
OUT_04718,13507.13107198814
OUT_04719,935.5683610021874
OUT_04720,1137.6228650268404
OUT_04721,3367.863972829024
OUT_04722,894.3597906141148
OUT_04723,2368.2249986897496
OUT_04724,16003.24650020273
OUT_04725,675.76529438978
OUT_04726,3776.390056642103
OUT_04727,596.0873816957509
OUT_04728,3390.8636334944267
OUT_04729,3667.251259089875
OUT_04730,907.857925603474
OUT_04731,2774.304035131944
OUT_04732,819.7423890325615
OUT_04733,16636.732449352417
OUT_04734,16809.501770916104
OUT_04735,599.1555797814785
OUT_04736,3592.396677216349
OUT_04737,13893.348765126691
OUT_04738,734.5324697444806
OUT_04739,490.6974690098248
OUT_04740,499.1028883387367
OUT_04741,883.9460100300715
OUT_04742,16069.463415670518
OUT_04743,2710.281935878208
OUT_04744,3037.6912603472515
OUT_04745,617.6729244817709
OUT_04746,13966.94104601476
OUT_04747,2769.1977078252544
OUT_04748,708.0771362859539
OUT_04749,425.7687112762567
OUT_04750,318.28442604988953
OUT_04751,18268.637786663327
OUT_04752,44037.38875547577
OUT_04753,2943.316520374043
OUT_04754,4003.6517417214873
OUT_04755,2147.093793266832
OUT_04756,3107.6060775734013
OUT_04757,715.2159428989908
OUT_04758,13354.263516513744
OUT_04759,744.311328770062
OUT_04760,1045.5359868965263
OUT_04761,3806.845851613789
OUT_04762,808.7249812449228
OUT_04763,728.6819353563418
OUT_04764,668.3514715081828
OUT_04765,4139.289515914483
OUT_04766,13551.863085703017
OUT_04767,869.7675855405594
OUT_04768,16264.2806393561
OUT_04769,705.253619466235
OUT_04770,759.7463894691728
OUT_04771,481.0398414831753
OUT_04772,17611.510627671443
OUT_04773,599.6694595095515
OUT_04774,3336.2557930355006
OUT_04775,681.8851013765308
OUT_04776,3888.4506041912423
OUT_04777,631.042103380064
OUT_04778,773.3747542391332
OUT_04779,3384.797304714661
OUT_04780,1136.7416909578203
OUT_04781,4045.052125157445
OUT_04782,3607.7138947050544
OUT_04783,2707.3161575398526
OUT_04784,2870.817821935343
OUT_04785,2974.37544566724
OUT_04786,2704.2368475025605
OUT_04787,629.7039829511198
OUT_04788,3478.8937440317413
OUT_04789,1166.419353903702
OUT_04790,47989.83540251863
OUT_04791,15254.052765149763
OUT_04792,571.9791779626345
OUT_04793,824.8696839179553
OUT_04794,789.5378880683877
OUT_04795,15668.572430049851
OUT_04796,3127.661840337827
OUT_04797,922.9646760925702
OUT_04798,16224.099219044936
OUT_04799,818.9914586836162
OUT_04800,902.5493655120316
OUT_04801,575.0681791038556
OUT_04802,851.9296124682215
OUT_04803,1152.136284960479
OUT_04804,16172.790440551697
OUT_04805,587.6283574846782
OUT_04806,779.6238246399982
OUT_04807,3571.1463654926006
OUT_04808,14607.030879147993
OUT_04809,1041.2160964869624
OUT_04810,3504.662288919339
OUT_04811,17662.881473279547
OUT_04812,43644.78882813755
OUT_04813,780.043612317956
OUT_04814,18098.899149313944
OUT_04815,308.85395168001605
OUT_04816,613.6189412806903
OUT_04817,1037.569978621523
OUT_04818,3293.880669616713
OUT_04819,46231.51340668236
OUT_04820,989.8670761647098
OUT_04821,1017.881124347546
OUT_04822,832.7430564854305
OUT_04823,3628.295880651801
OUT_04824,739.6196083498717
OUT_04825,589.0745483715986
OUT_04826,865.8790476486122
OUT_04827,460.5144672301507
OUT_04828,545.7194155846994
OUT_04829,579.1706465436077
OUT_04830,15939.95900108502
OUT_04831,784.3734948448341
OUT_04832,2852.788258475827
OUT_04833,4412.952887752834
OUT_04834,666.123230847135
OUT_04835,47338.01199015932
OUT_04836,3845.201804770082
OUT_04837,802.2153311338084
OUT_04838,537.0474473157012
OUT_04839,597.8379431590309
OUT_04840,720.7953639407372
OUT_04841,938.6813877487342
OUT_04842,673.6148173456655
OUT_04843,687.1407460033278
OUT_04844,17271.15792563017
OUT_04845,407.0742820884162
OUT_04846,610.1561006586326
OUT_04847,722.8660629840573
OUT_04848,3539.453783846749
OUT_04849,3168.5312881201835
OUT_04850,909.0809263219634
OUT_04851,3821.576682304292
OUT_04852,3202.9636356107944
OUT_04853,43538.027954948506
OUT_04854,15584.318411659147
OUT_04855,903.8128202151158
OUT_04856,3195.2726897989187
OUT_04857,17766.20510906897
OUT_04858,1001.0379870384376
OUT_04859,3404.4046463032278
OUT_04860,3136.684375274699
OUT_04861,3180.7400997169325
OUT_04862,2769.263927248393
OUT_04863,572.5094997795804
OUT_04864,3581.259765835608
OUT_04865,2406.482265578074
OUT_04866,3256.07944549823
OUT_04867,746.3309547930211
OUT_04868,2875.7231807568987
OUT_04869,12996.30069724586
OUT_04870,798.5847046773812
OUT_04871,936.7882337727204
OUT_04872,2830.36235282838
OUT_04873,16464.282612065846
OUT_04874,504.8128784186916
OUT_04875,866.5532863099781
OUT_04876,2398.6081532150906
OUT_04877,900.2309964012197
OUT_04878,694.3001542143986
OUT_04879,45925.39909675335
OUT_04880,1032.9018224326871
OUT_04881,801.5616759577616
OUT_04882,2914.062543230053
OUT_04883,877.4698256749592
OUT_04884,808.9135377943592
OUT_04885,16144.644719801105
OUT_04886,3122.471627822141
OUT_04887,16318.831713352876
OUT_04888,658.0543429252239
OUT_04889,647.7260235991463
OUT_04890,518.3618375538884
OUT_04891,3292.1855157859377
OUT_04892,15453.377898135312
OUT_04893,2900.566228479103
OUT_04894,610.5288014280914
OUT_04895,538.0852184898163
OUT_04896,782.8131702511128
OUT_04897,478.66645077638
OUT_04898,14717.967900712094
OUT_04899,3680.021563916545
OUT_04900,629.095024193591
OUT_04901,3540.888583193512
OUT_04902,509.1512089780926
OUT_04903,4060.4903876685694
OUT_04904,3095.7284584211025
OUT_04905,984.9216738517592
OUT_04906,704.6576970321144
OUT_04907,710.3010068604561
OUT_04908,717.8706334988366
OUT_04909,616.8197717079127
OUT_04910,3420.268400524197
OUT_04911,753.4785620938255
OUT_04912,2281.5293218201045
OUT_04913,16752.814756682776
OUT_04914,3223.8583798430363
OUT_04915,796.235454098671
OUT_04916,500.04764523689664
OUT_04917,3107.2110667820016
OUT_04918,836.6267060088538
OUT_04919,44851.34830321058
OUT_04920,3901.8334398431434
OUT_04921,1024.5523766492774
OUT_04922,3230.409312702477
OUT_04923,736.5959372090176
OUT_04924,16549.08670173165
OUT_04925,17286.25780675645
OUT_04926,482.5081962958861
OUT_04927,3506.321897295393
OUT_04928,2834.4001134428386
OUT_04929,3294.081695424441
OUT_04930,823.5801857074879
OUT_04931,764.7880311784654
OUT_04932,3556.58071586344
OUT_04933,576.8544421008764
OUT_04934,801.5297706072538
OUT_04935,712.2707728705038
OUT_04936,4048.464583383399
OUT_04937,3468.916960292174
OUT_04938,520.7467116207005
OUT_04939,864.0242591109164
OUT_04940,746.9853416521266
OUT_04941,15092.874166719144
OUT_04942,16254.90758573356
OUT_04943,731.204958719154
OUT_04944,16258.272054665713
OUT_04945,3824.7437758516953
OUT_04946,557.4029270843102
OUT_04947,17420.65908163301
OUT_04948,432.2301918503128
OUT_04949,3017.3646962937364
OUT_04950,3512.9015452093904
OUT_04951,752.1163536249717
OUT_04952,3972.463149273333
OUT_04953,14969.235243128567
OUT_04954,2749.583965680916
OUT_04955,506.74851116663774
OUT_04956,670.2318040043581
OUT_04957,586.5623380042106
OUT_04958,584.3449727577013
OUT_04959,3202.573332266112
OUT_04960,877.7580090070645
OUT_04961,490.5697724947276
OUT_04962,44915.47890735398
OUT_04963,4361.584210905809
OUT_04964,778.4498964605668
OUT_04965,459.3818001154752
OUT_04966,777.8828536151306
OUT_04967,828.9835011028046
OUT_04968,2914.183840238645
OUT_04969,3210.270774061456
OUT_04970,857.4407570313332
OUT_04971,18292.705541604017
OUT_04972,2682.7011838884537
OUT_04973,17346.223694315115
OUT_04974,3724.8437220012847
OUT_04975,1007.9300510113354
OUT_04976,641.7502146464801
OUT_04977,465.0400195605556
OUT_04978,2840.5271792270923
OUT_04979,47806.22078668234
OUT_04980,3396.9824364112405
OUT_04981,819.9239486666238
OUT_04982,3044.376498542975
OUT_04983,18224.81450076765
OUT_04984,667.9510796657181
OUT_04985,16916.539135696836
OUT_04986,3683.671786958083
OUT_04987,847.602984591004
OUT_04988,805.634771534223
OUT_04989,921.9866593273092
OUT_04990,3807.0618999813832
OUT_04991,371.1205614150109
OUT_04992,17715.982192618296
OUT_04993,680.58808844314
OUT_04994,2917.274260471635
OUT_04995,603.4201706133484
OUT_04996,2353.540503968148
OUT_04997,906.5938622747
OUT_04998,523.9172550428023
OUT_04999,2930.162888800361
OUT_05000,769.5249825262614
OUT_05001,568.2090468623508
OUT_05002,871.3956152402744
OUT_05003,706.4439515384094
OUT_05004,897.4063827239163
OUT_05005,3239.1223689063304
OUT_05006,323.4323908908506
OUT_05007,40142.01140674347
OUT_05008,697.1515912723506
OUT_05009,731.896867563476
OUT_05010,895.0828183332924
OUT_05011,3474.615565876258
OUT_05012,468.4814363170992
OUT_05013,490.2217096081378
OUT_05014,3968.810946999327
OUT_05015,2169.502990904627
OUT_05016,3770.91264348259
OUT_05017,913.6552809774936
OUT_05018,2717.8580703780035
OUT_05019,392.5813661499655
OUT_05020,740.7941093517433
OUT_05021,3043.978327379883
OUT_05022,414.89763975671735
OUT_05023,792.175590660253
OUT_05024,3707.186166594173
OUT_05025,873.1150496584726
OUT_05026,3480.5560806643025
OUT_05027,604.5191041532706
OUT_05028,565.5200846617274
OUT_05029,2612.1309997250114
OUT_05030,600.0394927236953
OUT_05031,721.3396437395993
OUT_05032,799.0111960348125
OUT_05033,1272.5546970709577
OUT_05034,2652.8342712252543
OUT_05035,672.1739517461444
OUT_05036,686.1977822489374
OUT_05037,985.4589604508548
OUT_05038,467.2873873230707
OUT_05039,650.8957833942821
OUT_05040,885.6667696124707
OUT_05041,815.8517853553568
OUT_05042,672.634929407654
OUT_05043,817.8415308430948
OUT_05044,3044.4652484971243
OUT_05045,15976.4104897189
OUT_05046,13396.587494710126
OUT_05047,823.851842811414
OUT_05048,703.5199068970768
OUT_05049,1056.7493131531346
OUT_05050,41994.532997951006
OUT_05051,504.837586671022
OUT_05052,14502.990625547109
OUT_05053,910.9850844456628
OUT_05054,860.3222843751138
OUT_05055,681.7244013344391
OUT_05056,3542.303307777791
OUT_05057,3762.63128579908
OUT_05058,836.8729457469594
OUT_05059,2576.765312175039
OUT_05060,650.1606396443148
OUT_05061,565.2023579834473
OUT_05062,933.743292658932
OUT_05063,958.443797565084
OUT_05064,3974.112057050877
OUT_05065,3219.607343646548
OUT_05066,3370.117560271406
OUT_05067,1068.631706757727
OUT_05068,605.3027773618719
OUT_05069,1027.3431139953257
OUT_05070,3050.5354403725405
OUT_05071,46979.52654108355
OUT_05072,923.1168642402642
OUT_05073,2825.11434854215
OUT_05074,513.3141327936611
OUT_05075,637.9566570878903
OUT_05076,620.9907083292483
OUT_05077,751.8723619528063
OUT_05078,3327.8741647315487
OUT_05079,16451.424506300904
OUT_05080,2818.4110840293865
OUT_05081,694.4557972499335
OUT_05082,2732.97610127552
OUT_05083,3328.31571842741
OUT_05084,2669.652496093184
OUT_05085,2229.837476717967
OUT_05086,441.34181009537656
OUT_05087,2707.156166808955
OUT_05088,1274.2780490652583
OUT_05089,2785.473897069517
OUT_05090,3611.030390430237
OUT_05091,13439.013358249673
OUT_05092,47998.5218118971
OUT_05093,2658.680879755276
OUT_05094,2859.547466871804
OUT_05095,45851.8029924459
OUT_05096,607.2643661646723
OUT_05097,16295.41389134126
OUT_05098,728.611590629767
OUT_05099,657.5575891080163
OUT_05100,744.2831420513745
OUT_05101,16021.051757832334
OUT_05102,3872.530705480663
OUT_05103,781.7276566953549
OUT_05104,14273.187591731632
OUT_05105,457.8265979748872
OUT_05106,761.5758485396387
OUT_05107,3231.2303519561324
OUT_05108,818.3788667414075
OUT_05109,813.3061820900024
OUT_05110,1132.6729200380148
OUT_05111,847.6386718633943
OUT_05112,3270.3145513854743
OUT_05113,964.6814733146804
OUT_05114,881.4413575412971
OUT_05115,17710.376062886153
OUT_05116,2491.921534055045
OUT_05117,666.8097122021602
OUT_05118,2059.551126859112
OUT_05119,570.0780454923357
OUT_05120,46451.15174835152
OUT_05121,1157.269313163778
OUT_05122,18327.936705951004
OUT_05123,2811.4341925931494
OUT_05124,4430.948163078617
OUT_05125,663.6613910510927
OUT_05126,672.2433909863133
OUT_05127,630.1761777708723
OUT_05128,3387.507948273958
OUT_05129,3384.826173073519
OUT_05130,14742.19398347423
OUT_05131,3496.142027932557
OUT_05132,598.5279561442272
OUT_05133,43457.56338975826
OUT_05134,3527.448008433668
OUT_05135,1069.0068158821507
OUT_05136,3578.1478704732767
OUT_05137,628.9978830224629
OUT_05138,818.5931848536767
OUT_05139,660.5371425120302
OUT_05140,378.8501813836949
OUT_05141,3260.3781620490454
OUT_05142,17184.84931403477
OUT_05143,2933.5194772500795
OUT_05144,887.4638171938324
OUT_05145,724.7224840297014
OUT_05146,898.9989280698795
OUT_05147,3121.437014429181
OUT_05148,656.9066240399787
OUT_05149,2501.0459432055004
OUT_05150,4036.1555926296273
OUT_05151,773.90967079131
OUT_05152,963.6693440338124
OUT_05153,706.7983872550964
OUT_05154,815.3178389686286
OUT_05155,3421.784789112277
OUT_05156,45394.27774829703
OUT_05157,42832.25234581544
OUT_05158,507.0747106527706
OUT_05159,3187.5255132143816
OUT_05160,726.0509824811575
OUT_05161,13724.859904258476
OUT_05162,16084.54180901358
OUT_05163,3195.186314567331
OUT_05164,483.8772791669427
OUT_05165,665.0662115940345
OUT_05166,15441.429268752565
OUT_05167,4122.356631411014
OUT_05168,18187.701913000416
OUT_05169,592.670431205426
OUT_05170,18414.96062205318
OUT_05171,945.5552620639072
OUT_05172,288.268470452809
OUT_05173,576.7623500274192
OUT_05174,3620.061144016568
OUT_05175,14020.004512478488
OUT_05176,16073.088549084368
OUT_05177,739.0072137098223
OUT_05178,13523.833071037565
OUT_05179,479.4747999441091
OUT_05180,753.2227485703293
OUT_05181,44888.39948248975
OUT_05182,867.3756003871051
OUT_05183,2462.7912887337234
OUT_05184,534.6698769971517
OUT_05185,17469.30758289287
OUT_05186,17163.205119459795
OUT_05187,3696.048031781276
OUT_05188,16912.205805421592
OUT_05189,783.4485830086439
OUT_05190,512.288150594251
OUT_05191,555.6594608122335
OUT_05192,3606.332629147692
OUT_05193,505.97367651013246
OUT_05194,3065.75443897443
OUT_05195,3455.4211752153774
OUT_05196,779.373858282694
OUT_05197,17731.61520683553
OUT_05198,44713.84871057393
OUT_05199,2845.3864520781644
OUT_05200,711.957387699659
OUT_05201,15561.422317514396
OUT_05202,654.5757308495866
OUT_05203,3788.651887050425
OUT_05204,46887.269575245344
OUT_05205,45700.36676881763
OUT_05206,860.1255480732498
OUT_05207,1722.196720824423
OUT_05208,779.3801000831554
OUT_05209,689.8973398209114
OUT_05210,812.4951820800568
OUT_05211,3764.0686848859614
OUT_05212,828.0575183220434
OUT_05213,586.053394669354
OUT_05214,846.2687830450486
OUT_05215,655.6853755070986
OUT_05216,16397.59617241271
OUT_05217,292.38589988566514
OUT_05218,3394.610663726068
OUT_05219,580.9217357329381
OUT_05220,3608.063509816941
OUT_05221,635.5634661083619
OUT_05222,16133.046752804245
OUT_05223,890.7968918373335
OUT_05224,573.475550564292
OUT_05225,2500.6072518568053
OUT_05226,655.5136236251495
OUT_05227,592.4461341799818
OUT_05228,604.8810922338627
OUT_05229,545.6694439782993
OUT_05230,46637.16683036517
OUT_05231,14792.973340910969
OUT_05232,2822.830941516008
OUT_05233,16774.304023920067
OUT_05234,3828.797693341373
OUT_05235,465.8873193580095
OUT_05236,477.1877296235612
OUT_05237,3515.993003208111
OUT_05238,498.96938904656895
OUT_05239,3319.337111223197
OUT_05240,4029.963884746094
OUT_05241,812.423666928655
OUT_05242,469.63681321007823
OUT_05243,2495.844839383808
OUT_05244,2879.5304916958294
OUT_05245,695.4198088803191
OUT_05246,577.658304677032
OUT_05247,487.8981203119869
OUT_05248,3122.1107940099178
OUT_05249,4353.291466931717
OUT_05250,44078.04096971919
OUT_05251,373.9962325111648
OUT_05252,588.1651441333795
OUT_05253,3735.41285630552
OUT_05254,706.7435945141098
OUT_05255,16155.20033965708
OUT_05256,16890.91935843303
OUT_05257,14505.046558934517
OUT_05258,518.4680040070552
OUT_05259,15531.521268363642
OUT_05260,2827.14216811509
OUT_05261,748.3193982294742
OUT_05262,884.6554788497981
OUT_05263,862.5521577865856
OUT_05264,15050.582803399444
OUT_05265,3761.134024797953
OUT_05266,815.519171511957
OUT_05267,3700.232749940255
OUT_05268,519.3581394223442
OUT_05269,43518.40486595098
OUT_05270,4130.364045455661
OUT_05271,15275.371424599804
OUT_05272,15790.647138384733
OUT_05273,760.3772670192056
OUT_05274,3042.7964855645523
OUT_05275,1007.6121667185546
OUT_05276,909.7103405336431
OUT_05277,536.3396887036286
OUT_05278,687.3514726562819
OUT_05279,255.01312566523447
OUT_05280,47138.05516315825
OUT_05281,3365.189846272264
OUT_05282,2938.1147159642915
OUT_05283,3888.244681799092
OUT_05284,907.939099939105
OUT_05285,887.0187721019869
OUT_05286,17576.51959260641
OUT_05287,15910.169496613047
OUT_05288,806.8550766928647
OUT_05289,3710.5803528275424
OUT_05290,3660.186045649944
OUT_05291,574.7996629646819
OUT_05292,15343.08915801542
OUT_05293,611.7450406265518
OUT_05294,652.4561936435022
OUT_05295,4562.081601108836
OUT_05296,336.77575660059034
OUT_05297,46615.96557504328
OUT_05298,782.7601520443627
OUT_05299,14152.944768615807
OUT_05300,3298.805803193078
OUT_05301,3832.366143137804
OUT_05302,16454.610769411283
OUT_05303,765.9651298845585
OUT_05304,733.46496778831
OUT_05305,4431.856498680473
OUT_05306,925.8616165351774
OUT_05307,1092.121882266473
OUT_05308,911.995781649248
OUT_05309,740.11820724935
OUT_05310,783.1911628443717
OUT_05311,2832.747868877041
OUT_05312,540.7347948645545
OUT_05313,1029.2623486875154
OUT_05314,2980.4762494926613
OUT_05315,627.3790697003842
OUT_05316,4233.165011376854
OUT_05317,816.7129634339732
OUT_05318,17376.900981853476
OUT_05319,3976.780922121788
OUT_05320,2966.285686024012
OUT_05321,3176.732041259598
OUT_05322,288.74081670904576
OUT_05323,600.740809300012
OUT_05324,3811.223607601113
OUT_05325,15571.28477947968
OUT_05326,672.4230405875076
OUT_05327,818.0097724382922
OUT_05328,2963.935069957088
OUT_05329,15281.962904565087
OUT_05330,1035.8361899207878
OUT_05331,748.7188544719475
OUT_05332,15200.157457744255
OUT_05333,17296.23007157599
OUT_05334,506.7682945052218
OUT_05335,2765.317699602904
OUT_05336,2779.4569753762166
OUT_05337,3631.957655868612
OUT_05338,962.3329265665644
OUT_05339,631.7761248765893
OUT_05340,16428.10928090271
OUT_05341,598.1961943417073
OUT_05342,2115.050369763624
OUT_05343,3401.5029715527794
OUT_05344,3552.47828072634
OUT_05345,737.5996937896282
OUT_05346,644.6855271386478
OUT_05347,690.529957409476
OUT_05348,737.9955227779403
OUT_05349,16728.48127896538
OUT_05350,3954.614878767843
OUT_05351,18724.33004974233
OUT_05352,2437.8824192982424
OUT_05353,539.259291206457
OUT_05354,2542.1672055907225
OUT_05355,46499.37355672095
OUT_05356,831.1007833911094
OUT_05357,17488.68716870295
OUT_05358,18088.023609812164
OUT_05359,820.0034386421886
OUT_05360,2592.1534606815453
OUT_05361,366.3817765967114
OUT_05362,2772.4285626497995
OUT_05363,758.8229194927183
OUT_05364,1142.0929182005457
OUT_05365,611.629749031986
OUT_05366,44304.68668154816
OUT_05367,2704.744392717173
OUT_05368,564.2314215191321
OUT_05369,2408.754390012368
OUT_05370,972.7724851012504
OUT_05371,852.6149305247967
OUT_05372,2890.078478869458
OUT_05373,3277.667542799571
OUT_05374,910.003045593194
OUT_05375,17273.48834968818
OUT_05376,827.4049611399527
OUT_05377,18525.437959737214
OUT_05378,405.1790262378233
OUT_05379,4178.533754283314
OUT_05380,423.1759901306496
OUT_05381,479.4553262522155
OUT_05382,817.598262549143
OUT_05383,598.8499044037857
OUT_05384,15274.562214597552
OUT_05385,3487.487933104189
OUT_05386,827.7903426379772
OUT_05387,46595.85718474325
OUT_05388,911.7520735880964
OUT_05389,563.0085079825014
OUT_05390,783.467672213678
OUT_05391,556.7018242180083
OUT_05392,3346.142718114954
OUT_05393,3926.246649135185
OUT_05394,572.8359429395974
OUT_05395,971.4463671805177
OUT_05396,3759.956595851183
OUT_05397,1000.0578812415894
OUT_05398,1024.483581015439
OUT_05399,534.684448543607
OUT_05400,910.8561988814722
OUT_05401,4561.017613401099
OUT_05402,3310.089476994818
OUT_05403,16144.808780638814
OUT_05404,4036.669139266521
OUT_05405,2843.2715145711945
OUT_05406,3417.742456766001
OUT_05407,16043.537413863618
OUT_05408,641.9582002568329
OUT_05409,2592.8573235820045
OUT_05410,14363.791245046354
OUT_05411,969.96435619372
OUT_05412,15009.361708494363
OUT_05413,789.1789682438816
OUT_05414,471.1203078473236
OUT_05415,3161.8155080445567
OUT_05416,3223.952131926955
OUT_05417,805.2706297652458
OUT_05418,15039.834252673065
OUT_05419,2922.905126244591
OUT_05420,668.0835072168899
OUT_05421,1036.2429706497458
OUT_05422,940.722384737987
OUT_05423,807.3739308408861
OUT_05424,4180.062711407682
OUT_05425,848.6983945116701
OUT_05426,43958.30546559794
OUT_05427,14522.401133631678
OUT_05428,18733.198642324423
OUT_05429,650.0615043282999
OUT_05430,45240.45464341377
OUT_05431,2858.5470439709907
OUT_05432,900.0360034778005
OUT_05433,754.3533138754859
OUT_05434,674.7292088480967
OUT_05435,3415.1912179354363
OUT_05436,699.7898573880711
OUT_05437,974.7121801545522
OUT_05438,685.2685425278955
OUT_05439,2554.3145687669025
OUT_05440,862.4863777028689
OUT_05441,866.0228805018953
OUT_05442,15795.505711837815
OUT_05443,2951.111474298454
OUT_05444,791.9549288223313
OUT_05445,3228.3199299451
OUT_05446,852.5942886692405
OUT_05447,3986.432472103733
OUT_05448,15509.966974169323
OUT_05449,618.350904608593
OUT_05450,3485.2519713749225
OUT_05451,3813.2639348905727
OUT_05452,16133.091280673516
OUT_05453,46780.87999601253
OUT_05454,2951.728667577893
OUT_05455,946.1991748188592
OUT_05456,3318.820809086181
OUT_05457,870.4928965862297
OUT_05458,3576.536383474773
OUT_05459,14738.881437955431
OUT_05460,812.0271294244696
OUT_05461,3671.7341461849337
OUT_05462,3256.195969806626
OUT_05463,519.287723223027
OUT_05464,632.6951827109094
OUT_05465,44638.20353433046
OUT_05466,4407.123651487893
OUT_05467,742.4189515400066
OUT_05468,896.8969464084662
OUT_05469,514.235265559251
OUT_05470,47969.01397396053
OUT_05471,581.8949574716228
OUT_05472,756.2343802543841
OUT_05473,3682.285768660142
OUT_05474,933.8079132666592
OUT_05475,686.095203837315
OUT_05476,750.3044323081317
OUT_05477,665.3007225826994
OUT_05478,15982.708241007773
OUT_05479,836.8884074303319
OUT_05480,806.2085634967075
OUT_05481,764.3579515727544
OUT_05482,17546.053685178475
OUT_05483,16458.371130047217
OUT_05484,578.3770610766535
OUT_05485,44959.89206542669
OUT_05486,17740.952306143332
OUT_05487,3803.455930142496
OUT_05488,4077.3863037405495
OUT_05489,573.555453031076
OUT_05490,17170.8912665118
OUT_05491,749.5102514568198
OUT_05492,3146.3708572344985
OUT_05493,18424.335795511277
OUT_05494,3679.22497804883
OUT_05495,15233.551553578402
OUT_05496,927.0210036220236
OUT_05497,17018.283856097165
OUT_05498,807.4827191658159
OUT_05499,857.1112215839071
OUT_05500,2720.24889218713
OUT_05501,14643.30803196072
OUT_05502,597.6434438467315
OUT_05503,432.9174948216156
OUT_05504,2840.0453236896487
OUT_05505,2876.213944767848
OUT_05506,3363.4384687169613
OUT_05507,387.3888201998821
OUT_05508,15242.981407255507
OUT_05509,3963.52421472806
OUT_05510,740.9405371239081
OUT_05511,18391.000242184386
OUT_05512,3453.4063921008888
OUT_05513,618.9622968753883
OUT_05514,15909.27236111804
OUT_05515,702.5587185559331
OUT_05516,3193.790455855058
OUT_05517,639.7562066741165
OUT_05518,1003.268718964245
OUT_05519,1079.5508305451167
OUT_05520,574.9113635769793
OUT_05521,856.4933981010629
OUT_05522,3773.331467736712
OUT_05523,14549.113466263265
OUT_05524,774.8385677966843
OUT_05525,3014.44904613582
OUT_05526,586.5604422362019
OUT_05527,519.7100694698303
OUT_05528,867.6240678731742
OUT_05529,1062.680816699109
OUT_05530,3945.987592275788
OUT_05531,901.3677681612965
OUT_05532,2520.495855351212
OUT_05533,863.3035531138637
OUT_05534,940.4946732820416
OUT_05535,3331.629498326321
OUT_05536,3043.5942525909936
OUT_05537,14900.78786642222
OUT_05538,3383.978101019288
OUT_05539,505.8620596230856
OUT_05540,18130.956176627
OUT_05541,696.2704233458294
OUT_05542,15769.315707073216
OUT_05543,17070.986254210282
OUT_05544,649.7984175883794
OUT_05545,3696.583318212711
OUT_05546,637.2753216288513
OUT_05547,1010.5625579671035
OUT_05548,795.8464587103288
OUT_05549,567.0814747586271
OUT_05550,643.2773207741155
OUT_05551,16926.302259251395
OUT_05552,16766.606513811614
OUT_05553,4285.774344925579
OUT_05554,773.0055572200771
OUT_05555,16157.483924430386
OUT_05556,597.0226689277906
OUT_05557,487.26637506321697
OUT_05558,836.2393021112771
OUT_05559,816.0846296478883
OUT_05560,2815.219304006488
OUT_05561,932.6202702929348
OUT_05562,3062.389912813933
OUT_05563,3381.654693606782
OUT_05564,40226.6249950678
OUT_05565,16019.360384494255
OUT_05566,552.8985964081788
OUT_05567,991.039532124578
OUT_05568,2948.3907708957618
OUT_05569,16249.800710537538
OUT_05570,631.6178826849903
OUT_05571,17613.15077738276
OUT_05572,568.5040476457331
OUT_05573,2469.1323837148907
OUT_05574,761.2943329869702
OUT_05575,14963.295257137028
OUT_05576,14011.915842234896
OUT_05577,17694.627789468635
OUT_05578,47108.46118968071
OUT_05579,17565.05333642433
OUT_05580,3351.2931565993977
OUT_05581,654.6553898288762
OUT_05582,872.2305320468491
OUT_05583,614.9765005673682
OUT_05584,2420.59353038583
OUT_05585,2931.4751351709783
OUT_05586,3759.160872318328
OUT_05587,2901.450476358594
OUT_05588,2605.886276156611
OUT_05589,787.0186074083546
OUT_05590,3142.638651897026
OUT_05591,3339.071374325972
OUT_05592,47619.50833868602
OUT_05593,15372.27746214466
OUT_05594,3867.752174788128
OUT_05595,861.8703076231474
OUT_05596,1013.9954036424876
OUT_05597,44976.296343459166
OUT_05598,3216.574125102205
OUT_05599,481.7736496359877
OUT_05600,876.0650740652397
OUT_05601,747.5927960071175
OUT_05602,551.6550174905882
OUT_05603,796.2323359038635
OUT_05604,16518.01617641908
OUT_05605,716.5315175046163
OUT_05606,46040.59565620172
OUT_05607,3246.266154716701
OUT_05608,2685.389291753496
OUT_05609,3074.5435437908413
OUT_05610,1145.6360752509324
OUT_05611,574.5555948268785
OUT_05612,713.3989952939997
OUT_05613,17162.25094637426
OUT_05614,701.3158595081529
OUT_05615,2858.4914703010886
OUT_05616,3202.4102764888435
OUT_05617,777.4636354718938
OUT_05618,3327.12430305324
OUT_05619,14901.917442182708
OUT_05620,18187.772105462034
OUT_05621,18838.940516993385
OUT_05622,472.68842451355385
OUT_05623,912.9268674785194
OUT_05624,952.9622944959556
OUT_05625,419.2413871425864
OUT_05626,17694.06306230796
OUT_05627,666.0181056628629
OUT_05628,835.6716999167721
OUT_05629,537.2143420412759
OUT_05630,3526.526995437147
OUT_05631,1188.5774529293062
OUT_05632,2586.576104241838
OUT_05633,3672.6989500977297
OUT_05634,686.89541467163
OUT_05635,637.8755389212322
OUT_05636,365.3698261742278
OUT_05637,528.6378682476661
OUT_05638,3721.886552714625
OUT_05639,13774.062380178171
OUT_05640,16689.95339845964
OUT_05641,639.2040430665853
OUT_05642,785.8509453351353
OUT_05643,715.6819905852636
OUT_05644,2740.9181511474194
OUT_05645,2649.290637639057
OUT_05646,919.1003627628174
OUT_05647,3388.0291693356703
OUT_05648,817.2760159508694
OUT_05649,402.98255457848666
OUT_05650,588.1278368663302
OUT_05651,2921.553495824388
OUT_05652,3942.9376505480873
OUT_05653,854.8961379202192
OUT_05654,531.5591330522194
OUT_05655,15464.65286918078
OUT_05656,3493.36931248923
OUT_05657,15969.628775529882
OUT_05658,15581.133203583024
OUT_05659,696.1006586818255
OUT_05660,591.8269426770075
OUT_05661,3101.3848332776915
OUT_05662,906.301643120463
OUT_05663,1072.392752503185
OUT_05664,15948.074891021266
OUT_05665,905.352485281928
OUT_05666,825.9235503415879
OUT_05667,2594.4345013420966
OUT_05668,523.0630356109186
OUT_05669,533.0780264015704
OUT_05670,3632.0604422200577
OUT_05671,3505.0532688972166
OUT_05672,710.576453336001
OUT_05673,714.4492720794055
OUT_05674,936.3912062795246
OUT_05675,459.3136859456649
OUT_05676,3034.8548912948613
OUT_05677,2982.7804545802155
OUT_05678,446.1103370658946
OUT_05679,3586.235124142536
OUT_05680,538.3097271709652
OUT_05681,720.7288181420126
OUT_05682,18632.93945599565
OUT_05683,490.0624633819598
OUT_05684,3982.279491603584
OUT_05685,2940.1322540321257
OUT_05686,798.7763112114504
OUT_05687,625.2245739392434
OUT_05688,3657.4972907146166
OUT_05689,2941.529744183016
OUT_05690,3591.1853238408225
OUT_05691,13919.601071194056
OUT_05692,16145.652274745393
OUT_05693,2630.8292297550925
OUT_05694,47590.379613770325
OUT_05695,522.0704417991058
OUT_05696,675.6349847947986
OUT_05697,762.7446842390152
OUT_05698,3340.716408756341
OUT_05699,47504.65717578864
OUT_05700,1051.437557121376
OUT_05701,557.7121832025758
OUT_05702,777.4773260475072
OUT_05703,15154.449173193309
OUT_05704,761.1676527943945
OUT_05705,313.6572097353399
OUT_05706,933.1559064521024
OUT_05707,927.9927492528404
OUT_05708,840.6603550198068
OUT_05709,2624.276157893285
OUT_05710,874.8858446521899
OUT_05711,16326.83812885302
OUT_05712,841.0082073273726
OUT_05713,659.3994772024763
OUT_05714,2656.663825952457
OUT_05715,556.4107352298771
OUT_05716,15959.70534090094
OUT_05717,928.4357463233292
OUT_05718,16397.24426235821
OUT_05719,2752.408305036275
OUT_05720,602.6080454447238
OUT_05721,651.8043879781126
OUT_05722,2833.0817655092096
OUT_05723,622.6132273196843
OUT_05724,637.944680406551
OUT_05725,571.5106214447567
OUT_05726,3463.9657917110967
OUT_05727,43573.41942292542
OUT_05728,897.317677063089
OUT_05729,1002.955980518531
OUT_05730,526.2015644188243
OUT_05731,941.2915180077042
OUT_05732,17872.85084580634
OUT_05733,17659.77722231833
OUT_05734,791.5081694623261
OUT_05735,702.7253510495186
OUT_05736,2998.8730416354583
OUT_05737,788.1769135210527
OUT_05738,757.5945983500218
OUT_05739,3303.014362109055
OUT_05740,3814.111517442115
OUT_05741,699.0008485374872
OUT_05742,3019.609579943739
OUT_05743,44137.98373289094
OUT_05744,3918.874808736628
OUT_05745,579.8550496496233
OUT_05746,608.5735048462874
OUT_05747,724.927003524246
OUT_05748,577.879158468785
OUT_05749,2398.1977352692943
OUT_05750,3696.671369991429
OUT_05751,1076.7873018243895
OUT_05752,2964.091204553657
OUT_05753,671.1437703484881
OUT_05754,2846.498324457527
OUT_05755,706.288322701562
OUT_05756,3661.008928287327
OUT_05757,45859.79354579936
OUT_05758,3353.5729487016515
OUT_05759,702.5589762337265
OUT_05760,841.6101168606704
OUT_05761,3318.7465713783845
OUT_05762,3196.852503777356
OUT_05763,513.9661259945356
OUT_05764,3479.513460935293
OUT_05765,2460.288611107253
OUT_05766,773.6099062712481
OUT_05767,805.938081674352
OUT_05768,1111.6355334404243
OUT_05769,3310.7854582187047
OUT_05770,3529.034705797994
OUT_05771,650.8295467150197
OUT_05772,2230.956605460886
OUT_05773,3991.0729625017457
OUT_05774,3038.22972647706
OUT_05775,766.120201045137
OUT_05776,45145.22531830567
OUT_05777,16966.393690083532
OUT_05778,3010.669118884026
OUT_05779,1173.0128788686627
OUT_05780,725.6001629765044
OUT_05781,1062.5995933050558
OUT_05782,2336.2683757980435
OUT_05783,3126.352546060418
OUT_05784,475.5123582489974
OUT_05785,909.8838003917764
OUT_05786,16851.716970259695
OUT_05787,543.9337035059901
OUT_05788,591.0950585573019
OUT_05789,321.8921012451692
OUT_05790,2894.500635725902
OUT_05791,636.7317340087234
OUT_05792,3256.596831422362
OUT_05793,802.3036464783393
OUT_05794,1110.1805598893704
OUT_05795,765.0327604650373
OUT_05796,690.1722966419161
OUT_05797,3308.0288903659325
OUT_05798,3771.9342585726727
OUT_05799,751.1167252940247
OUT_05800,2953.9328273649458
OUT_05801,3415.709488980219
OUT_05802,2644.185365756068
OUT_05803,17979.352581637897
OUT_05804,18169.16676883645
OUT_05805,587.8419227654917
OUT_05806,3804.90224572266
OUT_05807,718.2734192743758
OUT_05808,568.5022680372099
OUT_05809,3299.04710409415
OUT_05810,737.5046758067722
OUT_05811,3559.1389097561123
OUT_05812,743.987393730006
OUT_05813,16014.756028607217
OUT_05814,16519.122587118607
OUT_05815,3792.528166594928
OUT_05816,3930.167628146952
OUT_05817,892.1537380883117
OUT_05818,2798.6410561927337
OUT_05819,805.8055701758456
OUT_05820,685.4038805933726
OUT_05821,494.84263808273306
OUT_05822,2479.9669917883325
OUT_05823,704.1243001684329
OUT_05824,14543.224050965406
OUT_05825,47731.96977136968
OUT_05826,554.0283120467801
OUT_05827,553.3065198712954
OUT_05828,610.3582239237464
OUT_05829,3109.063302602586
OUT_05830,4458.531370870584
OUT_05831,3188.717276427856
OUT_05832,908.5797393299612
OUT_05833,678.056464232445
OUT_05834,2435.621911347744
OUT_05835,552.1223251933253
OUT_05836,3308.287540115239
OUT_05837,3031.059123665774
OUT_05838,48448.33785601255
OUT_05839,564.7752577396511
OUT_05840,562.226737606244
OUT_05841,601.501661014297
OUT_05842,657.463989396787
OUT_05843,15142.871496460057
OUT_05844,729.007074338593
OUT_05845,2967.7539883532013
OUT_05846,18197.19862690451
OUT_05847,16992.44162396154
OUT_05848,733.1716820171663
OUT_05849,18723.79309160196
OUT_05850,4024.660482380144
OUT_05851,508.47179236194665
OUT_05852,16748.110626370595
OUT_05853,817.6454602000862
OUT_05854,15806.397600382666
OUT_05855,2720.5007234305485
OUT_05856,3274.323767019695
OUT_05857,666.9354957249966
OUT_05858,772.5581546499045
OUT_05859,681.4398264671763
OUT_05860,839.6244583109896
OUT_05861,846.0841116730882
OUT_05862,740.9920541419199
OUT_05863,370.301761571523
OUT_05864,655.1801948882926
OUT_05865,330.67555711858336
OUT_05866,549.0131482147875
OUT_05867,2851.767807301291
OUT_05868,3341.579514837041
OUT_05869,1040.1153137620302
OUT_05870,16690.7366415173
OUT_05871,3178.566540708549
OUT_05872,470.6496772083584
OUT_05873,2631.264708407977
OUT_05874,948.9039305969748
OUT_05875,3910.185185727964
OUT_05876,815.7840156328357
OUT_05877,2737.036086298369
OUT_05878,801.651834452034
OUT_05879,17581.876275360708
OUT_05880,882.4694444443907
OUT_05881,701.3161708040459
OUT_05882,2992.581270136708
OUT_05883,2696.197067706643
OUT_05884,3323.0261108222026
OUT_05885,4055.090561334908
OUT_05886,3323.4003284259047
OUT_05887,4252.685193968884
OUT_05888,513.1809724357148
OUT_05889,3721.846551550792
OUT_05890,13690.516124735288
OUT_05891,597.5631258121166
OUT_05892,16806.269583007263
OUT_05893,3291.282783438289
OUT_05894,14967.480112750543
OUT_05895,668.1650548869989
OUT_05896,556.0654955942794
OUT_05897,499.1040544220526
OUT_05898,705.0713737321452
OUT_05899,16436.644970378708
OUT_05900,3607.897413433069
OUT_05901,742.9745694162103
OUT_05902,4004.176590713256
OUT_05903,48805.35095723602
OUT_05904,833.5971526261977
OUT_05905,766.4773727937951
OUT_05906,689.526691284267
OUT_05907,3173.0537884358
OUT_05908,467.0923953429644
OUT_05909,14284.843684296136
OUT_05910,624.6354615063773
OUT_05911,658.0302148576997
OUT_05912,794.5049240217143
OUT_05913,951.4964921809724
OUT_05914,512.8902262656682
OUT_05915,2810.151442627965
OUT_05916,3857.641259462284
OUT_05917,593.2759474850584
OUT_05918,3666.172994246205
OUT_05919,512.7417501451492
OUT_05920,785.8111814289085
OUT_05921,876.1048849356799
OUT_05922,2664.8805598029226
OUT_05923,476.33067567980913
OUT_05924,3582.934642396176
OUT_05925,3690.557817287261
OUT_05926,749.9036226489457
OUT_05927,46909.39298277127
OUT_05928,701.0548072372186
OUT_05929,2858.9057827406486
OUT_05930,865.6817735366744
OUT_05931,793.619969848806
OUT_05932,2420.569231902116
OUT_05933,2196.8653954540214
OUT_05934,613.7399221048952
OUT_05935,432.09847930065473
OUT_05936,47645.53763307911
OUT_05937,18016.12605928696
OUT_05938,45781.564695877205
OUT_05939,3688.428201081652
OUT_05940,44315.560598524
OUT_05941,852.4131798785704
OUT_05942,518.4097893704474
OUT_05943,17719.886096105234
OUT_05944,754.4482147632021
OUT_05945,931.8334959236088
OUT_05946,1159.3698282361236
OUT_05947,42138.27818645518
OUT_05948,16915.89402303181
OUT_05949,3965.916432577933
OUT_05950,663.3737091503273
OUT_05951,646.4385905748538
OUT_05952,1007.74550054424
OUT_05953,647.2970423428168
OUT_05954,547.079129977009
OUT_05955,781.8066547345247
OUT_05956,13551.120127838123
OUT_05957,1206.338156024828
OUT_05958,4063.041482124284
OUT_05959,718.1793891907997
OUT_05960,17451.98241317684
OUT_05961,752.5381668415091
OUT_05962,3490.0180390998485
OUT_05963,551.4114957128884
OUT_05964,335.05978595870164
OUT_05965,2869.0890529737053
OUT_05966,2900.7903447700305
OUT_05967,463.2196510872788
OUT_05968,935.7872534817658
OUT_05969,2740.717543325785
OUT_05970,4510.121069728724
OUT_05971,3266.198317038888
OUT_05972,653.9690135405951
OUT_05973,2993.1324520148355
OUT_05974,1072.2352559416313
OUT_05975,4374.317625428022
OUT_05976,640.7152564866467
OUT_05977,669.6778768920911
OUT_05978,4239.344843521561
OUT_05979,3012.5856978419374
OUT_05980,1012.7390207138096
OUT_05981,43791.28083854859
OUT_05982,4016.12978276206
OUT_05983,871.844738564273
OUT_05984,13357.496124765212
OUT_05985,469.29583069103546
OUT_05986,1357.5128290456098
OUT_05987,686.1548721165351
OUT_05988,3668.4528282964498
OUT_05989,740.4667758511218
OUT_05990,1030.6893140389866
OUT_05991,725.681144311267
OUT_05992,18267.725315318723
OUT_05993,787.542128305676
OUT_05994,782.7372099600709
OUT_05995,891.9443134365
OUT_05996,638.3581879759724
OUT_05997,703.7555967649773
OUT_05998,3693.474153962602
OUT_05999,724.451199017662
OUT_06000,672.5764196456753
OUT_06001,584.4675808326666
OUT_06002,3887.661494628058
OUT_06003,684.1584829645471
OUT_06004,925.3339666575024
OUT_06005,3273.7192846487824
OUT_06006,3831.76650550811
OUT_06007,772.0295165145038
OUT_06008,4147.764306532576
OUT_06009,3268.2548423819726
OUT_06010,752.2282801405194
OUT_06011,899.285496116331
OUT_06012,15706.338173905157
OUT_06013,14054.325523719152
OUT_06014,3019.5582239140035
OUT_06015,904.773806371948
OUT_06016,14101.166587217172
OUT_06017,821.8564029825993
OUT_06018,550.7637698057146
OUT_06019,366.4603800506521
OUT_06020,3924.694722235882
OUT_06021,986.3676207315608
OUT_06022,903.818437343204
OUT_06023,45341.84508141165
OUT_06024,1157.1176336596398
OUT_06025,3582.393290254363
OUT_06026,18163.76596700443
OUT_06027,3205.504685937775
OUT_06028,1156.703480189722
OUT_06029,729.065274304921
OUT_06030,45985.46757649731
OUT_06031,309.2804118864604
OUT_06032,15917.354160174737
OUT_06033,46520.04961848942
OUT_06034,2642.3777539866387
OUT_06035,501.9242848150958
OUT_06036,434.15761896103777
OUT_06037,3826.2788153033625
OUT_06038,4197.235349692205
OUT_06039,3018.6061087030894
OUT_06040,3402.4627567221723
OUT_06041,15068.806624404637
OUT_06042,3680.275129799462
OUT_06043,670.4756052405279
OUT_06044,44021.83288313224
OUT_06045,604.1516583682168
OUT_06046,454.5847680811063
OUT_06047,15382.000563304366
OUT_06048,676.9655248251256
OUT_06049,15815.351678314742
OUT_06050,15502.936754905591
OUT_06051,799.6087241010152
OUT_06052,3853.357864439998
OUT_06053,3910.2830262419793
OUT_06054,839.4534609087607
OUT_06055,3440.498755131008
OUT_06056,622.6885291820093
OUT_06057,4797.445440935942
OUT_06058,1028.8214026694177
OUT_06059,3286.296260052461
OUT_06060,787.2941194361956
OUT_06061,3272.778754957434
OUT_06062,15113.815471288472
OUT_06063,3583.699569253458
OUT_06064,3851.133954891498
OUT_06065,3487.8644825768943
OUT_06066,1083.7540131972287
OUT_06067,589.2099731675477
OUT_06068,910.6956741805838
OUT_06069,930.4838287212358
OUT_06070,624.5310642818209
OUT_06071,785.8279793304761
OUT_06072,17532.83121184523
OUT_06073,720.9974878128871
OUT_06074,573.6125206660363
OUT_06075,4361.539126516931
OUT_06076,1116.8779074246745
OUT_06077,787.7399241287975
OUT_06078,390.8349585461366
OUT_06079,1080.1081634196507
OUT_06080,808.0313132505701
OUT_06081,40968.20358345252
OUT_06082,17942.60215726724
OUT_06083,47839.535986958144
OUT_06084,763.9896151596665
OUT_06085,672.442875515033
OUT_06086,17829.94055857875
OUT_06087,3967.078213755452
OUT_06088,17577.50542903452
OUT_06089,853.6253316335016
OUT_06090,3123.6195048382515
OUT_06091,951.4598970644056
OUT_06092,436.3975465907868
OUT_06093,46599.41839624036
OUT_06094,3787.8143171128695
OUT_06095,551.5477632085518
OUT_06096,16338.026150239455
OUT_06097,16992.53602868066
OUT_06098,681.5115979522145
OUT_06099,851.5734552164291
OUT_06100,16978.312539869974
OUT_06101,4227.4834108356645
OUT_06102,3330.779828767329
OUT_06103,17463.565847524576
OUT_06104,4754.984765010096
OUT_06105,746.2484091363373
OUT_06106,4048.596850173411
OUT_06107,15291.416369146076
OUT_06108,583.6724663004603
OUT_06109,16835.605224277308
OUT_06110,506.3023683670823
OUT_06111,633.8745189680101
OUT_06112,3338.260335987635
OUT_06113,741.951806030767
OUT_06114,3756.1683157280345
OUT_06115,2939.250143270334
OUT_06116,927.3197441148988
OUT_06117,433.2983778795455
OUT_06118,1013.4249161923692
OUT_06119,40657.01856276101
OUT_06120,634.2983122834635
OUT_06121,665.0145517904144
OUT_06122,830.9600119699626
OUT_06123,3404.1394508765698
OUT_06124,3706.949209621291
OUT_06125,795.0993189325692
OUT_06126,585.7928078018251
OUT_06127,3350.492401972045
OUT_06128,3588.3074526772825
OUT_06129,716.2569386457334
OUT_06130,2711.204008817353
OUT_06131,962.540036435834
OUT_06132,824.7613384872402
OUT_06133,721.6506636089227
OUT_06134,2628.2586181400484
OUT_06135,15941.342892888822
OUT_06136,17010.885628481774
OUT_06137,2975.8586079802226
OUT_06138,840.4559470394829
OUT_06139,452.1425644943287
OUT_06140,1054.274403738621
OUT_06141,748.7280883192745
OUT_06142,15067.401456044856
OUT_06143,836.6778400692277
OUT_06144,3256.109203190785
OUT_06145,3505.432422858171
OUT_06146,742.1467642811461
OUT_06147,3311.6184422688266
OUT_06148,3809.331851632672
OUT_06149,2801.458758772022
OUT_06150,2886.0104821079435
OUT_06151,45494.33766612687
OUT_06152,563.9719143778764
OUT_06153,755.3844782205834
OUT_06154,776.3006420956254
OUT_06155,14152.875543792275
OUT_06156,552.3692482698765
OUT_06157,14637.300084480465
OUT_06158,3826.337136044574
OUT_06159,42288.77614820556
OUT_06160,3745.612664072818
OUT_06161,3580.7663857392004
OUT_06162,3458.5629856650626
OUT_06163,673.4042345402954
OUT_06164,634.1753594394086
OUT_06165,3147.7514290550243
OUT_06166,789.681377521519
OUT_06167,3576.3593085514008
OUT_06168,16197.686404709908
OUT_06169,436.18099438409575
OUT_06170,18036.22963256429
OUT_06171,622.2077793535569
OUT_06172,43745.67155647726
OUT_06173,670.5266639171147
OUT_06174,2652.494890015761
OUT_06175,832.1327729256827
OUT_06176,3545.824738041117
OUT_06177,555.1121632917302
OUT_06178,571.2953960016486
OUT_06179,911.2575719896493
OUT_06180,518.9177674775713
OUT_06181,3372.727640816763
OUT_06182,16123.53911707077
OUT_06183,741.9386559124713
OUT_06184,477.6938165880403
OUT_06185,3342.345665087861
OUT_06186,16135.11556621483
OUT_06187,702.4871927518948
OUT_06188,798.4630971046215
OUT_06189,41513.12409554703
OUT_06190,538.5537032486338
OUT_06191,505.6159263963256
OUT_06192,3715.2395898729887
OUT_06193,3214.320872132973
OUT_06194,870.4344074110916
OUT_06195,669.9023415535684
OUT_06196,580.6768137780225
OUT_06197,3789.4894015640425
OUT_06198,582.5569252762829
OUT_06199,952.165413315966
OUT_06200,3200.870272826551
OUT_06201,843.7126684066877
OUT_06202,833.6416843480615
OUT_06203,16627.9753794445
OUT_06204,460.2681654527415
OUT_06205,43128.90946714133
OUT_06206,3784.740102304737
OUT_06207,688.6804354194704
OUT_06208,425.7414430435634
OUT_06209,3065.6787823376503
OUT_06210,42800.90800724706
OUT_06211,522.4929657366416
OUT_06212,2886.3510260014714
OUT_06213,981.9465283071874
OUT_06214,4234.020239349356
OUT_06215,17296.539019776243
OUT_06216,560.7907181178985
OUT_06217,3402.4942088012203
OUT_06218,3173.566762561049
OUT_06219,882.126484945757
OUT_06220,648.5035984465469
OUT_06221,502.4758527712341
OUT_06222,712.5171854795614
OUT_06223,865.3697870503214
OUT_06224,3671.827761324702
OUT_06225,534.9565371690333
OUT_06226,673.7202500191925
OUT_06227,3638.969825130931
OUT_06228,17640.570716204234
OUT_06229,3871.069481723445
OUT_06230,824.3968415250105
OUT_06231,747.4473837661287
OUT_06232,15983.03530869814
OUT_06233,3556.030325315648
OUT_06234,962.5651437016144
OUT_06235,441.4732682017842
OUT_06236,2990.6120706701618
OUT_06237,3043.5234989986075
OUT_06238,3454.686874402308
OUT_06239,510.9164404851314
OUT_06240,711.3736784487149
OUT_06241,447.98779100857934
OUT_06242,15898.560395666093
OUT_06243,796.8122795524368
OUT_06244,3794.4751431941127
OUT_06245,739.4252600351356
OUT_06246,14983.969971487682
OUT_06247,796.2560883331744
OUT_06248,1090.061104642561
OUT_06249,706.4368013728015
OUT_06250,4709.1574954226735
OUT_06251,3163.2938867942275
OUT_06252,15073.237193682236
OUT_06253,855.2340842754762
OUT_06254,725.6063001222748
OUT_06255,19220.37438479674
OUT_06256,712.7017782779951
OUT_06257,14560.825080197745
OUT_06258,527.6648136407189
OUT_06259,3891.375920065724
OUT_06260,864.4001285273857
OUT_06261,2279.3243060621407
OUT_06262,16822.00127704821
OUT_06263,729.1285918544721
OUT_06264,47400.24831717055
OUT_06265,382.57257698579286
OUT_06266,2767.835063952837
OUT_06267,512.3740717038812
OUT_06268,867.4148195335556
OUT_06269,626.9373607039225
OUT_06270,851.2541306942036
OUT_06271,16479.399052060162
OUT_06272,2899.923237798548
OUT_06273,856.3874333297472
OUT_06274,683.105101041996
OUT_06275,2822.827837711149
OUT_06276,4159.612510981929
OUT_06277,3582.761637644745
OUT_06278,47931.97792804625
OUT_06279,17262.061936326747
OUT_06280,4182.9441556085485
OUT_06281,2749.2148674193104
OUT_06282,703.1161189011383
OUT_06283,820.1591816000769
OUT_06284,15324.698410545285
OUT_06285,740.6765478051393
OUT_06286,758.58949255366
OUT_06287,498.00689124951305
OUT_06288,849.4843446965142
OUT_06289,15904.551601179424
OUT_06290,556.6280959196274
OUT_06291,1173.953626540121
OUT_06292,816.1122428486606
OUT_06293,3065.120734912384
OUT_06294,516.5893152491747
OUT_06295,952.204481212572
OUT_06296,3674.232354618017
OUT_06297,477.7623647340054
OUT_06298,552.8268798812168
OUT_06299,4144.936281190308
OUT_06300,3649.242276334964
OUT_06301,2321.6233011699933
OUT_06302,913.3867187927468
OUT_06303,811.7718286534972
OUT_06304,47117.37499162945
OUT_06305,677.6705782783205
OUT_06306,499.1331238604004
OUT_06307,760.2313206443021
OUT_06308,4064.9372752392455
OUT_06309,966.4726770920536
OUT_06310,772.744936217227
OUT_06311,2818.5389816478523
OUT_06312,1059.0967739289024
OUT_06313,472.5558494659261
OUT_06314,860.2840495065307
OUT_06315,15135.136961917397
OUT_06316,3480.03093916705
OUT_06317,695.2941060155795
OUT_06318,484.227485152809
OUT_06319,3451.335240528473
OUT_06320,2837.596546814488
OUT_06321,48587.85957931743
OUT_06322,669.4377355285565
OUT_06323,17073.01475337938
OUT_06324,557.0661625182954
OUT_06325,773.797755366971
OUT_06326,3802.8028286205895
OUT_06327,19044.535319751594
OUT_06328,2520.549952783038
OUT_06329,767.096278289225
OUT_06330,678.6035925479487
OUT_06331,3031.097238388369
OUT_06332,12166.816276814969
OUT_06333,830.6293961199461
OUT_06334,440.6343259697097
OUT_06335,429.7251043232601
OUT_06336,15091.499849060468
OUT_06337,962.649991683834
OUT_06338,698.5721122677287
OUT_06339,4201.051595286483
OUT_06340,16807.436164200757
OUT_06341,2146.349469142181
OUT_06342,3720.9725421278113
OUT_06343,650.6321056281762
OUT_06344,582.6693396391418
OUT_06345,473.5375768744199
OUT_06346,880.8403374105644
OUT_06347,3324.4784547850827
OUT_06348,3778.6044280221367
OUT_06349,2934.238064865119
OUT_06350,2763.7114983713927
OUT_06351,3328.816301369985
OUT_06352,3260.557029467769
OUT_06353,2933.8669094646843
OUT_06354,619.0558630422935
OUT_06355,1026.641459495212
OUT_06356,48438.77187129424
OUT_06357,729.4912154855659
OUT_06358,45337.10797648689
OUT_06359,3327.5112222873768
OUT_06360,720.0630267746883
OUT_06361,13157.614982882556
OUT_06362,491.88476408578606
OUT_06363,655.8937472041504
OUT_06364,881.290061175904
OUT_06365,2727.5484229549493
OUT_06366,695.0197494796778
OUT_06367,16016.181955144551
OUT_06368,682.8456059233808
OUT_06369,4495.779655802857
OUT_06370,15129.089921415674
OUT_06371,1020.2400236267102
OUT_06372,4100.442955910429
OUT_06373,41034.27355681974
OUT_06374,866.0093585996135
OUT_06375,17691.59707146141
OUT_06376,2896.428967318074
OUT_06377,3562.31754745772
OUT_06378,743.0035751304532
OUT_06379,3452.839927023389
OUT_06380,467.44169138299526
OUT_06381,43965.02690992424
OUT_06382,4521.326654933654
OUT_06383,837.6917306918575
OUT_06384,834.2627164067932
OUT_06385,701.2944210637689
OUT_06386,16050.220949750852
OUT_06387,47891.55679844526
OUT_06388,903.6522228827392
OUT_06389,720.1839543996792
OUT_06390,2034.3243409372396
OUT_06391,547.3571002637598
OUT_06392,45674.62219623626
OUT_06393,488.8970293082285
OUT_06394,746.3370903271353
OUT_06395,643.7367753397077
OUT_06396,617.8001484257634
OUT_06397,608.4205513924293
OUT_06398,833.8441600846969
OUT_06399,2132.202720467013
OUT_06400,3137.418220509548
OUT_06401,637.8536334774853
OUT_06402,15232.235942072002
OUT_06403,14864.339365811154
OUT_06404,14591.441669834629
OUT_06405,2989.820735962894
OUT_06406,18348.765680428653
OUT_06407,824.0188844483948
OUT_06408,460.28123747153313
OUT_06409,556.7687778603834
OUT_06410,42801.48099698745
OUT_06411,372.8404485983104
OUT_06412,402.2375895419996
OUT_06413,3486.5156027357416
OUT_06414,47131.41079248596
OUT_06415,3577.962268694228
OUT_06416,3126.005139634245
OUT_06417,46217.69134833053
OUT_06418,965.2687569758948
OUT_06419,798.3343048469698
OUT_06420,38576.3892527019
OUT_06421,544.5099255350353
OUT_06422,723.963831439073
OUT_06423,953.1914550678054
OUT_06424,3136.5193665964557
OUT_06425,913.6442601783432
OUT_06426,966.8421612459435
OUT_06427,17020.10088990449
OUT_06428,809.8331614320749
OUT_06429,601.6548849580785
OUT_06430,2718.3684680758533
OUT_06431,3951.101943631239
OUT_06432,15945.125114263094
OUT_06433,2260.002874514754
OUT_06434,2932.129715515879
OUT_06435,632.7387424193176
OUT_06436,17691.354449145885
OUT_06437,936.6755029071392
OUT_06438,1019.2324927224148
OUT_06439,45599.59922310217
OUT_06440,4652.146952980408
OUT_06441,3298.475586178472
OUT_06442,2749.359610440365
OUT_06443,878.1906705147322
OUT_06444,816.8211013201455
OUT_06445,3318.5811948097107
OUT_06446,591.9124381000585
OUT_06447,661.2388734390224
OUT_06448,806.5947092493337
OUT_06449,603.8737467691487
OUT_06450,638.0857873176305
OUT_06451,617.514083509283
OUT_06452,684.7679168712091
OUT_06453,876.4320361494003
OUT_06454,3537.3420411515635
OUT_06455,783.5155571788758
OUT_06456,896.6852857131092
OUT_06457,744.2028811030434
OUT_06458,796.5369539643443
OUT_06459,317.26822116942327
OUT_06460,3243.0011545347684
OUT_06461,976.0788635975764
OUT_06462,16021.920828391296
OUT_06463,1014.8090855882148
OUT_06464,1031.6310497323386
OUT_06465,3870.542683317102
OUT_06466,17148.970392763582
OUT_06467,3286.1477136937656
OUT_06468,569.1262710055671
OUT_06469,650.050606737986
OUT_06470,734.1333976309339
OUT_06471,3485.16815979123
OUT_06472,18958.280036761327
OUT_06473,2480.0743401856
OUT_06474,792.7705209254051
OUT_06475,3280.160848552027
OUT_06476,2621.077009481115
OUT_06477,919.437871596144
OUT_06478,554.1047402499862
OUT_06479,615.7866674126706
OUT_06480,3655.092399110444
OUT_06481,3846.053665942852
OUT_06482,884.6256045461589
OUT_06483,718.7442190182898
OUT_06484,848.5514155175007
OUT_06485,810.8097356338071
OUT_06486,786.7594499406108
OUT_06487,2951.1138753466967
OUT_06488,892.8098881081756
OUT_06489,765.2572974658226
OUT_06490,15726.894337372149
OUT_06491,626.3770745940762
OUT_06492,3921.2662690380967
OUT_06493,2469.8759404010457
OUT_06494,894.4478438188122
OUT_06495,901.8922465125488
OUT_06496,2904.9341294260344
OUT_06497,923.5885491174758
OUT_06498,750.5862790342754
OUT_06499,44509.518615956425
OUT_06500,800.2328297961021
OUT_06501,12828.028771248646
OUT_06502,18287.78439291181
OUT_06503,556.195691431655
OUT_06504,583.3502590888525
OUT_06505,657.4980745773055
OUT_06506,731.7453638584452
OUT_06507,12433.156863155597
OUT_06508,388.0853837066028
OUT_06509,2547.967748249333
OUT_06510,679.2798910429391
OUT_06511,684.8350907171025
OUT_06512,3873.8487188503295
OUT_06513,695.2975464173811
OUT_06514,3427.9762414859065
OUT_06515,3000.334351121864
OUT_06516,886.9462638571101
OUT_06517,648.5410728417047
OUT_06518,17407.28369313208
OUT_06519,3117.1720035949484
OUT_06520,550.7783004054302
OUT_06521,507.17151560531113
OUT_06522,3654.1432164174994
OUT_06523,3721.837748640109
OUT_06524,753.8841221129181
OUT_06525,481.59324185365546
OUT_06526,3399.038644736844
OUT_06527,607.0746634817181
OUT_06528,463.6528784835001
OUT_06529,17296.502296752158
OUT_06530,663.9139574533259
OUT_06531,3186.441574402957
OUT_06532,3281.379636001291
OUT_06533,833.9566236194225
OUT_06534,2787.6860554914724
OUT_06535,16495.786750416795
OUT_06536,3442.337544020316
OUT_06537,566.701620589721
OUT_06538,15772.177864555448
OUT_06539,574.6553982043584
OUT_06540,14087.439833593136
OUT_06541,601.6539684795276
OUT_06542,774.6579102420601
OUT_06543,2875.2723260692487
OUT_06544,881.6588048314705
OUT_06545,13281.501143297592
OUT_06546,779.8742406245877
OUT_06547,646.4824892165656
OUT_06548,609.289692972515
OUT_06549,441.4952711088749
OUT_06550,3421.6836254787686
OUT_06551,3248.8093309441906
OUT_06552,2517.240119212985
OUT_06553,3484.0180992831024
OUT_06554,787.1779705598982
OUT_06555,3479.07830921762
OUT_06556,44099.91850657724
OUT_06557,2726.494994908529
OUT_06558,2033.6740154771635
OUT_06559,16828.535088871682
OUT_06560,362.6408488355667
OUT_06561,2912.8946069744807
OUT_06562,749.6584052628124
OUT_06563,984.3762027617512
OUT_06564,714.998422843278
OUT_06565,14010.318931662196
OUT_06566,751.8737015821014
OUT_06567,796.3938834557362
OUT_06568,3201.002855163255
OUT_06569,706.0174420218469
OUT_06570,585.2422040993355
OUT_06571,2591.827616660883
OUT_06572,863.5185598591164
OUT_06573,559.0745470308768
OUT_06574,16322.715606405483
OUT_06575,2833.3608971262383
OUT_06576,767.3156888189523
OUT_06577,1109.0246595281435
OUT_06578,987.9321782217376
OUT_06579,16324.98336708429
OUT_06580,810.6714955071167
OUT_06581,607.9914539725465
OUT_06582,954.5058367573056
OUT_06583,657.7098481600979
OUT_06584,528.0851157150028
OUT_06585,452.7272951059099
OUT_06586,2524.1501529201973
OUT_06587,15857.63139791508
OUT_06588,769.9731639235621
OUT_06589,44329.4417578505
OUT_06590,17440.53038899195
OUT_06591,1009.8694276347884
OUT_06592,656.5799994076079
OUT_06593,3033.867010552736
OUT_06594,771.2723985023731
OUT_06595,957.8839046181488
OUT_06596,3552.4587021845177
OUT_06597,804.8701941364104
OUT_06598,965.5157628683684
OUT_06599,18019.49940935172
OUT_06600,3817.622948139305
OUT_06601,826.9151428706755
OUT_06602,441.2219179596024
OUT_06603,2884.9177267206032
OUT_06604,3754.586212832912
OUT_06605,819.4909171286673
OUT_06606,584.9169813971934
OUT_06607,598.9865408725905
OUT_06608,18684.82759641068
OUT_06609,2724.393285307759
OUT_06610,732.8708399067939
OUT_06611,677.0262667529904
OUT_06612,3416.0579503173685
OUT_06613,15263.117599821957
OUT_06614,720.7110916849349
OUT_06615,16450.059238391477
OUT_06616,3313.059190011575
OUT_06617,3564.191464489385
OUT_06618,635.0509799189529
OUT_06619,1085.7131789002576
OUT_06620,711.7218924302581
OUT_06621,872.7957895664463
OUT_06622,728.9260991302278
OUT_06623,484.95895714729033
OUT_06624,3998.635950515416
OUT_06625,47341.86444008539
OUT_06626,3942.52861607234
OUT_06627,452.05616644370514
OUT_06628,2751.6952313877155
OUT_06629,11677.238202238166
OUT_06630,3516.057498308296
OUT_06631,17192.203278467845
OUT_06632,834.860825705898
OUT_06633,952.315188196224
OUT_06634,3094.018393505244
OUT_06635,1030.9532959755372
OUT_06636,722.0672244936887
OUT_06637,3045.711037637516
OUT_06638,564.537640916814
OUT_06639,876.1317122611774
OUT_06640,786.4076447956791
OUT_06641,763.2650038718375
OUT_06642,841.4985717724401
OUT_06643,769.9786001046745
OUT_06644,786.9507036793858
OUT_06645,16901.05456443354
OUT_06646,3322.256845867053
OUT_06647,3587.2234876730395
OUT_06648,14945.62236913462
OUT_06649,2835.906761725804
OUT_06650,619.1880828673322
OUT_06651,2713.229380996015
OUT_06652,730.470253784103
OUT_06653,618.7929897254975
OUT_06654,650.154708443348
OUT_06655,16038.8169753534
OUT_06656,932.970336025208
OUT_06657,3616.423192401395
OUT_06658,45722.8713657789
OUT_06659,759.3962434073576
OUT_06660,45769.40484301146
OUT_06661,669.4617663462798
OUT_06662,3241.4077496219675
OUT_06663,45482.01708637707
OUT_06664,3221.43442371228
OUT_06665,763.0646715978721
OUT_06666,3489.5283726210982
OUT_06667,554.8466171009859
OUT_06668,3925.734581896554
OUT_06669,469.1333774976802
OUT_06670,579.8136107108562
OUT_06671,734.4836369898476
OUT_06672,1206.2773518476847
OUT_06673,742.1479001959528
OUT_06674,779.5252156239069
OUT_06675,667.1923825589432
OUT_06676,645.911496276727
OUT_06677,16210.965146709306
OUT_06678,2444.840391602748
OUT_06679,3932.91731832438
OUT_06680,839.6612491995644
OUT_06681,911.4136936962724
OUT_06682,16390.19561851436
OUT_06683,435.2954033286103
OUT_06684,3066.029950940214
OUT_06685,586.9628018133573
OUT_06686,3967.63663904295
OUT_06687,835.782061051801
OUT_06688,734.9446946148033
OUT_06689,881.9175934560606
OUT_06690,2538.4816059809664
OUT_06691,446.3402960061576
OUT_06692,3740.004691831892
OUT_06693,718.6214014654744
OUT_06694,3092.4782641363254
OUT_06695,3984.001490424928
OUT_06696,14781.960615680237
OUT_06697,681.4198516651804
OUT_06698,15499.496920316476
OUT_06699,44930.9207539785
OUT_06700,805.4126003750451
OUT_06701,3570.9476375696795
OUT_06702,3597.193249598024
OUT_06703,3605.864686241405
OUT_06704,3571.4127786545964
OUT_06705,468.7668233091953
OUT_06706,4087.619695929358
OUT_06707,3742.04618370184
OUT_06708,577.6775043565456
OUT_06709,673.4369976260939
OUT_06710,2815.9640205114656
OUT_06711,15554.213111515895
OUT_06712,478.4034656476808
OUT_06713,890.8552919572779
OUT_06714,699.5290477183379
OUT_06715,606.901474678166
OUT_06716,634.673395013119
OUT_06717,3509.561229829
OUT_06718,13927.092641012052
OUT_06719,678.0965446777091
OUT_06720,16858.939934853686
OUT_06721,3056.2203998916502
OUT_06722,584.7940415129749
OUT_06723,492.3774474663109
OUT_06724,16128.436334074471
OUT_06725,14811.458599092342
OUT_06726,2517.3594432186155
OUT_06727,2975.3963191422117
OUT_06728,748.7651612605728
OUT_06729,566.6190883694878
OUT_06730,758.0313238324925
OUT_06731,610.2853263448859
OUT_06732,326.50150919357594
OUT_06733,47087.55847325824
OUT_06734,2092.4350906278114
OUT_06735,585.2213700895245
OUT_06736,13267.007429516603
OUT_06737,610.6923980728575
OUT_06738,655.2919343420722
OUT_06739,3307.817066621623
OUT_06740,823.3487624153912
OUT_06741,3204.473694083879
OUT_06742,736.9249643779848
OUT_06743,912.0802612038858
OUT_06744,14479.080088718529
OUT_06745,3285.392070431102
OUT_06746,3275.8895196586977
OUT_06747,16548.84387373328
OUT_06748,443.90801249135774
OUT_06749,3740.6797562764937
OUT_06750,464.810926518256
OUT_06751,3003.662006808141
OUT_06752,500.1401473603223
OUT_06753,3300.2263542719325
OUT_06754,760.9225262328625
OUT_06755,578.0851165214681
OUT_06756,625.0296121388322
OUT_06757,579.5293530544141
OUT_06758,3996.87159478684
OUT_06759,590.3823217813454
OUT_06760,17294.21815377237
OUT_06761,923.9592582916858
OUT_06762,569.9957509196887
OUT_06763,19265.169628937525
OUT_06764,14992.08030071549
OUT_06765,3215.880692973892
OUT_06766,2485.014235893759
OUT_06767,3811.994909468902
OUT_06768,845.9660725970421
OUT_06769,724.0579258354219
OUT_06770,668.9339977735938
OUT_06771,674.8275598647571
OUT_06772,678.660059613581
OUT_06773,3167.498626702711
OUT_06774,3428.317948340993
OUT_06775,2939.1312852010515
OUT_06776,774.626360826071
OUT_06777,16633.53052021317
OUT_06778,750.5056337587888
OUT_06779,1088.2736490733992
OUT_06780,706.8913697554934
OUT_06781,844.0493882656108
OUT_06782,806.2528685441021
OUT_06783,769.5609726181341
OUT_06784,3459.165043239322
OUT_06785,2934.397520724608
OUT_06786,884.7205582869183
OUT_06787,700.8528667857584
OUT_06788,374.81983127685726
OUT_06789,779.4000383046795
OUT_06790,3482.6453812275936
OUT_06791,683.9909995643961
OUT_06792,3126.576812643465
OUT_06793,4083.156652670311
OUT_06794,531.8960824939638
OUT_06795,2595.8665384258693
OUT_06796,396.7689036014045
OUT_06797,14069.256909010155
OUT_06798,16030.632481775878
OUT_06799,538.2670765864166
OUT_06800,3601.126272560423
OUT_06801,521.8138018963166
OUT_06802,3177.2906214346103
OUT_06803,4387.341132729357
OUT_06804,536.621999655769
OUT_06805,822.6701091994308
OUT_06806,858.7209944103203
OUT_06807,621.8495108131901
OUT_06808,3780.851804694869
OUT_06809,719.4482999322868
OUT_06810,43217.10507983688
OUT_06811,829.4786869573237
OUT_06812,757.2687604725802
OUT_06813,917.465352580056
OUT_06814,620.5429290092858
OUT_06815,16802.63384867675
OUT_06816,3265.8514503956203
OUT_06817,16806.67497936409
OUT_06818,45408.23020832717
OUT_06819,3651.868893808393
OUT_06820,984.0601516001212
OUT_06821,2723.534040166989
OUT_06822,696.2636929218363
OUT_06823,3756.286504722343
OUT_06824,868.0911063101199
OUT_06825,3399.2685769777727
OUT_06826,17861.927083805975
OUT_06827,674.974565816981
OUT_06828,412.20390073842816
OUT_06829,636.9521469940828
OUT_06830,18852.689782842197
OUT_06831,3194.65465036626
OUT_06832,3570.551544799525
OUT_06833,2676.5609200341783
OUT_06834,2939.3857535894786
OUT_06835,718.073484467601
OUT_06836,951.2824361751694
OUT_06837,2771.1636883709607
OUT_06838,951.6896331790008
OUT_06839,18098.41258403216
OUT_06840,3786.490356467042
OUT_06841,2536.253686142999
OUT_06842,857.485013512633
OUT_06843,18495.044927011768
OUT_06844,762.3044043203322
OUT_06845,2996.271109650573
OUT_06846,879.2326976464128
OUT_06847,1003.0244608652722
OUT_06848,723.0143572566836
OUT_06849,4558.928558878593
OUT_06850,630.8966137355551
OUT_06851,2984.3417799203894
OUT_06852,780.9637415641438
OUT_06853,701.7177215807317
OUT_06854,677.166623798879
OUT_06855,3276.423656237768
OUT_06856,2451.5366395548867
OUT_06857,856.6985936525159
OUT_06858,431.8178477882102
OUT_06859,412.5019222659389
OUT_06860,15640.292482435589
OUT_06861,945.4338582765904
OUT_06862,762.7906633573239
OUT_06863,16869.450106244898
OUT_06864,752.5586196528907
OUT_06865,3890.5140967493016
OUT_06866,3519.002260687045
OUT_06867,14641.614476187357
OUT_06868,984.4872272156612
OUT_06869,799.1549551445978
OUT_06870,767.8203744382382
OUT_06871,673.1201745021255
OUT_06872,594.8090160532529
OUT_06873,860.4949740126532
OUT_06874,604.871376847973
OUT_06875,361.6394914478337
OUT_06876,577.0597873744836
OUT_06877,1009.0404134919276
OUT_06878,841.7416773505377
OUT_06879,16463.16062289927
OUT_06880,16869.16072665911
OUT_06881,18584.29704165934
OUT_06882,17450.731267165684
OUT_06883,1063.3394188283514
OUT_06884,2845.5578323627583
OUT_06885,671.9101930013569
OUT_06886,2792.653328784218
OUT_06887,478.8859302169368
OUT_06888,16836.15410254659
OUT_06889,661.0756113351679
OUT_06890,606.9711274233874
OUT_06891,3382.674049085605
OUT_06892,596.8986549508123
OUT_06893,2624.638650954098
OUT_06894,3860.3056980417728
OUT_06895,820.1658991906388
OUT_06896,932.906599289946
OUT_06897,3362.8442785614498
OUT_06898,737.9987762269282
OUT_06899,829.5165708545418
OUT_06900,791.360178111053
OUT_06901,3789.5496038953584
OUT_06902,513.3274633990559
OUT_06903,535.7534329874971
OUT_06904,3295.6540959129206
OUT_06905,2570.882113622404
OUT_06906,18728.892861807795
OUT_06907,534.168969461838
OUT_06908,490.5546996709952
OUT_06909,684.7023173345175
OUT_06910,3165.3150541686755
OUT_06911,528.9442396173115
OUT_06912,292.05713339126453
OUT_06913,862.520542646665
OUT_06914,3487.2307665735107
OUT_06915,17051.09185977466
OUT_06916,790.9977030502343
OUT_06917,823.7136115184968
OUT_06918,632.2119463988691
OUT_06919,904.9129111838308
OUT_06920,720.7789582301648
OUT_06921,659.1108457568172
OUT_06922,16065.5756070049
OUT_06923,873.09018944781
OUT_06924,967.6461878929036
OUT_06925,838.6791557823765
OUT_06926,970.8984495363584
OUT_06927,1018.271829007682
OUT_06928,742.0364155015477
OUT_06929,771.9647041872743
OUT_06930,3903.36462950058
OUT_06931,509.0583649549581
OUT_06932,3648.014127304944
OUT_06933,3084.0860639429666
OUT_06934,744.4069944282743
OUT_06935,827.2531926133386
OUT_06936,3605.529910711946
OUT_06937,1054.2386356937473
OUT_06938,17837.1309273827
OUT_06939,4362.553661878783
OUT_06940,44760.54724276839
OUT_06941,3284.2659278876663
OUT_06942,3698.092287852824
OUT_06943,3757.8094265503023
OUT_06944,645.7920367710637
OUT_06945,652.9317219362792
OUT_06946,955.9508221918038
OUT_06947,3317.5778233292103
OUT_06948,15757.171487518148
OUT_06949,3341.549273681785
OUT_06950,626.9473020972852
OUT_06951,776.2388849029346
OUT_06952,16613.647266539818
OUT_06953,522.453808982142
OUT_06954,916.5052063245578
OUT_06955,948.3089419227688
OUT_06956,3766.7804150962393
OUT_06957,885.3314834673934
OUT_06958,534.2975795561379
OUT_06959,486.98947672428346
OUT_06960,811.9682567732219
OUT_06961,648.5882631807549
OUT_06962,486.88982936900857
OUT_06963,3341.486437516707
OUT_06964,864.8489327123046
OUT_06965,684.7839805793383
OUT_06966,576.2444248331363
OUT_06967,3431.841819698413
OUT_06968,867.285126713588
OUT_06969,843.4057787186229
OUT_06970,242.6355991587408
OUT_06971,544.8915320508282
OUT_06972,756.1379432230764
OUT_06973,609.7570273277026
OUT_06974,4110.9426102395255
OUT_06975,413.32307776213537
OUT_06976,16667.503451655262
OUT_06977,3588.12742654706
OUT_06978,632.6571804503062
OUT_06979,776.0827310458925
OUT_06980,902.4987752196156
OUT_06981,47835.81534486006
OUT_06982,687.3226031802076
OUT_06983,713.9205118314006
OUT_06984,3206.837692652124
OUT_06985,48921.79491972615
OUT_06986,687.6525545481572
OUT_06987,394.2400755116296
OUT_06988,3944.1460772582113
OUT_06989,2554.1881815122106
OUT_06990,17626.460211443926
OUT_06991,791.1651385039648
OUT_06992,418.1069389043434
OUT_06993,835.6122312939018
OUT_06994,896.2338503883952
OUT_06995,942.1319946536548
OUT_06996,15420.448338008522
OUT_06997,3648.7882594609778
OUT_06998,679.8503208660005
OUT_06999,4188.775315901515
OUT_07000,19101.68687529567
OUT_07001,2745.3658340900142
OUT_07002,16560.587369426168
OUT_07003,3431.815842456805
OUT_07004,666.7780560245271
OUT_07005,398.1375243513887
OUT_07006,610.3185850931551
OUT_07007,3101.667124904586
OUT_07008,48015.08314847972
OUT_07009,4625.606511013447
OUT_07010,3971.469012398323
OUT_07011,819.2304710722779
OUT_07012,14237.288245565956
OUT_07013,43651.79440459047
OUT_07014,4109.1008454033135
OUT_07015,583.5710867711382
OUT_07016,45917.52599656031
OUT_07017,803.3984886014689
OUT_07018,3538.738884858907
OUT_07019,557.0993281975864
OUT_07020,14576.447950814105
OUT_07021,3534.7335588235346
OUT_07022,591.3526561320119
OUT_07023,758.8389227845212
OUT_07024,3582.1168187732023
OUT_07025,717.1535670103103
OUT_07026,42227.83577097249
OUT_07027,43591.7062300614
OUT_07028,724.934985681409
OUT_07029,17586.20045493525
OUT_07030,769.8724499904548
OUT_07031,17312.25508691976
OUT_07032,3383.5896936260106
OUT_07033,3373.095090688502
OUT_07034,720.4836414316532
OUT_07035,517.6029200955436
OUT_07036,878.6375174131549
OUT_07037,3802.1745754376834
OUT_07038,643.7413404856879
OUT_07039,747.9633991226727
OUT_07040,3859.008543912264
OUT_07041,673.2937047049071
OUT_07042,2993.839341124825
OUT_07043,822.7477024049218
OUT_07044,2788.876894273491
OUT_07045,2772.6939107531016
OUT_07046,3332.6764918034
OUT_07047,703.7727002432651
OUT_07048,16906.058588732223
OUT_07049,562.9634166814952
OUT_07050,3145.433126520972
OUT_07051,3673.073863625159
OUT_07052,582.0916119589162
OUT_07053,732.9412385223295
OUT_07054,3625.567563893077
OUT_07055,582.3314031093308
OUT_07056,15359.786972155456
OUT_07057,15230.666413822542
OUT_07058,2416.89334600142
OUT_07059,601.0177039033215
OUT_07060,1259.121888090907
OUT_07061,16019.68717791044
OUT_07062,3818.623786001828
OUT_07063,649.7520194355561
OUT_07064,2919.526256450964
OUT_07065,15913.426541110231
OUT_07066,1142.7060230205225
OUT_07067,3105.287520515471
OUT_07068,46487.50915205664
OUT_07069,876.9986981894265
OUT_07070,4146.816234905317
OUT_07071,770.8734712843745
OUT_07072,1016.943608265146
OUT_07073,850.4805310462132
OUT_07074,924.5278246726908
OUT_07075,769.8023583137717
OUT_07076,1109.5983270354066
OUT_07077,363.4218464966461
OUT_07078,3236.0761832668995
OUT_07079,606.1338711462018
OUT_07080,45342.68418578961
OUT_07081,4046.295076898803
OUT_07082,532.8911796030105
OUT_07083,1174.4044568993138
OUT_07084,560.9698469394561
OUT_07085,3769.376669844237
OUT_07086,476.61442354464566
OUT_07087,426.3684502590634
OUT_07088,3269.5358335050914
OUT_07089,44849.46125511028
OUT_07090,3474.0529902302032
OUT_07091,3176.7885213934424
OUT_07092,948.188746443195
OUT_07093,18141.714978776345
OUT_07094,3348.729813154181
OUT_07095,251.1270002514355
OUT_07096,2921.812173131758
OUT_07097,3127.8274189291783
OUT_07098,754.6439855310862
OUT_07099,4392.667743676442
OUT_07100,1094.4979115186975
OUT_07101,16889.245181638682
OUT_07102,582.2006841578204
OUT_07103,1135.7843300053278
OUT_07104,589.274501850142
OUT_07105,3366.3841489188635
OUT_07106,1114.7386129420377
OUT_07107,869.400692345227
OUT_07108,15560.160768916165
OUT_07109,792.5917142372151
OUT_07110,889.0072645586412
OUT_07111,3804.898820195149
OUT_07112,3333.6122036069164
OUT_07113,3561.676775440408
OUT_07114,3367.4136637581823
OUT_07115,3673.690283340693
OUT_07116,906.1349330234996
OUT_07117,527.9990179429685
OUT_07118,682.9416244633932
OUT_07119,2948.978632534257
OUT_07120,2746.402366352934
OUT_07121,17621.49426597963
OUT_07122,13998.951132734195
OUT_07123,576.1399608697561
OUT_07124,16994.48395745172
OUT_07125,711.0937632085823
OUT_07126,2909.50536497073
OUT_07127,716.6944163559348
OUT_07128,348.5250208196587
OUT_07129,4004.144462150408
OUT_07130,514.4012529517873
OUT_07131,751.3104137282977
OUT_07132,4868.84003528949
OUT_07133,472.3086771720948
OUT_07134,800.1098018880633
OUT_07135,45820.59071087487
OUT_07136,630.9965638325396
OUT_07137,818.8148742780737
OUT_07138,15576.256126062752
OUT_07139,874.3184653004274
OUT_07140,1072.7863554808132
OUT_07141,19037.917492892488
OUT_07142,797.3850287258808
OUT_07143,682.4517358807685
OUT_07144,16507.520281333276
OUT_07145,670.7172449529271
OUT_07146,950.6894858854904
OUT_07147,14331.352126476891
OUT_07148,16240.737367230313
OUT_07149,3249.5635527823943
OUT_07150,15900.823777108764
OUT_07151,944.2702925577396
OUT_07152,845.2599583712536
OUT_07153,609.2265667677318
OUT_07154,566.5868804924075
OUT_07155,3898.9098526216394
OUT_07156,16734.49032936983
OUT_07157,3394.952044275447
OUT_07158,625.3710515242582
OUT_07159,868.2714806540358
OUT_07160,1087.3232954744362
OUT_07161,46682.81432516899
OUT_07162,281.60549630370605
OUT_07163,879.8007037469299
OUT_07164,685.2065956513156
OUT_07165,1134.3834054886584
OUT_07166,3163.864843115845
OUT_07167,707.4755021670479
OUT_07168,609.3185620505604
OUT_07169,3847.4107529009534
OUT_07170,650.7053709195902
OUT_07171,635.7625114548581
OUT_07172,618.8519244077124
OUT_07173,779.459745128367
OUT_07174,544.0970789277178
OUT_07175,698.0531808153479
OUT_07176,881.3633196908299
OUT_07177,44749.07389900469
OUT_07178,3473.9496444145134
OUT_07179,831.4932255105502
OUT_07180,491.7741793765117
OUT_07181,4401.849634686789
OUT_07182,258.8496023725748
OUT_07183,20351.42231927292
OUT_07184,3435.981620576059
OUT_07185,838.1760054856073
OUT_07186,803.659824202154
OUT_07187,18560.45163493122
OUT_07188,505.79356443566064
OUT_07189,1042.4117823075396
OUT_07190,530.4837145290766
OUT_07191,637.7016267642903
OUT_07192,780.442350518154
OUT_07193,3475.2766243857177
OUT_07194,17243.40956385632
OUT_07195,15317.444639002711
OUT_07196,2712.5938356715137
OUT_07197,842.1670077981225
OUT_07198,834.3606995873838
OUT_07199,3237.9202105443105
OUT_07200,894.0334178856419
OUT_07201,4577.184197584838
OUT_07202,683.1689966444253
OUT_07203,3856.828305871161
OUT_07204,728.5218560448228
OUT_07205,695.6570688420962
OUT_07206,622.666388623662
OUT_07207,3894.75269697215
OUT_07208,691.2323478496188
OUT_07209,3874.754363464666
OUT_07210,537.2884753682408
OUT_07211,889.9491020509178
OUT_07212,3915.943006858089
OUT_07213,460.0994128041888
OUT_07214,16879.660858728257
OUT_07215,43033.82513701102
OUT_07216,533.8215907954941
OUT_07217,594.8930998167123
OUT_07218,3329.986332760776
OUT_07219,16919.276544121956
OUT_07220,1002.9142827814974
OUT_07221,721.6739430327898
OUT_07222,820.3051379205278
OUT_07223,680.7153473453077
OUT_07224,490.89830215803
OUT_07225,46827.75958937655
OUT_07226,459.96553729133046
OUT_07227,15302.241259587809
OUT_07228,801.4754365309772
OUT_07229,445.7623289017568
OUT_07230,935.0186221151224
OUT_07231,503.72358492576654
OUT_07232,2970.31470610783
OUT_07233,43983.66229934892
OUT_07234,688.7826900669536
OUT_07235,3438.924174972641
OUT_07236,1203.0865397322714
OUT_07237,494.7491244188254
OUT_07238,969.2125263930192
OUT_07239,3604.610254309547
OUT_07240,729.8901681542286
OUT_07241,1182.761558030324
OUT_07242,680.1264667244847
OUT_07243,3649.8091565517625
OUT_07244,746.8414273653448
OUT_07245,3938.278092733047
OUT_07246,969.5282950290464
OUT_07247,3766.598895594088
OUT_07248,645.397346807653
OUT_07249,887.8970841097997
OUT_07250,44271.79196964695
OUT_07251,3166.1921562443517
OUT_07252,3885.271403089604
OUT_07253,746.2572216375806
OUT_07254,1043.7009711766937
OUT_07255,586.5670113087821
OUT_07256,2261.9447316076707
OUT_07257,3220.0908433007385
OUT_07258,13994.832760833386
OUT_07259,17567.159591892585
OUT_07260,663.9075583340104
OUT_07261,1203.3865162910338
OUT_07262,3890.643035158713
OUT_07263,15159.244366612556
OUT_07264,684.5778415735498
OUT_07265,551.2563845658416
OUT_07266,15811.675324033948
OUT_07267,817.4718092960507
OUT_07268,3675.29195873451
OUT_07269,4489.625373460739
OUT_07270,771.3210523514626
OUT_07271,664.3267643665041
OUT_07272,4720.413100756322
OUT_07273,16155.203381520634
OUT_07274,17006.98851516185
OUT_07275,841.7968775894669
OUT_07276,44474.01298019096
OUT_07277,566.9640289099368
OUT_07278,513.1413312362456
OUT_07279,1008.9735374098402
OUT_07280,4729.504491929703
OUT_07281,18487.709635525323
OUT_07282,2915.7905862604603
OUT_07283,666.4650484292997
OUT_07284,3322.223826816946
OUT_07285,44788.6386317754
OUT_07286,2636.468568264233
OUT_07287,679.4546032442418
OUT_07288,669.8191238142159
OUT_07289,17321.859152065797
OUT_07290,408.147515277268
OUT_07291,902.4664981137872
OUT_07292,1179.0280812049964
OUT_07293,923.06615537468
OUT_07294,966.465433931878
OUT_07295,752.404804322599
OUT_07296,4275.919964742549
OUT_07297,887.3052718318073
OUT_07298,16202.127895249172
OUT_07299,541.9393149943551
OUT_07300,14684.051957530855
OUT_07301,754.0659058614752
OUT_07302,3498.915818661261
OUT_07303,770.3703886097112
OUT_07304,202.41779355401883
OUT_07305,14922.73810140768
OUT_07306,816.8478571293654
OUT_07307,16030.817848128454
OUT_07308,583.1022068643421
OUT_07309,738.6810109224339
OUT_07310,1149.5702596046297
OUT_07311,2954.754248654722
OUT_07312,591.9626138083167
OUT_07313,748.5730867624538
OUT_07314,16528.164102367162
OUT_07315,3411.610287016463
OUT_07316,45462.02125206684
OUT_07317,16389.89453525744
OUT_07318,3425.9831074248104
OUT_07319,370.316160414048
OUT_07320,940.030047100929
OUT_07321,42613.982065408265
OUT_07322,3568.628607285528
OUT_07323,505.45934359769
OUT_07324,13225.121538631503
OUT_07325,971.2940004736932
OUT_07326,424.378938225839
OUT_07327,19221.77212634885
OUT_07328,3456.0951161556613
OUT_07329,3267.1469092154057
OUT_07330,3941.667476464077
OUT_07331,17893.61277867032
OUT_07332,600.8824424551657
OUT_07333,3458.327515174202
OUT_07334,3524.980440129428
OUT_07335,16117.947138042064
OUT_07336,1062.5823801615284
OUT_07337,883.8488402349046
OUT_07338,426.76673771637695
OUT_07339,687.8274955038573
OUT_07340,978.4792624785516
OUT_07341,16486.634279770256
OUT_07342,935.2762366934842
OUT_07343,3465.0262641513973
OUT_07344,914.073510437985
OUT_07345,993.361352538453
OUT_07346,547.7357756325242
OUT_07347,3671.879605611523
OUT_07348,3557.210613192644
OUT_07349,13954.388556232683
OUT_07350,725.4637208558568
OUT_07351,2563.372774794162
OUT_07352,1032.0873385498585
OUT_07353,310.02667262141813
OUT_07354,16806.70941256045
OUT_07355,664.5279293913366
OUT_07356,2880.990826029885
OUT_07357,3891.9059494435232
OUT_07358,997.3061435603272
OUT_07359,594.7024943497371
OUT_07360,533.2489523961635
OUT_07361,509.78510080069753
OUT_07362,3118.023703943549
OUT_07363,946.0179642998291
OUT_07364,3166.4650975032546
OUT_07365,642.1361969201851
OUT_07366,667.2942677042004
OUT_07367,16693.26533651446
OUT_07368,16837.929542747966
OUT_07369,741.4686681429721
OUT_07370,442.1685447535897
OUT_07371,3104.46138763599
OUT_07372,820.5047786961318
OUT_07373,617.7253984559725
OUT_07374,15456.228466931894
OUT_07375,654.3351485545105
OUT_07376,3913.871607930376
OUT_07377,483.9389194048482
OUT_07378,15201.219146400666
OUT_07379,760.6693735595113
OUT_07380,13279.601561788391
OUT_07381,577.8099026690215
OUT_07382,3403.905653811164
OUT_07383,3072.5722262757527
OUT_07384,869.5767375907234
OUT_07385,882.775559739562
OUT_07386,16308.596618640384
OUT_07387,607.0518764302876
OUT_07388,47804.385724030944
OUT_07389,1000.8252578747528
OUT_07390,15646.874782652676
OUT_07391,46534.63579350105
OUT_07392,374.1639903410236
OUT_07393,14825.000691702822
OUT_07394,800.8215575536935
OUT_07395,921.324975714649
OUT_07396,3368.863001288778
OUT_07397,655.3959655880253
OUT_07398,604.7064244709944
OUT_07399,945.167926880809
OUT_07400,3532.233276161412
OUT_07401,927.0171128469848
OUT_07402,2634.005058429881
OUT_07403,754.7818789813716
OUT_07404,933.7643751318922
OUT_07405,467.6462942350018
OUT_07406,695.4345764376915
OUT_07407,575.4692949818744
OUT_07408,44735.26567526504
OUT_07409,786.6273216573031
OUT_07410,3060.360076630347
OUT_07411,570.2416513948014
OUT_07412,800.0470464329157
OUT_07413,4471.658030910259
OUT_07414,3220.725521307388
OUT_07415,2991.038890068105
OUT_07416,4109.53251089632
OUT_07417,46964.21913588891
OUT_07418,17535.227853612585
OUT_07419,576.8146859069468
OUT_07420,4624.996613020343
OUT_07421,830.6484223718431
OUT_07422,16401.946375892418
OUT_07423,3915.430555963278
OUT_07424,939.1505779965344
OUT_07425,2861.1678239363464
OUT_07426,3989.913762258752
OUT_07427,734.5015253890729
OUT_07428,3376.8284733791875
OUT_07429,3169.073912419457
OUT_07430,702.3184532091171
OUT_07431,861.9248257749558
OUT_07432,18334.426430977244
OUT_07433,658.426097868241
OUT_07434,904.3224054496824
OUT_07435,1002.0052014785967
OUT_07436,777.2966968144875
OUT_07437,808.5120858952516
OUT_07438,753.1943174286323
OUT_07439,109.72262486610232
OUT_07440,3230.3395625333656
OUT_07441,876.2338108442235
OUT_07442,872.6852356096465
OUT_07443,18380.027017025925
OUT_07444,2317.203132398973
OUT_07445,610.5323109002104
OUT_07446,1101.343919318406
OUT_07447,3572.108602392318
OUT_07448,3311.043296166692
OUT_07449,355.74329483963504
OUT_07450,496.69971916892473
OUT_07451,16620.469186424973
OUT_07452,3541.2159275428835
OUT_07453,2778.728547299203
OUT_07454,342.0410252055789
OUT_07455,2298.237815340045
OUT_07456,18068.018607925045
OUT_07457,570.4471800357455
OUT_07458,3296.973509753666
OUT_07459,954.8617737649772
OUT_07460,781.5875243813737
OUT_07461,276.1972632606273
OUT_07462,3572.330972365172
OUT_07463,3402.671682844051
OUT_07464,3112.886686890748
OUT_07465,617.5420615614354
OUT_07466,17335.632946490685
OUT_07467,2941.6006198395507
OUT_07468,554.0119723780152
OUT_07469,17138.997294842167
OUT_07470,612.4802127610221
OUT_07471,2463.158640774393
OUT_07472,16917.70629762556
OUT_07473,873.0149786548535
OUT_07474,42681.95528095895
OUT_07475,2284.461149839128
OUT_07476,654.1246274064908
OUT_07477,644.0102621799272
OUT_07478,765.3446882640393
OUT_07479,667.4262193550531
OUT_07480,14213.533165925704
OUT_07481,3854.520536989716
OUT_07482,629.7953335943575
OUT_07483,15908.227090236029
OUT_07484,3210.494338350322
OUT_07485,1806.689180975797
OUT_07486,3343.625570543545
OUT_07487,2439.166852693244
OUT_07488,3856.344473277975
OUT_07489,3041.0336448462817
OUT_07490,17204.36655922867
OUT_07491,3205.791448863636
OUT_07492,44614.59083958063
OUT_07493,4263.543862486563
OUT_07494,3557.176957044559
OUT_07495,3493.705122644225
OUT_07496,516.2521274480863
OUT_07497,2735.323190362879
OUT_07498,3065.523901009324
OUT_07499,3564.275910051605
OUT_07500,448.76827097049176
OUT_07501,3428.787926331781
OUT_07502,875.0176558862556
OUT_07503,3554.611940399355
OUT_07504,46114.99525121691
OUT_07505,16057.861817804924
OUT_07506,839.238985916578
OUT_07507,472.2510087135176
OUT_07508,544.6174372966553
OUT_07509,599.0296661422185
OUT_07510,1109.4239331757494
OUT_07511,778.0711041484058
OUT_07512,3609.499407024155
OUT_07513,3365.1560913116327
OUT_07514,762.5875747701657
OUT_07515,17289.022040289005
OUT_07516,797.1149690149388
OUT_07517,684.0128069053347
OUT_07518,557.4274389342347
OUT_07519,46494.19460393505
OUT_07520,3526.8851556094733
OUT_07521,581.8582951266663
OUT_07522,3421.86297404998
OUT_07523,806.7895886827763
OUT_07524,2879.0862493829504
OUT_07525,805.8144331574473
OUT_07526,828.6426251701571
OUT_07527,691.609394642249
OUT_07528,532.4725327906276
OUT_07529,665.1942267651106
OUT_07530,3900.680913678485
OUT_07531,1017.2568749934776
OUT_07532,3873.217089647889
OUT_07533,2546.27142985322
OUT_07534,640.1364019517781
OUT_07535,2672.600792418953
OUT_07536,15986.959614698852
OUT_07537,623.0422729276917
OUT_07538,781.7316400519838
OUT_07539,2508.2074120373118
OUT_07540,591.3991248988995
OUT_07541,399.1444071768474
OUT_07542,829.0650032610155
OUT_07543,1141.9366432819154
OUT_07544,581.2719692812951
OUT_07545,3792.775325283133
OUT_07546,47472.22380053941
OUT_07547,2556.019142519968
OUT_07548,558.0012374066544
OUT_07549,458.8493274169762
OUT_07550,916.1734206417998
OUT_07551,632.1823550491121
OUT_07552,3636.092009141394
OUT_07553,47983.70278418953
OUT_07554,694.8228562166091
OUT_07555,853.6952458430023
OUT_07556,667.0534539178626
OUT_07557,16608.11508204412
OUT_07558,408.6608229910418
OUT_07559,621.4602619063501
OUT_07560,820.4446858956329
OUT_07561,3623.08938697094
OUT_07562,464.4664856138524
OUT_07563,2618.036143345545
OUT_07564,1025.1625010218584
OUT_07565,951.4475341079354
OUT_07566,1033.7239861553526
OUT_07567,722.9365139615013
OUT_07568,955.923520697964
OUT_07569,812.4057739051749
OUT_07570,772.2382253019073
OUT_07571,3127.653889764277
OUT_07572,942.7234200972894
OUT_07573,627.4116388376299
OUT_07574,17823.81878702491
OUT_07575,569.1527506947134
OUT_07576,3502.7748370272184
OUT_07577,807.8279754779808
OUT_07578,16483.6545994005
OUT_07579,564.6105811442634
OUT_07580,963.8563957865622
OUT_07581,14637.68175403465
OUT_07582,542.3373981354489
OUT_07583,932.0716697098698
OUT_07584,691.4258365543593
OUT_07585,815.621809604797
OUT_07586,2486.3329772976404
OUT_07587,13127.0767422124
OUT_07588,682.7262156361635
OUT_07589,769.584290382445
OUT_07590,15205.22362181633
OUT_07591,16865.35641110209
OUT_07592,699.7669520743797
OUT_07593,4007.2008141495694
OUT_07594,795.2653913139429
OUT_07595,415.4332763401204
OUT_07596,697.4003508800059
OUT_07597,958.1763915268668
OUT_07598,3723.8761270920672
OUT_07599,565.4170384977915
OUT_07600,15646.287425845296
OUT_07601,1031.0242961414222
OUT_07602,1115.9275054514906
OUT_07603,939.5464055878576
OUT_07604,49195.98524335622
OUT_07605,15554.698481026426
OUT_07606,997.0866291645592
OUT_07607,793.8983921074745
OUT_07608,630.9681979766287
OUT_07609,4047.30873533772
OUT_07610,584.0319887404145
OUT_07611,3698.7178330397023
OUT_07612,633.6037414040898
OUT_07613,783.0392737243258
OUT_07614,591.2229248206273
OUT_07615,3016.789819998869
OUT_07616,846.5933416737055
OUT_07617,20181.156894975244
OUT_07618,600.0535518097553
OUT_07619,4018.663065131318
OUT_07620,3735.09052138171
OUT_07621,4127.364105643904
OUT_07622,3306.620553415456
OUT_07623,734.3880626986595
OUT_07624,799.6639627796953
OUT_07625,16366.267854729267
OUT_07626,312.70554639852173
OUT_07627,14918.654595244348
OUT_07628,694.1674541783281
OUT_07629,16051.63915796002
OUT_07630,685.7907140080182
OUT_07631,893.0916577494487
OUT_07632,791.1946047241993
OUT_07633,16397.035739434537
OUT_07634,842.3934546359126
OUT_07635,17413.794026091233
OUT_07636,15960.627774828265
OUT_07637,660.2041599209913
OUT_07638,3232.61755185533
OUT_07639,43657.365553561394
OUT_07640,512.9381766484507
OUT_07641,2362.185659801022
OUT_07642,1362.702085211851
OUT_07643,3986.6238813865098
OUT_07644,715.538146694926
OUT_07645,874.220262873982
OUT_07646,3420.144174084296
OUT_07647,1232.3151085112816
OUT_07648,818.1028293231738
OUT_07649,3201.212082267816
OUT_07650,3152.118189494304
OUT_07651,884.3368680301725
OUT_07652,919.2165147857988
OUT_07653,549.3918032075362
OUT_07654,2993.2119156469057
OUT_07655,47217.5366852984
OUT_07656,622.826826594832
OUT_07657,886.0163588717968
OUT_07658,49248.19266684742
OUT_07659,2723.968239363031
OUT_07660,767.7025335172193
OUT_07661,2777.755649767736
OUT_07662,3747.543114588306
OUT_07663,511.13951507495307
OUT_07664,2938.0532449129464
OUT_07665,762.2746552795221
OUT_07666,731.0812204326207
OUT_07667,4139.307274654047
OUT_07668,693.3921695254717
OUT_07669,399.2857941807182
OUT_07670,863.3795183785467
OUT_07671,16312.007143276203
OUT_07672,618.4793967410968
OUT_07673,783.9640064066574
OUT_07674,15486.888541013252
OUT_07675,581.53739619475
OUT_07676,773.0595241049838
OUT_07677,16228.92643955013
OUT_07678,15120.869781503998
OUT_07679,16515.98385013018
OUT_07680,655.2321038607486
OUT_07681,3618.566170014695
OUT_07682,18585.54462432
OUT_07683,619.1964638781138
OUT_07684,4236.702665765357
OUT_07685,19542.388121711854
OUT_07686,1060.5474706504594
OUT_07687,48265.016056976
OUT_07688,46543.65624673524
OUT_07689,3341.96006848372
OUT_07690,515.7313429719412
OUT_07691,947.9522342149736
OUT_07692,443.3741323842864
OUT_07693,3804.865384326417
OUT_07694,826.7568082466737
OUT_07695,850.2365904645641
OUT_07696,629.4480278958465
OUT_07697,824.1612524866036
OUT_07698,647.411133291464
OUT_07699,679.6201150855757
OUT_07700,540.1531111201473
OUT_07701,571.8844938030351
OUT_07702,17285.401442826405
OUT_07703,44750.83933026671
OUT_07704,16712.020786228673
OUT_07705,3671.914225045785
OUT_07706,3103.4815746342188
OUT_07707,675.4529824564565
OUT_07708,3499.516842608164
OUT_07709,2997.9703979199217
OUT_07710,701.4503729478779
OUT_07711,718.8167084605244
OUT_07712,4189.657804558706
OUT_07713,3240.4669127692287
OUT_07714,2379.0757075553083
OUT_07715,3605.49929049584
OUT_07716,716.5996846959071
OUT_07717,843.6425929986013
OUT_07718,2588.7342432610144
OUT_07719,803.3726079937956
OUT_07720,44828.33829652069
OUT_07721,4036.282411235678
OUT_07722,17734.065829568426
OUT_07723,532.9010138004234
OUT_07724,3232.8499125878047
OUT_07725,3419.1649656900618
OUT_07726,630.6178375614288
OUT_07727,978.6054986555304
OUT_07728,919.9851220868404
OUT_07729,837.5498544738061
OUT_07730,3455.938041604295
OUT_07731,744.1905948999909
OUT_07732,3514.5998990800645
OUT_07733,587.2613722096079
OUT_07734,15731.388555842686
OUT_07735,836.019810463843
OUT_07736,42606.742266407
OUT_07737,927.6155855474458
OUT_07738,1113.163315085884
OUT_07739,3601.3198651399925
OUT_07740,2911.3399420055025
OUT_07741,739.1850885375408
OUT_07742,16307.503224083164
OUT_07743,693.9436177093861
OUT_07744,824.3579519857603
OUT_07745,509.25336692080015
OUT_07746,16939.17328791418
OUT_07747,3536.433798760779
OUT_07748,944.2832808042556
OUT_07749,2942.6650455445647
OUT_07750,2925.7269036725493
OUT_07751,1094.297779639175
OUT_07752,797.9407583669819
OUT_07753,3735.528554794141
OUT_07754,917.1077561917336
OUT_07755,3855.621708690345
OUT_07756,877.3000392761488
OUT_07757,531.1927451131088
OUT_07758,527.7610887009449
OUT_07759,719.0492359451978
OUT_07760,3400.9341884525197
OUT_07761,602.5501049641667
OUT_07762,43923.86444193403
OUT_07763,4269.443607073254
OUT_07764,1030.401761394422
OUT_07765,44128.98433073601
OUT_07766,607.9220987050804
OUT_07767,890.5658394452548
OUT_07768,722.2885563402878
OUT_07769,15322.69002876255
OUT_07770,935.073820521038
OUT_07771,2520.844026866534
OUT_07772,15749.605100266212
OUT_07773,2065.9032079803665
OUT_07774,2894.7011041615883
OUT_07775,18251.21868690293
OUT_07776,758.6044523405003
OUT_07777,1061.4280640983404
OUT_07778,472.8059143202586
OUT_07779,1012.1634281711116
OUT_07780,835.0804998312399
OUT_07781,4825.750494943909
OUT_07782,3033.8630519619574
OUT_07783,720.9528047435824
OUT_07784,3396.674858563392
OUT_07785,3605.631786759464
OUT_07786,14782.845483771
OUT_07787,16639.808258423436
OUT_07788,693.5506219406117
OUT_07789,600.5524173038386
OUT_07790,3411.927310836803
OUT_07791,15182.503076801975
OUT_07792,14223.467109271129
OUT_07793,16930.092692834314
OUT_07794,494.9651279901972
OUT_07795,14325.434053795118
OUT_07796,44335.69773430939
OUT_07797,754.4005501852528
OUT_07798,3683.4660401086944
OUT_07799,518.4631878069563
OUT_07800,404.768968050008
OUT_07801,15748.270195392544
OUT_07802,580.2419779218509
OUT_07803,742.6165459911056
OUT_07804,896.6236413409974
OUT_07805,527.9108740920277
OUT_07806,3808.5806113945664
OUT_07807,864.0510488431158
OUT_07808,843.0069248012885
OUT_07809,3527.389270958517
OUT_07810,44356.14962495284
OUT_07811,743.9887565676378
OUT_07812,850.9373877292545
OUT_07813,593.504266111617
OUT_07814,906.4279548507944
OUT_07815,44822.26518542949
OUT_07816,929.2812462035612
OUT_07817,15172.269456975104
OUT_07818,471.6854833654433
OUT_07819,2573.0359397977973
OUT_07820,979.5135583248818
OUT_07821,479.51750772097387
OUT_07822,620.7109540618416
OUT_07823,16237.205713596197
OUT_07824,601.1185489722201
OUT_07825,3788.974521707408
OUT_07826,696.2735224489479
OUT_07827,3692.4825600536506
OUT_07828,626.1005343589983
OUT_07829,595.9133656874276
OUT_07830,16493.887668736053
OUT_07831,3260.70702990431
OUT_07832,15874.083607173692
OUT_07833,2356.426409666872
OUT_07834,4055.415439267288
OUT_07835,822.2194080875229
OUT_07836,3774.083727781905
OUT_07837,45608.468353748285
OUT_07838,3602.078922333815
OUT_07839,658.9123620898083
OUT_07840,3002.3494644627613
OUT_07841,653.2127462239578
OUT_07842,633.6884483115667
OUT_07843,820.7166280287233
OUT_07844,823.9029927697758
OUT_07845,17065.611695490414
OUT_07846,3241.4414457091734
OUT_07847,3855.474627821005
OUT_07848,743.8247464238212
OUT_07849,825.3873988630858
OUT_07850,671.7686748899397
OUT_07851,667.2718471849175
OUT_07852,665.0971497078629
OUT_07853,768.191677313133
OUT_07854,621.0958130525486
OUT_07855,4463.099945287762
OUT_07856,3327.884915993085
OUT_07857,3887.6382386907017
OUT_07858,17878.62554510641
OUT_07859,16202.943765444386
OUT_07860,3362.606476525459
OUT_07861,3981.799842756613
OUT_07862,606.7025946812664
OUT_07863,2690.9957382469524
OUT_07864,3322.215831989981
OUT_07865,463.5076068796686
OUT_07866,746.4783813269967
OUT_07867,15777.070404056
OUT_07868,570.7546632733005
OUT_07869,3213.426796883575
OUT_07870,2759.178279464623
OUT_07871,830.8649759370713
OUT_07872,499.9622814156549
OUT_07873,605.9230331419835
OUT_07874,808.0388456421786
OUT_07875,15651.944345377207
OUT_07876,46180.63683315384
OUT_07877,46693.98005744143
OUT_07878,753.8546785657044
OUT_07879,15709.117224788446
OUT_07880,47213.79955954487
OUT_07881,845.6661959499377
OUT_07882,712.7098364070121
OUT_07883,18789.044875977997
OUT_07884,3273.3484326562616
OUT_07885,616.2797143474049
OUT_07886,3324.5273048110453
OUT_07887,726.3369143296459
OUT_07888,3731.4195049751497
OUT_07889,664.1000141649125
OUT_07890,531.3256231500388
OUT_07891,1100.139515269456
OUT_07892,1045.1177173239323
OUT_07893,15406.769226634266
OUT_07894,770.8338714746895
OUT_07895,589.2331152135149
OUT_07896,47077.2390265739
OUT_07897,17474.184431224872
OUT_07898,2847.0676400622588
OUT_07899,3519.6027100524498
OUT_07900,1093.9686361336292
OUT_07901,15129.453151651738
OUT_07902,980.0207732677072
OUT_07903,685.2549218598275
OUT_07904,737.3979762750303
OUT_07905,671.9976150098629
OUT_07906,702.5995720721451
OUT_07907,524.1790432683723
OUT_07908,16538.342497191377
OUT_07909,3845.367358183103
OUT_07910,3618.306088890532
OUT_07911,14742.424411150056
OUT_07912,1131.5373343141089
OUT_07913,865.715049196916
OUT_07914,606.3426511218715
OUT_07915,3245.869622324019
OUT_07916,45438.63636001158
OUT_07917,881.8491310176894
OUT_07918,783.3442148998142
OUT_07919,873.4139008253329
OUT_07920,3093.061845550165
OUT_07921,490.9908155462886
OUT_07922,626.586108667793
OUT_07923,43748.59565104594
OUT_07924,15891.54728247728
OUT_07925,46792.22906812807
OUT_07926,872.8249441601913
OUT_07927,720.0300163315367
OUT_07928,487.8414094242859
OUT_07929,848.5270246346562
OUT_07930,15703.745062248629
OUT_07931,677.9028360046411
OUT_07932,2586.3372945503397
OUT_07933,644.985512817677
OUT_07934,753.4259016970145
OUT_07935,18840.954970672137
OUT_07936,786.5899818222022
OUT_07937,1054.0647479814306
OUT_07938,15211.159306367792
OUT_07939,2736.6461122147093
OUT_07940,695.6784414042229
OUT_07941,3291.0381007751294
OUT_07942,834.1669480760216
OUT_07943,3022.413944197249
OUT_07944,738.8253544689834
OUT_07945,3665.747431686484
OUT_07946,643.1019101885536
OUT_07947,2958.179106408073
OUT_07948,2191.1604672244057
OUT_07949,16352.094543256728
OUT_07950,952.6226981088428
OUT_07951,860.8593902523859
OUT_07952,643.8561644373078
OUT_07953,600.878588048881
OUT_07954,3469.225877826184
OUT_07955,2691.054482563816
OUT_07956,1930.140427967766
OUT_07957,3638.149817048472
OUT_07958,629.3836581959431
OUT_07959,984.5478775364882
OUT_07960,654.825216043103
OUT_07961,711.8125013333878
OUT_07962,3026.9479314637574
OUT_07963,693.9020517093236
OUT_07964,232.86205552720105
OUT_07965,3018.7595471244517
OUT_07966,2628.9922086414963
OUT_07967,17149.80840324367
OUT_07968,845.2529451339263
OUT_07969,3081.2151876680723
OUT_07970,15481.919462102083
OUT_07971,16739.48112818713
OUT_07972,3303.874177190421
OUT_07973,835.4178700182187
OUT_07974,2598.77993068729
OUT_07975,785.2918076711978
OUT_07976,819.4300479308883
OUT_07977,500.1327612757351
OUT_07978,3521.3445574781185
OUT_07979,633.2449530139811
OUT_07980,47849.37029092058
OUT_07981,841.3371446560359
OUT_07982,1055.053671331534
OUT_07983,526.3731579936649
OUT_07984,576.3306042273659
OUT_07985,13864.226460485615
OUT_07986,676.7437288629039
OUT_07987,992.2405046680312
OUT_07988,781.7344819411221
OUT_07989,924.3157675043656
OUT_07990,1133.8181955495202
OUT_07991,16684.033408409297
OUT_07992,730.7081294018362
OUT_07993,17576.694330870854
OUT_07994,505.2311500438184
OUT_07995,433.98094855346767
OUT_07996,483.1754488174645
OUT_07997,3731.1743994480335
OUT_07998,752.9353822468515
OUT_07999,1004.4416896202064
OUT_08000,798.1092372604014
OUT_08001,16368.971400349898
OUT_08002,2920.107904159896
OUT_08003,1081.424190542317
OUT_08004,697.8154518638263
OUT_08005,920.9161196148226
OUT_08006,633.331385861827
OUT_08007,701.6827313207601
OUT_08008,3939.159388097287
OUT_08009,513.239768259963
OUT_08010,2217.9317608984616
OUT_08011,1026.9007883137415
OUT_08012,685.0039350588211
OUT_08013,2758.555425395948
OUT_08014,3347.9144191014334
OUT_08015,14820.466486819185
OUT_08016,874.4800553499277
OUT_08017,938.6647476765723
OUT_08018,719.8494849265975
OUT_08019,3892.133835211324
OUT_08020,674.8686093613269
OUT_08021,449.3761537543946
OUT_08022,2619.323419177561
OUT_08023,2148.4511510303387
OUT_08024,730.5312332285101
OUT_08025,14515.432668601454
OUT_08026,4559.196035498649
OUT_08027,881.1245453589044
OUT_08028,440.5962367783328
OUT_08029,15313.255760541902
OUT_08030,14644.452691493789
OUT_08031,1125.188038831919
OUT_08032,47960.70723868648
OUT_08033,45685.83316208224
OUT_08034,877.3702604487429
OUT_08035,3667.095851687058
OUT_08036,768.1811232247263
OUT_08037,16987.84741035086
OUT_08038,3475.2905469611155
OUT_08039,16766.007956158257
OUT_08040,632.0250634791416
OUT_08041,17771.82346553387
OUT_08042,3640.463101424364
OUT_08043,886.1531168089961
OUT_08044,807.2655850243852
OUT_08045,46106.72536489536
OUT_08046,678.1109561021854
OUT_08047,44654.275910869066
OUT_08048,1148.153992111436
OUT_08049,788.7830590634096
OUT_08050,14998.744411196223
OUT_08051,1335.401242637697
OUT_08052,4261.050208356007
OUT_08053,612.1633742518854
OUT_08054,862.2874441214097
OUT_08055,14582.53662586906
OUT_08056,743.4034591949094
OUT_08057,2245.6959209387737
OUT_08058,2849.9446134334653
OUT_08059,13703.284274040558
OUT_08060,623.9784867428451
OUT_08061,817.3844116390098
OUT_08062,16879.010883672778
OUT_08063,3081.17614358853
OUT_08064,536.6012904762208
OUT_08065,4381.763971332377
OUT_08066,17580.452882461126
OUT_08067,17276.09973214837
OUT_08068,618.5314828117994
OUT_08069,3769.3373240873834
OUT_08070,2821.8290078483374
OUT_08071,693.1161429713327
OUT_08072,2498.33447912546
OUT_08073,832.0018448584187
OUT_08074,849.1408439110822
OUT_08075,2617.08123219832
OUT_08076,2755.0247404567444
OUT_08077,836.1864224687878
OUT_08078,3576.920523526035
OUT_08079,45781.147746073584
OUT_08080,2978.738436908779
OUT_08081,764.2363542198564
OUT_08082,2062.016619641669
OUT_08083,17762.60654356884
OUT_08084,593.2667773801029
OUT_08085,708.5130781806097
OUT_08086,506.5512299352161
OUT_08087,580.6111895941175
OUT_08088,2557.094498276665
OUT_08089,788.1099102558335
OUT_08090,45387.479113934925
OUT_08091,4371.696020669384
OUT_08092,985.082566541897
OUT_08093,2851.997047329206
OUT_08094,655.0916789671496
OUT_08095,935.2287198088732
OUT_08096,692.6956890304882
OUT_08097,15403.63749214552
OUT_08098,3383.2166265719334
OUT_08099,13328.609536261542
OUT_08100,45220.98709538815
OUT_08101,904.296002048883
OUT_08102,3810.064265915262
OUT_08103,742.5578079434478
OUT_08104,731.1513398656178
OUT_08105,2975.038516787003
OUT_08106,980.0948656413816
OUT_08107,2902.804513805399
OUT_08108,773.5933231362434
OUT_08109,46546.31502747614
OUT_08110,599.9771492908158
OUT_08111,3288.5138894130423
OUT_08112,12076.48163406094
OUT_08113,775.7345733568359
OUT_08114,16831.604387241594
OUT_08115,894.1161682528449
OUT_08116,2870.9777711870584
OUT_08117,746.7131442347006
OUT_08118,17685.18697585223
OUT_08119,970.5546718321094
OUT_08120,15715.257120263235
OUT_08121,776.8105100377893
OUT_08122,580.9780586225802
OUT_08123,3048.9422664870635
OUT_08124,597.2993055997816
OUT_08125,3717.141399302412
OUT_08126,16402.34553634295
OUT_08127,15571.893540135434
OUT_08128,15228.961579036748
OUT_08129,14757.32963332652
OUT_08130,762.165252035194
OUT_08131,15565.734350770572
OUT_08132,719.3450465963682
OUT_08133,807.4695646916426
OUT_08134,2424.832183426439
OUT_08135,3527.476774745676
OUT_08136,355.81939852224207
OUT_08137,2930.6922505817674
OUT_08138,15737.617265482288
OUT_08139,2526.073416084418
OUT_08140,18068.854660919817
OUT_08141,646.4724667861864
OUT_08142,903.6448297322748
OUT_08143,3302.619191992442
OUT_08144,629.6477936015856
OUT_08145,15666.987503449189
OUT_08146,1030.7771647234686
OUT_08147,745.3310670079928
OUT_08148,3569.760331647657
OUT_08149,515.5021896476479
OUT_08150,925.911758695812
OUT_08151,3507.400866030896
OUT_08152,584.5460383798501
OUT_08153,3513.73400113945
OUT_08154,3293.291115685471
OUT_08155,818.1433417256275
OUT_08156,1231.278279605818
OUT_08157,652.2830541199284
OUT_08158,16933.551299653554
OUT_08159,45989.13913980704
OUT_08160,17513.72956020491
OUT_08161,814.3469436986617
OUT_08162,741.858721674189
OUT_08163,574.7605248607595
OUT_08164,793.1830665840529
OUT_08165,3570.4671965843777
OUT_08166,791.5691779092134
OUT_08167,3460.546976743069
OUT_08168,430.83631257024905
OUT_08169,846.0200108896315
OUT_08170,1114.9324183630392
OUT_08171,626.1467466084436
OUT_08172,3218.055606198589
OUT_08173,3428.3633970310816
OUT_08174,769.69010114138
OUT_08175,16172.10292218776
OUT_08176,582.712458209869
OUT_08177,16765.90797159635
OUT_08178,3705.4574644291097
OUT_08179,15444.700457953431
OUT_08180,726.5120441438037
OUT_08181,2712.520033884259
OUT_08182,3517.4967146697973
OUT_08183,1097.0533174974184
OUT_08184,852.3818769019318
OUT_08185,501.3229156465674
OUT_08186,15908.740371639276
OUT_08187,16473.08908862684
OUT_08188,3714.475413630461
OUT_08189,421.7834709154327
OUT_08190,3930.502263816278
OUT_08191,475.3342161995782
OUT_08192,2893.5699742978145
OUT_08193,807.7865111172443
OUT_08194,569.5468366961442
OUT_08195,17377.503119308654
OUT_08196,2346.442516444079
OUT_08197,385.6781979153784
OUT_08198,3208.201257983708
OUT_08199,2527.619992740574
OUT_08200,679.2414209030111
OUT_08201,46693.20631124593
OUT_08202,634.533479796346
OUT_08203,566.4567915964312
OUT_08204,895.0295670026303
OUT_08205,396.8961790652353
OUT_08206,14126.836383413687
OUT_08207,654.5290431340783
OUT_08208,2482.404421875585
OUT_08209,3503.4574153140243
OUT_08210,734.0027646474738
OUT_08211,747.9659729425262
OUT_08212,773.8865502485937
OUT_08213,807.8551903165827
OUT_08214,431.22027050079714
OUT_08215,3891.443357457903
OUT_08216,18651.827561559407
OUT_08217,15156.687726271544
OUT_08218,44890.90575413748
OUT_08219,2866.458709264503
OUT_08220,569.342843595809
OUT_08221,16660.387269758197
OUT_08222,17189.249577422626
OUT_08223,1138.4655044211115
OUT_08224,861.8296866130592
OUT_08225,17049.09185291872
OUT_08226,44587.204955141424
OUT_08227,13505.766910397242
OUT_08228,16919.793546454734
OUT_08229,1038.67295829298
OUT_08230,3528.9400606302843
OUT_08231,45740.51298971648
OUT_08232,688.622867212108
OUT_08233,15896.656857249014
OUT_08234,13962.032688146348
OUT_08235,898.0535637209737
OUT_08236,749.6758722457904
OUT_08237,16023.77230946329
OUT_08238,3776.0891991450976
OUT_08239,3974.814473221438
OUT_08240,756.7625625051116
OUT_08241,13997.77920263161
OUT_08242,1066.3593597898723
OUT_08243,13966.848835636642
OUT_08244,607.9041400617145
OUT_08245,724.150465658463
OUT_08246,868.9907866701143
OUT_08247,4439.498345108443
OUT_08248,905.3476002376595
OUT_08249,748.4491937372525
OUT_08250,758.5227864236808
OUT_08251,3664.145830528154
OUT_08252,626.4139345928601
OUT_08253,572.6624910409117
OUT_08254,3505.6188377433705
OUT_08255,4909.227978551604
OUT_08256,474.430776532549
OUT_08257,2999.62506214256
OUT_08258,3520.201045117304
OUT_08259,3183.3972634661413
OUT_08260,12050.01912952285
OUT_08261,17939.03436429237
OUT_08262,3266.345799248291
OUT_08263,664.8798293231192
OUT_08264,3481.2312733853505
OUT_08265,547.5147888478068
OUT_08266,397.15758873434936
OUT_08267,3602.4961126703333
OUT_08268,725.085974462114
OUT_08269,841.7242951412775
OUT_08270,3166.585993161818
OUT_08271,17469.4761397679
OUT_08272,4367.809294383525
OUT_08273,16677.30319690942
OUT_08274,390.1963838394679
OUT_08275,13269.317541064078
OUT_08276,719.260432742431
OUT_08277,2721.1786017510976
OUT_08278,41511.9670553311
OUT_08279,4222.062567797453
OUT_08280,16592.539551661564
OUT_08281,16456.64697059959
OUT_08282,401.4865849478948
OUT_08283,723.4295026370663
OUT_08284,741.8131010466357
OUT_08285,712.2324836681915
OUT_08286,3740.339008797059
OUT_08287,3456.861307462418
OUT_08288,3604.999560880181
OUT_08289,886.2983826350322
OUT_08290,645.7623024026524
OUT_08291,965.9578559432376
OUT_08292,16387.062804054603
OUT_08293,612.3611760622119
OUT_08294,3316.042025446216
OUT_08295,698.2379510340616
OUT_08296,45091.23656517464
OUT_08297,849.7462485346429
OUT_08298,47949.61641195816
OUT_08299,571.9562387161889
OUT_08300,3435.555434277606
OUT_08301,623.5899906563228
OUT_08302,886.1709198185555
OUT_08303,4595.775589899042
OUT_08304,46490.445309085015
OUT_08305,16814.779689675037
OUT_08306,659.6442844321471
OUT_08307,17224.80965473862
OUT_08308,4171.803947622141
OUT_08309,3113.0205651421643
OUT_08310,3640.125389821683
OUT_08311,914.6016438607928
OUT_08312,574.6197302169959
OUT_08313,14828.447839872311
OUT_08314,990.61087982059
OUT_08315,698.7995273091313
OUT_08316,608.4174629695511
OUT_08317,994.83259220013
OUT_08318,748.4652101872862
OUT_08319,3197.881154888054
OUT_08320,3779.1023487561824
OUT_08321,3541.574757394843
OUT_08322,796.6683361396556
OUT_08323,3875.1242834564982
OUT_08324,582.677209367237
OUT_08325,3372.238808541956
OUT_08326,3477.829479736008
OUT_08327,17526.27561743857
OUT_08328,3543.56167482389
OUT_08329,2802.565937930857
OUT_08330,17001.237175110706
OUT_08331,17977.23635397093
OUT_08332,17142.337997262417
OUT_08333,674.1443748256812
OUT_08334,1111.7034105646856
OUT_08335,2152.5361652851434
OUT_08336,644.8385863573728
OUT_08337,635.7659878740316
OUT_08338,3721.2893061441655
OUT_08339,847.9550658090701
OUT_08340,3308.452692393165
OUT_08341,645.4463237280053
OUT_08342,3217.820888260901
OUT_08343,880.8905079636619
OUT_08344,590.9760046810168
OUT_08345,491.6241178627926
OUT_08346,3455.722614734276
OUT_08347,13916.109025988942
OUT_08348,16268.395487311696
OUT_08349,282.99572951689294
OUT_08350,732.6523095636218
OUT_08351,2887.664355057605
OUT_08352,828.3982472071694
OUT_08353,807.9308207315788
OUT_08354,1027.352601295957
OUT_08355,16248.28117434887
OUT_08356,3359.245920887264
OUT_08357,2939.862268147176
OUT_08358,3178.72283114778
OUT_08359,793.1935428865622
OUT_08360,19412.489991545022
OUT_08361,4800.159359319145
OUT_08362,17644.489859005036
OUT_08363,664.7216939952862
OUT_08364,794.2161906425762
OUT_08365,713.5690970069442
OUT_08366,826.8826371076821
OUT_08367,342.81211042959364
OUT_08368,426.29515166060696
OUT_08369,757.5870588945562
OUT_08370,862.9215747128084
OUT_08371,3650.999310405024
OUT_08372,568.2042772232796
OUT_08373,736.0156513141865
OUT_08374,510.6715890566686
OUT_08375,696.3137508714533
OUT_08376,641.7670968593031
OUT_08377,2814.1351502089933
OUT_08378,4003.041756708677
OUT_08379,622.1077081230991
OUT_08380,4078.88326374943
OUT_08381,668.2379112192622
OUT_08382,15093.626442992614
OUT_08383,603.039732019128
OUT_08384,656.1551627804502
OUT_08385,865.1375614058326
OUT_08386,2928.033453567932
OUT_08387,3066.1667968232828
OUT_08388,2591.471991641687
OUT_08389,725.8826726629517
OUT_08390,3124.2712956015125
OUT_08391,762.5126211071477
OUT_08392,806.5749901457586
OUT_08393,502.5587794675392
OUT_08394,750.2235300079483
OUT_08395,575.549861408933
OUT_08396,3485.087251764891
OUT_08397,765.0606232026698
OUT_08398,3184.745115525241
OUT_08399,873.7504160842155
OUT_08400,15494.398715313046
OUT_08401,696.4786066351822
OUT_08402,47976.41377660324
OUT_08403,794.2221399116272
OUT_08404,648.8073668704325
OUT_08405,964.232040381224
OUT_08406,3540.722909387746
OUT_08407,797.7600273480729
OUT_08408,16071.917896966655
OUT_08409,661.5982212311042
OUT_08410,598.1507802421205
OUT_08411,3911.002953234121
OUT_08412,703.7576022470033
OUT_08413,3609.494878736901
OUT_08414,3797.99569566338
OUT_08415,780.8979361293822
OUT_08416,331.6680012479815
OUT_08417,598.0807731585309
OUT_08418,713.5919721197355
OUT_08419,734.3679900459069
OUT_08420,716.7700342544167
OUT_08421,3148.679108574199
OUT_08422,3664.4668811066126
OUT_08423,796.7591302885339
OUT_08424,590.0602023963036
OUT_08425,459.614157769081
OUT_08426,841.7648385779879
OUT_08427,13844.541729485542
OUT_08428,924.4713375324352
OUT_08429,820.8625551385159
OUT_08430,780.3472444030986
OUT_08431,899.1845769357963
OUT_08432,47493.36558489171
OUT_08433,766.9431475085642
OUT_08434,759.0125203290744
OUT_08435,660.3461260181235
OUT_08436,3141.848570707009
OUT_08437,16108.106580225356
OUT_08438,15541.648836772883
OUT_08439,749.6819562568642
OUT_08440,849.25281178517
OUT_08441,607.7591505970578
OUT_08442,46624.034867291695
OUT_08443,3832.86652882604
OUT_08444,3118.8911501624216
OUT_08445,912.1765477690612
OUT_08446,4019.860848763699
OUT_08447,592.7358567281652
OUT_08448,3262.205754239853
OUT_08449,14320.549192383776
OUT_08450,740.6849309512497
OUT_08451,3417.5608757657
OUT_08452,44788.82296203527
OUT_08453,725.6599773993978
OUT_08454,745.3775754693582
OUT_08455,16392.814312656814
OUT_08456,634.1725716928452
OUT_08457,16511.693118364445
OUT_08458,13239.49074232339
OUT_08459,2925.412307964076
OUT_08460,596.9240288376976
OUT_08461,3030.42276040583
OUT_08462,711.1655911796222
OUT_08463,3696.816619984741
OUT_08464,13004.77231950885
OUT_08465,2997.186984805717
OUT_08466,3081.608550359853
OUT_08467,765.705739084449
OUT_08468,3878.904187657568
OUT_08469,3262.531575089172
OUT_08470,2741.081184028941
OUT_08471,440.1681440125361
OUT_08472,3864.616178010269
OUT_08473,3544.4243408998127
OUT_08474,16039.074741389622
OUT_08475,644.1932401964225
OUT_08476,1167.6747663832168
OUT_08477,16320.975290916434
OUT_08478,510.0392422699493
OUT_08479,1618.1504886084433
OUT_08480,2482.8671428276834
OUT_08481,695.0172153984022
OUT_08482,3226.3647420535203
OUT_08483,583.5328742521623
OUT_08484,41737.65561357913
OUT_08485,44790.12268212867
OUT_08486,841.0249711336689
OUT_08487,715.2766636383063
OUT_08488,738.8973373984427
OUT_08489,18554.68127779989
OUT_08490,3559.0569323221816
OUT_08491,3387.094413520726
OUT_08492,3684.638871390589
OUT_08493,15367.294049243064
OUT_08494,780.5117719647009
OUT_08495,580.9535891739996
OUT_08496,19433.503216632165
OUT_08497,926.0912654601788
OUT_08498,464.0393050258068
OUT_08499,934.187861147912
OUT_08500,691.7135317829824
OUT_08501,1079.4470470513
OUT_08502,15656.249338349426
OUT_08503,514.3474452882718
OUT_08504,3434.030385553629
OUT_08505,671.990780305519
OUT_08506,12634.161572183244
OUT_08507,992.060263134244
OUT_08508,3509.1250588572007
OUT_08509,577.1656678026213
OUT_08510,591.3526299249635
OUT_08511,248.04367301934263
OUT_08512,17331.280073062564
OUT_08513,846.0505495236899
OUT_08514,744.5933144476949
OUT_08515,3177.013676264035
OUT_08516,724.583933652298
OUT_08517,14495.187607767984
OUT_08518,3118.0001757908203
OUT_08519,627.2107575290239
OUT_08520,804.5999581482923
OUT_08521,1088.5690862438526
OUT_08522,706.0993349576421
OUT_08523,3675.4658298157583
OUT_08524,4141.19200953616
OUT_08525,3376.1055897128763
OUT_08526,46367.012715797246
OUT_08527,834.5430121178696
OUT_08528,609.7397645804101
OUT_08529,628.5830977814717
OUT_08530,3668.66871327253
OUT_08531,731.3001380244915
OUT_08532,2680.682941452108
OUT_08533,638.2319048842704
OUT_08534,637.0892620905424
OUT_08535,680.7018901799293
OUT_08536,674.6185748508084
OUT_08537,15812.526436329656
OUT_08538,300.80512116833614
OUT_08539,3438.5617671772343
OUT_08540,15247.920716197175
OUT_08541,3518.9492679453247
OUT_08542,702.6867228581964
OUT_08543,4742.8731385903575
OUT_08544,14783.517201612029
OUT_08545,906.9520850510336
OUT_08546,540.5869084882853
OUT_08547,801.1070184579384
OUT_08548,480.9016716361117
OUT_08549,46752.75115942872
OUT_08550,17464.0201582888
OUT_08551,754.3755979546379
OUT_08552,16053.871267382778
OUT_08553,2879.124532299592
OUT_08554,447.4991063934969
OUT_08555,18008.77996337042
OUT_08556,3815.210905124776
OUT_08557,614.5746561372785
OUT_08558,970.0495069110716
OUT_08559,16148.536361715513
OUT_08560,3278.3106497943804
OUT_08561,2731.003485598184
OUT_08562,535.5256492246779
OUT_08563,3390.423898272076
OUT_08564,17550.505602250843
OUT_08565,18030.66054513329
OUT_08566,3053.571326917199
OUT_08567,750.1746695408776
OUT_08568,15557.188250199824
OUT_08569,771.3211530787088
OUT_08570,702.6008062250169
OUT_08571,884.5697708389206
OUT_08572,671.4939274991264
OUT_08573,4496.343325833351
OUT_08574,3138.870875664444
OUT_08575,3268.7027398515347
OUT_08576,844.9220516782183
OUT_08577,2226.4957457120245
OUT_08578,3560.4776057097406
OUT_08579,623.069689146265
OUT_08580,637.7427810560853
OUT_08581,2698.416472143441
OUT_08582,3524.0007246335576
OUT_08583,46958.011774007646
OUT_08584,730.8441076322727
OUT_08585,488.7602038464839
OUT_08586,756.5609478646502
OUT_08587,742.0516758215912
OUT_08588,3328.3798448192924
OUT_08589,918.4479364796204
OUT_08590,3698.739935193774
OUT_08591,608.8631745810858
OUT_08592,3428.2267721077656
OUT_08593,681.3671327586615
OUT_08594,783.274195432958
OUT_08595,3465.3832840621203
OUT_08596,2963.720143001894
OUT_08597,314.78809359075063
OUT_08598,685.4243457024445
OUT_08599,904.8395476127082
OUT_08600,754.6439137781629
OUT_08601,729.0175800413987
OUT_08602,4404.6955857286375
OUT_08603,14386.233775077657
OUT_08604,390.514690823253
OUT_08605,763.2993891350709
OUT_08606,16750.309358991286
OUT_08607,1036.9935445493877
OUT_08608,3717.127684327708
OUT_08609,812.3357633648578
OUT_08610,594.1474163773937
OUT_08611,3020.552229730149
OUT_08612,831.4244382570968
OUT_08613,3273.557013954052
OUT_08614,42752.99076380233
OUT_08615,960.3733509428184
OUT_08616,828.7011999294843
OUT_08617,804.6521640655735
OUT_08618,4223.727830369291
OUT_08619,16877.546547405407
OUT_08620,624.3889741557731
OUT_08621,941.1289096003792
OUT_08622,772.9493039988165
OUT_08623,3094.737384661015
OUT_08624,798.0999717001099
OUT_08625,42245.8423189719
OUT_08626,2278.961573688315
OUT_08627,690.0723570472948
OUT_08628,762.5966524390506
OUT_08629,1052.1567901029382
OUT_08630,16608.32348512621
OUT_08631,17462.10219304015
OUT_08632,589.4051348637023
OUT_08633,548.9208190693305
OUT_08634,551.3560482523857
OUT_08635,844.0586185681768
OUT_08636,46556.84767717211
OUT_08637,719.8234327014334
OUT_08638,3863.1309477812
OUT_08639,828.0990590002226
OUT_08640,3645.019362178798
OUT_08641,3240.079740397053
OUT_08642,18384.977335606676
OUT_08643,2920.000191176149
OUT_08644,867.5536284433106
OUT_08645,742.8864750001819
OUT_08646,825.9646678764601
OUT_08647,17820.408598372793
OUT_08648,2727.0969979081347
OUT_08649,508.19692603354815
OUT_08650,3552.8376122417685
OUT_08651,45745.39421549957
OUT_08652,15917.66906515002
OUT_08653,12458.56471612448
OUT_08654,899.9664229152706
OUT_08655,3088.045454314088
OUT_08656,2826.743257899888
OUT_08657,2986.4740220986228
OUT_08658,19073.372724515117
OUT_08659,567.2592748392744
OUT_08660,48747.2313279284
OUT_08661,605.2489274864574
OUT_08662,703.4508459759293
OUT_08663,704.7951304902231
OUT_08664,411.7327403304666
OUT_08665,16586.189338153414
OUT_08666,47946.11672739792
OUT_08667,617.5836244798312
OUT_08668,896.0666089339546
OUT_08669,848.300266050706
OUT_08670,15197.045356226598
OUT_08671,761.3666282913947
OUT_08672,699.5026230907517
OUT_08673,16924.74547329437
OUT_08674,3832.379500272934
OUT_08675,886.7837519550378
OUT_08676,44249.2631469747
OUT_08677,756.2718887104262
OUT_08678,689.414789915094
OUT_08679,3156.290850823387
OUT_08680,3351.724195473058
OUT_08681,424.941458144148
OUT_08682,16156.835398471549
OUT_08683,745.7508558807018
OUT_08684,700.6786742979258
OUT_08685,817.8438764864858
OUT_08686,4239.280499059872
OUT_08687,1125.1898144088225
OUT_08688,812.3670975948937
OUT_08689,553.5973377563098
OUT_08690,729.9116669912015
OUT_08691,2880.7431503792823
OUT_08692,2452.6217551316013
OUT_08693,3542.643023367732
OUT_08694,3699.890229410109
OUT_08695,15284.576002781476
OUT_08696,825.6305561570955
OUT_08697,792.2614551660829
OUT_08698,3580.177531113136
OUT_08699,4702.780023926624
OUT_08700,3416.0677687753982
OUT_08701,3064.641008083568
OUT_08702,3718.397209737843
OUT_08703,817.1175476459209
OUT_08704,16336.455284263386
OUT_08705,2517.268717576692
OUT_08706,1033.069820226787
OUT_08707,484.5816443266701
OUT_08708,14566.11476601802
OUT_08709,633.6970646935101
OUT_08710,951.3624994913654
OUT_08711,650.4015165307469
OUT_08712,714.1252775027222
OUT_08713,1041.7805712882125
OUT_08714,3348.8063561913914
OUT_08715,640.4427529897365
OUT_08716,45960.484645996345
OUT_08717,3912.305687745201
OUT_08718,691.6471940303701
OUT_08719,3474.69381739305
OUT_08720,772.3510997828336
OUT_08721,16242.80534244905
OUT_08722,3448.8776393699263
OUT_08723,4065.725185831533
OUT_08724,540.3143648746526
OUT_08725,641.3005885207158
OUT_08726,701.7153826025924
OUT_08727,811.3177237225042
OUT_08728,4171.669198088755
OUT_08729,906.669587216551
OUT_08730,822.0886703593135
OUT_08731,631.8988797595032
OUT_08732,610.3086008460804
OUT_08733,567.188084726075
OUT_08734,1160.5376207365423
OUT_08735,3344.643046079522
OUT_08736,16423.982123110836
OUT_08737,693.4031905607026
OUT_08738,2405.6642091719814
OUT_08739,44243.41077806447
OUT_08740,791.4669190782358
OUT_08741,522.995641112263
OUT_08742,602.9141660835123
OUT_08743,890.1052966103471
OUT_08744,756.2052575503678
OUT_08745,2107.5442163883345
OUT_08746,851.096913097668
OUT_08747,910.6128162226554
OUT_08748,572.2468813187273
OUT_08749,3419.8591236469097
OUT_08750,3842.0481795650594
OUT_08751,3186.3925025054323
OUT_08752,961.6367989924952
OUT_08753,17591.28867401309
OUT_08754,843.8227871603623
OUT_08755,497.0581708504926
OUT_08756,15534.99294441059
OUT_08757,682.6753040609163
OUT_08758,687.7801364157284
OUT_08759,17205.151344296795
OUT_08760,913.1625827186716
OUT_08761,15530.852263367356
OUT_08762,857.5339954463662
OUT_08763,4179.110198970727
OUT_08764,16531.838092576694
OUT_08765,757.116147212384
OUT_08766,787.0284252472269
OUT_08767,15350.097512606191
OUT_08768,545.2284479892427
OUT_08769,774.8269001884021
OUT_08770,3261.778817600902
OUT_08771,2907.1763105562704
OUT_08772,2469.0761633552133
OUT_08773,836.230020577803
OUT_08774,642.4391496441568
OUT_08775,3152.662741462591
OUT_08776,14098.52817090928
OUT_08777,752.1169076724839
OUT_08778,832.976075403387
OUT_08779,686.70995264835
OUT_08780,17829.855664474886
OUT_08781,2910.257277467617
OUT_08782,3809.8673465601214
OUT_08783,15467.387212949372
OUT_08784,3157.9762535170667
OUT_08785,16147.142578851444
OUT_08786,980.1866947699156
OUT_08787,2913.772376495587
OUT_08788,657.519394486919
OUT_08789,16476.02858294255
OUT_08790,691.8315542376162
OUT_08791,3073.967382965029
OUT_08792,538.872972830698
OUT_08793,720.186641296199
OUT_08794,3149.2472906283783
OUT_08795,941.519587122787
OUT_08796,1106.7686961870047
OUT_08797,944.9816665030796
OUT_08798,636.6371216698049
OUT_08799,1020.3583053744724
OUT_08800,1131.7551019214834
OUT_08801,3012.0138445798707
OUT_08802,597.6289412132587
OUT_08803,3800.462864729237
OUT_08804,792.0044362590118
OUT_08805,46664.898525192606
OUT_08806,337.38232521312136
OUT_08807,3341.186442202105
OUT_08808,3786.9694085136175
OUT_08809,576.6000868613958
OUT_08810,575.7331632134749
OUT_08811,836.5817084839039
OUT_08812,602.8412965297266
OUT_08813,886.9898025932641
OUT_08814,906.2865372908634
OUT_08815,16839.675629901318
OUT_08816,702.7250505823669
OUT_08817,2914.616244019048
OUT_08818,3730.600974771744
OUT_08819,3530.944041543289
OUT_08820,811.2994483657005
OUT_08821,3029.606898766277
OUT_08822,3536.74686206277
OUT_08823,2573.8458806128974
OUT_08824,712.5780859372248
OUT_08825,1049.7566732157752
OUT_08826,16234.8020586992
OUT_08827,45680.95729417337
OUT_08828,787.6507428186804
OUT_08829,490.1221691684282
OUT_08830,718.6395013049737
OUT_08831,46272.24200829731
OUT_08832,1215.709255575019
OUT_08833,539.7277675050024
OUT_08834,1296.9376706510116
OUT_08835,46673.365438352535
OUT_08836,479.2290831936556
OUT_08837,3123.449260972333
OUT_08838,3612.806740590718
OUT_08839,766.1073477243083
OUT_08840,15217.349657480632
OUT_08841,19769.327790019808
OUT_08842,725.7813155112588
OUT_08843,17441.97006282191
OUT_08844,3823.833996525105
OUT_08845,2892.18772374369
OUT_08846,4567.203744288689
OUT_08847,3452.223181644795
OUT_08848,3750.261060662017
OUT_08849,4057.095122457001
OUT_08850,17562.93602879845
OUT_08851,1138.0158441334866
OUT_08852,672.2848180013287
OUT_08853,15485.065351477931
OUT_08854,894.3338188961608
OUT_08855,16915.866654121946
OUT_08856,933.8668326915756
OUT_08857,3382.9736141822173
OUT_08858,3444.0987657274395
OUT_08859,742.4337743862998
OUT_08860,14822.307237361734
OUT_08861,457.4162178417757
OUT_08862,469.3825614765919
OUT_08863,472.2496275839276
OUT_08864,816.2025121825977
OUT_08865,2746.9129657060284
OUT_08866,563.5457902279899
OUT_08867,414.2267855204359
OUT_08868,877.1492661297277
OUT_08869,3538.81107413001
OUT_08870,862.1194729706662
OUT_08871,16141.78285378629
OUT_08872,44891.57490465496
OUT_08873,810.2272794443933
OUT_08874,768.56546162085
OUT_08875,2899.518371629221
OUT_08876,638.9419224388164
OUT_08877,17486.467006257844
OUT_08878,2334.051594133637
OUT_08879,3902.94709546182
OUT_08880,1011.765283586072
OUT_08881,692.4120397298716
OUT_08882,1006.6774083868104
OUT_08883,16562.85680992089
OUT_08884,16367.669155478949
OUT_08885,652.7555424836038
OUT_08886,16859.172411900152
OUT_08887,3057.692249366564
OUT_08888,516.9812846026146
OUT_08889,421.20521741567984
OUT_08890,776.1602191601903
OUT_08891,15420.331002381165
OUT_08892,3875.660348665913
OUT_08893,3515.131307151371
OUT_08894,957.253953369926
OUT_08895,16441.594148487766
OUT_08896,868.9983127979563
OUT_08897,3211.9837425262394
OUT_08898,16223.230450658755
OUT_08899,2915.28487124466
OUT_08900,586.4709962324621
OUT_08901,783.7504181339428
OUT_08902,3362.7606098486867
OUT_08903,379.7712512374882
OUT_08904,868.219758207493
OUT_08905,523.5970871114866
OUT_08906,3369.905914403302
OUT_08907,3895.2181924548986
OUT_08908,805.9981534027328
OUT_08909,715.8890513554184
OUT_08910,16975.283832043777
OUT_08911,748.5177874732452
OUT_08912,3432.9470257122603
OUT_08913,17227.58846343255
OUT_08914,16559.715597234273
OUT_08915,1054.526845175955
OUT_08916,520.6268570128767
OUT_08917,670.1222447047662
OUT_08918,3531.592546356016
OUT_08919,915.3425918929922
OUT_08920,823.6509622200682
OUT_08921,16588.31686258825
OUT_08922,3175.42152217489
OUT_08923,631.3064356594416
OUT_08924,3607.6532700074
OUT_08925,16611.025711027592
OUT_08926,1085.434276486055
OUT_08927,3851.0351140041953
OUT_08928,16639.50702356834
OUT_08929,46341.58831015433
OUT_08930,1098.246980101635
OUT_08931,679.7927023934558
OUT_08932,727.7706924060383
OUT_08933,3555.0912889105966
OUT_08934,4221.327051361075
OUT_08935,3420.0569976656066
OUT_08936,750.913031287381
OUT_08937,1046.4901239599722
OUT_08938,17499.48032289835
OUT_08939,692.0653088097241
OUT_08940,440.6353655209974
OUT_08941,1044.9962876330662
OUT_08942,849.4083675959338
OUT_08943,781.1462158164227
OUT_08944,14197.59579960483
OUT_08945,748.1186009620619
OUT_08946,16752.436153902363
OUT_08947,14785.993297428338
OUT_08948,704.1545083100038
OUT_08949,2987.3285925290365
OUT_08950,3951.099251284818
OUT_08951,956.965186686338
OUT_08952,674.8919709233824
OUT_08953,462.69413848115767
OUT_08954,820.3539773946309
OUT_08955,405.5743835677183
OUT_08956,895.6814144921041
OUT_08957,582.1131681336622
OUT_08958,17978.54590163631
OUT_08959,3217.056683925708
OUT_08960,521.1440889381566
OUT_08961,740.7235709587882
OUT_08962,797.9465771036931
OUT_08963,311.52336970004586
OUT_08964,18305.01508644565
OUT_08965,16702.6894900017
OUT_08966,3180.2820639759934
OUT_08967,821.2310003982099
OUT_08968,2642.66548392236
OUT_08969,14709.56456664233
OUT_08970,3788.4410495551865
OUT_08971,1025.0569425501717
OUT_08972,617.0119365771565
OUT_08973,743.2762476501189
OUT_08974,3425.452091318072
OUT_08975,690.3179196865328
OUT_08976,960.4976278605264
OUT_08977,646.6343454929009
OUT_08978,18741.89467616316
OUT_08979,17689.225210278022
OUT_08980,974.6433454981528
OUT_08981,955.6302513259096
OUT_08982,629.2318820801327
OUT_08983,3882.541424068494
OUT_08984,962.726495950849
OUT_08985,1017.8843896049176
OUT_08986,14979.38594288264
OUT_08987,3122.2031760036834
OUT_08988,643.5967296576656
OUT_08989,1006.9274975133976
OUT_08990,716.4658985522678
OUT_08991,3564.3867640069384
OUT_08992,16980.44102924777
OUT_08993,364.7402083173191
OUT_08994,3638.0081829600726
OUT_08995,46769.81264531596
OUT_08996,695.9609604749909
OUT_08997,2813.5918121558075
OUT_08998,3540.0760364345088
OUT_08999,3470.782395242038
OUT_09000,604.0954121545923
OUT_09001,696.5135065992272
OUT_09002,1029.5753675456192
OUT_09003,554.1032353740907
OUT_09004,939.3165653280732
OUT_09005,841.987385063959
OUT_09006,49769.432935737015
OUT_09007,52515.350804058966
OUT_09008,740.6997949472932
OUT_09009,622.6560733103184
OUT_09010,17211.233381346196
OUT_09011,18519.54470688012
OUT_09012,46917.4521257265
OUT_09013,886.338901911112
OUT_09014,18125.928905144967
OUT_09015,51080.44192430252
OUT_09016,986.4482345029166
OUT_09017,770.4815310440368
OUT_09018,1013.0186259060644
OUT_09019,989.9158948412168
OUT_09020,554.3559571072658
OUT_09021,982.2762381533136
OUT_09022,3732.1069399577686
OUT_09023,684.679880463479
OUT_09024,49524.01024769833
OUT_09025,3491.5386286108237
OUT_09026,647.4337795524755
OUT_09027,908.687973465507
OUT_09028,3992.94024568756
OUT_09029,618.9294421269834
OUT_09030,814.4898499314313
OUT_09031,649.1950048232591
OUT_09032,4453.503364892031
OUT_09033,782.5273349579437
OUT_09034,3679.025757618583
OUT_09035,3762.508582223003
OUT_09036,49660.21401732599
OUT_09037,889.7567642307572
OUT_09038,4238.99197208449
OUT_09039,15045.116309452991
OUT_09040,894.6795052262172
OUT_09041,3200.7133313957147
OUT_09042,17639.753817423643
OUT_09043,17926.191525980437
OUT_09044,3993.2991284344416
OUT_09045,4222.2470506369
OUT_09046,569.5658638614549
OUT_09047,15712.686888421444
OUT_09048,17056.445247433225
OUT_09049,384.8968040807413
OUT_09050,14076.165235074212
OUT_09051,18782.578056740986
OUT_09052,692.9061847377576
OUT_09053,4370.553431141976
OUT_09054,3891.709080892443
OUT_09055,848.6048171564415
OUT_09056,2881.412176331138
OUT_09057,3100.767704467534
OUT_09058,15486.495417693655
OUT_09059,1103.0373508523924
OUT_09060,661.0227585282723
OUT_09061,1045.2796592164568
OUT_09062,987.407620805514
OUT_09063,1099.2853660212909
OUT_09064,17521.201856834905
OUT_09065,3880.995057541904
OUT_09066,436.1580947670498
OUT_09067,734.5964739328408
OUT_09068,21124.510590458147
OUT_09069,4868.468770593189
OUT_09070,20586.28615669772
OUT_09071,20011.713309970222
OUT_09072,48785.28747026696
OUT_09073,4089.4566835181754
OUT_09074,17305.904833279634
OUT_09075,1273.7253235517264
OUT_09076,3513.0392444788545
OUT_09077,1012.436792713136
OUT_09078,3433.261222418532
OUT_09079,3429.4150217182973
OUT_09080,781.3340027649201
OUT_09081,20540.187754649123
OUT_09082,1331.9335690192
OUT_09083,3431.95294744499
OUT_09084,667.9177205372894
OUT_09085,1046.660904441907
OUT_09086,734.3947952490928
OUT_09087,691.8250544411272
OUT_09088,982.0780855042804
OUT_09089,14948.518687517111
OUT_09090,4666.8164352609065
OUT_09091,3403.166059683803
OUT_09092,546.4963083601605
OUT_09093,18858.92298874801
OUT_09094,3708.007958180422
OUT_09095,5448.781953326846
OUT_09096,3327.0945579540103
OUT_09097,18054.162123080067
OUT_09098,1087.5625192741518
OUT_09099,3411.650030898281
OUT_09100,4008.926837162194
OUT_09101,4526.3153052593525
OUT_09102,3651.6188958788775
OUT_09103,750.6104515179239
OUT_09104,19623.075178789382
OUT_09105,891.8133952758703
OUT_09106,3373.539848213571
OUT_09107,608.2122729432781
OUT_09108,3170.7576164163297
OUT_09109,1061.260655530917
OUT_09110,14754.756798267876
OUT_09111,51042.76920247998
OUT_09112,3840.5748073960303
OUT_09113,1402.521725020619
OUT_09114,4134.030939910253
OUT_09115,669.6274640336708
OUT_09116,920.2180962690064
OUT_09117,3737.794105209791
OUT_09118,996.677081307282
OUT_09119,2692.712800374989
OUT_09120,16253.389280570947
OUT_09121,1059.2468833497703
OUT_09122,21914.761326245283
OUT_09123,3371.568532247279
OUT_09124,920.3082956128296
OUT_09125,539.3076298351808
OUT_09126,903.6725111118652
OUT_09127,947.6603367124304
OUT_09128,4710.846355087435
OUT_09129,767.9170736768382
OUT_09130,852.4949048085739
OUT_09131,4526.184635560108
OUT_09132,693.6713259205003
OUT_09133,789.1828438777043
OUT_09134,17588.986043947098
OUT_09135,805.6676869780626
OUT_09136,928.3410882062082
OUT_09137,707.596224054957
OUT_09138,1162.2844256297158
OUT_09139,4663.041577995222
OUT_09140,934.2702325515244
OUT_09141,961.9445763548504
OUT_09142,3864.054177859789
OUT_09143,3842.748458107824
OUT_09144,825.9303874314769
OUT_09145,590.8343530515745
OUT_09146,3981.251484963981
OUT_09147,1097.732487582536
OUT_09148,766.7319984402939
OUT_09149,498.4176521703806
OUT_09150,785.5844089591199
OUT_09151,17349.66887309096
OUT_09152,589.9884064941131
OUT_09153,726.1367549981019
OUT_09154,4639.822167807013
OUT_09155,653.4464962712849
OUT_09156,1105.794277527788
OUT_09157,819.2543198437785
OUT_09158,3138.0290973555348
OUT_09159,3109.280919652833
OUT_09160,418.68632443376913
OUT_09161,549.7674774653473
OUT_09162,870.9080469987372
OUT_09163,688.0418626732959
OUT_09164,4098.0794592685625
OUT_09165,3274.2721052417105
OUT_09166,602.5028063576508
OUT_09167,4130.470388228653
OUT_09168,1219.6522937153725
OUT_09169,645.4193360715943
OUT_09170,16365.936242841764
OUT_09171,783.8158822149005
OUT_09172,3522.3575254448697
OUT_09173,673.3025534370119
OUT_09174,3979.0845269059614
OUT_09175,3145.784978597618
OUT_09176,448.1324589778365
OUT_09177,759.7037000770576
OUT_09178,1248.6541378235445
OUT_09179,693.9900908602929
OUT_09180,3391.262851795255
OUT_09181,2950.603970744497
OUT_09182,4175.457529874892
OUT_09183,14351.83229078628
OUT_09184,786.1660926069001
OUT_09185,15032.978417599714
OUT_09186,16848.378231604045
OUT_09187,2808.621414410981
OUT_09188,3218.5072568696182
OUT_09189,944.755430392028
OUT_09190,3686.9346550845194
OUT_09191,18957.818329141886
OUT_09192,4492.6320827781465
OUT_09193,399.6755512767143
OUT_09194,959.8828360756328
OUT_09195,756.034336907938
OUT_09196,408.4695918791392
OUT_09197,3623.1686316598775
OUT_09198,17329.03882943565
OUT_09199,870.2588164229326
OUT_09200,18457.30193428779
OUT_09201,3598.1668889816974
OUT_09202,879.1445354631844
OUT_09203,715.1511597914549
OUT_09204,3142.827659962353
OUT_09205,694.4623132335108
OUT_09206,823.6365020532592
OUT_09207,21136.880720257184
OUT_09208,663.4637605131246
OUT_09209,607.9800779561939
OUT_09210,3693.567340614668
OUT_09211,4008.447087388257
OUT_09212,1003.3309946121046
OUT_09213,3979.764978522508
OUT_09214,50677.77954884438
OUT_09215,17100.365301076497
OUT_09216,51090.59131721878
OUT_09217,18594.708153689648
OUT_09218,584.1669847161227
OUT_09219,2262.3907968279677
OUT_09220,3491.809926484
OUT_09221,51729.977792892605
OUT_09222,649.7445612168253
OUT_09223,1103.9255396615397
OUT_09224,2695.539909124986
OUT_09225,551.4518919603539
OUT_09226,1015.5877547919252
OUT_09227,669.999247227744
OUT_09228,678.2229598368256
OUT_09229,4413.660938151181
OUT_09230,1011.8748755125822
OUT_09231,590.750586223799
OUT_09232,18193.136961166445
OUT_09233,17377.90794776495
OUT_09234,1093.3787068939364
OUT_09235,624.139870038024
OUT_09236,17829.931506132263
OUT_09237,1138.7064623183903
OUT_09238,5013.760989172106
OUT_09239,876.0715991756771
OUT_09240,763.9532125304471
OUT_09241,3240.5609568370205
OUT_09242,781.6647166822385
OUT_09243,19396.593243419564
OUT_09244,3665.682672739989
OUT_09245,849.8476374040863
OUT_09246,666.7878681109635
OUT_09247,827.6362666867881
OUT_09248,610.5861983107535
OUT_09249,750.7618128022476
OUT_09250,3414.799063519476
OUT_09251,646.9498776341327
OUT_09252,660.3694864856527
OUT_09253,3314.64865866753
OUT_09254,678.1332512698184
OUT_09255,4201.934920497127
OUT_09256,2699.8250408732533
OUT_09257,49052.229766924094
OUT_09258,818.4165787048141
OUT_09259,18537.545023210303
OUT_09260,940.4985913220786
OUT_09261,609.5245594179997
OUT_09262,18387.52345547106
OUT_09263,17654.916090705967
OUT_09264,546.5339951416812
OUT_09265,16574.697510126127
OUT_09266,629.5733482436933
OUT_09267,4200.630716349549
OUT_09268,440.94772743435976
OUT_09269,1222.4833803058823
OUT_09270,863.2647672174446
OUT_09271,4279.829714749189
OUT_09272,3205.876125173626
OUT_09273,665.0173379635617
OUT_09274,49091.22917739697
OUT_09275,52936.50479476584
OUT_09276,847.4617866206157
OUT_09277,3168.9734486909856
OUT_09278,1108.2961271532631
OUT_09279,769.19746141545
OUT_09280,733.1593911125248
OUT_09281,1019.3135353329508
OUT_09282,655.8097066746541
OUT_09283,4443.046082326259
OUT_09284,4149.370221306341
OUT_09285,473.54827553869376
OUT_09286,3710.916422145018
OUT_09287,742.6845604706778
OUT_09288,14440.828144260651
OUT_09289,933.6925135928684
OUT_09290,679.9566828181934
OUT_09291,3884.900227746174
OUT_09292,417.4734816060295
OUT_09293,3113.4139727609904
OUT_09294,3561.139053540483
OUT_09295,749.1843932997399
OUT_09296,864.3725649906827
OUT_09297,18265.17692345126
OUT_09298,633.6200517938162
OUT_09299,558.7076403121328
OUT_09300,697.304947944074
OUT_09301,3098.003518141349
OUT_09302,3222.394825007929
OUT_09303,52683.05567758215
OUT_09304,19534.06972679656
OUT_09305,881.0538458950768
OUT_09306,877.7438852597191
OUT_09307,16999.908898292582
OUT_09308,698.2824105403974
OUT_09309,1002.2227333678198
OUT_09310,50812.63488877165
OUT_09311,700.5888687975634
OUT_09312,846.8909127438453
OUT_09313,904.3912690269444
OUT_09314,3592.7852254863706
OUT_09315,3555.1591626138697
OUT_09316,3427.662810090342
OUT_09317,18895.646500923835
OUT_09318,14041.11131728522
OUT_09319,3776.335937695978
OUT_09320,19970.05431306249
OUT_09321,756.1915572260832
OUT_09322,987.504715519781
OUT_09323,45303.74624457143
OUT_09324,2320.7716236969763
OUT_09325,403.8964578522978
OUT_09326,1145.414171997862
OUT_09327,668.7052941332454
OUT_09328,756.4823695202191
OUT_09329,424.1978953632531
OUT_09330,1039.3901061630347
OUT_09331,3549.981657054084
OUT_09332,20412.26163922501
OUT_09333,635.8659072579718
OUT_09334,1152.6299156106538
OUT_09335,612.660850671124
OUT_09336,19144.988416716165
OUT_09337,694.7007456799762
OUT_09338,1010.627077301656
OUT_09339,941.4876526147692
OUT_09340,16754.473745417403
OUT_09341,895.8702209235021
OUT_09342,17067.524171477726
OUT_09343,3855.56505436368
OUT_09344,812.4748937969332
OUT_09345,705.5531778537253
OUT_09346,598.8038337084454
OUT_09347,4012.749762133007
OUT_09348,944.5808298300808
OUT_09349,3307.5564647613805
OUT_09350,764.6300003268145
OUT_09351,3283.607719441012
OUT_09352,607.2430020958403
OUT_09353,825.5339010158972
OUT_09354,18639.24198303267
OUT_09355,3731.455641037184
OUT_09356,777.2010497457634
OUT_09357,16115.40316660177
OUT_09358,626.6026486388546
OUT_09359,891.4649698707043
OUT_09360,531.4820162370979
OUT_09361,592.7884592713269
OUT_09362,1075.6460087939686
OUT_09363,896.809020661685
OUT_09364,320.2395433942603
OUT_09365,17338.228389427644
OUT_09366,757.5102118822982
OUT_09367,763.2120262462063
OUT_09368,969.1099216629044
OUT_09369,51377.032484029376
OUT_09370,2826.123948223167
OUT_09371,1008.2132157698446
OUT_09372,4181.127600942538
OUT_09373,3587.062921149666
OUT_09374,894.3228090055181
OUT_09375,792.983492311462
OUT_09376,932.5403187116982
OUT_09377,16761.2517611893
OUT_09378,659.5418410090571
OUT_09379,2743.565885127115
OUT_09380,4452.896871454193
OUT_09381,1203.6282691401225
OUT_09382,2967.8789458470874
OUT_09383,4405.471628229775
OUT_09384,485.32503586014127
OUT_09385,4445.696232441592
OUT_09386,4232.513299830067
OUT_09387,1259.616122932827
OUT_09388,3118.364363627371
OUT_09389,565.2777224268868
OUT_09390,49908.17691768736
OUT_09391,4811.44419490924
OUT_09392,540.0604114253182
OUT_09393,866.3345319570136
OUT_09394,3046.821668178531
OUT_09395,754.3530196246297
OUT_09396,3679.992280469173
OUT_09397,3615.588685009936
OUT_09398,2931.874818109607
OUT_09399,4875.607454592089
OUT_09400,19867.496844297213
OUT_09401,3506.0633382397496
OUT_09402,761.8720237499535
OUT_09403,847.587500939197
OUT_09404,3892.220845635926
OUT_09405,3662.066916614256
OUT_09406,746.0324124776187
OUT_09407,18373.015991656783
OUT_09408,839.4708310873131
OUT_09409,933.2106400576232
OUT_09410,17692.38659861346
OUT_09411,3238.290522543938
OUT_09412,662.532773630703
OUT_09413,888.8397499306477
OUT_09414,4406.12465813852
OUT_09415,808.3605771742973
OUT_09416,652.3836738884195
OUT_09417,3795.591744732631
OUT_09418,3919.79252930471
OUT_09419,901.65897694793
OUT_09420,895.6607191744691
OUT_09421,1076.0884289046671
OUT_09422,48257.64952327642
OUT_09423,3181.044616790082
OUT_09424,4109.801673334953
OUT_09425,3600.093811065948
OUT_09426,529.5434120482471
OUT_09427,3038.8471238201923
OUT_09428,955.1435286168588
OUT_09429,4030.5446038685113
OUT_09430,4118.167962160541
OUT_09431,691.8633418130559
OUT_09432,643.4987845714958
OUT_09433,731.6310311289102
OUT_09434,706.5220125806203
OUT_09435,808.8157652127271
OUT_09436,4000.788051226198
OUT_09437,805.8338870307457
OUT_09438,988.9760289871566
OUT_09439,2348.6887897507377
OUT_09440,963.7973804439224
OUT_09441,954.4958172516992
OUT_09442,4548.33937163202
OUT_09443,704.0989108585508
OUT_09444,675.5237571545815
OUT_09445,47965.99659041104
OUT_09446,3343.8508425047366
OUT_09447,4276.564168050605
OUT_09448,18881.82842959083
OUT_09449,749.8525084377663
OUT_09450,15416.151563883728
OUT_09451,855.3060324936093
OUT_09452,861.9136904693806
OUT_09453,1019.8728964692948
OUT_09454,1086.5730502162403
OUT_09455,3063.137184537793
OUT_09456,895.7938477489186
OUT_09457,967.1451672139948
OUT_09458,3671.192421325176
OUT_09459,803.9463762457464
OUT_09460,714.2444271517603
OUT_09461,3206.1724263941906
OUT_09462,637.959268691343
OUT_09463,19089.698570409146
OUT_09464,919.110281964984
OUT_09465,827.7359188845943
OUT_09466,3247.5258243589906
OUT_09467,1082.837789252703
OUT_09468,755.2692700462464
OUT_09469,14531.643850542188
OUT_09470,3590.4107706567424
OUT_09471,4672.82450882773
OUT_09472,999.4470628357436
OUT_09473,824.2833908451245
OUT_09474,853.9505774124718
OUT_09475,652.9621794435949
OUT_09476,16270.697458101293
OUT_09477,19667.97570663586
OUT_09478,574.1749559218532
OUT_09479,3575.858058486607
OUT_09480,3864.109731928193
OUT_09481,4024.7038114606817
OUT_09482,51100.246900031096
OUT_09483,705.2136345633745
OUT_09484,14300.071994189106
OUT_09485,572.1129732565721
OUT_09486,726.8339505219532
OUT_09487,17668.703161179237
OUT_09488,521.9259465910599
OUT_09489,817.5488992951493
OUT_09490,765.9248107669587
OUT_09491,17715.68120250711
OUT_09492,4273.109666912504
OUT_09493,626.86552395106
OUT_09494,767.5459684343987
OUT_09495,4064.118049119681
OUT_09496,952.5016299395136
OUT_09497,781.2753593490348
OUT_09498,3174.93062491044
OUT_09499,630.554910493842
OUT_09500,611.0908310409947
OUT_09501,46440.7580071317
OUT_09502,827.6993472530683
OUT_09503,629.3559325470732
OUT_09504,874.264240141368
OUT_09505,3268.0934577420744
OUT_09506,620.674188136539
OUT_09507,3630.314490904685
OUT_09508,3716.2103725306415
OUT_09509,22079.2588494127
OUT_09510,3414.4603370364603
OUT_09511,971.9159219194864
OUT_09512,505.8536448000143
OUT_09513,665.5127525215607
OUT_09514,725.3509925848784
OUT_09515,18396.319505323245
OUT_09516,797.6954917139476
OUT_09517,768.4212068685495
OUT_09518,3538.74382704605
OUT_09519,16652.39113978587
OUT_09520,3217.720581781338
OUT_09521,951.4185812254934
OUT_09522,678.0168943388688
OUT_09523,51885.45709343696
OUT_09524,2936.9694310645555
OUT_09525,3657.361849834539
OUT_09526,713.5973379942294
OUT_09527,808.9974046116436
OUT_09528,1258.6964445906233
OUT_09529,4650.100867587671
OUT_09530,696.3654530558498
OUT_09531,895.4167131055349
OUT_09532,475.09862020574
OUT_09533,49604.594673527
OUT_09534,1085.7406646341876
OUT_09535,995.6738130874488
OUT_09536,787.7629216791703
OUT_09537,3789.791108609463
OUT_09538,1029.7922049481804
OUT_09539,1113.643074668253
OUT_09540,16560.986575703635
OUT_09541,3388.489889198569
OUT_09542,3587.6614630328577
OUT_09543,3569.6513026916555
OUT_09544,611.2063666412552
OUT_09545,3895.9381620501576
OUT_09546,1033.267219962789
OUT_09547,4251.638708964209
OUT_09548,16764.83661983823
OUT_09549,436.2968571599388
OUT_09550,3542.1766626858453
OUT_09551,3822.6503802135935
OUT_09552,18242.22577662098
OUT_09553,3997.716804151986
OUT_09554,823.2201143042114
OUT_09555,804.7625985312425
OUT_09556,868.7941395878398
OUT_09557,625.3647855583877
OUT_09558,658.9265047666688
OUT_09559,4372.324010759158
OUT_09560,608.2547779837081
OUT_09561,783.1582962435803
OUT_09562,642.268167676091
OUT_09563,631.967671930999
OUT_09564,594.2497571562222
OUT_09565,958.5480271447416
OUT_09566,899.8313770424274
OUT_09567,4248.049503794046
OUT_09568,16172.403302523831
OUT_09569,3495.906819586232
OUT_09570,17648.263293297452
OUT_09571,840.1715790343025
OUT_09572,3464.512549491554
OUT_09573,3909.194638542265
OUT_09574,637.9102160899275
OUT_09575,372.5553026604367
OUT_09576,15652.900859699655
OUT_09577,481.7747720023863
OUT_09578,3689.937480484983
OUT_09579,19219.263853721543
OUT_09580,926.1004989074604
OUT_09581,17234.0761823196
OUT_09582,49932.27899131509
OUT_09583,16452.749023327364
OUT_09584,649.8846458736284
OUT_09585,18155.18003655869
OUT_09586,48760.6708510304
OUT_09587,777.4569444823826
OUT_09588,3200.8536040761824
OUT_09589,3640.355260938695
OUT_09590,4867.498842788831
OUT_09591,3309.6170629173457
OUT_09592,48708.08828562985
OUT_09593,869.2768143026867
OUT_09594,3619.3732262736826
OUT_09595,3686.8554586598834
OUT_09596,1036.0078695585398
OUT_09597,3380.7495219844204
OUT_09598,655.8280689274137
OUT_09599,643.0384788301326
OUT_09600,17981.966146762883
OUT_09601,953.753876380962
OUT_09602,903.4826018976052
OUT_09603,19793.41394416502
OUT_09604,982.911931866618
OUT_09605,4189.123162002813
OUT_09606,3404.701414153624
OUT_09607,16231.137424997374
OUT_09608,48190.509754901104
OUT_09609,765.9553322384984
OUT_09610,3778.673886902544
OUT_09611,1040.85460171523
OUT_09612,1152.6677218726454
OUT_09613,708.1063459591634
OUT_09614,16274.817949438608
OUT_09615,3983.305807268377
OUT_09616,369.8831399165043
OUT_09617,839.9384845796849
OUT_09618,2631.2078807403145
OUT_09619,747.2657686100908
OUT_09620,3400.119332106855
OUT_09621,481.38519114295946
OUT_09622,3716.613078740658
OUT_09623,721.8845655307462
OUT_09624,894.9547391122505
OUT_09625,566.3839679561999
OUT_09626,4070.8877271370425
OUT_09627,4309.835065136533
OUT_09628,987.8504922675604
OUT_09629,3424.5839689837644
OUT_09630,831.0641247372769
OUT_09631,3368.796096004977
OUT_09632,787.5841172213741
OUT_09633,3598.130081847228
OUT_09634,45812.452580803285
OUT_09635,3674.583927599245
OUT_09636,17367.53644418309
OUT_09637,17650.50457847919
OUT_09638,648.0097723292538
OUT_09639,1160.9645260805316
OUT_09640,1068.167695240452
OUT_09641,496.4518861849224
OUT_09642,653.2395171673769
OUT_09643,3766.253659273189
OUT_09644,768.9956070976492
OUT_09645,765.568508228664
OUT_09646,827.3872193108625
OUT_09647,3646.06940484004
OUT_09648,16344.55052047199
OUT_09649,3529.5383693004223
OUT_09650,760.2488412234222
OUT_09651,655.1592789533408
OUT_09652,1151.0223659002795
OUT_09653,3614.02211117764
OUT_09654,4158.433886766685
OUT_09655,482.0876053538697
OUT_09656,16880.25737064452
OUT_09657,601.1374314687699
OUT_09658,944.674295360518
OUT_09659,651.1021226586646
OUT_09660,3174.5813664829147
OUT_09661,3698.661390168023
OUT_09662,573.1991650507996
OUT_09663,1216.9035106475558
OUT_09664,766.3938581382017
OUT_09665,4026.857509606985
OUT_09666,442.9773849242653
OUT_09667,3784.044801982935
OUT_09668,4149.625305070973
OUT_09669,731.4733080981762
OUT_09670,4101.995345463799
OUT_09671,3837.967996679398
OUT_09672,815.4627628127834
OUT_09673,2660.384857031604
OUT_09674,556.0414139899364
OUT_09675,680.1457710283446
OUT_09676,5043.460488413682
OUT_09677,1057.642541424667
OUT_09678,990.8620123826024
OUT_09679,768.487469536471
OUT_09680,3997.253954344288
OUT_09681,631.0224425485043
OUT_09682,18010.283782008846
OUT_09683,3784.3617741725902
OUT_09684,863.0300873620332
OUT_09685,775.5826749219509
OUT_09686,904.0935431121434
OUT_09687,688.8616095494896
OUT_09688,4401.835909364369
OUT_09689,900.3971701062571
OUT_09690,948.5041467183828
OUT_09691,1123.7895473041108
OUT_09692,749.9456015074406
OUT_09693,3212.1922982275514
OUT_09694,17632.11516978042
OUT_09695,3156.04036033891
OUT_09696,922.1115456219268
OUT_09697,3464.1595550581724
OUT_09698,3385.4134104211835
OUT_09699,860.3344576212436
OUT_09700,586.8060889803863
OUT_09701,854.9251407195158
OUT_09702,778.8334093073008
OUT_09703,833.2497484390137
OUT_09704,667.0867355214908
OUT_09705,2806.0599354732667
OUT_09706,458.893694106456
OUT_09707,52429.167987777146
OUT_09708,800.9185125188742
OUT_09709,433.9251130951016
OUT_09710,46885.952548926005
OUT_09711,4338.315273879836
OUT_09712,3929.115220741387
OUT_09713,897.5049326767758
OUT_09714,630.581259938227
OUT_09715,48761.267469980565
OUT_09716,17450.89492269374
OUT_09717,19144.433303915248
OUT_09718,14533.948095781292
OUT_09719,16197.905000201035
OUT_09720,696.7906041644825
OUT_09721,3071.9707331838576
OUT_09722,940.42922102381
OUT_09723,3771.185869594864
OUT_09724,849.5260535166765
OUT_09725,800.1537185694389
OUT_09726,763.5378418376158
OUT_09727,50702.38394886223
OUT_09728,1001.0156059815896
OUT_09729,925.7271241865276
OUT_09730,892.8193442555233
OUT_09731,53190.60295519468
OUT_09732,914.8157685873608
OUT_09733,736.8717086399316
OUT_09734,834.8418248682071
OUT_09735,1052.457253424839
OUT_09736,3741.560406774923
OUT_09737,868.4610789860276
OUT_09738,817.9310192211026
OUT_09739,864.3084874571504
OUT_09740,811.4690811776861
OUT_09741,462.72912629097465
OUT_09742,4218.857076051337
OUT_09743,983.4997979885457
OUT_09744,1083.3069664656227
OUT_09745,917.710242445544
OUT_09746,614.7361930368222
OUT_09747,587.9301681154236
OUT_09748,20566.5162775295
OUT_09749,668.6221199746564
OUT_09750,48058.17798697563
OUT_09751,530.5069450163974
OUT_09752,725.7932071147784
OUT_09753,951.093464737474
OUT_09754,3401.6176873769614
OUT_09755,18087.536519240257
OUT_09756,4759.575079964501
OUT_09757,810.853519152787
OUT_09758,3948.7614956442408
OUT_09759,898.8416024513243
OUT_09760,788.2208852367281
OUT_09761,905.9698848474432
OUT_09762,18190.178795423784
OUT_09763,19325.333529443746
OUT_09764,4019.074100455765
OUT_09765,1021.6152766848692
OUT_09766,3146.6292877410715
OUT_09767,1327.0281100047723
OUT_09768,16332.1959893054
OUT_09769,860.8325148679168
OUT_09770,3850.0163344096695
OUT_09771,948.752718495362
OUT_09772,16735.309451745405
OUT_09773,3277.24983985534
OUT_09774,19299.054668467063
OUT_09775,367.6110929141101
OUT_09776,832.566269864705
OUT_09777,3540.6758363715426
OUT_09778,49746.196503636216
OUT_09779,4242.46838907375
OUT_09780,48155.50351688122
OUT_09781,670.8611196850109
OUT_09782,3882.5869501230495
OUT_09783,19322.554391051275
OUT_09784,4506.578668611812
OUT_09785,573.8191199504685
OUT_09786,3427.930042446357
OUT_09787,16403.487389990652
OUT_09788,19029.13504425041
OUT_09789,748.7015634043884
OUT_09790,911.1204386180824
OUT_09791,838.5557436764575
OUT_09792,19927.84319535247
OUT_09793,836.9716078605538
OUT_09794,439.7332291863849
OUT_09795,18214.63322915991
OUT_09796,1143.3865593851745
OUT_09797,860.6037134248787
OUT_09798,4854.836783881726
OUT_09799,3857.78918619782
OUT_09800,899.8259909353208
OUT_09801,673.3590876794811
OUT_09802,3421.879876215977
OUT_09803,1064.4489798357538
OUT_09804,560.981327161859
OUT_09805,763.5748726102199
OUT_09806,12714.815707919812
OUT_09807,3970.303388168126
OUT_09808,17659.558101556566
OUT_09809,812.5633083293008
OUT_09810,763.2415795633236
OUT_09811,19055.15009347036
OUT_09812,51861.53922068228
OUT_09813,15325.31565507357
OUT_09814,614.5972503006199
OUT_09815,4756.981063958815
OUT_09816,914.5134074485588
OUT_09817,50036.91154152287
OUT_09818,472.3231352304235
OUT_09819,862.9425752461248
OUT_09820,838.669853508363
OUT_09821,1076.8083851950294
OUT_09822,707.0951445657049
OUT_09823,3650.9818779582806
OUT_09824,591.2846036627868
OUT_09825,972.3219492962957
OUT_09826,1042.4119499993203
OUT_09827,3391.1569060720203
OUT_09828,4815.643267372566
OUT_09829,16968.92256995337
OUT_09830,2706.513721201447
OUT_09831,686.7817662522301
OUT_09832,609.7944961899323
OUT_09833,642.4129375086743
OUT_09834,1028.1837400831328
OUT_09835,3075.945099664563
OUT_09836,814.9187040328322
OUT_09837,48417.50309354776
OUT_09838,716.1932975738217
OUT_09839,919.3202290364712
OUT_09840,20940.770304060825
OUT_09841,920.5144192379915
OUT_09842,1134.4307268376283
OUT_09843,672.0790920285082
OUT_09844,1283.9992087695257
OUT_09845,1053.0811046183226
OUT_09846,906.7456651300588
OUT_09847,4129.149711450287
OUT_09848,3165.633975151919
OUT_09849,1360.9166449679788
OUT_09850,789.8634418713953
OUT_09851,3646.0981891655233
OUT_09852,4521.948787067368
OUT_09853,1055.6426308471262
OUT_09854,580.5519508865697
OUT_09855,824.8268960244272
OUT_09856,727.0472915644126
OUT_09857,3917.79283581258
OUT_09858,738.1410917016606
OUT_09859,18201.83911202738
OUT_09860,695.45006568387
OUT_09861,17243.90282775113
OUT_09862,3705.228386426085
OUT_09863,3060.9170787343032
OUT_09864,955.9551492596282
OUT_09865,1350.8360376579153
OUT_09866,751.8850506144054
OUT_09867,4212.034373084991
OUT_09868,17209.34735929559
OUT_09869,519.6048155879207
OUT_09870,3774.664113830425
OUT_09871,2839.23526318748
OUT_09872,1256.1091779902624
OUT_09873,767.3544632482549
OUT_09874,20230.613322342502
OUT_09875,890.5323649470422
OUT_09876,3725.296158828002
OUT_09877,17132.536269156408
OUT_09878,518.4483510861608
OUT_09879,943.0236475578153
OUT_09880,727.4636125282208
OUT_09881,3496.5121553662048
OUT_09882,3731.922739188846
OUT_09883,3546.205747430868
OUT_09884,910.7141565686438
OUT_09885,995.9074111884116
OUT_09886,884.2513003001341
OUT_09887,3100.918418254977
OUT_09888,1035.1154930985842
OUT_09889,712.5799488846275
OUT_09890,3027.8556401741685
OUT_09891,841.9869809942292
OUT_09892,300.23745865076285
OUT_09893,3372.606923733849
OUT_09894,1206.5189123936968
OUT_09895,887.2163002844322
OUT_09896,3612.3174673741455
OUT_09897,854.1512613323405
OUT_09898,726.5054322181243
OUT_09899,646.9688517258132
OUT_09900,3461.522231023444
OUT_09901,412.226485248968
OUT_09902,744.7612627295297
OUT_09903,47805.776623069134
OUT_09904,343.94933420067025
OUT_09905,664.3739660378913
OUT_09906,976.9960197386146
OUT_09907,3972.426565018625
OUT_09908,4268.905348312066
OUT_09909,851.266005566283
OUT_09910,780.5123567422224
OUT_09911,12599.127792141731
OUT_09912,16419.049495327283
OUT_09913,4520.980846215172
OUT_09914,16648.115163919447
OUT_09915,3189.442712645977
OUT_09916,3242.178945155721
OUT_09917,3190.579507953465
OUT_09918,720.2857160931607
OUT_09919,969.2222622111898
OUT_09920,951.1966835305516
OUT_09921,781.6501875262346
OUT_09922,46073.94858743328
OUT_09923,788.1831157425231
OUT_09924,4220.678498710155
OUT_09925,3729.711931240836
OUT_09926,1024.4807048374046
OUT_09927,3117.2037888176387
OUT_09928,666.6952527391712
OUT_09929,3766.300876695421
OUT_09930,3343.6670860857835
OUT_09931,770.2980086874996
OUT_09932,5001.223043834276
OUT_09933,47802.754604819536
OUT_09934,17633.10344237214
OUT_09935,19600.7984769033
OUT_09936,729.3371280476932
OUT_09937,19051.024408933383
OUT_09938,556.4859023828843
OUT_09939,3848.360879762905
OUT_09940,911.3378041410076
OUT_09941,912.2944775214278
OUT_09942,645.5131103663277
OUT_09943,2892.6096719092448
OUT_09944,802.2913135935768
OUT_09945,360.8570823167749
OUT_09946,19625.82103765584
OUT_09947,3605.365082853677
OUT_09948,1003.7856211279102
OUT_09949,868.581024580685
OUT_09950,699.1790237043198
OUT_09951,1005.7832168194908
OUT_09952,17127.031834596433
OUT_09953,3542.003797166739
OUT_09954,564.6850018286935
OUT_09955,767.852814002837
OUT_09956,4393.291403134969
OUT_09957,3419.391755299528
OUT_09958,785.3519167526125
OUT_09959,4024.5174805728657
OUT_09960,1098.9966000035529
OUT_09961,18881.40480038655
OUT_09962,926.6025893602136
OUT_09963,18433.64758384086
OUT_09964,2211.4384082484744
OUT_09965,819.238695067456
OUT_09966,17225.371949806486
OUT_09967,787.188455315725
OUT_09968,3241.969426014827
OUT_09969,1044.1135000426636
OUT_09970,882.6704386973165
OUT_09971,545.9548424652467
OUT_09972,3978.4898628278343
OUT_09973,795.541755144481
OUT_09974,752.6353898704328
OUT_09975,816.1269539207358
OUT_09976,509.2077967230573
OUT_09977,16764.351039514095
OUT_09978,3504.746204869709
OUT_09979,19344.89258908324
OUT_09980,792.9316653798375
OUT_09981,803.0612472024818
OUT_09982,52447.95802347653
OUT_09983,1010.5480768491334
OUT_09984,3701.8355590262113
OUT_09985,4402.33101313355
OUT_09986,3982.755993999786
OUT_09987,14503.381472087403
OUT_09988,4222.591412608384
OUT_09989,21447.721140280955
OUT_09990,2706.3706187486755
OUT_09991,684.2884354853725
OUT_09992,822.0554179646361
OUT_09993,839.9296594129371
OUT_09994,929.5826363473418
OUT_09995,612.635483053592
OUT_09996,3245.192363905218
OUT_09997,2632.2789504090083
OUT_09998,3397.835161755996
OUT_09999,673.4198391041579
OUT_10000,2695.256578141324
OUT_10001,726.7527192227396
OUT_10002,3504.5560375013297
OUT_10003,2937.356410327768
OUT_10004,889.758242031045
OUT_10005,650.6340287071638
OUT_10006,17768.437429692494
OUT_10007,51489.64098303881
OUT_10008,569.9921600236904
OUT_10009,3250.890522159695
OUT_10010,946.9938026054044
OUT_10011,15161.025847093484
OUT_10012,626.0769006536784
OUT_10013,1094.7005275499214
OUT_10014,1081.3620342189563
OUT_10015,621.5042551779075
OUT_10016,1050.451999716576
OUT_10017,4894.410707289511
OUT_10018,684.9437145381954
OUT_10019,3113.5062186595783
OUT_10020,581.5965222811641
OUT_10021,4020.10174496982
OUT_10022,3152.5046474869005
OUT_10023,49801.695141243246
OUT_10024,1202.213701238026
OUT_10025,3062.0324813746583
OUT_10026,3517.2666709790005
OUT_10027,739.722063782949
OUT_10028,916.7211167753878
OUT_10029,506.1551934912546
OUT_10030,3374.095384448116
OUT_10031,842.485169496284
OUT_10032,1108.8945081795655
OUT_10033,1190.1862000206393
OUT_10034,18233.66586062727
OUT_10035,832.4256833570729
OUT_10036,4004.15782318217
OUT_10037,3907.4222058148976
OUT_10038,3577.9147038663878
OUT_10039,659.6562229110805
OUT_10040,3392.17623517152
OUT_10041,17839.632043696267
OUT_10042,18154.25204561746
OUT_10043,3379.6482202157
OUT_10044,648.1155909237566
OUT_10045,737.4331386371327
OUT_10046,4194.120883594961
OUT_10047,808.4702411528912
OUT_10048,17913.668036098017
OUT_10049,643.2180643829188
OUT_10050,799.8622955558394
OUT_10051,52764.55017641364
OUT_10052,835.986235020259
OUT_10053,663.2455640187549
OUT_10054,790.146991506431
OUT_10055,19398.36320717011
OUT_10056,783.9927953336223
OUT_10057,3786.3002176808727
OUT_10058,15442.137409897456
OUT_10059,889.9554597040411
OUT_10060,20802.24544810476
OUT_10061,748.984850828208
OUT_10062,805.3106378760137
OUT_10063,3896.287992311338
OUT_10064,3870.196629863645
OUT_10065,941.4080923280796
OUT_10066,633.7222028601844
OUT_10067,3186.4130385970384
OUT_10068,4062.051247549923
OUT_10069,2522.5915679639006
OUT_10070,608.1326766754727
OUT_10071,1245.5379462555527
OUT_10072,660.2094719973643
OUT_10073,1137.4937773307424
OUT_10074,4240.339133543019
OUT_10075,544.5916103905593
OUT_10076,17782.039408801254
OUT_10077,538.933723462107
OUT_10078,2872.7512172076235
OUT_10079,372.9884420408605
OUT_10080,948.286804010606
OUT_10081,826.1881447708158
OUT_10082,4163.984230629288
OUT_10083,3754.0383217758335
OUT_10084,692.9962190459905
OUT_10085,1138.8526468011478
OUT_10086,3320.9020348818467
OUT_10087,818.009131409713
OUT_10088,19232.783511843096
OUT_10089,3854.241669589196
OUT_10090,18398.060119504287
OUT_10091,3905.610622493704
OUT_10092,868.1517102662424
OUT_10093,1010.8825064564884
OUT_10094,691.7019867584758
OUT_10095,2793.362409874244
OUT_10096,16316.103581501167
OUT_10097,727.6289909802477
OUT_10098,669.4501530242619
OUT_10099,707.8342362156903
OUT_10100,1091.353003792732
OUT_10101,4340.871492368291
OUT_10102,757.5283337979769
OUT_10103,3140.201687569727
OUT_10104,18430.26685001825
OUT_10105,48885.150385874455
OUT_10106,553.2549833625324
OUT_10107,20276.541580601835
OUT_10108,17934.545813468223
OUT_10109,674.790275237238
OUT_10110,4426.627524140992
OUT_10111,3212.1704757594885
OUT_10112,669.88933601983
OUT_10113,611.1779176983309
OUT_10114,3844.694954279198
OUT_10115,822.844473124418
OUT_10116,45679.50752205488
OUT_10117,746.2088833067294
OUT_10118,860.2866586690191
OUT_10119,2708.8343037842187
OUT_10120,3979.012290618637
OUT_10121,3343.661335139609
OUT_10122,640.371231029597
OUT_10123,3296.715194018025
OUT_10124,19467.48491388206
OUT_10125,903.7554291159504
OUT_10126,475.38170963403815
OUT_10127,4710.703861380445
OUT_10128,3931.923505189227
OUT_10129,1339.194464020278
OUT_10130,14026.766995418124
OUT_10131,50549.56978240071
OUT_10132,2915.3703977602177
OUT_10133,2773.642117866013
OUT_10134,15031.66077020347
OUT_10135,563.3917306792234
OUT_10136,1057.2704323994303
OUT_10137,543.2134460097888
OUT_10138,878.3920604859785
OUT_10139,2635.6561082250305
OUT_10140,19961.22452041065
OUT_10141,3226.678700477227
OUT_10142,51584.7262851556
OUT_10143,662.4838061045089
OUT_10144,3131.8935309998487
OUT_10145,3077.3569664401484
OUT_10146,4120.09250586136
OUT_10147,923.288464384524
OUT_10148,3687.3582456444574
OUT_10149,2844.8031886323656
OUT_10150,700.0396320258682
OUT_10151,718.0324656507994
OUT_10152,768.5920925969057
OUT_10153,3099.573459342384
OUT_10154,3329.5626677373884
OUT_10155,3803.928587153504
OUT_10156,793.3184989804438
OUT_10157,17388.952023035083
OUT_10158,1186.2640799853414
OUT_10159,19872.28175643468
OUT_10160,2404.3199448812056
OUT_10161,3756.168704277539
OUT_10162,754.2305031314684
OUT_10163,2079.246770903056
OUT_10164,18707.41679978635
OUT_10165,18139.01299657861
OUT_10166,886.0782824822168
OUT_10167,15265.410271749692
OUT_10168,18482.967156638388
OUT_10169,850.8546967600209
OUT_10170,778.9417447802496
OUT_10171,3531.036683799187
OUT_10172,1225.423307966321
OUT_10173,3196.8967513165385
OUT_10174,48399.80053873389
OUT_10175,3092.1445833065072
OUT_10176,678.2257520868966
OUT_10177,3715.1820073192303
OUT_10178,19772.341961242037
OUT_10179,914.8947189793508
OUT_10180,3054.4135038663358
OUT_10181,17613.27616327835
OUT_10182,4163.074723654224
OUT_10183,18143.363732481583
OUT_10184,15293.24067113057
OUT_10185,17840.19354550033
OUT_10186,1042.314035402399
OUT_10187,3615.647974351416
OUT_10188,4364.592517525738
OUT_10189,620.6553381599566
OUT_10190,14549.464543047252
OUT_10191,701.2545286375213
OUT_10192,3971.7417001723634
OUT_10193,16872.23174549157
OUT_10194,941.5395531319614
OUT_10195,3861.330526617444
OUT_10196,17034.75863011063
OUT_10197,744.8620495701316
OUT_10198,1160.097707680606
OUT_10199,3362.2515209136777
OUT_10200,635.549546588502
OUT_10201,967.7660938174896
OUT_10202,2332.4697180868607
OUT_10203,578.8505778706502
OUT_10204,3414.191807968754
OUT_10205,619.1499273925474
OUT_10206,18280.670185331648
OUT_10207,3303.8859261371417
OUT_10208,19957.087021555595
OUT_10209,3616.112254811247
OUT_10210,3638.435141951744
OUT_10211,3720.4801665489385
OUT_10212,3597.5155632960245
OUT_10213,50808.34612912416
OUT_10214,3563.2283554393225
OUT_10215,47106.37124569331
OUT_10216,756.8201223463169
OUT_10217,4216.805797398016
OUT_10218,18455.975868744303
OUT_10219,537.4757360950363
OUT_10220,1269.8484599200049
OUT_10221,575.1812582946104
OUT_10222,3611.546573424391
OUT_10223,706.1981264530016
OUT_10224,547.7946256051639
OUT_10225,875.8682219069394
OUT_10226,3071.5276979630225
OUT_10227,18850.408254467628
OUT_10228,523.5627857286762
OUT_10229,18429.94823279211
OUT_10230,634.3065341563527
OUT_10231,17389.890945770174
OUT_10232,665.4262802511009
OUT_10233,2853.838556423055
OUT_10234,4402.402579550459
OUT_10235,17705.785255695093
OUT_10236,990.1338620415688
OUT_10237,2881.22845900058
OUT_10238,4246.524587019691
OUT_10239,3573.1377644431163
OUT_10240,674.0826780328741
OUT_10241,585.7898438683859
OUT_10242,3612.916246191017
OUT_10243,16407.349974436864
OUT_10244,50263.18633708353
OUT_10245,1012.7974767121092
OUT_10246,3215.795858073524
OUT_10247,4107.301972195304
OUT_10248,16962.611922843447
OUT_10249,4405.17312886401
OUT_10250,18284.718858577988
OUT_10251,805.2562200622542
OUT_10252,1096.9844698180627
OUT_10253,3962.037191317628
OUT_10254,17898.5057750222
OUT_10255,478.1209032803363
OUT_10256,3783.6895429261713
OUT_10257,449.6927080093421
OUT_10258,609.9556716432667
OUT_10259,17058.884374249217
OUT_10260,18122.316344902098
OUT_10261,784.7794912498804
OUT_10262,18386.930233477127
OUT_10263,3656.092398498241
OUT_10264,691.9003937413614
OUT_10265,3860.280772490561
OUT_10266,3078.8730649880517
OUT_10267,3985.235037934363
OUT_10268,17628.970541679384
OUT_10269,1138.8092552448422
OUT_10270,435.40697374539707
OUT_10271,802.9620196956057
OUT_10272,638.41048281512
OUT_10273,1013.2524591392688
OUT_10274,19857.123992332767
OUT_10275,3367.010586477794
OUT_10276,582.1830677772031
OUT_10277,487.2889646104413
OUT_10278,982.335094320606
OUT_10279,4045.0524789007504
OUT_10280,727.6497567989189
OUT_10281,989.14238211791
OUT_10282,16481.235664585023
OUT_10283,21564.199717400243
OUT_10284,4479.082807113945
OUT_10285,619.6287520561657
OUT_10286,4473.238838411144
OUT_10287,1053.0372715529827
OUT_10288,3584.0902086106616
OUT_10289,639.2016731088801
OUT_10290,1058.7253549202171
OUT_10291,19427.71037334213
OUT_10292,3676.256942085767
OUT_10293,1011.9857644828438
OUT_10294,48703.2699258503
OUT_10295,624.1472099267261
OUT_10296,3421.6802773495037
OUT_10297,3486.8206534686306
OUT_10298,3127.6518649977515
OUT_10299,52162.39724568749
OUT_10300,507.7931015438664
OUT_10301,4036.612215858508
OUT_10302,18994.50687021546
OUT_10303,18172.020087216097
OUT_10304,4302.486575700674
OUT_10305,850.1322597335096
OUT_10306,935.435478377124
OUT_10307,894.300824798606
OUT_10308,15214.08773911935
OUT_10309,703.5226354210092
OUT_10310,19346.365390425846
OUT_10311,3449.7119682916414
OUT_10312,4202.777301935145
OUT_10313,1095.1264060421545
OUT_10314,2536.1337091595005
OUT_10315,1217.0949968162836
OUT_10316,15256.450341014312
OUT_10317,3488.8242607484763
OUT_10318,4118.931029064659
OUT_10319,3368.3079763125547
OUT_10320,618.5745703312537
OUT_10321,716.5665124453046
OUT_10322,757.0964202823401
OUT_10323,2738.03909835727
OUT_10324,415.5979956326137
OUT_10325,3911.852814310517
OUT_10326,991.7672193845948
OUT_10327,17697.74198372752
OUT_10328,2850.832145820697
OUT_10329,499.6587103547985
OUT_10330,1022.0644242620448
OUT_10331,1045.1517919891453
OUT_10332,696.1174555680122
OUT_10333,490.2255564172791
OUT_10334,21224.763285898447
OUT_10335,15503.845528849932
OUT_10336,4681.810314689436
OUT_10337,825.5879442217889
OUT_10338,753.1750248576301
OUT_10339,754.6995541373267
OUT_10340,4734.585469450065
OUT_10341,781.2963069346683
OUT_10342,3712.1492708756473
OUT_10343,51510.98162677418
OUT_10344,650.2512488639072
OUT_10345,3442.927930547361
OUT_10346,18097.60844171748
OUT_10347,773.8382854474982
OUT_10348,788.2411155690921
OUT_10349,19299.62074785292
OUT_10350,16545.615830944596
OUT_10351,713.3185133387747
OUT_10352,16234.45825289153
OUT_10353,374.0352744076376
OUT_10354,830.315204504713
OUT_10355,15713.989708148654
OUT_10356,900.733721218332
OUT_10357,857.7054521616029
OUT_10358,2915.519220474963
OUT_10359,887.9605334796535
OUT_10360,3799.796157584977
OUT_10361,3253.2688535726497
OUT_10362,3710.1750079191097
OUT_10363,2958.985588827444
OUT_10364,3443.707449000169
OUT_10365,4235.051454301062
OUT_10366,3462.54520942193
OUT_10367,930.3546675047382
OUT_10368,718.2396624271034
OUT_10369,956.4087986105438
OUT_10370,3313.432351915129
OUT_10371,387.3718379284072
OUT_10372,18102.661659067988
OUT_10373,891.2458173577794
OUT_10374,15223.86835561887
OUT_10375,17751.366976230223
OUT_10376,697.9282016125087
OUT_10377,779.243164674128
OUT_10378,544.5557475775748
OUT_10379,851.3941125585515
OUT_10380,3404.261405246222
OUT_10381,16673.30124169799
OUT_10382,16421.240542792155
OUT_10383,1073.0349629653454
OUT_10384,905.1379857728288
OUT_10385,3004.2505393092124
OUT_10386,782.5326331474898
OUT_10387,2806.704732730317
OUT_10388,3717.945589850618
OUT_10389,806.8594898708268
OUT_10390,3076.355916997436
OUT_10391,51341.87463266379
OUT_10392,809.8449681882281
OUT_10393,767.3770158448283
OUT_10394,2466.915576439729
OUT_10395,871.1962492829329
OUT_10396,17516.938727448047
OUT_10397,51598.66265829926
OUT_10398,737.1242233289056
OUT_10399,19122.79093041332
OUT_10400,4104.462318737071
OUT_10401,3888.177995947631
OUT_10402,4070.1706247067673
OUT_10403,4010.524096350288
OUT_10404,705.8841685728905
OUT_10405,685.64740565529
OUT_10406,1062.5405884232175
OUT_10407,16584.53211735892
OUT_10408,1337.3204508017625
OUT_10409,1194.6479250086554
OUT_10410,1004.3685039759164
OUT_10411,1034.717653579224
OUT_10412,16155.249700071096
OUT_10413,684.7853425422408
OUT_10414,515.9068270854435
OUT_10415,2959.1110825463784
OUT_10416,1057.9244335673443
OUT_10417,732.8083947353339
OUT_10418,4837.318138532821
OUT_10419,760.4149621756849
OUT_10420,874.5896805911254
OUT_10421,720.345063551527
OUT_10422,880.1482269702335
OUT_10423,18589.78900699973
OUT_10424,934.1484541282476
OUT_10425,933.2875291207804
OUT_10426,521.8993570910378
OUT_10427,498.43737634820855
OUT_10428,16808.977242190576
OUT_10429,3361.7241761855653
OUT_10430,764.7794447050255
OUT_10431,16022.969326632528
OUT_10432,17863.04431451438
OUT_10433,16390.32190716585
OUT_10434,17897.73496754337
OUT_10435,691.3938652602849
OUT_10436,596.9533034493307
OUT_10437,780.5237115349971
OUT_10438,13891.985597799672
OUT_10439,653.2278578199882
OUT_10440,3781.2252884568256
OUT_10441,3215.275915668124
OUT_10442,1033.2416178173826
OUT_10443,998.3632809833792
OUT_10444,4884.124143234786
OUT_10445,3511.581610782162
OUT_10446,4915.465857118813
OUT_10447,4042.0880483088
OUT_10448,18933.242843541346
OUT_10449,3859.5926931343392
OUT_10450,4200.887309768332
OUT_10451,1128.6635715487043
OUT_10452,1101.5109776852137
OUT_10453,1206.937583893393
OUT_10454,662.6103092534727
OUT_10455,738.3263720972493
OUT_10456,16270.394840855017
OUT_10457,19205.01478979245
OUT_10458,3133.943936172722
OUT_10459,18982.588717756797
OUT_10460,4094.8902010272823
OUT_10461,1035.2886228251243
OUT_10462,930.300112611541
OUT_10463,679.4212826849599
OUT_10464,953.5171216494724
OUT_10465,895.5210970873136
OUT_10466,493.8411566340959
OUT_10467,3675.716110076885
OUT_10468,3372.342083856505
OUT_10469,3299.270556982182
OUT_10470,1200.3988465083253
OUT_10471,901.6929473145708
OUT_10472,3249.9856309339984
OUT_10473,4796.635154048774
OUT_10474,1038.2926514529568
OUT_10475,595.8898876161563
OUT_10476,2887.609976725591
OUT_10477,833.5707296931068
OUT_10478,1098.4512350622804
OUT_10479,14299.4203284615
OUT_10480,917.2871201571584
OUT_10481,642.7915023025133
OUT_10482,16672.08934275312
OUT_10483,3067.8852497319403
OUT_10484,3143.062501988011
OUT_10485,659.5921433630048
OUT_10486,1066.480513634303
OUT_10487,627.786753156948
OUT_10488,934.5002595993108
OUT_10489,18441.932605234622
OUT_10490,4168.97147646577
OUT_10491,749.4392097074146
OUT_10492,625.1308589677963
OUT_10493,16941.214738544164
OUT_10494,17620.281664289414
OUT_10495,1063.004414573449
OUT_10496,5051.702035437342
OUT_10497,365.46505516355023
OUT_10498,4227.3331887196055
OUT_10499,1012.7246286936752
OUT_10500,528.1278899897652
OUT_10501,18594.21801061264
OUT_10502,521.5487727181339
OUT_10503,19750.193146758516
OUT_10504,50323.65350213243
OUT_10505,17913.56234859495
OUT_10506,958.4011697884775
OUT_10507,46043.21098732856
OUT_10508,50003.08844235953
OUT_10509,3415.800352378574
OUT_10510,17799.274369381805
OUT_10511,531.5012468254894
OUT_10512,1121.057642659826
OUT_10513,834.217061218928
OUT_10514,3701.719779834935
OUT_10515,697.6598702811898
OUT_10516,13974.873005599286
OUT_10517,1142.1523387392117
OUT_10518,794.3258891373521
OUT_10519,737.155236424967
OUT_10520,18763.995473578023
OUT_10521,19317.890983094392
OUT_10522,17570.56341291003
OUT_10523,1016.1986218773104
OUT_10524,4663.770010567411
OUT_10525,4013.438646001218
OUT_10526,956.6723008249668
OUT_10527,1302.2871468731912
OUT_10528,3688.3098360731633
OUT_10529,3139.798050712088
OUT_10530,18819.939861785268
OUT_10531,497.36557946373546
OUT_10532,950.8808535682084
OUT_10533,20342.998429230152
OUT_10534,643.3245150242768
OUT_10535,3510.393043789212
OUT_10536,616.005087717871
OUT_10537,4120.767032624003
OUT_10538,701.9017754450379
OUT_10539,598.1680501449575
OUT_10540,768.299486093672
OUT_10541,17076.765564429836
OUT_10542,4148.3569456246505
OUT_10543,3444.443470400532
OUT_10544,3221.7627058046523
OUT_10545,47604.8653181605
OUT_10546,953.6594202843452
OUT_10547,3209.875920510036
OUT_10548,757.8972570765718
OUT_10549,4218.210182115738
OUT_10550,18237.79472986726
OUT_10551,494.772440892636
OUT_10552,574.2766508632096
OUT_10553,1928.7582955133323
OUT_10554,3775.219956663759
OUT_10555,787.6910660528686
OUT_10556,768.923395712997
OUT_10557,3559.006802088342
OUT_10558,816.1471941717245
OUT_10559,620.051210537286
OUT_10560,1070.500590213507
OUT_10561,658.3447544117761
OUT_10562,885.3431101809791
OUT_10563,676.5219709766337
OUT_10564,17015.982793925967
OUT_10565,4059.869201047537
OUT_10566,4451.292292129493
OUT_10567,2907.47972557046
OUT_10568,892.2639636385495
OUT_10569,17886.148229116894
OUT_10570,3677.211126157201
OUT_10571,4256.265368579727
OUT_10572,3760.824501028241
OUT_10573,948.5656192597676
OUT_10574,3186.7057731716245
OUT_10575,644.3582035886888
OUT_10576,4771.329453767004
OUT_10577,908.5893064436168
OUT_10578,1199.4260862869814
OUT_10579,3519.035661210128
OUT_10580,3361.340966314524
OUT_10581,3548.8079552148456
OUT_10582,693.3436490303654
OUT_10583,18497.33336889115
OUT_10584,585.1721887054874
OUT_10585,909.685285821668
OUT_10586,3453.536721159117
OUT_10587,3581.788595141735
OUT_10588,707.1913263607529
OUT_10589,3706.342807536529
OUT_10590,590.3234540064431
OUT_10591,791.6460895646926
OUT_10592,3614.263503564197
OUT_10593,15539.437885907022
OUT_10594,3842.290275347684
OUT_10595,920.2260897010864
OUT_10596,980.911054205546
OUT_10597,3247.4406681852893
OUT_10598,17122.787699612596
OUT_10599,690.53834303708
OUT_10600,16482.668393903776
OUT_10601,3057.7266860585564
OUT_10602,536.0479630932876
OUT_10603,862.1023874107418
OUT_10604,3374.642394053467
OUT_10605,878.3284973405558
OUT_10606,705.8263324529996
OUT_10607,1242.3042603110582
OUT_10608,2699.3967332305306
OUT_10609,649.8484193197605
OUT_10610,3400.3176639330586
OUT_10611,3237.2920092670965
OUT_10612,585.8307799080429
OUT_10613,4642.901559897553
OUT_10614,5032.276163466181
OUT_10615,796.9026769919583
OUT_10616,3755.120176694181
OUT_10617,18038.37730936433
OUT_10618,1043.4695613379286
OUT_10619,627.0427690131612
OUT_10620,915.483542891105
OUT_10621,3848.9699875963215
OUT_10622,3302.6454157765024
OUT_10623,825.6778371378343
OUT_10624,4296.90393668788
OUT_10625,941.4390932993932
OUT_10626,4111.7808207972885
OUT_10627,1049.899487250725
OUT_10628,589.8541694134259
OUT_10629,1165.1562449346711
OUT_10630,13427.2471269361
OUT_10631,522.9694651736133
OUT_10632,18032.038393174756
OUT_10633,15447.389149949257
OUT_10634,706.325703330538
OUT_10635,781.4672616417107
OUT_10636,17303.19290977661
OUT_10637,969.641596091433
OUT_10638,695.8428155421991
OUT_10639,2569.890454581293
OUT_10640,916.9002715547294
OUT_10641,2758.9858118687457
OUT_10642,51099.56993804593
OUT_10643,474.3856882464596
OUT_10644,15712.126652848428
OUT_10645,4434.298644156804
OUT_10646,818.3227652471325
OUT_10647,519.5771764817
OUT_10648,4257.835261385202
OUT_10649,595.808984879935
OUT_10650,1007.8103398475558
OUT_10651,929.1592155064352
OUT_10652,3037.312288554218
OUT_10653,52152.1634949732
OUT_10654,954.492705461874
OUT_10655,758.8764991744038
OUT_10656,988.8385119469176
OUT_10657,51478.6348941986
OUT_10658,839.4208029544147
OUT_10659,2439.718290776365
OUT_10660,50428.58810589892
OUT_10661,433.3711388936021
OUT_10662,696.4460281985807
OUT_10663,4345.3454962747865
OUT_10664,3652.682273122213
OUT_10665,2393.7850458844946
OUT_10666,3878.492269780492
OUT_10667,3924.965998977941
OUT_10668,695.4886822841778
OUT_10669,50334.08155089772
OUT_10670,18546.555398558477
OUT_10671,3619.294016369513
OUT_10672,4042.197891437923
OUT_10673,859.0138913015754
OUT_10674,3394.344447262074
OUT_10675,845.3389046654548
OUT_10676,3502.6895769544603
OUT_10677,1297.238565649691
OUT_10678,735.182866700058
OUT_10679,4038.9781951799846
OUT_10680,642.2101192342266
OUT_10681,723.616628640675
OUT_10682,817.6427913877802
OUT_10683,19945.40767652149
OUT_10684,861.5912284770245
OUT_10685,3408.925519667093
OUT_10686,3554.273236641089
OUT_10687,746.8907897579154
OUT_10688,4092.504088346368
OUT_10689,3214.5268969834183
OUT_10690,769.196885236195
OUT_10691,3562.331862746338
OUT_10692,4105.714770383845
OUT_10693,937.3290600142954
OUT_10694,3672.41406089724
OUT_10695,1038.5244738122578
OUT_10696,16273.302830392651
OUT_10697,495.8925471535909
OUT_10698,574.6804729109936
OUT_10699,50746.88797406523
OUT_10700,710.5938182561665
OUT_10701,828.0160545428137
OUT_10702,1074.4960591162226
OUT_10703,482.1630752872605
OUT_10704,821.2570812386764
OUT_10705,49585.82252146975
OUT_10706,878.0739139597438
OUT_10707,742.2700299336238
OUT_10708,47636.28805334969
OUT_10709,3160.818902897088
OUT_10710,50299.43043292052
OUT_10711,17392.02155501186
OUT_10712,492.9862526742744
OUT_10713,683.5527825936152
OUT_10714,3868.878870560015
OUT_10715,3203.1595964156168
OUT_10716,3539.915166155439
OUT_10717,17036.90673853116
OUT_10718,721.0495491212475
OUT_10719,50317.57957729762
OUT_10720,3154.261734745313
OUT_10721,3513.638508851653
OUT_10722,4168.973567958012
OUT_10723,3794.736642183012
OUT_10724,809.4112811753705
OUT_10725,898.241060137819
OUT_10726,530.3054687511989
OUT_10727,3231.7319673950387
OUT_10728,42552.95360601371
OUT_10729,1008.713197386358
OUT_10730,51760.02989952325
OUT_10731,1200.410801095429
OUT_10732,736.3476414553378
OUT_10733,887.0494651344113
OUT_10734,5040.073560176697
OUT_10735,3607.2862818853578
OUT_10736,923.3847455548748
OUT_10737,3638.2213688007328
OUT_10738,1100.980654371583
OUT_10739,797.7251937737493
OUT_10740,667.1721205808981
OUT_10741,323.1795281978608
OUT_10742,1175.9421327847367
OUT_10743,1011.8397914336596
OUT_10744,780.9687588170941
OUT_10745,1005.0342874349324
OUT_10746,633.1064202448548
OUT_10747,20549.60928357369
OUT_10748,1030.3313670064992
OUT_10749,863.6181715648988
OUT_10750,806.4164769271016
OUT_10751,569.5459428346395
OUT_10752,4147.997396432253
OUT_10753,910.9284463572898
OUT_10754,979.5888179532656
OUT_10755,929.9921750372366
OUT_10756,870.7279654727847
OUT_10757,835.2204391486978
OUT_10758,50271.65216200167
OUT_10759,676.2307970344089
OUT_10760,17959.68952538019
OUT_10761,3788.737323268457
OUT_10762,3344.2732088766943
OUT_10763,3304.647493243361
OUT_10764,3519.0686615961563
OUT_10765,668.5552124138242
OUT_10766,517.5982927498293
OUT_10767,512.3955806647755
OUT_10768,2341.821715215836
OUT_10769,294.73868466022395
OUT_10770,20576.97909367481
OUT_10771,784.5146301053462
OUT_10772,1014.466565827906
OUT_10773,3316.7439773720603
OUT_10774,547.3579289843765
OUT_10775,3373.9196322629377
OUT_10776,17146.06903518566
OUT_10777,647.7711499606072
OUT_10778,920.74295089502
OUT_10779,14558.589262549314
OUT_10780,4171.180724676363
OUT_10781,49357.05914248127
OUT_10782,3911.25295981948
OUT_10783,4529.144585045548
OUT_10784,479.2426366536241
OUT_10785,633.0495588289773
OUT_10786,567.83205113249
OUT_10787,718.2035744617548
OUT_10788,19555.712843846093
OUT_10789,659.7220516842267
OUT_10790,4920.860087365409
OUT_10791,1153.779646521793
OUT_10792,3738.623217618453
OUT_10793,19429.583380500804
OUT_10794,45559.6892950726
OUT_10795,1088.1874596989746
OUT_10796,3944.223443150397
OUT_10797,898.9825474541724
OUT_10798,51455.5145711482
OUT_10799,977.0952497318528
OUT_10800,1010.875008604356
OUT_10801,19971.64603672784
OUT_10802,792.2578169584267
OUT_10803,16047.04371209071
OUT_10804,50151.61476072888
OUT_10805,16954.839389216937
OUT_10806,821.3073621341803
OUT_10807,779.7949347347773
OUT_10808,766.5409642752933
OUT_10809,698.795555993601
OUT_10810,4606.004027816132
OUT_10811,534.7241979579138
OUT_10812,886.7885834361857
OUT_10813,573.2043937222303
OUT_10814,1627.0862926975376
OUT_10815,4183.033618198393
OUT_10816,3482.3408982616584
OUT_10817,3902.109488720948
OUT_10818,52496.55605698898
OUT_10819,3687.544940484921
OUT_10820,799.6868041937289
OUT_10821,3889.1231777670328
OUT_10822,731.8244109853875
OUT_10823,635.8592129417631
OUT_10824,597.4970832691805
OUT_10825,3059.635813955236
OUT_10826,19607.303527429976
OUT_10827,17330.40319253766
OUT_10828,49349.25785757896
OUT_10829,1305.8272595919211
OUT_10830,749.2401124842381
OUT_10831,608.3663753620164
OUT_10832,1184.0627604809652
OUT_10833,3595.0105198479832
OUT_10834,50942.45594157595
OUT_10835,976.9670211788896
OUT_10836,781.354925137351
OUT_10837,614.9103937805307
OUT_10838,3119.040223909657
OUT_10839,3413.1954577034257
OUT_10840,1012.6498105890118
OUT_10841,20958.18104362591
OUT_10842,3898.3426522207146
OUT_10843,630.0626261763032
OUT_10844,4118.730458373168
OUT_10845,16274.703699459393
OUT_10846,596.3707926009737
OUT_10847,878.3605331820343
OUT_10848,645.9099764035402
OUT_10849,49018.6573825045
OUT_10850,986.9937875419356
OUT_10851,266.05861358880105
OUT_10852,3279.987980219664
OUT_10853,536.8668806818044
OUT_10854,18016.86013992325
OUT_10855,815.8504095464586
OUT_10856,902.3969907227612
OUT_10857,2975.1668076026776
OUT_10858,797.2081284132333
OUT_10859,14591.29556173613
OUT_10860,1163.7639178535608
OUT_10861,3089.5802522398008
OUT_10862,671.5277763969091
OUT_10863,748.893503076004
OUT_10864,2851.7588953700747
OUT_10865,3583.539333615656
OUT_10866,589.4934759626146
OUT_10867,3964.178620337628
OUT_10868,1052.207548336161
OUT_10869,607.6276874379196
OUT_10870,1110.3324313421112
OUT_10871,3213.3950160643044
OUT_10872,18058.26259575661
OUT_10873,654.8096646131585
OUT_10874,570.6289488258518
OUT_10875,13988.606324196244
OUT_10876,14869.67694173658
OUT_10877,2954.401137049973
OUT_10878,1069.1024632497963
OUT_10879,3390.544620216592
OUT_10880,4679.5289022296565
OUT_10881,621.3724103046377
OUT_10882,13916.40253629788
OUT_10883,19181.04529628746
OUT_10884,1235.0594493557476
OUT_10885,882.2041787235139
OUT_10886,840.9264855076174
OUT_10887,18327.38139846293
OUT_10888,602.9955254219719
OUT_10889,610.6019872109982
OUT_10890,4570.881288953212
OUT_10891,16229.266013103666
OUT_10892,477.7150889703267
OUT_10893,682.7005511679736
OUT_10894,18980.010349916785
OUT_10895,814.686880514126
OUT_10896,1017.0840170837358
OUT_10897,512.5089249616242
OUT_10898,1072.1734859634537
OUT_10899,829.4957824531718
OUT_10900,731.3166934248571
OUT_10901,927.0162807116384
OUT_10902,16469.627407085165
OUT_10903,18210.519748280138
OUT_10904,871.2977018694733
OUT_10905,959.5760809894522
OUT_10906,645.2125437933266
OUT_10907,734.863324862448
OUT_10908,604.6090008819795
OUT_10909,753.5117684833258
OUT_10910,16185.184698290916
OUT_10911,583.526343354163
OUT_10912,719.2228701167729
OUT_10913,3484.9362711066824
OUT_10914,17072.199893673285
OUT_10915,799.9465017351988
OUT_10916,3727.916657567642
OUT_10917,3854.685335760637
OUT_10918,588.6995864522653
OUT_10919,915.1208538704876
OUT_10920,848.3479401233429
OUT_10921,17264.179449737676
OUT_10922,4390.567867207409
OUT_10923,17829.890945699513
OUT_10924,17848.361109352765
OUT_10925,47104.69627752288
OUT_10926,660.3889541542154
OUT_10927,781.7005845671355
OUT_10928,763.9467112347554
OUT_10929,15362.832131890274
OUT_10930,17769.402071889377
OUT_10931,907.5329501024382
OUT_10932,16850.740702384075
OUT_10933,3169.3112134385087
OUT_10934,1093.8187345060314
OUT_10935,18077.71060817899
OUT_10936,646.0031491365671
OUT_10937,717.1020792732722
OUT_10938,18859.23465276082
OUT_10939,3652.732301968416
OUT_10940,19279.321113272825
OUT_10941,18357.613000091947
OUT_10942,708.8676502334055
OUT_10943,16118.611638133256
OUT_10944,750.3930314613885
OUT_10945,694.7683385086717
OUT_10946,546.3972951917596
OUT_10947,1001.221161691151
OUT_10948,575.3196333455693
OUT_10949,533.5805916876541
OUT_10950,655.4309988057603
OUT_10951,1043.3435331274102
OUT_10952,18502.1845814248
OUT_10953,3515.189320326848
OUT_10954,48374.723049298846
OUT_10955,602.2422576642638
OUT_10956,956.9942163377548
OUT_10957,18374.86235313151
OUT_10958,445.3996310077665
OUT_10959,20030.010718537495
OUT_10960,3533.460857154649
OUT_10961,937.3553406056424
OUT_10962,53049.41888414214
OUT_10963,51660.2740114304
OUT_10964,49734.12461373882
OUT_10965,554.9613730423357
OUT_10966,50604.66668459682
OUT_10967,18441.026358578485
OUT_10968,19070.34579851347
OUT_10969,599.6651434266379
OUT_10970,3623.614957351209
OUT_10971,786.6816888669103
OUT_10972,1002.4133308765872
OUT_10973,606.8323106646172
OUT_10974,3562.461295355674
OUT_10975,3693.293316797827
OUT_10976,773.9481654582531
OUT_10977,866.1614931416001
OUT_10978,815.0555083737104
OUT_10979,601.5778251126815
OUT_10980,15912.416966734923
OUT_10981,1052.869668803485
OUT_10982,2604.508290270356
OUT_10983,3648.772224414737
OUT_10984,502.6470440080074
OUT_10985,3522.9957594844923
OUT_10986,837.7094866846751
OUT_10987,3277.3158277167
OUT_10988,3702.786774735965
OUT_10989,15956.689225070557
OUT_10990,15585.909139043872
OUT_10991,1171.3013501001076
OUT_10992,1360.384254334288
OUT_10993,17369.676151656742
OUT_10994,755.0331378296374
OUT_10995,851.345831397399
OUT_10996,49681.15264706032
OUT_10997,51223.24435598219
OUT_10998,1001.4177836449978
OUT_10999,17009.9897092768
OUT_11000,690.9632910659972
OUT_11001,4128.16035875318
OUT_11002,600.0069455789378
OUT_11003,51294.4003443351
OUT_11004,719.0173359784309
OUT_11005,4716.9003501021225
OUT_11006,4197.294427543449
OUT_11007,477.9987087206736
OUT_11008,19494.42279587358
OUT_11009,4204.004835860752
OUT_11010,3647.227216388878
OUT_11011,603.1013586117783
OUT_11012,537.022224724278
OUT_11013,3364.8486643505544
OUT_11014,503.3396934932934
OUT_11015,18080.90891434441
OUT_11016,594.4278262989106
OUT_11017,19152.588081991697
OUT_11018,560.4817469686037
OUT_11019,504.4051755700288
OUT_11020,740.9102865881224
OUT_11021,18796.28387554724
OUT_11022,672.6122094348832
OUT_11023,839.8190302663579
OUT_11024,1055.9434531983356
OUT_11025,3384.655737080261
OUT_11026,837.3176547955406
OUT_11027,4053.458573428803
OUT_11028,2743.220041423416
OUT_11029,50399.84340667827
OUT_11030,781.4713843325771
OUT_11031,893.844576713835
OUT_11032,868.5532471431649
OUT_11033,4042.600582740252
OUT_11034,3748.306549499785
OUT_11035,946.0440634997988
OUT_11036,3562.2805853530467
OUT_11037,801.2069900576496
OUT_11038,3456.931955396717
OUT_11039,16193.331611650765
OUT_11040,660.9927911930998
OUT_11041,1026.0464518262645
OUT_11042,3801.935513498051
OUT_11043,18349.377101616414
OUT_11044,1125.8358063723306
OUT_11045,2948.7711413356587
OUT_11046,3154.1674077412454
OUT_11047,913.5531398623468
OUT_11048,4053.4551517346754
OUT_11049,4063.9876287371135
OUT_11050,3027.792721787176
OUT_11051,3720.508558683275
OUT_11052,17797.447619917406
OUT_11053,797.3437866519268
OUT_11054,3881.44996664708
OUT_11055,4068.116460753867
OUT_11056,48344.44208079424
OUT_11057,3560.8660260471074
OUT_11058,923.1154928912828
OUT_11059,676.3085426523909
OUT_11060,3836.2489999927902
OUT_11061,862.0984280761134
OUT_11062,813.6704211561147
OUT_11063,15788.96386386173
OUT_11064,3935.7614053556144
OUT_11065,528.9244750439321
OUT_11066,911.164059705508
OUT_11067,645.8445838528042
OUT_11068,18139.785813065035
OUT_11069,12912.209904476978
OUT_11070,3640.961101427187
OUT_11071,566.9166102409881
OUT_11072,840.2884506460609
OUT_11073,921.5549961873348
OUT_11074,614.212785786684
OUT_11075,663.6601757394844
OUT_11076,4523.390916276481
OUT_11077,20045.042665219804
OUT_11078,978.4814024555724
OUT_11079,700.9780525449005
OUT_11080,842.553076433464
OUT_11081,3935.2525130273175
OUT_11082,1059.4756004836136
OUT_11083,2619.0391080084623
OUT_11084,3292.029877119223
OUT_11085,1153.4410031993966
OUT_11086,821.7437164079953
OUT_11087,541.3341583795291
OUT_11088,704.6182225569092
OUT_11089,3959.419514934189
OUT_11090,19302.079716192657
OUT_11091,876.0497377366062
OUT_11092,4128.265157035215
OUT_11093,808.5878901924843
OUT_11094,52534.64750117368
OUT_11095,701.6580637711866
OUT_11096,517.7534276602624
OUT_11097,3834.321973924989
OUT_11098,17433.787929643036
OUT_11099,559.5397043749015
OUT_11100,1066.8852828626646
OUT_11101,19161.950988789795
OUT_11102,901.917310252379
OUT_11103,592.4087685479819
OUT_11104,627.9938081579655
OUT_11105,16800.5909396212
OUT_11106,18783.30739636812
OUT_11107,3002.5948100429628
OUT_11108,53567.69950310086
OUT_11109,3640.435829262685
OUT_11110,3095.2552196189613
OUT_11111,914.2792439555554
OUT_11112,16450.197401120342
OUT_11113,3319.44500561345
OUT_11114,4204.583388369477
OUT_11115,468.6223739850466
OUT_11116,600.9251851949223
OUT_11117,3903.356981567659
OUT_11118,813.0114978846614
OUT_11119,4171.457722729408
OUT_11120,17304.346281651582
OUT_11121,532.9916275804709
OUT_11122,936.1376635619672
OUT_11123,17912.15029150101
OUT_11124,18061.224367682986
OUT_11125,3353.108613826142
OUT_11126,895.734871965931
OUT_11127,879.458939787935
OUT_11128,47138.25952030298
OUT_11129,952.9670849514348
OUT_11130,630.9077126614606
OUT_11131,17709.147600130014
OUT_11132,3272.883276077337
OUT_11133,3785.910035743103
OUT_11134,884.9736778027839
OUT_11135,911.5919903257516
OUT_11136,1152.3349299023198
OUT_11137,749.8655778857687
OUT_11138,2948.426726143145
OUT_11139,3923.434022219398
OUT_11140,18847.00363397708
OUT_11141,3486.048777884531
OUT_11142,587.7985197025903
OUT_11143,49145.19918772569
OUT_11144,920.0104216844536
OUT_11145,3945.1649185838414
OUT_11146,726.902194480034
OUT_11147,1056.6138878806253
OUT_11148,923.7952320756012
OUT_11149,591.4847533357138
OUT_11150,18154.45163113311
OUT_11151,4047.9733568866113
OUT_11152,16332.728131958822
OUT_11153,3598.415834722144
OUT_11154,587.7191262326293
OUT_11155,1379.2892915813495
OUT_11156,726.4527459462838
OUT_11157,4080.347775255515
OUT_11158,3174.562006688908
OUT_11159,775.3450907192374
OUT_11160,3441.6347386390707
OUT_11161,615.1326950039015
OUT_11162,1018.6536432122184
OUT_11163,4004.944474782764
OUT_11164,523.8491958858092
OUT_11165,50785.97351286264
OUT_11166,789.0427016948662
OUT_11167,3883.710116679294
OUT_11168,50075.48921239845
OUT_11169,1039.6387419019884
OUT_11170,659.7034408571755
OUT_11171,1013.656138195963
OUT_11172,4374.628986121018
OUT_11173,1197.4324251003377
OUT_11174,526.5475183491099
OUT_11175,3071.437665565948
OUT_11176,4381.503043105173
OUT_11177,18619.334427404217
OUT_11178,740.927902768423
OUT_11179,3537.6104011164016
OUT_11180,512.6790313382384
OUT_11181,985.2663722009032
OUT_11182,15911.857281215329
OUT_11183,4900.643587522721
OUT_11184,757.8618851735708
OUT_11185,721.8855796023768
OUT_11186,3610.63781364968
OUT_11187,20200.52514638597
OUT_11188,948.3951343018784
OUT_11189,3835.983629905757
OUT_11190,727.0249748055029
OUT_11191,942.259837563668
OUT_11192,5304.903675104995
OUT_11193,674.130403747097
OUT_11194,703.8097028274294
OUT_11195,4460.080718358587
OUT_11196,737.0542174764634
OUT_11197,2979.9164544402106
OUT_11198,3591.943539763444
OUT_11199,16612.76940502137
OUT_11200,623.9668087568464
OUT_11201,3537.3929477144816
OUT_11202,613.0543120191292
OUT_11203,771.0416329739177
OUT_11204,50134.11872337524
OUT_11205,742.6998636263165
OUT_11206,671.2264276067598
OUT_11207,744.8019901764883
OUT_11208,17876.280059155455
OUT_11209,468.4652890513578
OUT_11210,685.2142637050814
OUT_11211,1205.0332423295874
OUT_11212,4578.406883051237
OUT_11213,3808.91994694965
OUT_11214,51583.92463161143
OUT_11215,857.1009709027234
OUT_11216,762.4975043990286
OUT_11217,51747.28446802344
OUT_11218,3874.13035356671
OUT_11219,19405.17239265968
OUT_11220,755.1402789886555
OUT_11221,454.5442710747846
OUT_11222,52124.00759394467
OUT_11223,701.7945745226577
OUT_11224,867.2711030480239
OUT_11225,48494.90989230302
OUT_11226,944.4507194232528
OUT_11227,623.0103997597165
OUT_11228,680.9538734952586
OUT_11229,2771.282334745076
OUT_11230,632.667998204161
OUT_11231,3289.755724452657
OUT_11232,51988.66865826078
OUT_11233,17830.57551383705
OUT_11234,689.0953997702622
OUT_11235,356.9839419712691
OUT_11236,3191.0065978550606
OUT_11237,592.8389264048554
OUT_11238,637.8316834226433
OUT_11239,18379.411633268974
OUT_11240,4500.225840540355
OUT_11241,626.733997261733
OUT_11242,711.1795396439987
OUT_11243,628.5754246554254
OUT_11244,949.5444335490232
OUT_11245,2946.323246700624
OUT_11246,805.2188586949165
OUT_11247,932.817251105086
OUT_11248,559.1911320384507
OUT_11249,3113.7856420804137
OUT_11250,5271.389820324749
OUT_11251,53125.615369873965
OUT_11252,1034.7055587235316
OUT_11253,18481.26530466969
OUT_11254,3472.516694871104
OUT_11255,4148.46831445844
OUT_11256,2609.5515152172798
OUT_11257,603.9319960095028
OUT_11258,804.6382131576671
OUT_11259,1223.5496373091614
OUT_11260,17331.1473274514
OUT_11261,49758.05853621195
OUT_11262,732.1864911373576
OUT_11263,589.6121313064606
OUT_11264,963.2142223995996
OUT_11265,18580.86449866234
OUT_11266,942.1466312499932
OUT_11267,810.0136423474928
OUT_11268,3240.720821363056
OUT_11269,47734.897622645
OUT_11270,1011.06261376606
OUT_11271,999.5593479859162
OUT_11272,618.7815780297315
OUT_11273,4333.866362239139
OUT_11274,722.3602656315904
OUT_11275,729.0771445168168
OUT_11276,2540.062838344741
OUT_11277,881.4417971299807
OUT_11278,673.5594454848946
OUT_11279,670.65488193909
OUT_11280,20576.035095191128
OUT_11281,814.1816436617997
OUT_11282,1063.248588327912
OUT_11283,935.2351316215792
OUT_11284,857.2915839060188
OUT_11285,1076.3223308080303
OUT_11286,4179.061070266454
OUT_11287,572.9827917635355
OUT_11288,20155.51852849297
OUT_11289,579.4338020709012
OUT_11290,4116.559129058943
OUT_11291,18112.740634302016
OUT_11292,781.7094808590052
OUT_11293,4199.837092767487
OUT_11294,535.382311930607
OUT_11295,850.3120658101711
OUT_11296,19208.527102006028
OUT_11297,2922.024412068996
OUT_11298,4158.740789284949
OUT_11299,569.6089565268428
OUT_11300,900.869679804328
OUT_11301,872.7064042266861
OUT_11302,977.7608909205484
OUT_11303,17158.252592500176
OUT_11304,977.806199110049
OUT_11305,51559.85888884164
OUT_11306,3707.261736842636
OUT_11307,51622.51862527647
OUT_11308,3496.6456435534037
OUT_11309,19102.164763726352
OUT_11310,3649.231241582353
OUT_11311,990.8277923249128
OUT_11312,596.4241961659466
OUT_11313,1133.2853851935442
OUT_11314,15233.541137055634
OUT_11315,4328.87737252325
OUT_11316,51607.255883499885
OUT_11317,18588.906480280555
OUT_11318,16695.256555024782
OUT_11319,774.629748493573
OUT_11320,313.15262554896736
OUT_11321,3746.092024947335
OUT_11322,18311.732258252803
OUT_11323,4926.294382000892
OUT_11324,888.6159197183908
OUT_11325,925.7551040799962
OUT_11326,4364.575517658984
OUT_11327,785.6585080363479
OUT_11328,17597.26785493418
OUT_11329,753.9691432773459
OUT_11330,16761.04348306991
OUT_11331,3501.984031502154
OUT_11332,944.2876012463488
OUT_11333,4164.207871509507
OUT_11334,1113.2618714736095
OUT_11335,539.3376529359099
OUT_11336,4845.630462146499
OUT_11337,3569.5211400947733
OUT_11338,3112.4770005746127
OUT_11339,768.8437639639425
OUT_11340,3026.3835007242187
OUT_11341,994.9340239723776
OUT_11342,4327.122201386494
OUT_11343,1013.3562983159268
OUT_11344,541.6515810332231
OUT_11345,456.4484002065191
OUT_11346,3472.631561369164
OUT_11347,3715.985417148037
OUT_11348,702.4090258340646
OUT_11349,741.3090744947642
OUT_11350,3277.7757768586507
OUT_11351,443.390854798279
OUT_11352,3711.264587054629
OUT_11353,867.9829651781978
OUT_11354,16628.669279646343
OUT_11355,737.273477148917
OUT_11356,959.366829423083
OUT_11357,3112.529630395556
OUT_11358,1241.3837493847393
OUT_11359,51671.622844786514
OUT_11360,3807.130672800598
OUT_11361,2906.759351121033
OUT_11362,3792.368846474398
OUT_11363,580.4285410722885
OUT_11364,641.4993702714643
OUT_11365,3492.727867078864
OUT_11366,702.5025191355908
OUT_11367,1060.421983778759
OUT_11368,49343.78741522571
OUT_11369,767.6488992636715
OUT_11370,928.4833502781314
OUT_11371,3729.674204348512
OUT_11372,15841.800223680231
OUT_11373,3146.6745879718696
OUT_11374,933.9412079541648
OUT_11375,3687.893944243988
OUT_11376,2974.5191413534526
OUT_11377,504.8126561869528
OUT_11378,4046.22435684748
OUT_11379,1215.2876956247796
OUT_11380,915.692269758742
OUT_11381,3166.448925094843
OUT_11382,816.0140892378222
OUT_11383,3700.745658453475
OUT_11384,3911.369894221363
OUT_11385,3473.088326034984
OUT_11386,3697.545442080204
OUT_11387,858.8964902584532
OUT_11388,4090.223379388863
OUT_11389,829.4396866849747
OUT_11390,388.6433625615972
OUT_11391,892.2838550682891
OUT_11392,17314.038640553837
OUT_11393,632.0989895501511
OUT_11394,18486.542143567563
OUT_11395,3514.246849699667
OUT_11396,4134.456827365044
OUT_11397,20202.33684172969
OUT_11398,3811.631728479751
OUT_11399,841.9519697416296
OUT_11400,695.1841345132013
OUT_11401,3416.376575289308
OUT_11402,1113.1636718141046
OUT_11403,48861.70888806903
OUT_11404,825.3043218333247
OUT_11405,793.9733063444737
OUT_11406,18884.698557244883
OUT_11407,910.5479409465678
OUT_11408,884.1736144475667
OUT_11409,2733.6098545561545
OUT_11410,4329.648434750375
OUT_11411,835.8283973685159
OUT_11412,525.6239976256136
OUT_11413,17512.333358827655
OUT_11414,1043.9757291126302
OUT_11415,681.4367888454058
OUT_11416,20166.06125760928
OUT_11417,856.2681626484293
OUT_11418,785.4736820014683
OUT_11419,922.571018030044
OUT_11420,2767.047705420314
OUT_11421,17557.588622978583
OUT_11422,3637.291172734656
OUT_11423,3728.518207217902
OUT_11424,3333.636717397961
OUT_11425,1234.032110170161
OUT_11426,51112.24301987663
OUT_11427,4653.759918163578
OUT_11428,3325.218744393585
OUT_11429,951.2823617732984
OUT_11430,660.7500389879787
OUT_11431,3891.1702390036967
OUT_11432,4303.9981017941245
OUT_11433,959.2208435967832
OUT_11434,17373.65754732761
OUT_11435,808.7822621290632
OUT_11436,877.8478758667113
OUT_11437,16455.33810673963
OUT_11438,17099.902024715415
OUT_11439,3989.25746768146
OUT_11440,900.7514223928248
OUT_11441,860.2945869692486
OUT_11442,387.5227391230909
OUT_11443,848.7308100534474
OUT_11444,537.1435843454254
OUT_11445,665.7697773790351
OUT_11446,4149.026258533429
OUT_11447,16775.36176802643
OUT_11448,498.39959668123055
OUT_11449,3599.587204538282
OUT_11450,420.7016600624645
OUT_11451,844.5922239276974
OUT_11452,1342.2132561272954
OUT_11453,3521.3118257609567
OUT_11454,3356.651728761997
OUT_11455,3738.43903744188
OUT_11456,876.9017107221179
OUT_11457,3877.957423446431
OUT_11458,52159.99223088415
OUT_11459,638.0988788312537
OUT_11460,47665.52493073309
OUT_11461,840.1235672990875
OUT_11462,792.8752166932765
OUT_11463,413.28845398109786
OUT_11464,4022.171045503372
OUT_11465,52875.66618844615
OUT_11466,1050.3870366598137
OUT_11467,647.384526581691
OUT_11468,3599.046529247927
OUT_11469,952.1539446631692
OUT_11470,361.36971682057066
OUT_11471,4214.223062493613
OUT_11472,1074.293134546227
OUT_11473,3866.323728590898
OUT_11474,820.2460956895487
OUT_11475,17023.83925311164
OUT_11476,652.2193116386262
OUT_11477,807.5999160910429
OUT_11478,953.673963254696
OUT_11479,3381.505970229646
OUT_11480,493.54037876320746
OUT_11481,668.2899598830244
OUT_11482,3117.933426227492
OUT_11483,3111.123485693728
OUT_11484,3264.1328483834977
OUT_11485,499.0537996152864
OUT_11486,4312.273299998773
OUT_11487,3123.166169797505
OUT_11488,3741.3674183879048
OUT_11489,4018.141745819388
OUT_11490,2843.3225745356926
OUT_11491,4207.746218999517
OUT_11492,4064.242551515981
OUT_11493,4205.3357075769145
OUT_11494,652.4331092224061
OUT_11495,3398.5923960237897
OUT_11496,811.2354630283943
OUT_11497,53429.357067444274
OUT_11498,763.6335308024459
OUT_11499,912.1500838833484
OUT_11500,16153.977732703846
OUT_11501,324.0316327806696
OUT_11502,14486.96743918832
OUT_11503,2583.014473175436
OUT_11504,20730.647939055616
OUT_11505,1001.31980187522
OUT_11506,4102.385104135443
OUT_11507,769.2645135537562
OUT_11508,3248.8611932588683
OUT_11509,479.8811171723068
OUT_11510,2585.0782080106774
OUT_11511,4248.350997604713
OUT_11512,16783.063006381766
OUT_11513,3088.6936301014694
OUT_11514,464.0631734105688
OUT_11515,20149.02731633204
OUT_11516,856.1383677430723
OUT_11517,3599.185747103087
OUT_11518,892.3313590769612
OUT_11519,330.19185871914954
OUT_11520,3489.9462883026968
OUT_11521,988.0891491593338
OUT_11522,3627.977541317323
OUT_11523,49336.49407512766
OUT_11524,570.5985383294118
OUT_11525,871.3467352482784
OUT_11526,778.226433232712
OUT_11527,1007.0996624523956
OUT_11528,812.8701513723634
OUT_11529,887.6277916086815
OUT_11530,497.1492048225791
OUT_11531,3005.3764205681173
OUT_11532,16996.935016984702
OUT_11533,611.4343195334712
OUT_11534,18208.252938261998
OUT_11535,3652.465043920449
OUT_11536,3161.4985923325235
OUT_11537,889.2116954020278
OUT_11538,854.3903905615658
OUT_11539,2895.4105874783004
OUT_11540,16572.309061595377
OUT_11541,3124.3738429532814
OUT_11542,1014.6434143125812
OUT_11543,985.1877790078448
OUT_11544,621.9588093614436
OUT_11545,17386.465921056675
OUT_11546,740.4687814375454
OUT_11547,16553.721524099543
OUT_11548,652.2806637358267
OUT_11549,3425.264190435156
OUT_11550,777.4168661872393
OUT_11551,830.1940391962062
OUT_11552,833.3608407710768
OUT_11553,832.5241924396237
OUT_11554,687.5120292175212
OUT_11555,572.3623692427542
OUT_11556,1001.4783420890556
OUT_11557,3057.058949507671
OUT_11558,674.530323868515
OUT_11559,16779.313922024372
OUT_11560,3521.288636841652
OUT_11561,765.2019653355925
OUT_11562,791.7936938398482
OUT_11563,17348.967572671325
OUT_11564,999.9819054580482
OUT_11565,4045.9163324112474
OUT_11566,574.3966697348214
OUT_11567,17590.576368799862
OUT_11568,893.2763941298932
OUT_11569,18435.8867107567
OUT_11570,638.8528458179356
OUT_11571,2898.6269304663406
OUT_11572,1285.4205968330186
OUT_11573,2328.292369611774
OUT_11574,3186.640142751992
OUT_11575,881.6795875096393
OUT_11576,4313.190124295989
OUT_11577,684.1549906818994
OUT_11578,3407.044706129853
OUT_11579,850.380789955443
OUT_11580,908.905867458722
OUT_11581,667.4125871766199
OUT_11582,1069.0721108262298
OUT_11583,2876.1575034339858
OUT_11584,18764.371209175395
OUT_11585,3892.255603013764
OUT_11586,1156.382275724583
OUT_11587,3645.75161026069
OUT_11588,41849.785835268274
OUT_11589,4036.36712158272
OUT_11590,50284.58239671231
OUT_11591,899.7565125487197
OUT_11592,616.8879717051419
OUT_11593,763.819720281833
OUT_11594,647.8841967661876
OUT_11595,417.4262644318989
OUT_11596,561.567281260902
OUT_11597,711.3143005383312
OUT_11598,4445.700310035947
OUT_11599,15842.352054168708
OUT_11600,481.92963071175546
OUT_11601,50125.98206900491
OUT_11602,813.9442080125124
OUT_11603,1261.6029479297576
OUT_11604,840.4190305051605
OUT_11605,51106.83271096481
OUT_11606,4011.5583701829737
OUT_11607,3901.69056480352
OUT_11608,741.5814884195798
OUT_11609,902.9773023616068
OUT_11610,978.2534749536056
OUT_11611,17675.68782512283
OUT_11612,835.4925065912247
OUT_11613,17393.722219116597
OUT_11614,690.6433421980654
OUT_11615,2493.54850108376
OUT_11616,4876.849626468962
OUT_11617,3405.303989899706
OUT_11618,3913.701790563528
OUT_11619,49512.25387488191
OUT_11620,1151.805888730139
OUT_11621,897.8334880307897
OUT_11622,16718.140166196106
OUT_11623,848.8861882142579
OUT_11624,460.861165657746
OUT_11625,776.7055859961779
OUT_11626,571.9663230690263
OUT_11627,1177.5479104771327
OUT_11628,4802.923237277818
OUT_11629,650.7472592393373
OUT_11630,17623.912642502513
OUT_11631,3600.487028216912
OUT_11632,3319.702680132605
OUT_11633,18024.06970681785
OUT_11634,572.9377890150853
OUT_11635,726.3055940257603
OUT_11636,51345.37083461157
OUT_11637,17390.829328530555
OUT_11638,948.2530403293124
OUT_11639,983.1064967466476
OUT_11640,4628.867237135701
OUT_11641,823.8922205012552
OUT_11642,19575.281419001323
OUT_11643,48912.644955484335
OUT_11644,52341.380736482985
OUT_11645,828.0593665058157
OUT_11646,15740.568545593207
OUT_11647,735.7980797406036
OUT_11648,3745.38717804362
OUT_11649,841.1001455600871
OUT_11650,498.4020729396218
OUT_11651,488.3853712879464
OUT_11652,20131.734315848407
OUT_11653,724.7989178472488
OUT_11654,598.0735775305042
OUT_11655,626.466072754735
OUT_11656,657.5958378846314
OUT_11657,1116.283799880991
OUT_11658,949.8159417186258
OUT_11659,768.6389977072471
OUT_11660,696.6720399652631
OUT_11661,719.557792513381
OUT_11662,15272.789788200793
OUT_11663,681.7833165161938
OUT_11664,899.2309830538036
OUT_11665,47609.06480946813
OUT_11666,16472.390340219077
OUT_11667,3437.9307232208835
OUT_11668,3097.876031725493
OUT_11669,584.8028911615755
OUT_11670,444.0818207721958
OUT_11671,660.6106258975027
OUT_11672,18363.618755493277
OUT_11673,3183.185645694776
OUT_11674,20637.282004203327
OUT_11675,713.1438231298947
OUT_11676,3735.047447225607
OUT_11677,720.729805091691
OUT_11678,676.8767116412761
OUT_11679,583.165098631809
OUT_11680,17062.282732601365
OUT_11681,2712.53019392973
OUT_11682,533.3726602165327
OUT_11683,19408.047686829203
OUT_11684,602.3282011645958
OUT_11685,591.7844841093233
OUT_11686,18543.008187007395
OUT_11687,1041.7524932828176
OUT_11688,19123.33439677492
OUT_11689,2989.533894596898
OUT_11690,1106.1239257185036
OUT_11691,654.552531776724
OUT_11692,18720.668025720388
OUT_11693,3623.988867347159
OUT_11694,816.1072149554203
OUT_11695,683.2575980625454
OUT_11696,18737.66196754008
OUT_11697,49662.9983758809
OUT_11698,688.9477803528961
OUT_11699,4329.89154411555
OUT_11700,965.3072255771772
OUT_11701,847.1172050149715
OUT_11702,4770.166210033543
OUT_11703,735.8471304787532
OUT_11704,17823.22865244425
OUT_11705,915.8343043189624
OUT_11706,924.588959005527
OUT_11707,4173.388479169253
OUT_11708,723.0573538887295
OUT_11709,705.7610144625946
OUT_11710,694.6910361528304
OUT_11711,4354.080721363913
OUT_11712,1064.4560447716804
OUT_11713,3513.725462623307
OUT_11714,662.7957578766509
OUT_11715,3222.259917926212
OUT_11716,4008.636020578442
OUT_11717,17776.840329060928
OUT_11718,3792.576076705863
OUT_11719,3568.3777785523557
OUT_11720,47436.858162206496
OUT_11721,3650.977816154532
OUT_11722,750.9871973634533
OUT_11723,771.2561871878729
OUT_11724,931.6625672843478
OUT_11725,878.7902202350475
OUT_11726,978.6663901058264
OUT_11727,2750.376529874664
OUT_11728,743.1133818429469
OUT_11729,683.6420356689666
OUT_11730,1136.10637090992
OUT_11731,844.6974136353317
OUT_11732,854.1491801496004
OUT_11733,19763.7821741078
OUT_11734,1017.23577686687
OUT_11735,573.4850524588268
OUT_11736,599.0161593669075
OUT_11737,755.5554588211904
OUT_11738,770.6863583655422
OUT_11739,502.7953641632673
OUT_11740,732.8445651298509
OUT_11741,1108.2370579112169
OUT_11742,3730.66274088408
OUT_11743,3464.5136017392306
OUT_11744,459.0433871365152
OUT_11745,631.0692457927219
OUT_11746,18253.460861199743
OUT_11747,3526.058507448607
OUT_11748,623.5902021126556
OUT_11749,3916.510838817917
OUT_11750,2995.48709521875
OUT_11751,726.3421979786989
OUT_11752,724.9173351866832
OUT_11753,3920.072339767647
OUT_11754,507.606747754341
OUT_11755,18950.135741217917
OUT_11756,564.0025279355949
OUT_11757,14643.4695409083
OUT_11758,394.26353378207375
OUT_11759,728.0061599243702
OUT_11760,506.0110007910014
OUT_11761,4650.592331050663
OUT_11762,18548.2207547994
OUT_11763,4646.902467427615
OUT_11764,3372.99009293584
OUT_11765,826.2109516624382
OUT_11766,1049.5581483025496
OUT_11767,50518.99910376642
OUT_11768,616.5846547919617
OUT_11769,16353.979516352736
OUT_11770,51996.707671143486
OUT_11771,3211.7199549994016
OUT_11772,4167.517942224528
OUT_11773,807.3450163149596
OUT_11774,511.9936105475295
OUT_11775,3842.810515258813
OUT_11776,809.68423685693
OUT_11777,580.3622319979936
OUT_11778,1106.4864989840328
OUT_11779,615.8658868806135
OUT_11780,19144.998566073235
OUT_11781,724.3487583339477
OUT_11782,1270.7092393452135
OUT_11783,3000.410447248028
OUT_11784,4016.80622260312
OUT_11785,658.4403710154877
OUT_11786,631.1491980350693
OUT_11787,864.1566808892642
OUT_11788,51652.22597806358
OUT_11789,15713.282233904518
OUT_11790,2362.6382448657
OUT_11791,15650.261248218309
OUT_11792,3709.208779209942
OUT_11793,950.9548394386752
OUT_11794,972.0123337197168
OUT_11795,592.1905041932888
OUT_11796,3409.847622934018
OUT_11797,18811.530858098537
OUT_11798,4091.535291049117
OUT_11799,3564.5374266359668
OUT_11800,3293.6899666031345
OUT_11801,2739.6634174064284
OUT_11802,1141.4434652267455
OUT_11803,1083.91052667668
OUT_11804,49127.01550603203
OUT_11805,1182.6387653336485
OUT_11806,620.8355665591773
OUT_11807,4015.882308530973
OUT_11808,3861.915590627399
OUT_11809,965.9940455434846
OUT_11810,712.5289942057657
OUT_11811,938.5631246643323
OUT_11812,896.2061561199021
OUT_11813,3285.573012970238
OUT_11814,3248.9347523643683
OUT_11815,669.464967194242
OUT_11816,16571.423100498596
OUT_11817,3580.9907423730765
OUT_11818,597.7646978923486
OUT_11819,19161.852616713044
OUT_11820,17521.727911901722
OUT_11821,765.8318956037089
OUT_11822,681.2850864101454
OUT_11823,18830.71057331837
OUT_11824,3647.965488308249
OUT_11825,2429.0494934714266
OUT_11826,789.8338260533557
OUT_11827,926.5349240359592
OUT_11828,811.083745109561
OUT_11829,760.1852027693717
OUT_11830,528.5216058342062
OUT_11831,1027.5221028888825
OUT_11832,749.6364942604573
OUT_11833,3997.510986301344
OUT_11834,3878.943792057083
OUT_11835,402.0695063183323
OUT_11836,1016.23563195314
OUT_11837,3609.484195688387
OUT_11838,2673.8213002085986
OUT_11839,1094.1283821244776
OUT_11840,407.9285978917882
OUT_11841,505.4853678485494
OUT_11842,2804.004261766226
OUT_11843,52516.940337063344
OUT_11844,686.1718185494024
OUT_11845,13510.764210565676
OUT_11846,944.5671572783988
OUT_11847,3039.9561212104386
OUT_11848,15996.340101488824
OUT_11849,505.4255114209632
OUT_11850,639.3500231758414
OUT_11851,908.5853111339068
OUT_11852,19393.997605877543
OUT_11853,46129.47888611233
OUT_11854,629.4786661366128
OUT_11855,4001.00491028665
OUT_11856,3047.513132031143
OUT_11857,16257.576541451894
OUT_11858,3720.975595402951
OUT_11859,16668.342830186753
OUT_11860,516.2689938873299
OUT_11861,4366.26201556285
OUT_11862,2422.754247327732
OUT_11863,891.2282805129267
OUT_11864,482.0008211607833
OUT_11865,740.6137685088671
OUT_11866,4043.749585049834
OUT_11867,987.0859203190988
OUT_11868,18202.91257368327
OUT_11869,579.1972935129124
OUT_11870,4052.193517252103
OUT_11871,638.7371961572575
OUT_11872,3471.339850241536
OUT_11873,700.5919914437353
OUT_11874,876.4635517203852
OUT_11875,4037.24764839325
OUT_11876,2883.6529015412693
OUT_11877,1028.6550771515829
OUT_11878,645.1274637905494
OUT_11879,3942.746530283391
OUT_11880,969.2737192672724
OUT_11881,3392.2402634507584
OUT_11882,2867.7559314006644
OUT_11883,18299.60475190724
OUT_11884,697.7800168839993
OUT_11885,3533.503126033632
OUT_11886,4655.678100156366
OUT_11887,622.8160247085914
OUT_11888,1148.8732189086527
OUT_11889,4167.101305657591
OUT_11890,785.4798809980122
OUT_11891,623.1979154366646
OUT_11892,692.5374496020668
OUT_11893,969.30831188695
OUT_11894,17628.069077165495
OUT_11895,594.0164873767171
OUT_11896,538.2140543765767
OUT_11897,17406.115351265453
OUT_11898,16254.854991589698
OUT_11899,987.785863753856
OUT_11900,18045.751537219217
OUT_11901,626.3966912231868
OUT_11902,588.4599557495983
OUT_11903,660.3646124312908
OUT_11904,808.4424523783833
OUT_11905,1305.482123390661
OUT_11906,779.3232173509664
OUT_11907,742.4741156890309
OUT_11908,1261.0097354248005
OUT_11909,18228.24389130428
OUT_11910,3066.48981831669
OUT_11911,17710.595100282986
OUT_11912,5303.197642357809
OUT_11913,1061.259049167373
OUT_11914,4122.606601836723
OUT_11915,681.9678268753917
OUT_11916,646.6118074589225
OUT_11917,1072.6929378454467
OUT_11918,405.483509932065
OUT_11919,421.54467138873946
OUT_11920,16135.799158627422
OUT_11921,600.8781630329058
OUT_11922,18444.101933660066
OUT_11923,928.7652475866048
OUT_11924,767.6550960086136
OUT_11925,666.3780197407825
OUT_11926,615.1350972228054
OUT_11927,1001.581264094511
OUT_11928,695.394131672854
OUT_11929,19015.68580446881
OUT_11930,850.230205096746
OUT_11931,684.4516924049522
OUT_11932,1089.6852306535782
OUT_11933,820.9186500438366
OUT_11934,4603.404607485
OUT_11935,1043.5299659865425
OUT_11936,953.3735682474316
OUT_11937,511.9714673150666
OUT_11938,943.623740168612
OUT_11939,3406.052194405065
OUT_11940,5088.569062782577
OUT_11941,834.7301772729766
OUT_11942,4568.3852582046375
OUT_11943,17991.695860077078
OUT_11944,15926.808153723425
OUT_11945,823.3359497098536
OUT_11946,630.8498928218733
OUT_11947,3495.371432149603
OUT_11948,519.9908206192662
OUT_11949,50460.966466312006
OUT_11950,49480.52971952374
OUT_11951,20219.97322539975
OUT_11952,766.2062013637716
OUT_11953,826.3995515630119
OUT_11954,3784.2518819947513
OUT_11955,847.5523361963093
OUT_11956,611.1861863673599
OUT_11957,962.7626229684076
OUT_11958,17025.019658508674
OUT_11959,728.7985100306522
OUT_11960,17820.481479432437
OUT_11961,18342.071853168785
OUT_11962,3866.4180412506576
OUT_11963,19596.57066486535
OUT_11964,1059.6018351710015
OUT_11965,3064.3933070168086
OUT_11966,891.894187999384
OUT_11967,679.960806492117
OUT_11968,15543.09706057549
OUT_11969,20689.07600803592
OUT_11970,18183.43519379592
OUT_11971,697.5988218660688
OUT_11972,3932.994171698455
OUT_11973,752.4436994635901
OUT_11974,966.9294039913736
OUT_11975,3641.483707865545
OUT_11976,20263.23065789971
OUT_11977,949.013790834356
OUT_11978,4152.83694756595
OUT_11979,1079.7569540961808
OUT_11980,743.1083894215104
OUT_11981,48280.560602850135
OUT_11982,683.423986315803
OUT_11983,3795.205939655285
OUT_11984,715.4807755718193
OUT_11985,786.015554852301
OUT_11986,4020.999500360873
OUT_11987,3818.310413460392
OUT_11988,2595.119730883136
OUT_11989,3089.3171521283093
OUT_11990,616.3073642315629
OUT_11991,3671.0744187013206
OUT_11992,3902.4542982691737
OUT_11993,3868.497888509295
OUT_11994,901.777135457174
OUT_11995,2728.3437945860487
OUT_11996,4291.541785632301
OUT_11997,648.5337392829623
OUT_11998,3561.563504808289
OUT_11999,798.7897688354025
OUT_12000,3774.257592091087
OUT_12001,928.0310841672332
OUT_12002,4540.780272319791
OUT_12003,3614.782948524996
OUT_12004,52516.14510032389
OUT_12005,640.3980091819468
OUT_12006,3619.0927534397065
OUT_12007,4200.427851009179
OUT_12008,18509.60630982805
OUT_12009,578.3618214277685
OUT_12010,817.2768364379835
OUT_12011,706.1266458428935
OUT_12012,17816.717917386635
OUT_12013,3328.2310023718637
OUT_12014,503.9408660199695
OUT_12015,49845.11150161142
OUT_12016,665.4887022247852
OUT_12017,1009.80733985111
OUT_12018,597.9217995644168
OUT_12019,708.1327647408557
OUT_12020,420.014062739456
OUT_12021,3754.7999241444154
OUT_12022,3681.8992467967328
OUT_12023,775.9782948848381
OUT_12024,850.2004543309976
OUT_12025,1070.4059164222983
OUT_12026,51381.19896593906
OUT_12027,804.1597961717514
OUT_12028,4466.713008813912
OUT_12029,953.5206940706088
OUT_12030,19706.03532462243
OUT_12031,747.0022022284919
OUT_12032,3618.240629558644
OUT_12033,2340.4948728370387
OUT_12034,524.1448313180065
OUT_12035,4863.840493627
OUT_12036,18912.25334088856
OUT_12037,939.486363908923
OUT_12038,789.6282492813571
OUT_12039,1009.9288768380044
OUT_12040,1353.943371942421
OUT_12041,4355.746774789719
OUT_12042,2989.022664641987
OUT_12043,2629.058537112881
OUT_12044,879.407687913752
OUT_12045,3572.167009961455
OUT_12046,994.6908159541116
OUT_12047,734.1082476972754
OUT_12048,741.2148385082593
OUT_12049,19204.289042261436
OUT_12050,850.0663110808674
OUT_12051,513.3865264808722
OUT_12052,1128.3628889663944
OUT_12053,597.0684897725486
OUT_12054,3916.382546831365
OUT_12055,20910.677231945687
OUT_12056,875.6556343855368
OUT_12057,828.7581075638012
OUT_12058,17856.492508795607
OUT_12059,471.54398770698015
OUT_12060,52062.87493431704
OUT_12061,778.0062447042963
OUT_12062,3913.117184824188
OUT_12063,3684.0770515220743
OUT_12064,3237.821727306409
OUT_12065,863.0066018890475
OUT_12066,614.8286412319596
OUT_12067,555.0866896375239
OUT_12068,776.6468959137301
OUT_12069,579.4563580687657
OUT_12070,3864.397171546788
OUT_12071,15072.990966230756
OUT_12072,637.2801947689399
OUT_12073,992.948420910334
OUT_12074,19727.188364973867
OUT_12075,902.1878886960752
OUT_12076,728.0116045336732
OUT_12077,818.1325330401025
OUT_12078,890.6769884358861
OUT_12079,578.5342821895673
OUT_12080,561.5494827502102
OUT_12081,17563.457491617417
OUT_12082,2640.924675706344
OUT_12083,18964.607243818744
OUT_12084,3102.43209189046
OUT_12085,670.2576634398231
OUT_12086,1012.7790832683836
OUT_12087,677.2622815191324
OUT_12088,1091.1519754561132
OUT_12089,593.1082052796012
OUT_12090,3571.565043243443
OUT_12091,16783.203641403332
OUT_12092,329.0900023934358
OUT_12093,1019.5136923967784
OUT_12094,567.2160367582197
OUT_12095,2595.966759424773
OUT_12096,3890.7203387277264
OUT_12097,851.0096946836763
OUT_12098,4345.562995972103
OUT_12099,698.0616680137988
OUT_12100,921.667958146769
OUT_12101,921.3767935172814
OUT_12102,732.0826174237122
OUT_12103,677.0716449095295
OUT_12104,939.096152181442
OUT_12105,704.4201565030907
OUT_12106,565.2552449050954
OUT_12107,851.7439683721176
OUT_12108,49990.72978580394
OUT_12109,3686.8194007058046
OUT_12110,3197.3436530238005
OUT_12111,868.2433638518195
OUT_12112,635.512274358924
OUT_12113,15033.665661903118
OUT_12114,512.1048577795088
OUT_12115,18615.94839483919
OUT_12116,3961.189342730538
OUT_12117,591.8064173576212
OUT_12118,3757.8467315840817
OUT_12119,773.4246688778062
OUT_12120,4256.227062080486
OUT_12121,4354.965715269092
OUT_12122,875.0176701812736
OUT_12123,3919.713576171753
OUT_12124,4384.884582728314
OUT_12125,3865.229176087031
OUT_12126,757.6855677358161
OUT_12127,810.7663168310405
OUT_12128,3927.382672755898
OUT_12129,649.7045616897694
OUT_12130,775.5686914371443
OUT_12131,51495.123196146895
OUT_12132,749.5312918602141
OUT_12133,822.5413510831025
OUT_12134,3739.543515647029
OUT_12135,649.1874924788409
OUT_12136,2455.476636646129
OUT_12137,3757.7141461193855
OUT_12138,17892.192060917816
OUT_12139,19758.827860772228
OUT_12140,860.3364423725164
OUT_12141,49396.394308807474
OUT_12142,49841.29837817337
OUT_12143,1029.5447221944428
OUT_12144,1040.075147118518
OUT_12145,19201.74065415244
OUT_12146,758.7162022411636
OUT_12147,402.2826555463912
OUT_12148,16417.473868802404
OUT_12149,882.4550269763224
OUT_12150,1130.3742907792623
OUT_12151,588.950386079288
OUT_12152,22236.72925632167
OUT_12153,4435.510065513508
OUT_12154,4768.45633785984
OUT_12155,656.4300894189448
OUT_12156,910.6285534249224
OUT_12157,3334.1130891681114
OUT_12158,1015.0464817340404
OUT_12159,49859.1336350416
OUT_12160,4428.207753350132
OUT_12161,651.0547366745623
OUT_12162,48248.54006528192
OUT_12163,667.0740228269835
OUT_12164,805.7698389001852
OUT_12165,930.931370328236
OUT_12166,445.3639996677174
OUT_12167,303.3920245980412
OUT_12168,798.1892274633196
OUT_12169,864.9434253911821
OUT_12170,3738.1899676922
OUT_12171,650.2330278069586
OUT_12172,4060.202790053788
OUT_12173,3818.062270930816
OUT_12174,3931.876925395952
OUT_12175,954.1974974951032
OUT_12176,2526.1546287746023
OUT_12177,720.9768411419107
OUT_12178,776.6952495087392
OUT_12179,1058.730828487412
OUT_12180,786.9860465015369
OUT_12181,861.2759987923877
OUT_12182,3237.8838317556133
OUT_12183,833.979206760112
OUT_12184,4333.677990709032
OUT_12185,4109.784027503178
OUT_12186,1066.329977367995
OUT_12187,3981.836304310421
OUT_12188,943.9361842423476
OUT_12189,3382.118509044597
OUT_12190,427.1522616010122
OUT_12191,846.8141726857414
OUT_12192,791.5787127792032
OUT_12193,1244.6662782726723
OUT_12194,3712.6257015189262
OUT_12195,795.4282996496182
OUT_12196,760.1697701502676
OUT_12197,4189.44432392504
OUT_12198,4455.798063103612
OUT_12199,888.6367272184559
OUT_12200,17509.789715797637
OUT_12201,690.0043439130964
OUT_12202,661.7478666578716
OUT_12203,18688.17254403436
OUT_12204,983.0767816460714
OUT_12205,51510.0177345123
OUT_12206,47470.23827409047
OUT_12207,4633.619167706084
OUT_12208,3258.6996711381144
OUT_12209,1372.9977174539845
OUT_12210,853.1766737152678
OUT_12211,878.3471620568697
OUT_12212,1028.5606066776324
OUT_12213,910.8738209820772
OUT_12214,3790.48148950388
OUT_12215,17597.281800652818
OUT_12216,2814.322031284826
OUT_12217,797.4273486839243
OUT_12218,728.5735163960039
OUT_12219,1259.6743822590834
OUT_12220,18652.954785201186
OUT_12221,377.447428608696
OUT_12222,736.2404768093066
OUT_12223,4715.912667953399
OUT_12224,17988.349052491125
OUT_12225,538.2238646394667
OUT_12226,1066.9884640802818
OUT_12227,409.40846962256313
OUT_12228,1020.513455261683
OUT_12229,808.6466450541086
OUT_12230,934.6990731261257
OUT_12231,524.3952132043294
OUT_12232,1071.2342617240645
OUT_12233,947.7413896770316
OUT_12234,846.514378750338
OUT_12235,3713.126799936306
OUT_12236,822.9122030217162
OUT_12237,19470.600749582387
OUT_12238,902.9735890272668
OUT_12239,3646.9774789434496
OUT_12240,690.3630100662587
OUT_12241,555.6874700684282
OUT_12242,18595.53703538377
OUT_12243,968.4699113098457
OUT_12244,4018.408533549671
OUT_12245,587.4289975096884
OUT_12246,890.9276640901363
OUT_12247,1053.7855213882756
OUT_12248,5141.553895181721
OUT_12249,48385.37282477967
OUT_12250,20552.209422151856
OUT_12251,407.4153918315767
OUT_12252,813.1654802397471
OUT_12253,3017.3913389393774
OUT_12254,746.8673483206275
OUT_12255,17512.85207441277
OUT_12256,19543.671297316465
OUT_12257,545.183382397337
OUT_12258,48052.20320412733
OUT_12259,4099.480287117329
OUT_12260,768.4887005239805
OUT_12261,792.7076773149323
OUT_12262,3536.2440366047767
OUT_12263,51457.37684160669
OUT_12264,51950.37208812697
OUT_12265,3471.804920492192
OUT_12266,920.8613943834246
OUT_12267,4313.594014578016
OUT_12268,50300.46208311463
OUT_12269,921.5124697176047
OUT_12270,2690.148236658083
OUT_12271,845.3684835961353
OUT_12272,4326.057937289638
OUT_12273,2741.5112743426057
OUT_12274,701.5333068002916
OUT_12275,3489.850408968905
OUT_12276,680.9690082479102
OUT_12277,50795.28058281002
OUT_12278,874.7181415606924
OUT_12279,3697.404352986041
OUT_12280,3544.6073160451274
OUT_12281,3945.623460264794
OUT_12282,3889.0972481705394
OUT_12283,18307.69161293793
OUT_12284,686.9949389460763
OUT_12285,4376.2347196995615
OUT_12286,1124.4106703695843
OUT_12287,764.3210508877656
OUT_12288,947.9295697344628
OUT_12289,932.897752480962
OUT_12290,1017.340589874932
OUT_12291,17328.892713868136
OUT_12292,3389.5298938002966
OUT_12293,797.413678259616
OUT_12294,3848.52831824793
OUT_12295,18757.444153394423
OUT_12296,715.9672803815455
OUT_12297,3565.8569358328623
OUT_12298,3356.249257066115
OUT_12299,853.5823560835767
OUT_12300,408.88343367133393
OUT_12301,18632.572125568277
OUT_12302,738.4887238955318
OUT_12303,729.290376858859
OUT_12304,921.2114610590512
OUT_12305,893.8711491203828
OUT_12306,45322.158865884914
OUT_12307,691.9706108498488
OUT_12308,2167.853024012408
OUT_12309,879.0332395286498
OUT_12310,3816.2577316958655
OUT_12311,3985.2016548651104
OUT_12312,3606.1656322087774
OUT_12313,631.9276374396323
OUT_12314,3849.999828705786
OUT_12315,1224.5162259204822
OUT_12316,972.4423575123868
OUT_12317,901.747603998259
OUT_12318,1034.1818391703482
OUT_12319,645.0280166175716
OUT_12320,594.2683557782449
OUT_12321,924.9106169683467
OUT_12322,730.2309224698391
OUT_12323,719.541498252673
OUT_12324,2192.7953989371204
OUT_12325,4079.305911222979
OUT_12326,734.1459630189102
OUT_12327,15945.512644313396
OUT_12328,2542.8386196426745
OUT_12329,966.3201782957144
OUT_12330,845.4526783682963
OUT_12331,17016.478878727452
OUT_12332,3361.241858891261
OUT_12333,3908.5780902928655
OUT_12334,47602.61064971604
OUT_12335,3968.7004141076977
OUT_12336,761.2497356439335
OUT_12337,942.7972464597964
OUT_12338,4283.607452944541
OUT_12339,1368.4478038204602
OUT_12340,3248.7178843960464
OUT_12341,833.9097726292762
OUT_12342,662.5500070557111
OUT_12343,17450.344467346513
OUT_12344,2938.5791197152057
OUT_12345,49509.2766613711
OUT_12346,18946.205223476893
OUT_12347,3553.823847762644
OUT_12348,52113.69467166733
OUT_12349,3518.798869266724
OUT_12350,745.9146090622734
OUT_12351,1058.2170534910638
OUT_12352,670.9262813393487
OUT_12353,488.0883763022685
OUT_12354,616.9321425367845
OUT_12355,3553.2642433129045
OUT_12356,806.4150224142733
OUT_12357,614.3769178851823
OUT_12358,895.1610802169675
OUT_12359,611.2947175227409
OUT_12360,18533.8515491361
OUT_12361,715.1594816359388
OUT_12362,403.82713578623776
OUT_12363,525.7287154074882
OUT_12364,745.6176185432378
OUT_12365,684.509771629374
OUT_12366,1345.1698089444924
OUT_12367,3270.7870070359986
OUT_12368,52149.81166332016
OUT_12369,18430.722710475005
OUT_12370,4285.199476428403
OUT_12371,16225.950596029374
OUT_12372,51526.739565364405
OUT_12373,3259.985573088247
OUT_12374,3869.024481631502
OUT_12375,3970.303292609805
OUT_12376,17541.177749808463
OUT_12377,822.0622493602709
OUT_12378,4343.826578430706
OUT_12379,776.1403953091964
OUT_12380,809.1903186023187
OUT_12381,15859.734111717344
OUT_12382,358.1578038302747
OUT_12383,564.4136745552021
OUT_12384,19132.040468097195
OUT_12385,798.1497397172623
OUT_12386,1014.5615075974832
OUT_12387,4008.768737923995
OUT_12388,16425.397578721026
OUT_12389,3674.070155849829
OUT_12390,1435.8702623971633
OUT_12391,3912.42879341844
OUT_12392,917.531977172947
OUT_12393,3829.518246340691
OUT_12394,17046.1699801597
OUT_12395,768.1733974897303
OUT_12396,16134.361223340957
OUT_12397,814.565295260059
OUT_12398,48453.84420403057
OUT_12399,4168.940920803974
OUT_12400,44658.59167883231
OUT_12401,20295.15999182755
OUT_12402,3223.3214375800426
OUT_12403,986.0523131883416
OUT_12404,437.1903066495119
OUT_12405,521.0676579778698
OUT_12406,3649.388861809964
OUT_12407,943.2817664323478
OUT_12408,946.3126502810668
OUT_12409,3866.362448640081
OUT_12410,3936.32506354945
OUT_12411,495.55150552662417
OUT_12412,3630.450187211001
OUT_12413,3808.4775830325607
OUT_12414,20925.522796485035
OUT_12415,3927.496216966249
OUT_12416,3702.387020900537
OUT_12417,19322.71717009105
OUT_12418,4330.966728303265
OUT_12419,974.45705148371
OUT_12420,4017.246834286564
OUT_12421,3444.9074594994004
OUT_12422,972.3695259601692
OUT_12423,3926.7557277100063
OUT_12424,17661.770295802624
OUT_12425,49770.91018012427
OUT_12426,813.7274967675542
OUT_12427,1058.2272559514724
OUT_12428,1147.5120834204445
OUT_12429,3559.0107858813208
OUT_12430,3154.06273557393
OUT_12431,1188.8387334617305
OUT_12432,932.8032346820444
OUT_12433,730.9253914038469
OUT_12434,3655.395672458071
OUT_12435,3485.826536352556
OUT_12436,20263.785305615704
OUT_12437,800.360005197764
OUT_12438,442.0007187664098
OUT_12439,1205.463986643973
OUT_12440,15781.47664690267
OUT_12441,851.5044892884583
OUT_12442,3930.423499180192
OUT_12443,597.67885929005
OUT_12444,18939.315352508554
OUT_12445,50358.71134396326
OUT_12446,3965.039553665978
OUT_12447,641.7613257047855
OUT_12448,3352.871551262069
OUT_12449,917.542184084243
OUT_12450,3562.9400484739654
OUT_12451,783.105339774873
OUT_12452,661.3176246162004
OUT_12453,468.07287727826383
OUT_12454,1122.043813620794
OUT_12455,554.5551783274357
OUT_12456,17085.191532425055
OUT_12457,855.121488033961
OUT_12458,678.5616302355802
OUT_12459,4257.638701388414
OUT_12460,17122.883309088313
OUT_12461,732.419665737366
OUT_12462,815.1239168355631
OUT_12463,17396.934618615353
OUT_12464,3833.2547070065375
OUT_12465,603.1487129625397
OUT_12466,751.5844090831404
OUT_12467,855.3711239561296
OUT_12468,1022.8048544443446
OUT_12469,18419.862308979755
OUT_12470,3208.255274613431
OUT_12471,572.8674639278958
OUT_12472,460.3050374795664
OUT_12473,3242.392686206641
OUT_12474,741.1489983531374
OUT_12475,588.2666344726745
OUT_12476,3432.919067551991
OUT_12477,881.497782377754
OUT_12478,623.3379633795012
OUT_12479,3968.577354490644
OUT_12480,17265.512100161195
OUT_12481,422.82975013416007
OUT_12482,17261.932306578805
OUT_12483,16044.445524523904
OUT_12484,49900.000053709926
OUT_12485,15730.363519115876
OUT_12486,1203.050068183985
OUT_12487,387.6502276920396
OUT_12488,18595.62625613375
OUT_12489,560.4152382912504
OUT_12490,789.9278197752488
OUT_12491,644.0482331614843
OUT_12492,53505.66866995248
OUT_12493,790.0720917874523
OUT_12494,51747.816425049125
OUT_12495,4027.971288480562
OUT_12496,3529.4325219636053
OUT_12497,731.6371274682039
OUT_12498,3677.5025272497655
OUT_12499,1061.988773333559
OUT_12500,770.8689905930797
OUT_12501,3223.1319680802176
OUT_12502,18960.7491698626
OUT_12503,3512.1043447446677
OUT_12504,630.930671890125
OUT_12505,1010.081555112289
OUT_12506,610.7597025294035
OUT_12507,19172.527973191613
OUT_12508,3525.3776818350625
OUT_12509,20498.823794907024
OUT_12510,654.1872676987741
OUT_12511,530.2399815572546
OUT_12512,3728.628736850072
OUT_12513,3364.9064841246623
OUT_12514,46004.26483097073
OUT_12515,3435.6245272311016
OUT_12516,795.1578623027233
OUT_12517,1069.617474832855
OUT_12518,17116.0830545204
OUT_12519,841.9477370516069
OUT_12520,649.137194721041
OUT_12521,659.6135071071474
OUT_12522,17278.559495644495
OUT_12523,3207.7949108335733
OUT_12524,746.5590393133915
OUT_12525,659.836662802501
OUT_12526,1057.7920932174789
OUT_12527,616.3311791584671
OUT_12528,715.2414716624847
OUT_12529,18988.32393342678
OUT_12530,18078.32237980252
OUT_12531,19472.82387046223
OUT_12532,728.9837648499577
OUT_12533,555.1696564116007
OUT_12534,857.1554901711495
OUT_12535,1192.7782221658024
OUT_12536,17297.74857697997
OUT_12537,1125.5450504886137
OUT_12538,3541.135410454362
OUT_12539,937.3410483378018
OUT_12540,887.1922901107134
OUT_12541,799.9819586520166
OUT_12542,3863.3523404754615
OUT_12543,775.2388902849623
OUT_12544,3634.5353323073073
OUT_12545,616.9401769917123
OUT_12546,753.4036094987765
OUT_12547,806.5396474667192
OUT_12548,922.70649572915
OUT_12549,1113.578612309121
OUT_12550,840.1231030395815
OUT_12551,1024.5749559190017
OUT_12552,14384.429827974096
OUT_12553,3269.740283374498
OUT_12554,954.8816317082658
OUT_12555,581.3316442713539
OUT_12556,734.3934686086735
OUT_12557,778.6536068713485
OUT_12558,604.1401582823594
OUT_12559,578.7881888502109
OUT_12560,908.734034643212
OUT_12561,51463.90191460082
OUT_12562,19564.28446601373
OUT_12563,16823.00300931644
OUT_12564,4042.644181199572
OUT_12565,727.1304370853674
OUT_12566,762.2257034761398
OUT_12567,963.9290919107318
OUT_12568,781.4695410702795
OUT_12569,19080.065896577384
OUT_12570,3945.605601783645
OUT_12571,554.8078352575297
OUT_12572,18914.48382828873
OUT_12573,1205.1465899634015
OUT_12574,1007.3140892565398
OUT_12575,2375.692262983532
OUT_12576,857.7200209057704
OUT_12577,498.6634901652205
OUT_12578,3776.493240455584
OUT_12579,4513.823733071106
OUT_12580,17267.10896447307
OUT_12581,20190.62888398852
OUT_12582,18837.89715518654
OUT_12583,824.9461860177719
OUT_12584,757.0607223793007
OUT_12585,807.5966690671677
OUT_12586,676.9419828349007
OUT_12587,18124.05783079952
OUT_12588,49973.60943807318
OUT_12589,722.5308706262587
OUT_12590,687.679041881736
OUT_12591,3589.9552183737296
OUT_12592,51039.18176643903
OUT_12593,4370.136443639433
OUT_12594,16506.20625018436
OUT_12595,4461.03753735727
OUT_12596,17979.646536686596
OUT_12597,476.1833012986908
OUT_12598,15548.674176942071
OUT_12599,814.4713311636094
OUT_12600,3635.473848269852
OUT_12601,825.3168655071696
OUT_12602,759.1059777433563
OUT_12603,18164.536390534853
OUT_12604,3239.168723944624
OUT_12605,3799.6045602180207
OUT_12606,3311.7054154711536
OUT_12607,3256.6589430149934
OUT_12608,1070.22907812909
OUT_12609,931.8725151927486
OUT_12610,821.1530364239355
OUT_12611,4718.3227318591535
OUT_12612,750.6199521378746
OUT_12613,1096.8475435534244
OUT_12614,1002.1007166667654
OUT_12615,3538.135000718801
OUT_12616,1120.4488664493513
OUT_12617,356.6997665905542
OUT_12618,2707.2316389289017
OUT_12619,949.0622841296364
OUT_12620,704.5346295277243
OUT_12621,18006.335198191024
OUT_12622,788.6686900206516
OUT_12623,18221.758387762133
OUT_12624,47166.43375994149
OUT_12625,51610.73221614615
OUT_12626,912.86700873978
OUT_12627,646.8763998879675
OUT_12628,4569.339485260146
OUT_12629,18940.071195716773
OUT_12630,3967.766866218557
OUT_12631,644.4017619396423
OUT_12632,17090.740362556833
OUT_12633,555.6013904571699
OUT_12634,884.4238448488122
OUT_12635,4331.54658958367
OUT_12636,898.6174304578661
OUT_12637,863.4655815453054
OUT_12638,50897.077345807
OUT_12639,793.083231182108
OUT_12640,903.8866052148358
OUT_12641,17456.880755684208
OUT_12642,48093.28249816185
OUT_12643,3424.8924743474804
OUT_12644,3774.96932379826
OUT_12645,1036.5386146748845
OUT_12646,850.3634862669012
OUT_12647,1073.7488542948145
OUT_12648,612.919514674931
OUT_12649,693.009062675312
OUT_12650,673.5844883710582
OUT_12651,469.3155242734356
OUT_12652,4365.40215424091
OUT_12653,3983.9643908789503
OUT_12654,18336.627665542903
OUT_12655,529.1946645774059
OUT_12656,787.8164494456943
OUT_12657,795.3857685027764
OUT_12658,49979.65386931696
OUT_12659,801.8968381354913
OUT_12660,2926.5733002566058
OUT_12661,531.0992472428658
OUT_12662,920.9871158722664
OUT_12663,808.8402100552621
OUT_12664,3017.6391087951174
OUT_12665,821.6604563719948
OUT_12666,17744.75367005615
OUT_12667,539.0869335871669
OUT_12668,2675.452276221969
OUT_12669,1002.8737472640712
OUT_12670,3167.4607348816635
OUT_12671,1032.3545735576415
OUT_12672,17639.215435980386
OUT_12673,1254.1446521072342
OUT_12674,902.1560811842296
OUT_12675,52290.78343755992
OUT_12676,538.7499704447004
OUT_12677,3800.272894768705
OUT_12678,3772.4531913884807
OUT_12679,705.8227669061417
OUT_12680,639.2609229658534
OUT_12681,673.5369002627948
OUT_12682,17053.36795921051
OUT_12683,50691.84301293567
OUT_12684,987.6825966687302
OUT_12685,682.2065910351348
OUT_12686,696.2506627210419
OUT_12687,889.3234636628387
OUT_12688,728.9083509735989
OUT_12689,4214.649070106352
OUT_12690,4376.281667386019
OUT_12691,47498.90277517939
OUT_12692,3055.037620522599
OUT_12693,4521.785490225943
OUT_12694,870.5409732327076
OUT_12695,717.9356919900061
OUT_12696,704.2669295514924
OUT_12697,16711.952356028378
OUT_12698,3483.746085427543
OUT_12699,493.6373365213882
OUT_12700,765.0478368912565
OUT_12701,719.7310349618548
OUT_12702,16023.16569742754
OUT_12703,661.1595065762255
OUT_12704,15074.16903191397
OUT_12705,17895.390965691488
OUT_12706,4294.733237178867
OUT_12707,3732.199938537427
OUT_12708,893.9766690184341
OUT_12709,3858.645610382549
OUT_12710,421.7965020225268
OUT_12711,293.16251125813244
OUT_12712,2880.3153009579933
OUT_12713,787.4854337250312
OUT_12714,3148.029478207498
OUT_12715,895.0355907716479
OUT_12716,4678.912653754251
OUT_12717,3590.0900210070445
OUT_12718,712.2883581748782
OUT_12719,2986.0648902092603
OUT_12720,1077.9967350869535
OUT_12721,672.1610498158043
OUT_12722,3917.591645253545
OUT_12723,559.5620362582715
OUT_12724,744.6530261417619
OUT_12725,736.7297942590517
OUT_12726,687.0292271547586
OUT_12727,594.4241732437504
OUT_12728,51486.66357415156
OUT_12729,3142.493176085693
OUT_12730,17655.427177203117
OUT_12731,4095.011923577245
OUT_12732,645.8137321669166
OUT_12733,1159.7755855951812
OUT_12734,16223.461014749775
OUT_12735,4138.74696879426
OUT_12736,772.0693496590229
OUT_12737,872.1405859266413
OUT_12738,922.2992439007272
OUT_12739,720.9226417733627
OUT_12740,18659.445110696404
OUT_12741,915.9545407850638
OUT_12742,48524.06109999058
OUT_12743,4643.306629229846
OUT_12744,3722.3750327372304
OUT_12745,19022.611993964027
OUT_12746,831.6929135251833
OUT_12747,873.3735264491447
OUT_12748,1313.3615162764208
OUT_12749,747.9010941015088
OUT_12750,3864.913071652092
OUT_12751,830.3161012510417
OUT_12752,769.2433108966945
OUT_12753,4166.774073482528
OUT_12754,18571.732110695484
OUT_12755,4451.7080905489565
OUT_12756,969.806309854068
OUT_12757,440.2591228366773
OUT_12758,624.4161332398179
OUT_12759,739.402393219952
OUT_12760,807.9776447567352
OUT_12761,841.3908149441613
OUT_12762,1162.7685534851848
OUT_12763,2772.8948131185234
OUT_12764,697.6195936199333
OUT_12765,519.7835167177617
OUT_12766,676.5693556900965
OUT_12767,779.7320514110962
OUT_12768,539.7688053435606
OUT_12769,15789.934380601091
OUT_12770,816.3069403406254
OUT_12771,686.5692611978633
OUT_12772,833.255260096754
OUT_12773,478.1484573335171
OUT_12774,1100.5701852366824
OUT_12775,938.1943927200768
OUT_12776,782.0200760098456
OUT_12777,4067.846549002815
OUT_12778,612.4528186411992
OUT_12779,833.4745878052438
OUT_12780,760.2761293314861
OUT_12781,1221.075860825855
OUT_12782,4171.62545291514
OUT_12783,17006.889747893412
OUT_12784,2168.645056270926
OUT_12785,4301.063422518526
OUT_12786,678.4506679287624
OUT_12787,797.5473038807775
OUT_12788,4023.133904324701
OUT_12789,4139.54708109583
OUT_12790,4132.290145434474
OUT_12791,822.1779350909964
OUT_12792,3052.130122348568
OUT_12793,3763.9336771500975
OUT_12794,941.0380008983
OUT_12795,391.8146432617147
OUT_12796,852.945957407944
OUT_12797,781.1100751898724
OUT_12798,660.6817530967566
OUT_12799,637.0234415734063
OUT_12800,826.062654484237
OUT_12801,4544.477038307339
OUT_12802,708.0754841244762
OUT_12803,729.2883324526994
OUT_12804,15957.86092921322
OUT_12805,864.420876842211
OUT_12806,3794.765046666244
OUT_12807,16863.93146532513
OUT_12808,816.4415326346912
OUT_12809,2260.520874436106
OUT_12810,4326.637807353249
OUT_12811,3608.656167648592
OUT_12812,1015.5814119473984
OUT_12813,3893.538511429784
OUT_12814,4246.098304967141
OUT_12815,19713.345400611648
OUT_12816,4381.450168383842
OUT_12817,3925.8891718527657
OUT_12818,956.51504302856
OUT_12819,894.9434319150288
OUT_12820,16618.10632326955
OUT_12821,3706.7640910815135
OUT_12822,523.8119611301286
OUT_12823,442.4220593969848
OUT_12824,942.3695000135078
OUT_12825,848.679880955553
OUT_12826,822.3161196330026
OUT_12827,701.9882797435652
OUT_12828,929.2046750026586
OUT_12829,832.5150099825472
OUT_12830,624.0310665702556
OUT_12831,630.803049402038
OUT_12832,3851.3390383522633
OUT_12833,3609.361918665661
OUT_12834,49445.663076488265
OUT_12835,951.2361549937924
OUT_12836,4514.195343105447
OUT_12837,896.9673814119552
OUT_12838,502.4398041025691
OUT_12839,840.4394764591947
OUT_12840,979.0594671560058
OUT_12841,523.1627539586945
OUT_12842,14930.007398996157
OUT_12843,3737.928092693817
OUT_12844,4298.186041495112
OUT_12845,4169.207759992715
OUT_12846,659.300596603682
OUT_12847,711.2309139443428
OUT_12848,50644.33179889972
OUT_12849,4006.544763650876
OUT_12850,1031.1845936698428
OUT_12851,3624.8105904180406
OUT_12852,869.4481334067654
OUT_12853,971.1018345419628
OUT_12854,896.9561121755712
OUT_12855,50761.67330507989
OUT_12856,652.9003047380154
OUT_12857,19083.36088206084
OUT_12858,780.1807129449974
OUT_12859,810.2877887538225
OUT_12860,863.9867567273683
OUT_12861,4008.090982789046
OUT_12862,4674.615696182863
OUT_12863,15471.437436304408
OUT_12864,863.8738202537263
OUT_12865,47129.3976423438
OUT_12866,899.3036946442745
OUT_12867,4674.3135033054605
OUT_12868,861.85573963756
OUT_12869,536.9722207060338
OUT_12870,709.630949568687
OUT_12871,951.8876723346424
OUT_12872,865.2150370688842
OUT_12873,48952.72056440401
OUT_12874,49564.07310749488
OUT_12875,19268.909422870296
OUT_12876,3807.880628872169
OUT_12877,768.1418401654188
OUT_12878,1105.5850041544538
OUT_12879,4151.69633243765
OUT_12880,757.1496235214167
OUT_12881,2752.2541037144206
OUT_12882,48736.6073813443
OUT_12883,4693.8757855904605
OUT_12884,860.9028736825031
OUT_12885,3613.230595073395
OUT_12886,2554.443222885385
OUT_12887,677.0485855610219
OUT_12888,875.4140805103109
OUT_12889,3052.6069830471943
OUT_12890,45434.90222673769
OUT_12891,3240.236335853274
OUT_12892,3108.901487073293
OUT_12893,614.9056010409585
OUT_12894,998.1506856721444
OUT_12895,548.3164694688159
OUT_12896,3266.531410165855
OUT_12897,968.8468132705204
OUT_12898,641.8276971839982
OUT_12899,805.0093285537553
OUT_12900,18324.82642122642
OUT_12901,720.7717482408093
OUT_12902,505.8127477131256
OUT_12903,798.923443205182
OUT_12904,3267.644287222844
OUT_12905,20463.03040629456
OUT_12906,19012.286185147183
OUT_12907,17249.460985659764
OUT_12908,1215.9641948082217
OUT_12909,3510.52282286082
OUT_12910,720.7368340380751
OUT_12911,15817.170535707044
OUT_12912,700.4037015394488
OUT_12913,2700.547628727372
OUT_12914,938.7089112539528
OUT_12915,4360.1687881365
OUT_12916,788.3872893171164
OUT_12917,853.0350717767291
OUT_12918,3352.3202483083755
OUT_12919,720.6125570302182
OUT_12920,626.4301063670118
OUT_12921,4037.14009878953
OUT_12922,911.8118221980312
OUT_12923,18541.568286661408
OUT_12924,4693.012197155598
OUT_12925,3499.8741045896736
OUT_12926,19031.984580997665
OUT_12927,751.0683724380916
OUT_12928,649.7849007531827
OUT_12929,469.6080052428553
OUT_12930,3794.3030465976
OUT_12931,838.5409860162107
OUT_12932,49400.47842624731
OUT_12933,4605.840463267514
OUT_12934,5182.209854918631
OUT_12935,17199.207810293643
OUT_12936,841.7268250809703
OUT_12937,836.8627209775327
OUT_12938,638.3389653992521
OUT_12939,48504.011128153696
OUT_12940,605.0690962222012
OUT_12941,16095.605018050752
OUT_12942,3640.134765087864
OUT_12943,922.930693672185
OUT_12944,3774.484084197439
OUT_12945,3824.3926486895
OUT_12946,3865.22659204191
OUT_12947,830.6364908944275
OUT_12948,590.5298485926436
OUT_12949,17340.062223420387
OUT_12950,2731.951519561954
OUT_12951,4541.784519473192
OUT_12952,443.73509707592
OUT_12953,19971.34113283926
OUT_12954,720.429994390884
OUT_12955,517.4775460673459
OUT_12956,702.4196853589292
OUT_12957,726.959142768466
OUT_12958,3645.577855868005
OUT_12959,935.0143494493122
OUT_12960,3821.792810796528
OUT_12961,17623.44056686458
OUT_12962,789.8955578991598
OUT_12963,3665.361486355418
OUT_12964,705.7141764250179
OUT_12965,20817.82192349884
OUT_12966,865.6462682651771
OUT_12967,807.04134428802
OUT_12968,483.26063795313286
OUT_12969,48973.43641756277
OUT_12970,3522.411472720109
OUT_12971,15674.698044561304
OUT_12972,3124.061992658809
OUT_12973,641.5937440342414
OUT_12974,49587.390492798
OUT_12975,874.8467052905658
OUT_12976,18417.396831922168
OUT_12977,18620.614087915637
OUT_12978,49458.12301578444
OUT_12979,4121.907694869539
OUT_12980,825.5783031692347
OUT_12981,618.1947473642537
OUT_12982,4849.217666764922
OUT_12983,926.823018894873
OUT_12984,961.8379527311204
OUT_12985,17770.03096818181
OUT_12986,17289.6920968178
OUT_12987,50484.93975985601
OUT_12988,581.3352959539859
OUT_12989,833.2437535347077
OUT_12990,3242.707431732186
OUT_12991,18206.895871860022
OUT_12992,3463.4590442396125
OUT_12993,17302.621551165837
OUT_12994,3762.120716624465
OUT_12995,948.1760515383712
OUT_12996,4160.03199865491
OUT_12997,3892.418535005722
OUT_12998,720.6494804712609
OUT_12999,690.9606826092923
OUT_13000,3365.1416720024613
OUT_13001,667.1145919761789
OUT_13002,836.8333887197791
OUT_13003,640.4501745699886
OUT_13004,3369.4981736610966
OUT_13005,812.7932759611
OUT_13006,812.419233245114
OUT_13007,453.9079161384053
OUT_13008,52226.31157128233
OUT_13009,353.6806385870726
OUT_13010,17343.011842956945
OUT_13011,701.3368765562202
OUT_13012,1000.0806540561294
OUT_13013,1043.976024254367
OUT_13014,564.0161384748735
OUT_13015,4510.515396210798
OUT_13016,832.8771903490315
OUT_13017,17122.544495391805
OUT_13018,3230.711701795212
OUT_13019,16565.980240529134
OUT_13020,3912.9135238247495
OUT_13021,1004.7911686002232
OUT_13022,693.996669827135
OUT_13023,48096.99768102117
OUT_13024,946.4735791813276
OUT_13025,753.7660193750085
OUT_13026,15846.021856000294
OUT_13027,2602.438808180223
OUT_13028,858.5126022737692
OUT_13029,3681.209744622274
OUT_13030,729.0602111607701
OUT_13031,712.4761574430486
OUT_13032,13633.36663486955
OUT_13033,504.6343457576173
OUT_13034,595.4929261678612
OUT_13035,46584.60013610141
OUT_13036,2687.2718777599807
OUT_13037,780.4290441161965
OUT_13038,702.6840549272516
OUT_13039,4403.661459886491
OUT_13040,793.1753958718425
OUT_13041,723.1690208051107
OUT_13042,792.0731428111416
OUT_13043,727.2748585851696
OUT_13044,3764.552254849711
OUT_13045,603.0919845995462
OUT_13046,794.836144894566
OUT_13047,866.344617979378
OUT_13048,668.7565719853127
OUT_13049,781.1439925660128
OUT_13050,779.7881817393156
OUT_13051,1076.3474588823954
OUT_13052,16986.54611418443
OUT_13053,2943.590192980003
OUT_13054,894.2631827157101
OUT_13055,48527.18535944106
OUT_13056,3133.3622781668487
OUT_13057,17937.71203161604
OUT_13058,425.81427488315865
OUT_13059,567.2857045538165
OUT_13060,1112.7262597983402
OUT_13061,500.3394981523154
OUT_13062,504.3470168273397
OUT_13063,16267.785112981132
OUT_13064,754.1077960361077
OUT_13065,1036.8520697362894
OUT_13066,2814.8586681500938
OUT_13067,709.9497351249443
OUT_13068,767.8674286740356
OUT_13069,434.6912708948272
OUT_13070,717.5165850629967
OUT_13071,493.4511359438597
OUT_13072,15579.513918630038
OUT_13073,817.0323631174987
OUT_13074,743.3283246338358
OUT_13075,3162.673478990286
OUT_13076,2711.2364778937413
OUT_13077,797.2938677150464
OUT_13078,969.100809291086
OUT_13079,779.2679001010396
OUT_13080,820.3935172035748
OUT_13081,698.0062985126767
OUT_13082,696.1030861258985
OUT_13083,610.3232481555438
OUT_13084,924.1616390346704
OUT_13085,768.3773965565514
OUT_13086,492.210994509289
OUT_13087,727.1912434341914
OUT_13088,17166.440435498465
OUT_13089,914.781080125648
OUT_13090,956.3579426905668
OUT_13091,3643.616507658327
OUT_13092,2997.889409405019
OUT_13093,3399.7921435168864
OUT_13094,910.760190057221
OUT_13095,3476.358803997296
OUT_13096,3085.7524763145125
OUT_13097,16540.278445637035
OUT_13098,809.2008385415186
OUT_13099,599.5329748876557
OUT_13100,953.6216458277808
OUT_13101,4044.9069861739817
OUT_13102,472.5795286840191
OUT_13103,678.2632709119349
OUT_13104,3717.955697758134
OUT_13105,16300.380537321456
OUT_13106,726.4620976564736
OUT_13107,700.5444021037866
OUT_13108,781.5144246378921
OUT_13109,3280.72153221712
OUT_13110,794.5704354097402
OUT_13111,3587.290453101613
OUT_13112,792.6369126178603
OUT_13113,49051.44553366256
OUT_13114,588.7331674261725
OUT_13115,852.3431559325153
OUT_13116,3208.8348035742174
OUT_13117,626.7075565446019
OUT_13118,45597.59699814175
OUT_13119,3280.483436073976
OUT_13120,3005.680563882298
OUT_13121,737.1615212017166
OUT_13122,816.7046173901438
OUT_13123,382.1817069008934
OUT_13124,588.890089170961
OUT_13125,4110.048734557032
OUT_13126,1188.7436141364728
OUT_13127,573.715595333378
OUT_13128,17351.940315439177
OUT_13129,3325.1087488648745
OUT_13130,3179.596495522412
OUT_13131,990.9671417676
OUT_13132,677.591076686139
OUT_13133,552.5774604987339
OUT_13134,1059.1793422132234
OUT_13135,18518.76000839684
OUT_13136,698.9177320170492
OUT_13137,586.4963670350954
OUT_13138,753.6185265570261
OUT_13139,805.4431223035018
OUT_13140,47634.33815853257
OUT_13141,3589.5549707441105
OUT_13142,904.290143823938
OUT_13143,948.6238254950188
OUT_13144,17545.63289210415
OUT_13145,511.8406365649038
OUT_13146,641.9784857372204
OUT_13147,873.0929304440492
OUT_13148,3356.710349985697
OUT_13149,19231.91140687822
OUT_13150,3050.2200168631216
OUT_13151,3228.623965647832
OUT_13152,3105.341044639092
OUT_13153,2691.9139129833065
OUT_13154,823.5019455072583
OUT_13155,652.9500329527834
OUT_13156,847.1512782551911
OUT_13157,3042.31674229593
OUT_13158,18599.219146887823
OUT_13159,801.8911834643569
OUT_13160,1066.3410219011969
OUT_13161,786.594290299237
OUT_13162,1117.934518442126
OUT_13163,684.7300553325583
OUT_13164,824.5349534735702
OUT_13165,3572.352266073536
OUT_13166,749.9075746391865
OUT_13167,4087.200260946689
OUT_13168,16394.740725171
OUT_13169,508.097000811812
OUT_13170,3077.9030572271377
OUT_13171,3845.919608089384
OUT_13172,3705.320937179252
OUT_13173,19359.41313268011
OUT_13174,897.1620211192086
OUT_13175,524.2299323079909
OUT_13176,773.7675163346904
OUT_13177,3498.3033641975417
OUT_13178,667.4103933209458
OUT_13179,762.8758078135075
OUT_13180,3132.364524043561
OUT_13181,510.5475907073596
OUT_13182,1107.2440500163686
OUT_13183,751.9795788629352
OUT_13184,3830.927413537431
OUT_13185,3113.2309070061483
OUT_13186,3628.325029180556
OUT_13187,743.1299491344207
OUT_13188,4292.071036243677
OUT_13189,3311.0814802863447
OUT_13190,1150.137017114655
OUT_13191,519.9749369567489
OUT_13192,361.3900147438573
OUT_13193,588.4354366845348
OUT_13194,4785.307559355351
OUT_13195,1064.6894986683874
OUT_13196,698.5075624649995
OUT_13197,1068.6147106758954
OUT_13198,3831.894091408104
OUT_13199,608.0981606332026
OUT_13200,523.7157288276339
OUT_13201,3227.4706525193355
OUT_13202,1033.9847765109992
OUT_13203,4434.69458394547
OUT_13204,605.1659322060037
OUT_13205,1336.7265331427147
OUT_13206,15584.888808768585
OUT_13207,784.8601478769282
OUT_13208,772.7708012810707
OUT_13209,879.450274169953
OUT_13210,3248.949793813547
OUT_13211,767.2413266934557
OUT_13212,662.225699215432
OUT_13213,3673.132735226397
OUT_13214,449.191917267698
OUT_13215,526.1026403026267
OUT_13216,970.3835147306625
OUT_13217,544.3995764357295
OUT_13218,728.1079593206549
OUT_13219,571.6105627541947
OUT_13220,17403.606195550707
OUT_13221,945.5213829603788
OUT_13222,971.73786750304
OUT_13223,3560.51045622327
OUT_13224,930.431017699941
OUT_13225,822.0073882671351
OUT_13226,711.5282021705774
OUT_13227,4341.753296027895
OUT_13228,17309.726408235332
OUT_13229,669.227542564318
OUT_13230,49019.86220958571
OUT_13231,19056.23753683882
OUT_13232,46781.707476191055
OUT_13233,783.57962039869
OUT_13234,49697.19418634646
OUT_13235,1059.649440060526
OUT_13236,978.652792580116
OUT_13237,50303.48069154552
OUT_13238,17761.628230478975
OUT_13239,707.1052758450993
OUT_13240,45483.663955756034
OUT_13241,3486.1039670666014
OUT_13242,955.0272092135832
OUT_13243,3220.212978878884
OUT_13244,663.5752299964804
OUT_13245,489.2677244132045
OUT_13246,3614.477411330969
OUT_13247,1012.4888022247662
OUT_13248,957.447768618732
OUT_13249,623.1722937267505
OUT_13250,680.4434793365882
OUT_13251,549.5409596353926
OUT_13252,17612.598353091726
OUT_13253,555.4281081707156
OUT_13254,50238.77077235494
OUT_13255,731.7730377698688
OUT_13256,15039.02950290204
OUT_13257,544.0243120123548
OUT_13258,3973.632288144966
OUT_13259,818.311800618724
OUT_13260,1046.6148759141763
OUT_13261,777.7797441567147
OUT_13262,800.8535006226336
OUT_13263,589.2150744696312
OUT_13264,4537.960534026604
OUT_13265,639.3234323385792
OUT_13266,48626.49055883197
OUT_13267,1001.7351222780052
OUT_13268,1359.5519221308125
OUT_13269,18712.936313531198
OUT_13270,16702.896133554408
OUT_13271,15607.081887085758
OUT_13272,16492.533425000885
OUT_13273,716.4961959470922
OUT_13274,1124.5146514683065
OUT_13275,714.8935951273337
OUT_13276,894.8018175329383
OUT_13277,3993.0294810101664
OUT_13278,723.2226132772275
OUT_13279,2905.3833341594955
OUT_13280,3895.5401552860776
OUT_13281,16382.002785383307
OUT_13282,616.0310175391146
OUT_13283,313.88167575442867
OUT_13284,19499.160326430698
OUT_13285,18237.985877207204
OUT_13286,3604.9616811943297
OUT_13287,707.2123360108635
OUT_13288,18628.080878704088
OUT_13289,15510.793091602667
OUT_13290,556.7800622255185
OUT_13291,730.5265915640756
OUT_13292,3249.783280300878
OUT_13293,2509.6574073209717
OUT_13294,2918.6390487955305
OUT_13295,539.6608719768601
OUT_13296,44675.55657415197
OUT_13297,2898.854590384004
OUT_13298,3194.8412908780447
OUT_13299,707.4334479828123
OUT_13300,876.9046551657332
OUT_13301,1168.615343598511
OUT_13302,3351.847206808868
OUT_13303,4416.708876683758
OUT_13304,763.6711395360123
OUT_13305,773.0745306824681
OUT_13306,604.7668913378579
OUT_13307,556.1392057920842
OUT_13308,491.7705420047299
OUT_13309,3626.902039820308
OUT_13310,801.2526550426132
OUT_13311,4391.803382021112
OUT_13312,1008.7302872396212
OUT_13313,793.5733292412949
OUT_13314,49054.873727501326
OUT_13315,750.1322332218172
OUT_13316,592.7814212196794
OUT_13317,735.0159770255483
OUT_13318,15789.46782452993
OUT_13319,18835.08204894228
OUT_13320,16714.914114815776
OUT_13321,878.4079955874436
OUT_13322,618.6201387413532
OUT_13323,746.8366054430298
OUT_13324,3549.9202263389
OUT_13325,684.2174438483223
OUT_13326,1203.8012470717565
OUT_13327,887.1485542424238
OUT_13328,754.8649902346002
OUT_13329,707.9957938825376
OUT_13330,559.9215046838569
OUT_13331,642.3592602798709
OUT_13332,847.1271812150195
OUT_13333,49433.70375712917
OUT_13334,4108.067593607937
OUT_13335,49675.242024034735
OUT_13336,867.7654744064273
OUT_13337,545.1465751193114
OUT_13338,16692.442667846248
OUT_13339,18774.70507371849
OUT_13340,727.7218978017745
OUT_13341,708.706046922487
OUT_13342,922.1014903961296
OUT_13343,14307.236225367846
OUT_13344,708.8757892410379
OUT_13345,661.9747746052909
OUT_13346,709.9774414592207
OUT_13347,46982.34872157802
OUT_13348,538.4977880017477
OUT_13349,747.220782497354
OUT_13350,16699.17207381151
OUT_13351,3334.153897113182
OUT_13352,3952.686346088981
OUT_13353,3746.996675007759
OUT_13354,894.05370525571
OUT_13355,2651.57410364662
OUT_13356,457.05479828826566
OUT_13357,714.1725076474155
OUT_13358,618.5783470706906
OUT_13359,1060.66794213739
OUT_13360,3051.218338546785
OUT_13361,1019.7105027947716
OUT_13362,490.45296283824285
OUT_13363,779.0963004091938
OUT_13364,3528.3134860292344
OUT_13365,748.5079178922334
OUT_13366,3780.722106064836
OUT_13367,908.9607674206402
OUT_13368,3645.4355190321808
OUT_13369,4624.709435549309
OUT_13370,21185.267910873317
OUT_13371,704.5997899929052
OUT_13372,941.7261518120378
OUT_13373,608.9240467002205
OUT_13374,764.5137049301688
OUT_13375,436.70163983481945
OUT_13376,4185.520335598816
OUT_13377,4412.109960164559
OUT_13378,897.1572464371112
OUT_13379,49641.09063292132
OUT_13380,2893.7844618517893
OUT_13381,864.441551960231
OUT_13382,877.6951711273426
OUT_13383,796.7026486386145
OUT_13384,2694.4690693843054
OUT_13385,3716.244929950962
OUT_13386,602.5801005714882
OUT_13387,2339.1641409904887
OUT_13388,2810.116842005541
OUT_13389,3154.49097442745
OUT_13390,18881.78351786339
OUT_13391,2863.900764457002
OUT_13392,18530.439434926426
OUT_13393,674.3150867979999
OUT_13394,922.7485850751524
OUT_13395,17855.780029982125
OUT_13396,972.645581094755
OUT_13397,812.9976864455259
OUT_13398,863.68524545543
OUT_13399,829.8773586779187
OUT_13400,706.9726415772969
OUT_13401,2871.093632045356
OUT_13402,3847.2041036367655
OUT_13403,47425.64969616617
OUT_13404,711.5016995248336
OUT_13405,3655.810250373602
OUT_13406,686.7447535538257
OUT_13407,630.5004036030541
OUT_13408,1011.883471250024
OUT_13409,2770.892766662506
OUT_13410,14473.336262907023
OUT_13411,1052.4312399890246
OUT_13412,45425.42504743113
OUT_13413,4013.635488437335
OUT_13414,17734.756369904633
OUT_13415,634.9775008417381
OUT_13416,2789.0805303547136
OUT_13417,17552.14666421114
OUT_13418,991.8542908962664
OUT_13419,492.432626646044
OUT_13420,272.7111323842299
OUT_13421,1184.2008322451002
OUT_13422,612.5186244966146
OUT_13423,936.735716973772
OUT_13424,883.2150537014973
OUT_13425,763.4346566095039
OUT_13426,1058.8501767028758
OUT_13427,873.4319847009309
OUT_13428,769.420317028186
OUT_13429,797.0115681944573
OUT_13430,17284.618208102
OUT_13431,746.2590158376765
OUT_13432,626.8786145319439
OUT_13433,684.9205652825277
OUT_13434,1165.0082346769252
OUT_13435,709.9268783427422
OUT_13436,904.5302899974398
OUT_13437,992.8030510558456
OUT_13438,556.7261288227551
OUT_13439,892.481348779972
OUT_13440,17430.490637135783
OUT_13441,726.1554502026834
OUT_13442,15808.375919252992
OUT_13443,3734.741065947023
OUT_13444,706.1221921656105
OUT_13445,776.5843784571082
OUT_13446,17833.69248093271
OUT_13447,4168.066486596503
OUT_13448,18114.971109455502
OUT_13449,699.3984300326239
OUT_13450,3553.445737481337
OUT_13451,556.6941275945877
OUT_13452,1099.733442205364
OUT_13453,16961.363304564027
OUT_13454,1095.6077821149252
OUT_13455,4491.170364123992
OUT_13456,1263.3734141653306
OUT_13457,3609.76121294343
OUT_13458,17207.1502542524
OUT_13459,584.0520177921422
OUT_13460,1148.9369019299131
OUT_13461,802.7884317265331
OUT_13462,4041.395878898226
OUT_13463,869.3085087684372
OUT_13464,3125.451166508057
OUT_13465,1035.9437751289709
OUT_13466,549.7699585697598
OUT_13467,963.8089240545484
OUT_13468,16807.5249108346
OUT_13469,19029.41901573424
OUT_13470,4026.846158362664
OUT_13471,551.4404265454534
OUT_13472,3550.3172357155354
OUT_13473,1004.7502414009762
OUT_13474,856.7145653463207
OUT_13475,361.864642805454
OUT_13476,2515.226648209777
OUT_13477,17647.52007720524
OUT_13478,2815.4756495740667
OUT_13479,233.7212252112436
OUT_13480,884.5430523258408
OUT_13481,47640.40840105792
OUT_13482,3938.628491185233
OUT_13483,362.8225431581501
OUT_13484,2556.077662801149
OUT_13485,15111.144586722898
OUT_13486,842.4152384465536
OUT_13487,662.4050638198732
OUT_13488,3120.5369096197524
OUT_13489,4050.9020690728994
OUT_13490,3860.109011377365
OUT_13491,894.1089129866389
OUT_13492,526.7611277539809
OUT_13493,598.2988446713473
OUT_13494,692.4338043644387
OUT_13495,1020.5915387582762
OUT_13496,16255.643761119443
OUT_13497,737.7150069547171
OUT_13498,3511.0496958540234
OUT_13499,3679.4884113863263
OUT_13500,2866.515088140356
OUT_13501,4046.376666918148
OUT_13502,914.510927775325
OUT_13503,905.531490107287
OUT_13504,18895.417817097343
OUT_13505,16981.368321009144
OUT_13506,18988.150910298336
OUT_13507,2615.427440905069
OUT_13508,754.3399087323569
OUT_13509,3529.519602174158
OUT_13510,885.2336668722346
OUT_13511,767.0793675889477
OUT_13512,823.3099229611319
OUT_13513,867.5669434573584
OUT_13514,47734.68907707246
OUT_13515,4053.23985426816
OUT_13516,17155.879416858257
OUT_13517,3027.8394380422064
OUT_13518,525.7984886821333
OUT_13519,710.0624255729846
OUT_13520,15406.519482150825
OUT_13521,706.3741552365879
OUT_13522,17781.511757639484
OUT_13523,750.3210796123312
OUT_13524,3667.147737634558
OUT_13525,561.8880083297302
OUT_13526,17291.764841260847
OUT_13527,19648.46189001772
OUT_13528,863.582571686263
OUT_13529,699.8473007884621
OUT_13530,14628.403197588548
OUT_13531,3907.292827866492
OUT_13532,538.3972852351294
OUT_13533,3179.6791158581145
OUT_13534,45491.76211504312
OUT_13535,736.5836314143527
OUT_13536,17330.68147471867
OUT_13537,918.2433417651288
OUT_13538,893.7495579866504
OUT_13539,4173.190923629333
OUT_13540,46803.67791838729
OUT_13541,621.8328737994459
OUT_13542,1003.5189836358052
OUT_13543,4539.629439564267
OUT_13544,3443.061487476113
OUT_13545,3736.2889882136737
OUT_13546,3671.79178656453
OUT_13547,3294.5590655958763
OUT_13548,757.3621075515844
OUT_13549,4081.5184303398696
OUT_13550,869.3962966298385
OUT_13551,3121.8310124645614
OUT_13552,945.0844689055932
OUT_13553,753.6739813492542
OUT_13554,3275.2133851111003
OUT_13555,1137.5362717611254
OUT_13556,17499.979451489882
OUT_13557,794.1301535045136
OUT_13558,669.6103751134509
OUT_13559,664.6167155104326
OUT_13560,48740.08254840653
OUT_13561,733.8754003591987
OUT_13562,16425.016504303603
OUT_13563,18176.92263920522
OUT_13564,965.6884526937964
OUT_13565,730.5094167215307
OUT_13566,728.8352782212223
OUT_13567,510.2268440796414
OUT_13568,4660.940010361834
OUT_13569,629.0996260783459
OUT_13570,617.3456420263575
OUT_13571,579.5064032621043
OUT_13572,738.6736944849645
OUT_13573,968.6045791694124
OUT_13574,19541.0757646702
OUT_13575,19288.97071408804
OUT_13576,596.7445982403159
OUT_13577,1054.026246356798
OUT_13578,796.7911944751387
OUT_13579,15085.01798808634
OUT_13580,2335.4658703178934
OUT_13581,857.5730297259051
OUT_13582,4540.375792167941
OUT_13583,416.0409281999473
OUT_13584,1060.455885860954
OUT_13585,856.1188848225939
OUT_13586,956.4965433983474
OUT_13587,976.741330751122
OUT_13588,563.9074233586354
OUT_13589,716.2699606940105
OUT_13590,3610.548351161705
OUT_13591,545.8346666155111
OUT_13592,3983.296679315824
OUT_13593,800.6337907260385
OUT_13594,604.3275822776752
OUT_13595,17792.31674646246
OUT_13596,15287.413143391816
OUT_13597,487.2259794770721
OUT_13598,656.8473206921852
OUT_13599,45676.10616947752
OUT_13600,784.0039523933275
OUT_13601,897.2978450629681
OUT_13602,3592.1485394978445
OUT_13603,16972.667306384992
OUT_13604,757.4723358480918
OUT_13605,4703.922988690219
OUT_13606,575.8740697068873
OUT_13607,3272.64354544591
OUT_13608,3643.575213618324
OUT_13609,520.4762744144766
OUT_13610,918.655387308474
OUT_13611,15960.2172604507
OUT_13612,771.4678777194782
OUT_13613,44013.13910619973
OUT_13614,3046.070343414744
OUT_13615,424.1660778357496
OUT_13616,640.9826352068378
OUT_13617,3154.0506657345127
OUT_13618,48454.08319583656
OUT_13619,3582.220345979614
OUT_13620,19086.6334151909
OUT_13621,710.6137788418404
OUT_13622,3357.781695035452
OUT_13623,3757.58836254232
OUT_13624,3490.422440673772
OUT_13625,3640.0339641772953
OUT_13626,4494.514116493231
OUT_13627,2963.329494046121
OUT_13628,637.0650639294249
OUT_13629,944.451061724815
OUT_13630,802.6960186319237
OUT_13631,3065.341944467351
OUT_13632,732.6568519150607
OUT_13633,2952.786082424763
OUT_13634,17622.957698274855
OUT_13635,1013.2327180237528
OUT_13636,707.9264877555638
OUT_13637,592.702342416169
OUT_13638,3529.542614800353
OUT_13639,47856.51759973492
OUT_13640,2756.863494820313
OUT_13641,4095.516473761376
OUT_13642,16399.01507828997
OUT_13643,759.0906806694501
OUT_13644,17959.412030711625
OUT_13645,16815.587886783724
OUT_13646,463.5792022622408
OUT_13647,45316.62746989288
OUT_13648,49331.108072250834
OUT_13649,15737.177292569291
OUT_13650,713.2917540372644
OUT_13651,3796.925977994426
OUT_13652,840.2129533153958
OUT_13653,345.4624697381784
OUT_13654,3736.6590339794793
OUT_13655,625.2793973982725
OUT_13656,941.9430806538988
OUT_13657,3522.6016140131114
OUT_13658,563.0564022405913
OUT_13659,844.0938586569014
OUT_13660,3146.3904546225785
OUT_13661,466.2812840403715
OUT_13662,4044.898795364328
OUT_13663,3794.713001827938
OUT_13664,16629.830076371207
OUT_13665,45904.133552376574
OUT_13666,602.6644359279808
OUT_13667,1069.1196551203093
OUT_13668,2610.0475175790325
OUT_13669,867.4538863875572
OUT_13670,18967.27911239844
OUT_13671,2166.4132656521706
OUT_13672,3861.205627271622
OUT_13673,565.9955054610942
OUT_13674,708.2125787423837
OUT_13675,885.4010844146433
OUT_13676,792.7288324430461
OUT_13677,16712.393833479196
OUT_13678,17167.551226147145
OUT_13679,668.494741938936
OUT_13680,1059.3557344563385
OUT_13681,585.4693936842569
OUT_13682,651.475570542129
OUT_13683,2971.0336511507653
OUT_13684,3249.607007219262
OUT_13685,932.1630552827428
OUT_13686,666.2822596472694
OUT_13687,3036.26840917063
OUT_13688,796.9686730674805
OUT_13689,830.0443608473072
OUT_13690,680.0312390868174
OUT_13691,4019.9461741003856
OUT_13692,612.6336480986186
OUT_13693,4026.810867648895
OUT_13694,46791.83025374293
OUT_13695,1107.716737474207
OUT_13696,4237.46917895136
OUT_13697,3695.330703631524
OUT_13698,643.9382987453332
OUT_13699,4343.990089741386
OUT_13700,748.6700963684617
OUT_13701,602.7159833901122
OUT_13702,3323.739105920371
OUT_13703,734.9128533970955
OUT_13704,712.6887744355661
OUT_13705,974.9874359596336
OUT_13706,966.1435369659704
OUT_13707,492.56208085532586
OUT_13708,703.9191139743142
OUT_13709,993.7394903539572
OUT_13710,975.4970308837832
OUT_13711,964.9365680485548
OUT_13712,852.4708301090337
OUT_13713,1191.142078057993
OUT_13714,757.6010626807325
OUT_13715,18851.349325470743
OUT_13716,16241.486060090589
OUT_13717,3581.3570579016314
OUT_13718,15486.024259716032
OUT_13719,2885.520341413675
OUT_13720,787.0035514721937
OUT_13721,4478.460876209817
OUT_13722,3920.314523417257
OUT_13723,3807.509238748285
OUT_13724,909.5159393141704
OUT_13725,1087.1294566842112
OUT_13726,3320.2210303764664
OUT_13727,922.8610779328002
OUT_13728,531.2053075992252
OUT_13729,1067.1548711022183
OUT_13730,670.4086126577254
OUT_13731,679.1896328420697
OUT_13732,3581.4879177231014
OUT_13733,793.7812597508
OUT_13734,16206.440927292211
OUT_13735,472.15094131082105
OUT_13736,18970.886701849
OUT_13737,17278.478186621916
OUT_13738,933.6547588006234
OUT_13739,863.7984317875216
OUT_13740,475.2975851106455
OUT_13741,679.0265206011202
OUT_13742,17625.59171803034
OUT_13743,981.1242433128676
OUT_13744,898.0124354668354
OUT_13745,614.9293202401501
OUT_13746,531.41432914224
OUT_13747,3320.293219037958
OUT_13748,906.761193096381
OUT_13749,949.971918003026
OUT_13750,3527.175602049325
OUT_13751,1368.0733689192043
OUT_13752,3214.026385742641
OUT_13753,48880.92152624312
OUT_13754,781.8579675570389
OUT_13755,3450.971647548954
OUT_13756,883.4723919792723
OUT_13757,17422.53669646032
OUT_13758,17433.095562924427
OUT_13759,898.8416153725923
OUT_13760,2628.51057847776
OUT_13761,15542.14546865421
OUT_13762,16441.794163603005
OUT_13763,17834.420925162936
OUT_13764,593.518728170404
OUT_13765,779.4306744824346
OUT_13766,562.0197536467139
OUT_13767,3331.728569741899
OUT_13768,3197.5015349042123
OUT_13769,678.8789369779826
OUT_13770,565.6023045912739
OUT_13771,807.8863395677924
OUT_13772,908.3255988684384
OUT_13773,3242.552623702556
OUT_13774,750.1726410038133
OUT_13775,757.5095080137613
OUT_13776,3889.434392788359
OUT_13777,3779.6453980804586
OUT_13778,701.7314559084098
OUT_13779,734.1037827264009
OUT_13780,16272.72753026672
OUT_13781,691.8277640590717
OUT_13782,938.5526967205268
OUT_13783,1193.9595473948034
OUT_13784,1002.8744161079908
OUT_13785,561.9883323612413
OUT_13786,3013.002242030964
OUT_13787,1056.7879465887738
OUT_13788,982.7883180386272
OUT_13789,3430.3611061548745
OUT_13790,3273.0174858138366
OUT_13791,18222.760135199205
OUT_13792,639.5432205106364
OUT_13793,2793.4056022877794
OUT_13794,825.222211090435
OUT_13795,839.9234374152289
OUT_13796,3360.9834955849674
OUT_13797,564.1055213156988
OUT_13798,439.6799560194555
OUT_13799,1030.062324059773
OUT_13800,16917.614661055624
OUT_13801,43319.02801230543
OUT_13802,15264.970214081848
OUT_13803,427.9487099861506
OUT_13804,682.5487154632474
OUT_13805,578.0722290077762
OUT_13806,3740.872620431161
OUT_13807,3290.472480970564
OUT_13808,50376.46672397044
OUT_13809,579.4180368550808
OUT_13810,540.9957279846396
OUT_13811,3807.778056053373
OUT_13812,15735.487024634427
OUT_13813,48673.19531237788
OUT_13814,1019.0746316689848
OUT_13815,16426.16162296766
OUT_13816,1151.8440265517374
OUT_13817,2211.9811295662807
OUT_13818,4131.906764836896
OUT_13819,3887.507313203427
OUT_13820,651.3337606996193
OUT_13821,17561.76099879938
OUT_13822,579.6788371588877
OUT_13823,3758.3880906169143
OUT_13824,636.0195234644934
OUT_13825,595.9130164732367
OUT_13826,3309.0971651739605
OUT_13827,3019.1672626195123
OUT_13828,48439.990199960426
OUT_13829,4590.542613941926
OUT_13830,860.9378740187815
OUT_13831,2688.4404155065386
OUT_13832,722.7222073725068
OUT_13833,3731.8919743535535
OUT_13834,3843.1837622455
OUT_13835,3098.339014888592
OUT_13836,621.7465753556837
OUT_13837,751.7612634690571
OUT_13838,731.0012718354486
OUT_13839,3708.480158312964
OUT_13840,3459.8142051281457
OUT_13841,633.377099623381
OUT_13842,644.0013006516751
OUT_13843,3993.60016800452
OUT_13844,1089.4602365936134
OUT_13845,493.81465278815966
OUT_13846,1053.563683765823
OUT_13847,2772.8941067787155
OUT_13848,837.8733695497135
OUT_13849,696.8721765471677
OUT_13850,809.0183139559566
OUT_13851,19899.18834512784
OUT_13852,909.2531842651364
OUT_13853,693.5822573885266
OUT_13854,577.5554900420956
OUT_13855,488.397745873534
OUT_13856,817.3766758107013
OUT_13857,18964.6238345843
OUT_13858,17217.406745993307
OUT_13859,787.910483599228
OUT_13860,585.2418614324783
OUT_13861,1017.7086992480728
OUT_13862,898.4312333595396
OUT_13863,957.5631915032276
OUT_13864,796.6421998912404
OUT_13865,708.3118333180187
OUT_13866,1048.510403352252
OUT_13867,814.6868146452952
OUT_13868,993.9347830852764
OUT_13869,605.277540068593
OUT_13870,544.5093794420422
OUT_13871,3552.682563663019
OUT_13872,730.5758649453129
OUT_13873,3795.143825611823
OUT_13874,316.3073320070809
OUT_13875,17127.62152295365
OUT_13876,3319.77030149638
OUT_13877,17982.422549989573
OUT_13878,3708.84489457595
OUT_13879,3548.9413296938
OUT_13880,48049.98197190387
OUT_13881,2981.6570870861856
OUT_13882,632.8067266698185
OUT_13883,48900.94737416024
OUT_13884,18292.02287669357
OUT_13885,629.0549726633998
OUT_13886,708.4802676418029
OUT_13887,668.7307870918638
OUT_13888,833.6065907513146
OUT_13889,639.2279596868394
OUT_13890,670.6432915591645
OUT_13891,3110.1535087357192
OUT_13892,577.0118328016938
OUT_13893,632.2429701529347
OUT_13894,3849.023193700354
OUT_13895,604.2329776520306
OUT_13896,3806.618755206551
OUT_13897,3421.87731896735
OUT_13898,632.57381124961
OUT_13899,1186.219780682894
OUT_13900,4180.00636599088
OUT_13901,542.3106142229165
OUT_13902,3368.4059097427294
OUT_13903,1151.8531882120542
OUT_13904,15680.949614846051
OUT_13905,46257.57031773278
OUT_13906,932.2876973788872
OUT_13907,3119.16315045947
OUT_13908,49532.15526147341
OUT_13909,1138.9799918375422
OUT_13910,879.3832001949766
OUT_13911,617.2277843434186
OUT_13912,17058.50218007844
OUT_13913,3610.305745295516
OUT_13914,3543.553944847293
OUT_13915,4108.434546843204
OUT_13916,2919.451424879975
OUT_13917,3812.126592723385
OUT_13918,3542.054128586629
OUT_13919,3241.584370565325
OUT_13920,994.5820842692976
OUT_13921,49081.27658577679
OUT_13922,813.4814898570635
OUT_13923,817.6053568781182
OUT_13924,4217.036940897971
OUT_13925,18181.335974719863
OUT_13926,3058.8792946947683
OUT_13927,933.1874645851788
OUT_13928,854.6448992683708
OUT_13929,680.7878826574197
OUT_13930,804.2372893990339
OUT_13931,3438.9920093119813
OUT_13932,3410.9560003015044
OUT_13933,3161.219867550108
OUT_13934,789.243306953041
OUT_13935,2785.32580156322
OUT_13936,720.8861446369729
OUT_13937,17082.545669609248
OUT_13938,4025.2992847955375
OUT_13939,747.3393402194635
OUT_13940,4804.640238231144
OUT_13941,534.5404739620625
OUT_13942,763.3853702011097
OUT_13943,17949.883837705875
OUT_13944,16764.790611023305
OUT_13945,620.1720239513561
OUT_13946,3091.0524246050663
OUT_13947,3231.5100078698406
OUT_13948,841.9059459956887
OUT_13949,624.913957963623
OUT_13950,16083.956440126654
OUT_13951,3303.089797626167
OUT_13952,822.9745137129923
OUT_13953,4213.393916529416
OUT_13954,50373.221413881816
OUT_13955,1084.3103179078882
OUT_13956,20180.056128443717
OUT_13957,892.1085059220385
OUT_13958,3605.909832007443
OUT_13959,3219.4165699895207
OUT_13960,542.3173546379801
OUT_13961,3950.872995255729
OUT_13962,724.3584718523148
OUT_13963,17353.37698597041
OUT_13964,717.6172465203076
OUT_13965,2881.1541282934954
OUT_13966,627.1895686647467
OUT_13967,605.6979743281166
OUT_13968,701.1890009645622
OUT_13969,3558.4936501022007
OUT_13970,16035.321572283305
OUT_13971,702.8533166161335
OUT_13972,17186.527643902722
OUT_13973,3534.5941217111144
OUT_13974,867.3923418166113
OUT_13975,17488.16363256025
OUT_13976,1114.4402801353187
OUT_13977,16254.151057119365
OUT_13978,871.6272894180865
OUT_13979,2964.2803133029165
OUT_13980,4541.446447848869
OUT_13981,50067.38033113814
OUT_13982,51498.97376333898
OUT_13983,761.1163940269149
OUT_13984,1160.9743005068026
OUT_13985,844.499076454812
OUT_13986,50155.24994604278
OUT_13987,855.430313539901
OUT_13988,3439.0734934197144
OUT_13989,579.3294464063359
OUT_13990,970.9796815356964
OUT_13991,3530.884359653891
OUT_13992,19471.24975296921
OUT_13993,652.5692895749011
OUT_13994,3635.128676957452
OUT_13995,1160.7515185375155
OUT_13996,49199.39304581341
OUT_13997,698.7916551821587
OUT_13998,49233.94522418697
OUT_13999,653.2022542231285
OUT_14000,802.6469873779429
OUT_14001,459.3332997260808
OUT_14002,889.0030120929634
OUT_14003,918.5527716543606
OUT_14004,1018.6127257964192
OUT_14005,3221.617168723324
OUT_14006,609.5485368030722
OUT_14007,2510.8373062906658
OUT_14008,3665.510890460757
OUT_14009,3896.602345113928
OUT_14010,647.0181528279722
OUT_14011,3341.1558144503697
OUT_14012,425.89911146538975
OUT_14013,800.0637102479005
OUT_14014,17095.94915816753
OUT_14015,16584.379697129654
OUT_14016,773.1181873549333
OUT_14017,3164.195147090171
OUT_14018,671.0952836115694
OUT_14019,2888.275767863853
OUT_14020,521.1239995286544
OUT_14021,3179.9730124521006
OUT_14022,1109.63806220797
OUT_14023,50440.54887216455
OUT_14024,18361.27620381012
OUT_14025,17886.053502102306
OUT_14026,528.7341818706451
OUT_14027,1130.1851060853814
OUT_14028,1128.8461774048997
OUT_14029,15548.71736113288
OUT_14030,19365.684355612124
OUT_14031,3754.647583633471
OUT_14032,17693.056325158046
OUT_14033,16885.223569656784
OUT_14034,48874.30929029881
OUT_14035,1040.685840746603
OUT_14036,19969.005118957968
OUT_14037,16349.784725666575
OUT_14038,769.902546155709
OUT_14039,3437.608249077372
OUT_14040,3902.194857553604
OUT_14041,752.6890625438357
OUT_14042,647.0612266840511
OUT_14043,779.0399746744056
OUT_14044,607.5723456914687
OUT_14045,2592.514156271165
OUT_14046,449.6381812673495
OUT_14047,4638.309611446727
OUT_14048,1182.4044890086814
OUT_14049,730.5398943876775
OUT_14050,48677.44366062571
OUT_14051,4493.349655991588
OUT_14052,887.318773224966
OUT_14053,853.9124439716309
OUT_14054,820.0869296708684
OUT_14055,497.6685980920755
OUT_14056,2844.8533270594744
OUT_14057,16849.612675221142
OUT_14058,2859.410838118115
OUT_14059,715.1327069188519
OUT_14060,3319.9995889325005
OUT_14061,2697.1415699470404
OUT_14062,17739.187974207463
OUT_14063,43083.02834640666
OUT_14064,697.5789840417975
OUT_14065,17508.968615269092
OUT_14066,816.3436446725012
OUT_14067,802.0939700091943
OUT_14068,2957.2004423766225
OUT_14069,609.1380314044756
OUT_14070,2715.4102787123943
OUT_14071,738.8180076393695
OUT_14072,3207.03749229456
OUT_14073,668.7440830325129
OUT_14074,17323.561412906194
OUT_14075,835.532949176947
OUT_14076,15674.320525329556
OUT_14077,815.9793711491825
OUT_14078,4265.482229132404
OUT_14079,727.9979326670623
OUT_14080,3300.4100189380733
OUT_14081,461.5965185936856
OUT_14082,17118.14026565377
OUT_14083,772.3234008021936
OUT_14084,726.1304879659328
OUT_14085,4713.523104342812
OUT_14086,18264.162816308355
OUT_14087,719.070587556118
OUT_14088,3977.9444734973217
OUT_14089,16972.694103849575
OUT_14090,16649.064857578956
OUT_14091,799.147387240163
OUT_14092,672.566559158211
OUT_14093,48410.498853648496
OUT_14094,1213.879132516778
OUT_14095,3683.4380186373583
OUT_14096,739.418492324774
OUT_14097,391.92639306017895
OUT_14098,3547.2370902862685
OUT_14099,3446.6270162641845
OUT_14100,660.1177112000177
OUT_14101,657.9504702378517
OUT_14102,3206.2486702081337
OUT_14103,863.0474981898171
OUT_14104,725.5390913935672
OUT_14105,672.9117593305709
OUT_14106,2576.915126760525
OUT_14107,936.5338671996328
OUT_14108,860.307201828979
OUT_14109,19735.67663208933
OUT_14110,4034.594889604
OUT_14111,19278.44577126506
OUT_14112,885.9755598452816
OUT_14113,689.6625607219833
OUT_14114,17233.056813655192
OUT_14115,987.6081833934618
OUT_14116,748.3073146964
OUT_14117,3562.9926014193898
OUT_14118,46579.9758588639
OUT_14119,3191.055376813563
OUT_14120,597.8302130966479
OUT_14121,967.1316620213316
OUT_14122,641.570429351926
OUT_14123,627.2320600698528
OUT_14124,551.671295397608
OUT_14125,730.3472968231899
OUT_14126,4235.989626545165
OUT_14127,17073.805325441754
OUT_14128,571.5457734551679
OUT_14129,586.263982457112
OUT_14130,485.55520989828347
OUT_14131,16311.89037019691
OUT_14132,4384.097304542417
OUT_14133,16638.810129034893
OUT_14134,1009.2879493197458
OUT_14135,2624.1548647518566
OUT_14136,651.5220229255109
OUT_14137,440.6430035592575
OUT_14138,837.0421564999232
OUT_14139,49946.75472550207
OUT_14140,715.5426432984331
OUT_14141,726.5075617474906
OUT_14142,3161.977200221047
OUT_14143,919.7587240287068
OUT_14144,3683.360177680818
OUT_14145,2196.3151568761223
OUT_14146,3640.9105928748113
OUT_14147,2434.814270199495
OUT_14148,860.9583440031855
OUT_14149,826.8425590985057
OUT_14150,915.3206364165716
OUT_14151,573.5803347137951
OUT_14152,2903.0742674625462
OUT_14153,454.4016237094903
OUT_14154,2593.8081114566635
OUT_14155,854.5996439203236
OUT_14156,4147.55684493836
OUT_14157,951.0759386438956
OUT_14158,839.5751066830611
OUT_14159,3827.359855474535
OUT_14160,530.6666582190685
OUT_14161,570.3976933659138
OUT_14162,3211.511343344508
OUT_14163,732.357294622747
OUT_14164,4006.2890654239104
OUT_14165,3268.872361070108
OUT_14166,3146.950668014339
OUT_14167,496.9742849212112
OUT_14168,858.8604477747399
OUT_14169,2646.770226265027
OUT_14170,3702.2644448933306
OUT_14171,1033.9960169524084
OUT_14172,3460.3914910144176
OUT_14173,3296.660755574266
OUT_14174,675.1260127660471
OUT_14175,19772.24499907518
OUT_14176,1039.1312524976026
OUT_14177,761.3562878164569
OUT_14178,1135.9388754471784
OUT_14179,3356.4574267394096
OUT_14180,1124.4165626152214
OUT_14181,571.3400751436958
OUT_14182,3959.6267853326463
OUT_14183,995.3257190229546
OUT_14184,645.7437725071937
OUT_14185,913.8284568659528
OUT_14186,17633.40193841935
OUT_14187,1027.6624004076357
OUT_14188,740.9061453550331
OUT_14189,3587.7909451834157
OUT_14190,621.7003483409871
OUT_14191,15527.81599725264
OUT_14192,16509.120333493425
OUT_14193,1041.010090354966
OUT_14194,622.9213449702318
OUT_14195,16078.798939901517
OUT_14196,754.7723765496837
OUT_14197,15756.851917202808
OUT_14198,603.0956244228281
OUT_14199,856.8699207553873
OUT_14200,45995.8836896475
OUT_14201,945.969340214488
OUT_14202,794.796917510391
OUT_14203,3818.303020063344
OUT_14204,981.3646775888768
OUT_14205,736.1664308045911
OUT_14206,881.8578328270182
OUT_14207,3054.675461628984
OUT_14208,47299.93777918291
OUT_14209,4232.313483988694
OUT_14210,3191.6694829261187
OUT_14211,1084.6346127335353
OUT_14212,3939.181527720491
OUT_14213,863.0212281283226
OUT_14214,609.8238683699427
OUT_14215,3296.610409163907
OUT_14216,1014.064259739916
OUT_14217,44292.92733293122
OUT_14218,710.9290728451497
OUT_14219,785.6649695477087
OUT_14220,570.5533191993044
OUT_14221,3171.5600012065806
OUT_14222,48088.78510131104
OUT_14223,613.459102388008
OUT_14224,1158.7941633753717
OUT_14225,16368.883402248097
OUT_14226,17150.340092595477
OUT_14227,748.5399218359938
OUT_14228,3152.5188265522784
OUT_14229,3360.646255885504
OUT_14230,954.7008569561674
OUT_14231,19766.511972416847
OUT_14232,578.8229002463241
OUT_14233,4262.011177802939
OUT_14234,795.2035607933452
OUT_14235,401.2177915120071
OUT_14236,3570.550050969417
OUT_14237,3948.705732716328
OUT_14238,4606.104578665834
OUT_14239,884.541744168063
OUT_14240,50045.29544464815
OUT_14241,16801.26332955757
OUT_14242,15399.050770903326
OUT_14243,3933.569849378577
OUT_14244,952.6046020883224
OUT_14245,710.9542745774914
OUT_14246,540.1529479714036
OUT_14247,3509.573657938964
OUT_14248,3428.373069079798
OUT_14249,3145.9776989132456
OUT_14250,499.93124050031406
OUT_14251,17786.403574978707
OUT_14252,3581.4990685940525
OUT_14253,2734.08989590158
OUT_14254,854.3742820442603
OUT_14255,613.2598899907989
OUT_14256,519.7758845145447
OUT_14257,3914.0056776923216
OUT_14258,3804.2028753188633
OUT_14259,599.0070642881386
OUT_14260,2738.924800902991
OUT_14261,640.9809419127099
OUT_14262,14790.780472193124
OUT_14263,3846.9487434973385
OUT_14264,773.0014174944336
OUT_14265,3553.421679901883
OUT_14266,4605.203608560976
OUT_14267,2871.600471971786
OUT_14268,2556.8791558962703
OUT_14269,3425.2862079720257
OUT_14270,812.4553650576537
OUT_14271,3454.537696589675
OUT_14272,4118.517990900215
OUT_14273,3440.337312023833
OUT_14274,49121.817784340405
OUT_14275,3449.697088791444
OUT_14276,699.8527443700267
OUT_14277,3059.0170614527115
OUT_14278,893.0495824024432
OUT_14279,767.3848348759406
OUT_14280,16725.413962817485
OUT_14281,48098.64853940968
OUT_14282,16013.978603419911
OUT_14283,3517.548547605331
OUT_14284,623.6009817813174
OUT_14285,513.7256059846534
OUT_14286,833.3352504393156
OUT_14287,4250.169883216724
OUT_14288,557.0016540852259
OUT_14289,848.1824493216382
OUT_14290,3619.272853141671
OUT_14291,3444.2126854489334
OUT_14292,15249.53675858706
OUT_14293,989.4012525752236
OUT_14294,50290.44397610184
OUT_14295,508.0716583146917
OUT_14296,751.0483183380065
OUT_14297,16204.35902920818
OUT_14298,3876.57942365523
OUT_14299,3812.4635840473993
OUT_14300,17654.182968800913
OUT_14301,409.515702309252
OUT_14302,769.9698794197519
OUT_14303,4059.482739653269
OUT_14304,851.695720742446
OUT_14305,16931.992241885546
OUT_14306,736.6653011391052
OUT_14307,894.8290318048315
OUT_14308,839.4494128960818
OUT_14309,808.9687730218591
OUT_14310,3352.8811520836903
OUT_14311,697.53286064785
OUT_14312,879.389880049554
OUT_14313,497.1920119424826
OUT_14314,3723.150202723712
OUT_14315,809.4290308157524
OUT_14316,3664.722367839636
OUT_14317,898.0402315274741
OUT_14318,17270.05031356238
OUT_14319,4027.682478765125
OUT_14320,934.9926670908364
OUT_14321,685.7839276480904
OUT_14322,3452.0939366817424
OUT_14323,17266.045051591696
OUT_14324,719.8817442517973
OUT_14325,778.3338403509259
OUT_14326,4363.575735193012
OUT_14327,724.0222180315584
OUT_14328,15821.824389273388
OUT_14329,580.4063014349448
OUT_14330,491.2533714155677
OUT_14331,1060.442584292142
OUT_14332,3492.6818457535437
OUT_14333,934.7546623880088
OUT_14334,18217.702106568628
OUT_14335,769.8667390299963
OUT_14336,19387.58990068049
OUT_14337,45636.42740325563
OUT_14338,3798.385889387379
OUT_14339,794.3370947390302
OUT_14340,3349.227379947083
OUT_14341,3160.037666904333
OUT_14342,3790.0324659324056
OUT_14343,3774.509437693957
OUT_14344,683.9618138488547
OUT_14345,779.5420927959765
OUT_14346,19160.9193479358
OUT_14347,660.1454107878815
OUT_14348,1132.8768292586128
OUT_14349,3284.9851292566923
OUT_14350,19444.45125846837
OUT_14351,15400.434648663986
OUT_14352,16009.128168363624
OUT_14353,820.2091614829583
OUT_14354,584.5148552349989
OUT_14355,17298.62909495031
OUT_14356,4321.308826714712
OUT_14357,17260.30973806589
OUT_14358,912.7949232265728
OUT_14359,16321.69544955394
OUT_14360,535.5834963449772
OUT_14361,17244.94273622921
OUT_14362,1011.460190362646
OUT_14363,2977.732307429049
OUT_14364,17319.870524942304
OUT_14365,3750.595523177089
OUT_14366,899.3917513327424
OUT_14367,47625.12818780561
OUT_14368,2825.141593883593
OUT_14369,545.780788718852
OUT_14370,3440.1602092593607
OUT_14371,829.8431614281865
OUT_14372,590.2262904794791
OUT_14373,19140.935326802857
OUT_14374,14062.209399962869
OUT_14375,2821.510732741724
OUT_14376,17647.69222299389
OUT_14377,658.3538769116615
OUT_14378,645.9515946622216
OUT_14379,4798.987727069131
OUT_14380,2885.872487163529
OUT_14381,3432.1309836197192
OUT_14382,801.2441198992202
OUT_14383,3812.8955797913222
OUT_14384,19444.826763437697
OUT_14385,457.4342622986
OUT_14386,2115.367607526038
OUT_14387,732.4065418432556
OUT_14388,3996.677178644928
OUT_14389,3915.6090570475303
OUT_14390,3987.411077551529
OUT_14391,16862.833361660953
OUT_14392,915.3229715150025
OUT_14393,2911.661326274338
OUT_14394,678.1018024561225
OUT_14395,925.306134049614
OUT_14396,3392.0147075177097
OUT_14397,558.2092835325311
OUT_14398,3232.563533063581
OUT_14399,595.1297550210895
OUT_14400,570.2422373362534
OUT_14401,411.99709861996007
OUT_14402,791.041481241033
OUT_14403,819.543724065187
OUT_14404,397.2128164380984
OUT_14405,709.9475970176637
OUT_14406,738.7532030250443
OUT_14407,357.94739656053224
OUT_14408,4573.390973379224
OUT_14409,1060.5385034447277
OUT_14410,521.867030188709
OUT_14411,823.2554260800896
OUT_14412,863.2662174452742
OUT_14413,960.6980248982388
OUT_14414,4274.809321436615
OUT_14415,16328.277194539798
OUT_14416,588.3320919536784
OUT_14417,737.5011913584269
OUT_14418,594.8514243874782
OUT_14419,607.8734658191472
OUT_14420,810.6460897106421
OUT_14421,588.5897846438163
OUT_14422,731.0355247461051
OUT_14423,13635.419530473457
OUT_14424,2244.222925442072
OUT_14425,927.2751791135636
OUT_14426,734.7288978344924
OUT_14427,627.2946677063695
OUT_14428,558.8722272160873
OUT_14429,14731.381744669028
OUT_14430,3090.6238569087923
OUT_14431,764.5711737275592
OUT_14432,457.4823808982285
OUT_14433,18438.07773869157
OUT_14434,719.4367078137782
OUT_14435,3378.207193272884
OUT_14436,44885.07543564127
OUT_14437,513.3710873918683
OUT_14438,19319.218907315237
OUT_14439,824.2565539483035
OUT_14440,2472.2254453803525
OUT_14441,19979.69068586322
OUT_14442,19417.796610473528
OUT_14443,558.2303528592597
OUT_14444,3350.643770459102
OUT_14445,1121.038558397291
OUT_14446,724.5069382735924
OUT_14447,814.8774001826964
OUT_14448,1028.9737980022533
OUT_14449,607.8436656738002
OUT_14450,15981.386215544206
OUT_14451,4608.844570720135
OUT_14452,712.9795144805877
OUT_14453,48961.60181761544
OUT_14454,3403.058335180169
OUT_14455,580.444740709567
OUT_14456,902.795404399646
OUT_14457,4510.169465786648
OUT_14458,4151.976875101464
OUT_14459,3042.796909069856
OUT_14460,708.1206616165938
OUT_14461,3460.9411037689515
OUT_14462,3613.44243004048
OUT_14463,3416.4724722685623
OUT_14464,1027.9908925585166
OUT_14465,794.6457838596244
OUT_14466,998.010523701442
OUT_14467,17183.500988063362
OUT_14468,50226.61715725846
OUT_14469,4180.249059016006
OUT_14470,3794.8706648751872
OUT_14471,2688.812015623448
OUT_14472,4943.728253013921
OUT_14473,966.059390942338
OUT_14474,565.8498287334862
OUT_14475,656.4542382719409
OUT_14476,13282.21739872902
OUT_14477,784.5114022184309
OUT_14478,657.4860355834825
OUT_14479,3022.0782198980537
OUT_14480,1048.825801583766
OUT_14481,974.8533146544032
OUT_14482,19867.877020706597
OUT_14483,3721.507195413678
OUT_14484,701.986811665091
OUT_14485,16600.498108464642
OUT_14486,711.8840610075323
OUT_14487,911.7538715793144
OUT_14488,3510.289091881118
OUT_14489,767.8075828051365
OUT_14490,3548.020602761786
OUT_14491,936.9115304219446
OUT_14492,844.3714307688685
OUT_14493,47683.66703187113
OUT_14494,3852.678480152211
OUT_14495,3518.406810365827
OUT_14496,889.0212884452536
OUT_14497,659.6340728970306
OUT_14498,501.651468070862
OUT_14499,405.9894175396095
OUT_14500,1191.525600816475
OUT_14501,643.5821228152744
OUT_14502,16707.22110245838
OUT_14503,684.9390841448853
OUT_14504,789.404401152169
OUT_14505,16073.319730348014
OUT_14506,960.6781092623884
OUT_14507,1006.6086421989356
OUT_14508,51618.53196799754
OUT_14509,634.4805962337863
OUT_14510,4208.878698175634
OUT_14511,713.8264773556388
OUT_14512,825.069499469553
OUT_14513,19239.00147171824
OUT_14514,50486.06612503431
OUT_14515,3644.639013320018
OUT_14516,3413.5957970724576
OUT_14517,612.174369277341
OUT_14518,3872.7233935359136
OUT_14519,18231.638427306403
OUT_14520,3253.064818366769
OUT_14521,4387.690525771249
OUT_14522,3146.120334299504
OUT_14523,797.7013597859377
OUT_14524,15935.617336965852
OUT_14525,50801.31545063326
OUT_14526,15531.54960196438
OUT_14527,553.5042931553177
OUT_14528,811.126541088627
OUT_14529,3364.6696135430057
OUT_14530,4293.400991033556
OUT_14531,3932.095609601941
OUT_14532,737.8704334649603
OUT_14533,929.333887227014
OUT_14534,588.4957047150957
OUT_14535,4497.903457811469
OUT_14536,16981.306220912425
OUT_14537,3074.845611806506
OUT_14538,2989.7558262896728
OUT_14539,461.7986748397304
OUT_14540,3346.7609929833548
OUT_14541,923.920495957248
OUT_14542,681.2362358203902
OUT_14543,995.2210974636
OUT_14544,913.025927007634
OUT_14545,742.5772912106834
OUT_14546,1422.5150831926835
OUT_14547,50091.88955351964
OUT_14548,728.8595683985669
OUT_14549,577.0112930902359
OUT_14550,500.442534391815
OUT_14551,40659.95176048527
OUT_14552,727.1224840829593
OUT_14553,17799.38680391303
OUT_14554,693.630345926067
OUT_14555,3458.3374771277327
OUT_14556,16155.149042677676
OUT_14557,3910.671997961543
OUT_14558,16667.77748313232
OUT_14559,543.3315513085694
OUT_14560,751.1560016894013
OUT_14561,2735.756673004937
OUT_14562,643.052771573467
OUT_14563,647.6168500919867
OUT_14564,3331.749393661859
OUT_14565,859.6859451902981
OUT_14566,17424.525419658123
OUT_14567,1180.705253428685
OUT_14568,3311.759413417358
OUT_14569,717.9644355950707
OUT_14570,549.7216373952128
OUT_14571,2936.554517546556
OUT_14572,3013.2221736414967
OUT_14573,3385.378128747745
OUT_14574,547.1145907186244
OUT_14575,1506.5491800267191
OUT_14576,4031.186177636219
OUT_14577,16955.153167244294
OUT_14578,920.7522385166676
OUT_14579,888.4755797424848
OUT_14580,922.2087359955116
OUT_14581,801.9777969679282
OUT_14582,533.9536721561464
OUT_14583,616.1024816877483
OUT_14584,17719.952382182182
OUT_14585,749.0053843456233
OUT_14586,49823.40806637808
OUT_14587,613.8499338435216
OUT_14588,15598.340832209917
OUT_14589,3123.0285866397767
OUT_14590,4104.014333199793
OUT_14591,1002.5510648747623
OUT_14592,477.6086054920093
OUT_14593,684.5494228754108
OUT_14594,3666.714055381695
OUT_14595,1155.955014539587
OUT_14596,798.4878415348007
OUT_14597,435.4268972518537
OUT_14598,747.8864832268455
OUT_14599,876.9086351998332
OUT_14600,18089.978633315623
OUT_14601,17292.009969947616
OUT_14602,49687.08848666336
OUT_14603,4116.997095186938
OUT_14604,935.1460667904792
OUT_14605,729.7462303697774
OUT_14606,3283.566186230172
OUT_14607,3756.2133965104754
OUT_14608,21143.457621405523
OUT_14609,525.3344527823521
OUT_14610,913.8625392608438
OUT_14611,3246.003294894466
OUT_14612,15383.50283918514
OUT_14613,2612.329638221386
OUT_14614,3142.8397858163894
OUT_14615,50883.7387098102
OUT_14616,1020.4923378209944
OUT_14617,665.0398660962186
OUT_14618,660.3007501646492
OUT_14619,18501.54979315047
OUT_14620,907.593644673697
OUT_14621,555.2406530535428
OUT_14622,4087.393827273672
OUT_14623,2640.3439748008627
OUT_14624,570.561742424275
OUT_14625,460.7184122991284
OUT_14626,3899.5125253314873
OUT_14627,822.9922510380596
OUT_14628,3324.244733046041
OUT_14629,2628.0442291377626
OUT_14630,46094.89118329575
OUT_14631,16498.726025077925
OUT_14632,724.473806913104
OUT_14633,942.1812162769152
OUT_14634,659.1664473725914
OUT_14635,16012.622502818109
OUT_14636,3272.731474486566
OUT_14637,861.3514126233305
OUT_14638,3082.159901862715
OUT_14639,2975.644087586156
OUT_14640,822.761828351465
OUT_14641,3970.855406997063
OUT_14642,401.2353701541338
OUT_14643,646.2157451518211
OUT_14644,3244.997973141478
OUT_14645,17635.905104424037
OUT_14646,1064.373669122178
OUT_14647,686.6027411945569
OUT_14648,590.8544805399441
OUT_14649,3680.4509951476
OUT_14650,848.4279539074967
OUT_14651,3611.79138220253
OUT_14652,918.3923730179152
OUT_14653,733.8511877004847
OUT_14654,633.7524080803998
OUT_14655,515.5109737147347
OUT_14656,1049.153232879258
OUT_14657,638.0025135080571
OUT_14658,551.0487883675705
OUT_14659,1079.2500618560998
OUT_14660,696.6974451127214
OUT_14661,617.8928970064252
OUT_14662,16959.982410522607
OUT_14663,48852.16532955974
OUT_14664,18848.21116261031
OUT_14665,675.7468199884058
OUT_14666,970.8420812362444
OUT_14667,571.9972402713086
OUT_14668,993.199888040886
OUT_14669,650.0649934587271
OUT_14670,3337.6554124031413
OUT_14671,48425.29083114266
OUT_14672,19650.5536404146
OUT_14673,3519.125915562237
OUT_14674,3576.984863065328
OUT_14675,503.5103036363408
OUT_14676,846.8347520632506
OUT_14677,558.1474368849154
OUT_14678,790.2715892835661
OUT_14679,2768.2387659769665
OUT_14680,2880.078821592354
OUT_14681,19248.07403448592
OUT_14682,881.402431340536
OUT_14683,17242.140952220543
OUT_14684,689.0175434040373
OUT_14685,3118.741084202656
OUT_14686,2846.8946074802543
OUT_14687,3679.3048063378446
OUT_14688,3503.9874435884194
OUT_14689,966.442666847042
OUT_14690,3965.667101022253
OUT_14691,810.4864957760373
OUT_14692,345.0032877943278
OUT_14693,3618.5355904076114
OUT_14694,17870.132759733722
OUT_14695,784.7944763389842
OUT_14696,1200.9126974385235
OUT_14697,554.7020092753559
OUT_14698,14827.80834970768
OUT_14699,17030.338466277113
OUT_14700,1159.7608553169214
OUT_14701,967.5649890839766
OUT_14702,635.6888577670101
OUT_14703,611.494239960767
OUT_14704,574.9189951646373
OUT_14705,4110.040037531631
OUT_14706,839.4878615292929
OUT_14707,589.2024661402672
OUT_14708,18568.255066585105
OUT_14709,16886.06711021805
OUT_14710,3252.7464282392657
OUT_14711,651.0629463432308
OUT_14712,18095.75667660769
OUT_14713,676.7013931645379
OUT_14714,3364.9376031043985
OUT_14715,932.721362714845
OUT_14716,772.6193307400264
OUT_14717,634.2697293817622
OUT_14718,1010.8415918810764
OUT_14719,3059.9029829265296
OUT_14720,47851.02271870788
OUT_14721,4282.469255243281
OUT_14722,3427.79253014502
OUT_14723,4321.779551602152
OUT_14724,4137.894410767804
OUT_14725,15781.726760807182
OUT_14726,3340.839636301333
OUT_14727,723.9425000108822
OUT_14728,3076.639819217649
OUT_14729,814.4245024909243
OUT_14730,3313.7144731483463
OUT_14731,707.5842283056014
OUT_14732,454.229267347266
OUT_14733,1055.3590767743071
OUT_14734,509.7835710192218
OUT_14735,4325.681611735171
OUT_14736,3741.465996581942
OUT_14737,665.2260701970097
OUT_14738,3081.6586007566
OUT_14739,3367.7552601728576
OUT_14740,512.1001168914814
OUT_14741,15846.79767770527
OUT_14742,769.1538481753588
OUT_14743,17844.630926798243
OUT_14744,513.9404235556143
OUT_14745,3564.841533837456
OUT_14746,896.5083886567064
OUT_14747,755.2979696205405
OUT_14748,923.150732028736
OUT_14749,17241.331993885033
OUT_14750,3285.855926387429
OUT_14751,3253.1115626110272
OUT_14752,18172.972153281607
OUT_14753,2792.308239973187
OUT_14754,18285.21961646558
OUT_14755,2485.3847776779685
OUT_14756,3848.3873316938943
OUT_14757,19167.97453987241
OUT_14758,2759.8851722766776
OUT_14759,3799.388157543685
OUT_14760,18865.445226594187
OUT_14761,972.219172912512
OUT_14762,3693.309169592711
OUT_14763,955.798131739185
OUT_14764,717.6629752478636
OUT_14765,2354.8546005866137
OUT_14766,4303.716648341117
OUT_14767,19580.265755607583
OUT_14768,3827.927334784295
OUT_14769,599.7692328931138
OUT_14770,4060.1551312803977
OUT_14771,50021.82978193765
OUT_14772,776.1157654731289
OUT_14773,18895.28298145872
OUT_14774,15725.378983125813
OUT_14775,613.2146862673773
OUT_14776,757.5727282180726
OUT_14777,3841.0225260466514
OUT_14778,17215.235403758616
OUT_14779,941.6060881525628
OUT_14780,865.5739184134726
OUT_14781,1078.8580568840905
OUT_14782,18057.46902406467
OUT_14783,3919.443273538353
OUT_14784,843.359547322684
OUT_14785,743.2411106814143
OUT_14786,540.1780874229545
OUT_14787,17606.452807588877
OUT_14788,835.5824411479576
OUT_14789,1025.4506272085357
OUT_14790,915.9162771655951
OUT_14791,3352.8167782547075
OUT_14792,840.2091107916084
OUT_14793,571.0650242130368
OUT_14794,682.1415202700152
OUT_14795,629.405136008173
OUT_14796,742.9451261977493
OUT_14797,936.5658751730456
OUT_14798,4305.456781870487
OUT_14799,17767.281432962183
OUT_14800,17753.341374914435
OUT_14801,934.3540834449906
OUT_14802,3694.9549329794327
OUT_14803,2997.2239042802025
OUT_14804,986.1772325324145
OUT_14805,710.9916754740646
OUT_14806,762.5823849113708
OUT_14807,402.5667159930208
OUT_14808,794.2587999135051
OUT_14809,46436.74871409462
OUT_14810,4186.663488559435
OUT_14811,2977.9370938279285
OUT_14812,826.0343710552081
OUT_14813,434.4059080814878
OUT_14814,2267.41802880652
OUT_14815,868.5991073580159
OUT_14816,370.7084303722989
OUT_14817,818.3716592108501
OUT_14818,16713.984384047348
OUT_14819,782.176988247392
OUT_14820,18056.777762116613
OUT_14821,1033.3593517409518
OUT_14822,48932.49796849147
OUT_14823,18916.54666777961
OUT_14824,432.1456253609896
OUT_14825,4137.242119733588
OUT_14826,416.4838674652264
OUT_14827,429.44464569179706
OUT_14828,819.3816592919957
OUT_14829,538.9167137717559
OUT_14830,48539.35451866685
OUT_14831,755.625678886376
OUT_14832,476.2868189674297
OUT_14833,47972.8671855514
OUT_14834,17092.728630933572
OUT_14835,597.490988350372
OUT_14836,3876.2642694178016
OUT_14837,674.3930268376083
OUT_14838,835.2877355210032
OUT_14839,2619.809369585288
OUT_14840,852.7193920511244
OUT_14841,605.145439171276
OUT_14842,4163.271332854506
OUT_14843,4424.53978708711
OUT_14844,605.3889519271344
OUT_14845,1102.577314213779
OUT_14846,17992.067704971643
OUT_14847,3831.224651558239
OUT_14848,969.5942003242168
OUT_14849,980.3232117710328
OUT_14850,725.561623531088
OUT_14851,651.9731412276138
OUT_14852,1002.5552663383994
OUT_14853,4031.572215811272
OUT_14854,693.277821702383
OUT_14855,912.0433626054588
OUT_14856,18016.85184352628
OUT_14857,3714.919851749127
OUT_14858,4078.532347337281
OUT_14859,17822.00231272313
OUT_14860,444.3193930705437
OUT_14861,1022.9252515307096
OUT_14862,3280.9027362628267
OUT_14863,3427.570929947533
OUT_14864,16076.602288829956
OUT_14865,2889.951155264397
OUT_14866,812.0985073719916
OUT_14867,886.055836571225
OUT_14868,16178.073564327651
OUT_14869,19259.52126361961
OUT_14870,3504.8184440182536
OUT_14871,2527.253493550112
OUT_14872,49402.207839855655
OUT_14873,997.2954991011876
OUT_14874,47726.28423368133
OUT_14875,48898.025028031
OUT_14876,16928.238676518275
OUT_14877,675.713601646153
OUT_14878,3168.318975133398
OUT_14879,832.3671634305811
OUT_14880,824.725566944173
OUT_14881,16248.025374914543
OUT_14882,17585.566967918716
OUT_14883,3396.293319137611
OUT_14884,18334.91284534768
OUT_14885,15576.01095720678
OUT_14886,642.9065294751591
OUT_14887,3261.8259575093566
OUT_14888,1085.4131359752687
OUT_14889,3618.0050286165097
OUT_14890,733.9569471556995
OUT_14891,735.2209517184923
OUT_14892,540.6694391962496
OUT_14893,854.3578025189286
OUT_14894,2853.33331478374
OUT_14895,588.091378651421
OUT_14896,624.2822042786235
OUT_14897,4106.915838756756
OUT_14898,965.1132030452604
OUT_14899,629.0921878781982
OUT_14900,827.655706730613
OUT_14901,3296.962422630254
OUT_14902,2688.547322845312
OUT_14903,632.8180105221137
OUT_14904,4394.52415844532
OUT_14905,3618.1473807054
OUT_14906,648.2211019306089
OUT_14907,911.250350966958
OUT_14908,3908.521478802323
OUT_14909,655.4413774187997
OUT_14910,928.0307282410874
OUT_14911,17796.39237077654
OUT_14912,723.1387023613792
OUT_14913,4031.5957516349463
OUT_14914,16381.588593024067
OUT_14915,966.4411611838946
OUT_14916,3208.484288167762
OUT_14917,651.4423163641607
OUT_14918,652.5189072711471
OUT_14919,636.2198110911421
OUT_14920,599.2430065068314
OUT_14921,848.6161514224036
OUT_14922,51199.35717488556
OUT_14923,3058.314407655035
OUT_14924,3623.551477706354
OUT_14925,3522.223934170481
OUT_14926,3323.854678172569
OUT_14927,3202.0821118663293
OUT_14928,17688.38568308839
OUT_14929,3284.1070924376395
OUT_14930,18135.4842134318
OUT_14931,711.1944672266436
OUT_14932,746.5702892795829
OUT_14933,949.940175557929
OUT_14934,3359.0499987656967
OUT_14935,3383.0248595968096
OUT_14936,3657.408238252665
OUT_14937,14535.742620558987
OUT_14938,3359.143676440784
OUT_14939,951.1854997168124
OUT_14940,13462.372015592024
OUT_14941,17165.501438717816
OUT_14942,839.3028411735635
OUT_14943,872.9682143504991
OUT_14944,843.8381840028519
OUT_14945,640.2612390768339
OUT_14946,17496.067566362413
OUT_14947,17359.909060796825
OUT_14948,967.8179537675976
OUT_14949,674.8895775600365
OUT_14950,1181.795999098498
OUT_14951,931.4055302621352
OUT_14952,718.4735929274218
OUT_14953,3555.3248939849327
OUT_14954,3930.2442809267454
OUT_14955,906.7937356565482
OUT_14956,2763.866074273727
OUT_14957,692.7352055465035
OUT_14958,17517.36278555963
OUT_14959,44552.31414589202
OUT_14960,3712.754147468003
OUT_14961,611.2137241429087
OUT_14962,2907.0962971987847
OUT_14963,3539.8372363864223
OUT_14964,659.11293140715
OUT_14965,3076.623623338694
OUT_14966,1006.098083906179
OUT_14967,3257.042229203089
OUT_14968,3100.232699623052
OUT_14969,868.2864473488501
OUT_14970,827.4380854900492
OUT_14971,4032.8936739260334
OUT_14972,2603.922737517667
OUT_14973,556.3539441610296
OUT_14974,17753.136803597434
OUT_14975,797.9704652409246
OUT_14976,2572.383569946977
OUT_14977,3747.952690822997
OUT_14978,934.9644657251456
OUT_14979,922.0521102120716
OUT_14980,602.4466291007527
OUT_14981,20152.3147369018
OUT_14982,3218.03595987586
OUT_14983,3815.962460259502
OUT_14984,1110.2381496183004
OUT_14985,748.4048672086615
OUT_14986,16750.653097138358
OUT_14987,2906.403465137861
OUT_14988,3474.0291917507834
OUT_14989,3885.275050223912
OUT_14990,3425.9153137559183
OUT_14991,16699.050045118845
OUT_14992,17785.896434970058
OUT_14993,16952.111069190534
OUT_14994,16042.9518129542
OUT_14995,834.0069614089757
OUT_14996,820.899665072897
OUT_14997,972.6069871076038
OUT_14998,3577.317069070567
OUT_14999,1050.023130874983
OUT_15000,661.2010954928777
OUT_15001,3662.801418098018
OUT_15002,733.7469959553703
OUT_15003,954.7429144038134
OUT_15004,2733.006797405007
OUT_15005,49324.74289241041
OUT_15006,3656.831696806122
OUT_15007,46715.239424311934
OUT_15008,3009.6678145877736
OUT_15009,616.3120857972008
OUT_15010,810.1964882826194
OUT_15011,702.4700476151711
OUT_15012,2470.9250573363547
OUT_15013,2731.769527675322
OUT_15014,801.2670061140311
OUT_15015,826.5230974326489
OUT_15016,1024.502321463519
OUT_15017,685.563379820836
OUT_15018,336.0727774186787
OUT_15019,3355.165247994781
OUT_15020,17656.380334733647
OUT_15021,911.7782547798754
OUT_15022,3218.158975082477
OUT_15023,845.685059351031
OUT_15024,3229.3776488788685
OUT_15025,16812.860853787115
OUT_15026,632.7081994331085
OUT_15027,5055.807587807779
OUT_15028,4014.523259780889
OUT_15029,818.607987954276
OUT_15030,695.6624257838057
OUT_15031,888.8275483503257
OUT_15032,836.1088053328136
OUT_15033,3812.7751195271408
OUT_15034,613.2796429483715
OUT_15035,3797.045808060914
OUT_15036,639.8039436568529
OUT_15037,723.5109765997238
OUT_15038,3420.1376995859714
OUT_15039,2508.100635557632
OUT_15040,794.7865933016992
OUT_15041,17019.45133008104
OUT_15042,17130.94170570135
OUT_15043,3397.3661214927333
OUT_15044,710.628575933578
OUT_15045,773.2582090121939
OUT_15046,15953.577324344806
OUT_15047,50444.57557691582
OUT_15048,830.973918250079
OUT_15049,18422.06028406384
OUT_15050,630.7204847195744
OUT_15051,14717.061154935554
OUT_15052,16282.848779117136
OUT_15053,17985.37998450951
OUT_15054,3199.6066766917825
OUT_15055,49921.792707279325
OUT_15056,701.7406540132877
OUT_15057,44081.81661804161
OUT_15058,652.9887989433231
OUT_15059,784.039293349258
OUT_15060,666.1172780719992
OUT_15061,16976.485548388362
OUT_15062,2895.2360395025216
OUT_15063,16388.342963818708
OUT_15064,621.4327483766156
OUT_15065,17649.35810193463
OUT_15066,770.7447503095888
OUT_15067,3835.991198123127
OUT_15068,772.0505003283488
OUT_15069,640.4248898866714
OUT_15070,2874.3871071879744
OUT_15071,1066.811469188305
OUT_15072,3418.366036704856
OUT_15073,971.3123786247838
OUT_15074,724.8062721656056
OUT_15075,757.4516911415424
OUT_15076,16780.48396860068
OUT_15077,660.7315083262961
OUT_15078,19212.843248351262
OUT_15079,723.9577644368508
OUT_15080,950.5757906382868
OUT_15081,16260.99535041956
OUT_15082,19103.487890036668
OUT_15083,18658.042344637623
OUT_15084,784.7917997905149
OUT_15085,4482.690084495459
OUT_15086,375.299846074964
OUT_15087,580.1556710876537
OUT_15088,566.0400293784173
OUT_15089,46797.14018832986
OUT_15090,571.4444277648025
OUT_15091,18477.908742945667
OUT_15092,2920.573696407021
OUT_15093,16503.767670674817
OUT_15094,1052.384418471685
OUT_15095,978.7018531283252
OUT_15096,3698.449041943225
OUT_15097,933.5292040357316
OUT_15098,19202.93694571705
OUT_15099,644.8410713643618
OUT_15100,4386.014424095624
OUT_15101,3264.4996182871337
OUT_15102,993.5208906742168
OUT_15103,15430.315250446476
OUT_15104,3528.635759832797
OUT_15105,792.0241813952852
OUT_15106,942.489329583804
OUT_15107,560.9234017690376
OUT_15108,17289.540182620694
OUT_15109,755.63145116876
OUT_15110,721.9605024979052
OUT_15111,3847.422179508875
OUT_15112,877.3126182987481
OUT_15113,941.311283733878
OUT_15114,17668.953908264815
OUT_15115,3787.717988396885
OUT_15116,3556.1941504932765
OUT_15117,1074.2183054554112
OUT_15118,724.2482766518963
OUT_15119,489.734532740103
OUT_15120,584.5364351696843
OUT_15121,706.6847227888815
OUT_15122,14559.028659792566
OUT_15123,608.9273672660008
OUT_15124,628.3660058475245
OUT_15125,14956.864512762268
OUT_15126,766.0730099718487
OUT_15127,569.486131288967
OUT_15128,694.8006031353115
OUT_15129,3096.4385071826305
OUT_15130,952.067749297003
OUT_15131,708.6283399538682
OUT_15132,18881.858795024094
OUT_15133,801.3913654298199
OUT_15134,3789.991717828532
OUT_15135,19601.90254669396
OUT_15136,1033.211720206807
OUT_15137,576.9174502186506
OUT_15138,866.9573559439434
OUT_15139,3353.793805829335
OUT_15140,869.1184116375539
OUT_15141,889.3398370389307
OUT_15142,856.3188633160231
OUT_15143,725.1924386221428
OUT_15144,1226.50637154756
OUT_15145,46883.97324585032
OUT_15146,3962.769117319511
OUT_15147,17585.91202100754
OUT_15148,2901.939837821319
OUT_15149,3004.7282778980725
OUT_15150,729.9934724022391
OUT_15151,685.6996946949145
OUT_15152,905.8980787906448
OUT_15153,3106.047796619588
OUT_15154,17146.007210667765
OUT_15155,4211.614179698951
OUT_15156,13725.3254621302
OUT_15157,1147.5090112157031
OUT_15158,18196.55472627122
OUT_15159,17901.67738669996
OUT_15160,48150.59159709828
OUT_15161,3340.8605270636817
OUT_15162,564.5739954359642
OUT_15163,16338.874575787431
OUT_15164,1104.306120513487
OUT_15165,3119.709992592201
OUT_15166,3710.885741909037
OUT_15167,3599.741710890805
OUT_15168,18119.94762131277
OUT_15169,529.491651210793
OUT_15170,4358.572571305822
OUT_15171,955.905585535148
OUT_15172,525.4364577394163
OUT_15173,2815.866374141526
OUT_15174,362.35144595807697
OUT_15175,669.6984344487881
OUT_15176,3567.740017618795
OUT_15177,3921.118624101167
OUT_15178,773.0795595659088
OUT_15179,47889.31662373884
OUT_15180,572.3833795534118
OUT_15181,3585.874362339812
OUT_15182,708.8809576462033
OUT_15183,18175.8735854339
OUT_15184,19020.800001026808
OUT_15185,15914.157631793749
OUT_15186,826.5652456006125
OUT_15187,2887.774479926561
OUT_15188,619.007524835331
OUT_15189,3059.243674818676
OUT_15190,799.7921795152566
OUT_15191,1194.1048230509227
OUT_15192,666.3164879909781
OUT_15193,3851.694725311877
OUT_15194,2819.0111083221923
OUT_15195,763.6553256660106
OUT_15196,3454.187960666949
OUT_15197,561.3034154594313
OUT_15198,16918.910020123873
OUT_15199,3090.3194474925094
OUT_15200,3549.1459084927483
OUT_15201,1241.704315092416
OUT_15202,17256.948007688494
OUT_15203,3382.208754092969
OUT_15204,3785.086036957723
OUT_15205,796.4608289896014
OUT_15206,767.3075612589812
OUT_15207,848.0729859111298
OUT_15208,18846.584747439112
OUT_15209,606.5039528109185
OUT_15210,395.30113518332416
OUT_15211,870.1436171326736
OUT_15212,16283.709043268062
OUT_15213,995.9653451790168
OUT_15214,4095.949535324368
OUT_15215,3722.480731079224
OUT_15216,3380.24293588798
OUT_15217,809.3478741001187
OUT_15218,2966.683888493743
OUT_15219,3673.900344237749
OUT_15220,4387.103827644942
OUT_15221,855.4682030005503
OUT_15222,18449.1291706761
OUT_15223,722.5447784312162
OUT_15224,3272.3186330479925
OUT_15225,1053.4726933198483
OUT_15226,651.9310799355449
OUT_15227,782.9697304750579
OUT_15228,16118.858483982982
OUT_15229,737.7346600677131
OUT_15230,695.8840277092635
OUT_15231,3439.782561373123
OUT_15232,49718.82838147211
OUT_15233,3570.8096126344344
OUT_15234,844.4609156323047
OUT_15235,49943.72526618783
OUT_15236,16261.209968558942
OUT_15237,652.2153708479267
OUT_15238,48552.88278948732
OUT_15239,604.0031779759615
OUT_15240,3175.126767179813
OUT_15241,333.11196312621206
OUT_15242,705.6109318580785
OUT_15243,2055.366747374611
OUT_15244,969.005144352276
OUT_15245,550.0102094971427
OUT_15246,15587.02500695752
OUT_15247,999.9453887102128
OUT_15248,745.6046870818168
OUT_15249,16109.1832823346
OUT_15250,14236.50288303698
OUT_15251,2237.54503738616
OUT_15252,49566.33708343056
OUT_15253,3782.897181209941
OUT_15254,481.9375322422517
OUT_15255,17882.21992367618
OUT_15256,15789.959653297996
OUT_15257,927.9807379570414
OUT_15258,914.9535318275564
OUT_15259,16059.939926714842
OUT_15260,16813.93198404069
OUT_15261,913.3226786174624
OUT_15262,919.7890929811908
OUT_15263,3456.1296568549224
OUT_15264,2607.4313336448845
OUT_15265,580.8875306330749
OUT_15266,46468.08643466648
OUT_15267,18007.4262484502
OUT_15268,1121.184583908086
OUT_15269,950.5221407791212
OUT_15270,581.9234148707792
OUT_15271,873.8142778417075
OUT_15272,20606.742493096102
OUT_15273,3526.360666369939
OUT_15274,3083.0864498367955
OUT_15275,446.8083647665733
OUT_15276,941.8192700527876
OUT_15277,4205.973739900212
OUT_15278,724.6549868109013
OUT_15279,950.6310285679832
OUT_15280,3728.57274268902
OUT_15281,679.8460511475428
OUT_15282,3299.863584752768
OUT_15283,42694.33980707245
OUT_15284,1152.0185052378604
OUT_15285,47472.996904538944
OUT_15286,674.4670833245707
OUT_15287,4555.144259163297
OUT_15288,494.26686906334834
OUT_15289,4622.98295980496
OUT_15290,2804.570657827531
OUT_15291,15406.90021225503
OUT_15292,449.9190500936664
OUT_15293,534.1590590893617
OUT_15294,46629.3015753861
OUT_15295,496.8814730697941
OUT_15296,651.7832763351096
OUT_15297,833.4908562788714
OUT_15298,3187.048049620247
OUT_15299,17219.59329957211
OUT_15300,3353.823413233388
OUT_15301,3521.701173465184
OUT_15302,923.0219931455812
OUT_15303,3953.3246196049927
OUT_15304,3940.970876044245
OUT_15305,869.673902025834
OUT_15306,728.4001940242723
OUT_15307,843.67480535837
OUT_15308,3910.396924818008
OUT_15309,921.9823660064824
OUT_15310,3070.0372091920444
OUT_15311,3364.4274856767925
OUT_15312,422.70767607721615
OUT_15313,3135.9116553677104
OUT_15314,565.1352369111439
OUT_15315,49283.87917886446
OUT_15316,18060.79357409376
OUT_15317,17011.085164544395
OUT_15318,4237.771534171956
OUT_15319,2963.0929719625515
OUT_15320,2855.4823234804912
OUT_15321,448.6294189298965
OUT_15322,16794.879761171396
OUT_15323,5176.500522059294
OUT_15324,3477.3748575058166
OUT_15325,757.8088453456917
OUT_15326,691.227545280777
OUT_15327,17947.688226884366
OUT_15328,722.3642693592501
OUT_15329,18489.714393905306
OUT_15330,1008.9279926240966
OUT_15331,2545.591823591681
OUT_15332,893.7377307644208
OUT_15333,15920.868493152471
OUT_15334,3363.0020591377656
OUT_15335,16762.0249024459
OUT_15336,716.5654971168165
OUT_15337,15367.276916366163
OUT_15338,542.424310886984
OUT_15339,475.7728421230004
OUT_15340,14909.743215511326
OUT_15341,3795.7387877685455
OUT_15342,49421.37833860824
OUT_15343,3717.0563837866216
OUT_15344,16531.072746997615
OUT_15345,719.3742651053931
OUT_15346,3982.1562708864544
OUT_15347,776.047780961032
OUT_15348,590.0024212009491
OUT_15349,3984.599273574485
OUT_15350,597.3693682861284
OUT_15351,3523.5293157201536
OUT_15352,3425.6548813738777
OUT_15353,49414.81009336658
OUT_15354,599.7239042557175
OUT_15355,1010.9026817076024
OUT_15356,48094.67313849561
OUT_15357,935.0384091490778
OUT_15358,16262.908305433568
OUT_15359,462.2187926807909
OUT_15360,825.6088155200911
OUT_15361,3272.52904931598
OUT_15362,3578.6044502663326
OUT_15363,3788.046535557049
OUT_15364,3715.901251750032
OUT_15365,644.6459407214747
OUT_15366,683.3048405193005
OUT_15367,979.7361742627072
OUT_15368,465.7973277555184
OUT_15369,3074.879718859562
OUT_15370,3664.689549663528
OUT_15371,773.2993248235638
OUT_15372,49280.7541225909
OUT_15373,2453.6644473882543
OUT_15374,570.1798784508475
OUT_15375,4670.03215769764
OUT_15376,14929.898967942932
OUT_15377,3864.3371165152334
OUT_15378,964.316571387218
OUT_15379,3276.223210252969
OUT_15380,619.9729640934054
OUT_15381,3676.865430250528
OUT_15382,3126.134603899713
OUT_15383,677.5100972979899
OUT_15384,852.0795790475659
OUT_15385,829.9399941259558
OUT_15386,970.7613487897024
OUT_15387,3332.311089707233
OUT_15388,1022.1325516677484
OUT_15389,573.6594835444234
OUT_15390,19338.294999439568
OUT_15391,3320.558444779243
OUT_15392,3526.6975784311194
OUT_15393,702.4592111137429
OUT_15394,941.8602770751688
OUT_15395,701.4561155708967
OUT_15396,903.1703055202772
OUT_15397,19645.13420430705
OUT_15398,17737.422406788653
OUT_15399,18595.458381388467
OUT_15400,16694.190029017613
OUT_15401,808.5320750882502
OUT_15402,3465.630393503045
OUT_15403,1014.3659647262454
OUT_15404,422.4933856769895
OUT_15405,828.1903901402756
OUT_15406,768.874628053313
OUT_15407,3974.584184414
OUT_15408,578.0180020766113
OUT_15409,4136.241114040057
OUT_15410,3315.550108577863
OUT_15411,3954.402648259757
OUT_15412,14407.31463602134
OUT_15413,909.0408553045422
OUT_15414,1169.0845242838686
OUT_15415,49093.93112037664
OUT_15416,3849.982003372281
OUT_15417,16414.129082547308
OUT_15418,14705.106115375218
OUT_15419,3727.667018074153
OUT_15420,2935.1073139765845
OUT_15421,556.8403524219158
OUT_15422,630.8944992661193
OUT_15423,2616.1825883975757
OUT_15424,16808.643871243927
OUT_15425,3437.394384272311
OUT_15426,545.4362604586937
OUT_15427,736.213429180134
OUT_15428,47615.44303569859
OUT_15429,3006.847580510932
OUT_15430,807.4391654635416
OUT_15431,3461.982045907041
OUT_15432,757.2164034524233
OUT_15433,869.4224327513505
OUT_15434,733.6579418350018
OUT_15435,18603.73103668236
OUT_15436,718.0442882525527
OUT_15437,3586.967602485901
OUT_15438,3696.7937264955126
OUT_15439,4292.882302984495
OUT_15440,1016.2485260562328
OUT_15441,842.4759108379101
OUT_15442,17532.22644225946
OUT_15443,808.1717530190735
OUT_15444,4194.696499933904
OUT_15445,938.5610051298452
OUT_15446,3155.9994924419875
OUT_15447,3489.141625818004
OUT_15448,714.5770067398948
OUT_15449,17847.965824592186
OUT_15450,3034.7641042035966
OUT_15451,16911.725284370714
OUT_15452,2722.916277744823
OUT_15453,626.4519760451791
OUT_15454,3430.9345549519585
OUT_15455,14370.681215766806
OUT_15456,735.3247474901617
OUT_15457,780.4510516955826
OUT_15458,19139.31658950388
OUT_15459,900.9122403493224
OUT_15460,4066.991076578981
OUT_15461,18794.382222785025
OUT_15462,15130.72985107538
OUT_15463,3959.3026313049168
OUT_15464,3233.876940612575
OUT_15465,903.021322592786
OUT_15466,15741.738988038383
OUT_15467,3667.5219769000896
OUT_15468,48837.535309880936
OUT_15469,2477.466432739048
OUT_15470,14762.591699489753
OUT_15471,677.149914425812
OUT_15472,19621.346138316057
OUT_15473,593.6767117063051
OUT_15474,3713.8296910098234
OUT_15475,756.1097816137809
OUT_15476,829.3179236209845
OUT_15477,3430.0432571493534
OUT_15478,1078.8275730624644
OUT_15479,514.6747405107361
OUT_15480,16895.60317177271
OUT_15481,16080.638861004254
OUT_15482,712.0037072905261
OUT_15483,4136.612696204633
OUT_15484,3499.5154125120557
OUT_15485,5097.9212373788505
OUT_15486,802.1928900401886
OUT_15487,16111.120932091126
OUT_15488,877.5443915898477
OUT_15489,18461.59205791689
OUT_15490,781.9758347058736
OUT_15491,699.2533888896721
OUT_15492,932.0215027682837
OUT_15493,18372.900744087703
OUT_15494,3480.669072611892
OUT_15495,749.2989336420414
OUT_15496,49031.52209359953
OUT_15497,17963.457200556964
OUT_15498,17225.42361476993
OUT_15499,1186.6467431376982
OUT_15500,524.086056937223
OUT_15501,930.0704783425258
OUT_15502,16993.972467786523
OUT_15503,499.92759507794136
OUT_15504,18044.94962317549
OUT_15505,3483.890789722174
OUT_15506,18393.78052713138
OUT_15507,3655.501592114349
OUT_15508,825.2406752551627
OUT_15509,20131.02448583917
OUT_15510,864.3812488987502
OUT_15511,48396.905166208206
OUT_15512,16890.258353440262
OUT_15513,49052.79431108048
OUT_15514,50652.40663223109
OUT_15515,598.60577089492
OUT_15516,3464.080373552255
OUT_15517,17685.22071900456
OUT_15518,2434.743720765245
OUT_15519,4530.684684123354
OUT_15520,1169.649386134091
OUT_15521,17666.53855816725
OUT_15522,16639.159782924202
OUT_15523,2839.096371607596
OUT_15524,3830.958802963551
OUT_15525,709.9088619700806
OUT_15526,4194.505507448475
OUT_15527,3807.681877115037
OUT_15528,16347.05539565461
OUT_15529,621.3452364004485
OUT_15530,1100.9933723304637
OUT_15531,822.2738886934603
OUT_15532,17194.91310154335
OUT_15533,519.6797431871886
OUT_15534,47826.23984204316
OUT_15535,3567.1262890283533
OUT_15536,601.6377251220213
OUT_15537,3278.571301811947
OUT_15538,16871.512208816202
OUT_15539,1029.0193752735297
OUT_15540,872.1555391699793
OUT_15541,730.7311168361882
OUT_15542,885.3267500358644
OUT_15543,17511.17615140586
OUT_15544,937.2870085672832
OUT_15545,3165.6529328340825
OUT_15546,637.8188014582714
OUT_15547,3440.051960296155
OUT_15548,17739.898926855352
OUT_15549,2853.549370559109
OUT_15550,664.0013614598273
OUT_15551,4102.878842779793
OUT_15552,50687.28359280484
OUT_15553,572.9144969293596
OUT_15554,498.5036749970117
OUT_15555,643.811421124223
OUT_15556,725.6618798622626
OUT_15557,981.1372102583564
OUT_15558,857.8741191196629
OUT_15559,506.8674892494136
OUT_15560,3010.3375430322194
OUT_15561,504.1349037422816
OUT_15562,51005.76795926857
OUT_15563,584.2077293948212
OUT_15564,614.0028961759494
OUT_15565,15308.238141947286
OUT_15566,1061.7673817162904
OUT_15567,670.2513380102727
OUT_15568,871.150126209451
OUT_15569,778.5190482335175
OUT_15570,459.0048725646799
OUT_15571,934.8871256772102
OUT_15572,1046.4374717605947
OUT_15573,617.8712130525687
OUT_15574,3419.3989752315683
OUT_15575,1063.5763538196109
OUT_15576,871.6571892690602
OUT_15577,412.7239844026644
OUT_15578,16734.423225381233
OUT_15579,5365.30423868508
OUT_15580,3926.456855529345
OUT_15581,3146.108739831709
OUT_15582,4151.207720974188
OUT_15583,49853.44816645289
OUT_15584,16137.766098640426
OUT_15585,1025.851172454782
OUT_15586,2968.544036092097
OUT_15587,3189.1217552446046
OUT_15588,1134.9884848124047
OUT_15589,1043.7696287186902
OUT_15590,426.3260373082401
OUT_15591,741.9309321772186
OUT_15592,49435.91763675529
OUT_15593,17703.31234840828
OUT_15594,729.3572115081995
OUT_15595,3534.949882432124
OUT_15596,16588.244614556974
OUT_15597,624.4530288065429
OUT_15598,51188.502611212345
OUT_15599,595.8544489778373
OUT_15600,3550.527408942868
OUT_15601,18170.05164055375
OUT_15602,890.0787617910802
OUT_15603,2873.5020589386013
OUT_15604,3411.017974806716
OUT_15605,457.4172069230292
OUT_15606,4417.534713131071
OUT_15607,18489.08747456238
OUT_15608,3456.5684328480943
OUT_15609,3985.829221194192
OUT_15610,633.723335608184
OUT_15611,677.615849229806
OUT_15612,506.3283010700254
OUT_15613,46669.44208883082
OUT_15614,706.0366999100197
OUT_15615,3815.82501251883
OUT_15616,630.7273802466459
OUT_15617,836.858609703645
OUT_15618,777.5756862003769
OUT_15619,2901.9582159440724
OUT_15620,868.6652436046747
OUT_15621,3964.827486989655
OUT_15622,993.549100877596
OUT_15623,3530.915411495328
OUT_15624,16400.410362787752
OUT_15625,3789.7491789925343
OUT_15626,17094.869640573263
OUT_15627,50608.64907104276
OUT_15628,47231.36749813084
OUT_15629,19969.66172033507
OUT_15630,575.4731252174229
OUT_15631,402.3674994476547
OUT_15632,814.256758971766
OUT_15633,725.8012756860885
OUT_15634,4215.411927457391
OUT_15635,761.8016960985356
OUT_15636,411.675983937726
OUT_15637,50815.78043127505
OUT_15638,4158.023941393463
OUT_15639,755.3507856722941
OUT_15640,933.192170167756
OUT_15641,720.7600053927291
OUT_15642,624.6213660312249
OUT_15643,544.0516333298164
OUT_15644,706.4065786125733
OUT_15645,554.1131344717559
OUT_15646,3208.8444457343385
OUT_15647,607.4505268898592
OUT_15648,3036.5602867926245
OUT_15649,4316.430674019606
OUT_15650,47364.06407426101
OUT_15651,3023.4967101240336
OUT_15652,1039.8550993282092
OUT_15653,1059.765718002445
OUT_15654,886.4405911422452
OUT_15655,575.9147616945185
OUT_15656,524.6462922378583
OUT_15657,703.4084330098168
OUT_15658,842.7634018454552
OUT_15659,4317.944112493648
OUT_15660,926.9912546477448
OUT_15661,738.2904144143812
OUT_15662,3240.439314946282
OUT_15663,677.5964294513001
OUT_15664,19637.430794101954
OUT_15665,50047.55791037771
OUT_15666,3527.0399866903063
OUT_15667,18147.70593102315
OUT_15668,2640.545651607257
OUT_15669,14936.76522908334
OUT_15670,2802.7459473365348
OUT_15671,1050.5932751715843
OUT_15672,3492.6855642492983
OUT_15673,14972.17011423728
OUT_15674,19762.30777795376
OUT_15675,3563.7782445501903
OUT_15676,497.9197031838179
OUT_15677,3841.026526444429
OUT_15678,4714.087500257616
OUT_15679,562.333442880062
OUT_15680,15639.544861597033
OUT_15681,657.6211781196658
OUT_15682,733.1419754443341
OUT_15683,810.1576325582839
OUT_15684,771.8029620981737
OUT_15685,3603.074830589516
OUT_15686,1117.7416831614648
OUT_15687,799.2759904465397
OUT_15688,48129.4923148618
OUT_15689,821.8370716417444
OUT_15690,3455.978793998025
OUT_15691,3534.550765776206
OUT_15692,656.1474912207668
OUT_15693,16363.125652741986
OUT_15694,3708.432022270228
OUT_15695,1010.6641863880752
OUT_15696,3613.711034098093
OUT_15697,48406.94861261194
OUT_15698,741.995402008499
OUT_15699,711.6085573692128
OUT_15700,3464.5497906521646
OUT_15701,3124.313150560118
OUT_15702,16634.580649648793
OUT_15703,1017.234173491129
OUT_15704,834.1860489327562
OUT_15705,1089.1456290347342
OUT_15706,4446.429785510762
OUT_15707,18249.064897569104
OUT_15708,18335.5984303092
OUT_15709,766.2979354394005
OUT_15710,947.453527424217
OUT_15711,630.749854313921
OUT_15712,3298.877253930271
OUT_15713,784.289909064837
OUT_15714,678.5718116470264
OUT_15715,781.725249315844
OUT_15716,3348.960707094003
OUT_15717,47772.05201706933
OUT_15718,947.1896583140176
OUT_15719,16146.576323936444
OUT_15720,590.9730178016372
OUT_15721,841.0506036010358
OUT_15722,4034.6583015551023
OUT_15723,471.60790404097946
OUT_15724,16274.37697572056
OUT_15725,714.2431742939563
OUT_15726,1053.762403913118
OUT_15727,3563.2411475104445
OUT_15728,47280.10476152402
OUT_15729,19892.974186645155
OUT_15730,3536.6513673918407
OUT_15731,18772.336550833606
OUT_15732,683.2496115209523
OUT_15733,18250.17279893988
OUT_15734,1044.3342512930756
OUT_15735,851.5602126803936
OUT_15736,2760.6002419684505
OUT_15737,3139.7717654214
OUT_15738,3432.3674435993294
OUT_15739,15312.618520417453
OUT_15740,3504.488417402435
OUT_15741,1020.4787560653448
OUT_15742,977.2282546802628
OUT_15743,768.9546809840323
OUT_15744,814.8724232997452
OUT_15745,18153.812641620487
OUT_15746,17364.081657106268
OUT_15747,433.51175525133607
OUT_15748,18506.874756020767
OUT_15749,610.6799256424783
OUT_15750,17639.406447502963
OUT_15751,15466.281770623384
OUT_15752,709.3691735108692
OUT_15753,1294.7603761310656
OUT_15754,4074.046645533777
OUT_15755,15946.152606470456
OUT_15756,15880.381960557346
OUT_15757,3187.536466895748
OUT_15758,5119.986261040833
OUT_15759,588.5585890500365
OUT_15760,2904.2102925140484
OUT_15761,421.78179667573113
OUT_15762,4020.179151010696
OUT_15763,3462.480159790106
OUT_15764,3897.2053560854
OUT_15765,640.3526902207168
OUT_15766,790.1712513159241
OUT_15767,725.0065695835779
OUT_15768,634.6226458983988
OUT_15769,2258.130676822875
OUT_15770,960.6423078390452
OUT_15771,525.6397142969429
OUT_15772,3003.278065183385
OUT_15773,3985.0592224371817
OUT_15774,2933.366191790079
OUT_15775,928.9766594080844
OUT_15776,851.9528024277158
OUT_15777,3860.670743190521
OUT_15778,3770.2154171379034
OUT_15779,3365.651437343403
OUT_15780,19311.51854684001
OUT_15781,3016.3199072596863
OUT_15782,46301.76477764392
OUT_15783,4001.8538660085705
OUT_15784,618.4360695989448
OUT_15785,273.8063747538418
OUT_15786,854.4377772066077
OUT_15787,16602.84604928591
OUT_15788,3587.158360095464
OUT_15789,858.6780983668968
OUT_15790,48966.10137615682
OUT_15791,704.8394426896467
OUT_15792,4272.233006820306
OUT_15793,48345.38737025656
OUT_15794,4121.622203985598
OUT_15795,4857.977053493963
OUT_15796,1025.3328701761848
OUT_15797,15531.779821214022
OUT_15798,3783.110673232216
OUT_15799,18899.203877474494
OUT_15800,19590.61444621404
OUT_15801,18681.63277958817
OUT_15802,46466.95105713718
OUT_15803,637.8680649995464
OUT_15804,733.703657356018
OUT_15805,900.7910833187044
OUT_15806,1208.8577629032436
OUT_15807,834.7768395069006
OUT_15808,3194.2957409925
OUT_15809,3819.256252429751
OUT_15810,574.8223568664785
OUT_15811,737.2100983046263
OUT_15812,3426.3989611775014
OUT_15813,910.4101743432664
OUT_15814,17285.732940619146
OUT_15815,626.04420342838
OUT_15816,858.502726036766
OUT_15817,846.8277162490982
OUT_15818,937.6696729868466
OUT_15819,744.7245166867818
OUT_15820,991.1696819799052
OUT_15821,712.2018364791893
OUT_15822,531.5421765006403
OUT_15823,528.2668271363086
OUT_15824,563.9927660157165
OUT_15825,16316.543496728716
OUT_15826,3827.96150637881
OUT_15827,714.4533502149856
OUT_15828,19807.534748289672
OUT_15829,4107.465781171047
OUT_15830,4506.15984675688
OUT_15831,535.8191025898764
OUT_15832,3804.918720315136
OUT_15833,560.8932234619035
OUT_15834,17964.448609350988
OUT_15835,474.4550687801797
OUT_15836,721.8873262356245
OUT_15837,48355.76802519956
OUT_15838,17000.173307238787
OUT_15839,16378.987988425117
OUT_15840,17199.653423424497
OUT_15841,4538.367325037602
OUT_15842,590.7853460709405
OUT_15843,2914.5440056756293
OUT_15844,432.2771641326104
OUT_15845,17210.580205003716
OUT_15846,3218.741907038345
OUT_15847,50765.06018780661
OUT_15848,17589.094044272864
OUT_15849,18013.305354464894
OUT_15850,608.9909388388558
OUT_15851,567.6260950820902
OUT_15852,18131.920823421693
OUT_15853,48340.63412266358
OUT_15854,2562.6211556760995
OUT_15855,611.0196774634361
OUT_15856,915.546709469828
OUT_15857,918.566707934602
OUT_15858,986.9014079948256
OUT_15859,2920.7930288133552
OUT_15860,852.1234853002455
OUT_15861,47813.72872654731
OUT_15862,16974.705459779292
OUT_15863,790.9648124324507
OUT_15864,845.8750020256103
OUT_15865,3608.596682387803
OUT_15866,2722.091882471119
OUT_15867,4078.76537979024
OUT_15868,928.0204687177684
OUT_15869,4603.454447453334
OUT_15870,393.7337159399451
OUT_15871,46085.05394256054
OUT_15872,3157.80067732532
OUT_15873,667.7766265857782
OUT_15874,16484.579819772094
OUT_15875,1018.9256429015606
OUT_15876,850.41461833672
OUT_15877,49167.099756132615
OUT_15878,3733.52702061423
OUT_15879,718.8160917413582
OUT_15880,3264.943266332401
OUT_15881,725.9436589445472
OUT_15882,15273.438948148869
OUT_15883,742.1897461939612
OUT_15884,718.3455484810568
OUT_15885,761.5061326298808
OUT_15886,17934.950796235313
OUT_15887,724.8901454868818
OUT_15888,915.7027010548647
OUT_15889,772.2569572210316
OUT_15890,43706.27439156227
OUT_15891,648.3256350632499
OUT_15892,501.7045821369073
OUT_15893,589.4943203560293
OUT_15894,1162.7726087980209
OUT_15895,19166.381320156663
OUT_15896,992.1697254089472
OUT_15897,871.7888709514584
OUT_15898,1084.959733851323
OUT_15899,16117.214409706688
OUT_15900,4523.190429626471
OUT_15901,3926.813235111418
OUT_15902,768.7397717780938
OUT_15903,935.9725990064336
OUT_15904,839.0855220835184
OUT_15905,2736.9724750984483
OUT_15906,50367.60850107434
OUT_15907,715.167525814273
OUT_15908,3811.6171033788687
OUT_15909,2394.948986325024
OUT_15910,881.6505087177321
OUT_15911,2711.6126299288258
OUT_15912,18142.35844079784
OUT_15913,774.2855179174217
OUT_15914,719.8715973471543
OUT_15915,688.5224916036565
OUT_15916,948.3684200277024
OUT_15917,548.7732596241896
OUT_15918,709.7197876057974
OUT_15919,20822.92421774165
OUT_15920,3198.592902563224
OUT_15921,18523.930931866937
OUT_15922,15523.166812384512
OUT_15923,640.9677267770978
OUT_15924,3284.6511127161007
OUT_15925,773.6948791600532
OUT_15926,15092.57825234493
OUT_15927,504.1357603543774
OUT_15928,758.5608830785905
OUT_15929,3877.452575142425
OUT_15930,16902.685776118906
OUT_15931,18034.75137562516
OUT_15932,955.4542521416856
OUT_15933,709.2822099413025
OUT_15934,16854.169263482385
OUT_15935,3850.211703052105
OUT_15936,489.9043263008283
OUT_15937,898.8597839683679
OUT_15938,641.3050317762035
OUT_15939,645.7379093549958
OUT_15940,910.0079438867746
OUT_15941,1016.1694215623618
OUT_15942,18753.379872520964
OUT_15943,1104.5864182531334
OUT_15944,921.6934210877744
OUT_15945,4127.27119958169
OUT_15946,396.23099841256624
OUT_15947,789.3266127174477
OUT_15948,512.6658592835213
OUT_15949,777.3602702006907
OUT_15950,1056.4784968750234
OUT_15951,45435.66503508241
OUT_15952,18546.00441315533
OUT_15953,3311.8293609410143
OUT_15954,2306.249681699526
OUT_15955,18065.16248659405
OUT_15956,606.369681024452
OUT_15957,600.8227176715487
OUT_15958,15731.72172351498
OUT_15959,4634.75175390556
OUT_15960,850.5717323985818
OUT_15961,2818.8833619451507
OUT_15962,2653.5051296713505
OUT_15963,584.6781003062208
OUT_15964,640.8820267722906
OUT_15965,664.0969890267903
OUT_15966,4761.622379493852
OUT_15967,633.3648654556032
OUT_15968,18056.730484552085
OUT_15969,793.0044568382206
OUT_15970,710.3619980909679
OUT_15971,45004.6824737668
OUT_15972,3592.418103105079
OUT_15973,3942.4875724563926
OUT_15974,3487.842134588319
OUT_15975,3872.2762149987593
OUT_15976,940.830743261238
OUT_15977,724.3905068811397
OUT_15978,5115.537755806959
OUT_15979,16924.73866578891
OUT_15980,753.1696053778188
OUT_15981,674.5545190990889
OUT_15982,409.2963793333401
OUT_15983,418.23134307936095
OUT_15984,630.4533971845507
OUT_15985,16807.11363652398
OUT_15986,3730.6058287648366
OUT_15987,880.7581892791419
OUT_15988,683.0988904248726
OUT_15989,18332.365627946558
OUT_15990,2960.0369051668627
OUT_15991,735.690439123207
OUT_15992,508.8290593917399
OUT_15993,4032.517742167685
OUT_15994,3838.676003809379
OUT_15995,798.5240911056173
OUT_15996,17492.522636597427
OUT_15997,581.743674029945
OUT_15998,4004.495072489629
OUT_15999,643.8513514009077
OUT_16000,16809.86619775385
OUT_16001,4626.500227749988
OUT_16002,531.3513135864838
OUT_16003,3696.356258990229
OUT_16004,18112.25228866714
OUT_16005,666.920011116474
OUT_16006,3121.969530106367
OUT_16007,990.0102714413496
OUT_16008,3564.6803166981463
OUT_16009,874.6103042757584
OUT_16010,942.3572098697056
OUT_16011,903.8477916602832
OUT_16012,635.7164861772047
OUT_16013,531.6275036844787
OUT_16014,636.434524178005
OUT_16015,470.3354991806192
OUT_16016,17485.79988218591
OUT_16017,788.3560078134933
OUT_16018,771.1619574226892
OUT_16019,3313.840771711092
OUT_16020,3799.368253742026
OUT_16021,497.9141563386176
OUT_16022,948.0974203875268
OUT_16023,3926.171293966123
OUT_16024,494.00434311624497
OUT_16025,2937.068883854109
OUT_16026,3373.444931139033
OUT_16027,766.9623652512021
OUT_16028,720.0185850966836
OUT_16029,3568.1401487820144
OUT_16030,694.4265589383938
OUT_16031,3561.6686085826377
OUT_16032,981.459744286129
OUT_16033,653.7719309184731
OUT_16034,16295.853829194855
OUT_16035,3764.668791540091
OUT_16036,3521.877158760144
OUT_16037,828.9837578686663
OUT_16038,786.0752352006187
OUT_16039,895.828445751217
OUT_16040,763.1964565647373
OUT_16041,47793.764300896575
OUT_16042,4324.819062879582
OUT_16043,17577.824235444696
OUT_16044,545.9812526266938
OUT_16045,3689.580985176827
OUT_16046,3506.7210532426047
OUT_16047,633.3305301186106
OUT_16048,3167.174103235568
OUT_16049,17380.917973349045
OUT_16050,718.8953899045309
OUT_16051,673.4142792209414
OUT_16052,888.0257824501726
OUT_16053,822.4213964342259
OUT_16054,3927.3284608333024
OUT_16055,17627.67028841426
OUT_16056,1032.5484697150994
OUT_16057,997.3926649607532
OUT_16058,3789.187190181176
OUT_16059,739.0127775060142
OUT_16060,878.3286485185145
OUT_16061,406.1966846563609
OUT_16062,3774.6217506449866
OUT_16063,3893.946441797503
OUT_16064,17276.361646857902
OUT_16065,925.92638724754
OUT_16066,869.245762994111
OUT_16067,520.8577807093958
OUT_16068,539.9631568535134
OUT_16069,3938.977882953358
OUT_16070,663.5199545414183
OUT_16071,46058.56671693742
OUT_16072,650.4792732089273
OUT_16073,850.8376118098995
OUT_16074,1069.979137568337
OUT_16075,49181.93499096309
OUT_16076,760.2015080569805
OUT_16077,3822.590277045933
OUT_16078,3673.3234816495046
OUT_16079,3274.590852599736
OUT_16080,848.7051373852371
OUT_16081,461.0593890116476
OUT_16082,3262.910226236192
OUT_16083,18338.72481963414
OUT_16084,3382.83622062664
OUT_16085,47739.67779717993
OUT_16086,18544.4403269166
OUT_16087,2783.744475693404
OUT_16088,16943.135437625635
OUT_16089,696.7237037669665
OUT_16090,842.2845268534317
OUT_16091,830.1565681896916
OUT_16092,695.4411929552376
OUT_16093,3093.8839141776366
OUT_16094,50526.3477140452
OUT_16095,820.492418037954
OUT_16096,734.3356044846112
OUT_16097,15302.601985801082
OUT_16098,409.12984338238766
OUT_16099,3162.785877612464
OUT_16100,764.6912978289793
OUT_16101,590.1561306251728
OUT_16102,2357.7989755059634
OUT_16103,2486.993429419649
OUT_16104,3322.728339569937
OUT_16105,3505.943373367817
OUT_16106,3752.3091536860975
OUT_16107,3885.577172607549
OUT_16108,49355.44073413745
OUT_16109,668.3366111167668
OUT_16110,1080.259629259005
OUT_16111,600.3756462640918
OUT_16112,3586.0252526245963
OUT_16113,17231.32053998442
OUT_16114,15737.860328485536
OUT_16115,715.681254536511
OUT_16116,16658.338691904537
OUT_16117,464.7959939058846
OUT_16118,583.5265006021127
OUT_16119,1013.2596711584908
OUT_16120,870.4570050650848
OUT_16121,788.4518091270756
OUT_16122,485.0133004540403
OUT_16123,18871.136037795462
OUT_16124,3252.6238692008496
OUT_16125,1148.4601720408284
OUT_16126,2478.2634668403043
OUT_16127,644.876015040632
OUT_16128,4033.853064108661
OUT_16129,1055.439227391108
OUT_16130,2830.611675913264
OUT_16131,583.9417253572932
OUT_16132,1073.8333122887868
OUT_16133,1012.1725407389508
OUT_16134,917.8473515615758
OUT_16135,17900.12500982473
OUT_16136,17329.346669044306
OUT_16137,1029.6225305994756
OUT_16138,753.2247946839442
OUT_16139,695.2102508730675
OUT_16140,3031.8244946505847
OUT_16141,913.1810070188272
OUT_16142,17900.74423617711
OUT_16143,18551.86161588864
OUT_16144,17664.32275240291
OUT_16145,643.1948279673665
OUT_16146,16495.11950337183
OUT_16147,3365.9256743231053
OUT_16148,441.7341397047664
OUT_16149,378.09325000222
OUT_16150,17623.56834579905
OUT_16151,720.3580265377404
OUT_16152,763.472239982863
OUT_16153,17913.4195819454
OUT_16154,3947.542177910768
OUT_16155,950.5063695966552
OUT_16156,4005.6145575039486
OUT_16157,569.9159608459612
OUT_16158,4049.8291841839496
OUT_16159,920.8915173027704
OUT_16160,593.47379866279
OUT_16161,3903.04642831663
OUT_16162,3980.503772637581
OUT_16163,942.4344879938176
OUT_16164,17380.227995485762
OUT_16165,635.1459767642889
OUT_16166,665.7201126491689
OUT_16167,838.3394437518115
OUT_16168,864.105404152618
OUT_16169,47250.33943120774
OUT_16170,16532.858127655647
OUT_16171,3056.0024433098497
OUT_16172,17372.84333910205
OUT_16173,3761.443884392687
OUT_16174,281.2100791121252
OUT_16175,1014.8366536328996
OUT_16176,17500.345905669372
OUT_16177,3014.729470215002
OUT_16178,408.66481292505335
OUT_16179,3784.6129883855456
OUT_16180,47736.11476208851
OUT_16181,3520.019123830644
OUT_16182,878.7402318063724
OUT_16183,44988.51307020951
OUT_16184,17169.135348277476
OUT_16185,15056.517439098798
OUT_16186,970.2192135778712
OUT_16187,1170.5646433570548
OUT_16188,517.4414922813937
OUT_16189,3643.1728880950864
OUT_16190,19683.81679914455
OUT_16191,897.5396741674745
OUT_16192,4178.768318168975
OUT_16193,4146.719011892339
OUT_16194,16247.57599559066
OUT_16195,48655.71081312007
OUT_16196,3704.486594116781
OUT_16197,850.3356144299424
OUT_16198,761.9276432542159
OUT_16199,46793.98626903758
OUT_16200,601.8419502359692
OUT_16201,17834.898914232534
OUT_16202,852.5846353404044
OUT_16203,625.4505769387009
OUT_16204,4429.535124351005
OUT_16205,934.1075709585292
OUT_16206,852.4853721143843
OUT_16207,2762.665182526936
OUT_16208,765.1472520414547
OUT_16209,16915.06457622575
OUT_16210,710.2003095484015
OUT_16211,535.6099561975828
OUT_16212,877.6792763750275
OUT_16213,818.6587013673758
OUT_16214,713.1749792384503
OUT_16215,13755.51017802532
OUT_16216,18814.80009970781
OUT_16217,3416.361829507821
OUT_16218,838.1740079720702
OUT_16219,17835.08724385414
OUT_16220,668.0144173691981
OUT_16221,587.1242090809001
OUT_16222,603.08321360513
OUT_16223,41946.20437919347
OUT_16224,890.3788652285874
OUT_16225,2862.520442155924
OUT_16226,409.4068565029427
OUT_16227,741.3774528447937
OUT_16228,50044.970859284345
OUT_16229,48516.350721804105
OUT_16230,4018.258622599738
OUT_16231,879.8318818633609
OUT_16232,721.0557745122969
OUT_16233,669.7414337870534
OUT_16234,4088.033126897451
OUT_16235,3698.222692219872
OUT_16236,883.7966902230428
OUT_16237,3800.4206441031542
OUT_16238,44398.34609150235
OUT_16239,625.9885632110913
OUT_16240,2960.326949603972
OUT_16241,671.0430874858034
OUT_16242,2616.297812550899
OUT_16243,16761.93076928894
OUT_16244,14070.52040042323
OUT_16245,16595.54090169427
OUT_16246,766.3710057465388
OUT_16247,756.2582933091005
OUT_16248,3834.087500593072
OUT_16249,792.5670680371376
OUT_16250,858.1994015982366
OUT_16251,772.0172353257743
OUT_16252,16211.625757978334
OUT_16253,629.0676408409034
OUT_16254,17573.441788610296
OUT_16255,13093.66141170202
OUT_16256,3407.627270296261
OUT_16257,964.0307563607035
OUT_16258,18707.78697065293
OUT_16259,485.44112543595736
OUT_16260,952.4224099993712
OUT_16261,3092.9693704505125
OUT_16262,663.7237963659927
OUT_16263,674.5395323443702
OUT_16264,758.6013815273645
OUT_16265,761.6586936759923
OUT_16266,702.8522007355548
OUT_16267,935.9389486718372
OUT_16268,455.56320292607694
OUT_16269,3028.097073057428
OUT_16270,631.4930184577087
OUT_16271,17799.700581419595
OUT_16272,3770.691556881147
OUT_16273,13120.633387716663
OUT_16274,1154.7859893992902
OUT_16275,17082.843695797448
OUT_16276,638.3861903911576
OUT_16277,692.7863055472503
OUT_16278,3064.3883516926835
OUT_16279,3499.282455668525
OUT_16280,510.01784278624007
OUT_16281,709.4681865180409
OUT_16282,746.9214633381969
OUT_16283,3889.1256298785415
OUT_16284,18168.15802741211
OUT_16285,681.7386761570082
OUT_16286,571.298885561785
OUT_16287,3999.9759255070458
OUT_16288,3103.4785298047577
OUT_16289,879.3559366390405
OUT_16290,588.0831826697845
OUT_16291,758.6166587830231
OUT_16292,2737.748304962264
OUT_16293,3292.460011971341
OUT_16294,815.813832880391
OUT_16295,783.2257620628352
OUT_16296,4577.022908604822
OUT_16297,3993.4871178800895
OUT_16298,729.6567369278805
OUT_16299,3383.281038686216
OUT_16300,20268.300272998014
OUT_16301,990.9188565385796
OUT_16302,18294.87484257858
OUT_16303,49738.51558981821
OUT_16304,45000.926166262594
OUT_16305,766.2154733464743
OUT_16306,547.3128822253226
OUT_16307,679.0821028359035
OUT_16308,950.7500379059392
OUT_16309,4226.716966891464
OUT_16310,4428.649099551075
OUT_16311,20075.72255688686
OUT_16312,1107.8958647930256
OUT_16313,374.581087554149
OUT_16314,48626.94331215936
OUT_16315,19468.30618742248
OUT_16316,817.7080371172259
OUT_16317,18345.238453450067
OUT_16318,19546.92775607012
OUT_16319,684.1854664614078
OUT_16320,727.5128119601907
OUT_16321,4530.177031970526
OUT_16322,16300.09093089569
OUT_16323,3197.2096996892087
OUT_16324,819.6758426136282
OUT_16325,532.1157344672424
OUT_16326,14950.564440837195
OUT_16327,2459.5865742557453
OUT_16328,18532.16738995921
OUT_16329,48425.34348332128
OUT_16330,17547.066710530547
OUT_16331,48789.17549082646
OUT_16332,681.8421701051061
OUT_16333,768.5363132110359
OUT_16334,16440.94689857803
OUT_16335,3286.7431183276544
OUT_16336,50651.29988777189
OUT_16337,902.143496252716
OUT_16338,919.5677499204564
OUT_16339,575.1954052989431
OUT_16340,782.4211437608175
OUT_16341,3637.587651801842
OUT_16342,410.21992557039135
OUT_16343,18369.321308301765
OUT_16344,764.0071906847638
OUT_16345,625.3733758501679
OUT_16346,398.0969859992404
OUT_16347,810.3776511528956
OUT_16348,4044.883748319125
OUT_16349,12875.541668443886
OUT_16350,1065.1775881515507
OUT_16351,16001.658243107157
OUT_16352,880.2573255262183
OUT_16353,867.6965650138352
OUT_16354,985.6062320865192
OUT_16355,800.9668589513456
OUT_16356,649.2893316614916
OUT_16357,811.4369450087111
OUT_16358,588.880750800235
OUT_16359,4213.976337900321
OUT_16360,796.0056686720139
OUT_16361,656.7194439006165
OUT_16362,19687.013340008376
OUT_16363,600.63320165977
OUT_16364,20485.5969197192
OUT_16365,891.1966598985066
OUT_16366,806.9307939609349
OUT_16367,3584.5969882578934
OUT_16368,736.2020248077033
OUT_16369,715.9204489795052
OUT_16370,3320.151397127096
OUT_16371,539.8840967144267
OUT_16372,989.9372256473242
OUT_16373,669.9182093416061
OUT_16374,773.8753472925101
OUT_16375,4148.088723915877
OUT_16376,1329.9626539521985
OUT_16377,720.8737305124541
OUT_16378,743.2324158878516
OUT_16379,603.7138023968317
OUT_16380,994.8652284508204
OUT_16381,828.395892644088
OUT_16382,15789.2977984288
OUT_16383,16989.267328725247
OUT_16384,4138.684717427496
OUT_16385,669.8377057306036
OUT_16386,872.5731388076597
OUT_16387,3958.039028509751
OUT_16388,48363.10233626418
OUT_16389,17483.999751116622
OUT_16390,4030.8759074184727
OUT_16391,862.0940670946604
OUT_16392,667.9825488607482
OUT_16393,1064.8183631146446
OUT_16394,16552.76225844429
OUT_16395,664.6019189894598
OUT_16396,1154.4222394200626
OUT_16397,16754.894075341712
OUT_16398,3735.2066665405696
OUT_16399,539.0381190075956
OUT_16400,867.8268748612118
OUT_16401,698.9385580775598
OUT_16402,4031.313749104756
OUT_16403,15864.976049148529
OUT_16404,3355.8691554279294
OUT_16405,675.1153449769691
OUT_16406,1062.260652714271
OUT_16407,3002.352318921504
OUT_16408,778.717546185589
OUT_16409,3193.2316186724347
OUT_16410,421.4602554054253
OUT_16411,4162.690374856655
OUT_16412,994.4063058550524
OUT_16413,16705.6940762292
OUT_16414,16716.634171979847
OUT_16415,780.5974441256031
OUT_16416,625.9033237657402
OUT_16417,18914.015503160063
OUT_16418,996.6679485665012
OUT_16419,3111.9888179851514
OUT_16420,708.1289839780484
OUT_16421,4322.21523130803
OUT_16422,797.6440835559998
OUT_16423,3464.9510956778845
OUT_16424,18156.352146335725
OUT_16425,2899.6416398908264
OUT_16426,18141.77227942504
OUT_16427,582.5108448414812
OUT_16428,846.2879650788921
OUT_16429,3753.241403103452
OUT_16430,498.1881156413165
OUT_16431,646.7453161951064
OUT_16432,420.0259231286976
OUT_16433,2874.9035815311013
OUT_16434,895.3533885354467
OUT_16435,17566.361003087997
OUT_16436,3615.957710539581
OUT_16437,48173.077311224486
OUT_16438,1019.205241293161
OUT_16439,3366.0581827561305
OUT_16440,821.9621282832436
OUT_16441,47098.59402033895
OUT_16442,519.923942706254
OUT_16443,821.1188058159433
OUT_16444,4016.391960411746
OUT_16445,731.5558831776758
OUT_16446,427.77490197198966
OUT_16447,842.9561334537542
OUT_16448,3851.919352024925
OUT_16449,2997.526846034744
OUT_16450,568.7137092385461
OUT_16451,17743.80610392358
OUT_16452,3546.171606864716
OUT_16453,695.5534762228195
OUT_16454,3953.122234125981
OUT_16455,3972.123241807207
OUT_16456,753.7985557041256
OUT_16457,3234.2283549001
OUT_16458,715.0433730420012
OUT_16459,17650.913708420096
OUT_16460,48392.52498181148
OUT_16461,4197.608321184263
OUT_16462,781.7819218639153
OUT_16463,3852.480723693716
OUT_16464,942.4260099995556
OUT_16465,2691.066293272205
OUT_16466,632.9724011644621
OUT_16467,16974.59414781897
OUT_16468,4098.9194115197415
OUT_16469,745.506701633255
OUT_16470,16634.17990398175
OUT_16471,642.2362027726492
OUT_16472,661.2169583197796
OUT_16473,426.4529791997325
OUT_16474,833.5485425241665
OUT_16475,695.3498220585965
OUT_16476,954.4553814865774
OUT_16477,3368.2761015485007
OUT_16478,3706.645992254737
OUT_16479,3915.284985654458
OUT_16480,3067.713502638957
OUT_16481,1015.7218050672104
OUT_16482,525.2572296999858
OUT_16483,3512.945883766845
OUT_16484,3202.9153872075262
OUT_16485,826.5740911113822
OUT_16486,732.145886761985
OUT_16487,2728.7229666320504
OUT_16488,50333.46354430604
OUT_16489,3108.0191370391844
OUT_16490,547.8805858812979
OUT_16491,916.3475160131262
OUT_16492,51218.49999652879
OUT_16493,551.6283045154723
OUT_16494,3793.536037128495
OUT_16495,1254.627079562502
OUT_16496,2970.794332334008
OUT_16497,17657.730534803795
OUT_16498,655.2336058283594
OUT_16499,3634.181899784765
OUT_16500,565.3181146563549
OUT_16501,2796.9041587599013
OUT_16502,15902.800685331222
OUT_16503,875.2627098680468
OUT_16504,775.0819667528597
OUT_16505,887.0933132791268
OUT_16506,537.8790910750536
OUT_16507,747.8967724659303
OUT_16508,636.4041736815174
OUT_16509,887.5850103709097
OUT_16510,716.5986690715965
OUT_16511,16836.80737839134
OUT_16512,792.8750854887717
OUT_16513,3821.8613644790503
OUT_16514,4026.949742974124
OUT_16515,3386.2486759598496
OUT_16516,3270.950199526198
OUT_16517,2611.419729246465
OUT_16518,584.8408068281136
OUT_16519,862.0403277514729
OUT_16520,46446.80698863981
OUT_16521,3832.9631828857136
OUT_16522,766.3884185303206
OUT_16523,807.3269618558663
OUT_16524,3436.478007613968
OUT_16525,3168.6726133176403
OUT_16526,659.4453237204534
OUT_16527,810.9802110089247
OUT_16528,790.76291876508
OUT_16529,3784.135958268004
OUT_16530,19399.837247424963
OUT_16531,17924.86645465192
OUT_16532,816.7969611922289
OUT_16533,2724.173998810912
OUT_16534,1121.204251024749
OUT_16535,730.375033263463
OUT_16536,16552.438264380162
OUT_16537,3651.179298611823
OUT_16538,48138.37251096473
OUT_16539,3452.701845146966
OUT_16540,16644.701565875373
OUT_16541,1060.7901177227666
OUT_16542,3886.009784517983
OUT_16543,3799.704628093215
OUT_16544,3250.8829154254654
OUT_16545,814.2698983398848
OUT_16546,927.1634089886866
OUT_16547,680.5144099675963
OUT_16548,49316.16400102949
OUT_16549,496.38883578431904
OUT_16550,894.9080783596445
OUT_16551,2974.1496423511594
OUT_16552,932.5908431711874
OUT_16553,2805.357933865093
OUT_16554,730.8642096788196
OUT_16555,734.1606304487734
OUT_16556,813.4204137111981
OUT_16557,803.8923222078445
OUT_16558,3289.34076066787
OUT_16559,4476.635844253444
OUT_16560,751.2122613142657
OUT_16561,867.8692200603626
OUT_16562,855.6985587857004
OUT_16563,883.8659839189856
OUT_16564,703.8862491993358
OUT_16565,891.78777916797
OUT_16566,610.7457642420457
OUT_16567,1271.2310269754234
OUT_16568,760.0995930336751
OUT_16569,3513.350738575881
OUT_16570,47809.64018134276
OUT_16571,866.2419499096799
OUT_16572,1136.0209304876091
OUT_16573,42711.22701292937
OUT_16574,416.46728008345207
OUT_16575,804.6647710542429
OUT_16576,18010.805556203508
OUT_16577,550.9102704036837
OUT_16578,3464.768508452321
OUT_16579,3037.2086990518837
OUT_16580,618.1676755199016
OUT_16581,696.7169925445537
OUT_16582,912.8232149216044
OUT_16583,18906.742376678954
OUT_16584,797.7482537529718
OUT_16585,906.8011323507455
OUT_16586,15250.169588121516
OUT_16587,879.6407554781978
OUT_16588,3670.967940029086
OUT_16589,544.0793647149859
OUT_16590,18724.493583776224
OUT_16591,689.2258876180474
OUT_16592,3704.275521811295
OUT_16593,19304.712195207077
OUT_16594,888.6410893258404
OUT_16595,1039.0899542167872
OUT_16596,49612.68900826606
OUT_16597,49628.824704630606
OUT_16598,17856.329312031834
OUT_16599,691.5743428279989
OUT_16600,389.2150655627155
OUT_16601,3292.27755607377
OUT_16602,16699.916122722843
OUT_16603,710.4134474010916
OUT_16604,912.2646047420563
OUT_16605,49532.5489486525
OUT_16606,904.1234354912522
OUT_16607,3730.204518836181
OUT_16608,877.7772028806404
OUT_16609,3555.334146818279
OUT_16610,514.864328189981
OUT_16611,722.6202421258691
OUT_16612,2851.5962944508065
OUT_16613,704.8679497023124
OUT_16614,901.6986922812788
OUT_16615,740.0600912744566
OUT_16616,4319.854984551955
OUT_16617,3692.379329875408
OUT_16618,674.439064895895
OUT_16619,3041.5796523975105
OUT_16620,3515.948358727566
OUT_16621,867.8728894910055
OUT_16622,3018.313618287302
OUT_16623,15058.512157232366
OUT_16624,566.3418532740511
OUT_16625,995.317417513746
OUT_16626,526.3686703664337
OUT_16627,708.011464748234
OUT_16628,714.6132410147346
OUT_16629,561.6433191607698
OUT_16630,564.9920570487611
OUT_16631,3268.38273511368
OUT_16632,3480.1381383943794
OUT_16633,18375.77482003077
OUT_16634,686.0852831644377
OUT_16635,1162.0351949545106
OUT_16636,880.5822855866045
OUT_16637,692.4911282753858
OUT_16638,749.0272786531289
OUT_16639,51155.1406340128
OUT_16640,3016.664755645249
OUT_16641,15785.035045049954
OUT_16642,3489.4040755584765
OUT_16643,2223.563039026872
OUT_16644,3898.1265593278
OUT_16645,3326.901494181076
OUT_16646,3564.336051192274
OUT_16647,2318.835876848263
OUT_16648,826.3590396238358
OUT_16649,18476.847852013343
OUT_16650,1457.6347823363851
OUT_16651,1097.1135355138804
OUT_16652,4083.554976895914
OUT_16653,564.9661769355646
OUT_16654,18993.755090776405
OUT_16655,1011.8319655330748
OUT_16656,16350.499518303546
OUT_16657,15680.971055118567
OUT_16658,678.182560790844
OUT_16659,19368.71479919547
OUT_16660,802.1370825608959
OUT_16661,661.3150964255633
OUT_16662,3215.940826993456
OUT_16663,563.449211584285
OUT_16664,869.714658173475
OUT_16665,3894.596699766503
OUT_16666,397.8964142783982
OUT_16667,701.0393764003064
OUT_16668,808.1498960353847
OUT_16669,873.029966577572
OUT_16670,14412.437341170578
OUT_16671,628.8694619251905
OUT_16672,937.1631990261976
OUT_16673,3400.794941912687
OUT_16674,703.0034272618147
OUT_16675,16162.81572752319
OUT_16676,18057.136082866135
OUT_16677,501.2430110382753
OUT_16678,416.0016122455043
OUT_16679,615.8157650410999
OUT_16680,4876.875218038195
OUT_16681,830.6634110206322
OUT_16682,975.1679182290092
OUT_16683,1250.5332734557771
OUT_16684,569.2089017295366
OUT_16685,3841.1040781653287
OUT_16686,646.47354248866
OUT_16687,16431.250989686905
OUT_16688,42651.43325163002
OUT_16689,634.9322795801543
OUT_16690,16770.147449383225
OUT_16691,924.2315279195572
OUT_16692,3026.6053357451856
OUT_16693,908.1357213157312
OUT_16694,3510.309929246943
OUT_16695,991.84060233552
OUT_16696,587.4020710783444
OUT_16697,541.8279063364988
OUT_16698,4545.243749330023
OUT_16699,808.4045867139233
OUT_16700,525.2516428128883
OUT_16701,456.7716904130388
OUT_16702,3862.913391877535
OUT_16703,16768.60118956561
OUT_16704,955.7954296438947
OUT_16705,3590.751855685082
OUT_16706,758.3598316603593
OUT_16707,18920.58012749061
OUT_16708,542.4930212425772
OUT_16709,1124.4816662986896
OUT_16710,881.5377323658281
OUT_16711,17688.28312077035
OUT_16712,17586.539609510382
OUT_16713,872.9277821741017
OUT_16714,827.0975005977659
OUT_16715,665.3608602635367
OUT_16716,4926.928889364639
OUT_16717,3727.49056882296
OUT_16718,948.7847173268036
OUT_16719,3881.674275608708
OUT_16720,525.222311480116
OUT_16721,3224.842974679816
OUT_16722,988.7255153493747
OUT_16723,1319.2472792934334
OUT_16724,16943.720881539284
OUT_16725,2908.797264870056
OUT_16726,3926.95421844232
OUT_16727,833.8577866268857
OUT_16728,18773.60134789245
OUT_16729,526.731093005384
OUT_16730,665.0061682422302
OUT_16731,3755.6885611812286
OUT_16732,3600.5753822295637
OUT_16733,682.984063777304
OUT_16734,1060.1185322254032
OUT_16735,989.4719716927464
OUT_16736,685.7899792420264
OUT_16737,2802.147915211305
OUT_16738,13486.096769922808
OUT_16739,4780.404414639892
OUT_16740,4818.091546554476
OUT_16741,16832.223895952393
OUT_16742,16526.753025330356
OUT_16743,879.5369538997107
OUT_16744,608.5093486378245
OUT_16745,3403.7759561834164
OUT_16746,3914.246398280806
OUT_16747,2778.1971865855294
OUT_16748,714.5931184193371
OUT_16749,16560.07396629185
OUT_16750,547.0176684713367
OUT_16751,982.6476297758182
OUT_16752,604.103744591604
OUT_16753,17834.219893674865
OUT_16754,810.3412571651039
OUT_16755,646.4311590657903
OUT_16756,668.6633806604067
OUT_16757,5091.661969981933
OUT_16758,783.3606839497621
OUT_16759,709.7706253469812
OUT_16760,3234.962280013887
OUT_16761,744.3465388226285
OUT_16762,3082.4538618248143
OUT_16763,635.506821870545
OUT_16764,745.8481812574248
OUT_16765,526.9133585170067
OUT_16766,2726.751325393365
OUT_16767,334.8975527939353
OUT_16768,3071.752957026559
OUT_16769,19013.43252405986
OUT_16770,3819.6189325201294
OUT_16771,590.0199320811921
OUT_16772,864.4131469419875
OUT_16773,295.39521338223665
OUT_16774,654.5651198230893
OUT_16775,17245.326171446304
OUT_16776,3051.4581441043388
OUT_16777,2382.3218301993347
OUT_16778,3496.439314194069
OUT_16779,667.9518505538272
OUT_16780,635.2094870639675
OUT_16781,498.2058166004917
OUT_16782,645.5207259211402
OUT_16783,4177.907412812048
OUT_16784,3076.81219081175
OUT_16785,15568.886040320309
OUT_16786,17200.870553955567
OUT_16787,15136.37479835512
OUT_16788,592.2390120910021
OUT_16789,910.2449756393672
OUT_16790,3384.353909780384
OUT_16791,15899.820592000073
OUT_16792,1007.8868014490822
OUT_16793,3338.498567740023
OUT_16794,3372.686983608214
OUT_16795,570.0500406582258
OUT_16796,3361.017499349089
OUT_16797,680.4943078005308
OUT_16798,952.8899433589188
OUT_16799,883.3682439658479
OUT_16800,692.1681139242322
OUT_16801,694.4676147722172
OUT_16802,827.6793304296616
OUT_16803,924.8356545457374
OUT_16804,16218.299616126276
OUT_16805,757.4657081431108
OUT_16806,18716.404795718405
OUT_16807,4224.6461685754975
OUT_16808,16275.528547474856
OUT_16809,46307.50317802166
OUT_16810,2902.2317803615074
OUT_16811,751.2158007100971
OUT_16812,16366.4069320407
OUT_16813,18324.63199569046
OUT_16814,858.5139431983079
OUT_16815,17190.23240530499
OUT_16816,1177.9637860051564
OUT_16817,4207.126183143978
OUT_16818,3515.740679307334
OUT_16819,1061.0551710036957
OUT_16820,17636.41167680752
OUT_16821,4788.162851525681
OUT_16822,669.1457062761651
OUT_16823,895.9967290710766
OUT_16824,4578.659074968105
OUT_16825,939.8763541183596
OUT_16826,1335.2181768328066
OUT_16827,48725.22820195401
OUT_16828,2913.268275356298
OUT_16829,775.7067404421451
OUT_16830,16526.366351572015
OUT_16831,794.1072840806362
OUT_16832,16565.521648973332
OUT_16833,3070.435747631602
OUT_16834,4032.10180195458
OUT_16835,773.3777402672555
OUT_16836,540.6222326573095
OUT_16837,618.4408487465452
OUT_16838,16220.263383128917
OUT_16839,3431.958620170913
OUT_16840,17645.34954470872
OUT_16841,16493.064073384972
OUT_16842,664.5205285986042
OUT_16843,770.6232342149124
OUT_16844,3073.478698421177
OUT_16845,644.0738146605036
OUT_16846,887.0202764077777
OUT_16847,482.35531761221046
OUT_16848,49494.60110247649
OUT_16849,816.671259013122
OUT_16850,782.6564299574638
OUT_16851,16867.77612339559
OUT_16852,2950.5908049597115
OUT_16853,851.3754771506855
OUT_16854,606.7600768947118
OUT_16855,3802.2396494247896
OUT_16856,3317.8252393835846
OUT_16857,4092.072904899167
OUT_16858,18131.700730901877
OUT_16859,835.1200354381394
OUT_16860,2759.5384002083747
OUT_16861,3282.632719252554
OUT_16862,694.1464352062944
OUT_16863,18168.90571720413
OUT_16864,50182.404550194144
OUT_16865,955.2177947410104
OUT_16866,4262.705137906869
OUT_16867,687.4192934102696
OUT_16868,20734.23392240437
OUT_16869,811.3214669021971
OUT_16870,4103.970277731686
OUT_16871,1192.386170966367
OUT_16872,17779.321099742003
OUT_16873,3564.322002240532
OUT_16874,3597.7560973289465
OUT_16875,2856.637495890884
OUT_16876,16400.97364951692
OUT_16877,1169.2260841685115
OUT_16878,755.9900695180145
OUT_16879,895.9758009612317
OUT_16880,21175.088504069427
OUT_16881,666.5812432210454
OUT_16882,3457.776875222892
OUT_16883,816.2550131685268
OUT_16884,16038.061577751909
OUT_16885,592.2382949803834
OUT_16886,625.7137807672855
OUT_16887,799.1251976113756
OUT_16888,4018.801313973616
OUT_16889,3614.316698447564
OUT_16890,591.4415926465864
OUT_16891,19862.153470652207
OUT_16892,335.303453751287
OUT_16893,4426.161993026518
OUT_16894,4340.861126392594
OUT_16895,910.282272260182
OUT_16896,985.9363128253484
OUT_16897,837.3296459757415
OUT_16898,895.8661606499273
OUT_16899,18897.306655395227
OUT_16900,14931.275817610622
OUT_16901,902.7568209709968
OUT_16902,3585.484828137476
OUT_16903,1107.4655415967038
OUT_16904,617.5541792963685
OUT_16905,2391.589944472564
OUT_16906,812.3153347313182
OUT_16907,803.0709419658198
OUT_16908,17560.367021749244
OUT_16909,15490.758087931395
OUT_16910,829.7751351114263
OUT_16911,1171.2602470738193
OUT_16912,871.7807654044766
OUT_16913,3312.015757582998
OUT_16914,1213.1130043090864
OUT_16915,1194.6521299521244
OUT_16916,574.5036093019245
OUT_16917,1066.4841016153198
OUT_16918,600.7988874251836
OUT_16919,747.5471735338814
OUT_16920,3537.133489956341
OUT_16921,3276.711995230029
OUT_16922,634.7746710337901
OUT_16923,3035.503692923789
OUT_16924,19771.8959976184
OUT_16925,17698.7767942625
OUT_16926,814.9469282152696
OUT_16927,3982.7565162944666
OUT_16928,3136.517680054563
OUT_16929,855.1333901029591
OUT_16930,4335.137785729132
OUT_16931,694.6989872258318
OUT_16932,4489.523901634005
OUT_16933,536.6814153994961
OUT_16934,3199.0304302181444
OUT_16935,49550.01433944516
OUT_16936,2887.721632227246
OUT_16937,17083.333127709626
OUT_16938,938.431988138662
OUT_16939,775.9294078501711
OUT_16940,519.2476516715718
OUT_16941,831.4581054791406
OUT_16942,3612.777146797324
OUT_16943,559.9891042664431
OUT_16944,3120.3049998337992
OUT_16945,972.941215411288
OUT_16946,46425.99912023592
OUT_16947,692.5482771926506
OUT_16948,530.4552172074093
OUT_16949,569.510554123596
OUT_16950,998.4441461808772
OUT_16951,606.3582719845481
OUT_16952,826.275170796995
OUT_16953,613.7884036483497
OUT_16954,702.4741335265029
OUT_16955,653.0237160898383
OUT_16956,576.2822347551835
OUT_16957,636.0300520687903
OUT_16958,18158.306291104724
OUT_16959,47680.398851507656
OUT_16960,1047.9187203273025
OUT_16961,3822.977042642825
OUT_16962,775.1915566413843
OUT_16963,557.52080304674
OUT_16964,577.2180064845195
OUT_16965,3429.6873292297823
OUT_16966,737.1130821643607
OUT_16967,3931.909601308859
OUT_16968,3466.1240005913683
OUT_16969,3461.4362047473337
OUT_16970,3545.7429259870487
OUT_16971,16411.021372659765
OUT_16972,918.5173172044624
OUT_16973,640.3185220940011
OUT_16974,3590.9875529789106
OUT_16975,3302.763482245633
OUT_16976,764.1343669755693
OUT_16977,15310.949319521342
OUT_16978,763.5793140856354
OUT_16979,636.4252132536628
OUT_16980,861.2423270316667
OUT_16981,665.5461215916122
OUT_16982,761.8216784192063
OUT_16983,3623.9957802076
OUT_16984,551.2231837977567
OUT_16985,3220.1399030457555
OUT_16986,50590.38207265902
OUT_16987,3535.7886605559424
OUT_16988,3442.714446152864
OUT_16989,3318.194024532352
OUT_16990,47549.53902568524
OUT_16991,4022.7098322248953
OUT_16992,540.9619241252144
OUT_16993,590.5855918895697
OUT_16994,3233.148747747415
OUT_16995,598.8825320808405
OUT_16996,3393.459101523691
OUT_16997,3214.0385657993684
OUT_16998,548.4762368367516
OUT_16999,4274.490008637419
OUT_17000,705.5545246246583
OUT_17001,774.3368915433651
OUT_17002,4082.625665820151
OUT_17003,574.9851779181552
OUT_17004,3982.171235018199
OUT_17005,3636.1949435505153
OUT_17006,3956.541640887877
OUT_17007,3361.954040317442
OUT_17008,15734.362850332796
OUT_17009,50380.39681275044
OUT_17010,49399.61315162878
OUT_17011,562.2757585815414
OUT_17012,505.7907171678388
OUT_17013,621.2089377169979
OUT_17014,47635.48552034613
OUT_17015,3603.103407490968
OUT_17016,660.734001992254
OUT_17017,785.357713141458
OUT_17018,650.3462987816921
OUT_17019,4186.712088837324
OUT_17020,462.370369534584
OUT_17021,19410.16746632844
OUT_17022,491.88906224623815
OUT_17023,960.6247815867468
OUT_17024,643.3045812224291
OUT_17025,15355.373473478689
OUT_17026,436.9216343837735
OUT_17027,810.389996528302
OUT_17028,20051.07567396994
OUT_17029,669.0921291842118
OUT_17030,866.5593012489228
OUT_17031,634.2010530426744
OUT_17032,835.9579915490646
OUT_17033,742.8726627784929
OUT_17034,3166.8744856535905
OUT_17035,707.7724205986515
OUT_17036,995.1341470631078
OUT_17037,3633.2449869714233
OUT_17038,878.3544363716766
OUT_17039,5245.154739922123
OUT_17040,503.2428079644238
OUT_17041,2674.353228855771
OUT_17042,634.3907763585931
OUT_17043,392.9458475714344
OUT_17044,17508.964050823295
OUT_17045,891.0841775007831
OUT_17046,450.2379098963866
OUT_17047,18400.9218352297
OUT_17048,673.5229439928945
OUT_17049,51705.46833478216
OUT_17050,3856.94305845998
OUT_17051,607.6949082446976
OUT_17052,747.087699042495
OUT_17053,3458.377430320865
OUT_17054,4196.106945786907
OUT_17055,1067.040812346333
OUT_17056,3029.8775220063767
OUT_17057,4043.128492915942
OUT_17058,19822.850829945703
OUT_17059,4129.501674834261
OUT_17060,794.6394477003238
OUT_17061,2484.759538841839
OUT_17062,1185.7144716817988
OUT_17063,726.8873642106058
OUT_17064,4085.5898553317634
OUT_17065,875.1110281131636
OUT_17066,14328.942988811345
OUT_17067,45993.3324123133
OUT_17068,3923.2899731268512
OUT_17069,2889.329940312143
OUT_17070,3387.9501022658837
OUT_17071,48637.058188264855
OUT_17072,1147.889970172923
OUT_17073,3888.9505878469176
OUT_17074,3495.030659076868
OUT_17075,567.9900788150951
OUT_17076,726.4022127045408
OUT_17077,561.3706225087643
OUT_17078,16429.367990815143
OUT_17079,804.0750928695385
OUT_17080,3468.9573015324195
OUT_17081,567.1478820153511
OUT_17082,47636.89687722047
OUT_17083,825.4830518599235
OUT_17084,683.5144251964151
OUT_17085,17998.07208692743
OUT_17086,625.5618388637164
OUT_17087,19616.865417940764
OUT_17088,20340.16287213709
OUT_17089,684.6695350281166
OUT_17090,455.1213755433968
OUT_17091,585.1287618227736
OUT_17092,17746.929929501486
OUT_17093,945.5232430430514
OUT_17094,867.9252420825103
OUT_17095,3491.337721726104
OUT_17096,702.9609440656534
OUT_17097,655.6789762255844
OUT_17098,3493.192630160325
OUT_17099,3764.1100499205295
OUT_17100,3639.551966391065
OUT_17101,12856.280511392468
OUT_17102,4081.1377648739112
OUT_17103,725.5232842271453
OUT_17104,2806.207321516746
OUT_17105,676.1633983221935
OUT_17106,524.6052445377361
OUT_17107,2743.9242862904466
OUT_17108,801.337425364597
OUT_17109,895.68323603651
OUT_17110,16266.95104834378
OUT_17111,3327.2174750190325
OUT_17112,611.9017763927574
OUT_17113,812.3854117633654
OUT_17114,922.6049773532252
OUT_17115,1056.370970216861
OUT_17116,668.2953772162434
OUT_17117,677.2470175285598
OUT_17118,778.3687017167954
OUT_17119,4140.981658734452
OUT_17120,1242.1757483102233
OUT_17121,16468.52538777433
OUT_17122,3101.161699934554
OUT_17123,16378.38481985216
OUT_17124,13744.220827731517
OUT_17125,4013.588992522869
OUT_17126,599.1295936128013
OUT_17127,1015.9019955039562
OUT_17128,932.34284685619
OUT_17129,16521.2984112453
OUT_17130,549.8199699665265
OUT_17131,48032.179976471205
OUT_17132,718.8677207333823
OUT_17133,490.13364301225056
OUT_17134,848.6639913057461
OUT_17135,2779.484979381097
OUT_17136,3347.5866237297414
OUT_17137,4194.253904674686
OUT_17138,1066.445319720378
OUT_17139,776.7946210167294
OUT_17140,2994.333933680985
OUT_17141,3187.0645215430027
OUT_17142,2567.735588922542
OUT_17143,4502.566407611314
OUT_17144,2597.6094325602767
OUT_17145,410.210908310528
OUT_17146,541.4313561742906
OUT_17147,684.9338784761654
OUT_17148,4198.96903070414
OUT_17149,4655.597272989182
OUT_17150,735.3259184729516
OUT_17151,890.9757331774708
OUT_17152,4887.633994368716
OUT_17153,45940.02508446191
OUT_17154,1053.4943556933845
OUT_17155,1062.8104109512667
OUT_17156,1040.120294834098
OUT_17157,3471.798284217134
OUT_17158,2815.448172488243
OUT_17159,2650.7391770275326
OUT_17160,17024.25842984294
OUT_17161,3556.8871811805648
OUT_17162,18874.74847898658
OUT_17163,510.7176827615328
OUT_17164,704.2395603260632
OUT_17165,863.3801088097854
OUT_17166,689.8989471321548
OUT_17167,14818.173358582451
OUT_17168,407.7314342895855
OUT_17169,530.2805581001373
OUT_17170,547.5880386441354
OUT_17171,1237.3551349914198
OUT_17172,16750.888065186697
OUT_17173,4384.957777454539
OUT_17174,281.55823859627804
OUT_17175,42959.56026952195
OUT_17176,699.3134802661124
OUT_17177,2749.8523315527914
OUT_17178,18219.154107578208
OUT_17179,2740.9249027652154
OUT_17180,914.5291224258278
OUT_17181,837.0116375397398
OUT_17182,1070.7734200271193
OUT_17183,14316.093360688072
OUT_17184,485.4574748480061
OUT_17185,1104.0196589394882
OUT_17186,3321.8219469973856
OUT_17187,48391.53337794571
OUT_17188,802.5931052754993
OUT_17189,3821.455036921136
OUT_17190,962.255423310346
OUT_17191,857.0729121518526
OUT_17192,15733.538440419934
OUT_17193,2890.406417185768
OUT_17194,3651.996373616423
OUT_17195,941.852109092635
OUT_17196,729.0966690287465
OUT_17197,897.8472848504482
OUT_17198,5570.218608961843
OUT_17199,1037.1202301661572
OUT_17200,3426.0014855677177
OUT_17201,3693.822361526438
OUT_17202,3502.68954961938
OUT_17203,828.0334610405122
OUT_17204,3764.846712444212
OUT_17205,481.0768191774888
OUT_17206,4685.878875391457
OUT_17207,19969.894529220976
OUT_17208,17556.25168074668
OUT_17209,702.2075374052248
OUT_17210,619.2926396980896
OUT_17211,783.8643610806864
OUT_17212,901.3639995734025
OUT_17213,780.0178890803743
OUT_17214,3600.7586252047618
OUT_17215,4479.393971832914
OUT_17216,50847.90733853584
OUT_17217,902.8898012226156
OUT_17218,1075.102956735086
OUT_17219,596.5028262946902
OUT_17220,708.033445445045
OUT_17221,671.8662675508634
OUT_17222,3555.7178508320185
OUT_17223,777.8289295349254
OUT_17224,3526.9538413757564
OUT_17225,2943.3085606257823
OUT_17226,718.5209496224218
OUT_17227,624.1821751688348
OUT_17228,777.6718689675117
OUT_17229,757.1045336875272
OUT_17230,485.38713122163807
OUT_17231,16862.635729201636
OUT_17232,15062.770090146252
OUT_17233,2954.108858804752
OUT_17234,3941.540574597388
OUT_17235,790.6974903380966
OUT_17236,830.0107220440728
OUT_17237,748.0422912740136
OUT_17238,534.6616772142764
OUT_17239,4125.710644855852
OUT_17240,3199.794986053855
OUT_17241,3214.613006974312
OUT_17242,3709.258523940786
OUT_17243,491.0079167503922
OUT_17244,958.8186086272616
OUT_17245,4032.34546145097
OUT_17246,4346.618668116426
OUT_17247,3356.5265906020063
OUT_17248,3385.636401681182
OUT_17249,690.0237427923408
OUT_17250,3804.591711706416
OUT_17251,617.0186631616456
OUT_17252,574.7141454416791
OUT_17253,3547.956981040236
OUT_17254,776.9210984999493
OUT_17255,828.01549210807
OUT_17256,628.0082333833968
OUT_17257,4175.958638913754
OUT_17258,843.6933997005968
OUT_17259,3904.046271570438
OUT_17260,2750.297547286482
OUT_17261,475.9264222226362
OUT_17262,800.2776778420937
OUT_17263,16701.36043186746
OUT_17264,757.9662555778023
OUT_17265,1007.8954968749632
OUT_17266,669.7942603586677
OUT_17267,995.510009151413
OUT_17268,705.6597070294945
OUT_17269,3349.987663085078
OUT_17270,19303.45748676757
OUT_17271,512.1868414528235
OUT_17272,4930.208866266168
OUT_17273,4557.4371481561175
OUT_17274,898.7605958390362
OUT_17275,5292.251513193602
OUT_17276,3881.454370238258
OUT_17277,3467.826077005652
OUT_17278,823.7995190777887
OUT_17279,717.2705848743836
OUT_17280,49903.23901622939
OUT_17281,710.7809277005367
OUT_17282,3131.1895834386773
OUT_17283,957.4145059876508
OUT_17284,1211.1326497608852
OUT_17285,3563.085134347447
OUT_17286,1125.7447470832703
OUT_17287,700.5455063511755
OUT_17288,710.4582144635648
OUT_17289,2566.931598445356
OUT_17290,358.1244913203358
OUT_17291,805.0216510020334
OUT_17292,757.8295844483765
OUT_17293,4019.097517828205
OUT_17294,1086.377664862932
OUT_17295,828.113093396939
OUT_17296,637.4280218299762
OUT_17297,588.3080971992885
OUT_17298,845.438999789413
OUT_17299,785.2734097730071
OUT_17300,636.9148187954099
OUT_17301,16447.238002555827
OUT_17302,3565.07532721107
OUT_17303,3735.979703776805
OUT_17304,14623.782678435497
OUT_17305,3556.71024521408
OUT_17306,768.9603044052234
OUT_17307,4465.592029916221
OUT_17308,3070.9645063506728
OUT_17309,789.5519912800871
OUT_17310,855.0298979117505
OUT_17311,876.1226086455298
OUT_17312,17351.94737152539
OUT_17313,635.197358510365
OUT_17314,19746.69379935279
OUT_17315,15781.762510586652
OUT_17316,433.1685869307814
OUT_17317,2544.8216443349165
OUT_17318,20592.725525074708
OUT_17319,541.6226020366566
OUT_17320,3029.2496606939635
OUT_17321,16126.894053434333
OUT_17322,4192.201047475918
OUT_17323,4301.043743262683
OUT_17324,18579.404863194457
OUT_17325,3751.626584093163
OUT_17326,49089.422940249904
OUT_17327,657.8341110704937
OUT_17328,3546.4725711869005
OUT_17329,19803.42075475188
OUT_17330,808.0180665673796
OUT_17331,495.54730618875294
OUT_17332,676.0386294662949
OUT_17333,826.8179810995523
OUT_17334,17733.954550872855
OUT_17335,859.6258490725157
OUT_17336,719.1961284652574
OUT_17337,909.0411649351946
OUT_17338,3542.72258018081
OUT_17339,4039.422950067172
OUT_17340,1019.874609061421
OUT_17341,562.7680139663157
OUT_17342,3700.267363448061
OUT_17343,3304.353615408508
OUT_17344,727.3576662811901
OUT_17345,18450.68236015495
OUT_17346,1080.4950951159367
OUT_17347,767.4991851849906
OUT_17348,15692.661377758808
OUT_17349,717.4107136907185
OUT_17350,19165.456679370865
OUT_17351,912.5955845268284
OUT_17352,806.3265633099423
OUT_17353,643.7599086445244
OUT_17354,16643.26626236761
OUT_17355,450.6464521749173
OUT_17356,945.2110039799882
OUT_17357,968.708161587853
OUT_17358,762.4898611126333
OUT_17359,550.4291825768289
OUT_17360,826.7269580581982
OUT_17361,877.1828982905836
OUT_17362,3408.2594432585133
OUT_17363,853.887304353517
OUT_17364,3308.814188956847
OUT_17365,521.235777672774
OUT_17366,17288.221232766125
OUT_17367,940.2324091269928
OUT_17368,766.1525657169445
OUT_17369,710.0038647745827
OUT_17370,876.6671664393492
OUT_17371,49115.02611915157
OUT_17372,16932.866737500175
OUT_17373,3101.6117839796407
OUT_17374,16284.343393503996
OUT_17375,982.9254964418756
OUT_17376,471.2104853054847
OUT_17377,461.8840116953324
OUT_17378,16448.559719926638
OUT_17379,497.62523051273007
OUT_17380,653.483940703695
OUT_17381,975.8686891893984
OUT_17382,738.5481989226353
OUT_17383,1419.933455701679
OUT_17384,408.0995837502531
OUT_17385,3516.876168987304
OUT_17386,3514.0557910147927
OUT_17387,1034.0066747757687
OUT_17388,917.8959466981164
OUT_17389,48656.82528099234
OUT_17390,716.5001062358206
OUT_17391,787.2338598768131
OUT_17392,17560.235409593173
OUT_17393,557.9510539877222
OUT_17394,2984.1640015458424
OUT_17395,465.2867027456957
OUT_17396,4346.247229179904
OUT_17397,3020.188843108572
OUT_17398,514.8903792797793
OUT_17399,968.548665996374
OUT_17400,3143.062914301572
OUT_17401,891.3526331192905
OUT_17402,3569.581841935063
OUT_17403,3054.798620122228
OUT_17404,5053.229287552403
OUT_17405,18220.797933721708
OUT_17406,746.1140284228416
OUT_17407,1072.6945179851662
OUT_17408,18726.0222103717
OUT_17409,663.0775911982294
OUT_17410,998.1682913137686
OUT_17411,573.5927313773984
OUT_17412,938.4545319885636
OUT_17413,4092.894744497816
OUT_17414,3695.413439495203
OUT_17415,4007.045789431216
OUT_17416,16480.020847105603
OUT_17417,422.3699758745106
OUT_17418,3785.742280484533
OUT_17419,3863.4458166505538
OUT_17420,2848.738392502028
OUT_17421,906.8482983348304
OUT_17422,18699.87108297276
OUT_17423,17375.789386717264
OUT_17424,50084.297094192334
OUT_17425,47394.67818115205
OUT_17426,941.8656962852028
OUT_17427,1107.9710783232458
OUT_17428,805.0976687856661
OUT_17429,877.0984027989597
OUT_17430,15841.94931378144
OUT_17431,811.8506151867821
OUT_17432,3240.1707645474603
OUT_17433,17024.023680366994
OUT_17434,892.6257163994737
OUT_17435,19515.17640135313
OUT_17436,18007.047664792
OUT_17437,49380.74353085971
OUT_17438,775.2110303969927
OUT_17439,609.5317920050954
OUT_17440,14262.892596221642
OUT_17441,978.0966291651748
OUT_17442,500.7549886396562
OUT_17443,3671.2616572486895
OUT_17444,483.1873955272207
OUT_17445,701.0863432920116
OUT_17446,2791.6469114622923
OUT_17447,13500.659945658084
OUT_17448,795.4576105660781
OUT_17449,1184.6532679428185
OUT_17450,3124.314041221903
OUT_17451,3369.937049177477
OUT_17452,1143.4864991179566
OUT_17453,3770.658318306891
OUT_17454,906.360706776782
OUT_17455,588.4521477623574
OUT_17456,823.4958045309459
OUT_17457,17058.066191628182
OUT_17458,780.7330340593868
OUT_17459,18249.34422669184
OUT_17460,3505.6297976433484
OUT_17461,740.4021314588548
OUT_17462,663.6596531719008
OUT_17463,2425.0958636623536
OUT_17464,3302.793295744466
OUT_17465,1318.0633462649562
OUT_17466,792.6480276688544
OUT_17467,1195.5025874680623
OUT_17468,3955.4059817888015
OUT_17469,697.1207613669401
OUT_17470,814.6126566105847
OUT_17471,2966.8489246674285
OUT_17472,991.1971846896258
OUT_17473,2758.285453769123
OUT_17474,18775.023283166352
OUT_17475,749.0621370112839
OUT_17476,4349.0824941021465
OUT_17477,16409.76607230003
OUT_17478,19932.89554015082
OUT_17479,874.101576330062
OUT_17480,765.1802087560449
OUT_17481,722.1479695358901
OUT_17482,1118.716021649327
OUT_17483,3247.6033433327693
OUT_17484,3431.67261059063
OUT_17485,990.117011872434
OUT_17486,938.6553268241346
OUT_17487,841.2426898442607
OUT_17488,906.9709247841832
OUT_17489,1336.0124668804865
OUT_17490,1158.8799825063709
OUT_17491,4232.858566289589
OUT_17492,17484.437982018186
OUT_17493,500.58584761879433
OUT_17494,17680.429900152652
OUT_17495,17272.720303460013
OUT_17496,1064.7741479523863
OUT_17497,534.0939906668661
OUT_17498,884.2660286419872
OUT_17499,483.1233551082935
OUT_17500,3844.235529243306
OUT_17501,3233.5812029404037
OUT_17502,3839.544873260089
OUT_17503,643.8222190851669
OUT_17504,612.3779747396243
OUT_17505,1287.4740850104388
OUT_17506,15959.668180943578
OUT_17507,707.9881490068202
OUT_17508,17767.151442457278
OUT_17509,394.6232155367241
OUT_17510,1133.5320549540463
OUT_17511,634.1808951020922
OUT_17512,979.8826766760848
OUT_17513,543.9058793668013
OUT_17514,854.4992335446716
OUT_17515,670.6148373318554
OUT_17516,3966.499373815371
OUT_17517,984.9690371073297
OUT_17518,709.3582534823294
OUT_17519,4180.363004526771
OUT_17520,3041.3761301646896
OUT_17521,3760.8072854956513
OUT_17522,17008.221753202488
OUT_17523,869.4900441829669
OUT_17524,17913.03032476803
OUT_17525,1171.7368192420167
OUT_17526,4226.361800725922
OUT_17527,2936.193583859006
OUT_17528,4090.872382652755
OUT_17529,624.1164911485814
OUT_17530,18660.49863095696
OUT_17531,616.0343266350673
OUT_17532,15732.914844945635
OUT_17533,608.023155850878
OUT_17534,649.000517007103
OUT_17535,3913.450256346302
OUT_17536,557.3374406819149
OUT_17537,615.4833369106527
OUT_17538,3702.856060696669
OUT_17539,759.1544039185708
OUT_17540,17859.540427959277
OUT_17541,578.0696133451313
OUT_17542,3366.798514470363
OUT_17543,625.3241712963102
OUT_17544,920.7577855709492
OUT_17545,766.8780376678272
OUT_17546,819.628930791633
OUT_17547,394.4408027333927
OUT_17548,772.9212773865135
OUT_17549,50754.5496035193
OUT_17550,2949.9624656083897
OUT_17551,520.6528862247606
OUT_17552,1297.0293423822766
OUT_17553,1107.1779710194876
OUT_17554,4229.149086801647
OUT_17555,558.2971425702754
OUT_17556,2657.229233875358
OUT_17557,761.553771840131
OUT_17558,1036.958078177277
OUT_17559,4131.504713953438
OUT_17560,765.4707018639816
OUT_17561,671.1255145670702
OUT_17562,596.4911666281665
OUT_17563,1150.0326691034454
OUT_17564,706.6644340156254
OUT_17565,865.2846020450514
OUT_17566,4850.216087213751
OUT_17567,4276.992171556158
OUT_17568,3100.166878467258
OUT_17569,812.3775898074844
OUT_17570,690.3270675921456
OUT_17571,430.67664302405177
OUT_17572,3660.0428198637255
OUT_17573,861.7028471951533
OUT_17574,17099.16288480879
OUT_17575,527.8492751105792
OUT_17576,716.4919818581998
OUT_17577,3934.926668207029
OUT_17578,834.71583140462
OUT_17579,3374.51431210654
OUT_17580,600.8159163042044
OUT_17581,18408.80424602952
OUT_17582,792.2214403967574
OUT_17583,3313.613258247796
OUT_17584,19733.63784391151
OUT_17585,19283.037056600424
OUT_17586,811.1205932088446
OUT_17587,3397.704997651342
OUT_17588,599.8946904550985
OUT_17589,3617.2227857602816
OUT_17590,979.6115133213768
OUT_17591,858.7998492634787
OUT_17592,634.0274070106739
OUT_17593,529.6693958944181
OUT_17594,1060.339538438033
OUT_17595,1083.4060631909674
OUT_17596,18397.466137968877
OUT_17597,929.1052439782604
OUT_17598,49572.312297000746
OUT_17599,607.7841700333604
OUT_17600,891.5026194200025
OUT_17601,15448.0428765449
OUT_17602,13812.969021720208
OUT_17603,4375.08383538251
OUT_17604,20006.22547099985
OUT_17605,3149.760351458461
OUT_17606,48236.91510360502
OUT_17607,17758.611735251397
OUT_17608,930.2034423220356
OUT_17609,609.1365698852471
OUT_17610,3270.1568909074235
OUT_17611,1350.0539069695535
OUT_17612,937.1859850466412
OUT_17613,3794.097868551136
OUT_17614,3593.7750841124675
OUT_17615,3601.76117274192
OUT_17616,587.0234964075174
OUT_17617,1061.9217722503554
OUT_17618,49629.85014423751
OUT_17619,3667.0096437478624
OUT_17620,744.5813998782664
OUT_17621,19191.01259109453
OUT_17622,15932.175089834986
OUT_17623,956.4667792970376
OUT_17624,3324.491167969961
OUT_17625,3937.944982964677
OUT_17626,837.92600775136
OUT_17627,1242.9124031759786
OUT_17628,732.4761499490961
OUT_17629,18256.900222103497
OUT_17630,3445.0953495070858
OUT_17631,529.178018818731
OUT_17632,2914.3996555063186
OUT_17633,677.937968903097
OUT_17634,774.4540047342166
OUT_17635,983.8669206455704
OUT_17636,14768.34411399205
OUT_17637,579.9719095350362
OUT_17638,819.3467641865287
OUT_17639,794.6386025304146
OUT_17640,2250.509244670316
OUT_17641,579.5925564677242
OUT_17642,724.071004359486
OUT_17643,423.3912369353497
OUT_17644,804.2699670849308
OUT_17645,3031.405087772166
OUT_17646,19286.08557206491
OUT_17647,820.8152618191733
OUT_17648,437.78666581880816
OUT_17649,818.4000618745724
OUT_17650,807.6797249329092
OUT_17651,16155.584381107014
OUT_17652,46458.10040117375
OUT_17653,3906.70462182508
OUT_17654,2979.835824917048
OUT_17655,633.737890896803
OUT_17656,19196.1670011393
OUT_17657,552.0104244424048
OUT_17658,536.2858852242401
OUT_17659,4595.782272072912
OUT_17660,17568.162101082737
OUT_17661,18217.833814658177
OUT_17662,17637.970475308062
OUT_17663,662.9479569732214
OUT_17664,15683.574558191362
OUT_17665,751.7903782931908
OUT_17666,580.8863513480936
OUT_17667,15669.213086805725
OUT_17668,20531.46596702291
OUT_17669,810.1409179800418
OUT_17670,765.1529039127208
OUT_17671,3285.3278058668297
OUT_17672,874.0258324954286
OUT_17673,15785.50339337199
OUT_17674,808.7207864567446
OUT_17675,3800.19015251667
OUT_17676,4059.9802187996206
OUT_17677,16978.64860652655
OUT_17678,901.9864611916828
OUT_17679,2936.5952413304663
OUT_17680,762.1558671610927
OUT_17681,683.5851131987429
OUT_17682,859.0904622456177
OUT_17683,3855.16531615758
OUT_17684,600.8911257759901
OUT_17685,4278.406321197163
OUT_17686,867.5483138144763
OUT_17687,51832.30026353223
OUT_17688,3548.87814111819
OUT_17689,1228.4852996307134
OUT_17690,445.3241122731188
OUT_17691,945.0497285069596
OUT_17692,888.4130320450779
OUT_17693,688.6775884386961
OUT_17694,19509.596638626797
OUT_17695,534.2732046896153
OUT_17696,4634.787009836411
OUT_17697,2897.17078002006
OUT_17698,49023.54397028706
OUT_17699,3429.146224985364
OUT_17700,556.1919918659345
OUT_17701,863.3386569940494
OUT_17702,678.7207666599717
OUT_17703,3191.076573678099
OUT_17704,833.4733100823967
OUT_17705,616.6564892816382
OUT_17706,555.6538930735289
OUT_17707,18822.452603131067
OUT_17708,888.6323051392139
OUT_17709,4143.680972447512
OUT_17710,529.0734724112098
OUT_17711,822.674950372848
OUT_17712,1096.7992304253569
OUT_17713,940.2866837045476
OUT_17714,667.8134449640577
OUT_17715,783.8261593197801
OUT_17716,656.2445139156295
OUT_17717,16524.75759809186
OUT_17718,16875.589213950807
OUT_17719,1027.392667075043
OUT_17720,4161.609374015594
OUT_17721,3431.2520061614628
OUT_17722,866.4967137086379
OUT_17723,912.0550088076616
OUT_17724,833.9422693780962
OUT_17725,937.577709555611
OUT_17726,48156.82997562475
OUT_17727,3855.6162904952025
OUT_17728,620.5266170855998
OUT_17729,3112.1869501591823
OUT_17730,805.9684074424786
OUT_17731,796.7682433909301
OUT_17732,3964.871442229859
OUT_17733,821.4698875292337
OUT_17734,1045.9674442633473
OUT_17735,3677.2557414695966
OUT_17736,18248.942061918107
OUT_17737,16310.997010556172
OUT_17738,18737.74572937592
OUT_17739,19735.05821647378
OUT_17740,3101.0216510382047
OUT_17741,3043.0866353499478
OUT_17742,4263.140495263596
OUT_17743,686.8408567781992
OUT_17744,3266.4104429809245
OUT_17745,656.5746376873811
OUT_17746,631.6771470300832
OUT_17747,812.8197475289641
OUT_17748,852.3069600117835
OUT_17749,997.5930191140916
OUT_17750,871.7207156512889
OUT_17751,672.6644941821622
OUT_17752,19855.451453230937
OUT_17753,4734.652296365595
OUT_17754,49351.48601228085
OUT_17755,3700.235950635969
OUT_17756,2967.9776304694237
OUT_17757,1153.5037352348093
OUT_17758,1200.518241898909
OUT_17759,550.808685091721
OUT_17760,892.988218791242
OUT_17761,16769.419090571555
OUT_17762,2745.3450929789587
OUT_17763,4076.397206588878
OUT_17764,3535.694069236368
OUT_17765,651.9033655528484
OUT_17766,666.8661485371082
OUT_17767,636.9013753582628
OUT_17768,970.264266526032
OUT_17769,47974.56607876852
OUT_17770,17468.571907508453
OUT_17771,3873.9431127405055
OUT_17772,989.9387380969176
OUT_17773,878.0525587512315
OUT_17774,756.7210957192774
OUT_17775,4336.840743940765
OUT_17776,15365.421614954696
OUT_17777,2948.089988091057
OUT_17778,16886.99006493334
OUT_17779,686.2063841682472
OUT_17780,2343.9965515791787
OUT_17781,1308.7561645379722
OUT_17782,3906.722107634797
OUT_17783,19836.625969313456
OUT_17784,701.154601384803
OUT_17785,1217.6497812066614
OUT_17786,2917.036244323769
OUT_17787,956.3723046291876
OUT_17788,886.857050509473
OUT_17789,945.1332954632874
OUT_17790,715.4924534581721
OUT_17791,18930.936089377683
OUT_17792,2933.2696377032903
OUT_17793,722.4533519763568
OUT_17794,1006.693323659454
OUT_17795,594.7524001216893
OUT_17796,622.6735114299337
OUT_17797,738.9628434381735
OUT_17798,802.688011763457
OUT_17799,509.5226622781972
OUT_17800,17757.437702203595
OUT_17801,2455.467064133811
OUT_17802,4035.416463727391
OUT_17803,1006.2521526829702
OUT_17804,784.412384782108
OUT_17805,47645.27041822217
OUT_17806,895.3210354955686
OUT_17807,522.4786877080164
OUT_17808,3056.0494231882367
OUT_17809,5000.591840918766
OUT_17810,779.411874797295
OUT_17811,3749.291760267264
OUT_17812,591.4688322787188
OUT_17813,697.3969351148215
OUT_17814,744.3348087451327
OUT_17815,17886.10912675307
OUT_17816,919.3226140548952
OUT_17817,637.2379330828251
OUT_17818,17654.36492136053
OUT_17819,632.7654930005588
OUT_17820,17505.087360647853
OUT_17821,931.0715201099129
OUT_17822,567.8490343463543
OUT_17823,969.1747500492464
OUT_17824,3792.666134770609
OUT_17825,653.4543588414485
OUT_17826,4039.23064304276
OUT_17827,18641.45735355312
OUT_17828,1193.3861557214543
OUT_17829,885.2823975870759
OUT_17830,16272.362399312868
OUT_17831,16825.290186104106
OUT_17832,839.5183589103568
OUT_17833,558.1267647991103
OUT_17834,4012.8960248092417
OUT_17835,3252.543160703925
OUT_17836,50861.76552744373
OUT_17837,1333.4784139695837
OUT_17838,16413.508575701355
OUT_17839,17269.924093748145
OUT_17840,503.0378251674206
OUT_17841,786.1229700202438
OUT_17842,875.4603806353658
OUT_17843,49389.83180184262
OUT_17844,3234.1145234610653
OUT_17845,16093.438965523424
OUT_17846,3779.671793377153
OUT_17847,4294.832360370546
OUT_17848,1078.2261806640895
OUT_17849,4234.097691677299
OUT_17850,1127.9954098386004
OUT_17851,4573.943930077321
OUT_17852,3973.354314198692
OUT_17853,2806.406328007308
OUT_17854,49318.931631736574
OUT_17855,14897.727743984702
OUT_17856,16536.569792939645
OUT_17857,848.5918676896815
OUT_17858,4296.324827791243
OUT_17859,2869.5170282702
OUT_17860,567.4434937813103
OUT_17861,711.0917129457948
OUT_17862,1022.9773042906947
OUT_17863,847.6925621097308
OUT_17864,725.957530026485
OUT_17865,825.2777428084698
OUT_17866,977.6381520038932
OUT_17867,4328.3306866389
OUT_17868,683.4818393852102
OUT_17869,3106.018236199437
OUT_17870,731.4966554791939
OUT_17871,3766.17047768268
OUT_17872,1405.8753175728327
OUT_17873,1185.2623389614662
OUT_17874,702.332079179579
OUT_17875,4022.272967655041
OUT_17876,3641.330744902868
OUT_17877,431.0855202475407
OUT_17878,3961.067683952348
OUT_17879,1150.3708278945685
OUT_17880,49693.86507978772
OUT_17881,803.7259484242713
OUT_17882,3348.9751354035607
OUT_17883,3775.999827150911
OUT_17884,18172.6835678083
OUT_17885,621.4766681093756
OUT_17886,4356.819431639735
OUT_17887,780.6193829846745
OUT_17888,732.6906907346365
OUT_17889,4092.2885466708094
OUT_17890,890.8371817594038
OUT_17891,17208.803880318832
OUT_17892,910.5254082949776
OUT_17893,1235.4574819057134
OUT_17894,432.1405692406744
OUT_17895,810.9473266755801
OUT_17896,644.0334946767081
OUT_17897,788.7612507898789
OUT_17898,539.6077493885986
OUT_17899,3110.3919579631565
OUT_17900,824.0399713508466
OUT_17901,487.811935147083
OUT_17902,18086.10473317682
OUT_17903,675.6920055655046
OUT_17904,755.5373974182384
OUT_17905,698.8504646714481
OUT_17906,16043.055364342194
OUT_17907,3142.495987486999
OUT_17908,752.2399689558553
OUT_17909,557.5032527799033
OUT_17910,51651.76655839261
OUT_17911,510.8016953195582
OUT_17912,3622.320277065338
OUT_17913,609.5063623582761
OUT_17914,818.0134624177439
OUT_17915,607.6378221559987
OUT_17916,580.3673406176633
OUT_17917,586.2355083066456
OUT_17918,18471.282585324592
OUT_17919,480.7010778687304
OUT_17920,880.9036800128041
OUT_17921,1001.7241382182972
OUT_17922,709.9480184844045
OUT_17923,47660.65226393235
OUT_17924,1062.6572214520054
OUT_17925,421.8739711759044
OUT_17926,3801.9985003989377
OUT_17927,4086.4150903498567
OUT_17928,919.9187464438436
OUT_17929,361.6181003553072
OUT_17930,1052.9590099638872
OUT_17931,976.3543148739224
OUT_17932,1207.569799824587
OUT_17933,15352.346855620986
OUT_17934,2956.636880282837
OUT_17935,2858.48562946875
OUT_17936,16291.505725247764
OUT_17937,4518.302016312852
OUT_17938,707.0039633283124
OUT_17939,710.2402906878516
OUT_17940,938.9603135566427
OUT_17941,694.1717433491584
OUT_17942,858.4792318365546
OUT_17943,721.319626812025
OUT_17944,18668.790946919336
OUT_17945,635.8102178602496
OUT_17946,825.8511105904903
OUT_17947,13835.079126239072
OUT_17948,1118.9410353406804
OUT_17949,883.2674663408111
OUT_17950,693.7249316912546
OUT_17951,957.9700525539672
OUT_17952,864.1458926164566
OUT_17953,557.8658363902873
OUT_17954,692.3075424389635
OUT_17955,14320.16049598563
OUT_17956,3852.075523660004
OUT_17957,3420.7266031388963
OUT_17958,670.4604315280023
OUT_17959,637.478885860802
OUT_17960,724.3447635566254
OUT_17961,655.5520804554035
OUT_17962,640.3101894631908
OUT_17963,3564.721181108718
OUT_17964,3553.0757221836247
OUT_17965,618.6965102087086
OUT_17966,770.1813936051574
OUT_17967,16911.317292880576
OUT_17968,664.5992100123997
OUT_17969,1014.6182373405612
OUT_17970,599.8759032313607
OUT_17971,641.4126599587212
OUT_17972,4289.133175748832
OUT_17973,19312.25546971384
OUT_17974,916.4884249799194
OUT_17975,18325.30515875496
OUT_17976,937.6951080134428
OUT_17977,640.0146604960014
OUT_17978,657.6308918676676
OUT_17979,17916.1972427519
OUT_17980,923.2248931229276
OUT_17981,920.8157135385416
OUT_17982,571.0169411770672
OUT_17983,49053.48878480266
OUT_17984,679.1841424190368
OUT_17985,499.2278984681248
OUT_17986,17649.700545084765
OUT_17987,18855.774495592228
OUT_17988,14897.306809333028
OUT_17989,48508.641499115416
OUT_17990,1037.789205283552
OUT_17991,3250.0683649572693
OUT_17992,732.8219058414005
OUT_17993,934.017843170918
OUT_17994,3249.034497729823
OUT_17995,17720.809028318316
OUT_17996,996.5867133446734
OUT_17997,876.190704721798
OUT_17998,643.3628898057727
OUT_17999,1076.7094429571614
OUT_18000,904.0089481286038
OUT_18001,666.1768603050342
OUT_18002,826.8120139515004
OUT_18003,594.7849841283621
OUT_18004,4281.788191890799
OUT_18005,512.5742030018997
OUT_18006,16423.19489501021
OUT_18007,880.9270913922255
OUT_18008,1384.9656468784942
OUT_18009,1003.8290365668632
OUT_18010,1378.9864553617388
OUT_18011,17279.797792051482
OUT_18012,17803.26040036973
OUT_18013,1084.750864849933
OUT_18014,883.1401845766238
OUT_18015,3285.9088577739444
OUT_18016,776.7391818775917
OUT_18017,20004.88063920025
OUT_18018,17077.620151881132
OUT_18019,696.6925421772436
OUT_18020,3311.9873732504816
OUT_18021,897.6500219123955
OUT_18022,48325.36908220418
OUT_18023,49714.891305692094
OUT_18024,603.0634461073789
OUT_18025,3918.236387359496
OUT_18026,3207.602843467701
OUT_18027,3535.7745849865087
OUT_18028,3408.281488639564
OUT_18029,50451.47933807561
OUT_18030,650.8082338387078
OUT_18031,3784.113200264226
OUT_18032,763.0364297633047
OUT_18033,2693.4308302010977
OUT_18034,3117.5551896396355
OUT_18035,17354.396130477675
OUT_18036,20027.503182792894
OUT_18037,601.9885092845334
OUT_18038,937.3203548709324
OUT_18039,625.3866239402853
OUT_18040,4253.9553785341
OUT_18041,1048.1300020602828
OUT_18042,663.7308276303364
OUT_18043,1026.5604913297036
OUT_18044,3603.874707412048
OUT_18045,3385.01155726667
OUT_18046,3651.5495601752777
OUT_18047,688.3803522303593
OUT_18048,856.6853218377719
OUT_18049,1040.204193014004
OUT_18050,19812.720623441943
OUT_18051,3067.4975807311343
OUT_18052,708.0455162721966
OUT_18053,4098.363141456023
OUT_18054,639.4528741331112
OUT_18055,50377.04105067946
OUT_18056,828.6227575231629
OUT_18057,1401.8232279015426
OUT_18058,4269.342104807488
OUT_18059,586.4998016359788
OUT_18060,15575.085411096485
OUT_18061,3334.1514691659386
OUT_18062,2596.07337467772
OUT_18063,775.5740685786532
OUT_18064,521.2178382639903
OUT_18065,841.8160153307457
OUT_18066,448.1302670450068
OUT_18067,4606.654736376848
OUT_18068,4113.427430745711
OUT_18069,759.1070860459286
OUT_18070,598.3531594295578
OUT_18071,48623.156657457694
OUT_18072,21556.774124330022
OUT_18073,3052.00181951618
OUT_18074,727.0273339883204
OUT_18075,3852.3442969233247
OUT_18076,689.0416481796387
OUT_18077,581.225238680663
OUT_18078,3651.050103482912
OUT_18079,1025.7808009133787
OUT_18080,578.1748806527661
OUT_18081,958.174824334108
OUT_18082,750.178793711147
OUT_18083,1030.7665960759002
OUT_18084,1003.6014214321071
OUT_18085,3796.1467576799546
OUT_18086,15842.390817952626
OUT_18087,3839.841583117739
OUT_18088,631.0503827189583
OUT_18089,504.89854549803977
OUT_18090,3425.636617382868
OUT_18091,3952.530180483119
OUT_18092,3388.845014836791
OUT_18093,3459.473692527059
OUT_18094,3459.823245979039
OUT_18095,3802.6607218882273
OUT_18096,977.6966493827526
OUT_18097,472.6572550632395
OUT_18098,670.2113535063423
OUT_18099,17864.67786892012
OUT_18100,4355.841792428816
OUT_18101,719.2618250482437
OUT_18102,4905.654792906556
OUT_18103,1250.7907776211734
OUT_18104,4289.636024930099
OUT_18105,739.6822214157804
OUT_18106,3864.5890565481327
OUT_18107,1060.2818122324747
OUT_18108,3342.024634623004
OUT_18109,740.3245873104194
OUT_18110,18006.186946924492
OUT_18111,1250.0561931485322
OUT_18112,590.6722995659316
OUT_18113,534.9705052281004
OUT_18114,858.9065305618602
OUT_18115,724.3220763177061
OUT_18116,463.49341170497286
OUT_18117,3709.679552529827
OUT_18118,559.7955642767616
OUT_18119,485.5635244605613
OUT_18120,799.3911042813843
OUT_18121,926.6495607199628
OUT_18122,887.3042505119997
OUT_18123,3674.321357066901
OUT_18124,784.7622309146782
OUT_18125,48104.08253647284
OUT_18126,724.8124527297
OUT_18127,548.466330223404
OUT_18128,47681.35329522719
OUT_18129,1173.7444840805151
OUT_18130,17230.148294861723
OUT_18131,3332.612465880998
OUT_18132,1137.8134831561356
OUT_18133,672.9082615868509
OUT_18134,995.9544014209476
OUT_18135,1084.8157669411771
OUT_18136,2666.2768666382176
OUT_18137,659.199833089336
OUT_18138,516.1301580575597
OUT_18139,893.3447739254508
OUT_18140,1272.5250938631357
OUT_18141,16559.075305560156
OUT_18142,921.73349019661
OUT_18143,609.2039557501469
OUT_18144,3637.1939619931672
OUT_18145,3858.507746431218
OUT_18146,3747.623934964508
OUT_18147,1034.7371083901585
OUT_18148,760.5631788967602
OUT_18149,17233.32115098358
OUT_18150,17163.996459261663
OUT_18151,767.2292535550978
OUT_18152,3385.4454430321475
OUT_18153,2585.9439875244734
OUT_18154,4167.952302763882
OUT_18155,3550.4241216333985
OUT_18156,3851.539451955061
OUT_18157,18581.11746223144
OUT_18158,15934.161944070687
OUT_18159,434.68706967598456
OUT_18160,18896.365877753837
OUT_18161,535.1037251908843
OUT_18162,780.0892189470275
OUT_18163,16020.94482106648
OUT_18164,660.051772561834
OUT_18165,537.4114221417667
OUT_18166,50001.61053950252
OUT_18167,17523.57208808782
OUT_18168,641.6999356428475
OUT_18169,1075.2959406057112
OUT_18170,17805.047908486264
OUT_18171,498.5499293959589
OUT_18172,18535.41841025254
OUT_18173,3415.861397139221
OUT_18174,2856.8781612461767
OUT_18175,3478.3909502186293
OUT_18176,594.3450538664725
OUT_18177,646.0007018320514
OUT_18178,1050.398356621376
OUT_18179,4292.605602139753
OUT_18180,1144.2688699850278
OUT_18181,900.4207750127732
OUT_18182,1153.0454789109006
OUT_18183,3632.756658378079
OUT_18184,853.9863848335882
OUT_18185,3638.075026270884
OUT_18186,4150.542443080895
OUT_18187,18462.66116872679
OUT_18188,546.6596122865358
OUT_18189,4101.487156336561
OUT_18190,1025.6119466105615
OUT_18191,17874.332650278728
OUT_18192,3135.880168604054
OUT_18193,901.8061468505408
OUT_18194,4302.424162470988
OUT_18195,3599.6599755984703
OUT_18196,727.9782291655724
OUT_18197,787.6906235286089
OUT_18198,274.5650061514574
OUT_18199,1107.6306488363186
OUT_18200,2954.072328974538
OUT_18201,1047.2531633694375
OUT_18202,3457.849355744814
OUT_18203,18194.55577419717
OUT_18204,4161.723535842279
OUT_18205,650.3106718442896
OUT_18206,728.741530360789
OUT_18207,16965.30395069497
OUT_18208,3165.781456814216
OUT_18209,51397.35018636769
OUT_18210,15402.047751586882
OUT_18211,3449.4806145782045
OUT_18212,576.3117923293416
OUT_18213,475.3804030577679
OUT_18214,1015.7655413294716
OUT_18215,3609.061803166736
OUT_18216,2486.6016960303414
OUT_18217,3476.4061418263377
OUT_18218,17667.10839308117
OUT_18219,1028.0842466867257
OUT_18220,14579.264473446836
OUT_18221,3250.0316617941235
OUT_18222,3447.266333037646
OUT_18223,16082.8572002747
OUT_18224,3414.7748846103245
OUT_18225,798.7648652865389
OUT_18226,18435.084309817837
OUT_18227,3883.687123795831
OUT_18228,1037.3606803392768
OUT_18229,1038.539591763633
OUT_18230,651.0229605251134
OUT_18231,949.9066710495212
OUT_18232,612.4444992113572
OUT_18233,405.58300705266026
OUT_18234,17452.861162618625
OUT_18235,650.3792034702783
OUT_18236,956.8456840965237
OUT_18237,689.1870524069368
OUT_18238,922.394666697886
OUT_18239,507.00771939913153
OUT_18240,16438.022763792003
OUT_18241,50806.96537464002
OUT_18242,19039.253592490106
OUT_18243,1143.2158717962427
OUT_18244,1058.0526565124826
OUT_18245,3564.100577550164
OUT_18246,3128.751497369372
OUT_18247,1036.6402580860267
OUT_18248,2869.886762681021
OUT_18249,2753.669899082223
OUT_18250,705.8592698455916
OUT_18251,679.9106990213824
OUT_18252,1131.4432598270762
OUT_18253,823.6553996603575
OUT_18254,16670.18852663096
OUT_18255,502.7284523627648
OUT_18256,983.238674028693
OUT_18257,17939.91266909977
OUT_18258,930.5062316763718
OUT_18259,756.1833497823177
OUT_18260,944.9104164649468
OUT_18261,641.6534812029249
OUT_18262,542.4170452126693
OUT_18263,18215.917425964963
OUT_18264,17545.637362613546
OUT_18265,3752.019187335009
OUT_18266,694.6548260034612
OUT_18267,18664.67843219216
OUT_18268,412.4057377234968
OUT_18269,435.3723593687679
OUT_18270,796.4624800522853
OUT_18271,830.5461680968492
OUT_18272,383.6030617258106
OUT_18273,1023.5018812700488
OUT_18274,3691.093910302208
OUT_18275,19909.13316930725
OUT_18276,825.4230364124157
OUT_18277,776.6972563835072
OUT_18278,1000.4330950129304
OUT_18279,48395.70381940205
OUT_18280,381.40102648105074
OUT_18281,3163.435159386578
OUT_18282,468.3737525318789
OUT_18283,580.3500044712366
OUT_18284,922.8237342072968
OUT_18285,3117.583753427949
OUT_18286,18494.778623787435
OUT_18287,3261.556802161312
OUT_18288,882.2151532322921
OUT_18289,3230.971044450942
OUT_18290,17294.72267489955
OUT_18291,15806.610484743223
OUT_18292,675.7376422379275
OUT_18293,18335.64668033676
OUT_18294,734.6269126660875
OUT_18295,901.1006812802292
OUT_18296,17299.45949853
OUT_18297,3514.8692866879646
OUT_18298,917.353011942122
OUT_18299,3266.7272465813776
OUT_18300,4035.0516999689817
OUT_18301,690.658749317686
OUT_18302,690.0753829073101
OUT_18303,434.3058196144104
OUT_18304,1205.9661822895284
OUT_18305,17214.718894946127
OUT_18306,3872.914682394096
OUT_18307,755.256089382434
OUT_18308,3650.7236705423775
OUT_18309,4297.806975402436
OUT_18310,3020.493122599715
OUT_18311,602.6053759294927
OUT_18312,843.1125539434244
OUT_18313,4548.220569567282
OUT_18314,16951.0236011117
OUT_18315,492.57532403872153
OUT_18316,534.9413850335561
OUT_18317,3537.3908592524144
OUT_18318,470.0188567372446
OUT_18319,3324.5679134167867
OUT_18320,1135.6949449454637
OUT_18321,15151.466707976577
OUT_18322,3290.861816778591
OUT_18323,3936.3454747722017
OUT_18324,3486.452660740553
OUT_18325,883.3035932724905
OUT_18326,634.3202777022249
OUT_18327,551.4421587217897
OUT_18328,606.946321683092
OUT_18329,732.9362174497072
OUT_18330,16348.344634917696
OUT_18331,15185.41786452305
OUT_18332,840.2051746586435
OUT_18333,650.4726594030179
OUT_18334,18471.762556328737
OUT_18335,2706.584826247328
OUT_18336,1063.1780839441408
OUT_18337,18197.38464622755
OUT_18338,51177.54695947661
OUT_18339,3507.5993453468345
OUT_18340,889.2153823149018
OUT_18341,4086.915212543944
OUT_18342,3230.9419041692245
OUT_18343,3950.6798445973886
OUT_18344,973.9823231211764
OUT_18345,912.2647845234015
OUT_18346,4200.327435698644
OUT_18347,710.9335777662186
OUT_18348,708.4593849057629
OUT_18349,869.8799911583427
OUT_18350,980.3857817249136
OUT_18351,769.5354146477075
OUT_18352,51433.710946173625
OUT_18353,471.2612250229555
OUT_18354,4935.838998689143
OUT_18355,255.46433242516932
OUT_18356,619.001513383794
OUT_18357,449.8894056876519
OUT_18358,14787.815246048103
OUT_18359,708.587900569979
OUT_18360,926.0659365567404
OUT_18361,3014.7302991336064
OUT_18362,3706.5745713999263
OUT_18363,3760.259867434772
OUT_18364,717.5426723890981
OUT_18365,3595.1705070787502
OUT_18366,4382.518538320403
OUT_18367,706.9611409008704
OUT_18368,16709.18652364086
OUT_18369,3414.5423277752893
OUT_18370,818.8947861295514
OUT_18371,840.2914911087058
OUT_18372,987.7807130160068
OUT_18373,393.9308302007463
OUT_18374,980.9032810631888
OUT_18375,557.0011568878116
OUT_18376,980.9968240814196
OUT_18377,42551.64333879638
OUT_18378,3089.7830248249597
OUT_18379,812.4212036917677
OUT_18380,3964.2017496680105
OUT_18381,940.537195838834
OUT_18382,14407.209368651009
OUT_18383,20659.581522022447
OUT_18384,681.0078416186598
OUT_18385,711.8106517033976
OUT_18386,1008.840433195732
OUT_18387,19283.898516272548
OUT_18388,631.9642311853632
OUT_18389,595.2022728964525
OUT_18390,669.5178023265958
OUT_18391,3331.85973351709
OUT_18392,16799.502052837935
OUT_18393,1446.1974492369473
OUT_18394,3917.646680681604
OUT_18395,865.4136271799485
OUT_18396,688.2421789331157
OUT_18397,798.2523756998108
OUT_18398,16603.551322361516
OUT_18399,4356.97391962691
OUT_18400,790.8243509325748
OUT_18401,731.8916706240735
OUT_18402,529.9831052593775
OUT_18403,3886.210903094684
OUT_18404,939.70351211846
OUT_18405,3288.7489697525343
OUT_18406,1240.0515186928042
OUT_18407,17617.95318032351
OUT_18408,47546.39121314816
OUT_18409,3286.3556915846607
OUT_18410,4083.465950904112
OUT_18411,2993.784870601408
OUT_18412,814.5042078824274
OUT_18413,18810.554734152145
OUT_18414,4504.474063683303
OUT_18415,799.3162554539841
OUT_18416,3869.331561192823
OUT_18417,537.1339449306539
OUT_18418,783.1915104924128
OUT_18419,651.3041397096653
OUT_18420,3981.115265192263
OUT_18421,3825.9864946633234
OUT_18422,3918.149562560373
OUT_18423,773.7207131074986
OUT_18424,614.7133843668225
OUT_18425,4001.00855513301
OUT_18426,759.4046242335751
OUT_18427,4781.056853491176
OUT_18428,797.0458348915283
OUT_18429,4171.535535451671
OUT_18430,695.3578215516192
OUT_18431,4021.0861122860665
OUT_18432,952.9691839197056
OUT_18433,677.9249766384785
OUT_18434,844.7989525338479
OUT_18435,915.007829556712
OUT_18436,721.7082532087645
OUT_18437,591.2928700653242
OUT_18438,618.0991090164059
OUT_18439,4123.370673204417
OUT_18440,16657.796804843754
OUT_18441,765.7214785794142
OUT_18442,726.1221455020977
OUT_18443,907.9261023218144
OUT_18444,3175.846979688793
OUT_18445,925.5268052124932
OUT_18446,4135.763973502773
OUT_18447,16841.571011274482
OUT_18448,456.9923504956123
OUT_18449,3549.4783725564207
OUT_18450,883.0749305626016
OUT_18451,779.6599100458508
OUT_18452,49825.93776860779
OUT_18453,708.7263652764258
OUT_18454,19580.01414571462
OUT_18455,957.0027272255344
OUT_18456,819.7154912259525
OUT_18457,564.5050794099876
OUT_18458,846.1462136614432
OUT_18459,3844.3715359855696
OUT_18460,1065.2175570594975
OUT_18461,3671.170869678055
OUT_18462,953.0461494821928
OUT_18463,924.9415747681758
OUT_18464,794.0323289831407
OUT_18465,580.3438673546603
OUT_18466,928.1541493968692
OUT_18467,815.7887012507546
OUT_18468,49176.83917801317
OUT_18469,3272.0563401483
OUT_18470,568.4108763514721
OUT_18471,818.5860475123744
OUT_18472,458.4722926235023
OUT_18473,13333.16766715232
OUT_18474,874.4502707511454
OUT_18475,867.2133488409523
OUT_18476,2730.034176798573
OUT_18477,49161.12671988906
OUT_18478,462.6399790032986
OUT_18479,49518.84781995337
OUT_18480,763.5848687610876
OUT_18481,20116.480231342102
OUT_18482,3723.691453662051
OUT_18483,992.6986677416372
OUT_18484,717.5588551278989
OUT_18485,4010.6041823610913
OUT_18486,16905.761612289545
OUT_18487,393.96896432773787
OUT_18488,1065.1506836833944
OUT_18489,947.90955242629
OUT_18490,775.7298764594159
OUT_18491,17339.709780436584
OUT_18492,956.7493067738606
OUT_18493,850.8805713729131
OUT_18494,568.3605612997541
OUT_18495,1014.6018497521078
OUT_18496,737.2148089918365
OUT_18497,4714.663852653955
OUT_18498,804.5837050110125
OUT_18499,639.0231946116189
OUT_18500,1013.615458787306
OUT_18501,51442.00527418035
OUT_18502,17393.564833157474
OUT_18503,614.3251740267608
OUT_18504,17352.00635981816
OUT_18505,3344.544651064738
OUT_18506,2962.167223036092
OUT_18507,17229.13948555005
OUT_18508,3792.366481629263
OUT_18509,634.8809117520584
OUT_18510,1022.382639663118
OUT_18511,47480.2289760734
OUT_18512,1040.5231123286349
OUT_18513,618.1928006062976
OUT_18514,810.5921288098535
OUT_18515,1033.0559915848185
OUT_18516,837.0390153939159
OUT_18517,995.5804443120808
OUT_18518,3171.055493344807
OUT_18519,700.5338244357109
OUT_18520,802.0576678735706
OUT_18521,3957.541221652181
OUT_18522,16491.617200469755
OUT_18523,19110.492070013937
OUT_18524,3166.142810295157
OUT_18525,400.6495925451621
OUT_18526,840.039423509204
OUT_18527,4097.554301278563
OUT_18528,739.5593100462345
OUT_18529,824.6118879137118
OUT_18530,855.9599088629801
OUT_18531,3253.72427538324
OUT_18532,19229.04030263409
OUT_18533,578.4012406245608
OUT_18534,413.2319814386021
OUT_18535,1177.78494176432
OUT_18536,1266.614412783976
OUT_18537,16820.043110252598
OUT_18538,3726.0721878301697
OUT_18539,3530.486475724864
OUT_18540,746.8093927858196
OUT_18541,3499.48508138625
OUT_18542,16764.903764790826
OUT_18543,643.4131970883501
OUT_18544,878.1847691827978
OUT_18545,16880.777549169798
OUT_18546,2757.601052087144
OUT_18547,3397.041425975978
OUT_18548,4250.108896818321
OUT_18549,4076.3156660771583
OUT_18550,1050.4033977019062
OUT_18551,524.8823098336528
OUT_18552,837.6162080794426
OUT_18553,996.9268295568272
OUT_18554,3438.2021943878312
OUT_18555,3836.285289020508
OUT_18556,18908.874834290466
OUT_18557,846.2439243403883
OUT_18558,342.9133417832059
OUT_18559,2920.8355786506672
OUT_18560,546.3658403406027
OUT_18561,745.1804967487986
OUT_18562,4127.716926522036
OUT_18563,515.1898970833042
OUT_18564,886.7309949683588
OUT_18565,424.4505714271544
OUT_18566,683.0036968772489
OUT_18567,3874.292023716655
OUT_18568,447.0854524402143
OUT_18569,3445.972432781143
OUT_18570,677.2378327476049
OUT_18571,272.6171865351355
OUT_18572,17339.199329884555
OUT_18573,4420.210987101956
OUT_18574,971.2966049847772
OUT_18575,2623.474020858433
OUT_18576,3540.47567400972
OUT_18577,2988.045182757064
OUT_18578,3505.914639516042
OUT_18579,3446.211362428283
OUT_18580,836.5312144094786
OUT_18581,3807.325481764089
OUT_18582,3276.788974128132
OUT_18583,851.151068951606
OUT_18584,2409.058708894756
OUT_18585,932.5873990141646
OUT_18586,460.2368057678008
OUT_18587,4191.842709713979
OUT_18588,331.34577574879074
OUT_18589,18065.947236651387
OUT_18590,648.8745093076491
OUT_18591,688.1911257793181
OUT_18592,1040.0165465325726
OUT_18593,3883.408245370956
OUT_18594,427.5950288297769
OUT_18595,1030.2794867559255
OUT_18596,1002.3257421703458
OUT_18597,3823.382210675431
OUT_18598,835.656782824027
OUT_18599,760.1917092356354
OUT_18600,721.0165504516873
OUT_18601,798.4363494999309
OUT_18602,3458.964779871456
OUT_18603,975.694539764754
OUT_18604,18674.86607597237
OUT_18605,1001.4541245967856
OUT_18606,867.695665944515
OUT_18607,16210.98871753036
OUT_18608,3599.4619534509266
OUT_18609,772.4833022211004
OUT_18610,677.7319004477798
OUT_18611,4968.061104917008
OUT_18612,840.9260595694259
OUT_18613,995.7304771706996
OUT_18614,15437.90810029955
OUT_18615,614.5394982763048
OUT_18616,642.9189910647513
OUT_18617,3775.3484615343327
OUT_18618,883.5056911172695
OUT_18619,3325.0114671485467
OUT_18620,828.7504763502959
OUT_18621,938.5762102661604
OUT_18622,2673.4392602566027
OUT_18623,21517.580435821324
OUT_18624,558.8114058638083
OUT_18625,829.2004616972309
OUT_18626,3760.441474486944
OUT_18627,3416.9205620083985
OUT_18628,3167.5090386604816
OUT_18629,903.4632789106344
OUT_18630,17856.973085065605
OUT_18631,17334.833337218603
OUT_18632,3465.507143798829
OUT_18633,1082.585884813495
OUT_18634,769.7699804489905
OUT_18635,3435.5470550075456
OUT_18636,3621.0047675526657
OUT_18637,17806.792579095887
OUT_18638,982.0901529056334
OUT_18639,730.7578547666909
OUT_18640,850.9905383145065
OUT_18641,3431.3905895851526
OUT_18642,790.7523359271845
OUT_18643,810.0252501801756
OUT_18644,674.8983671669631
OUT_18645,837.8935380814567
OUT_18646,3205.7201911121665
OUT_18647,4429.783584054794
OUT_18648,16374.804488116504
OUT_18649,2765.4620398851885
OUT_18650,1111.3103399652896
OUT_18651,713.6594816454597
OUT_18652,3633.0092932670873
OUT_18653,434.73233235306014
OUT_18654,996.0851082419408
OUT_18655,957.2002515769784
OUT_18656,746.1548737274479
OUT_18657,1100.9574184774183
OUT_18658,2283.738301694721
OUT_18659,17831.259394405508
OUT_18660,17518.317447451744
OUT_18661,815.9286025301382
OUT_18662,2983.2406741394084
OUT_18663,3135.2428102385834
OUT_18664,610.9654243046652
OUT_18665,725.5432456743048
OUT_18666,830.0975743890149
OUT_18667,14622.786676375768
OUT_18668,3517.716712559853
OUT_18669,3459.5190872212115
OUT_18670,2534.0367000624524
OUT_18671,47148.51606933842
OUT_18672,681.7118352854126
OUT_18673,636.6372351382413
OUT_18674,18901.66232303096
OUT_18675,17921.855223320934
OUT_18676,3007.508052016033
OUT_18677,626.7338865642612
OUT_18678,2459.928072524885
OUT_18679,3993.106239042533
OUT_18680,3523.857730250721
OUT_18681,784.3994331082484
OUT_18682,46328.55239905731
OUT_18683,751.4238621910836
OUT_18684,17607.385686577334
OUT_18685,971.7623522165268
OUT_18686,564.7832849901926
OUT_18687,771.1904843343099
OUT_18688,3633.474709586792
OUT_18689,16047.71151384736
OUT_18690,739.5402572545242
OUT_18691,793.6828882514973
OUT_18692,791.6686067386302
OUT_18693,3362.4428905984582
OUT_18694,555.3949158565151
OUT_18695,514.3325139691888
OUT_18696,3849.0183710543215
OUT_18697,642.2639470821193
OUT_18698,718.9015843379017
OUT_18699,642.7289182386363
OUT_18700,3792.6424464874426
OUT_18701,19660.050720463496
OUT_18702,3020.8726308713503
OUT_18703,3408.955010893812
OUT_18704,676.6674034881639
OUT_18705,744.8913282753857
OUT_18706,755.1318832904145
OUT_18707,18115.930927947116
OUT_18708,662.1157164075194
OUT_18709,736.2510622095018
OUT_18710,774.0378949106215
OUT_18711,685.5966596678978
OUT_18712,3957.109362546176
OUT_18713,677.943642806157
OUT_18714,19734.34868710207
OUT_18715,15716.698324738354
OUT_18716,757.8203038345132
OUT_18717,1013.18117736487
OUT_18718,796.4034558616593
OUT_18719,3235.770399964414
OUT_18720,1304.0982879492594
OUT_18721,571.9996078347988
OUT_18722,744.4314018705873
OUT_18723,1271.925045461332
OUT_18724,539.5707533609622
OUT_18725,636.6330728471813
OUT_18726,527.1820284160717
OUT_18727,3667.657740729837
OUT_18728,2980.415498602176
OUT_18729,4458.818122633836
OUT_18730,757.6166869068747
OUT_18731,932.7642163664552
OUT_18732,15602.060394301736
OUT_18733,761.1263229234016
OUT_18734,1009.8545572520316
OUT_18735,3975.198570059005
OUT_18736,3653.3903441922753
OUT_18737,45307.84221079973
OUT_18738,49209.705512642046
OUT_18739,3369.440786821773
OUT_18740,14856.960262379567
OUT_18741,3781.2931917022
OUT_18742,482.56460549959377
OUT_18743,674.9423024144811
OUT_18744,881.2132633915828
OUT_18745,15051.859911005617
OUT_18746,587.1147342734415
OUT_18747,1001.0403464677056
OUT_18748,3775.600435916741
OUT_18749,599.1895041693625
OUT_18750,825.0974992105249
OUT_18751,18166.518708761767
OUT_18752,630.4441123237989
OUT_18753,1169.4738497257292
OUT_18754,19174.8231379497
OUT_18755,3986.893118412877
OUT_18756,546.1641888752293
OUT_18757,585.1814216860218
OUT_18758,738.51755241768
OUT_18759,685.836233358791
OUT_18760,658.3234402324345
OUT_18761,18164.2769422635
OUT_18762,4195.342772955901
OUT_18763,917.090091121775
OUT_18764,656.6944143541853
OUT_18765,837.4417401711243
OUT_18766,4110.034649268414
OUT_18767,17508.485035056652
OUT_18768,18211.26764836253
OUT_18769,712.4786183222839
OUT_18770,741.6776902587358
OUT_18771,1104.4411215713574
OUT_18772,14994.602734675836
OUT_18773,704.4411097192824
OUT_18774,3482.3163629450787
OUT_18775,3936.665294772444
OUT_18776,905.8994934197892
OUT_18777,4153.777699653755
OUT_18778,1014.6328473750614
OUT_18779,3695.67251347411
OUT_18780,660.2255137110651
OUT_18781,3945.842272247827
OUT_18782,3272.126336145036
OUT_18783,849.2115460956486
OUT_18784,907.6022958712176
OUT_18785,957.1203837665312
OUT_18786,526.8359809912226
OUT_18787,472.1447120830622
OUT_18788,50131.27900216542
OUT_18789,3359.1164669279265
OUT_18790,4022.5514355888513
OUT_18791,16732.141475854994
OUT_18792,761.2917115167952
OUT_18793,49303.98802804435
OUT_18794,962.9981170502488
OUT_18795,3984.132515826109
OUT_18796,50147.70957922704
OUT_18797,767.604382313481
OUT_18798,725.4262404022427
OUT_18799,3554.7517988880327
OUT_18800,3260.2719226201334
OUT_18801,3291.003294644684
OUT_18802,46886.53070216387
OUT_18803,516.6059079474579
OUT_18804,599.9908115244988
OUT_18805,46627.92742186253
OUT_18806,762.1656088112046
OUT_18807,798.6683071442119
OUT_18808,577.7603854359944
OUT_18809,832.1537364850979
OUT_18810,770.8301094789114
OUT_18811,991.8014509316736
OUT_18812,536.0401977327476
OUT_18813,654.550315453924
OUT_18814,2955.107548344706
OUT_18815,15649.725999998309
OUT_18816,821.7915778651264
OUT_18817,516.4319098832528
OUT_18818,606.5394702526721
OUT_18819,19321.864222329637
OUT_18820,709.3035613953311
OUT_18821,3281.420709974269
OUT_18822,804.4763986977996
OUT_18823,4048.444509144714
OUT_18824,1082.0120551969762
OUT_18825,17233.13586968949
OUT_18826,3484.8655975011325
OUT_18827,50477.13479152273
OUT_18828,515.9730247505745
OUT_18829,2444.999284155039
OUT_18830,895.0691349540573
OUT_18831,1336.0187813780394
OUT_18832,4139.999384870974
OUT_18833,3830.088210064722
OUT_18834,831.2205729988023
OUT_18835,18707.903102132645
OUT_18836,861.7773005222945
OUT_18837,823.2408450164439
OUT_18838,17641.146816535285
OUT_18839,864.7138609227774
OUT_18840,3087.696803330105
OUT_18841,727.7677212188621
OUT_18842,680.0805181814619
OUT_18843,2627.403684565347
OUT_18844,49279.8772927374
OUT_18845,668.1600781060541
OUT_18846,994.6599348489613
OUT_18847,400.579048238843
OUT_18848,3785.586327232888
OUT_18849,898.6427951570821
OUT_18850,48281.585050186
OUT_18851,634.3390658855706
OUT_18852,16641.533152343338
OUT_18853,3585.5793237013736
OUT_18854,640.471612978954
OUT_18855,18414.753123298706
OUT_18856,1074.809121485885
OUT_18857,540.8332086551671
OUT_18858,20676.119459945152
OUT_18859,975.4666261966044
OUT_18860,3711.213272517659
OUT_18861,992.3358080614928
OUT_18862,4091.906188077968
OUT_18863,17537.49653392006
OUT_18864,3111.147422684989
OUT_18865,860.4460989352838
OUT_18866,12648.539863714484
OUT_18867,3648.1660146698696
OUT_18868,504.28240092926177
OUT_18869,625.9137313686705
OUT_18870,3201.7925998141704
OUT_18871,803.2236147248709
OUT_18872,2717.811037715845
OUT_18873,4058.016626964927
OUT_18874,15057.547039690686
OUT_18875,900.6389660388024
OUT_18876,3582.0852720850494
OUT_18877,50404.87089356994
OUT_18878,784.4235393341248
OUT_18879,609.2787398197554
OUT_18880,866.5780084313119
OUT_18881,298.22181530098294
OUT_18882,3612.257491063559
OUT_18883,3562.712485876769
OUT_18884,4690.235065865403
OUT_18885,18548.656892048584
OUT_18886,684.8797188851884
OUT_18887,618.5689335977894
OUT_18888,3343.0405702344606
OUT_18889,651.7085274111126
OUT_18890,4546.144492261734
OUT_18891,474.8749156890977
OUT_18892,4530.712786402946
OUT_18893,847.3358568358229
OUT_18894,3327.0288241402127
OUT_18895,906.2211165970928
OUT_18896,19636.668813478736
OUT_18897,3356.608781562987
OUT_18898,1266.0498632867311
OUT_18899,392.5591251325536
OUT_18900,2842.915111848856
OUT_18901,909.7593226666268
OUT_18902,3737.693087880223
OUT_18903,15557.531913532965
OUT_18904,4361.91696133074
OUT_18905,4279.693915054264
OUT_18906,592.1988754889342
OUT_18907,569.0713702311473
OUT_18908,788.475831060883
OUT_18909,17668.211408759755
OUT_18910,3516.840806265996
OUT_18911,18714.30703977181
OUT_18912,14156.16900387939
OUT_18913,18210.678950940302
OUT_18914,3596.3977480129843
OUT_18915,4187.009315491248
OUT_18916,672.7327501857834
OUT_18917,539.6239591342882
OUT_18918,1005.3266589874236
OUT_18919,15046.812382030535
OUT_18920,607.3671550405599
OUT_18921,4399.766775746035
OUT_18922,3120.486696951232
OUT_18923,291.63814139149315
OUT_18924,3991.92174120314
OUT_18925,3543.427780217231
OUT_18926,813.1184048456014
OUT_18927,1280.4670220573423
OUT_18928,1016.637528650238
OUT_18929,3134.5480032438013
OUT_18930,16092.17274226292
OUT_18931,772.8369336592021
OUT_18932,654.0070419157644
OUT_18933,3195.0165708246277
OUT_18934,46074.14557955869
OUT_18935,580.2094322173098
OUT_18936,609.3429354532892
OUT_18937,457.8237731422002
OUT_18938,2519.9763321996106
OUT_18939,16711.303556021685
OUT_18940,575.4000181896864
OUT_18941,19584.96291965584
OUT_18942,3660.131589963041
OUT_18943,865.575194935898
OUT_18944,2229.4156995425656
OUT_18945,3959.6745718932025
OUT_18946,671.6358003116483
OUT_18947,802.003682175002
OUT_18948,4240.046507006972
OUT_18949,866.897214593547
OUT_18950,17354.562252865107
OUT_18951,3832.921548833177
OUT_18952,3387.516501895239
OUT_18953,1061.7825382067806
OUT_18954,978.0749888454332
OUT_18955,623.3131192330097
OUT_18956,18900.597299028075
OUT_18957,930.5991554004728
OUT_18958,18848.246668223444
OUT_18959,684.690163177875
OUT_18960,839.8525272599195
OUT_18961,692.66734278685
OUT_18962,3951.076629119448
OUT_18963,747.3435284686099
OUT_18964,690.3145012082509
OUT_18965,2820.2021984349235
OUT_18966,2693.6608316598745
OUT_18967,831.8943770855964
OUT_18968,4080.8834205510666
OUT_18969,640.1810297329137
OUT_18970,3862.018415269448
OUT_18971,652.7093931847323
OUT_18972,2593.307818703126
OUT_18973,3111.4063892868817
OUT_18974,742.8445915241894
OUT_18975,3885.686486274593
OUT_18976,643.4351461848736
OUT_18977,783.3290728603131
OUT_18978,593.9853348653934
OUT_18979,3914.690708160615
OUT_18980,645.1965364115164
OUT_18981,962.3762803987096
OUT_18982,19815.33363615063
OUT_18983,17794.830855359825
OUT_18984,759.6769917573886
OUT_18985,50525.75494188935
OUT_18986,18942.18920122592
OUT_18987,787.9070754206489
OUT_18988,3521.631629456864
OUT_18989,727.7929878317174
OUT_18990,574.2857066311631
OUT_18991,803.4173883909326
OUT_18992,17547.239310765814
OUT_18993,845.817031730826
OUT_18994,4342.576807316481
OUT_18995,55514.67750471096
OUT_18996,3336.013476451158
OUT_18997,1119.7761686252877
OUT_18998,19317.52113675712
OUT_18999,661.0940668377361
OUT_19000,1095.4833972581482
OUT_19001,380.61228688383
OUT_19002,3686.478132984211
OUT_19003,836.4311887790968
OUT_19004,17691.638757348268
OUT_19005,1022.5955186197992
OUT_19006,3848.113236144415
OUT_19007,1045.0866628601882
OUT_19008,521.1774510092769
OUT_19009,745.9583735411647
OUT_19010,365.1082872693193
OUT_19011,639.4594307637185
OUT_19012,49173.55375376807
OUT_19013,3975.204436961429
OUT_19014,676.8341345545795
OUT_19015,1009.2453884161348
OUT_19016,481.87627737590327
OUT_19017,1181.6721695945416
OUT_19018,18433.84056187632
OUT_19019,693.0132448867856
OUT_19020,453.166958915101
OUT_19021,436.7880536085444
OUT_19022,908.1513403008116
OUT_19023,4170.741679053863
OUT_19024,47507.51386883079
OUT_19025,19869.49814114921
OUT_19026,4657.840692944048
OUT_19027,3289.6780846137817
OUT_19028,18310.41741019365
OUT_19029,3191.8244851062864
OUT_19030,48917.44719395672
OUT_19031,761.551589441656
OUT_19032,1002.3446279754016
OUT_19033,3252.935570439349
OUT_19034,3213.254692199901
OUT_19035,571.1953337263876
OUT_19036,1061.6106596397706
OUT_19037,733.150767780448
OUT_19038,20308.752785139623
OUT_19039,50053.05843255965
OUT_19040,51041.48532441622
OUT_19041,3109.174350311635
OUT_19042,3838.405926247785
OUT_19043,18076.39779752208
OUT_19044,2673.278933657271
OUT_19045,18490.693256771083
OUT_19046,4083.7053941931695
OUT_19047,1007.5491326864862
OUT_19048,691.4065118307768
OUT_19049,17147.348305134867
OUT_19050,3092.381640914476
OUT_19051,14802.17905684656
OUT_19052,3165.0276761899345
OUT_19053,883.8803904775974
OUT_19054,3868.185993147465
OUT_19055,622.7420950089346
OUT_19056,654.1022375922066
OUT_19057,945.5062848823328
OUT_19058,3855.1136337519806
OUT_19059,899.5603029925499
OUT_19060,2744.28555207493
OUT_19061,4099.446899702121
OUT_19062,3718.456704451626
OUT_19063,4092.498446375537
OUT_19064,3554.6958208365986
OUT_19065,918.9800836237132
OUT_19066,926.0249370791788
OUT_19067,868.1365327754095
OUT_19068,48568.98504983143
OUT_19069,3947.882345893874
OUT_19070,824.3204787185933
OUT_19071,908.4811474218084
OUT_19072,3373.835202039984
OUT_19073,2774.5567489706127
OUT_19074,748.2180656653552
OUT_19075,18862.814564046857
OUT_19076,3009.1306595925284
OUT_19077,1018.1468710057156
OUT_19078,827.9215442123649
OUT_19079,914.5495575481732
OUT_19080,783.5694432016676
OUT_19081,986.531209281741
OUT_19082,929.9393868869448
OUT_19083,885.0586301077788
OUT_19084,563.1149757690342
OUT_19085,3136.704694407035
OUT_19086,433.78850370891615
OUT_19087,664.9225552552067
OUT_19088,858.6755259176507
OUT_19089,3212.618172559477
OUT_19090,2822.602349921921
OUT_19091,46984.17672340988
OUT_19092,15673.80657624225
OUT_19093,881.402633672427
OUT_19094,16780.08454596659
OUT_19095,820.7535095669537
OUT_19096,684.6550731346358
OUT_19097,917.998387425736
OUT_19098,593.609570962089
OUT_19099,716.4005052762595
OUT_19100,3362.1576028253594
OUT_19101,833.833866814872
OUT_19102,648.3992411180672
OUT_19103,3656.663485828684
OUT_19104,3521.35074585137
OUT_19105,2575.4360697065845
OUT_19106,766.1903834260333
OUT_19107,893.686776928265
OUT_19108,541.5902764188415
OUT_19109,506.0130444914542
OUT_19110,3147.3987723483656
OUT_19111,672.8969284884007
OUT_19112,912.9535079101728
OUT_19113,903.229354422974
OUT_19114,3560.5314075514466
OUT_19115,16881.812771385838
OUT_19116,3354.953748203092
OUT_19117,766.1696602341641
OUT_19118,641.753258678995
OUT_19119,3270.309616861404
OUT_19120,3324.9673793497145
OUT_19121,50594.93694817697
OUT_19122,3612.565554741827
OUT_19123,669.4053589457783
OUT_19124,680.9991805482641
OUT_19125,14636.16637623505
OUT_19126,48724.64122947274
OUT_19127,1008.8842315896842
OUT_19128,714.944073341338
OUT_19129,3909.171584821126
OUT_19130,3291.618138288897
OUT_19131,3780.653771260246
OUT_19132,3864.701714712583
OUT_19133,15135.011388487415
OUT_19134,3998.446291689864
OUT_19135,4049.5267540386417
OUT_19136,841.4826582694882
OUT_19137,4034.220002763203
OUT_19138,948.5742025136484
OUT_19139,3663.402461940676
OUT_19140,1109.8371052655289
OUT_19141,1024.9361826967538
OUT_19142,16890.553338573074
OUT_19143,1046.7686510899566
OUT_19144,940.199923094725
OUT_19145,903.7121215793784
OUT_19146,3878.266310411284
OUT_19147,882.1046900450169
OUT_19148,771.6196032011846
OUT_19149,416.2773922229554
OUT_19150,767.2161507935567
OUT_19151,52071.86956988546
OUT_19152,3439.1437853360685
OUT_19153,2599.1243476541986
OUT_19154,20632.72876351534
OUT_19155,900.8077588014056
OUT_19156,1115.7479290141896
OUT_19157,487.7661496002808
OUT_19158,1064.7211143610568
OUT_19159,18590.003691040973
OUT_19160,4577.745493121963
OUT_19161,3250.162734963415
OUT_19162,472.6938938179762
OUT_19163,3071.116712991066
OUT_19164,3000.910909946094
OUT_19165,1106.5331834484662
OUT_19166,892.2453558520841
OUT_19167,3609.947242927624
OUT_19168,483.3331280764361
OUT_19169,4096.3425337960425
OUT_19170,989.3901101030584
OUT_19171,675.7312489570115
OUT_19172,840.4596454850252
OUT_19173,868.0507676544049
OUT_19174,989.9494270816508
OUT_19175,912.9803090487889
OUT_19176,3472.9627108086984
OUT_19177,18825.22623409949
OUT_19178,810.7916833528967
OUT_19179,719.7263877165536
OUT_19180,740.802253710325
OUT_19181,659.9913167641981
OUT_19182,3049.651481832412
OUT_19183,696.5191573867841
OUT_19184,661.0810662706496
OUT_19185,3672.4904852943714
OUT_19186,19247.13580988544
OUT_19187,51533.24370832424
OUT_19188,783.0982465186853
OUT_19189,910.5867055526402
OUT_19190,3092.6561814397446
OUT_19191,523.4969737040401
OUT_19192,624.8291573025281
OUT_19193,818.4401226065318
OUT_19194,3654.304705367632
OUT_19195,3426.4397107813616
OUT_19196,3706.280929611436
OUT_19197,948.999625090887
OUT_19198,672.5812337075131
OUT_19199,776.5783624433598
OUT_19200,615.4955608417725
OUT_19201,43824.559148663866
OUT_19202,1062.8199417943645
OUT_19203,414.5424891018058
OUT_19204,16655.60232843919
OUT_19205,876.3429191073991
OUT_19206,3321.639481043259
OUT_19207,2903.405141665141
OUT_19208,3366.972945651373
OUT_19209,3079.4987311793566
OUT_19210,2814.3428176849134
OUT_19211,16450.86191464565
OUT_19212,812.1090003918057
OUT_19213,580.9294257555777
OUT_19214,17980.604077293425
OUT_19215,806.5363235796316
OUT_19216,3883.4657872679545
OUT_19217,3902.991865336199
OUT_19218,586.754327385769
OUT_19219,713.5715548037972
OUT_19220,713.6153433289935
OUT_19221,593.7466405754459
OUT_19222,924.9239518128592
OUT_19223,717.0049025029992
OUT_19224,400.0993188717727
OUT_19225,4387.769624369693
OUT_19226,1018.3574060767528
OUT_19227,2987.5983864339
OUT_19228,848.0644493708604
OUT_19229,2978.079588953249
OUT_19230,18350.903185285213
OUT_19231,663.7417727508823
OUT_19232,3156.022719441805
OUT_19233,2661.481852991384
OUT_19234,854.9952520932102
OUT_19235,19322.59859275064
OUT_19236,3728.68820742613
OUT_19237,835.517404130074
OUT_19238,631.0239913407959
OUT_19239,772.2091451599659
OUT_19240,3720.6408223036833
OUT_19241,918.9889575569556
OUT_19242,674.2698016105292
OUT_19243,3322.019890578063
OUT_19244,4582.066004999444
OUT_19245,825.1017972104081
OUT_19246,3268.1580157389158
OUT_19247,1128.7052244292138
OUT_19248,4649.63882859826
OUT_19249,3556.07719504805
OUT_19250,979.509918620267
OUT_19251,798.93591989397
OUT_19252,15771.555507414498
OUT_19253,2864.556793256035
OUT_19254,399.7305996326665
OUT_19255,2927.2983574108853
OUT_19256,561.0309774595981
OUT_19257,3185.39481458497
OUT_19258,49554.06753740881
OUT_19259,447.3841766729196
OUT_19260,806.5805559656967
OUT_19261,2837.334801031083
OUT_19262,802.8160949024559
OUT_19263,4087.383068076757
OUT_19264,411.0761876926456
OUT_19265,3672.062558488256
OUT_19266,3223.5738953846467
OUT_19267,518.9039188158828
OUT_19268,2637.005865527288
OUT_19269,685.896837243839
OUT_19270,855.8412494593881
OUT_19271,4360.215889653847
OUT_19272,728.3402806386088
OUT_19273,19749.70339071596
OUT_19274,1035.0927682040592
OUT_19275,49708.44285666626
OUT_19276,735.1165691539333
OUT_19277,920.9113493884564
OUT_19278,18752.478795402712
OUT_19279,690.2570176078073
OUT_19280,817.824522784051
OUT_19281,1037.1358723165697
OUT_19282,19785.17887130421
OUT_19283,3073.010432524449
OUT_19284,16197.501542718745
OUT_19285,3521.092396518798
OUT_19286,668.479228617669
OUT_19287,973.2861740808556
OUT_19288,561.0981868580614
OUT_19289,3000.103887436688
OUT_19290,972.1229165835372
OUT_19291,19049.38817152829
OUT_19292,644.3366657176869
OUT_19293,662.4038842952747
OUT_19294,3462.718779680109
OUT_19295,4193.108794321092
OUT_19296,3901.380727661569
OUT_19297,608.6413644033281
OUT_19298,18406.70359852865
OUT_19299,821.7536984630119
OUT_19300,17850.174968276537
OUT_19301,718.0439944846943
OUT_19302,891.4384142486128
OUT_19303,49199.33893015984
OUT_19304,988.6590530148894
OUT_19305,611.8759150073557
OUT_19306,1063.903126003451
OUT_19307,47403.46143960991
OUT_19308,14873.189007722956
OUT_19309,566.2614110614675
OUT_19310,50829.8705712604
OUT_19311,48489.4573762516
OUT_19312,48313.052291800384
OUT_19313,873.8362400796112
OUT_19314,858.2240580657243
OUT_19315,802.5168361316827
OUT_19316,3677.30385028522
OUT_19317,663.2089979318315
OUT_19318,18949.85586023105
OUT_19319,3499.177050145836
OUT_19320,18119.93662738813
OUT_19321,716.0646965649371
OUT_19322,768.5693068951081
OUT_19323,17666.637613331164
OUT_19324,3537.660830060251
OUT_19325,17075.993718036614
OUT_19326,911.183709955388
OUT_19327,835.6147688162496
OUT_19328,638.1422647580562
OUT_19329,888.4661215737932
OUT_19330,689.4757591089917
OUT_19331,3497.556126224427
OUT_19332,16968.96827260485
OUT_19333,18629.952922985216
OUT_19334,870.8206243764926
OUT_19335,867.7753745367304
OUT_19336,803.4423257968185
OUT_19337,433.7069009760193
OUT_19338,817.7230791189218
OUT_19339,14369.196740375686
OUT_19340,506.5745325207534
OUT_19341,17259.42494646006
OUT_19342,16920.293321480243
OUT_19343,551.3611156735321
OUT_19344,19549.03192216566
OUT_19345,4010.353852697645
OUT_19346,567.3311609298473
OUT_19347,929.6530937475864
OUT_19348,50252.60548361746
OUT_19349,4256.293637994784
OUT_19350,15594.171506653807
OUT_19351,497.57627260944696
OUT_19352,490.1426120237999
OUT_19353,3356.159937181186
OUT_19354,792.1790556346843
OUT_19355,15605.291870908171
OUT_19356,18007.250859615648
OUT_19357,17620.01809914935
OUT_19358,3926.459384371416
OUT_19359,879.5461681832982
OUT_19360,15931.067523406427
OUT_19361,728.5180893859775
OUT_19362,3650.238605833057
OUT_19363,4561.84106960365
OUT_19364,804.3837754150501
OUT_19365,48964.82241741871
OUT_19366,45173.27219399564
OUT_19367,3508.1623517836856
OUT_19368,19429.70471325541
OUT_19369,689.7116156575686
OUT_19370,861.0812597134995
OUT_19371,599.1999086836466
OUT_19372,3866.999413553312
OUT_19373,681.4308455103479
OUT_19374,776.067118906602
OUT_19375,454.81183490380846
OUT_19376,758.604150727513
OUT_19377,833.2570179768071
OUT_19378,604.85513765086
OUT_19379,1306.176387128446
OUT_19380,638.7764821486403
OUT_19381,3346.3570804922474
OUT_19382,17511.067082106816
OUT_19383,3055.850190639263
OUT_19384,913.906045098032
OUT_19385,681.5331208514688
OUT_19386,697.7621301846631
OUT_19387,718.7244745660392
OUT_19388,3456.0220733402607
OUT_19389,881.015433742681
OUT_19390,655.7891046023085
OUT_19391,873.2313342183118
OUT_19392,705.721705002105
OUT_19393,4105.10432403657
OUT_19394,3922.765295493283
OUT_19395,1084.214966368842
OUT_19396,944.0011874336684
OUT_19397,18232.17032248362
OUT_19398,1262.3232445763567
OUT_19399,999.4604982203608
OUT_19400,780.4127809481827
OUT_19401,15992.80871753024
OUT_19402,844.4430911758692
OUT_19403,3082.60368448587
OUT_19404,793.479117877171
OUT_19405,16365.110435498922
OUT_19406,926.9896922606677
OUT_19407,18800.42046480946
OUT_19408,445.1671562416395
OUT_19409,3469.343445918331
OUT_19410,711.5636168624585
OUT_19411,534.253024054732
OUT_19412,565.5511324799171
OUT_19413,877.023516426726
OUT_19414,853.358833954687
OUT_19415,2564.357844347838
OUT_19416,18500.19021849389
OUT_19417,17337.000560648667
OUT_19418,3629.2886487283145
OUT_19419,699.6552915645287
OUT_19420,4292.197019977257
OUT_19421,743.8240940631764
OUT_19422,787.3823584927419
OUT_19423,3598.1290912455515
OUT_19424,1053.6830431868982
OUT_19425,3085.929532021781
OUT_19426,861.7244308513689
OUT_19427,733.711039911567
OUT_19428,635.2211680961226
OUT_19429,321.2666172215487
OUT_19430,782.1820064927844
OUT_19431,4317.890253182239
OUT_19432,790.3385445175484
OUT_19433,786.8736706081431
OUT_19434,49596.57021424935
OUT_19435,713.6417529592626
OUT_19436,3353.674567840627
OUT_19437,3824.896374596864
OUT_19438,700.7735998082151
OUT_19439,581.8822832921999
OUT_19440,3549.160492442033
OUT_19441,781.5953639636954
OUT_19442,442.3685695494845
OUT_19443,3489.1184785745963
OUT_19444,950.3575174810308
OUT_19445,3267.7829249220017
OUT_19446,811.6689011059844
OUT_19447,852.6926801421653
OUT_19448,841.9630019156479
OUT_19449,18696.976223806647
OUT_19450,536.8471361122531
OUT_19451,3620.9671249960393
OUT_19452,3803.3922542499513
OUT_19453,601.7915300271472
OUT_19454,888.7023774942521
OUT_19455,766.2800048041255
OUT_19456,623.7531864485801
OUT_19457,730.8353661534583
OUT_19458,3050.2475679040454
OUT_19459,3148.637783353939
OUT_19460,2439.7750484678186
OUT_19461,425.40872915440906
OUT_19462,18292.48863262268
OUT_19463,18800.773683156152
OUT_19464,656.4925302656354
OUT_19465,1102.8456310170448
OUT_19466,694.814656431001
OUT_19467,3302.9057447965083
OUT_19468,821.0032900069239
OUT_19469,636.7255860150559
OUT_19470,840.2827415465013
OUT_19471,3864.66243363482
OUT_19472,3324.5328177939296
OUT_19473,18601.82895797666
OUT_19474,710.7333635114439
OUT_19475,399.0163427100848
OUT_19476,4140.12562620007
OUT_19477,810.3369287908387
OUT_19478,5045.6719749732365
OUT_19479,676.2519805487257
OUT_19480,749.1641825639683
OUT_19481,3416.520528900376
OUT_19482,3746.589991505861
OUT_19483,584.6042715097126
OUT_19484,818.0796644986899
OUT_19485,686.0434605424093
OUT_19486,425.4107420752037
OUT_19487,3437.0574574770912
OUT_19488,830.2375706152051
OUT_19489,968.0043302750852
OUT_19490,685.9913476425182
OUT_19491,963.4788616678926
OUT_19492,2815.342790051786
OUT_19493,20448.426870210995
OUT_19494,501.85638019775
OUT_19495,17046.3747078932
OUT_19496,352.3420491545816
OUT_19497,1071.0715175203604
OUT_19498,627.8555221314025
OUT_19499,620.9187023719825
OUT_19500,1296.6049272770765
OUT_19501,842.4033471776723
OUT_19502,17326.18930686626
OUT_19503,796.0570795506616
OUT_19504,685.0520109766204
OUT_19505,923.5247555212264
OUT_19506,2176.038415556892
OUT_19507,512.6944400367694
OUT_19508,723.311980889895
OUT_19509,3542.164041547706
OUT_19510,883.7118907262945
OUT_19511,4470.943643457704
OUT_19512,2639.460240139486
OUT_19513,3849.7563565676583
OUT_19514,17434.258221379816
OUT_19515,691.5032840530333
OUT_19516,1140.006967013531
OUT_19517,676.8814250562929
OUT_19518,1110.9943757213362
OUT_19519,18549.64205452379
OUT_19520,731.4887390345162
OUT_19521,18689.101545752907
OUT_19522,574.1381127992016
OUT_19523,468.5565159746695
OUT_19524,1179.1134126287416
OUT_19525,673.1768767397207
OUT_19526,848.9468594666057
OUT_19527,815.9940572487686
OUT_19528,621.7523615054429
OUT_19529,778.3250510745631
OUT_19530,790.7392617956306
OUT_19531,2788.5673613468016
OUT_19532,552.5642209759309
OUT_19533,773.9786832980639
OUT_19534,659.5133970452875
OUT_19535,19843.460617119217
OUT_19536,711.4327518096709
OUT_19537,16127.436588432323
OUT_19538,2783.682731499619
OUT_19539,4417.472809854514
OUT_19540,3647.400899113608
OUT_19541,2766.556017786653
OUT_19542,708.6237210454141
OUT_19543,1103.3061093153117
OUT_19544,15214.509580870012
OUT_19545,1053.364546193244
OUT_19546,4376.222007609499
OUT_19547,3238.265241280191
OUT_19548,51762.02814762901
OUT_19549,3926.116296610788
OUT_19550,4091.373696326275
OUT_19551,4375.855912380304
OUT_19552,17122.839583179277
OUT_19553,840.8947790409463
OUT_19554,20261.75887550856
OUT_19555,1210.5871404797217
OUT_19556,18810.83647787913
OUT_19557,794.1952068121394
OUT_19558,939.03190204437
OUT_19559,684.079468358688
OUT_19560,17443.570709339794
OUT_19561,2621.0089387510734
OUT_19562,3407.34869064556
OUT_19563,822.3003371991738
OUT_19564,868.8849077265709
OUT_19565,4132.1638329221405
OUT_19566,786.9536261405865
OUT_19567,756.567591052105
OUT_19568,3314.160378504951
OUT_19569,754.5497195962629
OUT_19570,18775.786774193057
OUT_19571,4549.679853151288
OUT_19572,2500.38096174863
OUT_19573,535.7686934231057
OUT_19574,50328.662934683554
OUT_19575,707.1681010715147
OUT_19576,4292.958071688136
OUT_19577,2050.576559773444
OUT_19578,701.547501556637
OUT_19579,790.6588139916618
OUT_19580,348.85653413443856
OUT_19581,829.0183224826767
OUT_19582,1055.4017360307084
OUT_19583,3404.15354051681
OUT_19584,3794.420859088906
OUT_19585,3529.666634410401
OUT_19586,734.5855753718911
OUT_19587,17668.397147896092
OUT_19588,50962.56519275701
OUT_19589,3809.7964547891934
OUT_19590,3036.5040183387828
OUT_19591,692.0097063143824
OUT_19592,2916.965682579438
OUT_19593,2218.690227836598
OUT_19594,3698.420249419649
OUT_19595,51659.96312831633
OUT_19596,496.7923781472631
OUT_19597,4320.351125868314
OUT_19598,542.4712688137877
OUT_19599,16504.771955673325
OUT_19600,3624.675650275653
OUT_19601,821.0725679263576
OUT_19602,16510.435039061278
OUT_19603,670.3392945331362
OUT_19604,797.3584229219839
OUT_19605,15612.002032074775
OUT_19606,486.2217777129149
OUT_19607,680.973349896258
OUT_19608,942.245078843382
OUT_19609,1103.638024491068
OUT_19610,833.1474236802807
OUT_19611,3453.909021733248
OUT_19612,666.4414029715657
OUT_19613,18447.70023804645
OUT_19614,19498.425944410552
OUT_19615,16727.076812239364
OUT_19616,844.7910264580584
OUT_19617,3601.1471377319576
OUT_19618,447.417958679536
OUT_19619,589.5389396020157
OUT_19620,948.4475246566182
OUT_19621,438.82224448415417
OUT_19622,608.8980315510563
OUT_19623,3896.747784535704
OUT_19624,739.2039379287793
OUT_19625,14802.025172308096
OUT_19626,716.0668824966025
OUT_19627,3699.745064729339
OUT_19628,18631.47391627355
OUT_19629,3982.255729181477
OUT_19630,564.6498577670812
OUT_19631,694.0089210761005
OUT_19632,3610.7734576952
OUT_19633,2978.614568855427
OUT_19634,48557.24025973969
OUT_19635,848.1465497523654
OUT_19636,15765.30742674449
OUT_19637,46789.33361841394
OUT_19638,564.722899279551
OUT_19639,751.6252845982318
OUT_19640,479.7843870867592
OUT_19641,16352.747459393737
OUT_19642,4536.976638511014
OUT_19643,3886.4719983977584
OUT_19644,15628.46184144718
OUT_19645,605.3610794019262
OUT_19646,44333.66813313459
OUT_19647,677.5791211168513
OUT_19648,46048.41760690216
OUT_19649,543.2412812295881
OUT_19650,871.2940762982672
OUT_19651,665.7444749283038
OUT_19652,17952.700937539656
OUT_19653,4708.204957829367
OUT_19654,3134.493394280594
OUT_19655,498.7026854615954
OUT_19656,3543.6415007643645
OUT_19657,2941.065958216616
OUT_19658,781.2584458883725
OUT_19659,1107.2603062338212
OUT_19660,17371.7307957588
OUT_19661,18574.545908766788
OUT_19662,543.896190561125
OUT_19663,1106.0311429170351
OUT_19664,678.1882767104797
OUT_19665,3259.8112256851928
OUT_19666,17095.495818732445
OUT_19667,809.0223230900774
OUT_19668,3858.171870979426
OUT_19669,2877.976354317945
OUT_19670,2911.474387314068
OUT_19671,2700.6909498306973
OUT_19672,19536.450428570624
OUT_19673,705.4006797890677
OUT_19674,4544.2875891244485
OUT_19675,4149.082989996963
OUT_19676,3596.796871529311
OUT_19677,3480.06443018884
OUT_19678,4093.373464063375
OUT_19679,911.8665247972888
OUT_19680,3329.195196208077
OUT_19681,4388.693622299715
OUT_19682,558.926551391689
OUT_19683,546.6510655508151
OUT_19684,3296.086295164172
OUT_19685,775.2163203541695
OUT_19686,660.239557905481
OUT_19687,3220.2922451952645
OUT_19688,446.58924037640094
OUT_19689,841.6690212937192
OUT_19690,722.879568407577
OUT_19691,15223.886230467582
OUT_19692,753.9126047547439
OUT_19693,1075.3600184246066
OUT_19694,505.959736190159
OUT_19695,3355.397760618299
OUT_19696,18176.61850983401
OUT_19697,3429.9303192842126
OUT_19698,734.7966220359284
OUT_19699,694.0247936928655
OUT_19700,1265.390926249668
OUT_19701,795.8152599054172
OUT_19702,525.5065422729097
OUT_19703,18720.16709406262
OUT_19704,4300.136692961814
OUT_19705,1135.0232993385891
OUT_19706,777.594005355443
OUT_19707,848.3475191398463
OUT_19708,2731.81231418734
OUT_19709,16500.942749150854
OUT_19710,1190.859001276655
OUT_19711,764.4539860072682
OUT_19712,568.1991231852426
OUT_19713,719.8413104240266
OUT_19714,801.4571248181257
OUT_19715,2735.2499929698297
OUT_19716,3147.175720800409
OUT_19717,1133.8468220368648
OUT_19718,621.6360517161767
OUT_19719,915.691262200326
OUT_19720,798.1409583044273
OUT_19721,849.9387222612269
OUT_19722,683.1150117909069
OUT_19723,582.1734553022679
OUT_19724,647.9934565690791
OUT_19725,3265.40086359528
OUT_19726,880.3164839289216
OUT_19727,880.4436168177994
OUT_19728,16550.497663133636
OUT_19729,18271.802083434926
OUT_19730,18591.729308133905
OUT_19731,926.447399625986
OUT_19732,710.3394262050856
OUT_19733,718.0705412066407
OUT_19734,3834.4184931945097
OUT_19735,807.6446296127896
OUT_19736,801.5513513013353
OUT_19737,529.7766132903033
OUT_19738,3756.715115057297
OUT_19739,768.4467958718669
OUT_19740,776.1408120394066
OUT_19741,441.5901611550449
OUT_19742,4114.5713836414325
OUT_19743,19467.921032485712
OUT_19744,17055.144206453624
OUT_19745,3093.979474583596
OUT_19746,500.19582178812703
OUT_19747,787.4752023581487
OUT_19748,823.6704358685544
OUT_19749,509.71656827717567
OUT_19750,3900.8952599714016
OUT_19751,800.1790167552579
OUT_19752,863.9103768630911
OUT_19753,4971.877314254341
OUT_19754,737.1851455658992
OUT_19755,17241.101646624196
OUT_19756,3961.8691399616346
OUT_19757,19797.237829709247
OUT_19758,4234.501255049942
OUT_19759,860.0071315284849
OUT_19760,502.4819452821144
OUT_19761,2878.788761056972
OUT_19762,658.9731995551064
OUT_19763,365.6500897487109
OUT_19764,430.582906903743
OUT_19765,864.1257734198343
OUT_19766,683.6640922527964
OUT_19767,1229.4709939627894
OUT_19768,1371.529689255075
OUT_19769,49403.30994665079
OUT_19770,1059.6086707066172
OUT_19771,914.3203815996072
OUT_19772,18530.570697537587
OUT_19773,513.8020033164564
OUT_19774,18757.966548577868
OUT_19775,834.6505047782093
OUT_19776,2125.711369360901
OUT_19777,3310.3501363882224
OUT_19778,710.8555947015144
OUT_19779,952.1788351498086
OUT_19780,3762.956875987066
OUT_19781,939.1627712222388
OUT_19782,387.8689272620287
OUT_19783,490.7516061296854
OUT_19784,536.6161363628881
OUT_19785,3240.994271015781
OUT_19786,3593.4250048951108
OUT_19787,3417.917340230951
OUT_19788,16267.255221781492
OUT_19789,992.2703225298342
OUT_19790,739.1897913011009
OUT_19791,1326.0510080308825
OUT_19792,1294.903040294418
OUT_19793,772.2237483814515
OUT_19794,2926.770020372017
OUT_19795,842.2885581295426
OUT_19796,635.7698013881788
OUT_19797,793.3200746577442
OUT_19798,1002.6537887789456
OUT_19799,1344.5812391169504
OUT_19800,3793.7971488454095
OUT_19801,3216.151247374451
OUT_19802,48962.77543008688
OUT_19803,20169.563940025237
OUT_19804,3173.4029567801863
OUT_19805,17377.84600785948
OUT_19806,17485.084226749157
OUT_19807,683.997475908678
OUT_19808,16676.571310393123
OUT_19809,4044.578359836061
OUT_19810,3742.61202155456
OUT_19811,1215.3073408626858
OUT_19812,945.302160080072
OUT_19813,839.8652186491813
OUT_19814,699.9611465296441
OUT_19815,947.0078605229468
OUT_19816,730.385382103867
OUT_19817,18698.29992452381
OUT_19818,411.8135539428732
OUT_19819,656.9627216912909
OUT_19820,732.1439042790523
OUT_19821,3360.0002136747858
OUT_19822,877.3348914957032
OUT_19823,3010.6904182149246
OUT_19824,706.7195724057776
OUT_19825,606.154768709063
OUT_19826,3583.41662504473
OUT_19827,50254.0164218822
OUT_19828,18601.901685351808
OUT_19829,728.249000029275
OUT_19830,3644.145805195519
OUT_19831,3058.8780730213207
OUT_19832,890.8528459640274
OUT_19833,2017.679180080826
OUT_19834,3341.7462954955245
OUT_19835,790.7842867434501
OUT_19836,627.0341145807396
OUT_19837,15819.795007943902
OUT_19838,735.324204545298
OUT_19839,896.9679099867628
OUT_19840,843.9717305331874
OUT_19841,1191.161376401231
OUT_19842,3642.5242402796807
OUT_19843,3586.0343138676503
OUT_19844,1028.1353339938316
OUT_19845,469.5182945082021
OUT_19846,844.8156656385424
OUT_19847,1027.659219144212
OUT_19848,642.4247558437359
OUT_19849,754.0440844698902
OUT_19850,50476.75026803468
OUT_19851,912.0359712848916
OUT_19852,48152.14393140996
OUT_19853,3631.7286005207006
OUT_19854,1155.502277793786
OUT_19855,763.3620144272645
OUT_19856,19106.63304445769
OUT_19857,556.0951302266056
OUT_19858,548.3675409297334
OUT_19859,19564.66385337371
OUT_19860,819.2178060339546
OUT_19861,578.155490879397
OUT_19862,656.6775437272302
OUT_19863,3199.555422154475
OUT_19864,1063.1987489350422
OUT_19865,46426.59243926191
OUT_19866,551.3299833866231
OUT_19867,3746.7193941494497
OUT_19868,755.5325065703533
OUT_19869,817.7514234713846
OUT_19870,610.6231047066708
OUT_19871,4534.027996621958
OUT_19872,633.1899037423761
OUT_19873,988.5543984356664
OUT_19874,3530.0106207263543
OUT_19875,3307.6721469658646
OUT_19876,3461.2389295951207
OUT_19877,2937.402483947037
OUT_19878,3564.0827178805275
OUT_19879,607.2923097249392
OUT_19880,843.9974337282601
OUT_19881,533.5540491474566
OUT_19882,656.9492690776166
OUT_19883,534.7725448594421
OUT_19884,874.5145716188451
OUT_19885,3468.320798029404
OUT_19886,642.2324493198935
OUT_19887,3701.332160235668
OUT_19888,877.2267688887472
OUT_19889,796.774774670665
OUT_19890,843.9184023817559
OUT_19891,462.545787861489
OUT_19892,3449.7882114490494
OUT_19893,2604.127843853265
OUT_19894,19072.99278585027
OUT_19895,939.3877820295352
OUT_19896,19006.04445457671
OUT_19897,511.6677684177013
OUT_19898,15801.135977347756
OUT_19899,3822.6663833000566
OUT_19900,631.3745085182428
OUT_19901,737.3568469533493
OUT_19902,953.3425567999057
OUT_19903,936.2243044288816
OUT_19904,964.99086163472
OUT_19905,755.0044629873925
OUT_19906,1109.6837882194427
OUT_19907,2897.0865004397324
OUT_19908,491.96248978328407
OUT_19909,658.6718280131968
OUT_19910,267.6801164690087
OUT_19911,491.9486830715936
OUT_19912,17737.37481629981
OUT_19913,910.4434116036606
OUT_19914,503.03387881935896
OUT_19915,769.8206205874837
OUT_19916,672.9857498496934
OUT_19917,597.3031714034285
OUT_19918,570.7169356252282
OUT_19919,916.326795206867
OUT_19920,1077.4375615195456
OUT_19921,3865.378905166815
OUT_19922,863.637893083631
OUT_19923,3739.19768664834
OUT_19924,735.2629498791731
OUT_19925,3511.3867056211634
OUT_19926,719.9831261090512
OUT_19927,773.1523153911202
OUT_19928,3984.53526785109
OUT_19929,3374.3824454732853
OUT_19930,663.543077621537
OUT_19931,3943.875569758808
OUT_19932,1110.4993659180968
OUT_19933,744.5551279961917
OUT_19934,16960.04931404641
OUT_19935,19211.13470739041
OUT_19936,563.252736673529
OUT_19937,4461.431330813491
OUT_19938,559.0684075081506
OUT_19939,722.25312439775
OUT_19940,19526.04882673314
OUT_19941,15580.766922231316
OUT_19942,624.6842928014131
OUT_19943,18105.855377369902
OUT_19944,824.2437949080402
OUT_19945,890.2014504242959
OUT_19946,797.4753393996061
OUT_19947,16437.674367443484
OUT_19948,1303.8563566177268
OUT_19949,683.639480712029
OUT_19950,629.6349888107476
OUT_19951,15354.249683738248
OUT_19952,636.1339480290791
OUT_19953,2745.91986156521
OUT_19954,15604.249672837668
OUT_19955,737.0839704907943
OUT_19956,683.2734644119818
OUT_19957,14444.285313878963
OUT_19958,831.5821347064801
OUT_19959,15199.175758188698
OUT_19960,17136.629041257278
OUT_19961,963.761664866338
OUT_19962,4678.870293283757
OUT_19963,608.4679697993464
OUT_19964,3016.913738952404
OUT_19965,4035.641674012005
OUT_19966,600.4304958214998
OUT_19967,533.8787052506843
OUT_19968,709.779091650456
OUT_19969,777.3317673691233
OUT_19970,3959.949295359349
OUT_19971,3792.756028545373
OUT_19972,853.7912527115078
OUT_19973,622.2246695990609
OUT_19974,778.5973654144361
OUT_19975,3505.8594564185296
OUT_19976,862.1710483114741
OUT_19977,46244.22863238095
OUT_19978,17457.961750966453
OUT_19979,3437.6420660892336
OUT_19980,574.177075928985
OUT_19981,844.9843128194861
OUT_19982,914.2483197463916
OUT_19983,607.9319985400717
OUT_19984,3195.280543192708
OUT_19985,16898.78482116695
OUT_19986,4029.893552250263
OUT_19987,829.8452178320288
OUT_19988,857.7141361315762
OUT_19989,630.0076875019806
OUT_19990,836.3569533983439
OUT_19991,17910.458006772547
OUT_19992,3687.653385982328
OUT_19993,3342.436052554557
OUT_19994,3378.8418941595287
OUT_19995,3651.045793063336
OUT_19996,4054.445142912646
OUT_19997,1136.663539050559
OUT_19998,3223.313532854353
OUT_19999,895.6157650616058
OUT_20000,498.3843795951945
