POI_ID,POI_Type,Name,Latitude,Longitude
64638677,School,Sanghamitta College,6.0471249,80.2121695
64638681,School,Mahinda College,6.0494692,80.2151194
77844735,School,Ceylinco Sussex College - Bandarawella,6.8390855,80.97719
91029264,School,Ceylinco Sussex College - Galle,6.0562827,80.2043969
138741738,School,Sacred Heart Convent,6.0365987,80.2110256
138741751,School,Saint Aloysius College,6.0361207,80.2121328
254367496,School,Thakshila Central College,6.7120268,80.0619358
256542591,School,Somaweera Chandrasiri Junior School,6.8033559,79.9230047
257676186,School,Sripalee Vidyalaya,6.707453,80.068539
257676329,School,Thakshila primary,6.7139662,80.0705634
257676382,School,Rajakeeya Vidyalaya,6.7168268,80.0693193
259648485,School,Kingston College International,6.87985,79.8624412
262607762,School,Gateway College,6.9027708,79.9002729
263179681,School,Kingswood College,7.2776601,80.6157935
269067771,School,Muslim Ladies College,6.8816677,79.8614288
310166110,School,Unknown,6.0802882,80.1926041
445281002,School,Athulathmudali Maha vidyalaya,6.5219377,80.1116326
543854412,School,St. Johns College,6.7229739,79.9142091
543871109,School,Panadura Balika Vidyalaya,6.7133598,79.908312
599713336,School,Deepangoda Sri Medhananda Maha Vidyalaya,6.816558,79.9820128
599742328,School,President's College,6.8396183,80.0035762
599742332,School,Niyandagala Kanishta Vidyalaya,6.826409,79.9894893
599762465,School,Vidyadeepa Maha Vidyalaya,6.8295514,79.966435
599762488,School,Deepangoda Primary School,6.812792,79.9829103
599822882,School,"Ananda Vidyalaya,  Kottawa",6.8442343,79.9581677
599822883,School,Dharmapala Vidyalaya Kottawa North,6.8655244,79.9584867
617205465,School,Vidya Wardana,6.8880799,79.9299768
618005039,School,President's College,6.8443786,79.9296221
618005040,School,Vidyakara Balika Vidyalaya,6.8451252,79.9260058
618491025,School,Ananda College,6.9243358,79.8685501
618551719,School,Weluwana Vidyalaya,6.926872,79.8798243
618552113,School,Seewali Vidyalaya,6.9235384,79.8805968
619035512,School,Unknown,6.8729831,79.8885472
619923261,School,Buwanekaba Vidyalaya,6.8488433,79.9249391
620382575,School,Ladies College,6.9078747,79.8579211
620382897,School,Mahanama College,6.9054542,79.8538312
620524466,School,Sri Rahula Balika Maha Vidyalaya,6.9036373,79.9561321
621180350,School,Bollegala Maha Vidyalayaa,6.9443959,79.9481511
621195734,School,Wedamulla Vidyalaya,6.9671653,79.9012554
621199763,School,Lyceum Int. School,6.9874098,79.8871362
621925764,School,Presbyterian Girls School,6.850498,79.8633844
621950381,School,St. Mary's College,6.8600104,79.8657984
621993734,School,Sirimavo Bandaranayake Vidyalaya,6.8950117,79.8636526
625833966,School,Vidyaraja Maha Vidyalaya,6.8813645,79.9597468
633745114,School,Ranpokunagama Maha Vidyalaya,7.1325742,80.1064131
637044384,School,Siddhartha Vidyalaya,6.8676383,79.9160249
642970355,School,Ananda Balika Vidyalaya,6.8851191,79.8972652
643015381,School,Buddhagosha College,6.8654991,79.8715531
644607603,School,S W R D Bandaranayake School,6.9118886,79.8869455
644610676,School,British School,6.9061448,79.8775192
652380047,School,Lyceum International School,6.7257226,79.9049301
652394763,School,German Technical Institute,6.8035952,79.887687
652406107,School,Girls High School,6.8346059,79.8649848
652636947,School,Kalegana Piyatissa Vidyalaya,6.0576123,80.2013754
653114083,School,C.W.W Kannangara Vidyalaya,6.9190008,79.8772536
653114084,School,Rathnawali Balika Maha Vidyalaya,6.9183511,79.8744749
653114087,School,All Saints College,6.9205026,79.8752903
653129368,School,Zahira College,6.9277024,79.8648297
653129370,School,Nalanda College,6.9234421,79.8736809
653453152,School,N I B M,6.9064357,79.8707846
654176450,School,St. Josephs College,6.9481518,79.8747958
660913857,School,Bopitiya Central,7.0753583,79.8590782
660913866,School,Don Bosco Palliyawatta,6.9868082,79.8698714
666872853,School,British Council,6.8997496,79.8564536
666892252,School,St.Thomas Preparatory School,6.9168028,79.8475967
666903861,School,Colombo South International College,6.8664231,79.8802961
667214242,School,St. Paul's college,6.8858698,79.8581249
667276042,School,St. Lawrance Girls School,6.8747942,79.8614195
667775848,School,Wycherley International School,6.9005918,79.8672375
667823900,School,St Mary's Girl School,6.9137171,79.8533097
667823903,School,St. Micheals College,6.9136106,79.8527947
670258817,School,Royal Institute Nugegoda,6.8723063,79.893517
670306322,School,Sri Jayawardanepura Girl School,6.8920362,79.900427
672197375,School,Dharmashoka Primary School,6.8450065,79.9352518
672197378,School,Central College Maharagama,6.8432797,79.9352557
672596265,School,Asian International School,6.884889,79.8729767
672773904,School,Institute of Architects,6.9064618,79.8711849
672773905,School,Institute of Engineers (IESL),6.9068559,79.8720539
672787155,School,Dudley Senanayake College,6.890663,79.8734409
673953421,School,Sumaga Vidyalaya,6.8484516,79.8701386
674889508,School,St. Lawrence Convent,6.8756454,79.8621808
674889511,School,St. Clare's Girl School,6.8765387,79.8616
674889526,School,Lumbini Balika Vidyalaya,6.8764762,79.86423
674943723,School,Mahamaya Balika Vidyalaya,6.862447,79.8953078
675889209,School,St. Margerets convent,6.9145596,79.8531046
678323262,School,St. Anthony's Balika Vidyalaya,6.9079768,79.8553092
678342997,School,St.Mary's Vidyalaya,6.8945644,79.8574567
678372742,School,Wellawatta Vidyalaya,6.8803581,79.8682536
679017350,School,Janadhipathi Balika Vidyalaya,6.8958781,79.8933923
679017352,School,Ananda Vidyalaya Nawala,6.8930981,79.8888111
679023681,School,Ananda Sastralaya kotte,6.882926,79.902713
679045166,School,Sri Subuthi Vidyalaya,6.902909,79.9240445
681217992,School,Sri Rewatha College,6.8681009,79.8974008
681537053,School,Maligawatta Mahavidyalaya,6.9416932,79.8780917
681588250,School,St. Joseph's Pre School,6.9632624,79.8629591
681711557,School,Sangamitta balika Vidyalaya,6.9212156,79.8731312
681782121,School,Aquinas College,6.9176583,79.8743972
681782132,School,Carey College,6.9183324,79.871217
681782141,School,Yasodara Balika vidyalaya,6.9169021,79.872584
681802844,School,Stafford College,6.9231206,79.8669875
681802907,School,Nurses Training Institute,6.8894197,79.8819761
681816262,School,Maligakanda Maha Vidyalaya,6.9266367,79.8729488
681871474,School,Alhijra School,6.9289905,79.8749014
681871529,School,Ananda Balika Viidyalaya Maradana,6.9269456,79.869655
681977644,School,Clifton Balika vidyalaya,6.9272438,79.868389
681977660,School,Vidyadaya Pirivena,6.9273503,79.8694405
682080543,School,Anuruddha Balika Vidyalaya,6.9295763,79.8784098
682601036,School,Hameed Al Hussaini College,6.9408877,79.8598042
682652547,School,Vivekananda College,6.9431455,79.8594823
682652552,School,Wolfendhal Girls School,6.9419846,79.8597076
682652558,School,Kotahena Central College,6.9414628,79.8623362
682652654,School,St. Anne's Convent,6.9442744,79.8580769
682652657,School,St.Marry's College,6.9437845,79.8583558
683783950,School,Holy Family Convent Rajagiriya,6.9112867,79.8948303
683786322,School,Vidyakeerthi Vidyalaya,6.91625,79.8921374
683787576,School,Sri Parakumbha Vidyalaya,6.9143967,79.8903242
683789963,School,ColHenry Olcat Vidyalaya,6.9258036,79.895989
694999104,School,Prince of Wales' College,6.7852223,79.8839469
695007928,School,Unknown,6.7896157,79.8969782
696486176,School,Gamini Vidyalaya,6.9534804,79.8905296
696497073,School,Waragoda Junior school,6.9485708,79.8853368
766428147,School,Sri Lanka Institute of Chartered Accountants,6.901712,79.8711525
843529928,School,Sri Sunandarama Pirivena,7.0908254,79.9931216
847483318,School,J/Ketpely GTMS,9.6486417,80.22601
847630668,School,Sathara Institute,6.8448237,79.9302225
864953531,School,Mahamathya Vidyalaya,6.874376,79.9933818
938711212,School,Carmel Convent,6.9748682,79.8778552
973582530,School,Thalangama Maha Vidyalaya,6.9136763,79.9467156
1137448354,School,Thummodara School,7.3913915,79.8586219
1137449103,School,"Dharmaraja College, Marawila",7.4353939,79.8574683
1148495198,School,J/Chavakachcheri Hindu College,9.6647245,80.1727685
1166136175,School,St. Aloysius College,6.0354036,80.2120989
1237359034,School,D.S. Senanayake Maha Vidyalaya,8.313002,80.401265
1241541909,School,Royal Central College Polonnaruwa,7.9161361,81.0024753
1242795074,School,Orr's Hill Vivekananda School,8.5785122,81.2238599
1242796307,School,T/Sri Sinhala Maha Vidyalaya,8.5755737,81.2258983
1243355209,School,Hindu Primary School,8.5723859,81.233693
1243367611,School,T/Methodist Girl's College,8.5662416,81.2373492
1243371978,School,T/St Mary's College,8.5710277,81.2359032
1243397240,School,Tissa Vidyalaya,8.5582606,81.2370821
1252418793,School,Kothalawalapura Vidyalaya,6.8143086,79.8738873
1252439008,School,Lalith Athulathmudali Vocational Training Centre,6.8143601,79.8774709
1268340433,School,Croos Convent,7.2113057,79.8437409
1268340441,School,Maris Stella College,7.2132854,79.8478501
1268340449,School,Harischandra College,7.2098261,79.8532359
1268347716,School,Wijaratnam Maha Vidyalaya,7.2145497,79.8388343
1268347730,School,St. Sebastian College,7.2178705,79.8402398
1268352837,School,Loyola College,7.2538969,79.8532013
1269983089,School,Kapungoda Secondary School,7.1177283,79.8408707
1269985601,School,Gonzalves College Pamunugama,7.089941,79.8507037
1269994556,School,St. Jude's College Kurana,7.195098,79.8534627
1270003616,School,St. Annes College,7.18679,79.8623391
1270008382,School,Bandaranayake Vidyalaya,7.1368005,79.8751278
1270008385,School,Seeduwa Davi Samara Maha Vidyalaya,7.1315468,79.8779066
1272975443,School,Neelammahara school,6.8286454,79.9201573
1272998531,School,Ananda Samarakoon Vidyalaya,6.8069133,79.908994
1275847253,School,Vidyaraja Vidyalaya,6.7921714,79.894563
1278007306,School,Unknown,6.7821556,79.8809938
1278877445,School,Don Bosco Technical Centre,7.2307001,79.8455604
1278880064,School,St. Franciscan Convent,7.2255007,79.8460378
1278886869,School,St. Fransiscan Convent,7.2060809,79.846306
1285552379,School,Niwandama Jinaraja Vidyalaya,7.0854319,79.9293211
1292891941,School,Batuwatta Maha Vidyalaya,7.0579226,79.9298682
1292892199,School,Ganemulla Central College,7.0695924,79.9533024
1369195823,School,Amal International School,6.8842085,79.8693635
1369195834,School,Ilma International Girls School,6.8864053,79.8735164
1370719535,School,St. Joseph's Deaf School,7.0297387,79.9185234
1370719548,School,Peralanda Junior School,7.0404347,79.9086583
1370722155,School,Bandaranayake Primary School,7.0203044,79.9234694
1376567688,School,Gateway International School,6.8918433,79.8608637
1376569757,School,St Nicholas International School,6.9158241,79.8709059
1378571809,School,Alethea International School,6.8584502,79.8658406
1396259018,School,Siddhartha college,5.9714561,80.4221419
1474113443,School,Kirimetiyana Buddist Girls Collage,7.3584342,79.8846832
1474850891,School,Joseph Vaz College,7.3389142,79.8424963
1477742949,School,Koswatta School,7.373702,79.8983071
1478533467,School,Dankotuwa Girls College,7.2924563,79.8782117
1478538586,School,Sanghabodhi Vidyalaya,7.3066792,79.8854322
1480054171,School,Dhammissara Primary School,7.410472,79.8577915
1480054175,School,Dammissara National School,7.4112541,79.8580517
1497149290,School,Army Pre School,6.0254725,80.2182872
1530607218,School,Louvre Int. School,6.856859,79.946069
1533913616,School,Unknown,6.8465091,79.8677567
1601578258,School,Panampitiya Maha Vidyalaya,7.7796626,80.6601086
1621585112,School,Bentota,6.4204936,80.0036071
1623940130,School,Ave Maria Convent Branch,7.1992536,79.8621987
1623940140,School,Maris Stella College Branch,7.1981119,79.865066
1650128141,School,"St. Thomas' College, Matara.",5.9487113,80.5438335
1650240695,School,A T I,6.7976656,79.8881097
1650280190,School,Unknown,5.9524024,80.5229667
1651231509,School,Buwanekaba Vidyala (Primary),6.8519965,79.9224078
1651231510,School,I E M,6.8483694,79.9244302
1651265545,School,OxFord,6.8654741,79.9115636
1651265548,School,St.Thomas College,6.8800909,79.8997064
1651294568,School,Royal Institute,6.8844234,79.8680072
1651300225,School,Rotary,6.8709411,79.8904519
1654309527,School,Lalith Athulathmudali College,6.8295595,79.8717788
1661966178,School,Louvre Int. School,6.8680634,79.8925781
1667080322,School,Holy Cross College,6.5759015,79.9639225
1667080369,School,Kalutara Vidyalaya,6.574235,79.9643737
1678267488,School,Yashodhara Kanishta Vidyalaya,6.9715062,79.9134322
1684401584,School,D S Senanayake National College,7.3027133,81.6728281
1684508037,School,Kawantissa Vidyalaya,7.2980309,81.6741907
1684508190,School,Sirimavo Bandaranike Balika Vidyalaya,7.3040169,81.6774844
1684508220,School,Tamil Vidyalaya,7.3023621,81.6705107
1684508354,School,Gamini Maha Vidyalaya,7.2866864,81.6757946
1694066040,School,Rotary Int. School,6.8647884,79.9006969
1706420776,School,J/Siruppiddy Saiva Vidya Salai,9.7325203,80.0964232
1712897670,School,Walhaputhenna Primary School,6.763143,80.8697635
1723337557,School,Southlands College,6.027654,80.2160328
1723588916,School,Bishop's College,6.9147139,79.8553433
1727331679,School,Zahira College,7.4771355,80.6268149
1727645694,School,Rattota Blika Vidyalaya,7.5162375,80.6758617
1728628587,School,Hindu College,7.4856667,80.6242399
1728791455,School,V/Vavuniya Tamil Maha Vidyalayam,8.7502763,80.4973099
1728839002,School,V/Nelukkulam Kalaimagal Maha Vidyalayam,8.758407,80.4571491
1730332545,School,J/Vaddukoddai Hindu College,9.7473333,79.9578817
1730332622,School,J/Subramaniya Vidyalayam,9.7435267,79.9493415
1730334147,School,J/Jaffna College,9.7296003,79.9483062
1730335218,School,J/Thirunavukarasu Maha Vidyalayam,9.7476928,79.9534185
1731400280,School,V/Vipulananda College,8.757129,80.4828339
1732697594,School,Maithripala Senanayake Central College,8.5363361,80.4949038
1732819422,School,Mahinda Maha Vidyalaya,8.356147,80.4214113
1733717400,School,Perakumba Maha Vidyalaya,7.2066021,80.2634238
1733767961,School,Babul Hassen Central College,7.2198645,80.2020495
1733768378,School,Senanayake Maha Vidyalaya,7.2625014,80.1616769
1733768618,School,Buddhist Vidyalaya,7.2236217,80.1993351
1736059667,School,Unknown,6.8446268,79.9771002
1744023361,School,President's Central College,6.4136004,81.3384199
1765123556,School,J/Avarangal Mahajana Vidyalayam,9.7618902,80.1171456
1765123557,School,J/Nadaraja Ramalinga Vidyalayam,9.7595319,80.1131534
1765123558,School,J/Puththakalady Sri Vishnu Vidyalayam,9.7528336,80.1170983
1765123559,School,J/Achchuveli Saraswathi Vidyasalai,9.7731298,80.1223198
1788271737,School,Dharmaraja Vidyalaya,6.8439807,80.0436651
1788297004,School,Meegoda Maha Vidyalaya,6.8522951,80.0468501
1792917007,School,Kahaduwa Navodya School,6.2206402,80.212891
1794014674,School,Dharmapala Adarsha Kanishta Vidyalaya,6.8304653,79.9615868
1794115714,School,Janajaya Vidyalaya,6.7671708,79.8858654
1794115780,School,Sri Sunandopananda Maha Vidyalaya,6.741579,79.8947381
1794115792,School,Our Lady of Victories Convent,6.7727642,79.8811018
1794159983,School,Princess Of Wales' College,6.7844301,79.884079
1794160058,School,Moratuwa Maha Vidyalaya,6.7783575,79.8848622
1794213634,School,Telecom Training Centre,6.7680711,79.8956876
1795233920,School,Bauddhaloka College,6.7097845,79.9191355
1795284371,School,Sri Parakrama Maha Vidyalaya,6.7202533,79.9553024
1795321924,School,Sri Sumangala Balika Vidyalaya,6.7020433,79.908058
1795501360,School,Sri Sumangala Vidyalaya,6.7098926,79.9145618
1795501383,School,Sri Seevali Maha Vidyalaya,6.6955594,79.9170487
1795501738,School,Royal College,6.7040466,79.9105417
1796612316,School,Mahawila Primary College,6.7073124,79.9347781
1796737865,School,Olaboduwa Maha Vidyalaya,6.7660438,80.0389533
1796819703,School,Siri Piyarathana College,6.8395546,80.0883829
1796819790,School,Siri Piyarathana Primary College,6.8406039,80.0917839
1796922964,School,Vidyaratanaya,6.7201397,80.0566461
1796923013,School,Govinna Maha Vidyalaya,6.6708856,80.1210575
1798397680,School,Unknown,7.2225532,80.1899116
1809677830,School,Nugawela Balika Vidyalaya,7.3268695,80.5866488
1809677842,School,Nugawela Central College,7.3264785,80.5848839
1812140593,School,MahaMaya Girls School,5.9431248,80.5529672
1812153835,School,Matara Technical College,5.9452323,80.5661138
1812176880,School,Kumbalgama,5.9478586,80.582445
1812231656,School,Yatiyana Primary School,6.0247398,80.6015109
1813426276,School,Leeds Int. School,5.9532969,80.550447
1813587333,School,Godauda Maha Vidyalaya,5.9579388,80.6477093
1813587480,School,Talalla Maha Vidyalaya,5.9488204,80.6278073
1814503074,School,Defence Service College,6.926897,79.8505675
1814540685,School,Zahira National School,6.1266246,81.1249494
1814595036,School,St. Mary's National School,6.1278447,81.1234333
1814595063,School,Hambantota Vidyalaya,6.1269873,81.1206954
1815547061,School,Ediriweera Sarachchandra College - Himbutana,6.9240694,79.9408452
1818503756,School,Theraputta Primary School,6.1173491,81.0223763
1818516463,School,Ambalantota Maha Vidyalaya,6.1212695,81.0086917
1818583218,School,Wijayaba National School,6.1118285,80.9311115
1819753839,School,Dharmapala College,6.8325612,80.9846913
1819753850,School,Albarakka Int. School,6.832219,80.985036
1819855544,School,Maliththa Central College,6.890002,80.9889518
1819855798,School,Ettampitiya Central College,6.938221,80.9900664
1819858023,School,Seewali Vidyalaya,6.8306597,80.9928291
1820038315,School,"St. Thomas College, Guruthalawa",6.8440766,80.9003895
1821277179,School,Dharmapala Central College,6.830697,80.8960496
1822477895,School,Deshastra Balika Vidyalaya,6.6017593,79.9545889
1822512288,School,Ethanamadala Primary College,6.6041515,79.9664809
1822512519,School,Pothupitiya Central College,6.6394488,79.9401318
1822620711,School,Sri Vimalasara Maha Vidyalaya,6.5948904,79.9720608
1822724925,School,St Johns College,6.5830227,79.9624263
1822725254,School,Gnanodaya Vidyalaya,6.5812641,79.9630647
1822753339,School,Welapura Vidyalaya,6.5800118,79.9611979
1822753372,School,Sri Devananda Vidyalaya,6.5735928,79.9664791
1823673232,School,Muslim Central College,6.5702914,79.9669432
1823673255,School,Muslim Balika Maha Vidyalaya,6.5761141,79.9702362
1823709346,School,Dharmapala Vidyalaya,6.5591427,79.9728601
1823709385,School,Buddhist Primary School,6.5610772,79.9712562
1828233343,School,Balangoda Vidyaloka Maha Vidyalaya,6.6487202,80.698505
1828233801,School,Tamil Vidyalaya,6.6446547,80.6986927
1829368501,School,Rathmalvinna Central College,6.6727984,80.7196086
1830414104,School,Highland Central College,6.889592,80.5961975
1830490075,School,Buddhist College,7.165099,80.5723204
1830502815,School,Gampola Zahira College,7.1696018,80.5717277
1831898376,School,Nagaragiri School,7.173322,80.5003072
1831898524,School,Zahira Arabic College,7.1719437,80.5115013
1831954206,School,Jinaraja Boys College,7.1603406,80.5569004
1831954210,School,Devi Balika Vidyalaya,7.1577112,80.5566858
1834911211,School,Iqra Muslim Maha Vidyalaya,7.105041,80.5604946
1834947637,School,Al Minhaj National School,7.0563069,80.5705529
1834947714,School,Harangala Primary School,7.0518012,80.5919958
1836302309,School,Zahira College,7.3278804,80.6257795
1837320420,School,Mahamaya Girls College,7.2870795,80.6452633
1837320553,School,Hillwood College,7.2890303,80.641449
1837478200,School,Hemamali Balika Vidyalaya,7.2985738,80.6363331
1837533704,School,Vidyaloka Maha Vidyalaya,7.2825147,80.6654494
1838371816,School,Anula Vidyalaya,6.8719477,79.8845994
1838371827,School,St. Joseph's Girls College,6.8707813,79.8867451
1838377732,School,Lyceum International School,6.8704724,79.8862784
1838393554,School,Lindsay Girls College,6.8959215,79.8541271
1838453785,School,Holy Family Convent,6.8571602,79.8647832
1839445245,School,Stafford International School,6.9079093,79.8640536
1840750551,School,Hunupitiya Bandaranayake College,6.9838638,79.9104817
1840750567,School,Sri Sumangala Vidyalaya,6.9850346,79.9235665
1840782272,School,Sri Rathanapala Maha Vidyalaya,6.9753624,79.8896017
1843473750,School,Sapugaskanda Vishaka Girls College,6.9715525,79.9546479
1843491283,School,Rajasinghe National College,6.9089095,80.0886393
1843502798,School,Mayadunna Maha Vidyalaya,6.9079564,80.0834559
1843502800,School,Pahathgama Roman Catholic School,6.9017748,80.0865748
1843502801,School,St. John Bosco College,6.9181661,80.0996052
1843534112,School,Kothalawala Maha Vidyalaya,6.9303637,79.9835031
1843565817,School,Biyagama Central College,6.9474414,79.9938994
1843565870,School,Biyagama Junior School,6.9452528,79.9910991
1843603845,School,Walgama Maha Vidyalaya,6.9594705,80.017417
1843603891,School,Weera Wijayaba Vidyalaya,6.9947678,80.0160491
1846325616,School,Motagedara MV,5.9636269,80.5840252
1847947601,School,Nilpanagoda Central College,7.1976025,79.9522554
1847947613,School,Nalanda Boy's School Minuwangoda,7.1697029,79.9514829
1855349674,School,Al Mannar Muslim Vidyalaya,7.2186086,80.5742625
1856840424,School,Ambepussa Central,7.2409333,80.2073442
1862684243,School,Akarawita Maha Vidyalaya,6.9476856,80.1095666
1877120233,School,Belvoir Int. College,6.8867428,79.8600947
1877145509,School,Lumbini Vidyalaya,6.8840293,79.8665535
1877187395,School,Al Kalam Maha Vidyalaya,6.8735668,81.8233376
1877384936,School,D.S Senanayake Coleege,7.2192578,81.5474885
1880354710,School,Central College,7.517264,81.7859851
1880451336,School,Namagal Vidyalaya,7.9192454,81.5591775
1881982350,School,Horowpotana Central College,8.554728,80.8295094
1887836826,School,St. Sebastian's College,7.3641297,79.8337524
1897749810,School,St. Mary's College,7.0794036,79.8951673
1899647782,School,De Mazenod College,7.049042,79.9058395
1899707371,School,Dharmashoka Vidyalaya,7.0460239,79.9081116
1901979146,School,St.Sebastian's Girls College,7.0466188,79.8914999
1902017816,School,St.Sebastian's School,6.9971852,79.9172257
1903643390,School,O.K.I Int School,6.9870632,79.89057
1903643511,School,St.Anthony's College,6.9848908,79.8933541
1909603763,School,Vidyaloka Vidyalaya,7.0057468,79.8869865
1909723033,School,Nayakanda Boys School,6.9995732,79.8817964
1918165069,School,Soma Devi Girls School,6.9350605,79.9152261
1918165073,School,Sri Rajasinghe College,6.9362286,79.9201009
1918174780,School,Dharmapala Vidyalaya,6.9378908,79.9165525
1924772400,School,Gurukula Vidyalaya,6.9588474,79.894427
1924772424,School,Vijaya Vidyalaya,6.9575708,79.8867586
1924788516,School,Darus Salam Vidyalaya,6.9376166,79.8717569
1932028492,School,Walasmulla Primary School,6.1489834,80.6974213
1933478555,School,Walgammulla Central College,6.2381742,80.6752663
1934643777,School,Unknown,7.1566107,80.6713848
1945644574,School,Gemunu Central College,6.9341765,81.1532359
1956105995,School,Ananda Primary College,6.2927005,80.1649066
1957971364,School,Elpitiya Royal College,6.2998587,80.1564788
1969471012,School,Adhikaram MahaVidyalaya,6.5207489,80.1192605
1969471324,School,C.W.W Kannangara Central College,6.5171939,80.1202207
1974700307,School,Soraborawewa Maha Vidyalaya,7.3552312,80.9913609
1974709638,School,Dehogolla Maha Vidyalaya,7.3336947,81.0216162
1974728766,School,Dehiattakandiya National School,7.6680592,81.0481177
1977820875,School,Mayurapada Central College,7.4279742,80.2121384
1977821332,School,Monk's School (Pirivena),7.4288944,80.2120043
1977821563,School,Narammala Primary School,7.4264847,80.2136834
1977839741,School,Narammala Maha Vidyalaya,7.4347404,80.2104379
1978104171,School,Madagama Abaya College,7.5342748,79.8766638
1980792436,School,Gintota Maha Vidyalaya,6.0624714,80.1767617
1980792439,School,C.W.W Kannangara Vidyalaya,6.041144,80.2003651
1985788944,School,Sri Walgamba MV,6.5746347,80.7066194
1993203096,School,Primary School,6.7882551,81.0168129
1993203238,School,Unknown,6.7663387,80.9539103
1993203439,School,Unknown,6.7751381,80.9791979
1994920153,School,Sumana Balika Vidyalaya,6.6787438,80.3921557
2030086450,School,Radawana Mahagamasekera Maha Vidyalaya,7.0339888,80.0929535
2034206149,School,Vidyawardana Maha Vidyalaya,6.8940815,79.8790579
2034242941,School,Tamil School,6.9289525,79.8808764
2034260174,School,Sri Rahula Vidyalaya,6.9377124,79.8886441
2051033578,School,J/Hindu College,9.6785366,80.0125291
2051033636,School,J/Hindu Ladies College,9.6802554,80.0183386
2051033659,School,J/Hindu Primary School,9.679616,80.0148582
2052466268,School,J/Chundikuli Girl's College,9.6557026,80.028516
2055565229,School,Premadasa Maha Vidyalaya,7.3514021,80.9498363
2064203711,School,Ave Maria Convent,7.2132972,79.8416304
2078581451,School,Baddegama Navodya Maha Vidyalaya,6.9257202,81.0828205
2078653445,School,Wiharamahadevi Balika Vidyalaya,6.9904499,81.059252
2090546858,School,Ashoka College,6.7208825,80.056492
2091753196,School,Sujatha Vidyalaya Nugegoda,6.8650441,79.8970866
2093133903,School,Sri Chandrarathna Manawasinghe Vidyalaya,6.8406688,79.9161897
2094306182,School,Sangamitta Balika Vidyalaya,6.9203103,79.8691938
2094311012,School,Ananda College,6.9246176,79.8686836
2094344666,School,Gareway Int. School,6.9131523,79.884712
2097612128,School,Ballapitiya Kanishta Vidyalaya,6.6898143,80.0750674
2099315134,School,President's College (Primary Section),6.856095,79.909678
2101145763,School,Sapugaskanda Sobhitha Vidyalaya,6.9743213,79.9526309
2101207636,School,Yoshida International School,6.9690987,79.9588281
2142237458,School,Katunayake Maha Vidyalaya,7.1767871,79.867047
2146192261,School,Pussella Maha Vidyalaya,6.8025365,80.3374261
2146192290,School,Kuruwita Central College,6.7818466,80.3619575
2146223929,School,Erathna Maha Vidyalaya,6.8341538,80.4083597
2150017018,School,Batuhena Maha Vidyalaya,6.7394268,80.3818165
2151514470,School,Ferguson High School,6.6825167,80.3992026
2151514518,School,St.Lukes College,6.6820208,80.4008698
2151514527,School,Lyceum Int. School,6.6875223,80.4071191
2151514574,School,Mihindu Vidyalaya,6.6835397,80.3992536
2151594559,School,St.Aloysius College,6.6813099,80.4033547
2151603816,School,Al Makiya Muslim Maha Vidyalaya,6.6796422,80.4077696
2152792708,School,Mahinda Primary School,6.6201168,80.5442887
2152816997,School,J/St Patrick's College,9.6546396,80.0217997
2152832503,School,Kn/Killinochchi Central College,9.3809374,80.4089819
2152922140,School,Bamunugama Navodya School,6.1217869,80.5895643
2152922277,School,Watapotha Maha Vidyalaya,6.5903341,80.5057721
2152975508,School,Horawala Maha Vidyalaya,6.1857996,80.6840049
2152975663,School,Walasmulla National School,6.1495888,80.6978286
2155827646,School,Neluwa National School,6.3769807,80.3584599
2162092254,School,Morawaka Primary School,6.2688947,80.4964917
2176977984,School,St.Mathew Collega,6.3411842,80.5610761
2176977989,School,rajapaksha scool,6.3426838,80.5613046
2176977990,School,Deniyaya National School,6.3458396,80.5571144
2185041888,School,Ella Ihala Primary School,6.3787453,80.3052824
2185269478,School,Udugama Central College,6.2076225,80.3374474
2195313352,School,Kochchikade School,7.2633688,79.8553525
2196922080,School,Al Falah Vidyalaya,7.2590372,79.8462867
2196976233,School,Al Hilal College,7.2200827,79.8490815
2235191852,School,Thakshila Private School,7.3324973,81.010598
2279195241,School,Kaduruwela Muslim Central College,7.9272311,81.0387324
2285461010,School,"Ananda Balika Maha Vidyalaya,Hingurakgoda",8.0360088,80.9577083
2286402633,School,Medirigiriya Central College,8.1428665,80.9688008
2304485619,School,Manampitiya Tamil School,7.9019556,81.1133729
2304612474,School,Siripura Central College,7.7298482,81.0156333
2308038409,School,Ududumbara Secondary School,7.3167283,80.8786662
2308038412,School,Ududumbara Primary School,7.3196095,80.8776524
2310800510,School,Sngamitta Girls School,6.4320161,80.0029564
2312455665,School,Sivaneswara Tamil Vidyalaya,7.2986694,80.851879
2312712968,School,Nugethenna Maha Vidyalaya,7.2856701,80.8567016
2315533334,School,Oorugal Tamil Maha Vidyalaya,7.2880087,80.8179142
2315533336,School,Medamahanuwara Central College,7.2858936,80.81443
2315563271,School,Gannoruwa Kanishta Vidyalaya,7.2851277,80.5894595
2322771214,School,Vijayaba National college.Mahawa,7.8256635,80.2681083
2323963205,School,Alawwa Sri Rahula Central College,7.2968211,80.2326315
2334181619,School,Teldeniya National School,7.308827,80.7628351
2338999808,School,Rivisanda Central College,7.2113898,80.4580818
2338999820,School,Polambegoda Maha Vidyalaya,7.2001763,80.4584305
2339010478,School,Rajagiri Primary School,7.177711,80.4575668
2339010480,School,Rajagiri Maha Vidyalaya,7.1770724,80.4570625
2339466212,School,Agamethi Balika Vidyalaya,6.708683,79.9067317
2340175907,School,Mayurapada National School,7.250191,80.4418757
2341606696,School,Balagolla Muslim College,7.2836147,80.7165234
2343007809,School,Rajawella Tamil National School,7.2973378,80.7301886
2343107365,School,Kengalla Maha Vidyalaya,7.2947132,80.7234629
2343115513,School,Pilawala Navodya Maha Vidyalaya,7.3051109,80.6791699
2343122609,School,Kengalla Primary School,7.2930318,80.7226797
2343202877,School,Menikhinna Central College,7.3137844,80.701259
2343202887,School,Tennakoon Wimalananda Maha Vidyalaya,7.3151726,80.6694389
2347303767,School,Owitigama Primary School,6.9723597,80.116551
2348968595,School,Unknown,6.7072053,79.9552343
2351860244,School,Sri Vidyasagara Maha Pirivena,7.305826,80.7038828
2361375504,School,Debathgama School,7.1727592,80.4226453
2361375518,School,Hathgampala Maha Vidyalaya,7.1748962,80.4333466
2361384545,School,Al-Jalal Muslim Primary School,7.1722908,80.4450471
2361395602,School,Dippitiya Muslim Maha Vidyalaya,7.1747178,80.4560334
2361467079,School,Thalgaspitiya Muslim Maha Vidyalaya,7.1762714,80.4785967
2361467143,School,Thalgaspitiya Primary School,7.174803,80.478049
2361467178,School,Balawathgama Central College,7.2056134,80.4944587
2363180596,School,Mayurapada Primary School,7.2492057,80.4424446
2374498148,School,National collage,6.0352586,80.3823841
2377735970,School,Aluthgama Junior School,7.672181,80.355735
2377738973,School,Uyangalla Junior School,7.689448,80.339375
2380091113,School,Unknown,5.9480879,80.4568936
2380386269,School,J/John Bosco’s Vidyalayam,9.6650466,80.0265778
2380420535,School,Dhamma School,6.035113,80.2167116
2381229070,School,Nambirittawewa school,7.645575,80.371574
2407143013,School,නිමලව කණිෂ්ඨ විද්‍යාලය,6.0489375,80.4486463
2407659796,School,Regent Int. School,7.0756399,80.012589
2408669944,School,V/Poonthoddam Maha Vidyalayam,8.7703782,80.5053805
2410567584,School,V/Rambaikulam Girls' Maha Vidyalayam,8.7515657,80.5032608
2410610897,School,V/Muslim Maha Vidyalayam,8.76347,80.4824906
2418524068,School,Hermann Gmeiner School Piliyandala,6.7825033,79.9500434
2418603880,School,Mahanama Central College,6.8764134,81.3484739
2418654132,School,Royal College,6.860188,81.3389575
2419520012,School,St Bridget Convent,6.9097759,79.8643195
2426343703,School,Gamini Central College,6.7441202,80.1729771
2426343734,School,Sri Sumanajothi College,6.7429242,80.174066
2440207106,School,Tzu-Chi School,6.1606682,81.1348547
2446739142,School,Matugama Ananda Shastralaya,6.5240987,80.1164774
2454937479,School,International French School of Colombo,6.8945318,79.8656053
2465288328,School,Yatagala Maha Vidyalaya,6.0224566,80.2613797
2465324767,School,Shariputhra Maha Vidyalaya,6.0162244,80.2773994
2470715782,School,Pelassa School,6.0089335,80.342188
2503476092,School,Nagasena Vidyalaya,6.975404,79.8971458
2503479378,School,WP/HO Batawala Junior School,6.8813611,80.0536198
2522165200,School,Tamil School,6.8324135,80.9933311
2551994558,School,Sri Lanka Institute of Development Administration,6.899209,79.8717248
2552014804,School,Highland International School,6.8443675,79.9299547
2558191334,School,Sinthupuram Pre School,9.7476345,79.9533595
2610230132,School,Batuwangala Secondary School,6.3848694,80.3774514
2610230146,School,Happitya Primary School,6.3705571,80.3986594
2610271937,School,Godamunna Secondary School,6.3282292,80.2461815
2610271941,School,Poddiwala Maha Vidyalaya,6.2829315,80.2650691
2610271944,School,Omatta Primary School,6.3451865,80.1783242
2610318044,School,Primary School,6.3136866,80.3728182
2610365256,School,Primary School,5.9832793,80.6847509
2610365257,School,Primary School,6.0108659,80.6828887
2610365258,School,Primary School,6.0256344,80.6876501
2610375410,School,Primary School,6.0021298,80.4060846
2610375412,School,MR/ Sri Sumedha Vidyalaya,6.0094347,80.5181894
2610398281,School,Primary School,6.1592854,80.9362917
2610405673,School,Secondary School,6.1944139,80.8950743
2610405674,School,Secondary School,6.2203736,80.8745398
2643487661,School,Sariputta Vidyalaya,5.9736123,80.3610227
2643487663,School,Rohana National School,5.9691954,80.3711481
2646850035,School,Isipathana College,6.8872645,79.8676193
2683116272,School,Sri Gunananda College,6.2699859,80.0374919
2683331292,School,Kandegoda Maha Vidyalaya,6.2498927,80.0534067
2703675578,School,Sri Gnanodaya Central College,7.2226092,80.0199334
2703690809,School,Divulapitiya Gnanawansa Maha Vidyalaya,7.2259776,80.0077763
2710652543,School,Walgama Gunasekara Vidyalaya,6.8643528,79.9965536
2724797181,School,Habarakada Primary School,6.8670747,80.0146199
2729201107,School,J/Polikandy HTMS,9.8216091,80.1889729
2739094319,School,Mu/Iranaippalai R.C. Vidyalayam,9.3389874,80.7140568
2741681951,School,Subharathi Mahamatya Vidyalaya,6.8504844,80.0329229
2741745598,School,Panagoda Sri Parakrama Maha Vidyalaya,6.8631394,80.0254353
2781217036,School,Fonseka Madam's English Class,7.1926411,80.4570115
2800350551,School,Rahula College Primary,5.9521262,80.5324283
2800350552,School,Sujatha Vidyalaya Primary,5.9529959,80.5325678
2800758129,School,Olket School,5.956427,80.5540886
2828169018,School,Ecole International College,7.2914093,80.7338647
2831937732,School,Unknown,8.1531898,80.9830399
2834985601,School,Muslim Vidyalaya,8.0984321,80.599757
2834994801,School,Unknown,8.2988411,80.4797446
2902108551,School,ST. Thomas' Girls' High School,5.953255,80.5485912
2902110870,School,Meegahakiula central college,7.13265,81.0456628
2902114409,School,Mahakadura School,7.1152207,81.0682726
2902312862,School,Thelijjawila Royal Collage,6.0216517,80.4909932
2902332442,School,Denipitiya Primary School,5.9811566,80.4509266
2902377703,School,Dambadeniya Parakumba Centeral College,7.3668465,80.1488431
2905976582,School,Ruwanwella Primary School,7.0430234,80.2547976
2905976618,School,Atulugama Primary School,6.9922708,80.2645756
2905976619,School,Mayadunna Maha Vidyalaya - Atulugama,6.9922735,80.26383
2906621257,School,Chirst Church Boy's College,6.1729638,80.17711
2906676002,School,Christ Church Girl's College,6.1761136,80.1802074
2907000973,School,Sugathapala Vidyalaya,6.7564064,80.0545482
2907026827,School,Don Bosco Traning Center,7.3949304,80.1904032
2908521399,School,Kumara Viduhala,6.6488252,80.7004182
2908605786,School,Sujatha Vidyalaya,5.9544204,80.537106
2908667631,School,"Hindu Viduhala, Raiwatta",6.6722205,80.7137021
2908708089,School,R/Bandaranayaka Maha Vidyalaya-Morahela,6.6887744,80.6907684
2909850851,School,H/Getamanna North K.V.,6.0475249,80.6780888
2910222621,School,Tammennapura,8.3046023,80.4424908
2910338518,School,Holy Cross College,7.0886444,80.0077351
2910631418,School,Matara cental college,5.9535846,80.5443341
2910677382,School,Moragane Maha Vidyalaya,7.5481831,80.1434868
2910735263,School,Sri Sumangala Navodya Vidyalaya,6.0779813,80.2744712
2916096305,School,Homagama Kanishta Vidyalaya,6.8473786,80.0027316
2918231465,School,Wayamba Janadhipathi Vidyalaya - Medagampola,7.32503,80.2301584
2919682176,School,Mahinda Rajapaksha vidyalaya,5.935012,80.5810141
2920749704,School,Dharmapala College,6.681398,80.4003024
2921334809,School,Dambavnna shri saranankara viduhala,6.896534,80.9204159
2921376820,School,Mirahawatta shool,6.8654688,80.9379897
2922135804,School,Hulogedara Scool,7.790801,80.1906593
2922173916,School,Halabagala School,7.8062596,80.1683851
2922191118,School,T/Abayapura Central College,8.5892463,81.2192235
2964728379,School,Bibiladeniya Maha Vidyalaya,7.4492667,79.9457072
3031105133,School,Magalegoda Maha Viyalaya,7.1389002,80.0359454
3052959378,School,Sussex College Ratnapura Play Ground,6.6749846,80.4157068
3053064340,School,Sri Dharmarama Modren Primary School,5.9752616,80.3696452
3054766999,School,Dharmika Maha Vidyalaya,6.0023945,80.3098982
3054837739,School,Dorape Maha Vidyalaya,6.0392035,80.304581
3054837966,School,Pilana Vidyarthodaya Maha Vidyalaya,6.0367362,80.294554
3054872287,School,Angulugaha Maha Vidyalaya,6.0346679,80.3151505
3056924381,School,Siyane National School,6.9442899,80.0695854
3056924382,School,Siyane National School Play Ground,6.94392,80.0705768
3066462780,School,Mahakeliya Vidyalaya,7.5874469,80.2760808
3104883075,School,Siri Saman Central College,6.9358736,80.3368168
3105114935,School,Dehiowita Tamil School,6.9711194,80.2668934
3133617669,School,Subhodhi Junior School,6.9085954,79.9367591
3144946231,School,Thimbolketiya Vidyalaya,6.4155638,80.7928451
3145074005,School,Udawalawe Central College,6.4220172,80.8149028
3152540111,School,Maniyamgama School,6.9329678,80.2432635
3166327044,School,Holy Family Girls Scool,7.4866905,80.3627094
3166327045,School,St. Anne's College,7.4869679,80.3615544
3168917329,School,Polgahawela Central College,7.3311247,80.3068343
3172046157,School,Mahinda Vidyalaya,7.4942478,80.377067
3186165758,School,Royal College,7.4908259,80.3535498
3191709199,School,Sri Sangaraja Central College,6.9328504,79.8632817
3191711400,School,Al-Hidaya Vidyalaya,6.933914,79.8634898
3194161841,School,Ethkandura Seevali Maha Vidyalaya,6.2371436,80.1553712
3194213381,School,Eramulla Kanishta Vidyalaya,6.2264759,80.1863642
3194223522,School,Pinikahana Siriniwasa Kanishta Vidyalaya,6.2195448,80.199009
3198526950,School,Rahula Primary School - Ematiyagoda,6.5239272,80.6408578
3198539157,School,Hiramadagama Maithreya M. V.,6.5300247,80.6163183
3198560571,School,R/Welangapola Vidyalaya,6.5377793,80.6529815
3198708262,School,Dandeniya Vidyalaya,6.5987863,80.6151829
3200313653,School,Tangalle Primary School,6.02539,80.7933692
3200313654,School,Model School Tangalle,6.0233159,80.7918447
3200322836,School,Kadurupokuna M.V.,6.0177325,80.7777203
3200326102,School,"H/Rahula Maha Vidyalaya, Tangalle",6.0297442,80.7950354
3200328739,School,Polommaruwa Model School,6.0318277,80.7833459
3200334557,School,Ruhunu Vijayaba College,6.0335986,80.7734789
3207200535,School,Roman Catholic Primary School,7.431742,80.4463917
3209349776,School,Mahamaya Girls Primary School,7.2904561,80.6442954
3211927871,School,Unknown,6.3100791,80.145408
3215334408,School,Alawathugoda National School,7.4013001,80.6133508
3215339549,School,St.Andrews Girls College,7.0569486,80.5357143
3216925566,School,Kithulgala Boys School,6.9967852,80.4074154
3219994479,School,St. Mary's College,7.2522838,80.3388425
3224576144,School,St.Mary's College (Primary),7.2501288,80.3655965
3224622962,School,Hiriwadunna Maha Vidyalaya,7.2902012,80.3862308
3236752501,School,Unknown,7.3955838,80.2663361
3237492367,School,Dheerananda Maha Vidyalaya,7.2682543,80.552782
3237620171,School,Alliance Française De Kandy,7.2769556,80.6142775
3246523861,School,Unknown,7.6984942,80.4464699
3247532645,School,Lanka Sabha Vidyalaya,6.1153325,80.1200634
3257657896,School,Sri Sumangala Central College,6.1415288,80.1133655
3276141283,School,Debarawewa National School,6.2837565,81.265805
3276158575,School,Tissamaharama Central College,6.2761481,81.2911076
3283589323,School,Devananda College,6.2585842,81.3105376
3301935959,School,Udayaraja Maha Vidyalaya,7.0022194,81.0566408
3302172178,School,Zahira College,7.2232843,81.8526239
3314166641,School,Al Hicama Vidyalaya,7.269048,81.8610025
3316043326,School,Al Maslam School,7.3445285,81.8467681
3318025989,School,MHM Ashraff Vidyalaya,7.389533,81.8447624
3318094883,School,Al Jalal Vidyalaya,7.3973304,81.8415753
3360958328,School,Wegantale Maha Vidyalaya,7.2657447,80.4295463
3370034496,School,Harishchandra Collage,7.2097009,79.8529357
3370086882,School,Polegoda Maha Vidayalaya,6.5898953,80.1656628
3375865206,School,Shariputhra secondary school,5.9456464,80.5293636
3375870404,School,Mahanama Vidyalaya,5.9498703,80.5182723
3375870405,School,Mahanama Collage Primary,5.9497055,80.5181874
3393447974,School,Girls' High School,6.9720881,80.777729
3474511318,School,J/Punguduthivu Sri Sithivinayagar Maha Vidyalayam,9.6046265,79.8134467
3484063002,School,Dikkumbura Mha vidyalaya,6.0177595,80.3780331
3489298038,School,Unknown,7.3460865,79.9476924
3510759544,School,Extra-Lesson Classes,6.9155277,79.9716086
3518770917,School,Kn/Iyanarpuram GTMS,9.3095104,80.2450511
3519883218,School,J/Puguduthivu Sri Subramaniya Ladies School,9.5835562,79.82346
3519897281,School,J/Punguduthivu Maha Vidyalayam,9.5798482,79.8322842
3519909759,School,J/Punguduthivu Roman Catholic Tamil Mixed School,9.5783407,79.830648
3519934703,School,J/Punguduthivu Sri Ganesha Maha Vidyalayam,9.5825512,79.8420904
3520123104,School,J/Thirunelveli HTMS,9.6880048,80.0284887
3522106329,School,J/Nayanmarkaddu Maheswari Vidyalayam,9.6692103,80.044653
3522148647,School,J/Senkutha Hindu College,9.6814999,80.0374432
3522192008,School,J/Pungudutivu Sir Thuraisamy Vidyalayam,9.5950982,79.8213132
3522197003,School,J/Punguduthivu Kamalambigai Kansida Maha Vidyalayam,9.599179,79.8545994
3522199982,School,J/Punguduthivu West American Mission Tamil Mixed Vidyalayam,9.5816471,79.8247786
3523695970,School,Mu/Thiru Murukandy Hindu Vidyalayam,9.3053776,80.4082851
3523717219,School,Kn/Jeyapuram Maha Vidyalayam,9.3114363,80.1757618
3528958420,School,Kn/Mukkompan Maha Vidyalayam,9.3823491,80.268479
3529527388,School,J/Madaithivu Maha Vidyalayam,9.605223,79.9883786
3536445413,School,J/Nallur South Sri Vigneswara Vidyalayam,9.6657759,80.0325708
3536470523,School,J - Nallur Station Church of Ceylon Tamil Mixed School,9.6738881,80.0386462
3536479101,School,J/Pasaiyoor St Anthony's RC Girls Vidyalayam,9.6493662,80.0333702
3537669662,School,Pitiyegedara Primary School,7.1228247,80.02603
3537669663,School,Pitiyegedara Secondary School,7.1197059,80.0248431
3539272438,School,Kn/St Theresa's Girls College,9.4102561,80.4066397
3539517012,School,Mu/Puthukkudiyiruppu Central College,9.3128363,80.693863
3540428312,School,J/Navatkuli Maha Vidyalayam,9.6581037,80.0975412
3540487907,School,J/Kaithady Muthukumaraswmy Maha Vidyalayam,9.6794524,80.0950792
3540505197,School,J/Kaithady Kurusamy Vidaylayam,9.6944302,80.104802
3540531813,School,J/Kaithady Sethukavalar Vidyalayam,9.6827255,80.0971877
3540566249,School,J - Kopay South Roman Catholic Tamil Mixed School,9.6967807,80.0571847
3540600124,School,J/Chandirapura Skanthavarothaya Mahavidyalayam,9.6795268,80.1486865
3540601593,School,J/Dribeg College,9.6594821,80.1629502
3540601710,School,J/Amithambigai Vidayalayam,9.6614782,80.1547645
3540612363,School,J/Madduvil Kalamasini Vidyalayam,9.6917658,80.1596085
3540613386,School,J/Madduvil Chadramoleeswara Vidyalayam,9.6960754,80.1485604
3541345357,School,J/Cheddipulam GTMS,9.6313344,79.9136869
3544827993,School,J/Nainativu Sri Ganesha Kanista M.V,9.5961652,79.7718102
3544854932,School,J/Naianativu Sri Nagapoosany Vidyalayam,9.6084568,79.7731453
3544868077,School,J/Nainativu M.V,9.6068178,79.7708634
3544968268,School,J/Analaithivu Sathasiva Maha Vidyalayam,9.6659775,79.773838
3544992948,School,J/Analaithivu Vadaloor GTM Vidyalayam,9.6754434,79.7782422
3545025681,School,J/Analaithivu South GTM Vidyalayam,9.6585078,79.7727812
3551361509,School,J/Theleppalai Union College,9.7863819,80.0320745
3551378111,School,J/Ilavalai Meihandan Maha Vidyalayam,9.7990583,79.9993371
3551501481,School,J/Karainagar Hindu College,9.740813,79.8878806
3551541798,School,J/Viyavil Saiva Vidyalayam,9.7249567,79.8618039
3551565458,School,J/Palavodai Hindu mixed school,9.7096771,79.8810248
3551611162,School,J/St. Anthony's College,9.6975915,79.8665689
3551683229,School,V/Omantai Central College,8.8629166,80.5025393
3553436024,School,V/Nochchimoddai JSV,8.8193348,80.4924738
3554570962,School,J/Kondavil Tamil Mixed School,9.7058086,80.0273585
3556499269,School,J/Kaladdy Methodist Mission Tamil Mixed School,9.6862208,80.0166838
3557299805,School,J/Araly Saraswathy Maha Vidyalayam,9.7080577,79.9506968
3557301409,School,J/Araly East AMTM School,9.7099609,79.9546767
3557345403,School,J/Araly North AMTM School,9.7161398,79.9619466
3566910470,School,Unknown,6.1986244,80.4675091
3570803698,School,Christ King College,7.0911518,79.8925024
3571510333,School,Pilhatha Central College,7.3845492,80.9550078
3593176175,School,Lankasaba Primary School,6.9041507,79.9233938
3593428474,School,Unknown,6.2122394,80.107557
3594394100,School,St Mary's Convent,5.9430569,80.5522415
3596023117,School,Adikaram School,6.8331811,81.0066218
3598835038,School,Ranna maha vidyalya,6.098179,80.8766172
3607518956,School,Nalagasdeniya Jayanthi Model School,6.1387625,80.1124368
3609266409,School,Lihiniyagama school,7.6326431,81.0271624
3621158893,School,Sulthanagoda Maha Vidyalaya,5.9819953,80.4955612
3621414237,School,Gunaratana CentralCollege,5.9861167,80.5212696
3625357850,School,Unknown,7.4509948,79.9443155
3629124875,School,Dumbara Rajakeeya Kanishta Vidyalaya,7.305621,80.6677136
3630532461,School,Unknown,7.2776709,80.6326368
3633693451,School,Urubokka Governtmant School,6.2916888,80.6351356
3633738909,School,Middeniya Primary School,6.2530184,80.7647572
3634838768,School,Unknown,6.192566,80.6462062
3634940750,School,Sadamadulla School,7.6227309,81.0107798
3634941881,School,Webadagama School,7.6212592,81.0035345
3634950355,School,Salpitigama School,7.6494396,81.0057687
3634967009,School,Sadunpura School,7.628676,81.0451285
3634968142,School,Vijepura School,7.6529142,81.0179299
3636792624,School,Nawa Madagama secondary School,7.5699286,81.0425342
3655135138,School,Edmund Peiris Primary School,7.5783038,79.7930412
3664664776,School,Mn/St. Xavier's Boys College,8.9853371,79.9102654
3665942840,School,La Salle English Medium School Mannar,8.9878936,79.9014648
3665944320,School,Mn/Puthuveli GMMS,8.8441551,80.0033682
3665944322,School,Mn/Thampanaikkulam GTMS,8.7989831,80.1074658
3665944327,School,Buduruvakanda MV,8.0351789,80.2767427
3667168812,School,De La Salle College,6.9623332,79.862655
3675908391,School,Unknown,6.1088974,80.9781893
3677337255,School,Unknown,6.2382497,81.16579
3691169014,School,Pu/Sinhala Maha Vidyalaya,7.7912447,79.8272628
3696397750,School,Muslim Maha Vidyalaya,8.0121443,79.8393131
3697242195,School,Unknown,6.0666309,80.8368113
3709492222,School,Unknown,6.277554,80.959271
3710244140,School,Adventist International,7.2178093,79.8594078
3712051325,School,Hathnagoda Primary School,7.2701601,80.2890746
3718197053,School,Saman Vidyalaya,6.9236745,80.2219399
3726242936,School,Unknown,6.3076982,80.9977705
3728790523,School,Pimburuwellegama Vidyalaya,7.6149398,80.3080026
3729708962,School,St. Anthony's Girls College,7.3205177,80.6293885
3729763648,School,Senarathgama School,7.3221311,80.6061501
3730259213,School,Unknown,6.1558153,80.9745414
3734690468,School,Unknown,6.2275813,80.8260271
3736797732,School,Dharmasena Atigala Balika Vidyalaya,6.793973,79.944378
3737960856,School,Sudarshi Pre School - Gongithota,7.0022163,79.9077104
3741133504,School,Unknown,6.2000933,80.8210995
3742747889,School,Lyceum International School Primary,6.7319454,79.910586
3745935169,School,Kn/Kanishka Maha Vidyalayam,9.3945847,80.4099515
3749027772,School,Sri Devananda College,6.2399425,80.0514236
3749093525,School,Damnada College,6.2550961,80.0434834
3750070392,School,Kathiresan Hindu Ladies College,7.0538502,80.5341497
3751649055,School,Unknown,6.1424728,80.8118445
3752537139,School,Primary School Pitumpe,6.856003,80.0972341
3754409855,School,Rambukpitiya Vidyalaya,7.0383986,80.5067364
3755864741,School,Gangasiripura College,7.1634892,80.5682103
3755897801,School,Kirinda Navodya School,7.1795876,80.5844313
3765630970,School,School of Agriculture Vavuniya,8.7748542,80.4860222
3769290713,School,Kandakepulpotha Vidyalaya,7.1942594,81.0200781
3770199610,School,Delta Gemunupura College,7.1003492,80.6432759
3771342428,School,Pangyanannda Primary School,6.046696,80.7359502
3771350530,School,Beliatta Nawoda School,6.0533982,80.7332356
3778409357,School,Pussellawa Maha Vidyalaya,7.0657391,81.0553842
3780539883,School,Ananda madya Maha Vidyalaya,6.965729,79.872006
3780539884,School,St. John's Maha Vidyalaya,6.971356,79.874806
3780539885,School,St. Marys College,6.970149,79.877955
3780539886,School,Totawatta Methodist College,6.9675868,79.8781937
3780540335,School,Mutuwal Hindu College,6.9638521,79.8651151
3780540336,School,Newmans College,6.963733,79.870589
3780541959,School,A.E.Gunasinghe Vidyalaya,6.93763,79.857811
3780541960,School,Agamethi Vidyalaya,6.9572063,79.8685462
3780541961,School,Ai-Hijra Maha Vidyalaya,6.929026,79.874892
3780541962,School,Al - Hikma College,6.935806,79.858316
3780541963,School,Al Nassar Maha Vidyalaya,6.9472,79.871373
3780541964,School,Al- Ameen Vidyalaya,6.922571,79.8483247
3780541965,School,Al- Hidaya Maha Vidyalaya,6.9333123,79.8634884
3780541966,School,Ananda Balika Vidyalaya,6.926799,79.869785
3780541968,School,Ananda Maha Vidyalaya,6.89317,79.888405
3780541969,School,Anula Primary School,6.872463,79.887348
3780541970,School,Anula Vidyalaya,6.8718614,79.8847817
3780541972,School,Arethusa College,6.874496,79.86839
3780541973,School,Asian International School,6.915808,79.870943
3780541975,School,Badhrawathy Maha Vidyalaya,6.886142,79.876571
3780541976,School,Balika Vidyalaya,6.954265,79.863771
3780541977,School,Bandaranaike Junior School,6.9117983,79.8868193
3780541980,School,Buddhist Ladies College,6.9165,79.862575
3780541981,School,C.W.W. Kannangara Vidyalaya,6.918495,79.876726
3780541983,School,Cathedral Balika Primary Schoo,6.954206,79.859608
3780541984,School,Catholic Church & School,6.91091,79.893715
3780541985,School,Catholic Tamil School,6.919332,79.885304
3780541986,School,Church & School,6.93122,79.872966
3780541987,School,Claremont Hotel School,6.946085,79.865558
3780541988,School,Clifton Balikaa Vidyalaya,6.92718,79.86847
3780541989,School,College House,6.90031,79.859206
3780541990,School,College of Ayurvedic Medicine,6.922336,79.892836
3780541991,School,College of Indigenous Medicine,6.911709,79.888474
3780541993,School,Darus Salam Maha Vidyalaya,6.937614,79.872274
3780541995,School,Dudley Senanayake Vidyalaya,6.890965,79.872156
3780541996,School,Elizabeth Moir Junior School,6.886486,79.869291
3780541997,School,Etul Kotte Primary School,6.9012258,79.9078684
3780541998,School,Fathima Muslim Girl's School,6.939701,79.86383
3780541999,School,Gotami Balika Maha Vidyalaya,6.923431,79.872113
3780542001,School,Hindu Ladies College,6.8724361,79.8629957
3780542005,School,Jayanthi Vidyalaya,6.944336,79.87281
3780542006,School,Jinaraja Vidyalaya,6.915121,79.851438
3780542007,School,Unknown,6.93918,79.864334
3780542009,School,Kotahena Govt. Tamil School,6.942667,79.86279
3780542010,School,Kotahena Maha Vidyalaya,6.94308,79.863015
3780542011,School,Kotahena Methodist Tamil School,6.949169,79.861325
3780542012,School,Ladies College,6.9076,79.857602
3780542014,School,Lawrence College,6.921612,79.865279
3780542015,School,Lindsay Balika Vidyalaya,6.895493,79.853278
3780542016,School,Lumbini Maha Vidyalaya,6.884184,79.866711
3780542017,School,Mahabodhi Vidyalaya,6.9188696,79.863919
3780542019,School,Maligakanda Maha Vidyalaya,6.926515,79.872778
3780542020,School,Rajasingha Maha Vidyalaya,6.941358,79.877949
3780542021,School,Maradana Technical College,6.932346,79.859523
3780542023,School,Methodist College,6.9121155,79.8489682
3780542024,School,Museaus College,6.914542,79.869034
3780542026,School,Muslim Vidyalaya,6.943901,79.862269
3780542028,School,Padhanaghara Maha Vidyalaya,6.928736,79.868798
3780542029,School,Parakramabahu Maha Vidyalaya,6.896957,79.879237
3780542032,School,"Prince College, Kotahena",6.951787,79.862205
3780542037,School,School of Sports,6.905272,79.865692
3780542038,School,Unknown,6.863075,79.864104
3780542039,School,Unknown,6.875982,79.869801
3780542040,School,Unknown,6.878675,79.876538
3780542041,School,Unknown,6.914842,79.890218
3780542042,School,Seevalee Vidyalaya,6.923323,79.881442
3780542043,School,"School Ground of Roman Catholic Tamil Mixed Vidyalayam, Rajagiriya",6.9107875,79.8946476
3780542044,School,Sri Rewatha Royal College,6.867673,79.897792
3780542046,School,Sri Vaishakya College,6.869561,79.864308
3780542047,School,St Joseph Girls' School,6.871621,79.885508
3780542049,School,St. Anthonys College,6.9444751,79.8575461
3780542050,School,St. Benadict College,6.948836,79.864967
3780542051,School,St. Benedict Primery School,6.947501,79.864967
3780542052,School,St. Cleare's Girles' School,6.876851,79.862092
3780542053,School,St. John's Primary School,6.8689893,79.8894865
3780542054,School,St. John's School;St.John's College,6.9306626,79.8737642
3780542055,School,St. Joseph's Boys' School,6.8669322,79.8953636
3780542056,School,St. Joseph's College,6.925775,79.861121
3780547657,School,St. Josephs Vidyalaya,6.948552,79.875326
3780547658,School,St. Lucia Maha Vidyalaya,6.948413,79.865252
3780547659,School,St. Mary Sinhala Vidyalaya,6.8947877,79.8574191
3780547660,School,St. Mary's College,6.944266,79.858654
3780547661,School,St. Mary's Girls' School,6.913866,79.853343
3780547662,School,St. Mary's Girls' School,6.914536,79.853053
3780547663,School,St. Michael's Vidyalaya,6.913678,79.85279
3780547665,School,St. Matthew's College,6.930152,79.877756
3780547666,School,St. Paul's Girls' School,6.886346,79.858423
3780547670,School,Sujatha Vidyalaya,6.8638,79.898447
3780547671,School,Susamayawardana Maha Vidyalaya,6.913362,79.876506
3780547672,School,Tamil School,6.9285,79.880894
3780547676,School,Vijayaba Maha Vidyalaya,6.946524,79.872242
3780547678,School,Vivekananda College,6.943461,79.860424
3780547679,School,Waragoda Kanishta Vidyalaya,6.948434,79.885261
3780547680,School,Wekanda Pre School,6.919536,79.851964
3780547681,School,Wellawatta Vidyalaya,6.880526,79.868272
3780547684,School,Wolfendhal Girls' High School,6.942233,79.859726
3780547685,School,Yasodara Balika Maha Vidyalaya,6.916934,79.872403
3780547686,School,Zahira College,6.927111,79.864764
3783406684,School,S.J.C,8.3225689,80.4121711
3784835891,School,Unknown,6.1800608,80.7661124
3784840010,School,Unknown,6.2047236,80.7652195
3787682239,School,Unknown,6.167255,80.7645565
3787743612,School,Unknown,6.2625611,80.7619697
3790368577,School,Unknown,6.2168558,80.7399138
3791096961,School,Unknown,8.3335663,80.4049031
3791141825,School,Unknown,6.1956379,80.7297319
3794470886,School,Unknown,6.1673177,80.7462558
3803594371,School,Unknown,6.1531779,80.6725914
3804899639,School,Bopitiya Rajasinghe National School,7.1956475,80.7436228
3806188372,School,Godamunna School,7.2284832,80.7021814
3811213342,School,Ananda Sasthralaya School Ground,6.8841135,79.9071818
3812603147,School,Unknown,6.2183555,80.6364112
3822119062,School,Unknown,6.24103,80.6593794
3827949857,School,Labugama Vijitha Maha Vidyalaya,6.6844232,80.0482806
3831025007,School,Unknown,6.2686118,80.7268874
3836207023,School,Ellalamulla Primary School,7.1552389,80.1288046
3840400656,School,Galabawa Maha Vidyalaya,7.3923386,80.4789413
3842174363,School,Unknown,8.3291517,80.407371
3842184034,School,St.Joseph Girl's College Kegalle,7.2515067,80.3388568
3842185233,School,Mahamaya Balika Vidyalaya,6.9925739,79.9417721
3842185927,School,Sarani Lernaers,7.1679207,80.1235029
3844292092,School,Bauddha Kanishta Vidyalaya,6.8489027,79.9372992
3858236315,School,Weera Puran Appu Vidyalaya,6.7785817,79.8827918
3868535725,School,V/Nedunkerny Maha Vidyalayam,9.058707,80.6578568
3868552786,School,V/Olumadhu GTMS,9.0328648,80.6666839
3868579917,School,V/Puliyankulam Hindu College,8.9717052,80.5271469
3874858928,School,Wangiyakumbura Central Collage,6.8384161,80.8824222
3874859762,School,Swarnahansa Primary School,6.8373857,80.8840309
3889577739,School,Rukgasagara vidyalaya,7.4412361,80.1316692
3900122010,School,J/Velanai Central College,9.6463587,79.893866
3910053456,School,Nihiluwa Maha Vidyalaya,6.0732899,80.7040629
3910053557,School,Nihiluwa Primary School,6.0727137,80.7048242
3916081889,School,V/Sithivinayagar School,8.745337,80.4679947
3916692832,School,Gatamanna South Maha Vidyalala,6.0420728,80.696845
3921459133,School,V/Al Akshaya Muslim Maha Vidyalayam,8.7555397,80.3869456
3926876378,School,V/Thaninayagam Adikalar Vidyalayam,8.9406341,80.5182381
3927991976,School,V/Kulavisuddan GTMS,9.0781592,80.6137459
3928036648,School,V/Katpahapuram GTMS,8.7653005,80.433486
3928208095,School,V/Puthukulam Maha Vidyalayam,8.8094765,80.4637422
3929888505,School,V/Thalikkulam GTMS,8.745639,80.3829684
3929943338,School,V/Bharathithasan Vidyalayam,8.8300539,80.4055848
3929949621,School,V/Suntharapuram GTMS,8.8063162,80.4509788
3929956577,School,V/Kothandarnochchikkulam GTMS,8.8640211,80.4178674
3932363899,School,V/Poovarasu Primary School,8.7527044,80.3661007
3936126823,School,V/Vigneswara Maha Vidyalayam,8.9889707,80.5943291
3937538837,School,Unknown,5.9852971,80.7255938
3939218646,School,V/Mathiyamadhu Vevekanatha Vidyalayam,9.0037651,80.5711031
3939281933,School,V/Samalankulam GTMS,8.7188151,80.5120329
3939362091,School,V/Kanakarayankulam Maha Vidyalayam,9.0504824,80.5145367
3939675378,School,V/Kovilpuliyankulam School,8.8329048,80.3527459
3939712411,School,Mn/Iranaiillupaikulam GTMS,8.8525571,80.3612405
3939883175,School,V/Marukkarampalai GTMS,8.7975044,80.4711309
3943037887,School,V/Kurukkalputhukulam GTMS,8.7514026,80.3381069
3948260430,School,Vijayaba National college.Mahawa,7.8271282,80.267632
3952966964,School,V/Panrikeithakulam GTMS,8.9178055,80.5110798
3954289056,School,St Anthony's Girls School,6.9650292,79.8669135
3954317212,School,St. Anthony's Tamil Maha Vidyalaya,6.9607099,79.8720936
3954317213,School,St. Anthony's SinhalaMixed School,6.9609944,79.8717114
3954317296,School,Usmaniyah Arabic College,6.9629673,79.8737483
3956915090,School,V/Nainamadu GTMS,9.0228001,80.5922665
3957841357,School,St.Bernadette's Model School,7.3365027,80.301993
3958966801,School,Kn/Umaiyalpuram GTMS,9.4736746,80.4082919
3959015604,School,V/Sri Ramakrishna Vidyalayam,9.088499,80.4738854
3959019542,School,V/Periyakulam GTMS,9.0728648,80.4920734
3973569269,School,KSF-College,6.3885346,80.0860447
3977258185,School,V/Al Iqbal Mahavidyalayam,8.7194924,80.4388931
3983331454,School,V/Al Hamiya Vidyalayam,8.600657,80.3697347
3983340266,School,V/Tharul Uloom Muslim Vidayalayam,8.603108,80.3298636
3984223132,School,V/Kalmadu Maha Vidyalayam,8.8455152,80.3917615
3984229853,School,V/Tharanikkulam Ganesh Vidyalayam,8.8255499,80.429747
3984402800,School,V/Pavatkulam Kalaimagal Vidyalayam,8.7173055,80.361533
3990589391,School,J - Mirusuvil Roman Catholic Tamil Mixed School,9.6746021,80.2441802
3996601764,School,V/Puthoor GTMS,9.0116731,80.5254642
3997287831,School,Pamunuvila Maha Viduhala (School),6.9689438,79.9395011
3997346197,School,Pamunuvila Maha Viduhala (Primary School),6.9697195,79.931469
4000189681,School,St.Anthony's Monastery School.,9.7952797,79.9907219
4005843826,School,Swarnamali Girl's College,7.2845919,80.6234795
4013127121,School,Kaduruwela Nagara Maha Vidyalaya,7.9270942,81.0368829
4016221664,School,Sri Rahula College,7.322724,80.6236717
4019465031,School,Viharamahadevi Balika Vidyalaya,7.2871629,80.6270715
4021653406,School,Millawa Kanishta Vidyalaya,6.78858,80.0779968
4025970933,School,Bowalawatta Sithumina Vidyalaya,7.2611138,80.6172726
4026383731,School,J/Ramanathan College,9.7310584,80.0244813
4034942521,School,Former School,9.6151112,79.8114749
4036012568,School,Mu/Mankulam Maha Vidyalayam,9.1351783,80.4440558
4036195268,School,Sri Sumangala Primary School,7.0781494,79.949281
4036971493,School,Wewagama Central Collage,7.4232491,80.1011281
4039495740,School,Galpihilla Primary School,7.3487345,80.7057282
4039498286,School,Rathnayake Central College,7.3203331,80.693602
4039790775,School,Central College,7.3250372,80.6598495
4039822562,School,Sussex International School,7.3217342,80.6480054
4039822563,School,Colombo International School,7.3230408,80.6421872
4040555783,School,V/Palayawady GTMS,8.9558876,80.5444922
4042856206,School,V/Navaratnam Vidyalayam,9.0622547,80.5341884
4045190948,School,Central College,6.5768627,80.5730045
4045190960,School,Primary School,6.5769913,80.574471
4045226228,School,Wijaya Maha Vidyalaya,6.5292775,80.5921036
4045295805,School,Pallebedda Central College,6.4812393,80.7081622
4045413867,School,Gamini Central College,6.5198824,80.3935105
4045509936,School,Jayanthi Maha Vidyalaya,6.5399183,80.3642293
4045510672,School,National School,6.5358383,80.4006931
4048122397,School,Mu/Puththuvedduvan GTMS,9.2557253,80.3650816
4053938940,School,Bomiriya Central College,6.9347123,80.0024965
4054041376,School,Kumarathunga Munidasa Vidyalaya,6.9344144,79.9933592
4056734179,School,V/Mannakulam GTMS,9.0737144,80.4592481
4059245193,School,Akmeemana Maha Vidyalaya,6.0865217,80.2421636
4059263268,School,Maliduwa K.v,6.1273633,80.4249129
4059277834,School,Ehelape M.V,6.1477497,80.4191297
4059494712,School,Unknown,6.7707206,81.2507521
4062755334,School,Mu/Sri Subramaniya Vidyalayam,9.3148559,80.6960607
4062808090,School,Unknown,8.6077574,81.1768148
4062822617,School,Nochchikkulam Tamil Maha Vidyalayam,8.6263076,80.986842
4062828960,School,Unknown,8.6172408,80.964416
4062848471,School,Unknown,8.5874876,80.8934287
4062872186,School,Unknown,8.5756536,80.7803172
4066675770,School,Dodanwala Maha Vidyalaya,7.2848408,80.5509752
4075459737,School,J/Punguduthivu Rajeswari Vidyasalai,9.5710934,79.8430573
4077501071,School,V/Veerapuram Manivasagar Vidyalayam,8.6390354,80.3689834
4078031235,School,Makuluduwa Primary School,6.8132605,79.9373899
4078188817,School,Deraniyagala Primary School,6.932587,80.3372922
4078258900,School,V/Dharmapala Vidyalayam,8.6644292,80.3969409
4078312595,School,V/Pavatkulam Maha Vidyalayam,8.699198,80.417449
4079999228,School,Mu/Kaiveli Ganesha Vidyalayam,9.3273381,80.6758089
4080120666,School,Kn/Tharmapuram Central College,9.4090429,80.5215406
4080160663,School,Kn/Vaddakachchi Primary School,9.3756137,80.4563553
4080807808,School,V/Kanararayankulam Primary School,9.0590085,80.5091351
4080814941,School,V/Kurisuddakulam GTMS,9.0330312,80.5179676
4080828018,School,V/Katkulam GTMS,9.0012107,80.6814215
4081191078,School,Fomer School (Thirunavakkarakar Vidyalaym),9.6067028,79.8487909
4082337970,School,V/Moorumurippu GTMS,8.7314072,80.4881787
4082354972,School,V/Kidachori Karuveppankulam GTMS,8.8209305,80.4028389
4082361696,School,V/Pampaimadu GTMS,8.7863737,80.4212438
4082836501,School,Lenagala Kanista Vidyalaya,6.8809302,80.0343875
4084549310,School,Kn/Vivekantha Vidyalayam,9.3661452,80.3931588
4089586377,School,Seethadevi Balika - Kandy,7.2784718,80.6168677
4089683556,School,Dharamwickrama girls college,7.2828133,80.6222768
4090315726,School,V/Cheddikulam Maha Vidyalayam,8.6614314,80.3136343
4090318840,School,V/Muthaliyakulam RCTMS,8.6295205,80.3323803
4090319261,School,V/Nochchikulam RCTMS,8.6172368,80.365267
4090324485,School,V/Konthakkarankulam GTMS,8.8899442,80.4886243
4090324758,School,V/Matharpannikankulam pre School,8.902595,80.4573069
4090325808,School,V/Kovilkunchchukkulam GTMS,8.9511644,80.3908793
4092719604,School,V/Saivapirakasa Ladies College,8.7563126,80.4976238
4092729454,School,Adventist International School,8.758937,80.4938392
4092733478,School,V/Church of Ceylon Tamil Maha Vidyalayam,8.7583326,80.5011509
4092752351,School,V/Madukanda National School ,8.7428694,80.535349
4092767467,School,V/Anantharpuliyankulam GTMS,8.9685579,80.5915628
4093099156,School,V/Navvi Sri Vaany Vidayalayam,8.934775,80.3972673
4093131382,School,V/Koliyakulam GTMS,8.891298,80.4742
4093153671,School,V/Palamoddai GTMS,8.9059998,80.4308797
4093204834,School,V/Vavuniya Hindu College,8.7385746,80.5084411
4096446324,School,V/Kovilmoddai Velankulam GTMS,8.796043,80.3372686
4099087960,School,Artigala Kanishta Vidyalaya,6.8917585,80.0579079
4099787028,School,"Sri Sunanda Maha Vidyalaya, Paadeniya",7.6569231,80.2198588
4107186758,School,Kn/Konavil Kanthi Primary Vidyalayam,9.3612784,80.3245642
4107188143,School,Kn/Konavil Maha Vidyalayam,9.3612046,80.3267697
4107951963,School,Kn/Puthumurippu Vigneswara Vidyalayam,9.3716786,80.3528407
4109685373,School,Kn/Kanagapuram Maha Vidyalayam,9.3856344,80.3932727
4109934199,School,Kn/St. Fatima RCTMS,9.402089,80.3646416
4112012353,School,Kn/Anaivilunthan GTMS,9.3205081,80.2568097
4112027176,School,Kn/Vannrikkulam Maha Vidyalayam,9.3246428,80.2301244
4112033310,School,Mu/Arokkiyapuram Tamil Vidyalayam,9.3111383,80.296324
4112036305,School,Mu/Amathipuram Tamil Vidyalayam,9.3105137,80.3328879
4112040110,School,Kn/Kariyalainagapaduwan No 2 GTMS,9.2696038,80.1598961
4112101929,School,Kn/Karukkaitivu Maha Vidyalayam,9.5126455,80.2426117
4112130598,School,Kn/Chellaiyathivu GTMS,9.469307,80.2306437
4120474674,School,V/Paddikudiyiruppu GTMS,9.0119193,80.696992
4120681716,School,V/Pandaravanniyan GTMS,9.1087563,80.4558663
4120738579,School,V/Poovarasankulam Maha Vidyalayam,8.7523175,80.3683968
4120740457,School,V/Iyankarayoor GTMS,8.7400883,80.3902809
4120766116,School,V/Periyathambanai GTMS,8.7900681,80.2571468
4120855108,School,V/Ganeshapuram Shanmuganatha,8.7587328,80.2135796
4121004912,School,V/Pramandu Vidyalayam,8.7815543,80.4848395
4123891457,School,Mu/Thanduvan GTMS,9.0968365,80.6753835
4124063057,School,Mu/Mulliyawalai Tamil Vidyalayam,9.2165066,80.7686422
4124063388,School,Mu/Kalaimagal Vidyalayam,9.2213071,80.7679138
4124115609,School,Mu/Karuvelankandal G.T.M.S,9.1714149,80.6775603
4124131763,School,Mu/Karipaddamurippu GTMS,9.1548619,80.5215919
4124711882,School,Mu/Vannivilankulam GTMS,9.1296453,80.39805
4124716480,School,Mu/Ambalpuram Tamil Vidyalayam,9.1108181,80.367923
4124717061,School,Mu/Kollavilankulam GTMS,9.1126084,80.3450603
4124718284,School,Mu/Palinagar MV,9.1081803,80.3249598
4124719331,School,Mu/Naddankandal GTMS,9.0593565,80.2899892
4124721067,School,Mn/Sinnavalayankaddu GTMS,8.9488443,80.332014
4124735699,School,Mn/Sinnapandivirichan GTMS,8.8230958,80.2044535
4124736896,School,Mn/Periyapandivirichan Maha Vidyalayam,8.8270503,80.2318711
4126532843,School,V/Manikka Illupaikulam GTMS,8.8387128,80.5021487
4126645357,School,V/Velikulam J.H.S,8.7490032,80.5162947
4126664807,School,V/Rajendrakulam G.T.M.S,8.7294065,80.4441218
4126676188,School,V/Adaikala Annai Vidyalayam,8.608633,80.3462695
4126691961,School,V/Annanagar Parameswara Vidyalayam,8.7657026,80.521723
4126695917,School,V/Matheena Vidyalayam,8.7743671,80.5171428
4126697843,School,V/Maharambaikulam GTMS,8.779458,80.5076076
4126722824,School,V/Anathakumarasamy Vidyalayam,8.8993056,80.5251379
4126724458,School,V/Nadarajanantha Vidyalayam,8.8919069,80.5081944
4126732389,School,V/Maruthodai GTMS,8.9712173,80.6766506
4151734734,School,V/Sri Sithivinagar School,8.7092842,80.3465639
4153708464,School,"V/Pavatkulam St-3, No. 9 J.H.S",8.6509148,80.3656741
4163277293,School,V/kunanatha Vidyalayam,8.735153,80.4895225
4163534745,School,V/Maniyarkulam Vidyalayam,8.7347645,80.3457561
4169949978,School,V/Paddaipirinthakulam GTMS,8.9987321,80.6608099
4170671140,School,V/Karupanichankulam GTMS,8.794765,80.5093449
4171750114,School,Mn/Mullikkulam GTMS,8.8846577,80.2993709
4171955995,School,V/Puthukulam Junior School,8.8111404,80.4625951
4171971851,School,V/Andiyapuliyankulam GMMS,8.7227407,80.2623803
4172023532,School,Kn/Paramankirai GTMS,9.5344793,80.1904087
4172028825,School,Kn/Vinasiyodai Kautharimunai GTMS,9.5841861,80.1008042
4172036255,School,Kn/Gnanimadam GTMS,9.5206448,80.2252694
4175053793,School,V/Vinayagar Vidyalayam,8.783746,80.455379
4175239339,School,V/Thirunajanasampanthar Vidyalayam,8.7870808,80.5140727
4175275320,School,V/Thampanaicholai Keetheeswara Vidyalayam,8.7883557,80.4954487
4176697682,School,V/Srinagarajah Vidyalayam,8.6810557,80.5270723
4177992798,School,Kn/Pallikkuda Vidyalayam,9.4884996,80.1943333
4178000502,School,Kn/Chempankundu GTMS,9.4383264,80.1994242
4178003784,School,Kn/Veravil Hindu Maha Vidyalayam,9.3531179,80.0801249
4178007512,School,Kn/Kiranchi GTMS,9.3347435,80.1076859
4178035723,School,Kn/Poonakary Nallur Maha Vidyalayam,9.4586622,80.2589907
4178037333,School,Kn/Sivanagar GTMS,9.3984821,80.3370107
4178080120,School,Kn/Nachchikuda GMMS,9.2650403,80.1216236
4178112991,School,Kn/Kariyalainagapaduwan No 3 GTMS,9.288245,80.168788
4178126965,School,Kn/Skanthapuram No1 GTMS,9.3324557,80.3049744
4178128527,School,Kn/Skanthapuram No-02 G.T.M School,9.3349833,80.2916009
4178136587,School,Kn/Kannakaipuram GTMS,9.3711352,80.2986605
4178158194,School,Kn/Barathi Vidyalayam,9.3506196,80.3974677
4178171565,School,Kn/Kanagambigaikulam GTMS,9.3566098,80.4134741
4180342014,School,V/Paranaddakal GTMS,8.8322173,80.4801941
4180352018,School,Kn/Santhapuram Kalaimahal Vidyalayam,9.3320773,80.4229483
4180395948,School,Kn/Punnaineeravi GTMS,9.3914195,80.5610713
4180396459,School,Kn/Piramanthanaru Maha Vidyalayam,9.4023139,80.5698958
4180401811,School,Kn/Kaddaikadu GTMS,9.3974979,80.5167666
4180415458,School,Kn/Nageswara Vidyalayam,9.4435891,80.536792
4180436650,School,Kn/Kallaru Tamil Vidyalayam,9.4282137,80.5708292
4180446451,School,Kn/Ramanathapuram East GTMS,9.3712533,80.4978678
4180450126,School,Kn/Ramanathapuram West GTMS,9.3756765,80.4744789
4180455589,School,Kn/Alagapuri GTMS,9.3570614,80.4871765
4180461049,School,Kn/Mayavanoor Vidyalayam,9.3560186,80.4699031
4180473489,School,Kn/Kalmadunagar GTMS,9.3755389,80.521954
4180473864,School,Kn/Kandawalai Maha Vidyalayam,9.4556816,80.4874815
4180477297,School,Kn/Murugananda M.V,9.4372655,80.4569346
4180488554,School,Kn/Mylvaganapuram G.T.M.S,9.4027902,80.5840364
4180509290,School,Kn/Periyakulam Iynar Vidyalayam,9.412835,80.4934019
4180512654,School,Kn/Akkarayan GTMS,9.3183248,80.3080586
4180537128,School,Kn/Hindu Primary School,9.3884477,80.3800973
4180539743,School,Kn/Oottupulam G.T.M.S,9.3527264,80.3517518
4180547309,School,Kn/Selvanagar GTMS,9.3694045,80.3715733
4186782502,School,V/Nedunkulam GSMS,8.7611875,80.5265679
4186791271,School,V/Poompukar Kannaki Vidyalayam,8.8306726,80.3815242
4186802705,School,V/Suntharapuram Saraswathy Vidyalayam,8.8014156,80.4414185
4186814889,School,V/Thavasiyakulam GTMS,8.8374252,80.4177131
4186837500,School,V/Sekkadipulavu GTMS,8.7354357,80.4265724
4186862310,School,V/Niththiyanagar Loogeswara Vidyalayam,8.7293487,80.3327568
4186867827,School,V/Kandasamy Nagar Vipulananda,8.7037962,80.3278537
4190143186,School,V/Mahamailankulama Vidyalaya,8.7202865,80.5344591
4191054460,School,V/Asikulam GTMS,8.6922532,80.5304749
4191939363,School,B J F Dhaham Pasela,6.9115265,79.8876289
4201572930,School,V/Katkarankulam Illango Vidyalayam,8.6430157,80.3416116
4201642544,School,V/Sri Subramaniyam Vidyalayam,8.6758195,80.3187194
4201655682,School,V/Madukkulam Navajothy Vidyalayam,8.7845977,80.3228335
4201699145,School,V/Mugathankulam GTMS,8.6704911,80.3020813
4201700584,School,V/Poosanipiddy Thayumanavar Vidyalayam,8.6651031,80.2911539
4201718996,School,V/Kristokulam GTMS,8.6806835,80.3014027
4201725290,School,V/Arivithoddam Sivanatha Vidyalayam,8.6974299,80.2707879
4201742551,School,V/Neeliyamoddai Saraswathi Vidyalayam,8.7557209,80.2948339
4201760685,School,V/Kannadi GTMS,8.7595807,80.2347551
4201786969,School,V/Ayisha Vidyalayam,8.7582306,80.400571
4206291489,School,V/Karappukuththy GTMS,9.0709946,80.5453793
4206297957,School,V/Sinadampan Barathi Vidyalayam,9.046438,80.5578621
4206299790,School,V/Ayilady GTMS,9.0453016,80.5761762
4206304523,School,V/Senaipulavu Umaiyal Vidyalayam,9.0570968,80.6676423
4206318102,School,V/Unchalkaddy GTMS,8.9633341,80.6573908
4206345780,School,V/Mamadu Sri Vani Vidyalayam,9.0740538,80.6691631
4206347245,School,V/Velankulam GTMS,9.0527951,80.6207867
4206352919,School,V/Muruganantha Vidyalayam,9.0437361,80.4943474
4206353707,School,V/Maraviluppai GTMS,9.077676,80.636864
4206361601,School,V/Nochchikkulamn Muththumari Vidyalayam,8.9540978,80.5838147
4206368115,School,V/Puthukkulam Pandithamani Kanapathipillai Vidyalayam,9.0406581,80.5063691
4210190543,School,V/Sivapuram GTMS,8.7567266,80.4393579
4210828557,School,V/Arafa Vidyalayam,8.7415441,80.4290791
4210882799,School,V/Parasakthy Vidyalayam,8.7335228,80.5192455
4211919335,School,V/Veemankallu GTMS,8.8014167,80.5463622
4214881793,School,V/Maraiyadithakulam GTMS,8.9127051,80.5401037
4214885389,School,V/Puthiyasinnakulam GTMS,8.8212538,80.5162118
4215608918,School,Unknown,6.2780512,80.4572139
4223598148,School,Pilimathalava Maha Vidyalaya,7.266847,80.5522044
4225534961,School,Unknown,6.3136974,80.4028435
4231531149,School,Sri Pannananda Primary School,7.1311727,79.8994719
4234048067,School,Bengamuwa Chethiyakandanarama Viharaya,6.2605129,80.6044644
4235822157,School,Unknown,6.8933567,79.9730933
4242694898,School,Academy of Design,6.8952851,79.8570252
4248201220,School,T/Namagal Vidyalayam,8.5863601,81.2278321
4255703430,School,T/Vipulanada College,8.5877933,81.2055223
4256486376,School,Morawaka Keerthi Abeywickrama National School,6.2707471,80.4980535
4267423779,School,V/Piramanlankulam Vigneswara Vidyalayam,8.7664467,80.2719928
4284001530,School,St Joseph's Convent - primery,7.2495547,80.3360265
4284093168,School,Kandy Royal international school,7.2517882,80.3377237
4292056491,School,Studio Lekha,6.8832479,79.8585612
4309700697,School,Yaathra,6.9252203,79.8676624
4310399690,School,Alexor international college,6.9364204,79.8730281
4322762451,School,J/Sri Somaskanda College,9.7450508,80.1057463
4327597789,School,Anuladevi girl school,6.0378996,80.2300911
4332131472,School,V/Mugathankulam Vigneswara Vidyalayam,8.6412388,80.3171592
4332135792,School,V/Anaivilunthan Muslim Vidyalayam,8.5856077,80.3186642
4333366508,School,Arabi Vidyalaya,7.1644315,79.940166
4333366509,School,Luthar Vidyalaya,7.1615741,79.9393655
4333444834,School,Bandarawatta Parakkrama Maha Vidyalaya -Bandarawaththa,7.0946215,80.0127371
4333444835,School,Sri Bhodi Vidyalaya,7.0883138,80.0117765
4333444836,School,Thakshila College,7.0879217,80.0130409
4333458980,School,Tiny Pre School,7.0872979,79.9915508
4333468506,School,St.Peters College,7.0944582,79.9954263
4336500842,School,Raddolugama Primary School,7.1400417,79.9015176
4347735690,School,Mercury Institute,6.9072024,79.8509243
4350781707,School,Urapola Central College,7.0984592,80.1447189
4350785492,School,Urapola kanishta vidyalaya,7.096597,80.145889
4350790795,School,Nissanka Vidyalaya,7.0789204,80.0479401
4350798402,School,Walpola Primary School,7.117606,80.120633
4350819691,School,Royal Institute,7.0920885,80.0171676
4350862789,School,Susipone higher education center,7.0918954,79.990166
4350873092,School,Walpola Maha Vidyalaya,7.1172,80.119493
4352143791,School,Henegama Central College,7.0195777,80.0485598
4352150289,School,Rathambale Primary School,7.072313,80.142682
4352150989,School,Kirindiwela Central College,7.04734,80.134647
4353401878,School,J/Karanthan Iramupillai Vidyalayam,9.7230473,80.0695005
4355286944,School,Kn/Mulankavil Maha Vidyalayam,9.2453493,80.1404324
4359578374,School,Anamaduwa central college,7.8758393,80.0131473
4359584181,School,Anamaduwa primary school,7.87282,80.0145813
4359833522,School,Vimalarathna kumaragama school,7.9138787,80.0449778
4362730494,School,Kn/Soranpattu Ganesha Vidyalayam,9.5873246,80.3700125
4362735983,School,J/Thalaiyadi RCTM School,9.625471,80.3982816
4362797332,School,J/Maruthankerni HTMS,9.6124842,80.408933
4362799002,School,J/Uduthurai Maha Vidyalayam,9.604537,80.4209839
4362813605,School,J/Vettilaikerni Parameswara Vidyalayam,9.5743355,80.4727288
4362823211,School,J/Kaddaikadu RCTM School,9.5599378,80.4866186
4362842941,School,Kn/Tharmakerni GTMS,9.5884573,80.3433703
4362867303,School,Kn/Palai Primary School,9.6094974,80.33115
4362870752,School,Kn/Palai RCTMS,9.595147,80.3247224
4362882018,School,Kn/Kilaali RCTMS,9.6193853,80.2676745
4362919879,School,J/Chempiyanpattu GTMS,9.6394372,80.3662573
4364252458,School,Kn/Valaipadu RCTMS,9.356779,80.0681219
4364309399,School,Kn/Muruganatha Primary Vidyalayam,9.4365511,80.4557487
4364333452,School,Kn/Nagendra Vidyalayam,9.4306478,80.5136327
4364342128,School,Kn/Kumarasamipuram GTMS,9.3763058,80.5632269
4364639590,School,J - Valvai American Mission Tamil Mixed School,9.8235614,80.171101
4365162153,School,Kn/St Anthony's RCTMS,9.4371806,80.4423579
4365169795,School,Unknown,6.7299698,79.8995048
4365174212,School,J/Ariyalai East GTMS,9.6225815,80.1010283
4365179481,School,J/Maravanpulo Sakalakalaavalli Vidyalayam,9.6317981,80.1352129
4365197385,School,J/Kovilakandy Mahaluxmy Vidyalayam,9.6513029,80.1168448
4365208327,School,Kn/Masar GTMS,9.5962203,80.3860811
4365217613,School,Kn/Kovilvayal CCTMS,9.5541916,80.4222285
4365574491,School,Thuruwila School,8.2274915,80.436293
4366476082,School,Kn/Kumulamunai GTMS,9.2745718,80.131092
4366477165,School,Kn/Iranaithivu RCTMS,9.2460881,80.1306923
4366510179,School,Kn/Samipulam GTMS,9.4463911,80.2782577
4366526714,School,Kn/Unionkulam GTMS,9.3379152,80.3214031
4366592544,School,Kn/Ramanathapuram Maha Vidyalayam,9.3677908,80.4837455
4367289191,School,Kn/Vembadukerni GTMS,9.6352402,80.3118804
4367339182,School,Kn/Paranthan GTMS,9.4342413,80.352355
4368272495,School,Kn/Madduvilnadu GTMS,9.5118144,80.1882262
4375477061,School,V/Alaikallupoddakulam Veeramamunivar Vidyalayalam,8.8709568,80.5523786
4375522637,School,V/Periyamadhu GTMS,9.0610265,80.5723166
4375556462,School,V/Kalmadukulam Unit 2 GMMS,8.8573145,80.3903021
4387362610,School,J/Kodikamam Thirunavkkarasu Central College,9.6800955,80.219566
4387363213,School,J/Kodikamam Thrunavkukarasu Primary School,9.6788779,80.2206348
4387380132,School,J/Nunavil West GTMS,9.660359,80.1368419
4387383501,School,J/Eruthidal GTMS,9.6924296,80.1149932
4387395831,School,J/Kachchai GTMS,9.6564675,80.2146299
4388494132,School,J - Amban American Mission Tamil Mixed School,9.7263606,80.2727949
4389150313,School,V/Al Aqsa Vidyalaya,8.5937416,80.3819951
4395578116,School,J/Kopay Navalar Tamil Vidyalayam,9.6998136,80.0620153
4395584967,School,J/Puthoor Methodist Mission Tamil Mixed School,9.7485351,80.1084879
4395820979,School,Mu/Thaneerootu HBTMS,9.2208379,80.7908592
4395823869,School,Mu/Thaneerootu Muslim Maha Vidyaalayam,9.2258997,80.7926418
4395825891,School,Mu/Silawathai Tamil Vidyalayam,9.240075,80.822724
4395827781,School,Mu/Mullaitivu R.C. Girls’ School,9.2537035,80.8174774
4395853073,School,Mu/Kallapadu GTMS,9.2526774,80.8215533
4397543011,School,Muruthalawa Primary School,7.2955973,80.5712192
4397816328,School,J/Chavakachcheri Ladies College,9.6659151,80.1615919
4397822845,School,J/Kalvayal Sri Shamuganatha Vidyalayam,9.6731411,80.1579482
4397868909,School,J/Kaithady Vigeswara Vidyalayam,9.6769451,80.103349
4397904820,School,J/Kokuvil Hindu Primary School,9.6939854,80.0151442
4398636575,School,J/Subramaniya Vidyasalai,9.7427089,79.8804453
4398639320,School,J/Yalton College,9.7435082,79.8718263
4399288175,School,J/Thoppukadu Maraignanasampatha Vidyalayam,9.705233,79.8728984
4399318407,School,J/Karai Uuri AMTM Vidyalayam,9.7175873,79.8897375
4399329421,School,J/Suntharamooorthy Nayanar Vidyalayam,9.7215638,79.8761066
4399385935,School,J/Thangodai AMTM School,9.744552,79.8681022
4400825829,School,J/Uyarappulam Methodist Mission Vidayalaym,9.6948524,80.00191
4400832367,School,J - Anaikoddai Roman Catholic Tamil Mixed School,9.6973985,80.0040812
4400856575,School,J - Saint Anne's Roman Catholic Tamil Mixed School,9.7132613,79.9985822
4400862482,School,J/Manipay Sothyvembadi Vidyasalai,9.7200428,79.9963426
4401039646,School,J/Allaipiddi Parasakthi Vidyalayam,9.6246624,79.9685351
4401045698,School,J/Velanai Saraswathi Vidyalayam,9.6381162,79.9032069
4401068461,School,J/Velanai Saivapirakasa Vidyasalai,9.6474763,79.8927598
4402350583,School,Bulathkohupitiya Tamil Maha Vidyalaya,7.1044562,80.3369708
4402669810,School,J/Kondavil Ramakrihan Maha Vidyalayam,9.7032106,80.0392988
4402674289,School,J/Sri Panjaseeha Vidyalayam,9.7349498,80.1049814
4402676786,School,J/Siruppiddy G.T.M. School,9.7418533,80.0934669
4402927168,School,Mn/Thalaimannar Pier GMMS,9.1029582,79.7328617
4402943398,School,Mn/Thalaimannar Pier GTMS,9.0906057,79.7270537
4402950635,School,Mn/St Lawrens RCTMS,9.0966286,79.7102278
4402982308,School,Mn/Thulukudrippu RCTMS,9.0775459,79.8069537
4402999878,School,Mn/St Fatima MMV,9.0854704,79.8190259
4403017332,School,Mn/St Mary's Vidyalayam,9.0836451,79.8280379
4403044129,School,Mn/Karisal RCTM (Junior) Vidyalayam,9.0670537,79.8411034
4403850457,School,J/Mallakam Maha Vidyalayam,9.7621773,80.0303598
4403852723,School,J/Dr Thangamma Appakuddy Junior School,9.7646161,80.0273572
4403855127,School,J/Elalai Mahavidyalayam,9.7639021,80.0385394
4403857274,School,J/Elalai Saiva Mahajana Vidyalayam,9.7654782,80.0493769
4404500843,School,J/Mahajana College,9.7863393,80.022473
4404545285,School,J/Kanagasabai Government Tamil Mixed School,9.7910748,80.0159547
4404594777,School,J/Mooalai Saivapragasa Vidyalayam,9.7505782,79.9397097
4404617072,School,J/Araly Valliyammai Memorial Vidyasalai,9.7238355,79.9426574
4404634558,School,J/Pandatheruipu Girls High School,9.7729903,79.9690339
4404644048,School,J - Silalai Roman Catholic Tamizh Mixed School,9.7775975,79.9618147
4405165143,School,Mn/Vellankulam GTMS,9.1838469,80.1260713
4405195297,School,Mn/Anthoyarpuram GTMS,9.0988439,80.082897
4405203710,School,Mn/Illupaikadavai GTMS,9.0922331,80.0809194
4405219729,School,Mn/Kalliyadi GTMS,9.0685688,80.0847161
4405229915,School,Mn/Aligarh MV,9.0202323,80.0522661
4405231707,School,Mn/Thuya Joseph Vaz M.V.,9.0235863,80.051369
4405233047,School,Mn/Pappaamoddai RCTMS,8.973526,80.0061673
4405236499,School,Mn/Adampan MMV,8.9403428,80.0008116
4405243489,School,Mn/Palaikuly RCTMS,8.9201419,79.9934689
4405864671,School,Mn/Periyakunchchukulam RCTMS,8.7043738,80.1635075
4405871036,School,Mn/Kaddaiadampan RCTMS,8.7911429,80.1278881
4405877392,School,Mn/Pannavedduvan GTMS,8.8003254,80.0979435
4405878392,School,Mannar Technical College,8.8051058,80.0990166
4405886521,School,Mn/DELA SALLE COLLEGE,8.8365745,79.9698397
4405886731,School,Mn/Murunkan Maha Vidyalayam,8.838078,80.0373179
4405889440,School,Mn/Mavilankerny RCTMS,8.8380304,80.0134207
4405897377,School,Mn/Alavakkai GTMS,8.8332138,80.0025082
4405903654,School,Mn/Naruvulikkulam GTMS,8.8639066,79.9453121
4406280946,School,J/Varany Central College,9.7195234,80.2251543
4406282354,School,J/Kudamiyan GTMS,9.7018614,80.2402745
4406283547,School,J/Mirusuvil GTMS,9.6930591,80.2591101
4406285528,School,J/Eluthumadduval GTMS,9.6790833,80.2745796
4406292225,School,J/Karampaikrurichi GTMS,9.730781,80.2194881
4406327872,School,J/Thumpalai Sivapirakasa Vithiyalayam,9.8216678,80.2451331
4406329780,School,J - Kallady Roman Catholic Tamil Mixed School,9.826747,80.2453024
4406329997,School,J/Holy Family Convent,9.8270721,80.2433135
4406333172,School,J/Vada Hindu Ladies College,9.8174026,80.2311945
4406335404,School,J/Puloly Methodist Mission Tamil Mixed School,9.8047083,80.2266558
4406356174,School,J/Sacred Heart College,9.7967151,80.2024928
4406357602,School,J/Karanavai Ponnampalam Vidyalayam,9.7987458,80.185804
4411284187,School,Mu/Sanmugaratnam Vidyalayam,9.1395073,80.4472223
4411720621,School,Proposed Place for Aanaivilunthan Muslim Maha Vidyalayam,8.5878839,80.3217004
4416335578,School,Mn/St Lucia's MV,8.9807854,79.9255737
4416341083,School,Mn/Al-azar Maha Vidyalaya,8.9801232,79.9142685
4416352255,School,Mn/St. Xavier's Girls' College,8.9813537,79.9084155
4416454586,School,Mu/Thunukkai GTMS,9.1502118,80.2739648
4416472028,School,Mu/Therankandal GTMS,9.1667976,80.3023076
4416473982,School,Mu/Iyankankulam GTMS,9.2102906,80.3310717
4416480751,School,Mu/Palaiyamurikandy GTM School,9.2480093,80.3242629
4416960680,School,Mn/Puthukkamam GTMS,8.876717,79.9547022
4416969915,School,Mn/Vanchiyankulam GTMS,8.8644419,79.965084
4416975832,School,Mn/Illukadipiddy RCTMS,8.8727167,79.9837653
4416976011,School,Mn/Sooriyakaddaikadu RCTMS,8.8559866,79.9796072
4416979771,School,Mn/Moddaikaddai GTMS,8.833859,79.965465
4416981122,School,Mn/Arippu Roman Catholic Tamil Vidyalayam,8.7973711,79.9319517
4416986145,School,Mn/Kokkupadaiyan RCTMS,8.7268753,79.9653274
4417920813,School,Mu/Kokilai GTMS,9.0000265,80.9494207
4417938446,School,Mu/Karunaddukkerny GTMS,9.0300482,80.9267021
4417944522,School,Mu/Kokkuththoduvai Maha Vidyalayam,9.0550634,80.915327
4417953159,School,Mu/Janakapura Primary School,9.0098922,80.8401936
4417961523,School,Mu/Chemmalai Maha Vidyalayam,9.1574281,80.8631316
4417968930,School,Mu/Sampathnuwara Maha Vidayalaya,8.976166,80.7745782
4417972209,School,Mu/Alambil RC Maha Vidyalayam,9.17252,80.8490524
4417980259,School,Mu/Uduppukulam Tamil Vidyalayam,9.203175,80.8300526
4418624188,School,Mu/Mulliyavalai RCTMS,9.2244222,80.7779806
4418624489,School,Unknown,9.2477768,80.779045
4419820321,School,Mu/Hindu Vidyalayam,9.2646562,80.8114018
4419821531,School,Mu/Mullaitivu Maha Vidyalayam,9.2650544,80.8095614
4419823145,School,Mu/Mullaitivu Muslim Vidyalayam,9.2664369,80.8175724
4419830474,School,Mu/Vedduvaikkal GTMS,9.2860798,80.8058942
4419853604,School,Mu/Ambalavanpokkanai Maha Vidyalayam,9.3459117,80.7384534
4419857253,School,Mu/Matalan RCTMS,9.359078,80.7261496
4419874251,School,Mu/Arasaratnam Vidyalayam,9.3145297,80.7178403
4419887150,School,Mu/Murippu Tamil Vidyalayam,9.1905221,80.8144774
4419888004,School,Mu/Puthukudrippu RCTMS,9.3107007,80.6996808
4419899323,School,Mu/Keppapilavu GTMS,9.2584898,80.7717974
4419903045,School,Mu/Katchilaimadu GTMS,9.1852406,80.6648854
4420657398,School,Mu/Ambakamam GTMS,9.212574,80.4920618
4420661500,School,Mu/Pulumachchinathakulam GTMS,9.1828554,80.4748196
4420670231,School,Mu/Olumadu Tamil Vidyalayam,9.154666,80.4860066
4420671592,School,Mu/Periyapuliyankulam GTMS,9.1410603,80.504357
4420683160,School,Mu/Muthayankattu Right Bank Maha Vidyalayam,9.1956544,80.6427331
4420683480,School,Mu/Muththuvinyagar Tamil Vidyalayam,9.1948758,80.6433553
4420686695,School,Mu/Muthayankattu Left Bank Maha Vidyalayam,9.2143021,80.6456325
4420705108,School,Mu/Paalaipaani Tamil Vidyalayam,9.0600733,80.3948308
4424673894,School,Mu/Kokulai GSMS,8.9909618,80.9588455
4424674389,School,Unknown,7.9037838,81.5564644
4424707852,School,Mu/Visvamadu Maha Vidyalayam,9.376122,80.5495665
4426709963,School,J/Paranchsothy Vidyalayam,9.7098836,80.0354521
4426729299,School,J - Kondavil Roman Catholic Tamil Mixed School,9.7082678,80.035211
4426734295,School,J/Kondavil Hindu College,9.705836,80.0239796
4426744857,School,J/Inuvil Central College,9.7190436,80.0228304
4426747913,School,J/Inuvil Hindu College,9.7178975,80.0173967
4426763142,School,J/Kuppilan Vigneswara Vidyalayam,9.7668399,80.0575711
4426769267,School,J/Veemankamam Maha Vidyalayam,9.8008235,80.0367919
4426772269,School,J/Elalai North American Mission Tamil Mixed School,9.7715875,80.0514723
4426792279,School,J/Veeragathipillai Maha Vidyalayam,9.8182978,80.1379755
4427164988,School,Mu/Ekathugaswewa Vidyalaya,8.9878328,80.8041384
4427455095,School,Unknown,7.6850536,81.7259259
4427456693,School,Unknown,7.7559759,81.6323623
4427470491,School,Unknown,7.539703,81.7878514
4427494191,School,Unknown,7.5478001,81.7875598
4427494689,School,Unknown,7.4690122,81.8074596
4428987894,School,Lunuketiya Madiththa Maha Vidyalaya,7.325493,80.7228148
4430200976,School,Ulapane Maha Vidyalaya,7.1094018,80.5651912
4430208615,School,Anuruddha National School,7.0534761,80.527334
4430612669,School,V/Parathi Vidyalayam,8.7421022,80.4411666
4430638871,School,V/Saivapiragasa Primary School,8.7571259,80.49696
4430685107,School,V/Pavatkulam Ganeswara Maha Vidyalayam,8.7192698,80.3817381
4431897992,School,Unknown,7.091959,79.991044
4433492984,School,Mu/Vavunikkulam Central Sulusu GTMS,9.0900182,80.3255032
4433497108,School,Mu/Pandiyankulam Maha Vidyalayam,9.0742611,80.3072381
4435551272,School,Rojasangama Maha Vidyalaya,7.0419312,80.6320814
4435651996,School,Unknown,7.145084,80.09314
4437128289,School,Unknown,6.9969779,79.9097288
4437596327,School,Gorokoya School,7.0648649,80.5527787
4437614117,School,Harangala Vidyalaya,7.0543058,80.5886279
4437616319,School,Niyamgamdora School,7.0507993,80.662839
4438996557,School,J - Achchuveli Central College,9.7773145,80.1150656
4439983688,School,Kadawatha Buddhist Primary School,7.0023905,79.9584128
4441635621,School,J/Urumbirai Chandothaya Vidyasalai,9.7175816,80.0416881
4442011587,School,Kiriwan Eliya School,6.9183415,80.5064626
4443541025,School,Samaneliya navodya vidyalaya,6.8297657,80.574743
4443924907,School,Agarapathana Sinhala School,6.862413,80.7084533
4443924908,School,Agarapatana Tamil Maha Vidyalayam,6.8606128,80.7104274
4443964357,School,Mu/Kathaliyar Sammalankulam  GTMS,9.1229448,80.6472694
4447444489,School,Gateway Achievers,6.8887532,79.875341
4447861590,School,Unknown,7.4567723,80.1399934
4447926492,School,Unknown,7.4564599,80.1412148
4449406698,School,Oxford College of Business,6.8996204,79.8595855
4452191889,School,Nuffied School for the Deaf and Blind,9.6720822,80.0917617
4452212071,School,J/Urumpirai Saiva Tamil Vidyalayam,9.7218494,80.0449568
4454516078,School,Mu/Anichiyankulam TM Vidyalayam,9.1324827,80.3141435
4454562606,School,Mu/Thirunagar Tamil Vidyalayam,9.1288679,80.2874614
4454591952,School,Mu/Kompavil Vigneswara Vidyalayam,9.3262676,80.6973877
4454598938,School,Mu/Vallipunam Maha Vidyalayam,9.3446523,80.6415465
4454617080,School,Mu/Kuravil TV,9.3390807,80.6066583
4454623898,School,Mu/Udaiyarkaddu Maha Vidyalayam,9.3547209,80.6087673
4454628766,School,Mu/Suthanthirapuram Tamil Maha Vidyalayam,9.3965832,80.6302698
4454630906,School,Mu/Iruddumadu Tamil Vidyalayam,9.3751319,80.6072456
4454632273,School,Karagastalawa Maha Vidyalaya,6.7198189,80.7817387
4456186385,School,J/Meesalai Vigneswara Maha Vidyalayam,9.6780289,80.1840138
4458867402,School,CP/ Kot/ Kahira Muslim Vidyalaya,7.0721039,80.5689409
4462637414,School,J/Saivapragasa Vidyalayam,9.5254837,79.6658688
4464428889,School,Unknown,7.2271299,81.8211126
4464475428,School,Lakpahana Adventist College,7.2295751,80.7461148
4464475457,School,Ududeniya Muslim Vidyalaya,7.202279,80.7463079
4465097846,School,J/Nelliady MMTMS,9.8086788,80.203118
4466178271,School,Puttlam Hindu Central College,8.0273287,79.8406538
4469412265,School,J/Kaddaively Yarkkaru Vinayagar Vidyalayam,9.7797429,80.2082627
4470836909,School,J/Vatharawattai Vigneaswara Vidyalayam,9.7302954,80.1406381
4471080688,School,J/Kapputhoo Ehampara Vidyalayam( Not Functioning),9.7474841,80.1707745
4478065253,School,J/Poompugar GTMS,9.6343982,80.0823977
4481087522,School,Basilica College Ragama,7.0234916,79.9268192
4485345490,School,Unknown,6.39735,80.2127255
4486679714,School,J - Mandaitivu Roman Catholic Tamil Mixed School,9.6063175,79.994109
4489821913,School,GTMS,7.6852483,81.5094159
4490079456,School,Primary School,6.4414042,80.4211975
4491745873,School,Mahanama Vidyalaya,6.7279846,79.9030856
4491760577,School,Thanthirimulla Vidyalaya,6.7287077,79.9254221
4492166009,School,Parakrama Maha Vidyalaya,6.715643,79.9341017
4497743189,School,J/Puttalai Maha Vidyalayam,9.8066648,80.23288
4500663896,School,Kn/Ramakrishan Vidyalayam,9.3623737,80.3819859
4500704552,School,Kn/Kilinochchi Central College Primary,9.3786229,80.4090595
4511528590,School,Unknown,6.3433349,81.2017601
4511681917,School,J/Thampasiddy MMTMS,9.8205343,80.224901
4511959177,School,J/Thevaraiyali Hindu College,9.8145346,80.2015914
4511961496,School,J/Alvai Srilanka Vidyasalai,9.8257356,80.2096761
4512927862,School,J/Karanavai Thamothara Vidyalayam,9.8056389,80.1821468
4513844665,School,V/Periyamadu Ambal Vidyalayam,8.9410406,80.4975939
4514668347,School,Karunaratne Buddhist School,7.0151681,79.898526
4520419335,School,J/Alaveddy Arunasalam Vidyalayam,9.7645825,80.0022446
4522452792,School,Unknown,7.2364775,79.8438433
4524976695,School,Unknown,6.7104133,79.9920707
4529447906,School,A/Poonavawa Navothaya Vidyalaya,8.61226,80.4704265
4530140063,School,A/Sriridhamma Vidyalaya,8.6382201,80.4560204
4530143390,School,A/Pahalu halhaththehama School,8.6617666,80.4762461
4531011341,School,J/Muththuthampi Vidyalayam,9.6916241,80.0326399
4535923238,School,J/Vayavilan Madya Maha Vidyalayam,9.7754793,80.0728651
4543409770,School,Peradeniya Hindu College,7.2574114,80.5892387
4548864205,School,J - Kottawattai American Mission Tamil Mixed School,9.8169296,80.1832795
4550744390,School,Unknown,6.8894303,79.997046
4551628065,School,J/Aiyanar Vidyalayam,9.6242198,79.8930908
4553215190,School,Unknown,6.846844,80.0059226
4557132091,School,Unknown,6.8032837,79.9166753
4561223836,School,Pubbara Primary School,6.9780539,81.3168432
4561229190,School,Bandaranayake Central College,7.2863195,81.0224696
4561921829,School,Unknown,9.7276634,79.9994331
4572205510,School,J/Kaithady Navatkuli GTMS,9.6389238,80.1138645
4573545394,School,V/Thiruvalluvar Vidyalayam,8.8287431,80.4476037
4576950134,School,Kn/Kannagaiamman Vidyalayam,9.5042864,80.4234374
4585262792,School,Unknown,6.8199855,79.8933965
4590075189,School,St Bridget's Convent - Primary School,6.909604,79.8654511
4590655529,School,Unknown,8.9041497,80.7752012
4595530333,School,Unknown,8.8899834,80.7688562
4603426289,School,Unknown,6.3252893,80.0349296
4604011274,School,V/Sinnathampanai Sri Krishna Vidyalayam,8.7911931,80.300193
4604910223,School,Mu/Kiriebbanwewa Vidyalaya,8.9938633,80.8228945
4605323408,School,Peradeniya Central College,7.2618267,80.586072
4615291590,School,Unknown,7.1092765,80.6347505
4618953790,School,හාතාගොඩ ශ්‍රී පියරතන බෞද්ධ ප්‍රාථමික විද්‍යාලය,7.0696115,80.2847374
4619057589,School,Unknown,7.0805878,80.2960338
4622347371,School,J/Kerudavil HTMS,9.8181993,80.1494163
4633779550,School,Mahabodhi Vidhyalaya,7.0027667,79.9445597
4640117947,School,J - Nallur Roman Catholic Tamil Mixed School,9.6833495,80.0374947
4641494127,School,Guidance International Junior School,6.7933167,79.9457769
4682730890,School,Unknown,6.1416376,80.1019365
4690796992,School,Unknown,6.8928468,79.872454
4690842989,School,Unknown,6.8937155,79.8762101
4695622010,School,Mu/Thanniruttu CCTMS,9.2230754,80.792135
4697627857,School,Mu/Periyaithimadu GTMS,9.1224299,80.6859062
4700425193,School,Mu/Koolamurippu GTMS,9.1895535,80.710191
4702882190,School,Unknown,6.8948981,79.8530941
4704758990,School,Unknown,7.4694066,80.0428029
4704832591,School,Unknown,7.4692659,80.0391165
4707684789,School,1st class,7.2904004,80.6303846
4711093189,School,Weerasekara collge,7.0792332,80.6581843
4711114093,School,Unknown,6.8296856,79.8805508
4759390189,School,Bt/Government Tamil Mixed School,7.6852233,81.5093178
4773082974,School,Mu/Udayarkaddu GTMS,9.3540169,80.6102672
4778511294,School,Ihala Thalduwa KV,6.9700625,80.2340659
4781510722,School,Mu/Thevipuram GTMS,9.3753071,80.6739711
4781520125,School,Mu/Aanathapuram GTMS,9.3286089,80.7198996
4781534147,School,Mu/Nethaliyaru Tamil Vidyalayam,9.3817754,80.5334557
4781541797,School,Mu/Theravil Tamil Vidyalayam,9.3417789,80.5682991
4781558986,School,Mu/Visuvanathar Primary School,9.3760829,80.5511437
4782466419,School,Mu/Kumulamunai Maha Vidyalayam,9.1536003,80.8236966
4786076423,School,Unknown,7.0349253,79.9378398
4789249382,School,Mu/Mulliwaikkal West Junior High School,9.3192119,80.7732113
4789438959,School,Mu/Sivanagar Tamil Vidyalayam,9.323056,80.7120057
4789444048,School,Mu/Mannakandal GTMS,9.2232338,80.6670833
4790331119,School,Mu/Venavil Sri Murugananda Vidyalayam,9.3095779,80.6857791
4790350134,School,Mu/Valaiyanmadam GTMS,9.3399198,80.7501765
4790906498,School,Mu/Barathy Maha Vidyalayam,9.3591581,80.5698193
4790929465,School,Mu/Pandiyankulam Primary School,9.0730197,80.3050097
4790933731,School,Mu/Siraddikulam gtms,9.0371463,80.2426328
4790952016,School,Mu/Kalvilankulam GTMS,9.1392179,80.2382705
4793396901,School,Mn/Eluthoor RCTMS,8.9901944,79.8929368
4793408063,School,Mn/Uyilankulam RCTMS,8.8908111,79.9852743
4793419541,School,Mn/Punithavalanar RCTMS,8.9928028,79.8687511
4793455688,School,Mn/Al-Mina MV,9.013724,79.8748576
4793480121,School,Mn/Erukkalampiddy Muslim Madhya Maha Vidyalayam,9.0366362,79.8759973
4793600182,School,Mn/Erukkalampiddy Mahalir Maha Vidyalayam,9.0332911,79.8791314
4793618946,School,Mn/Puthukkudrippu GMMS,9.0506718,79.8559597
4793637673,School,Mn/Kaddukkarankudrippu RCTMS,9.0858675,79.7412098
4793660947,School,Mn/Thalaimannar Pier RCTMS,9.0987836,79.7298209
4793677761,School,Mn/Karunkandal RCTMV,8.9080712,80.0139877
4793830823,School,Mn/Nochchikkulam RCTMS,8.9045164,79.9698738
4793844719,School,Mn/Siruthoppu RCTMS,9.0785605,79.8362613
4794383497,School,Mn/Gowriambal GTMS,8.95542,79.9603668
4794398567,School,Mn/Uyirtharasankulam RCTMS,8.8675227,80.0090905
4794406858,School,Mn/Thoddaveli GTMS,9.0361529,79.8616783
4794419283,School,Mn/Santhipuram GTMS,8.9824032,79.8935638
4796023756,School,Mn/Pandaraweli GMMS,8.7777373,79.9571493
4796085482,School,Mn/Ahathimurippu GMMS,8.7620416,79.9760696
4796256041,School,Garubawila Vidyalaya ගරුබවිල විද්‍යාලය,6.7030555,80.6640066
4796871536,School,J/St James Maha Vidyalayam,9.6536664,80.0163731
4796891653,School,J/St Roches Vidyalayam,9.6522923,80.0213026
4796905509,School,J/Hindu Ladies Primary School,9.6794061,80.0188973
4796914546,School,J/Kokuvil East Namagal Vidyalayam,9.6965139,80.0239469
4796976524,School,J/Kokkuvil Sri Gnanapanditha Vidyalayam,9.6961584,80.0091886
4797009245,School,J - Kokuvil Station Church of Ceylon Tamil Mixed School,9.6999873,80.0154961
4798825349,School,Al Ikbal Girls College,6.9210873,79.8529974
4799050971,School,Girambe School,6.9048204,80.8866652
4799068715,School,Erabadda School,6.8879977,80.8781592
4799532005,School,J/Skandavarodaya College,9.7536156,80.0096222
4799562448,School,J/Kanthorodai Tamil Kandiah Vidyalayam,9.7499334,80.0089891
4799604527,School,J/Mallakam Visaladchi Vidyasalai,9.7587067,80.0293347
4801240923,School,J/Uduvil Manns TM School,9.740139,80.0241228
4806313669,School,Mu/Kalyanipura Vidyalayam,9.0108174,80.774823
4806389656,School,Mn/Periyamurippu GTMS,8.6827446,80.1715902
4806414910,School,Mn/Parikarikandal GTMS,8.8146567,80.0307076
4806414911,School,Mn/Veppankulam GMMS,8.7868283,80.0030547
4806863220,School,V/Anpupuram Namagal Vidyalayam,8.6224966,80.3029829
4809199594,School,J/Manipay Ladies College,9.7145353,79.9975514
4809251782,School,J/Aanaikoddai Balasubramaniya Vidyalayam,9.7058269,79.9938767
4809254148,School,J/Manipay Hindu College,9.7146239,79.9947945
4809301074,School,J/Navaly Maha Vidyalayam,9.7167561,79.9830732
4809322372,School,J - Navaly Station American Mission Tamil Mixed School,9.7160491,79.9877509
4809331867,School,J - Navaly Saint Peters Roman Catholic Tamil Mixed School,9.7106933,79.987653
4809392714,School,J/Manipay Vivekananda Vidayasalai,9.7163785,79.9899009
4809426396,School,J/Kaddudai Saiva vidyalayam,9.7360631,79.9867635
4809436679,School,J/Sandilipay Hindu College,9.7466721,79.9866278
4809444590,School,J/Piranpattu Kalaimagal Vidyalayam,9.764976,79.9785785
4809467476,School,J - Pandatharippu Jacintha Roman Catholic Tamizh Mixed School,9.7704729,79.9800232
4810093832,School,J/Kopay Maha vidyalayam,9.6926017,80.0492401
4810093833,School,J - Irupalai Church of Ceylon Tamil Mixed School,9.6870112,80.0642905
4810093834,School,J/Kopay South Kandavel TMS,9.6824443,80.0588859
4810102645,School,J/Nallur Gnanothaya Vidyalayam,9.6817023,80.0415513
4811618418,School,Mn/Thatchanamaruthamadu Maha Vidyalayam,8.9085741,80.214061
4811623746,School,Mn/Palampaiddy GTMS,8.9294236,80.2130777
4811632260,School,Mn/Periyamadu Maha Vidyalayam,8.9736759,80.149925
4811654743,School,Mn/Kovilkulam GTMS,9.0395662,80.0907942
4811663054,School,Mn/Andankulam RCTMS,8.9276434,80.0326166
4815140516,School,J - Neervely Roman Catholic Tamil Mixed School,9.7282589,80.0847615
4815150274,School,J/Attiyar Hindu College,9.7204149,80.0840824
4818390747,School,J/Kokuvil Hindu College,9.6964321,80.0145414
4818397887,School,J/Thavady HTMS,9.7058996,80.0158778
4818405366,School,J/Suthumalai North TM Vidyalayam,9.7219008,80.0030032
4818437262,School,J/Eluvaithivu Murugavel Vidyalayam,9.6972592,79.810531
4818437263,School,J - Eluvaithivu Roman Catholic Tamil Mixed School,9.6891228,79.8114639
4819221474,School,J/Manthuvil GTMS,9.6944787,80.1935352
4819221475,School,J/Manthuvil Sri Bharathy Vidyalayam,9.7008564,80.202237
4828762556,School,J/Puttur Hindu Primary School,9.745352,80.1044049
4828838338,School,J/Urulu Ganesha Vidyalayam,9.7400815,80.0503253
4828853023,School,J/Atchelu Saivapragasa Vidyalayam,9.7395164,80.0692273
4829989221,School,T/Sri Shanmuga Hindu Ladies College,8.5753145,81.2329399
4833932490,School,G/Nindana Vidyalaya,6.2120997,80.1075058
4838471069,School,V/Rishad Bathiudeen Muslim Vidyalayam,8.7221559,80.4375659
4851339179,School,Kahabiliyawala Maha Vidyalaya,7.264156,80.2521311
4878007022,School,Unknown,7.2316688,79.8774736
4879623388,School,Ambuwangala School,7.3136917,80.326412
4880902534,School,Mu/Unnapilavu TV,9.2232506,80.7504045
4882143896,School,Unknown,6.9385097,80.746623
4883968142,School,Mu/Moonkilaaru Primary,9.3535622,80.5926794
4884171520,School,Naimbala Maha Vidyalaya,5.9983577,80.5563126
4884184841,School,Kithalagama (East) School,6.0201828,80.5603767
4884201552,School,Palolpitiya Maha Vidyalaya,6.0382514,80.560233
4884205339,School,Siri Rathanajothi Vidyalaya,6.0486909,80.5613997
4884216249,School,Koramburuwana School,6.1083338,80.5625683
4884221186,School,Ransegoda (North) School,6.1266795,80.5558424
4884232991,School,Diddenipotha Maha Vidyalaya,6.1567386,80.5755598
4884242657,School,Mawarala Maha Vidyalaya,6.1960948,80.582268
4884273880,School,Gomila School,6.2039717,80.5935868
4884290061,School,Pasgoda Maha Vidyalaya,6.2433502,80.6090213
4884294633,School,Bengamuwa Maha Vidyalaya,6.2561318,80.6046682
4890143757,School,Ginigathhena Central College,6.9859569,80.4926473
4892070654,School,Lenawa Primary School,7.9028734,80.7400446
4892070689,School,Wewala Wewa Maha Vidyalaya,7.8742009,80.7701389
4904980054,School,Galenbindunuwewa Primary School,8.2912377,80.7175344
4904980367,School,Galenbindunuwewa Central College,8.2846408,80.7149485
4920316192,School,D S Senanayaka Maha Vidyalaya,7.8578717,80.6896444
4933685075,School,Pattiwela School,7.778666,80.5596873
4933895507,School,Aluthwewa Kanitu Vidyalaya,7.794101,80.5178669
4936553807,School,H/Muthumala K.V,6.0197197,80.7182173
4936764750,School,Omaragolla Maha Vidyalaya,7.6882301,80.5383743
4938220363,School,CP/GL/AL Furkhan M.M.V,7.767638,80.5814264
4943264087,School,Ensef Pvt School,6.9258434,79.9275883
4944017281,School,Madawala Ulpatha Madya Maha Vidyalaya,7.6113074,80.6356211
4945177021,School,Unknown,6.9869567,79.8919438
4945203417,School,M D H Jayawardena Vidyalaya,6.9127523,79.9288284
4948522363,School,Melpitiya maha vidyalaya,7.6964498,80.626648
4961881685,School,Lenadora junior school,7.7493157,80.6597873
4962948825,School,Somadevi Girls School,6.9360606,79.9151888
4965487924,School,Thiththawelgolla junior school,7.828262,80.6577598
4971900430,School,Ambana maha vidyalaya,7.6574384,80.6940489
4971920335,School,Andawala maha vidyalaya,7.6159299,80.6710105
4986424413,School,Maraka Maha Vidyalaya,7.5880318,80.9583927
4991673098,School,Welamitiyawa Siri Gunarathana Kanishta Vidyalaya,7.4653111,80.2238391
5019111663,School,Kosgama Maha Vidyalaya,6.9410111,80.1491126
5020556191,School,J/Pannagam Meyhandan Maha Vidyalayam,9.7585955,79.9505893
5030141283,School,Kolongoda Central College,7.4720338,80.9493365
5051038409,School,J/Garthigesu Vidyalayam,9.608712,79.9983097
5051611415,School,J - Allaipiddy Roman Catholic Tamil Mixed School,9.6207766,79.9674423
5051954149,School,J/Velanai Athithisoody Vidyalayam,9.6529232,79.9072459
5051954195,School,J - Saravanai Sinnamadu Roman Catholic Tamil Mixed School,9.6605574,79.8857121
5051954196,School,J/Velanai West Nadarajah Vidiyalayam,9.6478168,79.8814009
5051954197,School,J - Suruvil Roman Catholic Tamil Mixed School,9.6391245,79.8744428
5051954199,School,J/Saravaanai Nageswary M.V,9.6647002,79.8944937
5051954200,School,J/Thampaddy GTMS,9.6935588,79.8846828
5051954201,School,J/Kayts St.Marys R.C Girls Vidayalaym,9.6992123,79.8633297
5052079516,School,J/Karampon Shanmuganatha M.V,9.6903239,79.8566416
5052079517,School,J/Karampon Little Flowers Girls M.Vid,9.6845483,79.8643836
5052079518,School,J - Melinchimunai Roman Catholic Tamil Mixed School,9.675417,79.8548614
5052079821,School,J/Velanai East Maha Vidiyalayam,9.6277081,79.9025768
5052079823,School,J/Delft Mavilithurai R.C.T.M Vidyalayam,9.5274069,79.7169828
5052079825,School,J/Delft MV,9.5273028,79.7073495
5052079826,School,J/Delft R.C.Ladies College,9.5234086,79.702196
5052503441,School,J/Veerappiddy Ganesha Vidyalayam,9.731868,79.8625998
5052503442,School,J/Karai Meigandan Vidyalayam,9.7498171,79.8751586
5052503443,School,J/Valanthalai North A.M.T.M Vidyalayam,9.7492902,79.8884814
5052503444,School,J/Ponnalai Varatharaja Perumal Vidiyasalai,9.7541101,79.9204295
5052503445,School,J - Moolai American Mission Tamil Mixed School,9.748962,79.9356947
5056879481,School,J/Chulipuram Aikiya Sanga Saiva Vidyasalai,9.7623865,79.9384787
5056879482,School,J/Victoria College,9.7598397,79.9427058
5056879483,School,J/Chulipuram North Arumuga Vidyalayam,9.7703661,79.9483096
5056879484,School,Nunasai school,9.7941933,79.9549614
5056879485,School,J - Mathagal Saint Thomas Roman Catholic Girls School,9.7885782,79.9660148
5056879486,School,Mathagal Vigneswara Vidyalayam,9.7910982,79.9656181
5056879487,School,J - Mareesankoodal Roman Catholic Tamizh Mixed School,9.8016508,79.9803759
5056879488,School,J/Mareesankoodal Subramaniya Vidyalayam,9.8014055,79.9824657
5056879490,School,J/Kadduvanpulam Maha Vidyalayam,9.7799323,80.0400655
5056879491,School,J/Saivapiragasa Vidyasalai,9.7810886,80.0280595
5056879492,School,J - Alaveddy North American Mission Tamil Mixed School,9.7752281,80.0162116
5056879493,School,J/Sathanantha Vidyalayam,9.7730292,80.011188
5057443063,School,J/Karthikeya Vidyalayam,9.7412871,79.9469312
5057443064,School,J - Vaddu Central College,9.734834,79.9560486
5057443065,School,J - Thunavi American Mission Tamil Mixed School,9.7278753,79.9614345
5057443066,School,J/Sangarathai Sinnamah Vidyasalai,9.7337016,79.9645258
5057443067,School,J - Chankanai Station American Mission Tamil Mixed School,9.7389591,79.9713797
5057443068,School,J/Chankanai Sivapragasa Maha Vidyalayam,9.7500815,79.977236
5057455845,School,J/Chankanai East Vigneswara Vidyasalai,9.7599532,79.9728622
5059336846,School,J/Kollankaladdy Saiva TMS,9.7964317,80.0248099
5059336847,School,J/Kulamangal R.C Vidyalayam,9.7693456,80.0235262
5059336848,School,J/Alaveddy Seenankaladdy Gnanodaya Vidyalayam,9.7823986,80.0088341
5059336849,School,J/Arunodaya College,9.7689801,80.0061983
5059336850,School,J - Alaveddy South American Mission Tamil Mixed School,9.7612498,80.0052716
5059378916,School,J - Uduvil Malwatha Roman Catholic Tamil Mixed School,9.7301989,80.0132201
5059378917,School,J/Sanguvely GTMS,9.7356764,80.0030326
5059378918,School,J - Puthumadam Roman Catholic Tamil Mixed School,9.7228203,80.0055546
5059378919,School,J/Araly Hindu College,9.7155097,79.9580073
5062915747,School,Ranjan Wijeratne Maha Vidyalaya,6.8927355,80.27386
5069149278,School,Polgaswaththa School,6.9318926,80.4285149
5080663569,School,Algama Central College,7.155142,80.1642487
5080700329,School,Uduwaka Junior School,7.1479304,80.1907841
5081174312,School,Knuckles tamil school,7.4054472,80.7786136
5099940916,School,Kannan viththiyalayam,7.4745907,81.6731986
5100295089,School,BT/ kandumani maha vidyalayam,7.5441691,81.7580616
5106951413,School,Mahalakotuwa sri sumana maha vidyala,7.5329166,80.7590754
5112399236,School,Vidyaloka Maha Vidyalaya,7.1394259,80.0737411
5124025380,School,Rattota Hindu Maha Vidyalaya,7.5207555,80.6765403
5124245210,School,Bogahakumbura Maha Vidyalaya,6.8625404,80.8734836
5138829181,School,R/ Rambuka Maha vidyalaya,6.448947,80.5118922
5140700400,School,Munidasa Kumaratunga Vidyalaya - Bomiriya,6.9348108,79.9939263
5154653360,School,Pothupitiya Maha vidyalaya,6.424193,80.517844
5156317821,School,Godakumbura Miyanavita Maha Vidyalaya,6.5135903,80.52038
5156572433,School,S Mahinda Himi Vidyalaya,6.9473271,79.9069463
5160535660,School,Ankumbura Parakrama Central College. (National School),7.4382685,80.5731649
5160571170,School,Ihalamulla Weluwana Maha Vidyalaya,7.4580722,80.5656778
5160659383,School,Pujapitiya Primary School,7.3700435,80.5967592
5162838173,School,Pujapitiya Central College,7.3716708,80.593447
5162864524,School,Weddagala South Maha vidyalaya,6.4541375,80.4339606
5164664047,School,Thalduwa Buddist College,6.9611618,80.2202555
5164676799,School,D.S.Senanayake Central College,7.459988,80.2928676
5164918945,School,Marathugoda Pre School,7.3819572,80.5683893
5164945577,School,Marathugoda Nalanda College,7.3793464,80.5715925
5169471075,School,Sri Rathnakaa Maha Vidyalaya,6.6462379,80.3539652
5172629872,School,Pathway Montessori International,6.8493904,79.9489167
5174143431,School,Sri Dharmaloka Vidyalya - Kelaniya,6.961568,79.9015144
5174218748,School,Presidents College,6.9543205,79.9019351
5176047194,School,Leeds International School,6.2415375,80.0502812
5176116726,School,Madampagama Central College,6.2120577,80.0639792
5176730864,School,Unknown,6.7861875,79.9704859
5178104822,School,Unknown,6.8956241,79.8526475
5178155074,School,Mahabodhi Maha Vidyalaya,8.3569313,80.3986332
5179242321,School,Good Shepherd Convent,6.9497998,79.8634546
5179401054,School,Kithulgolla Kanishta Vidyalaya,7.4324679,80.5590673
5179401283,School,Pahalakithugolla Pre School,7.4327621,80.5584095
5179415561,School,Udagama Devananda Vidyalaya,7.4242955,80.5673241
5181361931,School,Dolapihilla Maha Vidyalaya,7.3902141,80.57891
5185289621,School,Unknown,6.8615032,79.8651112
5197854103,School,Mirissala Maha Vdyalaya,7.4549005,80.5552662
5206283380,School,Hamsa College,6.9629355,79.8642774
5206524753,School,OKI International School,6.9769472,79.9230295
5206711355,School,Mu/Panikkankulam GTMS,9.1787053,80.4288087
5207531550,School,Madurankuliya Maha Vidyalaya,7.9007095,79.8213312
5211060846,School,Unknown,7.1050169,80.8257066
5219301114,School,Owilikanda Primary School,7.4579566,80.5867633
5220190796,School,Ragala High School,7.0138064,80.8617139
5249975440,School,Nikawathalanda Maha Viddyalaya,7.7255254,81.0782248
5249999126,School,Sandagalathanna Primary school,7.7363293,81.0821038
5250108243,School,Sri Sangabodhi Maha Vidyalaya,6.9591667,79.8751783
5251514064,School,Vilayaya Madya Maha Vidyalaya,7.7822951,81.188329
5255327267,School,Hadunuwewa Central Collage,7.0571505,80.6508464
5274043368,School,Laxapana Central College,6.929889,80.4905917
5289859421,School,Beraverts Ryl College,7.2803248,80.6546383
5296886959,School,Roaman Catholic Primary School - Peliyagoda,6.9578017,79.8976206
5304277933,School,weppasawela madiya maha vidyalaya,6.907333,80.9846349
5304277934,School,weppasawela madhiya maha vidyalaya,6.9073247,80.9846127
5304947356,School,Mu/Alankulam GTMS,9.170856,80.2796543
5304959257,School,Mu/Uyilankulam GTMS,9.1923885,80.2804402
5304970260,School,Mu/Koddaikaddiyakulam GTMS,9.2416161,80.2726894
5304977320,School,Mu/Thenniyankulam GTMS,9.2138952,80.2569333
5306738077,School,Mangedara Primary School,7.2551883,80.2207732
5336328530,School,Kn/Elephantpass GTMS,9.4409644,80.4164544
5346933749,School,Pannila Primary School,6.4354284,80.1132818
5346934744,School,Pannila Maha Vidyalaya,6.4362936,80.112811
5377242221,School,Dahampasala matale,7.475456,80.6224438
5378347102,School,Tamil School,6.7684984,80.9618783
5385075809,School,Medaoya Vidyalaya,7.2308047,81.0227859
5385075816,School,Dambagolla Sri Sumana Vidayalaya,7.2538899,81.0144925
5395803304,School,Rupaha School,7.0311232,80.9078345
5398371669,School,Kohowila Kandura Vidyalaya,6.998797,81.0388389
5403371739,School,Viharawela School,6.7403576,80.7482578
5403414651,School,Saraswathi Maha Vidyalaya,7.4423549,79.8304631
5404926528,School,Kulugammana Sri Pemarathana Maha Vidyalaya,7.3148726,80.5939677
5406840527,School,Nillamba Maha Vidyalaya,7.1915976,80.6362662
5406842202,School,Legundeniya Primary School,7.1685837,80.6145725
5406842215,School,Wewathenna Maha Vidyalaya,7.1658826,80.5942762
5406843142,School,Naranwita Primary School,7.1761177,80.590623
5461670222,School,Unknown,6.8915657,79.8710484
5461718923,School,Unknown,6.8603888,79.8861461
5488611321,School,Unknown,6.9281906,79.907954
5503562825,School,Mu/Mullivakkal East GTMS,9.3063122,80.7852227
5503711446,School,Mu/Paranagamuvava Vidyalaya,8.969368,80.7720404
5503725893,School,Mu/Ethawetuwewa Maha Vidyalaya,8.976053,80.7449191
5573272529,School,Unknown,6.8884001,81.0456885
5575841476,School,Mahakanda School,7.1106674,80.2032624
5578246161,School,Ulhitiyawa School,7.3943355,81.084805
5583448053,School,D.B. Welagedara Central College,7.4779259,80.3371006
5599326514,School,Dewathura Vidyalaya,6.8606286,81.1412269
5601032565,School,Mn/Marichukaddy GMMS,8.5938802,79.9494058
5601032566,School,Mn/Palaikuli GMMS,8.580102,79.9522613
5601032567,School,Mn/Karadikuli GMMS,8.5979564,79.9333686
5601058254,School,Mn/Chilawathurai GMMS,8.7475928,79.9524038
5601058255,School,Mn/Saveriyapuram RCTMS,8.760439,79.9439875
5601058256,School,Mn/Musali Maha Vidyalayam,8.7626764,79.9535898
5601058257,School,Mn/Periyapullachi Potkerny GMMS,8.7770699,79.983941
5601058258,School,Mn/Maruthamadhu GTMS,8.7923402,80.0228738
5601087750,School,Mn/Madhukkari GTMS,8.8010421,79.9828701
5601087751,School,Mn/Malihaipiddy GTMS,8.852578,80.0085518
5601087752,School,Mn/Ilanthaimoddai GMMS,8.8700696,79.9931088
5601834053,School,Mn/Achchankulam GTMS,8.8284922,79.935852
5601834054,School,Mn/Nochchikkulam Hijira GMMS,8.8193299,79.9748074
5601834055,School,Mn/Valikaippandandal RCTMS,8.8195766,79.9959898
5601834056,School,Mn/Ponthivukandal RCTMS,8.8192689,80.0099551
5601834057,School,Mn/Katkidathakulam RCTMS,8.8242384,80.0604681
5602140350,School,Mn/Isaimalathalvu RCTMS,8.8086927,80.0793056
5602140351,School,Mn/Sinhala Maha Vidyalayam,8.7760781,80.145284
5602181445,School,Mn/Cheddiyarkaddaiadampan GTMS,8.8379071,80.0758681
5602512618,School,V/Katharsinnakulam MV,8.7769289,80.5225962
5606158822,School,Unknown,6.8431388,79.8682149
5613318734,School,J - Thiruvadinilai S Tamil Mixed School,9.7633458,79.9249047
5614421186,School,Mn/Navatkulam RCTMS,8.9357775,79.9639466
5614421187,School,Mn/Thiruketheeswaram HBTMS,8.9436889,79.9872673
5614421188,School,Mn/Adampan RCTMS,8.9392787,79.9980282
5614421189,School,Mn/Sornapuri GMMS,8.9323946,80.0069565
5614421190,School,Mn/Maruthonduwan Velankulam GTMS,8.9431711,80.034267
5614421191,School,Mn/Marathy Kannaddy RCTMS,8.9459049,80.0202515
5614448756,School,Mn/Minnukkan GMMS,8.9544723,79.9976626
5614448757,School,Mn/Parappukadanthan GTMS,8.9187134,80.0596804
5614448758,School,Mn/Palaiyadiputhukulam RCTMS,8.908086,80.0427786
5614448759,School,Mn/Vaddakandal GTMS,8.9032974,80.0358379
5614448760,School,Mn/Parappankandal RCTMS,8.8890212,80.0087518
5614448761,School,Mn/Vannamoddai GTMS,8.8897269,79.9976908
5614451591,School,Mn/Athimoddi GTMS,9.0612814,80.111338
5614653921,School,V/Gamini Vidyalaya,8.7622588,80.4944262
5617752552,School,J/Delft Mankaiyatkarai Vidyalayam,9.541454,79.6513927
5617752553,School,J/Delft Sris Kanda Vidyalayam,9.5183904,79.6581362
5617781146,School,J/Mankumpan GTMS,9.63644,79.936258
5617803840,School,J - Naranthanai Roman Catholic Tamil Mixed School,9.6768609,79.8824421
5617803841,School,J/Naranthanai Ganesha Vidyalayam,9.6846049,79.8897688
5617850353,School,J/Paruthiyadaippu Ganeshapatha Vidyalayam,9.7019618,79.8576905
5623328568,School,Mu/Vinayagapuram GTMS,9.1084796,80.2623217
5623353308,School,Mu/Panangamam Poovarasankulam GTMS,9.1035734,80.2784474
5623353309,School,Mu/Panangamam Moonrumurippu GTMS,9.0437665,80.302436
5623353310,School,Mu/Moonrumurippu GTMS,8.9833261,80.3488636
5623897683,School,Kg/ Kobbewala KMV,7.240747,80.2994479
5623994832,School,An Noor Primary School,7.0553871,80.5724629
5625769371,School,யா - சுழிபுரம் கிழக்கு அமெதக பாடசாலை,9.7620656,79.9508719
5625769372,School,J - Pannakam North American Mission Tamizh Mixed School,9.7712471,79.9570592
5625769373,School,J/Pandatrtuppu Hindu College,9.770829,79.9663146
5625769374,School,J/Vadaliyadaippu Saivapiragasa Vidyasalai,9.7651953,79.9683267
5625784343,School,யா - பெரியவிளான் றோதக பாடசாலை,9.7786163,79.9861926
5625784344,School,J/Sriuvilan Kanagasanbai Vidyalayam,9.7881607,79.996444
5625946495,School,J/Illavalai Convent MV,9.793958,79.993561
5625946496,School,J/Ilavalai RCT Boys School,9.7940029,79.9916968
5625946497,School,J/St Henry's College,9.7957534,79.9902372
5625970783,School,J - Valiththoondal Roman Catholic Tamil Mixed School,9.8123164,80.0066304
5625970784,School,J - Maviddapuram North American Mission Tamil Mixed School,9.7952693,80.0312397
5625970785,School,J/Thanthai Chelva Thodakka Nilai Palli,9.7867151,80.0338002
5627093888,School,Mn/Vilathikkulam GTMS,8.8939209,80.3576675
5627093889,School,Mn/Kakaiyankulam GMTMS,8.8617604,80.3747368
5627121937,School,Mn/Koorai GTMS,9.0482938,80.1711166
5627121938,School,Mn/Keerisuddan GTMS,8.9085655,80.2616379
5628336358,School,J/Kathiripay Subramaniya Vidyalayam,9.790536,80.1189366
5628336359,School,J/Pathameni Ratneshwary Vidyalayam,9.7828986,80.1172748
5628336360,School,J/Thoppu Arulnanthi Vidyalayam,9.7676806,80.1070052
5628336361,School,J - Neerveli Church of Ceylon Tamil Mixed School,9.7241925,80.0777494
5628336362,School,J/Kuddiyapulam GTMS,9.7648576,80.0871974
5628336363,School,J/Punnalaikadduvan Maha Vidyalayam,9.7593464,80.0644234
5628336364,School,J - Punnakaikkadduvan Sithyvinayagar Vidyalayam,9.7545702,80.0614291
5628336365,School,J/Evenai GTMS,9.7560144,80.0720511
5628336366,School,J/Atchelu MMTMS,9.743624,80.0704033
5628363067,School,J/Ealalai Srimurugan Vidyalayam,9.7506177,80.0483301
5628363068,School,J - Earlalai St Isidore Roman Catholic Tamil Mixed School,9.7606727,80.0490138
5628574817,School,J/Kervil GTMS,9.5371934,80.4984969
5628574818,School,Kn/Muhavil GTMS,9.5889773,80.4007672
5628574819,School,Kn/Soranpattu CCTMS,9.5693912,80.3700121
5628574820,School,Kn/Allippalai CCTMS,9.5991824,80.308219
5628575621,School,J/Vidathatpalai Kamalasini Vidyalayam,9.6417485,80.246358
5628575622,School,J/Karampakam GTMS,9.660059,80.2573774
5628575623,School,J/Usan Ramanathan Maha Vidyalayam,9.6644276,80.2431703
5628575624,School,J - Pokkady Roman Catholic Tamil Mixed School,9.6714779,80.2352651
5628575625,School,J/Pokkady GTMS,9.6656082,80.2299474
5628575626,School,J/Kodikamam Government Vidiyalayam,9.6814052,80.2268131
5628575627,School,J/Allarai GTMS,9.6651928,80.1965475
5628575628,School,J/Chavakachcheri Skathiamman TMS,9.6582447,80.1666783
5628575629,School,J - Chavakachcheri Roman Catholic Tamil Mixed School,9.6572541,80.1733611
5628575630,School,J/Chavakachcheri Hindu Primary School,9.6646929,80.1773587
5628575631,School,J/Meesalai Kamalambikai Vidyalayam,9.6614979,80.1845066
5629500984,School,Kn/Vaddakkachchi South GTMS,9.3545169,80.4581669
5630208507,School,J/Kaithady Kalaivani Vidyalayam,9.6838647,80.0887092
5630208508,School,J/Kaithady Nunavil GTMS,9.6701,80.1253871
5630208509,School,J - Madduvil South American Mission Tamil Mixed School,9.6761102,80.1358707
5630208510,School,J/Madduvil Santhanayaki Vidyalayam,9.6824583,80.1420461
5630208511,School,J/Madduvil North GTMS,9.6856585,80.1523212
5630208512,School,J/Sarasalai Sri Ganesha Vidyalayam,9.702165,80.1714083
5630208513,School,J/Sarasalai Saraswathy Vidyalayam,9.6940273,80.167197
5630208514,School,J/Navatkadu Kanapathippillai Vidyalayam,9.7045799,80.2239693
5630208515,School,J - Iyattalai American Mission Tamil Mixed School,9.712597,80.213576
5630208516,School,J/Varany North Saivaprakasa Vidyalayam,9.7452329,80.2327973
5630208517,School,J/Idaikkurichi Sri Subramaninia Vidyalayam,9.7271551,80.232058
5630208518,School,J - Karampai American Mission Tamil Mixed School,9.7140073,80.2360164
5630208520,School,J - Manatkadu Roman Catholic Tamil Mixed School,9.7721706,80.2751387
5630208721,School,J/Nagarkovil Maha Vidyalayam,9.7043382,80.3138871
5632183375,School,Ginigathgala School,6.7698915,80.8669656
5635980837,School,Dharul Ilmu,7.3952327,81.8378497
5639216635,School,Morathiha Junior School,7.5168916,80.4902167
5639561332,School,Unknown,7.2256691,80.4759183
5640724348,School,J/Uduppiddy Saivapiragasa Vidyalayam,9.80281,80.1510417
5641992884,School,J/Uduppiddy AM College,9.8054363,80.1652974
5641992885,School,J/Imayanan GTMS,9.798223,80.1697675
5641992886,School,J/Karanavai MV,9.7853586,80.1737645
5641992887,School,J/Karanavai Maniyakaran Thoddam GTMS,9.7927126,80.1811093
5641992888,School,J/Karavavai Vetharanieswara Vidyalayam,9.7930232,80.1882913
5641992889,School,J/Vigneswara Primary School,9.791933,80.1953743
5641992890,School,J/Vigneswara College,9.7910868,80.1954386
5641992891,School,J/Karaveddy Srinaratha Vidyalayam,9.7952407,80.1974705
5641992892,School,J/Karaveddy Saraswathy Mahalir Vidyalayam,9.7922045,80.2005661
5641992894,School,J/Karaveddy East GTMS,9.7789322,80.202436
5641992895,School,J/Kaddaively MMTMS,9.7886326,80.2097243
5643842958,School,J/Thunnalai North MMTMS,9.7922809,80.2227438
5645820494,School,J/Thadatheru MMTMS,9.8185569,80.2363547
5645820495,School,J/Mathanai MMTMS,9.8157913,80.2393338
5645820496,School,J/Puloly East GTMS,9.810146,80.2389658
5647108892,School,J/Chithampara College,9.8242,80.1607587
5647299292,School,J/Vettilaikerny RCTMS,9.5748267,80.4668502
5647299293,School,Mu/Ampalaperumalkulam GTMS,9.2654552,80.2788154
5647299295,School,V/Vaarudaiyar Illuppaikkulam GTMS,8.9136799,80.4228494
5647299296,School,V/Vilaththikkulam Sithamparam Vidyalayam,8.864742,80.4859941
5647299297,School,V/Maruthoday GTMS,8.866424,80.5182049
5647299298,School,V/Nampankulam Sri Muthumari Amman Vidyalayam,8.8520086,80.5197061
5647299299,School,V/Chemamadu Unit II GTMS,8.8916832,80.5956042
5648624700,School,V/Kudakachchakodiya Vidyalaya,8.7197228,80.5603786
5648624701,School,V/Atambagaskda Vidyalaya,8.7840471,80.5323993
5648645936,School,V/Maradammaduwa GSMS,8.5781781,80.368582
5652627630,School,V/Stage I Vidyalaya,8.6968313,80.386073
5652627632,School,V/Palayauruwa GSMS,8.717307,80.3954345
5653176042,School,Unknown,7.8533741,80.625275
5653176043,School,Unknown,7.852755,80.6253181
5653176044,School,Unknown,7.8518175,80.6256971
5656033295,School,Mn/Olaithoduvai RCTMS,9.0356574,79.8412354
5656033296,School,Mn/Erukkalampiddy East GMMS,9.0349282,79.8854643
5656033297,School,Mn/Sirulkkandal RCTMS,8.8185601,80.0380962
5656033298,School,Mu/Periyakulam GTMS,9.1706232,80.6340945
5656033299,School,Mu/Oddusuddan HTMS,9.1521245,80.6487671
5656033300,School,Mu/Oddusuddan Maha Vidyalayam,9.1630537,80.6579741
5656033301,School,Mu/Peraru Tamil Vidyalayam,9.2031882,80.6801872
5656033302,School,Mu/Alaikallupooddakulam GTMS,9.0887952,80.6542605
5656033303,School,Mu/Mamadu Palampasi GTMS,9.0802063,80.6857789
5656033304,School,Mu/Othiyamalai GTMS,9.0502335,80.7054859
5656033306,School,V/Nochchikulam No 1 JSV,8.8882187,80.5564479
5658887167,School,J/Valvai Sivagur Vidyasalai,9.8251162,80.1654906
5658887168,School,J - Valvai Roman Catholic Tamil Mixed School,9.8247994,80.1709538
5658887169,School,J/Valvetty Vinayagar Vidyalayam,9.8192826,80.1699737
5658887174,School,J/Valvetty HTMS,9.8158895,80.173355
5661584822,School,J/Thickam Sithivinayagar Vidyalayam,9.8268237,80.2007844
5661584823,School,J - Alvai North Roman Catholic Tamil Mixed School,9.8349243,80.2107066
5661584824,School,J/Alvai Ambal Vidyalayam,9.820156,80.2120271
5661584825,School,J/Alvai HTMS,9.815386,80.2188394
5661584826,School,J/Alvai Sinnathamby Vidyalayam,9.8070589,80.2117901
5661584827,School,J/Vathiry North MMTMS,9.8142459,80.2055892
5661584828,School,J/Melaipuloly Saivapragasa Vidyalayam,9.827759,80.223956
5663564725,School,J/Vadamaradchy Central Ladies College,9.8053952,80.2059618
5664558695,School,Unknown,7.5796126,80.5006805
5665036421,School,J/St Mary's Vidyalayam,9.6625322,80.0182021
5667330459,School,J/St John's College,9.6575333,80.0265441
5667347339,School,J/Sri Barwathy Vidyalayam,9.6601192,80.047693
5667358711,School,J/Kopay Christian College,9.7015243,80.0656552
5667407960,School,J - Kopay North Roman Catholic Tamil Mixed School,9.7112736,80.0599136
5667407961,School,J/Kopay Saravanapavanantha Vidyalayam,9.7097397,80.0649098
5667407962,School,J/Neervely South HTMS,9.7139288,80.0738465
5669458521,School,J/Nallur HTMS,9.6749876,80.0282217
5673098798,School,Neerammulla Jayanthi Vidyalaya,7.6493306,80.4899463
5674970401,School,J/Kokuvil Sri Ramakrishna Vidyalayam,9.6976417,80.02068
5675464755,School,Thalpawila Mihindu Model Primary School,5.9492001,80.5838299
5675467133,School,Thalpawila Central College,5.9486163,80.5832967
5675674582,School,Gemunu Primary School,5.9591007,80.5983128
5676031497,School,Kuruduwattha,5.9450409,80.5995956
5678396549,School,Udawela Maha Vidyalaya,7.0346345,80.7831493
5678476950,School,Kalugamuwa Central College,7.2080536,80.6042004
5678572475,School,Kn/Pallai Central College,9.610167,80.3304276
5690128713,School,Sri Dutugemunu Vidyalaya,8.2186766,80.197725
5691625959,School,Muruthana School,7.275912,79.8737926
5709287318,School,Kn/Thiruvalluvar Vidyalayam,9.3440522,80.3824293
5709332960,School,Kn/Annai Sarathathevi Vidyalayam,9.3504348,80.3928888
5715331216,School,Kn/Pallavarajankaddu GTMS,9.300842,80.1521478
5715453190,School,Kn/Gowtharimunai GTMS,9.5722485,80.1178617
5720229223,School,Kn/Mugamalai RCTMS,9.6389524,80.2952513
5720690116,School,Kn/Mulangavil Primary Vidyalayam,9.2472783,80.1398428
5720839403,School,Kn/Poonakary Sri Vikneswara Vidyalayam,9.4742523,80.2037272
5721731571,School,V/Kalnaadinakulam GTMS,8.694308,80.4960667
5721968952,School,V/Tharanikkulam Primary School,8.8249477,80.4307829
5729802350,School,Ananda Central College - Haldumulla,6.7645102,80.8694258
5729813138,School,Dippitigala Maha Vidyalaya,6.6511774,80.4930529
5731990839,School,Epitawala Vidyalaya,6.7436872,80.2402147
5783180753,School,Buddhagosha Maha Vidyalaya,7.533057,80.6247914
5799772473,School,Monash English Academy,7.6802081,81.7315905
5809659553,School,Unknown,7.2454852,80.5574494
5809940053,School,Unknown,6.7095453,79.9176332
5831094105,School,J/Thanankillappu GTMS,9.6311135,80.1493698
5834928624,School,V/Veeramanikkankulam Thirumagal Vidyalayam,8.6180241,80.3443348
5839394834,School,Irakkandi Sinhala School,8.7176335,81.1752181
5892770738,School,Karambe Maha Vidyalaya,7.7892319,80.3431517
5896917495,School,Pussella Prathirajadewa Maha Vidyalaya,7.4407784,80.4857057
5898406985,School,Unknown,7.3860148,81.8401017
5968282313,School,Wijayaba School Buildings,6.112234,80.9313321
5978045689,School,Siddhartha Maha Vidyalaya,7.2688871,80.664137
5980687686,School,Unknown,7.29326,80.3858355
6001074439,School,T/Jinnapuram GMMS,8.9519887,80.9839636
6001074440,School,T/Pullmoddai Muslim MV,8.9405719,80.9851858
6001074442,School,T/Arafatnagar Muslim Vidyalayam,8.9305133,80.9913766
6001074444,School,T/Triyai Tamil Vidyalayam,8.8690664,81.0235222
6001074446,School,T/Illanthaikulam GMMS,8.852233,81.0835361
6001074447,School,T/An-nooriya MMV,8.8241532,81.0958607
6001074448,School,T/Vevekanda Maha Vidyalayam,8.8151726,81.1010481
6001074449,School,T/Iranaikerny GTMS,8.8027039,81.1079261
6001074450,School,T/Kumpurupiddy MMTMS,8.7394494,81.1614984
6001074452,School,T/Al-hamra MV,8.725671,81.1728434
6001074453,School,T/Irakkandy Sinhala Vidyalayam,8.7164694,81.1755844
6001074454,School,T/Gopalapuram GTMS,8.697689,81.1877598
6001074455,School,T/Nilaveli RCTMS,8.6815726,81.1920833
6001074456,School,T/Nilaveli Tamil Maha Vidyalayam,8.6781353,81.1986323
6001074457,School,T/Al-fatha Vidyalaym,8.6718816,81.2016029
6001074458,School,T/Mohamadiya Vidyalayam,8.6544943,81.2004216
6001074459,School,T/Thirukoneswara Vidyalayam,8.6432941,81.1960812
6001074460,School,T/Athimoddai Tamil Vidyalayam,8.633225,81.2062501
6001074461,School,T/Sampalthivu Tamil Maha Vidyalayam,8.6326137,81.2173783
6001074462,School,T/Sally Ambal Maha Vidyalayam,8.6288781,81.2247224
6001207107,School,T/Sevanayagapuram Hindu Maha Vidyalayam,8.6042838,81.2115934
6001207109,School,T/Mihindupura Vidyalayam,8.5952841,81.1966479
6001207110,School,T/Kalaimagal Maha Vidyalayam,8.5925347,81.2074485
6001207111,School,T/Girls' High School,8.5879119,81.2128361
6001207112,School,T/Jamaliya Muslim Maha Vidyalayam,8.5925987,81.2222988
6001207113,School,T/St Fancis Xavier Maha Vidyalayam,8.5804121,81.2292209
6004842701,School,T/Zahira College,8.5732753,81.2326406
6004842702,School,T/Punithavalanar Tamil Vidyalayam,8.5681785,81.2372758
6005352446,School,T/Tissa Maha Vidyalayam,8.5596991,81.2364325
6005352447,School,T/Sri Konalinga Maha Vidyalayam,8.5821429,81.2151351
6005352449,School,T/St Loudres RCV,8.5799716,81.2040272
6005352450,School,T/Sri Vani Vidyalayam,8.5845292,81.2043027
6007847006,School,Mu/Vidyanatha College,9.2232792,80.7823148
6007852846,School,Kn/Poonakary Central College,9.5003675,80.2092648
6007855207,School,V/Mahakachchakodiya GSMS,8.7931159,80.5801641
6017749353,School,Manikdiwela Central College,7.2876933,80.4963595
6017749606,School,Alagalla Primary School,7.3148938,80.4758835
6045439343,School,J/St Joseph's Vidyalayam,9.6491791,80.036881
6045477062,School,Vembadi Girl's School,9.6631445,80.0150961
6066661860,School,Minigamuwa Maha Vidyalaya,7.3405392,80.5049479
6078196434,School,Pelawa navodya maha vidyalaya,7.2989258,80.5688354
6092325588,School,Unknown,8.4406497,80.5052986
6144326494,School,Kawatayamuna Ananda Maha Vidyala,7.5563229,80.6235112
6153958745,School,Kn/Murusumoddai GTMS,9.4279404,80.4648316
6177074039,School,Unknown,7.2269464,80.3065503
6183075098,School,Hatharaliyadda National School,7.3304242,80.4767016
6183075099,School,Maha/Katu/ Sangarajapura Maha Vidyalaya,7.3206608,80.517675
6183138167,School,Kolugala Kanishta Vidyalaya,7.3095777,80.5203465
6183173989,School,Hatharaliyadda Primary School,7.3373257,80.4718332
6183174000,School,Uduwa Maha Vidyalaya.,7.3604985,80.485719
6183183894,School,Sujatha Balika Vidyalaya,7.3723372,80.5186726
6183183895,School,Galagedara Primary School,7.3719807,80.5192359
6185575101,School,Madulla Maha Vidyalaya,7.0535291,80.9279805
6186156931,School,Nayapana Maha Vidyalaya,7.0711825,80.5819407
6186156959,School,Unknown,7.097334,80.5897433
6209870972,School,Yatalathissa Vidyalaya,7.2389058,80.2836509
6235739973,School,V/Vedarmakilankulam GTMS,8.8959059,80.510248
6236531450,School,Damunupola Primary School,7.1877975,80.3344801
6236531452,School,Unknown,7.2017203,80.3296763
6257449257,School,Thelulla Janapada Vidyalaya,6.5575678,81.1373035
6261305015,School,Unknown,6.8572263,81.3404899
6263106781,School,Pasyala Primary School,7.16572,80.1226543
6263106782,School,Pasyala Maha Vidyalya,7.1651315,80.1219435
6341175847,School,Sri Sumana Maha Vidyalaya,6.6744752,80.4007615
6342492488,School,Spinnaker International,6.913939,79.8750782
6346966876,School,Royal Institute,6.8792843,79.8719061
6350563329,School,Turnkey IT Training,6.9009834,79.8516402
6354466448,School,Colombo School of Construction Technology,6.8840048,79.9034954
6367597617,School,Wijeriya Primary School,6.4231375,80.6529388
6386281421,School,Hettimulla Primary School,7.2199641,80.35597
6387800405,School,Unknown,7.036969,80.9218892
6397879148,School,Lumbini Royal College,7.2751812,80.6166044
6458271736,School,Unknown,6.8151556,80.9774043
6458423923,School,Unknown,6.8591919,80.9996049
6482029185,School,Unknown,6.8839033,79.8659867
6491614435,School,Sri Gunananda Vidyalaya,6.9514757,79.8618637
6528026976,School,Unknown,7.0169903,81.0841548
6528039309,School,Kuttiyagolla Maha Vidyalaya,7.0306441,81.0959512
6534123773,School,Unknown,6.5915143,80.6709418
6534161317,School,Unknown,6.5945398,80.7012373
6538624419,School,Cathedral (Boys) School,6.9497289,79.8628711
6545699532,School,Sri Dheerananda Maha Vidyalaya,6.0775044,80.1658585
6551445219,School,Unknown,7.2087694,80.4078975
6576256313,School,Unknown,7.0698516,80.8137479
6578949743,School,Narangala Primary School,7.0908023,80.3646871
6589231584,School,Urumeewala School,7.0794101,80.3485858
6594239697,School,Unknown,7.0757262,80.8683121
6594240814,School,Unknown,7.0727131,80.8402428
6594587260,School,Gurukumbura School,7.4360656,81.1339447
6597737075,School,Bauddha Balika Vidyalaya Kirimwtiyana,7.3583318,79.8836476
6598924345,School,Saliyaweva Adarsha Maha Vidyalaya,8.1795161,80.0831449
6615733787,School,Ikra International College,6.7545378,79.8994019
6615733798,School,Mount Hira International School,6.7526188,79.9007978
6615733799,School,Sri Thaksala Maha Vidyalaya,6.7528422,79.9027427
6615733816,School,Sri Jina Darmadana Vidyalaya,6.7530969,79.906119
6615789530,School,Sri Dharmakeerthi Dhamma School,6.802355,79.9074719
6624521385,School,Unknown,5.9482992,80.4621344
6626986799,School,Mahindarama Dhamma School,6.8971981,79.9094356
6626986800,School,Nippon Computer Academy,6.8975321,79.9100076
6626986857,School,Christian Missionary College,6.8932307,79.900367
6626986858,School,Sri Jayawardhanapura Maha Vidyalaya,6.8929616,79.9001844
6631008094,School,Royal Way Minco College & Academy,6.8840543,79.900104
6631008123,School,Vajira Sri Children Rehabitation Home,6.8852879,79.895215
6631008124,School,"Samarakone Walauwa, Samarakone Gardens",6.8844213,79.8959606
6631008164,School,London English College,6.8769984,79.8917673
6631008172,School,Gateway Kids School,6.8766726,79.8907619
6631169241,School,Wayamba Janadhipathi Vidyalaya,7.5692748,80.4647464
6634800273,School,Nedungamuwa Maha Vidyalaya,6.8734321,80.9030414
6634814556,School,Unknown,6.8976269,80.9068608
6643077065,School,Galhira School,6.6179439,80.6240326
6646060586,School,Wellawala Mukalana Tamil School,6.6983221,80.5961921
6663065025,School,Blooming Flowers English School,5.9347655,80.6068466
6679820028,School,Unknown,6.044109,80.626793
6702080531,School,St. Bernadeth Maha  Vidyalaya - Polgahawela,7.3310842,80.2955648
6702245018,School,Kubaloluwa Kanishta Vidyalaya,7.3290309,80.3257533
6708412338,School,Dolahena Primary School,6.8123795,80.025736
6715481900,School,Namalanga Maha Vidyalaya,7.6217203,80.4889554
6778056660,School,Mu/Thimpily primary school,9.3394416,80.6842424
6779468611,School,Mu/Thannimurippu GTMS,9.2227953,80.8012702
6779615261,School,Mu/Helambawewa Primary School,8.9687881,80.8595207
6790001466,School,Darmaraja Vidyalaya,8.5634328,81.1581092
6815543140,School,Morethota Primary School,6.9309171,81.0150372
6834037015,School,Unknown,6.8334818,80.0591294
6860467196,School,Don Bosco Hotel School,8.259342,80.1998481
6873033873,School,Pagoda Montessori School,6.8815887,79.8967666
6897167576,School,Newgen Montessori,6.8758317,79.951592
6992632286,School,Aregama Vidyalaya,7.1555973,80.3890787
7011985877,School,Unknown,6.54178,80.4837745
7013410770,School,Unknown,6.5605883,80.4639018
7066604317,School,Unknown,7.0256023,80.8755303
7092914957,School,Unknown,6.6208958,81.1266823
7106482906,School,Unknown,5.9391937,80.4771198
7113571586,School,Unknown,6.8801735,79.8674949
7133201560,School,Alpha Kids Ami Montessori,6.882067,79.9009206
7133210345,School,Najaa International School,6.8386201,79.8691585
7133230074,School,Sevana Special School,6.8818849,79.9007165
7159813188,School,deiyandara school,6.1552914,80.6030363
7159914850,School,Yosu Language Centre,5.9524398,80.5354556
7176582360,School,Sri Saranankara National College Bingiriya,7.5990366,79.9383432
7180758168,School,Nuwaragalatenna Mahavidyalaya,7.5183416,81.4975284
7180922623,School,Sudharmajothi Primary School Ohaoya,7.5272101,81.3519298
7199076900,School,Unknown,6.8931177,80.1982721
7200877986,School,Unknown,9.6548997,80.021465
7257441885,School,Unknown,5.9724592,80.4328071
7276381695,School,Bogamuwa School,7.1379326,80.7991032
7278954470,School,PEARL,8.1357069,79.7105486
7281996486,School,Unknown,5.9743287,80.4368598
7709594145,School,Kandakaduwa Primary School,8.0623298,81.1950015
7745135901,School,District Agricutural Training Centre Mullaitivu,9.1618444,80.6619443
7773244492,School,Shyamala School of Art,6.8905561,79.8661819
7775362727,School,Polpalakatiya Vidyalaya,6.2422709,80.2541754
7775397114,School,Vidya Shanthi Piriwena,6.310869,80.2425313
7775648615,School,Galle/St.Anne's shchool,6.2988828,80.3180972
7775853549,School,Piyarathana Vidyalaya,6.3663013,80.2159915
7777240620,School,"Galle/Gallandala Kanishta Vidyalaya,Gallandala",6.238274,80.3315565
7777278760,School,"Galle/Mahabodhi Maha Vidyalaya,Panangala",6.2623571,80.3243776
7777690005,School,"Galle/Opatha Secondary School,Opatha.",6.266755,80.4134725
7777821031,School,Galle/Shariputhra Maha Vidyalaya.,6.3070434,80.3598444
7780308891,School,Galle/Habarakada Primary School,6.3723117,80.3104556
7780308894,School,Habarakada primary School,6.3548355,80.3167614
7780308978,School,"Eppala Primary School,Eppala.",6.2521128,80.3236839
7781410223,School,Mallika Maha Vidyalaya.,6.3102399,80.3174092
7828137748,School,Dambuluwana School,6.7198682,80.3041524
7828200082,School,Siri Perakuma Viyalaya,6.6176628,80.4003538
7831020068,School,Kayo School of Japanese,6.8953745,79.8606953
7896217265,School,Thumbulla Maha Vidyalaya,7.788348,80.100099
7905128490,School,Dharga Town National College Of Education,6.444633,80.011859
7905128492,School,Kamburugamuwa Maha Vidyalaya,5.943437,80.494334
7994210817,School,Unknown,6.758657,80.9265773
8319371300,School,Hidellana Tamil School,6.7123347,80.3909444
8366848519,School,D. B. Wijethunga National School,7.2086808,80.5785642
8390366679,School,R/Kaluandura Vidyalaya,6.9080871,80.2021172
8400160782,School,Prince College,6.7125142,80.3786756
8521559716,School,Sumana Saman Maha Vidyalaya,6.6954184,80.3822941
8540552872,School,Methodist College Primary School,6.9108902,79.8491887
8598051558,School,Silverkandy Tamil Vidyalayam,7.0204531,80.841205
8644057434,School,Unique International College,7.4969436,80.3845804
8666335357,School,NCP/A/A/NC/Galkadawala Vidyalaya,8.3986069,80.3821778
8666335358,School,NCP/A/A/NC/Katukeliyawa Vidyadeepa Maha Vidyalaya,8.3745408,80.3789887
8666335359,School,NCP/A/A/NC/Galpoththegama Vidyalaya,8.4401032,80.3534031
8666335360,School,NCP/A/A/NC/Pusiyankulama Maha Vidyalaya,8.3753548,80.3436211
8666335361,School,NCP/A/A/NC/Mahamankadawala Vidyalaya,8.3726972,80.2957557
8666335362,School,NCP/A/A/NC/Elayapaththuwa Vidyalaya,8.3952954,80.31444
8666335363,School,NCP/A/A/NC/Maningamuwa Vidyalaya,8.4276664,80.292238
8666464416,School,NCP/A/A/NC/Gambingaswewa Manarul Ulum Mu. Vidyalaya,8.4761434,80.3827572
8666485417,School,NCP/A/A/NC/Aluthgama Daruslam Mu. Vidyalaya,8.4657332,80.3627264
8666485418,School,NCP/A/A/NC/Paniyankadawala Maha Vidyalaya,8.4247796,80.4102673
8666485419,School,NCP/A/A/RB/Kande Rathmale Vidyalaya,8.450148,80.4549368
8666485420,School,NCP/A/A/NC/Parasangaswewa Vidyalaya,8.4486768,80.4279403
8666923924,School,NCP/A/A/RB/Siyambalagaswewa Medagama Vidyalaya,8.4742254,80.4350951
8666923925,School,NCP/A/A/RB/Kovilbendawewa Mu. Vidyalaya,8.4801718,80.4182897
8666923926,School,NCP/A/A/RB/Ihala Kotiyawa Mu. Vidyalaya,8.4880694,80.4158248
8666923927,School,NCP/A/A/NC/Dharma Pradeepa Vidyalaya,8.4971181,80.396305
8666923928,School,NCP/A/A/NC/Asirikggama Mu. Vidyalaya,8.5048283,80.3664976
8666923929,School,NCP/A/A/NC/Helambagaswewa Vidyalaya,8.4944733,80.3358963
8666977730,School,NCP/A/A/WI/Kimbulwewa Ananda Vidyalaya,8.5125091,80.2497062
8666977731,School,NCP/A/A/WI/Sri Vimalagnana Maha Vidyalaya,8.573595,80.2511331
8666988219,School,NCP/A/A/WI/Mahavilachchiya Gamini Vidyalaya,8.481416,80.1543
8667253900,School,NCP/A/A/NO/Katupathawewa Vidyalaya,8.2494217,80.1047342
8667268444,School,NCP/A/A/NO/Horuwila Vidyalaya,8.2726501,80.1466852
8667268445,School,NCP/A/A/NO/ThalagaswewaVidyaravindra Vidyalaya,8.2847648,80.1821293
8667268466,School,NCP/A/A/NO/Bogahawewa Vidyalaya,8.3141293,80.239656
8667268467,School,NCP/A/A/NC/Thibbatuwagama Vidyalaya,8.3310855,80.2862433
8667268486,School,NCP/A/A/NC/Illandagahawewa Vidyalaya,8.348975,80.2894042
8667268487,School,NCP/A/A/NO/Ambagahawewa Vidyaloka Maha Vidyalaya,8.3340379,80.207971
8667268488,School,NCP/A/A/NO/Ranorawa Vidyalaya,8.3644085,80.2382009
8667268489,School,NCP/A/A/NO/Kukulkatuwa Primary Vidyalaya,8.3714692,80.1596658
8667268503,School,NCP/A/A/WI/Kadurupitiya Ashokamala Vidyalaya,8.4070925,80.1776353
8667282728,School,NCP/A/TB/RJ/Rajanganaya Sri Rahula Vidyalaya,8.1981429,80.1635322
8667284093,School,NCP/A/TB/RJ/Rajanganaya Mahasen Maha Vidyalaya,8.2088993,80.1069014
8667288442,School,NCP/A/TB/RJ/Rajanganaya Maha Vidyalaya,8.1945071,80.1482061
8667288507,School,NCP/A/TB/RJ/Rajanganaya Primary School,8.1940538,80.1472257
8667288954,School,NCP/A/A/NO/Phala Maragahawewa Vidyarathna Vidyalaya,8.2311918,80.1317601
8667533781,School,NCP/A/TB/RJ/Rajanganaya Primary School,8.1721204,80.1863229
8667654043,School,NCP/A/TB/RJ/SirimapuraMaha Vidyalaya,8.1583793,80.2444357
8667654044,School,NCP/A/TB/RJ/Rajanganaya(Yaya1) Primary School,8.1528594,80.2180642
8667672766,School,NCP/A/TB/TB/Thambuththegama Primary School,8.1414941,80.2889295
8667672780,School,NCP/A/TB/TB/Kudagama Vidyalaya,8.1304032,80.2715836
8668302040,School,NCP/A/TB/TB/Thelhiriyawa Vidyalaya,8.152489,80.3258984
8668302041,School,NCP/A/TB/TB/Thambuththegama C. C,8.1522328,80.299425
8693730903,School,Gelioya School,7.2145161,80.5947284
8716785996,School,Unknown,6.9733776,80.057271
8817744525,School,Leeds International School,6.6868602,79.9174865
8889668982,School,PO/Bendiwewa Maha Vidyalaya,7.960406,80.9916152
8932804781,School,Unknown,6.7344629,80.1830867
8932820222,School,Unknown,6.7043282,80.1978924
8962075461,School,Kandyan International School,7.2675294,80.5760709
9049679300,School,Unknown,5.9856689,80.7307655
9125487297,School,Sumanasiri Maha Vidyalaya,6.2957516,80.226379
9125558087,School,Porawagama Vidyalaya,6.2794352,80.2271569
9138195407,School,Kotapola National College,6.2956148,80.5421483
9139584546,School,Karandeniya Central College,6.2728285,80.0962313
9139584547,School,Karandeniya Primary School,6.2707359,80.0948333
9147386812,School,Amugoda Maha Vidyalaya,6.3214728,80.2185188
9150610511,School,Thalagaspe Kanishta Vidyalaya,6.3036416,80.2056697
9272074434,School,Highforest No.03 Tamil Vidyalayam,7.0685087,80.841895
9288146401,School,Unknown,6.93591,80.6631428
9370086412,School,Unknown,6.772774,80.0207184
9399192532,School,Galgamuwa Model Muslim School,7.9926674,80.2685011
9399258039,School,Sri Vijaya Dahampasala,8.0023945,80.270358
9399258040,School,The vision lanka computer school,8.0019405,80.2710888
9399718788,School,Wayamba Janadhipathi primary school,8.004194,80.2573067
9399745865,School,UB Wanninayaka National College,7.9962581,80.2676367
9400452481,School,Nawagaththegama Navodya School,8.0041055,80.1127196
9400452497,School,Maha Nanneriya Maha Vidyalaya,8.0062352,80.1792401
9400611521,School,Neth Academiy,8.0016269,80.2818257
9400611522,School,Discovery School of International Education,8.0065236,80.2896302
9400611592,School,Makalanegama Premary School,8.0000896,80.3092462
9400611594,School,Gallewa Muslim Vidyalaya,7.9683237,80.3269079
9400756990,School,Bandaranaike Primary School Ehetuwewa,7.9361489,80.3467165
9400769349,School,Ambanpola Central College,7.9139278,80.2418869
9410509051,School,Unknown,7.9162581,80.3626911
9411086581,School,Meegalewa Mahaweli National School,8.0665716,80.3424542
9415052146,School,Wambatuwewa Primary School,7.9109386,80.3846291
9417484797,School,Kaduruwewa Primary School,7.9459504,80.3660277
9417486162,School,Galapita Digana Primary School,7.9632414,80.3345429
9444101240,School,Perakumba Primary School,7.9146732,80.2891177
9444222733,School,Hureegaswewa School,8.0768222,80.3652293
9444227231,School,Makulewa Central College,8.1061074,80.3373781
9448963562,School,Unknown,7.3080489,80.7653258
9460240864,School,Unknown,8.0929655,80.3495691
9521656717,School,Unknown,6.1593899,80.0991821
9570173773,School,sri subramaniyam vidyalayam,9.3150517,80.6957267
9650997955,School,CP/N St. Regulus Tamil Vidyalayam Lindula,6.8812198,80.7137324
9707457215,School,Shanta Mayadunne School of Cooking Art,6.8440262,79.9607154
9767295824,School,T/M/Kiliveddy.m.v,8.3496294,81.2860567
9767408352,School,MT/Kandenuwara T M.V,7.4528272,80.6832079
9768690616,School,sithivinayagar preschool,8.7464974,80.4685541
9770268207,School,Welimada International School,6.8995666,80.9039988
9770272743,School,B/Hindu College - Welimada,6.9002003,80.906858
9771160435,School,A/Kalawewa Muslim Central College-National School,8.0219817,80.5285509
9771162658,School,Rattota Hindu maha vidyalayam,7.5204686,80.676584
9771464081,School,Thiruvalluvar Tamil Vidyalayam,7.5332963,80.6266088
9771464082,School,School of Carpentry,7.5329161,80.6265212
9771990680,School,CP/N/ Thangakelle No-01 Tamil Maha Vidyalayam,6.8961247,80.7361256
9772132742,School,CP/N/ Maria Tamil Maha Vidyalayam,6.8972427,80.7194392
9772759650,School,uva highlands college,6.9020862,80.9838031
9774013335,School,BT/PADDIRUPPU M.M.V (NATIONAL SCHOOL),7.5173686,81.7859219
9774013339,School,Saraswathy Vidyalaya school,7.5244066,81.7907048
9774013351,School,Vinayagar vidyalayam,7.5217228,81.7882236
9774144954,School,V/Puliyankulam.H.C,8.9718707,80.5274057
9774980740,School,St marys C.C,6.7970015,80.6792487
9775019020,School,ganapathy t.m.v,6.9107488,80.5212814
9775019021,School,vidulipura sinhala maha vidyalaya,6.9117527,80.5212867
9779578807,School,Unknown,9.705967,80.0273765
9779584114,School,SCHOOL  GROUND,9.7058618,80.0273587
9780823746,School,Unknown,9.7059564,80.0273765
9780882307,School,Unknown,9.7058336,80.0273565
9780884888,School,Unknown,9.705946,80.0255211
9790608104,School,B/Yahalarawa Sinhala Maha Vidyalaya,6.9245829,80.9317273
9790618907,School,B/Yahalarawa Tamil Maha Vidyalaya,6.933758,80.924367
9801468456,School,Ibnu Seena Vidyalaya,7.2704653,81.8494813
9857668972,School,North Punduloya T.V School,7.0219176,80.6790585
9862195747,School,Narandeniya National School's Ground,6.0811988,80.5677326
9862799860,School,Kalawewa school ground,8.0218097,80.5284751
9883236188,School,Veyangoda Primary College,7.1564903,80.0555715
9883236402,School,Hiripitiya  Primary School,7.1565059,80.0549802
9888774904,School,Srinaga School play ground,7.7065654,80.6574792
10004541695,School,Unknown,9.6934449,79.884565
10009376814,School,Asian International Montessori School,6.8853793,79.9391165
10010538503,School,Unknown,8.4814983,81.1903167
10026679948,School,Unknown,8.4923484,81.08206
10126783552,School,pahalagama mv ground,7.8821156,80.3211501
10130397668,School,Kobbakaduwa central college,7.3090744,80.5634118
10138870942,School,T/M/Gajamukha M.V,8.4522203,81.2400121
10146487466,School,Unknown,8.4591339,81.2911072
10146528332,School,Unknown,8.4577425,81.2919955
10146528333,School,Unknown,8.4587197,81.291843
10147088519,School,Unknown,8.4484724,81.2561514
10147088524,School,Unknown,8.4495461,81.2575906
10148493783,School,T/M/ Antony,8.4547846,81.2616189
10149057756,School,Unknown,6.9465343,80.636592
10156104682,School,Unknown,8.4549125,81.2749848
10156122091,School,sampoor maha vidyalaya ground,8.4886236,81.2921811
10157355147,School,Unknown,8.487747,81.3032021
10157395231,School,Unknown,8.5044843,81.3042299
10158622320,School,Unknown,8.4528592,81.2883513
10158737973,School,Unknown,8.4578607,81.2958073
10167107719,School,Unknown,8.4555198,81.2749855
10168133822,School,St. Antony M.V,8.4576704,81.2578615
10168133854,School,Unknown,8.4614207,81.263149
10175824494,School,Unknown,9.6512734,79.8796673
10175923522,School,Unknown,9.6625284,79.890148
10206388717,School,Unknown,6.8586027,79.8647666
10243221100,School,Lahugala Maha Vidyalaya,6.8783781,81.7195727
10243221101,School,Vihara Maha Devi Primary School,6.8783918,81.7186163
10243221106,School,Parana Govipola Vidyalaya,6.8647358,81.7329428
10244444583,School,Kings Hospital Nurse Training School,6.89498,79.8799006
10267375427,School,R/Nivi Sri Saddhananda Vidyalaya,6.579107,80.4685959
10267841559,School,R/Thuththiripitiya School,6.5943507,80.4869396
10273553628,School,Colambagama Mahanama Maha Viduhala,6.5714104,80.4823235
10287278209,School,school 45003,8.7173983,80.3611967
10295004065,School,Hidurangala Vidyalaya,6.775341,80.2526003
10298105748,School,Ellawala Pahalagama,6.7812206,80.2738971
10304642622,School,Matuwagala Maha Vidyalaya,6.7556135,80.2797188
10314465502,School,Jinarathana Maha Vidyalaya,6.7639529,80.2207191
10316755800,School,Karandana Primary School,6.7609034,80.2215967
10570995385,School,Sri Vimalasara Maha Vidyalaya,6.8289334,80.2851231
10578236563,School,Zahira Collage (primary),7.253661,80.4559708
10578236568,School,Zahira college Mawanella,7.2532938,80.4551607
10588778797,School,Ellawala Maha Vidyalaya,6.8063934,80.2726338
10599436183,School,Bodhimaluwa Vidyalaya,6.8200054,80.2968648
10618470687,School,pannalawela sinhala vidyalaya,6.9669016,80.9314574
10665657805,School,Школа Сёрфинга,6.0565577,80.1779605
10680590985,School,Unknown,6.8835904,81.8260816
10692988236,School,Unknown,6.8830946,81.7819349
10706045278,School,"CWW Kannangara School, Halwala",6.407547,80.108115
10710795565,School,Bambawa Model Primary School,7.7436174,80.5742714
10716687894,School,Unknown,6.4538023,80.0925417
10716687901,School,Walagedara School,6.4498498,80.0799193
10718058023,School,Unknown,6.487127,80.1262759
10773683911,School,Sri Siduhath Kanishta Vidyalaya,7.0268429,80.0368822
10783850479,School,Unknown,8.3053806,81.3877313
10783850480,School,T/M. Kalladi Sri Malaineeliyamman Vidyalayam.,8.3054315,81.3882963
10928589848,School,cambridge Collage,6.9163075,80.6006243
10945678120,School,T/Vigneswara Maha Vidyalayam,8.5771582,81.2334268
10945678121,School,T/St. FRANCIS XAVIER'S MAHA VIDYALAYAM,8.5788998,81.2321288
10969460996,School,CP/N/Nawalar  College,6.9355885,80.7353668
10991566492,School,N/GLASSUGH TAMIL VITHIYALAYAM,6.9442877,80.7395956
11006912915,School,MR/Yatiyana MV,6.0213363,80.5951244
11068224899,School,Unknown,7.3687534,80.5185503
11068241168,School,Dasswaththa maha vidyalaya.,7.2313421,80.4380326
11068284492,School,Akuressse Maha Vidyalaya Playground,6.0889026,80.4761208
11160735499,School,Labuhengoda K.V.,6.2789901,80.7636596
11169127398,School,Kularathna National College,6.2403577,80.0645387
11169221963,School,Unknown,8.2644538,80.2131356
11175760945,School,St Francis Xavier college,7.4152034,79.8308695
11192193523,School,habarana national college,8.037915,80.7567032
11197206260,School,Kuleegoda Sumana Vidyalaya,6.2117739,80.0710287
11221082361,School,Unknown,6.6065551,80.6371188
11232745339,School,Unknown,6.8731857,79.9106859
11239790482,School,Unknown,6.6993219,79.9233314
11254370023,School,dharmaraja school,6.9238836,80.8496668
11264691003,School,Boralugoda Sri Sidhdhartha Vidyalaya,6.9234316,80.1238067
11270973198,School,Unknown,7.2610937,80.2147235
11298069646,School,Km/Km - Ad Sahitha Vidyalaya,7.3283947,81.8499027
11300382400,School,Riyalul Jannah Vidyalaya,7.3945623,81.8436597
11302917884,School,KM/ KM/Imam Gazzali Vidyalaya,7.3620603,81.8496197
11336710611,School,Unknown,6.4440557,80.0119335
11391415181,School,Tonigala school,8.0558976,80.551164
11397441617,School,GMMS School,7.3927126,81.8366851
11399751541,School,Ak/ Al - Muneera Girl's High school,7.2507285,81.8550222
11399767840,School,Ibnu hajj institute,7.2488548,81.8557633
11399767841,School,Unknown,7.2489576,81.855989
11407662458,School,Unknown,6.4441064,80.0119443
11436812427,School,"T/MU/HINDU COLLEGE, Elangaithuraimugathuwaram",8.3509648,81.3838935
11436812446,School,THUWARAGA SCHOOL,8.2708672,81.3948261
11442932154,School,KELEDIULWEWA VIDUHALA,8.1235294,80.4553445
11442932163,School,SENAPURA MAHA VIDYALAYA,8.0942405,80.4590799
11449379402,School,Unknown,6.9425341,79.8907831
11473277716,School,Annai Montesorri centre,8.0100407,79.8379281
11533936834,School,Unknown,6.100703,80.5126297
11648503036,School,Unknown,6.8892847,80.5964078
11699344056,School,Dippitiya muslim maha vidyalaya ground,7.1751512,80.4572661
11699356469,School,Dippitiya School Ground,7.1752467,80.4587965
11773439328,School,Unknown,6.731871,80.3826329
11809698915,School,J/Araly Murugamoorthy School,9.7131808,79.9438966
11892867069,School,Unknown,6.62616,80.6608297
11954250995,School,Unknown,9.6299422,79.966638
11961091809,School,"Webster International School, Hatton",6.9164484,80.5900098
11961143922,School,Highlevel International School,6.9098592,80.5874341
12087652609,School,Sri Sudarshana Primary School,6.7943539,79.9118124
12116345667,School,Sinhapura Sinhala Maha Vidyalaya Playground,6.8370791,81.8322706
12145454340,School,Unknown,6.8325404,80.9853039
12169895175,School,Pannala Maha Vidyalaya,7.1333888,80.8501299
12183611513,School,Mahena Wewathenna School,7.0757042,80.918479
12343239223,School,Unknown,7.1271619,79.9030127
12353342801,School,Unknown,5.9526957,80.5333117
12399500216,School,Siddi Lebbe College,7.2844505,80.6233383
12401966986,School,Holy Family Convent,6.8568947,79.8639997
12560973301,School,Unknown,7.951602,80.7453455
12564890611,School,Unknown,7.6102432,80.3945108
12581444307,School,Unknown,6.7874397,81.0094845
12592561901,School,Unknown,6.8689262,81.0426245
12595194804,School,Unknown,5.9778865,80.440087
12843190591,School,Unknown,6.7093023,81.1095548
12879500708,School,peiris primary school,7.5783656,79.7930311
12880869999,School,Unknown,7.3137944,80.788295
12880936977,School,owilikanda school ground,7.4571519,80.5865417
12995325327,School,Pannala Natonal School,7.3265949,80.0258078
13155679169,School,Maligathenna M.V.,6.9008987,81.2410326
13193567763,School,Panama Sinhala Maha Vidyalaya,6.7564399,81.8052011
13193567766,School,Panama Government Tamil School,6.7552077,81.803217
13347065680,School,Unknown,7.9599592,80.155209
13404338646,School,Seenipella Primary School,6.1473224,80.5872597
13516143957,School,Paghghawasa college,7.0988024,79.8926204
13545956867,School,Unknown,6.984061,80.0606849
13632863489,School,Unknown,8.1850724,80.3096453
191815840,Hospital,Asiri Surgical Hospital,6.8945486,79.8797172
253022237,Hospital,Joseph Fraser Memorial Hospital,6.8952045,79.8652189
254367261,Hospital,Wethara District Hospital,6.7846239,79.9756303
255179653,Hospital,Sri Jayawardenapura teaching hospital,6.8683337,79.9261518
310166807,Hospital,Co-op Hospital,6.0366488,80.2161531
617214076,Hospital,Divisional Hospital Thalangama,6.9062331,79.9285198
617262855,Hospital,Pannipitiya Nursing Home,6.8468216,79.9522616
618557052,Hospital,Western Hospital,6.9117052,79.8856356
618657478,Hospital,Dambulla General Provincial Hospital,7.8728249,80.650505
619735564,Hospital,Colombo General Hospital,6.9172436,79.8671954
619944442,Hospital,Nawinna Medicare Hospital,6.8546505,79.9143409
621183283,Hospital,Mulleriyawa Hospital,6.9247709,79.942918
621199761,Hospital,Hemas Hospital,6.9887373,79.8912101
621201132,Hospital,Hekitta Mental Hospital,6.98282,79.8768982
621201133,Hospital,Leprosy Hospital,6.9828093,79.8755142
621908264,Hospital,Siddhalepa,6.8311854,79.8773217
654172175,Hospital,Sulaiman,6.9420589,79.8658056
673927618,Hospital,Dehiwala Medical Centre,6.8607229,79.8664157
679004906,Hospital,McCarthy Private Hospital,6.9139635,79.8697567
681802896,Hospital,De Soysa Hospital for Women,6.9198065,79.8702449
844674876,Hospital,Kiribathgoda Base Hospital,6.9838357,79.9292155
844679663,Hospital,Lanka Pharmacy,6.9808166,79.9300631
873842128,Hospital,Nuwara Eliya General Hospital,6.9741095,80.7803117
929115028,Hospital,IDH Hospital,6.9226177,79.9165176
976674824,Hospital,Dental Surgery,6.9251045,79.8646684
1105822178,Hospital,Base Hospital,6.285,81.2685667
1134759577,Hospital,Lunuwila Hospital,7.3486769,79.861647
1138325216,Hospital,De Soysa Hospital,6.7840477,79.8776831
1148496061,Hospital,Chavakachcheri Base Hospital,9.6616371,80.1669594
1268340408,Hospital,Nawaloka Hospital,7.2092833,79.8497222
1292992413,Hospital,Arogya Gampaha,7.0906504,80.0005285
1304839120,Hospital,Rural Hospital Halgolla,7.0424521,80.3664892
1369179914,Hospital,Park Hospital,6.8872112,79.8725351
1370716555,Hospital,Chest Hospital Welisara,7.0242496,79.9029398
1370719663,Hospital,Browns Hospital,7.0277745,79.9206152
1370719682,Hospital,Kandana Base Hospital,7.0412386,79.9037391
1370722303,Hospital,Ranwwiru Sewana Hospital,7.023994,79.9227398
1378977879,Hospital,Dr Muhsin - Dental Clinic,6.8957176,79.8604707
1378988156,Hospital,Neurology Ward,6.9192775,79.870419
1378988158,Hospital,Cardiac Ward,6.9206887,79.8696197
1378988163,Hospital,Accident Ward,6.9186997,79.8671977
1427183461,Hospital,Unknown,5.9749081,80.4189122
1463832354,Hospital,Meegoda Ayurveda Hospital,6.8461319,80.042246
1477746216,Hospital,Unknown,7.375189,79.8993102
1497165127,Hospital,Unknown,6.0288675,80.2162698
1523693927,Hospital,Dental Institute,6.8457107,79.9286112
1617955806,Hospital,Dissanayake Private Hospital Negombo,7.2012053,79.8536244
1640241532,Hospital,Rural Hospital,5.9531215,80.4541208
1650226106,Hospital,Ayurveda Corporation,6.855884,79.9176997
1650227458,Hospital,Nursing Home,6.8507988,79.9215162
1662139981,Hospital,Asia Hospital,6.8453097,79.92922
1722822880,Hospital,Okkampitiya Rural Hospital,6.7554682,81.3005801
1731515251,Hospital,Sooriya Medical Center,7.906233,79.8228174
1736854509,Hospital,Katugampala Weda Madura,6.8124463,79.9633446
1744023357,Hospital,"District Hospital, Kataragama",6.4126218,81.3388947
1796819687,Hospital,Padukka Base Hospital,6.8400553,80.0896596
1796922719,Hospital,Base Hospital,6.6451235,80.1789289
1796922986,Hospital,Athura Hospital,6.6448198,80.1794385
1805745347,Hospital,Karawanella Base Hospital,7.0245178,80.261432
1814595125,Hospital,Hambantota General Hospital,6.1271953,81.1224549
1818503771,Hospital,Ambalantota Hospital,6.1147035,81.0220545
1818771616,Hospital,Diyatalawa Base Hospital,6.8055733,80.9571343
1819855346,Hospital,Ettampitiya Base Hospital,6.9346877,80.9899055
1822725595,Hospital,Phillip Hospital,6.5793909,79.9629869
1823709276,Hospital,Teaching Hospital Kalutara,6.5630625,79.9852435
1830413983,Hospital,Dickoya Base Hospital,6.8548993,80.6002986
1830502778,Hospital,Suwa Bawana Hospital,7.1639499,80.5735309
1831898507,Hospital,Hemmathagama Hospital,7.1733007,80.5015841
1831954351,Hospital,Rural Hospital,7.1061708,80.564435
1838419646,Hospital,Medi Clinic wellawatte,6.878155,79.8599713
1839459849,Hospital,Ratnam's,6.9211084,79.8568546
1843565879,Hospital,Biyagama Hospital,6.9469426,79.9939404
1846323739,Hospital,Unknown,5.9637929,80.6018991
1856812558,Hospital,Wanniarachchi Medical Center,7.2950405,80.2378677
1867157681,Hospital,Mahawa Base Hospital,7.8235267,80.2824677
1877385268,Hospital,Inginiyagala Divisional Hospital,7.2262613,81.5421294
1932028147,Hospital,Walasmulla,6.1496815,80.6981565
1933478833,Hospital,Kirama,6.2067106,80.6684374
1945644723,Hospital,District Hospital Passara,6.9335724,81.1524924
1960904428,Hospital,Medical Center,6.8740488,81.0486572
1974694453,Hospital,Mahiyanganaya Base Hospital,7.3261607,80.9907893
1976145973,Hospital,Kobeigane Base Hospital,7.6555111,80.125702
1977820865,Hospital,Hospital Narammala,7.4312722,80.2064789
1977820889,Hospital,Ayurweda Hospital Narammala,7.4325701,80.2125944
1978801477,Hospital,Nugegoda Nursing Home,6.8685486,79.8913231
1981147412,Hospital,Kekirawa District Hospital,8.044023,80.5960427
1981159943,Hospital,Mihintale district Hospital,8.3547478,80.5098112
1988112233,Hospital,Asiri Laboratory,6.8920418,79.9290176
1993203085,Hospital,Divisional Hospital,6.7879708,81.0110016
1994693274,Hospital,Base Hospital,6.5306079,80.3974002
1994920168,Hospital,Ratnapura Teaching Hospital,6.6871447,80.3924992
2001999417,Hospital,Mahaoya Base Hospital,7.5309537,81.3555798
2026668068,Hospital,Colombo Friend-in-Need Society,6.9164093,79.8559089
2035811627,Hospital,Ideal Hospital,6.9723493,80.7681614
2035855678,Hospital,Kandapola Hospital,6.9951992,80.818241
2087548638,Hospital,Peradeniya Teaching Hospital,7.266409,80.5981261
2094306206,Hospital,Medicare,6.9215796,79.8723122
2094344643,Hospital,Borella Private Hospital,6.9139244,79.880517
2096452649,Hospital,YMBA Hospital,6.9333964,79.894408
2100972630,Hospital,Homagama Base Hospital,6.8469074,79.9923651
2112572119,Hospital,Galewela Base Hospital,7.7606317,80.5716613
2124720725,Hospital,Lions Eye Hospital,6.927259,79.9123243
2146223914,Hospital,Erathna Rural Hospital,6.835309,80.4075065
2151514476,Hospital,Coop medical Centre,6.6874477,80.4027324
2152832489,Hospital,District General Hospital Killinochchi,9.3727442,80.4114281
2155827557,Hospital,Rural Hospital,6.3796996,80.3743171
2176700458,Hospital,Deniyaya Hospital,6.3575453,80.5682703
2176940719,Hospital,Pallegama Rural Hospital,6.3298078,80.5223857
2286402631,Hospital,Medirigiriya Base Hospital,8.1430794,80.9675466
2303597213,Hospital,Welikanda,7.9485257,81.2464883
2304485570,Hospital,Manampitiya Hospital,7.9046279,81.113417
2315533313,Hospital,Medamahanuwara Divisional Hospital,7.289746,80.8151703
2323963211,Hospital,Alawwa District Hospital,7.2981194,80.2301666
2334181719,Hospital,Teldeniya District Base Hospital,7.3077388,80.7644417
2335114652,Hospital,Digana,7.2942769,80.7348435
2338860270,Hospital,Aranayake Hospital,7.1773575,80.4587191
2339237715,Hospital,Panadura Nursing Home,6.7056772,79.9059095
2339437466,Hospital,Suwa Medura,6.7180466,79.9082865
2340164320,Hospital,OSRO Hospital,7.2510461,80.4497877
2340165236,Hospital,Base Hospital Mawanella,7.2536811,80.4458988
2342937786,Hospital,Pallekele Ayurveda Hospital,7.2714146,80.7070344
2343111695,Hospital,Yakghapitiya Divisional Hospital,7.298646,80.6676499
2370163010,Hospital,Imaduwa Hospital,6.0378367,80.391441
2388337545,Hospital,Thalathuoya Hospital,7.2511826,80.6893614
2410576900,Hospital,Abisha Hospital,8.7483331,80.4940509
2426388316,Hospital,Ingiriya District Hospital,6.741412,80.162144
2479890347,Hospital,Leesons Hospital,7.0316559,79.9220455
2524559604,Hospital,District Hospitel Uva-Paranagama,6.9381972,80.8904325
2552015799,Hospital,Odent Dental Surgery,6.8449276,79.9308043
2558644076,Hospital,Thalwaththa Hospital,7.2918223,80.1857597
2559270088,Hospital,Public Dispensary,7.3372132,80.1779798
2588694138,Hospital,Lunawa Aryuweda Hospital,6.783547,79.8780478
2610271942,Hospital,Primary Health Care Centre,6.3023047,80.249527
2610318045,Hospital,Rural Hospital,6.2882861,80.4016012
2610405672,Hospital,Rural Hospital,6.2343884,80.8800558
2708944796,Hospital,Sachitra Hospital,6.7111418,79.9106933
2739103173,Hospital,Unknown,9.3217334,80.702062
2828331566,Hospital,Peradeniya Dental Hospital,7.266579,80.599262
2831618989,Hospital,Welikanda,7.9476358,81.2458432
2831625523,Hospital,Ayurveda Central Hospital,7.5661087,81.0416685
2901379801,Hospital,Aloka Hospital,6.6821753,80.4034419
2901418998,Hospital,Singhe Hospital,6.6909091,80.3944372
2902312873,Hospital,Akkurugoda MOH,6.0084654,80.5007265
2905118777,Hospital,ayurweda hospital,6.9020699,80.920467
2910213594,Hospital,Unknown,6.2934953,80.0413396
2910216436,Hospital,Aurvedic Center,8.3265775,80.4113074
2910342845,Hospital,Dental Surgeon Private,7.0685704,79.9616363
2913891490,Hospital,Unknown,7.2135973,80.5928891
2915434805,Hospital,Welimada Base Hospital,6.9090322,80.9087119
2921319349,Hospital,Baddegama Hospital,6.1614238,80.1804779
2964699767,Hospital,Kandanegedara Hospital,7.3992228,79.9787224
2980887901,Hospital,Indika Pharmacy,6.3256369,80.8433486
3031566819,Hospital,Radawana Divisional Hospital,7.0324364,80.100181
3090091975,Hospital,Base Hospital,6.8482459,80.2643708
3098340244,Hospital,bsr,5.9541051,80.5250197
3145014128,Hospital,Udawalawe Rural Hospital,6.4252834,80.8162356
3147175363,Hospital,Green Medicare Hospital,6.3310635,80.8575621
3154127034,Hospital,Panawala Ayurveda Hospital,6.8881022,80.2723446
3213933933,Hospital,Ankumbura Divitional Hospital,7.4404367,80.5701698
3215354223,Hospital,District General Hospital,7.0528085,80.5352495
3220016706,Hospital,Teaching Hospital Kegalle,7.2474986,80.345705
3220247513,Hospital,Divisonal Hospital - Karainagar,9.7407444,79.8867057
3220256071,Hospital,Divisional Hospital Kayts,9.6981156,79.8658366
3220261439,Hospital,Divisional Hospital Velanai,9.6370939,79.9038191
3331326390,Hospital,Chenaikudiruppu Base Hospital,7.4174236,81.8074135
3331351770,Hospital,Divisional Hospital,7.4327928,81.8111066
3333281914,Hospital,Base Hospital,7.4667411,81.8116993
3377388729,Hospital,Base Hospital,6.0227057,80.796872
3424999527,Hospital,District General Hospital,8.9813545,79.902882
3455205573,Hospital,Mohotti Private Hostpital,5.948234,80.5466443
3455219378,Hospital,Asiri Hospital (PVT),5.9487319,80.5386778
3519925423,Hospital,Divisional Hodpital Pungudutivu,9.5725062,79.8301305
3521708167,Hospital,Pimbura Distric Hospital,6.5757017,80.1581676
3537669661,Hospital,Bemmulla Clinic,7.1212801,80.0260558
3590070473,Hospital,Medagoda,5.9509878,80.4959268
3633843118,Hospital,Mawarala Hospital,6.2018314,80.5919817
3634924475,Hospital,Central Dispensary,7.6308071,81.0283613
3665944325,Hospital,Chettikulam Hospital,8.6591013,80.312435
3691169013,Hospital,Divisional Hospital,7.7887782,79.8276202
3699456580,Hospital,Angunukolapeless,6.1652567,80.8997815
3710409771,Hospital,Unknown,7.0929247,79.8519954
3727831288,Hospital,Thasim Chest Clinic,6.036438,80.2165098
3729663235,Hospital,Kandy Private Hospital,7.3124054,80.6321242
3753926197,Hospital,Dolosbage Divisional Hospital,7.0819686,80.4712432
3765219866,Hospital,Poovarasankulam Divisional Hospital,8.7524912,80.3671949
3769921344,Hospital,Hospital,6.1450937,80.765182
3770559783,Hospital,Unknown,6.0884432,80.7437221
3778409802,Hospital,Aurvedic Dispensary,7.0661314,81.0529372
3798153917,Hospital,Kahawatte Rural Hospital,7.1612264,80.6047234
3801578860,Hospital,Divisional Hospital - Sithaparapuram,8.6794289,80.5266415
3822963761,Hospital,New City Channeling Centre,7.6694499,81.0469431
3842184472,Hospital,General,6.9730561,79.9141857
3842184774,Hospital,gampaha,7.0532237,80.3289831
3865839230,Hospital,Sugantha Nursing Home,9.6712073,80.0215101
3867347215,Hospital,Senapura (Kagama) Rural Hospital,8.0919436,80.4706225
3874862041,Hospital,Rural Ayurvedic Hospital,6.8312378,80.8807052
3880396357,Hospital,Co-operative Hospital,6.9779048,80.7656051
3880398627,Hospital,Medisi Channel Centre,6.974379,80.7673681
3889586527,Hospital,Rukkasagara Ayuruwedic hospital,7.4332264,80.1354938
3918017664,Hospital,ayurvedic hospital,7.0219408,80.009878
3925585410,Hospital,Ambalangoda Districut Hospital,6.2491338,80.0625085
3926600649,Hospital,Mankulam Base Hospital,9.1280175,80.4470247
3926651395,Hospital,Hemas Hospital Laboratory,6.2384053,80.0540939
3926842867,Hospital,Puliyankulam Divisional Hospital,8.9646044,80.5258698
3926880521,Hospital,Divisional Hospital - Nedunkerny,9.0537012,80.6528729
3931996584,Hospital,Auyuvedic Hospital Vavuniya ,8.7605684,80.4388746
3958960457,Hospital,Divisional Hospital Pallai,9.6146574,80.3254895
3967289227,Hospital,Pavatkulam Divisional Hospital,8.7059888,80.4209895
3983331257,Hospital,Neriyakulam Divisional Hospital,8.6016568,80.3701343
4039495741,Hospital,Makkanigama Hospital,7.3463532,80.705658
4045200420,Hospital,Base Hospital,6.5786992,80.575266
4045295751,Hospital,District Hospital,6.5018627,80.65651
4045303043,Hospital,Rakwana District Hospital,6.4715878,80.614724
4068054466,Hospital,Kotaligoda Hospital,7.2895042,80.5133213
4077038318,Hospital,Dental Ward (Colombo National Hospital),6.9172706,79.8661463
4080128395,Hospital,Divisional Hospital Tharmapuram,9.4101913,80.5174503
4084471911,Hospital,Jaela regional hospital,7.0750452,79.8940656
4089673111,Hospital,Suwasewana Hospital,7.2819521,80.6215994
4109862321,Hospital,Ever Green Hospital Pvt Ltd,9.6613214,80.1681377
4124124130,Hospital,Divisional Hospital Oddusuddan,9.1627819,80.6604767
4178027149,Hospital,Poonakary Divisional Hospital,9.5074244,80.2080776
4235158961,Hospital,Gallinda Base Hospital,6.2451002,80.2678824
4244114941,Hospital,Western Dispensary,6.913006,79.8841488
4265986683,Hospital,Girandurukotte Hospital,7.4693747,81.0190559
4271220164,Hospital,hiripitiya,7.6532267,80.3790486
4322762450,Hospital,Primary Medical Care Unit (PMCU) Puttur,9.744428,80.1074921
4331943023,Hospital,District Hospital Minuwangoda,7.1725525,79.9563284
4350798591,Hospital,Bandaranayake Private Hospital,7.126219,80.111786
4355198590,Hospital,Divisional Hospital Akkarayankulam,9.3117868,80.3148952
4355292191,Hospital,Base Hospital Mulankavil,9.2436926,80.1428799
4355324065,Hospital,"Divisional Hospital, Urthipuram",9.3929259,80.3582977
4361510689,Hospital,Unknown,6.0202465,80.2475954
4362941945,Hospital,Divisional Hospital - Maruthankerny,9.6220356,80.3968237
4370700755,Hospital,Tellipalai Co-operative Hospital,9.7743309,80.0311803
4373836089,Hospital,Unknown,7.2919632,81.6758569
4374453492,Hospital,Unknown,9.8019129,80.2059903
4395603151,Hospital,Divisional Hospital - Atchuvely,9.7727802,80.1154777
4405229473,Hospital,Divisional Hospital Vidathalthivu,9.0109302,80.0655415
4405236389,Hospital,Divisional Hospital Adampan,8.943329,79.9966791
4405536098,Hospital,Batumulla Divisional Hospital,7.4142948,80.9369035
4405856550,Hospital,Divisional Hospital Murunkan,8.8366766,80.0378205
4428987893,Hospital,Narampanawa Government Hospital,7.3436413,80.7319772
4430211089,Hospital,Divisional Hospital Kothmale,7.062514,80.6854689
4438936190,Hospital,Primary Medical Care Unit (PMCU) Uduvil,9.7320752,80.0068443
4438983889,Hospital,Divisional Hospital Manipay,9.7029955,79.9927087
4443856594,Hospital,Divisional Hospital Bogawanthalawa,6.794878,80.6784721
4443922076,Hospital,Agarapatana Divisional Hospital,6.8701143,80.6852925
4448911930,Hospital,Divisional Hospital Gurunagar,9.6525893,80.0195767
4448921568,Hospital,Divisional Hospital Ilavalai,9.7989445,79.9942839
4449065628,Hospital,Unknown,9.7932917,80.2038454
4449392003,Hospital,Primary Medical Care Unit Point Pedro,9.8234617,80.2385715
4451031394,Hospital,Unknown,9.6778861,80.2366658
4451051809,Hospital,Divisional Hospital Varany,9.7295995,80.2261638
4451163156,Hospital,Primary Medical Care Unit (PMCU) Kurumpasiddy,9.7727859,80.0636819
4451525458,Hospital,Pussellawa Hospital,7.1162933,80.6252466
4452191892,Hospital,Sidha Medicine Teaching Hospital,9.6704278,80.0941832
4452191894,Hospital,Primary Medical Care Unit (PMCU) Kaithady,9.672913,80.0919317
4452212068,Hospital,Primary Medical Care Unit (PMCU) Punnalaikadduvan,9.750513,80.058077
4452212069,Hospital,Primary Medical Care Unit (PMCU) Urumpirai,9.7203939,80.0459595
4452972822,Hospital,Divisional Hospital Nainativu,9.6048881,79.7730665
4454568727,Hospital,Base Hospital Mallavi,9.1346083,80.3087492
4455801356,Hospital,Primary Medical Care Unit (PMCU) Tholpuram,9.7571322,79.9385407
4469448559,Hospital,Primary Medical Care Unit (PMCU) Inuvil,9.7165166,80.0180701
4481217105,Hospital,Rural Hospital,5.9483687,80.6137895
4515019298,Hospital,Unknown,6.9062215,81.5484357
4524348589,Hospital,Unknown,9.7215804,79.9445982
4547311821,Hospital,Unknown,9.7061641,80.0649518
4561921830,Hospital,Unknown,9.7254467,79.9978653
4595801052,Hospital,Western Dispensary,6.8926568,79.8712782
4631865301,Hospital,Government Dispensery,6.9767207,80.117468
4653891140,Hospital,Unknown,6.8723658,79.8647627
4682730891,Hospital,Unknown,6.1407286,80.0994826
4704694322,Hospital,Vasan Eye Care,6.9017271,79.8530752
4731459322,Hospital,Unknown,8.8141025,80.0231452
4741171622,Hospital,Unknown,7.4503257,81.6278567
4741177121,Hospital,District General Hospital Ampara,7.29895,81.6892025
4833926653,Hospital,Car Park,6.0365933,80.2162355
4833926726,Hospital,Dambagalla rural hospital,6.9799565,81.3750928
4884211665,Hospital,Kamburupitiya Base Hospital,6.0957342,80.5647207
4885968676,Hospital,Keppetipola Dispensary,6.8961677,80.8743927
4890143149,Hospital,Ginigathhena Diivisional Hospital,6.9905174,80.4893267
4894390564,Hospital,Udawalawa Government Hospital,6.422959,80.8151802
4904980063,Hospital,Galenbindunuwewa Hospital,8.2885862,80.7170704
4907040922,Hospital,Unknown,6.0507459,80.7392932
4910764095,Hospital,Dambulla Ayurveda Hospital,7.8741635,80.6487466
4921735461,Hospital,Lunugala District Hospital,7.037552,81.2009194
4936849273,Hospital,Maadipola Hospital,7.685545,80.5770925
4939070630,Hospital,Kurunduwaththa Divisional Hospital,7.1287805,80.5313918
4945471065,Hospital,Nalanda Hospital,7.6646097,80.6368594
4946331206,Hospital,Wilgamuwa Divisional Hospital,7.5403487,80.9143335
4986424414,Hospital,Maraka Divisional Hospital,7.5871219,80.9575018
4993702022,Hospital,Unknown,6.2677965,80.6980836
4993702925,Hospital,Unknown,6.2589936,80.763909
5019110507,Hospital,Gomez PVT Hospital,6.954086,80.20941
5030141284,Hospital,Divisional Hospital - Kolongoda,7.4715272,80.9485714
5124245208,Hospital,Boralanda Base Hospital,6.8295684,80.8955211
5124245209,Hospital,Bogahakumbura Base Hospital,6.8623086,80.875676
5138765246,Hospital,Sigiriya Base Hospital,7.9417419,80.7321821
5160601972,Hospital,Ankumbura Ayurweda Dispensary,7.4360985,80.5736346
5173638392,Hospital,Kandy Nursing Home,7.2910283,80.6450197
5176117555,Hospital,Madampagama Rural Hospital,6.2131626,80.0638204
5181352383,Hospital,Godahena Rural Hospital,7.3999425,80.5788187
5185617923,Hospital,Jaffna Teaching Hospital,9.6664323,80.0127075
5188232523,Hospital,Unknown,6.9206251,79.8576248
5217490656,Hospital,Aralaganwila Hospital,7.7878962,81.1881513
5219301101,Hospital,Owilikanda Hospital,7.4612119,80.58734
5226835391,Hospital,Unknown,9.662776,80.0240579
5226846898,Hospital,Unknown,9.6627531,80.0217624
5248273022,Hospital,Unknown,7.0188878,79.9005354
5320624184,Hospital,Rambukkana Hospital,7.3265329,80.395554
5356102193,Hospital,Mawathagama Divisional Hospital,7.4403955,80.4480207
5377921579,Hospital,Lions Club Eye Hospital,6.9832212,79.8761609
5400935336,Hospital,Uraniya District Hospital,7.2362993,81.1082277
5435909721,Hospital,Habarana Divisional Hospital,8.0384853,80.7561797
5634795266,Hospital,High Forest Government Hospital,7.0667315,80.840092
5661757672,Hospital,Hopton Hospital,6.9847243,81.1976713
5759109537,Hospital,Unknown,7.8930667,80.1129261
5803824055,Hospital,Unknown,7.3191871,80.8783298
5807374453,Hospital,Unknown,7.3725053,80.5245613
5807374554,Hospital,Unknown,7.3716547,80.5251747
5907970351,Hospital,Katupotha Divisional Hospital,7.5336572,80.1866005
5968440712,Hospital,Hospital,6.3327708,80.3885883
5973240867,Hospital,Dambadeniya hospital,7.3487704,80.1376735
6066663511,Hospital,Primary Care Hospital,7.3258412,80.5057539
6183173991,Hospital,Hatharaliyadda Divisional Hospital,7.3427233,80.4772566
6183183898,Hospital,District Hospital Galagedara,7.3721084,80.5243428
6184437040,Hospital,Theripehe Hospital,7.1205112,80.9259072
6185575100,Hospital,Madulla Dispensary,7.0537261,80.9264195
6236736780,Hospital,Wellatha Rural Hospital,6.5701994,80.0729245
6268756985,Hospital,Unknown,7.770675,80.5798523
6495229525,Hospital,Unknown,6.3434554,80.0784364
6515047516,Hospital,Lanka Hospitals,6.8884745,79.8766451
6536295719,Hospital,M D.H. Jayawardana Divisional Hospital Nawagamuwa,6.9225061,80.014342
6542571795,Hospital,Pallebedda Divisional Hospital,6.4831595,80.7063831
6579895565,Hospital,Divisional Hospital Ganthuna,7.133569,80.4005349
6611417521,Hospital,Kandy Nursing Home,7.291136,80.64486
6615719550,Hospital,Free Dispensary,6.9647924,79.8649812
6631008087,Hospital,Rawana Arana,6.8854297,79.8990978
6657814469,Hospital,Body Doc Medical Center,6.8955508,79.9601667
6754747985,Hospital,Unknown,7.2160191,80.0113727
7159759462,Hospital,Unknown,7.4994802,80.3535125
7159813015,Hospital,deiyandara hospital,6.1539661,80.6010273
7182096942,Hospital,Balasooriya Hospital,8.0237243,79.8398902
7196688790,Hospital,District Hospital Bingiriya,7.5983976,79.9318919
7205314153,Hospital,Madulkelle Hospital,7.3980322,80.7331905
7265765513,Hospital,MOH Office - Pujapitiya,7.3809646,80.5907241
7682218677,Hospital,Corporative Channel Centre,6.6832054,80.4017812
7781439399,Hospital,Hiniduma Distric Hospital,6.3313532,80.3223076
7829346255,Hospital,Air Force Hospital - Colombo,6.9199498,79.8833535
7905128485,Hospital,"District Ayurvedic Hospital, Mannar",8.874437,79.936943
8307765317,Hospital,Nawaloka specialist centre,6.9202245,79.8535362
8326706066,Hospital,ABC HOSPITAL,6.7185924,80.0766541
8380640537,Hospital,Police Hospital - Kundasale,7.2797312,80.6822248
8393934616,Hospital,Arya Hospital,6.6893429,80.3945651
8400160771,Hospital,Sirimavo Bandaranayake Government Ayurvedic Hospital,6.7111686,80.378143
8588646125,Hospital,Lunawa hospital,6.7836657,79.8775068
8594262509,Hospital,Maharhishi Ayurveda Hospital,6.8303971,79.8656752
8594965862,Hospital,Kiribathgoda hospital,6.9776895,79.9269836
8594968113,Hospital,Nightingale Hospital,6.9721839,79.8917922
8594973278,Hospital,Oxford Lanka Medical,6.9559333,79.8875746
8594986749,Hospital,Half Way Home Mulleriyawa,6.9222495,79.9474219
8595831008,Hospital,Suwasevana hospital,7.2734056,80.5918036
8606429587,Hospital,Nawala Medical Centre,6.886956,79.8872686
8606450117,Hospital,Diabetic Foot Care & Rehabilitation Centre,6.8914282,79.8873882
8607505751,Hospital,Suwasewana Ayurvedic center,6.8251147,79.9754494
8607512350,Hospital,Rohana wijayasiri wedamahatha,6.8012348,79.9787088
8658907685,Hospital,Ranpatha Weda Madura,6.8487554,79.9485862
9399892407,Hospital,Mahananneriya District Hospital,7.9977404,80.1767677
9400769331,Hospital,Divisional Hospital Ambanpola,7.9168413,80.2420581
9448962251,Hospital,Divisional Hospital,7.3127506,80.7048663
9740549811,Hospital,old hospital,6.8255699,80.5214882
9767295827,Hospital,"Ayurvedic Hospital,Kiliveddy",8.3514924,81.2857616
9769345590,Hospital,Kandenuwara General  Hospital,7.4494282,80.6796789
9771132582,Hospital,Medamahanuwara Divisional Hospital,7.2898434,80.8151441
9771162663,Hospital,Rattota Divisional Hospital,7.5184272,80.6767853
9776389408,Hospital,Unknown,6.8742319,80.6036836
9776389411,Hospital,Unknown,6.873497,80.6048791
9776850058,Hospital,Unknown,6.8896731,80.5984059
9776850064,Hospital,Unknown,6.8883361,80.5974926
9777000034,Hospital,Unknown,6.8897109,80.5972337
9779584112,Hospital,HOSPITAL  GROUND,9.7057632,80.0301377
9779584113,Hospital,MOH office,9.7058645,80.0298504
9779628035,Hospital,Unknown,9.7046081,80.0311879
9780882305,Hospital,Unknown,9.7054013,80.0299246
9780882306,Hospital,Unknown,9.7057787,80.0301429
9780882309,Hospital,Unknown,9.7059054,80.0298406
9780989140,Hospital,Unknown,9.7058375,80.0301482
9785764862,Hospital,Downside Divisonal Hospital,6.9333693,80.9250417
9793173329,Hospital,Weerasekara Aurwedha medical Center,6.8938109,80.869818
9880362017,Hospital,Unknown,9.5268962,79.7000008
9970637901,Hospital,Pat care Animal Hospital,7.1547138,80.5700934
9972579478,Hospital,Lanka Medical,7.1553422,80.5656001
9991604797,Hospital,Ayurweda Hospital Nildandahinna,7.0834698,80.8938924
10030668800,Hospital,Unknown,6.6253422,80.0668767
10030733044,Hospital,Unknown,6.6137155,80.088663
10139130307,Hospital,GLASSUGH A.A.DIVISION HOSPITAL,6.9436652,80.7397239
10139139602,Hospital,NANUOYA HOSPITAL,6.942405,80.7444972
10150959135,Hospital,Unknown,6.6311352,80.0679552
10155823625,Hospital,Sampoor hospital,8.4812833,81.2925642
10162146096,Hospital,bokkawala,7.3929,80.5532062
10218912917,Hospital,Unknown,6.956163,79.9151086
10243221102,Hospital,Divisional Hospital - Lahugala,6.8779492,81.7179159
10247906260,Hospital,Base Hospital Puttalam,8.0277811,79.8388358
10282826828,Hospital,Family Medical Centre,6.7632078,79.9285909
10294944051,Hospital,Army Hospital,6.9000731,79.875833
10578445503,Hospital,Medi Sevana Private Hosepital,7.2544273,80.4451963
10614985210,Hospital,"Hospital, serunuwara",8.3229365,81.2997025
10618470666,Hospital,Unknown,6.9663393,80.9320067
10783985525,Hospital,Unknown,5.9466474,80.5400533
10839918583,Hospital,Central Camp Government Hospital,7.4149436,81.7354717
10936388555,Hospital,base hospital,7.2258011,80.1957774
10989218950,Hospital,Unknown,6.8109241,80.0843247
11018993428,Hospital,City lab,6.7141921,79.9081688
11056066385,Hospital,Primary Medical Center - Damminna,7.7377169,81.2062726
11068267299,Hospital,Medagama Hospitle,7.0391267,81.2748228
11081539151,Hospital,Kiriibanwewa - Primary Medical Care Unit,8.9959573,80.8228774
11111396731,Hospital,Teaching Hospital - Kalutara,6.5629041,79.985063
11142898009,Hospital,hijama treatment center,6.4712636,80.1032987
11155244745,Hospital,Dharmajaya ground,7.4763813,80.3603073
11155256557,Hospital,"Teaching Hospital, Kurunegala",7.4790196,80.3583529
11271020360,Hospital,Unknown,7.4489678,81.754918
11393710450,Hospital,Unknown,8.0018053,80.5344058
11399692755,Hospital,Imaza poly clinic,7.2503605,81.8553396
11425574771,Hospital,Hospital,6.2849585,81.2694963
11449196261,Hospital,M.K Hospital,7.166275,80.5716744
11449379403,Hospital,Medi Channel Centre,6.9424666,79.8907761
11449933928,Hospital,Lahiru Medical Center,7.1645879,80.5676515
11473285886,Hospital,Chest clinic tuberculosis,8.3228271,80.4129661
11473311673,Hospital,Unknown,8.0002445,79.7412286
11473336964,Hospital,Family medical clinic & diabetes centre,7.1838386,79.8604694
11514421847,Hospital,Pet Care Animal Hospital,7.1601214,80.5686913
11617890670,Hospital,Unknown,7.2983104,81.8621085
11617893369,Hospital,Medical centre,7.2982022,81.8620735
11617913169,Hospital,medical centre,7.2982527,81.8620671
11699344062,Hospital,Dippitiya Hospital,7.1771174,80.4586185
11721522330,Hospital,Hospital,7.281883,80.6216691
11754464123,Hospital,Unknown,7.2817247,80.6206084
11841725079,Hospital,Unknown,6.8507098,79.9077135
11842967690,Hospital,Unknown,6.8522939,79.8659735
11862652180,Hospital,Unknown,6.8522186,79.8660313
11939687607,Hospital,Rehabilitation Hospital Digana,7.2961005,80.7308918
11950003648,Hospital,new pioneer hospital,7.7190372,81.7010951
11966302947,Hospital,Divisional,8.6809533,81.1936556
12039462866,Hospital,Campus Dispensary,8.6549032,81.2112654
12041208681,Hospital,Health care,8.6552976,81.2114585
12237473322,Hospital,Army Field Hospital,8.7401239,80.50093
12344094402,Hospital,IMC MED Hospital-Hikkaduwa,6.1241201,80.1114252
12880676034,Hospital,Medawala Hospital,7.3579191,80.5664882
12880899827,Hospital,Prapoda private hospital,7.290688,81.6757739
13001466897,Hospital,Rural Hospital Rasnayakepura,7.7762842,80.0175665
13084509423,Hospital,Central hospital,6.9900457,81.0514342
13155679168,Hospital,MOH Office - Badalkumbura,6.9021837,81.2410693
13193567762,Hospital,Divisional Hospital - Panama,6.7560784,81.80436
13514155001,Hospital,Unknown,6.9388184,79.8928232
13575081001,Hospital,Ayurvedic Hospital,7.0160604,80.4157421
13607463010,Hospital,Respiratory Diseases Treatment Unit (Ward 16),7.2468055,80.3447598
13647227601,Hospital,Medihelp Hospital,6.5248546,80.1158032
13715414275,Hospital,oluvil government hospital,7.290137,81.8581316
13718430574,Hospital,Jifry medical center,7.2901268,81.8603166
250131982,Bus_Stop,Unknown,5.9415934,80.5120061
250131996,Bus_Stop,Unknown,5.9412602,80.4677373
250132076,Bus_Stop,Unknown,5.9431535,80.5044021
268931553,Bus_Stop,Unknown,6.8817697,79.90118
388267902,Bus_Stop,Unknown,6.0665976,80.7316935
445271626,Bus_Stop,Matugama Central Bus Stand,6.5222269,80.1147664
543856324,Bus_Stop,Town Hall,6.7200733,79.9076091
543870867,Bus_Stop,Unknown,6.7083614,79.9079462
599717318,Bus_Stop,Opposite Hathamuna,6.8164138,79.9825208
599815328,Bus_Stop,Mattegoda,6.8114091,79.9752145
617203258,Bus_Stop,Pelawatte,6.8905073,79.9288928
619160918,Bus_Stop,Borella,6.9153814,79.8778049
619263610,Bus_Stop,Gunasinghepura Bus Stop,6.9371283,79.8556206
619265151,Bus_Stop,Fort Bus Stop,6.9340332,79.8502961
619906867,Bus_Stop,Unknown,7.0287298,80.032605
619907150,Bus_Stop,Malkale Junction,7.0234098,80.073237
619907184,Bus_Stop,Hoaragasdeka Road,7.0246094,80.0785623
619907254,Bus_Stop,Unknown,7.0312411,80.0849781
619956281,Bus_Stop,Udahamulla Depot,6.8651121,79.911971
621190909,Bus_Stop,Salmal Uyana,6.9226666,79.9518751
621822032,Bus_Stop,Narahenpita,6.891591,79.8770981
621917718,Bus_Stop,Mount Lavinia,6.8335379,79.8672498
634160529,Bus_Stop,Nittambuwa Old Bus Stand,7.139915,80.0954259
639132064,Bus_Stop,Ihala Dekatana,6.9711803,80.0479358
639132119,Bus_Stop,Wolter Perera,6.9841529,80.067399
639132153,Bus_Stop,Paththetiya,6.991578,80.0827996
667516645,Bus_Stop,Unknown,7.0427999,80.0341388
667516669,Bus_Stop,Uruwala Junction,7.041976,80.0368738
667516831,Bus_Stop,Unknown,7.046493,80.0261275
667517492,Bus_Stop,Unknown,7.0520284,80.0225633
679023695,Bus_Stop,Beddagana,6.8890331,79.9056131
844674883,Bus_Stop,Kiribathgoda YMCA,6.9811215,79.9298451
969843920,Bus_Stop,177 bus stop,6.9045555,79.9532658
969843948,Bus_Stop,Unknown,6.90521,79.9495513
969843952,Bus_Stop,Unknown,6.904937,79.9501918
970371463,Bus_Stop,Thalahena,6.9079798,79.9451386
972527156,Bus_Stop,Unknown,6.9044969,79.9537513
976663560,Bus_Stop,Unknown,6.9024928,79.9150532
976664133,Bus_Stop,Unknown,6.9023774,79.9143148
976664134,Bus_Stop,Kotte-Pagoda Bus Stand,6.8839367,79.9015789
976664135,Bus_Stop,Unknown,6.8828874,79.8987242
976664136,Bus_Stop,Unknown,6.8819571,79.8971467
976664141,Bus_Stop,Unknown,6.9021519,79.9057727
976664142,Bus_Stop,Unknown,6.9034088,79.9071568
976664143,Bus_Stop,Unknown,6.9033342,79.9076825
976664147,Bus_Stop,Unknown,6.9021945,79.918186
976674823,Bus_Stop,Unknown,6.9179376,79.8777863
976675993,Bus_Stop,Unknown,6.8694946,79.8880487
976675994,Bus_Stop,Unknown,6.9087496,79.8961471
976675996,Bus_Stop,Unknown,6.9086816,79.9439035
976675998,Bus_Stop,Unknown,6.8788255,79.8944967
976675999,Bus_Stop,Unknown,6.8742666,79.8917609
976676000,Bus_Stop,Unknown,6.8725836,79.8906773
1124783409,Bus_Stop,Unknown,6.8982685,79.9061814
1138480530,Bus_Stop,Balapititya,6.2802312,80.0406641
1141723531,Bus_Stop,Unknown,6.8946961,79.9055862
1150408823,Bus_Stop,Mandawala Road,6.9750153,80.1181043
1231840374,Bus_Stop,Nagoda Junction,5.9992804,80.5195786
1231840473,Bus_Stop,Godagama Junction Bus Stop,5.9728279,80.519447
1231840820,Bus_Stop,Hittetiya,5.9598714,80.5288019
1241595921,Bus_Stop,Jambugas Junction,6.969608,80.0448655
1420484722,Bus_Stop,Unknown,6.8760718,79.9003842
1420484924,Bus_Stop,Unknown,6.8765354,79.9005313
1428656012,Bus_Stop,Unknown,6.16644,80.8978718
1446610570,Bus_Stop,Unknown,6.7252975,80.0296158
1530580860,Bus_Stop,Unknown,6.8665789,79.8761673
1532953123,Bus_Stop,Makumbura,6.8391671,79.9725232
1617836229,Bus_Stop,Unknown,6.131641,80.1014256
1617836253,Bus_Stop,Unknown,6.1461608,80.099513
1617836292,Bus_Stop,Thotagamuwa Junction,6.1495806,80.0986094
1617836311,Bus_Stop,Thotagamuwa Vijayaba Vidyalaya,6.1519612,80.0968438
1617836345,Bus_Stop,Werellana,6.1543148,80.0954351
1617836399,Bus_Stop,Seenigama,6.1579507,80.0923115
1617836448,Bus_Stop,Sea Turtle Rescue Center,6.1637744,80.0906576
1617836477,Bus_Stop,Peraliya,6.1659561,80.089862
1617836493,Bus_Stop,Thelwaththa Junction,6.1688086,80.0876235
1617836513,Bus_Stop,Unknown,6.1716833,80.0852355
1617836525,Bus_Stop,Daluwathumulla,6.1750762,80.0813694
1617836542,Bus_Stop,Daluwathumulla,6.1752718,80.0809299
1617836575,Bus_Stop,Godagama,6.1790515,80.0772531
1617836577,Bus_Stop,Godagama,6.1792451,80.0768601
1617836611,Bus_Stop,Kahawa Junction,6.1835358,80.071993
1617836627,Bus_Stop,Kahawa Junction,6.183506,80.0718339
1617836731,Bus_Stop,Akurala Kanishta Vidyalaya,6.1884712,80.0666245
1617836751,Bus_Stop,Akurala Kanishta Vidyalaya,6.1888514,80.0661279
1617836780,Bus_Stop,Akurala,6.1916829,80.0631815
1617836816,Bus_Stop,Akurala,6.1924286,80.0627479
1617836861,Bus_Stop,Unknown,6.208497,80.061936
1617836882,Bus_Stop,Unknown,6.2086207,80.0616625
1617836912,Bus_Stop,Unknown,6.2120498,80.0601417
1617836930,Bus_Stop,Unknown,6.2161193,80.0585823
1617836946,Bus_Stop,Unknown,6.2187988,80.0578876
1617836964,Bus_Stop,Unknown,6.2253222,80.0550695
1617836982,Bus_Stop,Unknown,6.2333834,80.0545837
1617837004,Bus_Stop,Unknown,6.2422669,80.0496547
1617837005,Bus_Stop,Unknown,6.2441519,80.0480647
1617837006,Bus_Stop,Unknown,6.2461569,80.046351
1617837007,Bus_Stop,Unknown,6.2506937,80.0432004
1617837008,Bus_Stop,Unknown,6.2532664,80.0415662
1617837009,Bus_Stop,Unknown,6.256208,80.0394668
1617837010,Bus_Stop,Unknown,6.2596179,80.0377267
1617837014,Bus_Stop,Unknown,6.2621877,80.0373939
1617837587,Bus_Stop,Unknown,6.2666746,80.0352945
1617837642,Bus_Stop,Unknown,6.2690863,80.0372762
1617837796,Bus_Stop,Unknown,6.2719927,80.038981
1617837856,Bus_Stop,Unknown,6.2749961,80.0390747
1617837977,Bus_Stop,Unknown,6.2850463,80.0411962
1617838036,Bus_Stop,Unknown,6.2885637,80.0412637
1617838058,Bus_Stop,Unknown,6.2894747,80.0410316
1617838078,Bus_Stop,Unknown,6.2916309,80.0410989
1617838096,Bus_Stop,Unknown,6.2920759,80.0409241
1617838139,Bus_Stop,Unknown,6.2956054,80.0409428
1617838161,Bus_Stop,Unknown,6.2963895,80.0403897
1617838201,Bus_Stop,Unknown,6.2978648,80.0401183
1617838217,Bus_Stop,Unknown,6.3006773,80.0387609
1617838225,Bus_Stop,Unknown,6.3049707,80.0381279
1617838237,Bus_Stop,Unknown,6.3069897,80.0361016
1617838251,Bus_Stop,Unknown,6.3090475,80.0345239
1617838265,Bus_Stop,Unknown,6.3093898,80.0342214
1617838275,Bus_Stop,Ahungalla,6.3142096,80.0347599
1617838442,Bus_Stop,Unknown,6.3193373,80.0327379
1617838568,Bus_Stop,Unknown,6.3228406,80.0343265
1617838599,Bus_Stop,Unknown,6.3230754,80.0341592
1617838629,Bus_Stop,Unknown,6.3255183,80.0340174
1617838659,Bus_Stop,Unknown,6.3258951,80.0335996
1617838718,Bus_Stop,Unknown,6.3283775,80.0332077
1617838763,Bus_Stop,Unknown,6.3288082,80.0327945
1617838816,Bus_Stop,Unknown,6.3313099,80.0322449
1617838866,Bus_Stop,Unknown,6.3318108,80.0317581
1617839434,Bus_Stop,Unknown,6.3349153,80.0307756
1617839534,Bus_Stop,Unknown,6.3352623,80.030456
1617839860,Bus_Stop,Unknown,6.3402766,80.0274454
1617839922,Bus_Stop,Unknown,6.3439968,80.0255027
1617839946,Bus_Stop,Unknown,6.3443192,80.0252025
1617839962,Bus_Stop,Unknown,6.346045,80.0237409
1617839993,Bus_Stop,Unknown,6.3531509,80.0187024
1617840009,Bus_Stop,Unknown,6.368271,80.0117959
1617840033,Bus_Stop,Unknown,6.3743967,80.0102192
1617840055,Bus_Stop,Unknown,6.3905516,80.0071603
1617840099,Bus_Stop,Unknown,6.4192366,80.0023991
1643862630,Bus_Stop,Templers Road,6.8295398,79.8682418
1650266968,Bus_Stop,Unknown,5.9422592,80.514478
1652449029,Bus_Stop,Maharagama Bus Stand,6.8464147,79.9277078
1659163617,Bus_Stop,Hotel Road halt,6.8419713,79.8668469
1661966156,Bus_Stop,Nugegoda,6.8690559,79.8900597
1662166661,Bus_Stop,Maharagama,6.8480074,79.9261907
1664611741,Bus_Stop,Mount Lavinia,6.8352314,79.8673945
1665558413,Bus_Stop,Kottawa Bus Stand,6.8413708,79.9640088
1665607802,Bus_Stop,Pathiragoda,6.8568232,79.9170594
1675724058,Bus_Stop,Unknown,5.9414283,80.4671458
1675724129,Bus_Stop,Unknown,5.9389766,80.4829713
1718419971,Bus_Stop,Siruppidy School,9.7329385,80.0970074
1744050446,Bus_Stop,Unknown,6.762999,79.9670158
1748397554,Bus_Stop,Unknown,6.1377522,80.114055
1748893013,Bus_Stop,Agrahera Junction,6.1448744,80.7776263
1750233193,Bus_Stop,Unknown,6.0639289,80.7312312
1815546247,Bus_Stop,Bank Junction,6.9270249,79.9404213
1815546267,Bus_Stop,Mulleriyawa Hospital,6.9246232,79.9403436
1815546342,Bus_Stop,Rubergasmol Junction,6.9225011,79.9404938
1815546398,Bus_Stop,Sunflower Village,6.9223306,79.9417625
1815546568,Bus_Stop,Pinthaliya Junction,6.9185746,79.942207
1827277654,Bus_Stop,Unknown,6.4773391,79.9827789
1834911148,Bus_Stop,Unknown,7.1054427,80.5605037
1834911164,Bus_Stop,Unknown,7.1042469,80.5586134
1834911179,Bus_Stop,Unknown,7.0988057,80.5581376
1843491286,Bus_Stop,Hanwella Bus Station,6.9089025,80.0811936
1843603550,Bus_Stop,Mukalana Junction,6.9774788,80.0294647
1855199663,Bus_Stop,Polgahawela (Kurunegala),7.3355381,80.3002513
1871536989,Bus_Stop,Mahalwarawa,6.8435559,79.9574041
1871536990,Bus_Stop,Unknown,6.8461195,79.9493113
1900819436,Bus_Stop,Unknown,6.0578417,80.2176171
1900819811,Bus_Stop,Unknown,6.0582552,80.2172684
1900820147,Bus_Stop,Unknown,6.057655,80.2176734
1900820800,Bus_Stop,Unknown,6.0575937,80.2175312
1916613163,Bus_Stop,Ananda Maithree Mawatha,6.8453475,79.9387849
1944070024,Bus_Stop,Henegama Junction,7.0220121,80.054463
1944070102,Bus_Stop,Unknown,7.0287315,80.0530635
1944070121,Bus_Stop,Pilikuththuwa Road,7.0340905,80.0498882
1944070198,Bus_Stop,Unknown,7.0258496,80.0542402
1944070213,Bus_Stop,Puwakpitiya Junction,7.0308201,80.0512371
1949655908,Bus_Stop,Unknown,6.9613903,80.0080845
1965376411,Bus_Stop,Buses to Ella,6.8300511,80.9922111
1974499603,Bus_Stop,Unknown,7.0659279,80.5395835
1982631207,Bus_Stop,Eramudugaha Junction,6.0219434,80.2473565
1993203081,Bus_Stop,"Big Bus to Dambethenna (Tea Factory, Rs 80)",6.7689461,80.9606312
1993203093,Bus_Stop,Minibus from/to Haputale (Rs 180/=),6.7883352,81.0180666
1993203353,Bus_Stop,Unknown,6.7682059,80.9587188
2019733878,Bus_Stop,Temple,7.8565914,80.6522924
2019734060,Bus_Stop,Sigiriya Entrance Bus Station,7.9516933,80.7559047
2019987318,Bus_Stop,Unknown,7.1962518,80.8056343
2021623731,Bus_Stop,Pepiliyawala Junction,7.0027701,80.1315119
2021623736,Bus_Stop,Unknown,7.003978,80.1291658
2021623754,Bus_Stop,Unknown,7.0222562,80.1160659
2021623780,Bus_Stop,Mahena Junction,7.0216934,80.094482
2021623787,Bus_Stop,Karawdeniya,7.0221977,80.100949
2021623861,Bus_Stop,Unknown,7.0229532,80.1166501
2021623893,Bus_Stop,Nadungolla,7.0211326,80.1100542
2021623899,Bus_Stop,Welewatta Junction,7.0188616,80.1150537
2021623905,Bus_Stop,Unknown,7.0055486,80.1268591
2021648881,Bus_Stop,Bogahawatta,7.0416917,80.1201101
2021653676,Bus_Stop,Mandawala Junction,7.0321078,80.0888744
2034206226,Bus_Stop,Unknown,6.8874804,79.8646357
2035870477,Bus_Stop,Unknown,7.1106116,80.8602091
2035870609,Bus_Stop,Unknown,7.115359,80.8624335
2035878230,Bus_Stop,Unknown,7.1238008,80.8177847
2035878885,Bus_Stop,Unknown,7.1258834,80.8265126
2045897655,Bus_Stop,Kottawa,6.8417634,79.9629582
2045897955,Bus_Stop,Kottawa,6.8422498,79.9624578
2045898798,Bus_Stop,Kottawa bus stop,6.8409315,79.9661122
2045899480,Bus_Stop,Makumbura,6.839249,79.9728409
2045900841,Bus_Stop,Makumbura,6.8387319,79.97951
2045920416,Bus_Stop,Moraketiya,6.8458168,79.9523451
2045924568,Bus_Stop,Pannipitiya,6.8462668,79.9495451
2045926412,Bus_Stop,Unknown,6.8451924,79.9432726
2045927901,Bus_Stop,Unknown,6.8452921,79.9433865
2045934547,Bus_Stop,Maharagama,6.8459659,79.9283849
2045936107,Bus_Stop,Maharagama,6.8454439,79.929895
2045957545,Bus_Stop,Opposite co-operative shop,6.8212295,79.9803208
2045957950,Bus_Stop,Near co-operative shop,6.8212348,79.9799721
2045958355,Bus_Stop,Near Kande Purana Viharaya,6.8266731,79.9762653
2045958356,Bus_Stop,Unknown,6.82458,79.9776538
2045958357,Bus_Stop,Unknown,6.8245798,79.9780838
2045959370,Bus_Stop,Opposite Kande Purana Viharaya,6.8268923,79.9760163
2045961776,Bus_Stop,Dolekade,6.8288676,79.9764745
2045961923,Bus_Stop,Dolekade,6.8290273,79.9759488
2045963087,Bus_Stop,Unknown,6.8294002,79.970005
2045963088,Bus_Stop,Unknown,6.8290273,79.9699513
2045964942,Bus_Stop,Unknown,6.8298263,79.9733309
2045965975,Bus_Stop,Unknown,6.8300713,79.9735455
2045966706,Bus_Stop,Pinhena Junction,6.8328728,79.9648183
2045967057,Bus_Stop,Pinhena Junction,6.8327728,79.9646329
2045967337,Bus_Stop,Pinhena Junction,6.8329529,79.9645628
2045967457,Bus_Stop,Opposite Mahanama Paint Centre,6.8308916,79.9626772
2045967761,Bus_Stop,Near Mahanama Paint Center,6.8311366,79.9624948
2045968278,Bus_Stop,Digana Junction,6.8294961,79.9618725
2045968304,Bus_Stop,Digana Junction,6.8296275,79.9615739
2045968635,Bus_Stop,Unknown,6.8368357,79.9651663
2045968636,Bus_Stop,Unknown,6.8351484,79.9653625
2045968637,Bus_Stop,Unknown,6.8364629,79.965032
2045968638,Bus_Stop,Unknown,6.8347967,79.9651452
2045969802,Bus_Stop,Sikurada Pola Junction,6.8270885,79.9607675
2045969951,Bus_Stop,Sikurada Pola Junction,6.8270556,79.9604266
2045974540,Bus_Stop,Unknown,6.819248,79.9812273
2045974541,Bus_Stop,Unknown,6.8184104,79.9811308
2045975956,Bus_Stop,Hathamuna,6.8166036,79.9824224
2046084565,Bus_Stop,Nugegoda,6.869201,79.8901108
2046131921,Bus_Stop,Unknown,6.8455375,79.9380414
2046134098,Bus_Stop,Unknown,6.8446798,79.9343029
2046134099,Bus_Stop,Opposite NIE,6.8447754,79.9327737
2046135004,Bus_Stop,Opposite Dharmasoka Primary,6.8452071,79.9352634
2046136875,Bus_Stop,Unknown,6.8446559,79.9325809
2071121697,Bus_Stop,Regal Cinema bus stop,6.9314341,79.847143
2074229771,Bus_Stop,Polgahamula,7.2660179,80.5824791
2084155797,Bus_Stop,Wilauda,6.8908923,80.0573851
2093862141,Bus_Stop,Kalutara,6.5860054,79.9601982
2093935857,Bus_Stop,Unknown,8.6256243,80.9848974
2096489057,Bus_Stop,Unknown,6.9324272,79.8918438
2096489062,Bus_Stop,Unknown,6.932539,79.8889685
2096489066,Bus_Stop,Unknown,6.9362986,79.8954648
2096489071,Bus_Stop,Unknown,6.9327307,79.8885072
2096489076,Bus_Stop,Unknown,6.9375973,79.8957729
2096489081,Bus_Stop,Kolonnawa,6.932587,79.891479
2096489085,Bus_Stop,Unknown,6.932161,79.8862058
2096496425,Bus_Stop,Unknown,6.9319852,79.8855567
2096504862,Bus_Stop,Unknown,6.9315996,79.8780375
2096504865,Bus_Stop,Unknown,6.9316124,79.8782075
2096504867,Bus_Stop,Unknown,6.9312237,79.8786205
2096504870,Bus_Stop,Demetagoda,6.9296956,79.8781571
2096600833,Bus_Stop,Royal Beach,6.1260237,80.1073276
2100738533,Bus_Stop,Artigala,6.9064993,80.059602
2124718832,Bus_Stop,Unknown,6.932362,79.8938737
2142185632,Bus_Stop,Kolonnawa,6.9329078,79.8937044
2145135233,Bus_Stop,Unknown,6.9166097,79.8777135
2145135234,Bus_Stop,Unknown,6.9179039,79.8746343
2154029180,Bus_Stop,Unknown,6.8905492,79.8641872
2155946279,Bus_Stop,Unella,5.979596,80.5193806
2159765769,Bus_Stop,Unknown,6.8417854,80.0041484
2215812700,Bus_Stop,Maliban junction,6.0782597,80.2511786
2215827892,Bus_Stop,Rathjambugahg junction,6.0757994,80.2628101
2215832804,Bus_Stop,kurunduwaththa junction,6.0777582,80.2756728
2215855644,Bus_Stop,Hiyare junction,6.0795413,80.2843538
2215858337,Bus_Stop,Jayanthi handiya,6.0808518,80.2857522
2215867999,Bus_Stop,Galgoda handiya,6.0913671,80.3066919
2215875754,Bus_Stop,"Magistrate court ,kottawa",6.095198,80.3059255
2215878113,Bus_Stop,Kottawa Junction bus halt,6.1021673,80.3183521
2215884281,Bus_Stop,Makumbura Junction,6.1068452,80.3350193
2328941797,Bus_Stop,Unknown,6.9326714,79.847868
2339138440,Bus_Stop,Wadduwa Express Stop,6.665284,79.9299876
2339138444,Bus_Stop,Wadduwa Express Stop,6.6645967,79.9301056
2339171164,Bus_Stop,Wadduwa Church,6.6703163,79.9273166
2339171180,Bus_Stop,Wadduwa Church,6.6700287,79.9276621
2339271035,Bus_Stop,Town Hall,6.7204088,79.9073267
2339271036,Bus_Stop,Express Bus Stop,6.7118485,79.9076329
2339285629,Bus_Stop,Express Bus Stop,6.7103795,79.9074061
2339437470,Bus_Stop,Unknown,6.7161337,79.9074559
2343128696,Bus_Stop,Yakgahapitiya Bus Stop,7.3014847,80.667033
2343175112,Bus_Stop,Unknown,7.3160851,80.682394
2347312846,Bus_Stop,Unknown,6.9901873,80.1026353
2347312852,Bus_Stop,Unknown,6.977751,80.1152394
2347312856,Bus_Stop,Unknown,6.9982798,80.0990818
2347312890,Bus_Stop,Nagas Junction,7.0017871,80.0933667
2363310682,Bus_Stop,Colombo Express Stop,7.2532802,80.4483174
2363310687,Bus_Stop,Kandy Express Stop,7.2518688,80.4483569
2376247224,Bus_Stop,Bus to Colombo,7.2138189,79.8475658
2376247225,Bus_Stop,Bus to Colombo,7.2215883,79.8470269
2376285714,Bus_Stop,Unknown,6.9095616,79.8637761
2376285720,Bus_Stop,Unknown,6.9131912,79.8570239
2380090409,Bus_Stop,Unknown,5.9389799,80.4864236
2380090425,Bus_Stop,Unknown,5.9396345,80.475997
2380090589,Bus_Stop,Unknown,5.9421083,80.4983025
2380090600,Bus_Stop,Unknown,5.942345,80.5083169
2380090680,Bus_Stop,Unknown,5.9430515,80.463435
2380091188,Bus_Stop,Unknown,5.9492334,80.4558982
2380091541,Bus_Stop,Unawatuna,6.0139727,80.2495635
2400524416,Bus_Stop,Athurugiriya Bus Stand,6.8773468,79.9893844
2407107648,Bus_Stop,Nimalawa,6.0513395,80.4359263
2407107649,Bus_Stop,Nimalawa,6.0516375,80.4341216
2410156526,Bus_Stop,Nagas Junction,6.8161815,79.9591475
2410156531,Bus_Stop,Nagas Junction,6.8164021,79.9591666
2411958243,Bus_Stop,Unknown,6.4745694,79.9837833
2418155955,Bus_Stop,Hungama Bus stop,6.1101846,80.9324926
2419090150,Bus_Stop,255,6.79493,79.900953
2419091357,Bus_Stop,Unknown,6.7966209,79.8882834
2465300014,Bus_Stop,Meegaha,6.0202289,80.261141
2524527588,Bus_Stop,Senanayaka Handiya,6.9330233,80.8938638
2527554309,Bus_Stop,"Jayamangala Mawatha, Bus Stop",6.8753711,79.8991848
2578266165,Bus_Stop,Rajagiriya Bus Stop,6.9101712,79.8945965
2578267387,Bus_Stop,Rajagiriya Bus Stop,6.9100839,79.8945203
2587647126,Bus_Stop,Pahala Wasala,7.0258586,80.0897769
2605822727,Bus_Stop,Ogaspe Junction,6.0046347,80.5191144
2610271922,Bus_Stop,Bus Halt,6.2507813,80.2677388
2610271928,Bus_Stop,Bus Halt,6.2598429,80.2643545
2610271933,Bus_Stop,Bus Halt,6.2970852,80.2515156
2610318040,Bus_Stop,Bus Halt,6.2831271,80.3946037
2610375409,Bus_Stop,Bus Halt,6.0244485,80.5171088
2610398277,Bus_Stop,Bus Halt,6.0739313,80.8984621
2637760230,Bus_Stop,Pubudu Mawatha Bus Stop,6.8131244,79.9661795
2678392049,Bus_Stop,Unknown,6.7954285,79.8997391
2686457781,Bus_Stop,Gorokoya,7.0662244,80.5535737
2703675529,Bus_Stop,Divulapitiya Bus Stand,7.2251913,80.0197251
2722414088,Bus_Stop,Unknown,5.9599096,80.4564616
2722959391,Bus_Stop,Kadedduwa Junction,5.9769306,80.5182794
2776564675,Bus_Stop,5th Mile Spot,7.0113722,80.0973194
2776564683,Bus_Stop,Unknown,7.0120185,80.1017197
2776564687,Bus_Stop,Unknown,7.0121603,80.1037681
2776564702,Bus_Stop,Unknown,7.0092116,80.1096398
2776564709,Bus_Stop,Anuragoda,7.0078791,80.1134672
2776564714,Bus_Stop,Unknown,7.0088087,80.115513
2776564717,Bus_Stop,Unknown,7.0092858,80.1176574
2776564723,Bus_Stop,Unknown,7.0070106,80.1233142
2776564728,Bus_Stop,Walpola Junction,7.0086557,80.1250905
2776567382,Bus_Stop,Unknown,7.0076471,80.1210915
2776567436,Bus_Stop,Nandarama,7.0094429,80.1075347
2822272433,Bus_Stop,Hospital Junction,7.9422722,81.0088501
2822277573,Bus_Stop,Polonnaruwa,7.9399893,81.0014384
2831610509,Bus_Stop,Welikanda,7.9474392,81.2476873
2833339914,Bus_Stop,Unknown,7.9427736,81.0106663
2834980701,Bus_Stop,Unknown,8.0739759,80.6838798
2834980901,Bus_Stop,Unknown,8.0888779,80.6541876
2834985602,Bus_Stop,Unknown,8.2051512,80.5233688
2834985701,Bus_Stop,Unknown,8.1198801,80.5734445
2834994401,Bus_Stop,Unknown,8.2745165,80.4996176
2834994602,Bus_Stop,Unknown,8.3248861,80.4625779
2838006015,Bus_Stop,Newtown,7.9156116,81.0024463
2898918546,Bus_Stop,Kahambe,7.2561205,80.5508328
2900268008,Bus_Stop,Kiriwawula,7.252439,80.5458695
2900269714,Bus_Stop,Yakage Wanguwa,7.2552389,80.5468847
2900277822,Bus_Stop,Nugagahamula/Urula-watta,7.2481314,80.5446324
2902332444,Bus_Stop,Unknown,6.0249798,80.4959284
2902343632,Bus_Stop,Unknown,6.0239774,80.4960302
2902585256,Bus_Stop,palatuwa,5.9841116,80.5211268
2908660967,Bus_Stop,Gadaladeniya,7.2583424,80.5556644
2908700861,Bus_Stop,Udawela Junction,6.688964,80.6939921
2911511604,Bus_Stop,Unknown,6.8961857,80.9198355
2912265177,Bus_Stop,Dayaraaba,6.8787608,80.9423036
2918228321,Bus_Stop,Peradeniya,7.2633517,80.5929841
2968472648,Bus_Stop,Mabima Junction,6.9423353,79.9618176
2968472649,Bus_Stop,Pattiwila,6.9440747,79.9548065
3031566824,Bus_Stop,Hospital Junction,7.0333771,80.1000702
3098796388,Bus_Stop,Palatuwa Junction,5.986366,80.5215193
3188801113,Bus_Stop,Unknown,6.9346772,79.8674142
3200313304,Bus_Stop,Godellewela Junction,6.0098326,80.7712816
3205709402,Bus_Stop,Unknown,7.9515144,80.758909
3208840622,Bus_Stop,Nakandapola Junction,7.0106603,80.0568407
3208840626,Bus_Stop,Unknown,7.0079816,80.0580449
3208840628,Bus_Stop,Putupagala Road,7.0047252,80.0581852
3208840630,Bus_Stop,Unknown,7.0128347,80.0563914
3208840639,Bus_Stop,Keragala,7.0049553,80.0594635
3208840656,Bus_Stop,Unknown,7.0142643,80.0539907
3208841519,Bus_Stop,Unknown,7.0164454,80.0506591
3208842116,Bus_Stop,Unknown,6.9991114,80.0618359
3208842122,Bus_Stop,Putupagala,6.9859849,80.0694126
3208842138,Bus_Stop,Unknown,6.9892717,80.0689491
3208842139,Bus_Stop,Unknown,6.9932331,80.0679567
3208842141,Bus_Stop,Unknown,6.9977697,80.0648292
3215395996,Bus_Stop,Unknown,7.0686293,80.5393198
3215396006,Bus_Stop,Unknown,7.0799478,80.5434081
3248873913,Bus_Stop,Unknown,6.1388471,80.1111994
3361033100,Bus_Stop,Kamburugamuwa Junction,5.941136,80.4944449
3368537573,Bus_Stop,Nahalla Bus Stop,6.6175359,80.1137224
3370058913,Bus_Stop,PS Junction,6.587361,80.1592477
3370173165,Bus_Stop,Unknown,5.9409872,80.4938751
3370463787,Bus_Stop,Gothutuwa New Town,6.9239776,79.9127469
3372814693,Bus_Stop,Castlerigh Bus Stop,6.8730271,80.5643542
3378906787,Bus_Stop,Town Hall,6.9168254,79.8649673
3378906788,Bus_Stop,Unknown,6.9189954,79.861505
3378906789,Bus_Stop,Town hall,6.9164719,79.8630651
3378906790,Bus_Stop,Unknown,6.9191004,79.8604039
3378906791,Bus_Stop,Townhall Bus Stop,6.9161758,79.8647474
3378906792,Bus_Stop,Unknown,6.9195704,79.8598125
3378908694,Bus_Stop,"170 Athurugiriya, 190 Meegoda, 190 Godagama",6.9171448,79.8661797
3378908831,Bus_Stop,Unknown,6.9164394,79.8625855
3385797308,Bus_Stop,Thawalanthanna,7.0683131,80.6861652
3387397696,Bus_Stop,Radawana Junction,7.0335563,80.0923957
3387429131,Bus_Stop,Unknown,7.0221149,80.1045476
3400061186,Bus_Stop,Pannegamuwa Jct.,6.2976663,81.2367593
3455641763,Bus_Stop,Maampalam Junction Bus Stop,9.6605647,80.0409998
3455692777,Bus_Stop,Unknown,9.6610509,80.0496157
3468668224,Bus_Stop,Nanuoya Junction,7.2672917,80.5712818
3474590678,Bus_Stop,Unknown,6.9714044,79.9769134
3474590679,Bus_Stop,Dimo Junction,6.9694195,79.9836393
3483231541,Bus_Stop,HNB,6.8804067,79.8764466
3498618704,Bus_Stop,Unknown,6.970289,79.9822774
3498618705,Bus_Stop,Unknown,6.9710538,79.9735434
3498618706,Bus_Stop,Unknown,6.9678183,79.9674817
3498618707,Bus_Stop,Unknown,6.9675309,79.9611586
3498618708,Bus_Stop,Unknown,6.9695241,79.9544618
3498618709,Bus_Stop,Unknown,6.9742894,79.9508192
3498618710,Bus_Stop,Unknown,6.9764124,79.9471672
3498618711,Bus_Stop,Unknown,6.9767276,79.9325502
3500241153,Bus_Stop,Unknown,6.9107316,79.8887849
3506422808,Bus_Stop,Unknown,7.0319778,80.1207912
3506422810,Bus_Stop,Unknown,7.0256901,80.1181358
3506422813,Bus_Stop,Delovita Junction,7.0405705,80.1251121
3506422830,Bus_Stop,Unknown,7.0335338,80.1224354
3506422837,Bus_Stop,Unknown,7.0303274,80.119729
3511072105,Bus_Stop,"177, 163, 170, 190 Bus-Stop",6.9020331,79.9175227
3516445284,Bus_Stop,Hidellana Junction,6.7179089,80.3838057
3538181856,Bus_Stop,Unknown,6.933946,79.8660911
3558209998,Bus_Stop,Nayapamula,6.1804667,80.1918938
3588043997,Bus_Stop,Unknown,7.0876279,80.8686991
3589808831,Bus_Stop,Unknown,7.2166215,80.3568754
3589808832,Bus_Stop,Makura,7.2167798,80.3567373
3590099445,Bus_Stop,Unknown,7.0831695,80.8734178
3590099466,Bus_Stop,Unknown,7.084734,80.8732787
3590099723,Bus_Stop,Unknown,7.087028,80.8710895
3602218414,Bus_Stop,Imbulgasdeniya,7.3097616,80.3187445
3602218415,Bus_Stop,Imbulgasdeniya,7.3100886,80.3180094
3602267798,Bus_Stop,Kongashandiya,7.3131515,80.3159611
3602286277,Bus_Stop,Karandana,7.3203364,80.3154939
3602286278,Bus_Stop,Karandana,7.3222428,80.3154025
3613112504,Bus_Stop,140 Bus Stop,6.9312798,79.8694028
3621414240,Bus_Stop,Malimbada Junction,6.0092742,80.5175613
3621425957,Bus_Stop,Kirimatimulla Junction,6.0157478,80.5050726
3632241351,Bus_Stop,Unknown,7.0127202,80.0421863
3632241354,Bus_Stop,Atikehelgalla Junction,7.0257014,80.0384307
3632241371,Bus_Stop,Unknown,7.0211823,80.0385207
3632241378,Bus_Stop,Unknown,7.0134416,80.0415962
3632241386,Bus_Stop,Unknown,7.0063177,80.0426691
3632241730,Bus_Stop,Unknown,6.990892,80.0411841
3632241996,Bus_Stop,Dewala Road,7.0177357,80.0415344
3632242011,Bus_Stop,Unknown,7.0055537,80.0480818
3632242031,Bus_Stop,Unknown,7.0005761,80.0539636
3635012411,Bus_Stop,Unknown,7.3187057,80.8796512
3642953429,Bus_Stop,Kulumaddu Junction,8.7626392,80.4643473
3649136044,Bus_Stop,Bo Tree Stop,5.9486556,80.5470708
3656313241,Bus_Stop,Katulanda Road,6.9919177,80.0444884
3656313244,Bus_Stop,Katulanda Junction,6.975445,80.035445
3656317184,Bus_Stop,Demalagama,6.994566,80.047608
3683075821,Bus_Stop,Unknown,9.1694467,80.4265975
3683075999,Bus_Stop,Unknown,9.1188282,80.4519019
3683076721,Bus_Stop,Unknown,9.14577,80.4385837
3683078139,Bus_Stop,Unknown,9.1392874,80.441823
3683078479,Bus_Stop,Unknown,9.0956099,80.4650866
3683081873,Bus_Stop,Unknown,9.0875133,80.4745935
3683083476,Bus_Stop,Unknown,9.0608609,80.5057587
3683087474,Bus_Stop,Unknown,9.0686721,80.4966303
3683092814,Bus_Stop,Unknown,9.0556278,80.5112155
3683099389,Bus_Stop,Unknown,9.0322582,80.5223507
3685707438,Bus_Stop,Senapura Bus Stop,8.0926135,80.4702318
3711361616,Bus_Stop,Unknown,6.7168767,80.0659028
3725711159,Bus_Stop,Alawwa-Kurunegala,7.2942445,80.2408757
3725932175,Bus_Stop,Unknown,7.3309426,80.3022452
3725932177,Bus_Stop,Oraliyadda,7.3278679,80.3075692
3725932179,Bus_Stop,Unknown,7.3272957,80.3094746
3725932181,Bus_Stop,Puwakwatta,7.3262997,80.3122436
3725932182,Bus_Stop,BOI,7.3253375,80.3133433
3725932184,Bus_Stop,Serapis,7.3239949,80.3138269
3725932188,Bus_Stop,Moragolla,7.3163287,80.315063
3725932189,Bus_Stop,Unknown,7.30849,80.3197642
3725932191,Bus_Stop,Wattarama Temple,7.3048512,80.3208248
3725932192,Bus_Stop,Keselwatugoda,7.3008586,80.3206809
3725936167,Bus_Stop,Wegala,7.2835764,80.7944603
3725936173,Bus_Stop,Wegala,7.2849861,80.8007657
3728661013,Bus_Stop,Unknown,6.0740124,80.1949396
3728661014,Bus_Stop,Unknown,6.0633934,80.1996941
3728661320,Bus_Stop,Unknown,6.0739964,80.1979383
3728662577,Bus_Stop,Unknown,6.064688,80.1990327
3728662665,Bus_Stop,Unknown,6.0679099,80.1982012
3729720267,Bus_Stop,Kurunagala Stop,7.3217004,80.623704
3730052828,Bus_Stop,Unknown,6.9590255,81.5386268
3730057767,Bus_Stop,Unknown,6.962571,81.5408498
3730072159,Bus_Stop,Unknown,6.9070699,81.5082116
3730072391,Bus_Stop,Unknown,6.9071578,81.5089037
3730082816,Bus_Stop,Unknown,6.9099752,81.4886014
3730129963,Bus_Stop,Kandy-Mahiyangana Express,7.3090063,80.7660271
3733228036,Bus_Stop,Unknown,6.0688603,80.1982396
3734204156,Bus_Stop,Digana,7.2999385,80.7358344
3735600416,Bus_Stop,Balagolla Kovil,7.2867356,80.7144027
3735600417,Bus_Stop,Balagolla Kovil,7.2871427,80.7141801
3735600418,Bus_Stop,Balagolla,7.2886166,80.7132038
3735756506,Bus_Stop,Unknown,7.0487058,80.0248268
3735756514,Bus_Stop,Unknown,7.0506276,80.0240889
3736934813,Bus_Stop,Ayurwedha Bus stop,7.0917229,80.0368681
3737031473,Bus_Stop,Weediyawatta,7.0940174,80.0388683
3737096145,Bus_Stop,Lyceum,7.104688,80.0431142
3737096146,Bus_Stop,Wisse Kanuwa,7.1077801,80.0452064
3737196301,Bus_Stop,Bogamuwa,7.110688,80.051196
3738555778,Bus_Stop,Pilimatalawa,7.2656721,80.5546965
3746743177,Bus_Stop,Meegammana Junction,7.3496388,80.6505036
3750247323,Bus_Stop,Pahala Galpaya,7.1442466,80.5371314
3750251652,Bus_Stop,Uda Galpaya,7.1387468,80.5369873
3750299051,Bus_Stop,Summerset,7.1160564,80.5256703
3752541247,Bus_Stop,Meepe,6.8580377,80.0908299
3756803075,Bus_Stop,Sudugala,7.1941699,80.5726952
3756803077,Bus_Stop,Gamhatha,7.2011401,80.5624348
3756850497,Bus_Stop,Weligalla Bus Station,7.1893029,80.5922309
3756881292,Bus_Stop,Pitawalawatta,7.2025732,80.5985867
3757010195,Bus_Stop,Angunawela,7.2405699,80.5933401
3758461475,Bus_Stop,Naranwala,7.2334385,80.5787459
3758554896,Bus_Stop,Imbuldeniya,7.2318516,80.5774657
3758554907,Bus_Stop,Daulagala,7.2264872,80.577286
3758657239,Bus_Stop,Alapalawala,7.2385179,80.5782841
3758657242,Bus_Stop,YaleGoda,7.2483483,80.5807602
3758657247,Bus_Stop,Hendeniya,7.2511793,80.5795746
3758657250,Bus_Stop,Panideniya,7.2549762,80.5896705
3770031424,Bus_Stop,Galamuduna Junction,7.0761766,80.4776269
3770031440,Bus_Stop,Uduwella Bus Stop,7.1088076,80.494547
3770031441,Bus_Stop,Madagoda Handiya,7.1005194,80.5237455
3770031442,Bus_Stop,Watekedeniya Palama,7.1030519,80.5175013
3770031444,Bus_Stop,Galkadulla Bus stop,7.1003527,80.5177288
3770111925,Bus_Stop,Raxawa Junction,7.0834267,80.4973995
3770151109,Bus_Stop,Warakawa,7.0741672,80.5407265
3770166375,Bus_Stop,Tilton,7.0827416,80.5478747
3770166376,Bus_Stop,Pallegama,7.0838877,80.550789
3770166378,Bus_Stop,Pallegama Temple,7.0860214,80.5535593
3770199609,Bus_Stop,Nawakadadora,7.1001736,80.6417578
3772760689,Bus_Stop,Unknown,6.8606142,79.8818825
3772793992,Bus_Stop,Unknown,6.8558984,79.8821345
3772794107,Bus_Stop,Unknown,6.8579721,79.8818749
3772795037,Bus_Stop,Unknown,6.8559866,79.8821307
3772796599,Bus_Stop,Unknown,6.8661542,79.8797344
3773070276,Bus_Stop,Karagampitiya,6.8504176,79.8720234
3776181614,Bus_Stop,Ulapane,7.1059999,80.5640303
3788688796,Bus_Stop,Paragammana,7.230454,80.3504371
3789958615,Bus_Stop,Kovil,7.1973296,80.6703661
3789989443,Bus_Stop,Belwood Junction,7.2176139,80.6784853
3790064065,Bus_Stop,Mulgama Junction,7.167662,80.6728548
3790080138,Bus_Stop,Delpitiya,7.1323571,80.5888461
3797663938,Bus_Stop,Erin Junction,7.1696792,80.6725651
3803251972,Bus_Stop,Moragolla Junction,7.1487463,80.5802459
3803459192,Bus_Stop,Dunukeulla School,7.1395264,80.6386576
3803538396,Bus_Stop,Dunukeulla,7.1329743,80.6377661
3805044158,Bus_Stop,Pasgama Junction,7.2085816,80.7301108
3805044159,Bus_Stop,Bowlana,7.2098642,80.7168151
3805044209,Bus_Stop,Madiththa,7.2186082,80.7167936
3805044247,Bus_Stop,Medagama,7.2194916,80.7116116
3805838355,Bus_Stop,Pelahala,6.9833828,80.0583921
3805840869,Bus_Stop,Unknown,6.9841685,80.0332303
3805840940,Bus_Stop,Unknown,6.9961545,80.0523369
3806188371,Bus_Stop,Poojagoda,7.2287813,80.7065534
3808120378,Bus_Stop,Moragolla,7.2254268,80.6807883
3808120380,Bus_Stop,Mahawanguwa,7.2324943,80.6832033
3808122379,Bus_Stop,Pananwala Junction,7.2402397,80.6810436
3808122383,Bus_Stop,Mahakade Junction,7.2400513,80.6686676
3809487824,Bus_Stop,Mudunakade,7.2404357,80.7006611
3810746404,Bus_Stop,Manikagara,6.9125478,80.0015952
3816515450,Bus_Stop,Maliyadda Bus Stop,5.9619796,80.6613384
3818243532,Bus_Stop,Unknown,7.04505,80.0269413
3819139640,Bus_Stop,Unknown,7.0887344,81.0469866
3840263733,Bus_Stop,Unknown,7.0436347,80.0334489
3840458424,Bus_Stop,Girihagama,7.3603769,80.5459853
3840458425,Bus_Stop,Amunuthuduwa,7.3635999,80.5477133
3840524747,Bus_Stop,Arambekade,7.3437395,80.5505481
3848642663,Bus_Stop,Kithulgolla,7.4343897,80.5657435
3848642666,Bus_Stop,Bogahagedara Bus Stop,7.4476304,80.565777
3854132662,Bus_Stop,Keppitigala,7.4390318,80.5361203
3855878159,Bus_Stop,Alawatugoda,7.409432,80.6093376
3855878160,Bus_Stop,Alawatugoda,7.4092505,80.6095582
3855906373,Bus_Stop,Malgamandeniya,7.396688,80.6326666
3855906374,Bus_Stop,Pangollamada,7.389852,80.6351798
3855932738,Bus_Stop,Aluthgama,7.363004,80.6405946
3856182035,Bus_Stop,Nuga Gaha Handiya,7.388721,80.6022982
3856182181,Bus_Stop,Kasawatta Akurana,7.3732252,80.6001814
3856393379,Bus_Stop,Akurana,7.3648752,80.6172566
3856394538,Bus_Stop,Gal Ambalama,7.3709976,80.661063
3856394539,Bus_Stop,Doragamuwa,7.3656282,80.6574381
3856394541,Bus_Stop,Girakaduwa,7.3582497,80.6226695
3856394555,Bus_Stop,Galwala Junction,7.3581828,80.6248256
3856394857,Bus_Stop,Jambugahapitiya,7.3596044,80.6379887
3856445108,Bus_Stop,Tunkandura Junction,7.3527768,80.6501471
3856445110,Bus_Stop,Nugagahamula Junction,7.348502,80.6586367
3865553488,Bus_Stop,Maambalam Junction Bus Stop,9.6604846,80.0416502
3867200959,Bus_Stop,Katiyawa Yaya 04 Junction Bus Stop,8.0988289,80.4344249
3867804245,Bus_Stop,Unknown,6.9004237,79.8594274
3867898906,Bus_Stop,Unknown,6.9818756,80.0293846
3867907395,Bus_Stop,Akkara 9,7.0192154,80.0944486
3870564063,Bus_Stop,Maligawa,7.2933422,80.6385716
3874371686,Bus_Stop,Nugadeniya Junction,7.3160694,80.6771101
3884158024,Bus_Stop,Nampamunuwa Bus Stop,6.8127229,79.9469438
3884170589,Bus_Stop,Sal gas handiya bus stop,6.8112474,79.9429341
3884173224,Bus_Stop,Dole kanatta bus stop,6.8107042,79.9394384
3884179469,Bus_Stop,Polkotuwa Junction Bus Stop,6.8277503,79.9545818
3885886681,Bus_Stop,Unknown,7.0526824,80.0195935
3891250660,Bus_Stop,Rathupaswala Junction,7.0533845,80.0166174
3907648225,Bus_Stop,Gal Pihilla,7.0051594,81.0565656
3910376650,Bus_Stop,Unknown,6.0610767,80.7313116
3918148994,Bus_Stop,Mavadivempu Bus station,7.8160192,81.5590279
3922121125,Bus_Stop,Unknown,6.9055883,79.9050205
3922271601,Bus_Stop,Fort Bus Stop,6.9343064,79.8489576
3926667200,Bus_Stop,Unknown,7.0395209,80.0403117
3928191766,Bus_Stop,Unknown,8.7512983,80.4649389
3937752754,Bus_Stop,Unknown,6.8740002,79.8915338
3937908741,Bus_Stop,Unknown,6.9339921,79.8649335
3945194340,Bus_Stop,Unknown,8.8251379,80.4932656
3961467852,Bus_Stop,Unknown,6.9028521,79.9918675
3967450135,Bus_Stop,Unknown,6.9075061,79.9319478
3975217343,Bus_Stop,255,6.7950295,79.9005337
3981730895,Bus_Stop,Kulugammana Bus Stop,7.3154227,80.5891872
3982876370,Bus_Stop,Koggala Airforce bus Stop,5.9926446,80.3144665
3990510778,Bus_Stop,Kirulapona Market,6.878807,79.873433
3992520069,Bus_Stop,Bus Stop,7.2406199,81.7156971
3995323214,Bus_Stop,Unknown,7.0228974,81.1167308
3997481459,Bus_Stop,Unknown,6.6700179,79.9404323
3998841902,Bus_Stop,Gohagoda Bus Stop,7.3039172,80.6122743
4001177224,Bus_Stop,Bus Stand,7.37684,81.8386311
4015957420,Bus_Stop,Gallella Gama Bus Stop,7.3761903,80.554394
4016196449,Bus_Stop,yatiwala,7.3254993,80.6113385
4016221666,Bus_Stop,Halloluwa Road,7.321384,80.6246939
4016221673,Bus_Stop,Katugastota,7.3242638,80.6256089
4016221674,Bus_Stop,Katugastota,7.3240726,80.6254065
4016236634,Bus_Stop,St. Anthony's Convent,7.3199026,80.6295504
4016236635,Bus_Stop,St. Anthony's College,7.3217001,80.6266434
4016236636,Bus_Stop,St. Anthony's College,7.3216318,80.6266184
4016236637,Bus_Stop,Mawilmada Jct.,7.3180271,80.6294271
4016236638,Bus_Stop,Mawilmada Jct.,7.3177195,80.6295425
4016236639,Bus_Stop,Nittawela Jct.,7.3169901,80.6300513
4016236640,Bus_Stop,Wattarantenna Jct.,7.3162759,80.6303102
4018998115,Bus_Stop,Imbulgasdeniya Library,7.3116492,80.3169674
4019244730,Bus_Stop,Vidyartha Bus stop,7.3060439,80.634521
4019273061,Bus_Stop,Mahaiyawa,7.3038601,80.6347215
4019273063,Bus_Stop,Hemamali Bus Stop,7.2983954,80.6364836
4019464969,Bus_Stop,Good Shepherd,7.2913271,80.6313384
4019464971,Bus_Stop,Goods Shed,7.2893,80.6296878
4019465032,Bus_Stop,High School,7.2866303,80.6270216
4025916241,Bus_Stop,Kaluwala,7.2707109,80.6222241
4025916249,Bus_Stop,Elagolla,7.2693527,80.6201442
4025970924,Bus_Stop,Bowalawatta,7.2618051,80.6177824
4034298346,Bus_Stop,Unknown,7.2138166,79.8474206
4034298347,Bus_Stop,Unknown,7.2111661,79.8485862
4034298348,Bus_Stop,Unknown,7.206504,79.8506783
4034298349,Bus_Stop,Unknown,7.2012564,79.8531138
4034298350,Bus_Stop,Unknown,7.1972283,79.8549816
4034331783,Bus_Stop,Rajawatta,7.268028,80.6025536
4034346074,Bus_Stop,Galaha Junction,7.265722,80.595891
4034346075,Bus_Stop,Galaha Junction,7.2656239,80.5960579
4035870281,Bus_Stop,lake round,7.291147,80.6377204
4035870282,Bus_Stop,Hillwood,7.2902469,80.6399086
4035898204,Bus_Stop,Hotel Suisse,7.2893593,80.6436345
4035947053,Bus_Stop,Berewetts,7.2802297,80.6544569
4036057936,Bus_Stop,Regal,7.2835522,80.6232789
4036074921,Bus_Stop,Suwasewana,7.2809674,80.6202185
4036074925,Bus_Stop,Dhanasiri,7.2802581,80.6193181
4038188658,Bus_Stop,Dangolla Junction,7.2700953,80.6047583
4052681691,Bus_Stop,Unknown,7.1043409,79.9353066
4055969994,Bus_Stop,Unknown,5.945944,80.4593286
4059269703,Bus_Stop,Sirimal watte bus stop,6.8577959,79.9693027
4059299482,Bus_Stop,Panadura - Horana Bus Stop,6.7292432,80.0980398
4059308147,Bus_Stop,Ingiriya - Ratnapura Bus Stop,6.7297211,80.0981447
4059498818,Bus_Stop,Kirindiwela Depot,7.041819,80.128024
4062851041,Bus_Stop,Unknown,8.5541771,80.8389107
4067943997,Bus_Stop,Hospital Junction,7.4790767,80.3579508
4067943998,Bus_Stop,Sethsewana,7.4769106,80.3561617
4068089013,Bus_Stop,Waturakumbura,7.2949225,80.5470081
4068089543,Bus_Stop,Dehianga,7.2985686,80.5541989
4069866550,Bus_Stop,Unknown,9.7949387,79.9927684
4072963373,Bus_Stop,Udamulla Junction,7.307259,80.6071876
4076951586,Bus_Stop,Unknown,9.6030979,79.813124
4077489785,Bus_Stop,Sinnathampanai,8.6372654,80.3848711
4081241696,Bus_Stop,Unknown,7.0441337,80.0313698
4082359176,Bus_Stop,Ihagama,7.3637035,80.5714626
4082377430,Bus_Stop,Yatiwawala,7.3248091,80.610167
4082390349,Bus_Stop,Rajapihilla,7.3413763,80.593661
4082606650,Bus_Stop,Pattiyawatta,7.3405956,80.5987278
4096863136,Bus_Stop,Kiwllinda,7.2407569,80.7206605
4109470551,Bus_Stop,Unknown,7.0706544,80.5395043
4109585763,Bus_Stop,Unknown,9.3634507,80.3367227
4109606810,Bus_Stop,Unknown,9.3645785,80.3412641
4109685308,Bus_Stop,Unknown,9.3835198,80.3788384
4109814590,Bus_Stop,Unknown,9.5947914,80.3470864
4142166091,Bus_Stop,Unknown,6.8375563,79.8673845
4142166191,Bus_Stop,Unknown,6.8445882,79.8662705
4142454142,Bus_Stop,Sinhapitiya,7.1608389,80.5596541
4191511012,Bus_Stop,Ramukkana,6.7091472,79.9789569
4196862091,Bus_Stop,Peradeniya Hospital,7.2676394,80.600071
4207202199,Bus_Stop,16kanuwa bus stop,7.6626423,80.2241688
4207214295,Bus_Stop,kurunegala bus stop,7.6553943,80.2211229
4207248592,Bus_Stop,werella bus stop,7.6673021,80.2262444
4207251391,Bus_Stop,Anuradhapura bus stop,7.6557982,80.2210067
4208143530,Bus_Stop,Madugas Junction,6.9983542,80.0881721
4208143564,Bus_Stop,Unknown,7.0032005,80.0891236
4208144804,Bus_Stop,Unknown,7.0051159,80.0829907
4208144833,Bus_Stop,Unknown,7.0069102,80.0778731
4208144881,Bus_Stop,Ranavirugama,7.0081663,80.0750005
4208145030,Bus_Stop,Unknown,7.0052281,80.0658843
4210899294,Bus_Stop,Nadesapillai Memorial Bus Halt,8.7299734,80.5125159
4213619378,Bus_Stop,Unknown,6.9789555,80.1127083
4225350991,Bus_Stop,Vijayan east bus station,9.7783857,80.1161782
4235822090,Bus_Stop,Bluebell,6.8911129,79.9647275
4240097456,Bus_Stop,Castle Street,6.9111047,79.8855107
4240097457,Bus_Stop,Castle Street,6.9108875,79.8846263
4242158396,Bus_Stop,"Arangala junction Bus stop,Arangala",6.890559,79.9648087
4242158397,Bus_Stop,"Bluebell Bus stop,Pittugala",6.8910834,79.964922
4242158398,Bus_Stop,"Garment Bus stop,Pittugala",6.8912436,79.9691524
4242158399,Bus_Stop,"Arangala junction Bus stop,Malabe",6.8910365,79.9642922
4242158400,Bus_Stop,"Malwatta Bus stop,Arangala",6.8922562,79.9693241
4242158401,Bus_Stop,"Shailaaramaya Bus stop,Arangala",6.892334,79.9655042
4242158402,Bus_Stop,"Rathanarama Bus stop,Pittugala",6.8927875,79.9716898
4242158403,Bus_Stop,"Rathanarama Bus stop,Arangala",6.8928686,79.9719635
4242158405,Bus_Stop,"Kahanthota Bus stop,Arangala",6.893828,79.9732503
4242158406,Bus_Stop,"Kahanthota Bus stop,Pittugala",6.8939134,79.9732043
4242158407,Bus_Stop,"Micro Bus stop,Malabe",6.896328,79.959502
4242158408,Bus_Stop,"Micro Bus stop,Arangala",6.8964066,79.9595283
4242158409,Bus_Stop,"Koshena Bus stop,Arangala",6.8966993,79.973102
4242158410,Bus_Stop,"Koshena Bus stop,Pittugala",6.896715,79.9730595
4242158411,Bus_Stop,"Susilarama Bus stop,Arangala",6.8976562,79.9586592
4242158412,Bus_Stop,"Susilarama Bus stop,Malabe",6.8980963,79.9583656
4242158413,Bus_Stop,"Mihindu mawatha Bus stop,Arangala",6.8992456,79.9717696
4242158414,Bus_Stop,"Godallawaththa Bus stop,Arangala",6.8995956,79.9577315
4242158415,Bus_Stop,"Godallawaththa Bus stop,Malabe",6.8999899,79.9574491
4242158416,Bus_Stop,"Mihindu mawatha Bus stop,Pittugala",6.900463,79.971995
4242158417,Bus_Stop,"Jayanthi mawatha Bus stop,Arangala",6.9010953,79.9728259
4242158418,Bus_Stop,"Godallawatta Bus stop,Malabe",6.9035526,79.9591304
4242158419,Bus_Stop,"Godallawatta Bus stop,Kaduwela",6.9037223,79.9594469
4242158420,Bus_Stop,"Susilarama Bus stop,Malabe",6.9045215,79.9614862
4242158421,Bus_Stop,"Susilarama Bus stop,Kaduwela",6.9048182,79.9618305
4242158422,Bus_Stop,"Cinec Bus stop,Malabe",6.905323,79.9626474
4242158423,Bus_Stop,"Cinec Bus stop,Kaduwela",6.9057934,79.9635988
4242158424,Bus_Stop,"Thunhadahena Bus stop,Pittugala",6.9071341,79.9737303
4242158425,Bus_Stop,"Thunhadahena Bus stop,Arangala",6.9074153,79.9737555
4242158427,Bus_Stop,"Colombo - Hanwella Low Level Rd,Kaduwela",6.9353102,79.9839961
4242158445,Bus_Stop,"Kaduwela New Kandy Rd Bus Stop,Malabe",6.9343681,79.9837298
4242158448,Bus_Stop,Kothalawala Bus Stop,6.9235856,79.9779218
4242158449,Bus_Stop,"Kothalawala School Bus Stop,Malabe",6.929866,79.9826595
4242158451,Bus_Stop,"Kothalawala Temple Bus Stop,Malabe",6.9319182,79.9826295
4242158452,Bus_Stop,"Kothalawala Temple Bus Stop,Kaduwela",6.9324746,79.9824169
4242158454,Bus_Stop,"Malabe Junction bus stop, Kaduwela road",6.9039195,79.9542684
4242158455,Bus_Stop,"Malabe Junction bus stop, Malabe",6.9037081,79.9565175
4242158460,Bus_Stop,"Pattiyawatte Bus stop,Malabe",6.9267999,79.9801648
4242158461,Bus_Stop,"Pattiyawatte Bus stop,kaduwela",6.9273629,79.9804865
4242158471,Bus_Stop,"Pittugala Bus Stop, Kaduwela",6.9100314,79.9713527
4242158472,Bus_Stop,"Pittugala Bus Stop, Malambe",6.9092697,79.9706757
4242158480,Bus_Stop,"Seevali Mawatha Bus Stop, Kaduwela",6.9200541,79.9742537
4242158495,Bus_Stop,"Sudarshana Mawatha Bus Stop, Kaduwela",6.9089119,79.9666061
4242158496,Bus_Stop,"Sudarshana Mawatha Bus Stop, Malabe",6.9084104,79.9660421
4242158498,Bus_Stop,"Temple Bus Stop, Kaduwela",6.9089643,79.9698737
4242158499,Bus_Stop,"Temple Bus Stop, Malabe",6.9086674,79.9694526
4242158513,Bus_Stop,"Vihara Mawatha Bus Stop, kaduwela",6.9213897,79.9751164
4242158516,Bus_Stop,"Welivita bus stop, Kaduwela",6.9161484,79.9724112
4242158518,Bus_Stop,"Weva para bus stop, Kaduwela",6.9067853,79.9649578
4242158519,Bus_Stop,"Weva para bus stop, malabe",6.9062444,79.9645579
4242158520,Bus_Stop,"Wimukthi mawatha bus stop, Kaduwela",6.9132057,79.9720813
4242158521,Bus_Stop,"Wimukthi mawatha bus stop, Malabe",6.9125097,79.972218
4242159321,Bus_Stop,"Gamunupura Bus stop,Malabe",6.9171833,79.9735928
4242159333,Bus_Stop,"Gamunupura Bus stop,Kaduwela",6.9176287,79.9738523
4267425403,Bus_Stop,Puththukkulam Bus Halt,8.7617879,80.2581563
4273724303,Bus_Stop,Dehiyagatha,7.1078178,79.8839992
4283855644,Bus_Stop,Kegalle Junction,7.3232485,80.396528
4283875967,Bus_Stop,Polgahawela (Colombo),7.3350894,80.2997373
4284001519,Bus_Stop,Dewalegama,7.284085,80.322541
4284001520,Bus_Stop,Dewalegama,7.2848817,80.3219496
4284001521,Bus_Stop,Unknown,7.2820596,80.3248963
4284001522,Bus_Stop,Edurapotha,7.2655085,80.3271611
4284001529,Bus_Stop,Unknown,7.25738,80.3294276
4305742377,Bus_Stop,"Welivita bus stop, Malabe",6.9155918,79.9723812
4312348022,Bus_Stop,"Vihara Mawatha Bus Stop, Malabe",6.9211798,79.9749612
4312393974,Bus_Stop,"Seevali Mawatha Bus Stop, Malabe",6.9192249,79.97423
4313301849,Bus_Stop,"Parakumba Bus stop,Arangala",6.9012847,79.9568093
4313302695,Bus_Stop,Parakumba,6.9015659,79.9565544
4322773350,Bus_Stop,Harumalgoda Junction Bus Stop,6.0109106,80.3110181
4326656862,Bus_Stop,Unknown,7.87745,80.6508374
4342371291,Bus_Stop,Ulu Kade Bus Stop,6.037923,80.2956696
4342449789,Bus_Stop,Bogahagoda,6.0372356,80.3037803
4350781696,Bus_Stop,Unagahadeniya Bus Stop,7.1198418,80.1166333
4350790790,Bus_Stop,Urapola Bus Stop,7.0961906,80.144978
4350798095,Bus_Stop,Dikkanda junction bus stop,7.0704715,80.0932309
4350798790,Bus_Stop,Walgammulla bus stop,7.07703,80.121163
4350819494,Bus_Stop,Batagolla bus stop,7.0761073,80.0450635
4350839992,Bus_Stop,Nelligahamula bus stop,7.0843026,80.0788362
4352154890,Bus_Stop,Rabarwatta Junction,7.028712,80.080698
4353488090,Bus_Stop,Unknown,9.8139458,80.2314221
4353488091,Bus_Stop,Unknown,9.8059167,80.2230967
4353489089,Bus_Stop,Unknown,9.8160667,80.2334395
4353870716,Bus_Stop,Unknown,9.8055382,80.2097846
4353975277,Bus_Stop,Kacheriyadi,9.6604276,80.0288631
4353984459,Bus_Stop,Kacheriyadi,9.6604316,80.0298566
4355127491,Bus_Stop,Urapola Bus Stop,7.0976095,80.145078
4355971295,Bus_Stop,Unknown,9.6621356,80.0807884
4356028292,Bus_Stop,Ariyalai Junction,9.6599958,80.0574999
4356098796,Bus_Stop,Unknown,9.7835384,80.0782776
4356098797,Bus_Stop,Unknown,9.7626222,80.0662221
4356183593,Bus_Stop,Unknown,9.7109302,80.0742061
4356183594,Bus_Stop,Muththirai Santhi,9.6744618,80.0352423
4356187991,Bus_Stop,Unknown,9.7042904,80.0693148
4356193690,Bus_Stop,Unknown,9.6627385,80.0623594
4356193691,Bus_Stop,Unknown,9.7451539,80.1065036
4356197290,Bus_Stop,Unknown,9.7452388,80.0557477
4356215589,Bus_Stop,Unknown,9.6917189,80.0528699
4356215590,Bus_Stop,Unknown,9.7316025,80.0955616
4356215889,Bus_Stop,Bus Stop,9.7197983,80.0835733
4356216889,Bus_Stop,Unknown,9.7245209,80.0893169
4356217189,Bus_Stop,Neervely Kanthasamy Kovilady,9.7163662,80.0809484
4357173007,Bus_Stop,Kannathiddy Junction,9.6712684,80.0122479
4357173336,Bus_Stop,Thundi Junction,9.6523057,80.0414956
4357173425,Bus_Stop,Parameswara Junction,9.6826784,80.0247324
4357173426,Bus_Stop,Thirunelvely Junction,9.6896237,80.0279373
4357173641,Bus_Stop,Unknown,9.6577502,80.0249794
4357173851,Bus_Stop,Thapal Petti Junction,9.6854421,80.0256789
4357174892,Bus_Stop,Unknown,9.6762446,80.021195
4357242405,Bus_Stop,Unknown,9.7907553,80.1449294
4357242893,Bus_Stop,Navalar Madam,9.7988563,80.1912939
4357242991,Bus_Stop,Unknown,9.7909557,80.1580312
4357740901,Bus_Stop,Atchuvely,9.77739,80.1296398
4357787391,Bus_Stop,Nunavil Junction,9.6664406,80.1316667
4357788503,Bus_Stop,Punkan Kulam Junction,9.661003,80.0386024
4357797395,Bus_Stop,Unknown,9.6709753,80.0968195
4358133889,Bus_Stop,Unknown,9.7629855,80.1177468
4358498189,Bus_Stop,Unknown,9.6804355,80.0382838
4364596790,Bus_Stop,Unknown,9.5641707,80.3990375
4364619992,Bus_Stop,Unknown,9.4084421,80.4080725
4364640193,Bus_Stop,Unknown,9.3446952,80.4091406
4365789195,Bus_Stop,Thiranagama Blue Ocean,6.1190417,80.11647
4365799389,Bus_Stop,Thiranagama Blue Ocean,6.1188621,80.1166874
4365889199,Bus_Stop,Aariya Kulam Junction,9.6678436,80.018359
4365895592,Bus_Stop,Kuncharkadai junction,9.798118,80.1783584
4365923493,Bus_Stop,Moothavinayagar kovil bust stop,9.7979734,80.1865035
4365923494,Bus_Stop,Unknown,9.6708958,80.0216671
4368281089,Bus_Stop,Unknown,9.7971232,80.1698108
4369428600,Bus_Stop,bus stand,9.7027065,80.0357377
4369441395,Bus_Stop,Unknown,9.7178736,80.0443694
4369458090,Bus_Stop,Unknown,9.7306393,80.0237525
4370699566,Bus_Stop,Unknown,9.7858955,80.0335406
4370699568,Bus_Stop,Unknown,9.8099817,79.9971951
4370701929,Bus_Stop,Unknown,9.7741103,80.0301983
4371498122,Bus_Stop,Gartmore Estate (Rs 100),6.7987731,80.5564734
4375663117,Bus_Stop,Seeduwa Brandix Bus Stop,7.1381575,79.8751221
4388766701,Bus_Stop,Unknown,9.6742109,80.0110997
4388791397,Bus_Stop,Unknown,9.6868672,80.0139059
4388791398,Bus_Stop,Unknown,9.691847,80.0137222
4388791497,Bus_Stop,Unknown,9.6804552,80.0078357
4388791498,Bus_Stop,Unknown,9.6815108,80.0129724
4388791591,Bus_Stop,Unknown,9.7056112,80.0180428
4388795397,Bus_Stop,Kokuvil Junction Bus Halt,9.6955873,80.0140956
4388795398,Bus_Stop,Unknown,9.6984256,80.014757
4388795399,Bus_Stop,Unknown,9.6700909,80.0102072
4389097632,Bus_Stop,Unknown,8.6522846,80.3146525
4389098759,Bus_Stop,Unknown,8.6469609,80.3160565
4389111752,Bus_Stop,Unknown,8.6339842,80.3246367
4389112843,Bus_Stop,Unknown,8.6324876,80.3263404
4389122969,Bus_Stop,Unknown,8.6209326,80.3455056
4389131705,Bus_Stop,Unknown,8.6064819,80.3656643
4389136214,Bus_Stop,Unknown,8.6007669,80.3723656
4391439992,Bus_Stop,Unknown,9.7627531,80.0297904
4398449259,Bus_Stop,Unknown,7.038241,80.0423411
4398621058,Bus_Stop,Pinnawala Zoo,7.2961918,80.386736
4398621059,Bus_Stop,pinnawala,7.2996242,80.3863541
4398621070,Bus_Stop,Dhalughgala,7.3174363,80.3939425
4398621071,Bus_Stop,Kiriwandeniya,7.3179607,80.394367
4398621086,Bus_Stop,Mottappuliya Junction,7.3139972,80.3914971
4398621696,Bus_Stop,Pinnawala National School,7.3109002,80.3891472
4398621697,Bus_Stop,Ayurvedaya,7.3099867,80.388654
4398621702,Bus_Stop,Bathamburaya,7.3046686,80.3871305
4400727829,Bus_Stop,Unknown,9.7175872,80.0231821
4403661232,Bus_Stop,Unknown,7.0242578,80.0600815
4403661270,Bus_Stop,Henegama Central,7.02413,80.0472466
4410213535,Bus_Stop,Pugoda Police,6.9827803,80.1106484
4410222882,Bus_Stop,Waharaka,6.9933621,80.0845833
4410228502,Bus_Stop,Palpita,6.9880507,80.1069447
4410228529,Bus_Stop,Unknown,6.9888465,80.1047676
4424602698,Bus_Stop,Vantharumoolai,7.7942426,81.5805337
4424603793,Bus_Stop,Unknown,7.819008,81.5558821
4424604594,Bus_Stop,Unknown,7.7817701,81.5955698
4424605698,Bus_Stop,Unknown,7.8020417,81.5729586
4424610492,Bus_Stop,Unknown,7.7833116,81.5934044
4424615792,Bus_Stop,Unknown,7.7183042,81.6986821
4424615793,Bus_Stop,Unknown,7.7141132,81.6975606
4424617592,Bus_Stop,Unknown,7.7182262,81.6985832
4424619392,Bus_Stop,Unknown,7.776974,81.6039857
4424619399,Bus_Stop,Unknown,7.743355,81.6556249
4424619592,Bus_Stop,Unknown,7.7782971,81.6005575
4424619698,Bus_Stop,Unknown,7.819258,81.5554734
4424619699,Bus_Stop,Chenkaladi,7.7847953,81.5914998
4424619700,Bus_Stop,Unknown,7.7595515,81.6274859
4424619794,Bus_Stop,Unknown,7.7153669,81.6984235
4424651689,Bus_Stop,Unknown,7.7968891,81.5779252
4425035190,Bus_Stop,Unknown,7.9190948,81.5315055
4426037394,Bus_Stop,Unknown,7.9078032,81.5352448
4426037395,Bus_Stop,Unknown,7.7859498,81.5897425
4427434404,Bus_Stop,Unknown,7.8130994,81.561797
4427454496,Bus_Stop,Unknown,7.7780881,81.6014679
4427454903,Bus_Stop,Unknown,7.5322918,81.7879196
4427454908,Bus_Stop,Unknown,7.7579483,81.6295838
4427455199,Bus_Stop,Unknown,7.7206033,81.695285
4427456690,Bus_Stop,Unknown,7.791592,81.5831837
4427493789,Bus_Stop,Unknown,7.7282867,81.6847283
4427494489,Bus_Stop,Unknown,7.5315921,81.788233
4427494490,Bus_Stop,Unknown,7.7752427,81.6059555
4427766359,Bus_Stop,Horawala Junction ,6.9955497,80.0856708
4427766437,Bus_Stop,Ambagahavila,6.9952955,80.0667761
4428065006,Bus_Stop,Thalagahahena,7.1354305,80.3934949
4428689848,Bus_Stop,Kiribathkumbura,7.267752,80.5765206
4428950614,Bus_Stop,Putuhapuwa,7.3357005,80.7561707
4429119090,Bus_Stop,Unknown,7.2921396,79.8522598
4430244338,Bus_Stop,Kumballoluwa,7.3219395,80.7513927
4430244339,Bus_Stop,Madapola,7.3176628,80.7559817
4430244341,Bus_Stop,Orutota,7.3280607,80.7439803
4430244344,Bus_Stop,Gonawala,7.3162708,80.7360072
4430347570,Bus_Stop,Pachchakaatuwa,7.2847345,80.7053828
4430347575,Bus_Stop,Warapitiya,7.2814822,80.6864512
4430347576,Bus_Stop,New Town,7.2809112,80.6841665
4430347577,Bus_Stop,Police College,7.2804396,80.6835858
4430347584,Bus_Stop,Kalapura Junction,7.2798494,80.6762095
4430836980,Bus_Stop,Muruthagahamula,7.2060248,80.5869771
4430836981,Bus_Stop,Angalathenna,7.2062909,80.5896083
4433919983,Bus_Stop,Transformer Junction,7.0072691,79.9789041
4435566190,Bus_Stop,Unknown,5.9490226,80.5443817
4435566289,Bus_Stop,Unknown,5.9461527,80.5301304
4435566389,Bus_Stop,Unknown,5.9478536,80.5347379
4437215290,Bus_Stop,Unknown,5.938089,80.5740873
4437216190,Bus_Stop,Unknown,5.9288606,80.5847058
4437216191,Bus_Stop,Unknown,5.9332434,80.5806093
4437218489,Bus_Stop,Unknown,5.9282925,80.5885245
4437223789,Bus_Stop,Unknown,5.9413023,80.5722723
4437310156,Bus_Stop,Paththunupitiya,7.0778245,80.5428266
4443260300,Bus_Stop,Udawalawa Junction,6.4109055,80.7961956
4443909486,Bus_Stop,Ottery Junction,6.8860221,80.6279991
4448938860,Bus_Stop,Hewaheta,7.1117787,80.7632929
4449475639,Bus_Stop,Ella,6.8729561,81.049138
4451072593,Bus_Stop,Unknown,7.116147,80.130625
4451080197,Bus_Stop,Unknown,7.119778,80.116788
4458912734,Bus_Stop,Ihalagma,7.1352282,80.6334018
4469602569,Bus_Stop,Kandana Bus Stop,7.048824,79.8968519
4477383396,Bus_Stop,Unknown,7.2994671,80.6102671
4477445794,Bus_Stop,Unknown,8.3582407,80.5108295
4485340701,Bus_Stop,Unknown,6.4054889,80.2167441
4491700112,Bus_Stop,Illipaiyadichchenai Bus Station,7.7243386,81.5506444
4493715934,Bus_Stop,Bus Stop Rajapuram,7.6780577,81.5057063
4501666889,Bus_Stop,Unknown,6.8224617,79.9608014
4507610806,Bus_Stop,Rugam Bus Stetion,7.6510301,81.4948889
4507638522,Bus_Stop,Gampola (Kandy Rd),7.1647742,80.5711112
4526341892,Bus_Stop,St Peters Bus Stop,6.8809496,79.8617823
4535095101,Bus_Stop,Unknown,6.901353,79.9197695
4535095592,Bus_Stop,Maspanna,7.0299897,80.9412581
4535183690,Bus_Stop,Unknown,6.68965,80.0759095
4546030966,Bus_Stop,Gadol bokkuwa,7.0951854,80.5555917
4546031011,Bus_Stop,Unknown,7.0974416,80.5573855
4547500889,Bus_Stop,Unknown,7.1633741,79.9812158
4559389706,Bus_Stop,Mulana Junction,6.0467326,80.2900275
4572614805,Bus_Stop,Unknown,6.8834364,81.7821319
4580488791,Bus_Stop,Unknown,6.8847079,79.9989716
4582386164,Bus_Stop,Unknown,6.8969049,81.4035039
4582387420,Bus_Stop,Unknown,6.9059731,81.3982279
4582396911,Bus_Stop,Unknown,6.9146981,81.3910468
4582417947,Bus_Stop,Unknown,6.9291751,81.3691439
4586399089,Bus_Stop,Unknown,6.0019193,80.2600697
4589380346,Bus_Stop,Unknown,6.9064048,81.4733665
4590715991,Bus_Stop,Point Pedro,9.8248038,80.2366073
4591951182,Bus_Stop,Dombagahawela,6.9031815,81.4454611
4605310842,Bus_Stop,Owala Junction,7.2685517,80.5787172
4605316487,Bus_Stop,Kehelwala,7.268662,80.5805065
4614290990,Bus_Stop,BUS STOP - refreshing point,7.0752334,80.6752056
4614427791,Bus_Stop,Unknown,8.1124684,81.0404541
4614483489,Bus_Stop,Unknown,8.0865037,80.9772993
4614513089,Bus_Stop,Unknown,7.0988516,80.6438876
4615309189,Bus_Stop,Unknown,7.588219,80.2422135
4615309289,Bus_Stop,Unknown,7.5884147,80.2489716
4618953791,Bus_Stop,Unknown,7.0793678,80.2957919
4619057590,Bus_Stop,Unknown,7.0707527,80.2842789
4619057591,Bus_Stop,Unknown,7.376284,80.3136617
4634819377,Bus_Stop,Unknown,6.9860047,80.109277
4634833121,Bus_Stop,Unknown,6.9920779,80.0995498
4634833893,Bus_Stop,Peragas Junction,6.9962518,80.1016228
4645406981,Bus_Stop,Seeduwa junction bus halt,7.1313464,79.8769289
4689122184,Bus_Stop,Rathupaswala,7.0533692,80.0167027
4693134156,Bus_Stop,Hettiyawatte Junction,6.9499007,79.8574676
4693137825,Bus_Stop,Polduwa Bus Stop,6.9032323,79.9117056
4705053903,Bus_Stop,Unknown,7.4328053,80.4464022
4707700975,Bus_Stop,Shanika Hotel stop,7.2875032,80.708973
4712670989,Bus_Stop,Unknown,7.1776757,81.1957139
4717785990,Bus_Stop,Unknown,6.6289715,80.7317548
4719075840,Bus_Stop,Unknown,6.8330239,81.0746725
4719075841,Bus_Stop,Unknown,6.8330343,81.0742874
4719084012,Bus_Stop,Gorupokuna Junction,6.106694,80.9197719
4727723195,Bus_Stop,Unknown,6.2681586,81.2973328
4727737690,Bus_Stop,Unknown,6.2681782,81.297703
4727745889,Bus_Stop,Unknown,6.2703735,81.2925716
4730256890,Bus_Stop,Unknown,6.0149133,80.249229
4732125322,Bus_Stop,Unknown,5.9743349,80.4357091
4732125521,Bus_Stop,Unknown,5.9723597,80.4427409
4737554022,Bus_Stop,Unknown,7.4058823,80.6109104
4737555921,Bus_Stop,Unknown,7.4025147,80.612867
4737565322,Bus_Stop,Unknown,7.4122488,80.608038
4737565323,Bus_Stop,Unknown,7.4166085,80.6117647
4737565324,Bus_Stop,Unknown,7.4188903,80.6084062
4737565325,Bus_Stop,Unknown,7.424369,80.6155069
4737565326,Bus_Stop,Unknown,7.4277299,80.6200361
4737565327,Bus_Stop,Unknown,7.4378164,80.6236887
4737565328,Bus_Stop,Unknown,7.4403366,80.6319671
4737565422,Bus_Stop,Unknown,7.4311612,80.6210305
4737565423,Bus_Stop,Unknown,7.4336443,80.622077
4737706224,Bus_Stop,Unknown,7.4511517,80.63095
4737706225,Bus_Stop,Unknown,7.4627222,80.6258349
4737728921,Bus_Stop,Unknown,7.4541958,80.629635
4737728922,Bus_Stop,Unknown,7.4599365,80.6279207
4737728923,Bus_Stop,Unknown,7.4654502,80.6240519
4737728924,Bus_Stop,Unknown,7.4678011,80.6227683
4739580226,Bus_Stop,Unknown,7.2371575,79.8485023
4763736396,Bus_Stop,Unknown,7.7821969,81.5948012
4763861837,Bus_Stop,Rukam,7.6568982,81.4962424
4763871556,Bus_Stop,Illipaiyadichchenai Bus Station,7.7276471,81.5526558
4763891351,Bus_Stop,Sinnaththurai Bus Stop,7.6889215,81.5192758
4765958955,Bus_Stop,Unknown,7.2797407,80.6766705
4766411398,Bus_Stop,Kiththul,7.6661954,81.5012777
4766762823,Bus_Stop,Nanu Oya,6.9407427,80.7440644
4769294133,Bus_Stop,Gamini School,6.9599655,80.7708724
4769295123,Bus_Stop,Gregory Lake,6.9537634,80.7795416
4769328921,Bus_Stop,Gamini School,6.9600657,80.7704776
4770648925,Bus_Stop,Unknown,7.8694772,81.5394618
4770648927,Bus_Stop,Unknown,7.8648325,81.538572
4770728224,Bus_Stop,Unknown,7.875907,81.5409012
4770748521,Bus_Stop,Unknown,7.8772288,81.5407449
4782372388,Bus_Stop,Walahamulla,6.9401261,80.8735136
4782375617,Bus_Stop,Medawela,6.9265847,80.8682524
4782403145,Bus_Stop,Hibiliyagahamaditta,6.9383729,80.8895746
4782457892,Bus_Stop,Uma Ela,6.9371435,80.8804314
4782457893,Bus_Stop,Idama Junction,6.9428663,80.8838048
4782457894,Bus_Stop,Unknown,6.9387394,80.885626
4782457895,Bus_Stop,Ambagasdowa,6.9275219,80.8949949
4782457896,Bus_Stop,Rathamba,6.9228085,80.8996909
4782984636,Bus_Stop,Blackpool Bridge,6.9492414,80.7741073
4782984714,Bus_Stop,Kasthuri Kade,6.9421126,80.776851
4782985427,Bus_Stop,Hatharaweni Piyawara,6.9349505,80.7750876
4782985450,Bus_Stop,Meepilimana,6.9243323,80.7894592
4786164742,Bus_Stop,Unknown,6.8652121,81.0363011
4788709765,Bus_Stop,Unknown,6.0322894,80.2148351
4789874155,Bus_Stop,Unknown,6.8935255,80.5978579
4793241844,Bus_Stop,Ambagasdowa New Town,6.9279331,80.8984144
4793293590,Bus_Stop,Sappu Kade,6.9014188,80.901933
4793293591,Bus_Stop,Nugathalawa,6.9019848,80.8879302
4793293592,Bus_Stop,Keppetipola Depot,6.896748,80.8749139
4793293593,Bus_Stop,Keppetipola,6.8938112,80.8692578
4793293594,Bus_Stop,Thorana Junction,6.8933753,80.8654102
4793293596,Bus_Stop,Balungala,6.9064836,80.853592
4793293597,Bus_Stop,Padinawela,6.9054168,80.8486387
4793293598,Bus_Stop,Boragas,6.9078799,80.8411023
4793293599,Bus_Stop,Rendapola,6.916632,80.8314531
4793293600,Bus_Stop,Hakgala Park,6.928371,80.8213186
4793293601,Bus_Stop,Seetha Eliya Kovil,6.9330053,80.810501
4793293602,Bus_Stop,Seetha Eliya,6.9358372,80.8040857
4793293603,Bus_Stop,Katumana,6.9439133,80.7963711
4793293604,Bus_Stop,Magasthota Bus Stop,6.9474337,80.7910328
4793293605,Bus_Stop,Upper Lake,6.9524425,80.7868483
4793293606,Bus_Stop,Cinecita,6.9626475,80.7666973
4793293607,Bus_Stop,Shed,6.9671962,80.7675674
4795115922,Bus_Stop,Unknown,7.2525412,80.3772
4798950841,Bus_Stop,Bomburuella,6.9424567,80.8402503
4799126255,Bus_Stop,Bulnewa Junction,8.0443341,80.445198
4807048921,Bus_Stop,Lunuwaththa,6.9553471,80.9264871
4815806934,Bus_Stop,Route 187 Airport,6.9343411,79.8486168
4839682856,Bus_Stop,Katukurunda Junction,6.8595502,79.9657501
4839682857,Bus_Stop,Wasalawatte Junction,6.8610121,79.9646047
4870419011,Bus_Stop,Unknown,7.1040124,80.8606715
4871019831,Bus_Stop,Unknown,7.1252487,80.8202845
4871034102,Bus_Stop,Unknown,7.123174,80.8321975
4871034105,Bus_Stop,Unknown,7.1230316,80.8329445
4886770573,Bus_Stop,Unknown,7.0959138,80.8589755
4890098822,Bus_Stop,Glenanore State,6.7787822,80.9302752
4890098823,Bus_Stop,Unknown,6.7992186,80.9149451
4905866724,Bus_Stop,Unknown,7.281947,80.6231992
4905874622,Bus_Stop,Unknown,7.2844934,80.6267786
4905878721,Bus_Stop,Unknown,7.2796319,80.6200664
4905878921,Bus_Stop,Unknown,7.2880917,80.6316153
4906042421,Bus_Stop,Unknown,7.2930553,80.634632
4906133321,Bus_Stop,Unknown,7.2671468,80.6218983
4911159489,Bus_Stop,Unknown,6.094321,80.1367341
4919105423,Bus_Stop,Unknown,5.9430942,80.5200073
4920389407,Bus_Stop,Okkampitiya,6.7511094,81.3066722
4922432802,Bus_Stop,6th Mile Post,7.4433258,80.4311561
4923954947,Bus_Stop,Nape Junction Bus Stop,7.4478788,80.4267228
4926640731,Bus_Stop,Unknown,7.8064941,80.6107997
4926780610,Bus_Stop,Unknown,7.7775502,80.585488
4943979647,Bus_Stop,Unknown,7.6231284,80.6059638
4943979648,Bus_Stop,Unknown,7.6222759,80.6064545
4949075922,Bus_Stop,Unknown,7.2216256,80.714019
4955880478,Bus_Stop,Mattegoda Junction,6.8291124,79.9656089
4959487757,Bus_Stop,Pahala Pelahala,6.9792569,80.0549628
4959487867,Bus_Stop,Parangoda,6.9751055,80.0516876
4965168166,Bus_Stop,Arangala,7.685677,80.6452421
4971900518,Bus_Stop,4th Junction,7.6171027,80.6731017
4971900520,Bus_Stop,Andawala,7.6067792,80.6785569
4971921498,Bus_Stop,Kubaloluwa,7.5845898,80.6702229
4975744839,Bus_Stop,Food City / Commercial /ගබඩාව,7.2652279,80.557179
4983917827,Bus_Stop,Unknown,7.0738406,80.016736
4983928823,Bus_Stop,Unknown,7.0728698,80.0158949
5004197051,Bus_Stop,Kegalle,7.3355004,80.2998235
5004994521,Bus_Stop,Unknown,7.0683414,80.6853635
5004994721,Bus_Stop,Wedamulla වෙදමුල්ල,7.041604,80.7069477
5004994722,Bus_Stop,Helbodagama,7.0805056,80.6603307
5004995121,Bus_Stop,Abagahamula,7.0790136,80.6634111
5007366422,Bus_Stop,Unknown,7.9290407,80.6875994
5022332693,Bus_Stop,Colombo public library stop,6.9129932,79.8580808
5022333222,Bus_Stop,Nelum Pokuna Bus Stop,6.910253,79.8635484
5030194319,Bus_Stop,Unknown,7.534476,80.8939976
5030771424,Bus_Stop,Unknown,7.4251074,80.6318139
5052537923,Bus_Stop,Unknown,7.1168935,80.1220294
5052538321,Bus_Stop,Unknown,7.1125358,80.135907
5052559021,Bus_Stop,Pattiya Junction Bus Stop,6.9626762,79.8948687
5060551054,Bus_Stop,Bus Stop Polduwa,6.9028946,79.9121377
5080980503,Bus_Stop,Bambarella,7.4052517,80.7781442
5100379387,Bus_Stop,Kirindiwela Police,7.0421353,80.121795
5106951412,Bus_Stop,Mahalakotuwa,7.5317055,80.7591545
5106951414,Bus_Stop,Maddeala,7.523023,80.7550376
5108419678,Bus_Stop,Ratemulla,7.2465434,80.6502109
5108419680,Bus_Stop,Elhena Junction,7.2617031,80.6704013
5108420861,Bus_Stop,Pooliyadda,7.2475785,80.6585352
5111532047,Bus_Stop,Unknown,7.9505701,80.7513807
5111532892,Bus_Stop,Bus #48 to Polonnaruwa & Medirigiriya,7.9297251,80.6872923
5112919321,Bus_Stop,Kurinchanpitiya,8.2120902,79.740651
5112919325,Bus_Stop,Small Pickup Bus,8.21346,79.7242558
5120237598,Bus_Stop,Kohoalan Junction,7.2868632,80.6055415
5120237599,Bus_Stop,Halloluwa Junction,7.2906305,80.6071374
5137426723,Bus_Stop,Thiranagama Junction,6.1218132,80.1143993
5137426724,Bus_Stop,Unknown,6.1389725,80.1211278
5137444823,Bus_Stop,Unknown,6.1387465,80.1203022
5137458221,Bus_Stop,Unknown,6.1385889,80.1176385
5154564921,Bus_Stop,Unknown,6.5785836,80.5291515
5157470267,Bus_Stop,Marandagahamula,7.2299026,79.9886978
5178104827,Bus_Stop,Rajagiriya,6.9081867,79.8933462
5178105223,Bus_Stop,Unknown,6.9097218,79.8884346
5178105224,Bus_Stop,Unknown,6.9116235,79.8866294
5178213625,Bus_Stop,2nd Lane,6.8664966,79.9454734
5178326221,Bus_Stop,Unknown,6.940367,79.8654999
5178326322,Bus_Stop,Kotahena Bus Stop,6.9474309,79.8618479
5178326421,Bus_Stop,Armour street,6.9424718,79.8644849
5185758922,Bus_Stop,Route 662,7.2898445,80.6318676
5188185625,Bus_Stop,Unknown,6.9231681,79.8519031
5188308521,Bus_Stop,Sugatadasa bus stop,6.9472639,79.86963
5189870821,Bus_Stop,Bambalapitiya Junction Bus Stop,6.8943178,79.8574226
5192693821,Bus_Stop,Unknown,6.9251847,79.8518198
5193334837,Bus_Stop,Unknown,6.9178774,79.8544548
5193680021,Bus_Stop,Town hall,6.9165944,79.8628895
5199207923,Bus_Stop,Hyde Park Bus Stop,6.9193092,79.8601494
5199207925,Bus_Stop,Unknown,6.9107506,79.8587599
5207962323,Bus_Stop,Unknown,6.1389015,80.690166
5208673722,Bus_Stop,Unknown,7.0716455,81.8338882
5208673723,Bus_Stop,Unknown,7.0611125,81.834274
5208673724,Bus_Stop,Unknown,7.031085,81.8450358
5208673726,Bus_Stop,Unknown,6.9925849,81.8643877
5208673727,Bus_Stop,Unknown,6.9886661,81.8647435
5208675023,Bus_Stop,Unknown,7.0405773,81.8383887
5208675024,Bus_Stop,Unknown,6.9842214,81.8637708
5208675025,Bus_Stop,Unknown,6.8658123,81.8328181
5208691722,Bus_Stop,Unknown,7.06472,81.8341988
5208691723,Bus_Stop,Unknown,6.8797646,81.8282983
5208693226,Bus_Stop,Unknown,7.0988359,81.8416492
5208694121,Bus_Stop,Unknown,7.0908146,81.8256905
5208694122,Bus_Stop,Unknown,7.0837089,81.8265101
5208694123,Bus_Stop,Unknown,7.0245812,81.8468747
5212490340,Bus_Stop,Hittetiya,5.9599262,80.528848
5212490373,Bus_Stop,Southern Express Bus Stop,5.9759421,80.5185796
5212490390,Bus_Stop,Godagama Junction Bus Stop,5.9728522,80.5194736
5212529117,Bus_Stop,Unknown,6.7319606,81.0995969
5213910922,Bus_Stop,Unknown,6.9227947,79.8533349
5213912525,Bus_Stop,Staple Street Bus Stop,6.9213384,79.8559061
5234542739,Bus_Stop,Galahagama,6.9229228,80.8509019
5247181327,Bus_Stop,Unknown,6.8162091,81.0432505
5250503421,Bus_Stop,Bus to Haputale (Rs 80),6.7829798,81.003295
5265219922,Bus_Stop,Route 240 - Negombo,6.9353666,79.8542544
5277526012,Bus_Stop,Akbar Town Bus Stop,6.9914777,79.9094295
5289221495,Bus_Stop,Udayagiri Temple,7.3789778,81.6266745
5306254321,Bus_Stop,Unknown,6.031761,80.2400742
5306262121,Bus_Stop,Unknown,6.0281811,80.2435539
5308334521,Bus_Stop,Unknown,5.9899527,80.3211663
5314661722,Bus_Stop,Unknown,6.2746763,81.2649219
5314671521,Bus_Stop,Unknown,6.1241078,80.1110559
5319590723,Bus_Stop,Unknown,8.4543127,81.2635146
5323023527,Bus_Stop,Unknown,7.1946317,80.593376
5327370421,Bus_Stop,Unknown,6.8302129,81.0512673
5345148921,Bus_Stop,Unknown,6.2607733,81.226571
5353224674,Bus_Stop,Unknown,6.9887639,80.0372357
5353261793,Bus_Stop,Unknown,7.0088441,80.0565228
5353261797,Bus_Stop,Unknown,7.0087616,80.0551629
5353261807,Bus_Stop,Unknown,7.0088521,80.0538781
5353261819,Bus_Stop,Unknown,7.0085566,80.0523412
5353262029,Bus_Stop,Unknown,7.0099755,80.0511396
5353262034,Bus_Stop,Unknown,7.009097,80.0502759
5353262059,Bus_Stop,Unknown,7.0109418,80.0436654
5406456421,Bus_Stop,Unknown,6.885381,80.001752
5406465624,Bus_Stop,Unknown,6.8847962,80.0052894
5412519122,Bus_Stop,Unknown,7.222874,79.847754
5412934821,Bus_Stop,Unknown,6.0325415,80.2148268
5420584806,Bus_Stop,Bus Stop,7.0135748,80.2290907
5420585677,Bus_Stop,Daigala,7.0185716,80.2366304
5424584903,Bus_Stop,Dimbulagala,7.8592688,81.1079755
5445986422,Bus_Stop,Unknown,6.0066703,80.7677673
5484296221,Bus_Stop,Unknown,7.1785613,79.8621532
5486142722,Bus_Stop,Bus stop to Polonnaruwa,7.8709713,80.6508594
5500032322,Bus_Stop,Unknown,6.7861131,80.4537206
5511185321,Bus_Stop,Unknown,6.9707622,80.7937197
5551054355,Bus_Stop,Unknown,6.6253854,80.0732973
5563614621,Bus_Stop,Unknown,7.2933727,80.6248662
5570353578,Bus_Stop,Aluthnuwara,7.2269903,80.4834272
5573272530,Bus_Stop,Unknown,6.8885569,81.0459627
5573801181,Bus_Stop,Gonagaldeniya,7.0762679,80.1983513
5575783924,Bus_Stop,Unknown,7.0929354,81.0514492
5575816821,Bus_Stop,Unknown,7.1374611,81.0479218
5580597523,Bus_Stop,Unknown,8.0403763,80.7557478
5580597524,Bus_Stop,Unknown,8.0398835,80.7552778
5580597822,Bus_Stop,Unknown,8.3552265,81.0077443
5580598122,Bus_Stop,Unknown,8.3674077,81.0039311
5582121422,Bus_Stop,Unknown,8.5994509,81.2187451
5584394122,Bus_Stop,Unknown,9.1309647,80.44585
5584399721,Bus_Stop,Unknown,8.6410448,80.6690374
5586157624,Bus_Stop,Unknown,9.7070514,79.8655046
5587567222,Bus_Stop,Unknown,9.3907918,80.4085122
5590226226,Bus_Stop,Unknown,7.8373121,80.631174
5590240721,Bus_Stop,Unknown,7.842056,80.6325487
5591639137,Bus_Stop,Unknown,7.8763126,80.6510557
5591656622,Bus_Stop,Unknown,7.8733347,80.6505811
5628227521,Bus_Stop,Unknown,9.0846591,79.8209362
5632120396,Bus_Stop,Unknown,8.6466903,81.2019626
5632120397,Bus_Stop,Unknown,8.6469502,81.2018225
5632120398,Bus_Stop,Unknown,8.6513132,81.2008932
5632120399,Bus_Stop,Unknown,8.6510864,81.2010407
5632120400,Bus_Stop,Unknown,8.6543519,81.2003316
5632120401,Bus_Stop,Unknown,8.6546038,81.2001787
5632120402,Bus_Stop,Unknown,8.65808,81.1995438
5632120403,Bus_Stop,Unknown,8.6583107,81.1993775
5632120404,Bus_Stop,Unknown,8.6669287,81.1979682
5632120405,Bus_Stop,Unknown,8.6673503,81.1977966
5632120406,Bus_Stop,Unknown,8.6726153,81.1994893
5632120407,Bus_Stop,Unknown,8.6727982,81.1993551
5632120408,Bus_Stop,Unknown,8.6751659,81.1988755
5632120409,Bus_Stop,Unknown,8.6755576,81.1987776
5632120410,Bus_Stop,Unknown,8.6776051,81.1984956
5632120411,Bus_Stop,Unknown,8.6780929,81.1982381
5634795265,Bus_Stop,High Forest - Nuwara Eliya,7.0662968,80.840975
5637055000,Bus_Stop,AC Express Route 240 Negombo,6.9370258,79.8555055
5637093824,Bus_Stop,Unknown,7.1717503,79.8863435
5678395566,Bus_Stop,Mandaramnuwara Bus Stop,7.036607,80.7829455
5736641370,Bus_Stop,K Jayathilaka Mawatha,7.0341515,80.1022848
5736642153,Bus_Stop,Unknown,7.0218202,80.1089857
5736642228,Bus_Stop,Unknown,7.0215711,80.1064159
5736642295,Bus_Stop,Charlie Wanguwa,7.0111338,80.1059036
5736642432,Bus_Stop,Unknown,7.0198528,80.1137434
5736642433,Bus_Stop,Sakura Mawatha,7.0082622,80.112281
5736710519,Bus_Stop,Unknown,7.0203807,80.1116005
5736710779,Bus_Stop,Unknown,7.0271368,80.1185421
5736724611,Bus_Stop,Unknown,7.0360301,80.1248572
5769939868,Bus_Stop,Panvilatenna,7.1568121,80.6297295
5773626755,Bus_Stop,Unknown,9.2427063,80.1381043
5779913187,Bus_Stop,Colombo Fort Railway Station halt,6.9340201,79.8503843
5783180755,Bus_Stop,Palapathwala,7.5302056,80.6258909
5793321353,Bus_Stop,Unknown,7.978309,79.8333209
5795601146,Bus_Stop,"Prpossed Bus Stand, Ankumbura",7.4398519,80.5707027
5803868756,Bus_Stop,Unknown,7.3042856,80.9016597
5803868757,Bus_Stop,Unknown,7.3058489,80.9037134
5816104204,Bus_Stop,Mandawala Maha Vidyalaya,7.0137957,80.0952096
5820723853,Bus_Stop,Passara Bus Stop,6.873041,81.0493401
5839388671,Bus_Stop,Unknown,9.4270818,80.3884006
5891872585,Bus_Stop,Endana Bogaha Junction,6.5287347,80.536702
5919730009,Bus_Stop,Unknown,7.2263795,80.0514902
5919730010,Bus_Stop,Unknown,7.2186451,80.0556692
5919730011,Bus_Stop,Unknown,7.2157945,80.0579324
5919803185,Bus_Stop,Unknown,8.6081067,81.2166039
5922321486,Bus_Stop,Unknown,7.485384,80.6239666
5922321585,Bus_Stop,Unknown,8.0207282,80.6030708
6001734085,Bus_Stop,Unknown,7.2455384,80.1286215
6001739186,Bus_Stop,Unknown,7.1859664,80.1121075
6001739187,Bus_Stop,Unknown,7.1676632,80.1237795
6001739285,Bus_Stop,Gal Amuna bus stop,7.1994038,80.1113869
6019914699,Bus_Stop,Deegala,6.3435033,80.169535
6044342345,Bus_Stop,Radawana,7.0299958,80.0891826
6044342530,Bus_Stop,Unknown,7.0220523,80.0971529
6049080486,Bus_Stop,Unknown,7.9409239,81.0002196
6124675387,Bus_Stop,Unknown,7.9419328,80.7320809
6124675390,Bus_Stop,Unknown,7.8987505,80.6671351
6124681287,Bus_Stop,Sigiriya bus stop,7.9514088,80.7537884
6124696385,Bus_Stop,Unknown,7.9472238,80.7400881
6124696585,Bus_Stop,Unknown,7.9401259,80.7278641
6132043585,Bus_Stop,Bus to Colombo,7.2531496,80.3459352
6136123185,Bus_Stop,Unknown,6.8740294,81.0314142
6137140673,Bus_Stop,Pilihudugolla Junction,7.6946343,80.6521127
6167247386,Bus_Stop,Unknown,7.4395431,80.4780962
6167247387,Bus_Stop,Unknown,7.3235626,80.7965713
6170157685,Bus_Stop,Unknown,6.8730301,81.030899
6172818885,Bus_Stop,Unknown,6.4136072,80.8343525
6176289290,Bus_Stop,Raithalawala Junction,7.4036126,80.653962
6177040819,Bus_Stop,Wadakada Temple,7.4008397,80.2768917
6185575095,Bus_Stop,Dambagolla,7.0614019,80.9009224
6200434092,Bus_Stop,Dodangoda Bus Stop,6.5545979,80.0238052
6231459786,Bus_Stop,Unknown,7.9259734,80.6853582
6236533268,Bus_Stop,Atugoda,7.1990127,80.3289782
6251372206,Bus_Stop,Siddamulla Bus Stop,6.8141891,79.9574298
6251423466,Bus_Stop,Central junction bus stop,6.5616794,79.9815732
6257449258,Bus_Stop,Unknown,6.620323,81.1269439
6257451770,Bus_Stop,Unknown,6.6401145,81.1187735
6257453138,Bus_Stop,Unknown,6.6436116,81.1181444
6261285913,Bus_Stop,Unknown,6.863641,81.3444687
6261305284,Bus_Stop,Unknown,6.7643313,81.2550749
6261306585,Bus_Stop,Unknown,6.774329,81.2629302
6261306588,Bus_Stop,Unknown,6.8663975,81.3463795
6267494662,Bus_Stop,Unknown,7.2496187,81.8543692
6267498011,Bus_Stop,Unknown,6.8776001,81.8292112
6267498013,Bus_Stop,Unknown,6.9795548,81.8629657
6267498014,Bus_Stop,Unknown,6.9930559,81.8639454
6267498015,Bus_Stop,Unknown,7.0315932,81.8444893
6267498016,Bus_Stop,Unknown,7.061844,81.8341863
6267498017,Bus_Stop,Unknown,7.0655557,81.8341229
6267498019,Bus_Stop,Unknown,7.0998822,81.8420187
6267498227,Bus_Stop,Unknown,7.135244,81.8524918
6267498228,Bus_Stop,Unknown,7.1695946,81.8602646
6267498230,Bus_Stop,Unknown,7.2153979,81.8536562
6267498282,Bus_Stop,Unknown,7.2761713,81.8490112
6267498283,Bus_Stop,SEUSL front bus stand,7.296879,81.8484116
6267498284,Bus_Stop,Unknown,7.3778317,81.8386577
6267498463,Bus_Stop,Unknown,7.1047617,81.8440771
6267498464,Bus_Stop,Unknown,7.1067556,81.8453891
6267498466,Bus_Stop,Unknown,7.1088877,81.847907
6267498467,Bus_Stop,Unknown,7.1158508,81.85137
6267498473,Bus_Stop,Unknown,7.124339,81.8494346
6267498474,Bus_Stop,Unknown,7.1312961,81.8484538
6267498475,Bus_Stop,Unknown,7.6046586,81.7674958
6267498587,Bus_Stop,Unknown,7.4203097,81.82112
6271627248,Bus_Stop,Unknown,8.3260451,81.300154
6271627591,Bus_Stop,Unknown,8.4007762,81.2796415
6295845523,Bus_Stop,Unknown,8.2138989,79.7419044
6295845524,Bus_Stop,Unknown,8.2314946,79.7598852
6295847882,Bus_Stop,Unknown,8.2225488,79.7507974
6295850189,Bus_Stop,Unknown,8.2327264,79.7612926
6295850587,Bus_Stop,Unknown,8.2058427,79.7390903
6295850588,Bus_Stop,Unknown,8.2351895,79.7641222
6295850590,Bus_Stop,Unknown,8.2201113,79.7482727
6295850593,Bus_Stop,Unknown,8.2027108,79.7373174
6295851285,Bus_Stop,Unknown,8.2200937,79.7480851
6295851385,Bus_Stop,Unknown,8.2280929,79.7559381
6295851585,Bus_Stop,Unknown,8.2334338,79.7621482
6313809487,Bus_Stop,Unknown,8.0393331,80.755245
6313826885,Bus_Stop,Unknown,8.0393614,80.7561186
6317557285,Bus_Stop,AC bus to Jaffna,6.9482955,79.8606937
6319999386,Bus_Stop,Unknown,7.9931517,80.726057
6320264131,Bus_Stop,Ketawala,6.9940941,81.0126646
6320264133,Bus_Stop,Galauda Bus Stop,7.0407225,80.9858063
6320264134,Bus_Stop,Kandegedara,7.0199665,81.0201037
6320376485,Bus_Stop,Unknown,7.5227475,80.7549217
6322702564,Bus_Stop,Unknown,6.9249219,79.8777862
6326673486,Bus_Stop,Unknown,7.2758608,80.5936029
6327037286,Bus_Stop,Unknown,6.4519661,79.98615
6327084685,Bus_Stop,Unknown,6.4549343,79.9851323
6329977386,Bus_Stop,Unknown,6.2547686,81.2272594
6329979185,Bus_Stop,Unknown,6.2847992,81.2677129
6330940586,Bus_Stop,Unknown,6.2560465,81.2276802
6331145885,Bus_Stop,Unknown,6.4286745,79.9988581
6335611950,Bus_Stop,Unknown,6.9073441,79.8954167
6337796340,Bus_Stop,Unknown,6.8756915,79.9347548
6339744886,Bus_Stop,Unknown,6.743081,81.0180365
6342353385,Bus_Stop,Airport Bus Stop,6.9529947,79.8806139
6344307566,Bus_Stop,Ambadeniya,7.1926035,80.478673
6350263780,Bus_Stop,Mahakumbura Junction,6.9795647,80.9571147
6356491049,Bus_Stop,City Junction,6.9724269,80.7757075
6356491050,Bus_Stop,Hawa Eliya Hospital,6.9721234,80.7799595
6356491051,Bus_Stop,Nanu Oya Junction,6.960699,80.7691656
6373886611,Bus_Stop,Wickramasinghepura Junction,6.8802702,79.9343704
6373886619,Bus_Stop,Unknown,6.8759376,79.9348151
6375914087,Bus_Stop,KK Bridge Kinniya,8.5032002,81.1763693
6375949885,Bus_Stop,Buhari Adi Junction,8.502606,81.1803959
6375949985,Bus_Stop,KK Junction Kinniya,8.5037925,81.1769447
6380250681,Bus_Stop,Unknown,6.8851866,79.9320419
6382587155,Bus_Stop,Kelani Campus,6.9718519,79.916883
6382587156,Bus_Stop,Kelani Campus,6.9723431,79.9170426
6386943488,Bus_Stop,Unknown,6.0326203,80.2148133
6395430788,Bus_Stop,Richardson,6.9176932,79.8477365
6401046268,Bus_Stop,Ranhawadigama Bus Stop,6.9597552,80.8694467
6405629285,Bus_Stop,Unknown,7.3703313,81.812472
6405676186,Bus_Stop,Unknown,7.4876726,81.8070537
6405678285,Bus_Stop,Unknown,7.4423431,81.8124476
6405730585,Bus_Stop,Unknown,7.6569204,81.7406255
6405730586,Bus_Stop,Arayampathy market bus stop,7.6700016,81.7352799
6407250985,Bus_Stop,Boralumankada Junction,7.1542095,80.5800008
6413471485,Bus_Stop,Unknown,7.3872704,81.8363668
6413471486,Bus_Stop,Unknown,7.376795,81.8383756
6413471785,Bus_Stop,Unknown,7.3725801,81.8247719
6413471985,Bus_Stop,Unknown,7.3701969,81.81193
6429741585,Bus_Stop,Unknown,6.2493622,80.0437492
6508484023,Bus_Stop,Unknown,6.94683,79.8627971
6508484024,Bus_Stop,Unknown,6.946491,79.8564754
6508484025,Bus_Stop,Unknown,6.9458731,79.8613284
6508484026,Bus_Stop,Unknown,6.945793,79.8629937
6508484027,Bus_Stop,Unknown,6.9468077,79.8567884
6512115585,Bus_Stop,Unknown,6.9428184,79.8645537
6512132380,Bus_Stop,Unknown,6.9411584,79.8653172
6512132381,Bus_Stop,Unknown,6.9401817,79.8655919
6512132382,Bus_Stop,Unknown,6.9339546,79.8659411
6512132383,Bus_Stop,Unknown,6.9291316,79.8643941
6512132384,Bus_Stop,Unknown,6.9290053,79.863279
6515052339,Bus_Stop,Unknown,6.8829507,79.8869147
6515417498,Bus_Stop,Mahayaya Junction,6.018898,80.7164025
6515417499,Bus_Stop,Muthumala Junction,6.0203064,80.7165071
6534612520,Bus_Stop,Unknown,6.9295823,79.863226
6542960914,Bus_Stop,Unknown,5.9664866,80.4538769
6545130605,Bus_Stop,Temple Road Bus Stop,6.0753332,80.1565655
6545130613,Bus_Stop,Boossa Bus Stop,6.0714942,80.1637225
6548787828,Bus_Stop,Unknown,6.8243133,79.9362533
6548796234,Bus_Stop,Unknown,6.810875,79.9395102
6552390564,Bus_Stop,Hegoda Junction Bus Stop,6.0872661,80.1703151
6554831165,Bus_Stop,Anula Vidyalaya Bus Stop,6.8722089,79.8838604
6557167083,Bus_Stop,St Peters Collage halt,6.8811407,79.8592743
6559942487,Bus_Stop,Unknown,7.2695695,80.5971282
6560239668,Bus_Stop,Unknown,6.8144513,79.878912
6579932274,Bus_Stop,Udovita,7.1436573,80.3812528
6579952779,Bus_Stop,Udabogala Junction,7.1395358,80.390014
6579988274,Bus_Stop,Pallebogala Junction,7.1416027,80.3852922
6579990895,Bus_Stop,Bus Stop - Ganthuna,7.132044,80.4004534
6579993771,Bus_Stop,Horagolla,7.1307302,80.4053043
6596009029,Bus_Stop,Koongas Junction,7.4026671,81.0610852
6615733829,Bus_Stop,Keselwattha Bus Stop,6.7502995,79.9002501
6626945372,Bus_Stop,Ethulkotte,6.9005837,79.9057005
6626986786,Bus_Stop,Unknown,6.8984942,79.9060203
6626986790,Bus_Stop,Sri Jayawardhanapura Kotte,6.8978762,79.9060001
6626986821,Bus_Stop,Unknown,6.894337,79.905202
6626986822,Bus_Stop,Unknown,6.8944084,79.9053845
6626986836,Bus_Stop,Unknown,6.8927392,79.9045176
6626986837,Bus_Stop,Bungalow Junction Sri Jayawardhana Kotte,6.8925153,79.9045284
6626986838,Bus_Stop,Unknown,6.8924993,79.9046088
6626986846,Bus_Stop,Unknown,6.8916145,79.904056
6626986848,Bus_Stop,Unknown,6.8914199,79.9039921
6630965165,Bus_Stop,Unknown,6.8894993,79.903033
6630965167,Bus_Stop,Unknown,6.8887415,79.9028246
6630965173,Bus_Stop,Unknown,6.8883043,79.9026885
6631008101,Bus_Stop,Unknown,6.8867934,79.9022199
6631008103,Bus_Stop,Unknown,6.8869176,79.9022146
6632922943,Bus_Stop,Pita Kotte Bus Stop,6.8832315,79.9018403
6632922945,Bus_Stop,Pita Kotte Bus Stop,6.8830688,79.9018101
6632965089,Bus_Stop,Unknown,6.8751973,79.8990486
6632965110,Bus_Stop,Nugegoda Bus Stand,6.8728552,79.8922087
6634800270,Bus_Stop,Benhead,6.8897076,80.902299
6643077066,Bus_Stop,Galhira Junction,6.6126285,80.6307583
6657180188,Bus_Stop,Unknown,8.3263748,81.2999178
6657180189,Bus_Stop,Unknown,8.3606174,81.2840956
6657187186,Bus_Stop,Unknown,8.3876756,81.2979156
6657191885,Bus_Stop,Unknown,6.2850146,81.2681612
6657191886,Bus_Stop,Unknown,8.3751836,81.2944719
6657191887,Bus_Stop,Unknown,8.4006893,81.279171
6657191888,Bus_Stop,Unknown,8.4090494,81.2686403
6657192087,Bus_Stop,Unknown,8.3926438,81.2928445
6657192088,Bus_Stop,Unknown,8.397758,81.2863931
6657192089,Bus_Stop,Unknown,8.4386307,81.2610236
6657192094,Bus_Stop,Loyola Campus,8.5727463,81.2283468
6663107590,Bus_Stop,Unknown,5.9427212,80.5690027
6681077089,Bus_Stop,Unknown,7.935134,81.5102105
6681099185,Bus_Stop,Unknown,7.9074265,81.5340164
6681324385,Bus_Stop,Unknown,8.3561232,80.4182747
6685943685,Bus_Stop,Unknown,7.9397702,81.0010143
6698895226,Bus_Stop,Unknown,6.8823498,79.9146041
6702565186,Bus_Stop,Unknown,7.8295953,80.3019217
6702565285,Bus_Stop,Unknown,7.6057647,80.1001931
6702565286,Bus_Stop,Unknown,7.8422165,80.396736
6702565287,Bus_Stop,Unknown,7.8424995,80.3969658
6702943946,Bus_Stop,Badulla,6.9904813,81.0518842
6703537285,Bus_Stop,Unknown,7.8766634,80.6508007
6703538185,Bus_Stop,Unknown,7.9791343,79.8320061
6708412337,Bus_Stop,Thalagala Bus Stop,6.797727,80.0419986
6710340285,Bus_Stop,Unknown,7.8846402,80.6514848
6732001610,Bus_Stop,Bulugaha Junction,6.3339357,80.1853543
6738342572,Bus_Stop,Unknown,6.9113189,79.8821089
6738366202,Bus_Stop,Unknown,6.898681,79.8772867
6793783586,Bus_Stop,Unknown,6.0944262,80.2413734
6797784744,Bus_Stop,Unknown,6.0715918,80.1626106
6797811758,Bus_Stop,Unknown,6.2599589,80.0375634
6815375844,Bus_Stop,Warwick State,6.8981568,80.823483
6819461298,Bus_Stop,Unknown,6.8331327,80.2135847
6819465149,Bus_Stop,Unknown,6.8118544,80.2052327
6828179587,Bus_Stop,Unknown,6.9051512,80.9095008
6862745591,Bus_Stop,Unknown,8.2573375,80.1923213
6896132088,Bus_Stop,Sanchimale,6.8332828,80.6533445
7030921411,Bus_Stop,Kottawa bus stop,6.8408496,79.9660849
7040087385,Bus_Stop,Bus Stop for Embilipitiya,6.4107005,80.7966722
7040145799,Bus_Stop,Unknown,5.9647799,80.6999866
7042298258,Bus_Stop,Unknown,9.4367969,80.4409531
7042298259,Bus_Stop,Unknown,9.4365866,80.4401927
7042298260,Bus_Stop,Unknown,9.4364953,80.4351448
7042298261,Bus_Stop,Unknown,9.4363828,80.4342395
7042298262,Bus_Stop,Unknown,9.4364966,80.4311724
7042298263,Bus_Stop,Unknown,9.4363908,80.4299567
7042298264,Bus_Stop,Unknown,9.4364807,80.4279906
7042298265,Bus_Stop,Unknown,9.4363537,80.4267977
7042298266,Bus_Stop,Unknown,9.4364635,80.4233471
7042298267,Bus_Stop,Unknown,9.4363392,80.4217096
7042298268,Bus_Stop,Unknown,9.4364252,80.4191762
7042298269,Bus_Stop,Unknown,9.436314,80.4184493
7042298270,Bus_Stop,Unknown,9.436408,80.4155351
7042298271,Bus_Stop,Unknown,9.4362942,80.4145883
7042347619,Bus_Stop,Unknown,9.4363822,80.4086861
7043523452,Bus_Stop,Unknown,9.4341937,80.4613432
7043523453,Bus_Stop,Unknown,9.4344989,80.460037
7043523455,Bus_Stop,Unknown,9.4367189,80.4570517
7043523461,Bus_Stop,Unknown,9.4372256,80.4551654
7043523462,Bus_Stop,Unknown,9.4374663,80.4518791
7043523463,Bus_Stop,Unknown,9.4373301,80.4505983
7043523464,Bus_Stop,Unknown,9.4375338,80.4484351
7043523465,Bus_Stop,Unknown,9.4374425,80.4475768
7043523466,Bus_Stop,Unknown,9.437516,80.4437191
7043811622,Bus_Stop,Unknown,9.4268673,80.487358
7043811628,Bus_Stop,Unknown,9.4271888,80.486505
7043811642,Bus_Stop,Unknown,9.4294379,80.4829223
7043811648,Bus_Stop,Unknown,9.4297812,80.4820472
7043811664,Bus_Stop,Unknown,9.4337832,80.4701596
7043811670,Bus_Stop,Unknown,9.4336734,80.4691558
7043811676,Bus_Stop,Unknown,9.4338269,80.4656455
7043811678,Bus_Stop,Unknown,9.4339261,80.4666446
7044310308,Bus_Stop,Unknown,9.4055397,80.5311239
7044310313,Bus_Stop,Unknown,9.405757,80.5302096
7044310317,Bus_Stop,Unknown,9.407389,80.5263117
7044310323,Bus_Stop,Unknown,9.4076007,80.5254561
7044310328,Bus_Stop,Unknown,9.4088272,80.5224567
7044310333,Bus_Stop,Unknown,9.4093101,80.5212437
7044310337,Bus_Stop,Unknown,9.4107231,80.5177474
7044310342,Bus_Stop,Unknown,9.4111889,80.5169092
7044310345,Bus_Stop,Unknown,9.4127845,80.5126753
7044310347,Bus_Stop,Unknown,9.4126045,80.5134277
7044310359,Bus_Stop,Unknown,9.4169401,80.5036403
7044310361,Bus_Stop,Unknown,9.4164473,80.5046059
7044803860,Bus_Stop,Unknown,9.3733038,80.5646472
7044803862,Bus_Stop,Unknown,9.3738761,80.5633845
7044803864,Bus_Stop,Unknown,9.3751457,80.5612729
7044803870,Bus_Stop,Unknown,9.3754897,80.560357
7044803872,Bus_Stop,Unknown,9.37771,80.5579363
7044803874,Bus_Stop,Unknown,9.3784907,80.5574193
7044803876,Bus_Stop,Unknown,9.3812852,80.5552004
7044803878,Bus_Stop,Unknown,9.3817245,80.5545621
7044803884,Bus_Stop,Unknown,9.3841247,80.5523258
7044871386,Bus_Stop,Unknown,9.3847102,80.5515298
7044871387,Bus_Stop,Unknown,9.386435,80.5497663
7044871388,Bus_Stop,Unknown,9.3867605,80.5487853
7044871395,Bus_Stop,Unknown,9.3876996,80.5470861
7044871397,Bus_Stop,Unknown,9.3880518,80.546219
7044871404,Bus_Stop,Unknown,9.3888781,80.5454204
7044871405,Bus_Stop,Unknown,9.3895728,80.5446734
7044871410,Bus_Stop,Unknown,9.3924526,80.542291
7044871412,Bus_Stop,Unknown,9.3929997,80.5416781
7044871415,Bus_Stop,Unknown,9.3975135,80.5387095
7044871425,Bus_Stop,Unknown,9.3980685,80.5381516
7044871429,Bus_Stop,Unknown,9.4009291,80.5362513
7044871435,Bus_Stop,Unknown,9.4017123,80.5355573
7046275218,Bus_Stop,Unknown,9.3535042,80.6128961
7046275226,Bus_Stop,Unknown,9.3545833,80.6091021
7046275236,Bus_Stop,Unknown,9.3547071,80.6081855
7046275238,Bus_Stop,Unknown,9.3551107,80.6068517
7046275244,Bus_Stop,Unknown,9.3552218,80.6059398
7046275262,Bus_Stop,Unknown,9.3580506,80.5968464
7046275268,Bus_Stop,Unknown,9.3582822,80.595913
7046275273,Bus_Stop,Unknown,9.3598757,80.5922766
7046275274,Bus_Stop,Unknown,9.3601311,80.5914049
7046275281,Bus_Stop,Unknown,9.3640333,80.5856703
7046275283,Bus_Stop,Unknown,9.3638693,80.5848013
7046280886,Bus_Stop,Unknown,9.3653083,80.5796508
7046280888,Bus_Stop,Unknown,9.3656477,80.5788025
7046280892,Bus_Stop,Unknown,9.3688876,80.5723156
7046280898,Bus_Stop,Unknown,9.3692303,80.5714137
7046862959,Bus_Stop,Unknown,9.3465411,80.6370997
7046862963,Bus_Stop,Unknown,9.3466985,80.6362259
7046862969,Bus_Stop,Unknown,9.3473562,80.6346649
7046862971,Bus_Stop,Unknown,9.3474661,80.6338435
7046862977,Bus_Stop,Unknown,9.348399,80.6311136
7046863085,Bus_Stop,Unknown,9.3485512,80.6301038
7046863089,Bus_Stop,Unknown,9.350282,80.6242385
7046863090,Bus_Stop,Unknown,9.3505368,80.6232514
7046863091,Bus_Stop,Unknown,9.3515914,80.6203848
7046863096,Bus_Stop,Unknown,9.3518554,80.6190746
7046863097,Bus_Stop,Unknown,9.3534526,80.6137866
7047388343,Bus_Stop,Unknown,9.3348389,80.6617284
7047388345,Bus_Stop,Unknown,9.3351407,80.6609841
7047388360,Bus_Stop,Unknown,9.3403705,80.6522334
7047388372,Bus_Stop,Unknown,9.3408522,80.651312
7047388375,Bus_Stop,Unknown,9.34246,80.647337
7047388377,Bus_Stop,Unknown,9.3427405,80.6464733
7047388384,Bus_Stop,Unknown,9.344752,80.642108
7047392590,Bus_Stop,Unknown,9.3450232,80.6410928
7048966790,Bus_Stop,Unknown,9.316035,80.6920722
7048966796,Bus_Stop,Unknown,9.3164016,80.6912307
7048966798,Bus_Stop,Unknown,9.3180929,80.6884975
7048966804,Bus_Stop,Unknown,9.3184099,80.6876801
7048966811,Bus_Stop,Unknown,9.3196903,80.6858817
7048966817,Bus_Stop,Unknown,9.320121,80.6849717
7048966820,Bus_Stop,Unknown,9.3249031,80.6777955
7048966826,Bus_Stop,Unknown,9.3252366,80.6770156
7048966830,Bus_Stop,Unknown,9.3264733,80.6754157
7048966836,Bus_Stop,Unknown,9.3268842,80.6746083
7048966839,Bus_Stop,Unknown,9.3283882,80.6724787
7048966849,Bus_Stop,Unknown,9.3287144,80.6717303
7049126892,Bus_Stop,Unknown,9.3143007,80.6947075
7049132285,Bus_Stop,Unknown,5.999952,80.265878
7053811285,Bus_Stop,Unknown,7.3695672,80.9570837
7053812585,Bus_Stop,Unknown,7.373107,80.9608549
7053918386,Bus_Stop,Unknown,7.5081603,80.9278535
7053918387,Bus_Stop,Unknown,7.5201254,80.9297859
7053929085,Bus_Stop,Unknown,7.4046261,80.9572006
7053929185,Bus_Stop,Unknown,7.4090842,80.9537095
7053929186,Bus_Stop,Unknown,7.4373114,80.9550005
7053929187,Bus_Stop,Unknown,7.4684265,80.9434664
7053929385,Bus_Stop,Unknown,7.4709951,80.9437657
7053942485,Bus_Stop,Unknown,7.3849107,80.9631071
7053961787,Bus_Stop,Unknown,7.6302009,80.9351028
7053990285,Bus_Stop,Unknown,7.6303905,80.9456002
7058476368,Bus_Stop,Unknown,9.339943,80.7136305
7058476374,Bus_Stop,Unknown,9.3392384,80.7132348
7058476376,Bus_Stop,Unknown,9.3259188,80.7043795
7058476382,Bus_Stop,Unknown,9.3250871,80.7038873
7058476384,Bus_Stop,Unknown,9.3218514,80.7017101
7058522694,Bus_Stop,Unknown,9.3210183,80.7012561
7058522696,Bus_Stop,Unknown,9.3150292,80.6971416
7058522698,Bus_Stop,Unknown,9.314393,80.6966293
7060014790,Bus_Stop,Unknown,9.3169918,80.7092142
7060014793,Bus_Stop,Unknown,9.3172995,80.7100296
7060014838,Bus_Stop,Unknown,9.3141319,80.6982218
7060014847,Bus_Stop,Unknown,9.3140797,80.6973025
7060293296,Bus_Stop,Unknown,9.3209111,80.7253993
7060293299,Bus_Stop,Unknown,9.3208463,80.7245108
7060293309,Bus_Stop,Unknown,9.3200913,80.7215007
7060293311,Bus_Stop,Unknown,9.3203897,80.7223161
7060293329,Bus_Stop,Unknown,9.3191622,80.7177691
7060293331,Bus_Stop,Unknown,9.3194547,80.718606
7060293344,Bus_Stop,Unknown,9.3181363,80.7137257
7060293354,Bus_Stop,Unknown,9.3184674,80.7145934
7062872931,Bus_Stop,Unknown,9.3250811,80.7599469
7062872940,Bus_Stop,Unknown,9.3256058,80.7587332
7062872968,Bus_Stop,Unknown,9.3250652,80.7437503
7062872980,Bus_Stop,Unknown,9.3251691,80.7443196
7062880738,Bus_Stop,Unknown,9.3224813,80.7310903
7062880741,Bus_Stop,Unknown,9.3227645,80.7318319
7063393794,Bus_Stop,Unknown,9.3196049,80.7700749
7063393796,Bus_Stop,Unknown,9.3194699,80.7709265
7064314386,Bus_Stop,Unknown,9.3163784,80.7748774
7064314392,Bus_Stop,Unknown,9.3169607,80.7742833
7064314400,Bus_Stop,Unknown,9.318212,80.7731165
7064314407,Bus_Stop,Unknown,9.318967,80.7723128
7065640740,Bus_Stop,Unknown,8.5037141,81.1909074
7066185332,Bus_Stop,Unknown,9.3050379,80.7851462
7066185337,Bus_Stop,Unknown,9.3057109,80.7846332
7066185346,Bus_Stop,Unknown,9.3071773,80.783618
7066185354,Bus_Stop,Unknown,9.3078939,80.7828301
7066754464,Bus_Stop,Unknown,9.3016379,80.7868735
7066754466,Bus_Stop,Unknown,9.3007611,80.7873175
7068743385,Bus_Stop,Unknown,5.9675962,80.7057429
7068799192,Bus_Stop,Unknown,5.9770304,80.7163688
7081752186,Bus_Stop,Unknown,5.9759259,80.3542835
7081758585,Bus_Stop,Unknown,5.9627768,80.4032273
7081758685,Bus_Stop,Unknown,5.9734061,80.3607525
7081760085,Bus_Stop,Unknown,5.9788,80.3460341
7082067585,Bus_Stop,Unknown,5.9778362,80.3510267
7082457006,Bus_Stop,Unknown,6.9227984,80.6888528
7083404908,Bus_Stop,Unknown,6.9570994,80.772581
7091125988,Bus_Stop,Unknown,8.3392506,80.3959968
7092897702,Bus_Stop,Unknown,6.2938436,81.084677
7092905509,Bus_Stop,Unknown,6.1216071,81.0566386
7092908802,Bus_Stop,Unknown,6.1547574,81.0894543
7095219808,Bus_Stop,Unknown,6.0653048,80.8682334
7103905483,Bus_Stop,Unknown,5.9992122,80.7406937
7103953739,Bus_Stop,Unknown,6.0023711,80.7458666
7106440172,Bus_Stop,Unknown,5.9608613,80.6790696
7106462374,Bus_Stop,Unknown,5.9609439,80.6693495
7106467217,Bus_Stop,Unknown,5.9560341,80.4548615
7106469330,Bus_Stop,Unknown,5.9614802,80.6760022
7106480102,Bus_Stop,Unknown,5.958865,80.6479977
7107707885,Bus_Stop,Unknown,7.179044,79.8925771
7111460785,Bus_Stop,Racecourse,6.9064866,79.8638841
7116146785,Bus_Stop,Unknown,6.8727319,81.0493091
7140591585,Bus_Stop,Kumarakanda 64 Mile Post,6.1072908,80.1252285
7144568485,Bus_Stop,Unknown,6.4320837,79.998508
7159951645,Bus_Stop,Unknown,5.95307,80.5350281
7164398985,Bus_Stop,Unknown,6.3072583,80.8696236
7168956584,Bus_Stop,Hospital bus stop,7.6729728,81.7334869
7182364502,Bus_Stop,Udawela,7.3000646,80.5280484
7217688185,Bus_Stop,Unknown,6.8942077,79.9249272
7222265182,Bus_Stop,Unknown,9.236999,80.8116759
7222333886,Bus_Stop,Unknown,9.2362107,80.8118516
7223067558,Bus_Stop,Unknown,9.2611175,80.8139417
7223067560,Bus_Stop,Unknown,9.2614981,80.8131156
7231920187,Bus_Stop,Unknown,6.3474118,80.4990171
7231920188,Bus_Stop,Beliwatta,5.9477437,80.6345783
7231920190,Bus_Stop,Unknown,5.9483564,80.627738
7231920191,Bus_Stop,Unknown,5.9481217,80.6270109
7234654146,Bus_Stop,Unknown,6.4053582,80.0028438
7234887090,Bus_Stop,Bus stop Dambulla,7.9457661,80.7612775
7235347285,Bus_Stop,Unknown,7.16856,79.883052
7243050840,Bus_Stop,Unknown,7.267774,80.6661378
7266347256,Bus_Stop,Padavisripura Bus Stop,8.9285828,80.8131281
7270539285,Bus_Stop,Unknown,7.1681015,79.8827028
7271385736,Bus_Stop,Pelenda Junction,6.557677,80.2401468
7278937381,Bus_Stop,Unknown,8.2051198,79.738756
7296346530,Bus_Stop,Unknown,7.0966606,80.8614041
7325463771,Bus_Stop,749/1-Pattipola,6.9719508,80.7673591
7325463772,Bus_Stop,Nanu Oya,6.971989,80.7673835
7325463773,Bus_Stop,311-Welimada,6.9720775,80.7673645
7325463774,Bus_Stop,749-Meepilimana,6.9720794,80.7672384
7325463775,Bus_Stop,Ragala/Udupessellawa,6.9718033,80.767408
7325463776,Bus_Stop,Hatton,6.9717746,80.7673551
7325463777,Bus_Stop,311-Badulla,6.9719849,80.7672733
7325463778,Bus_Stop,47-Kandy-Kurunegala,6.971949,80.7672304
7325463779,Bus_Stop,79-Colombo,6.971981,80.7671687
7325463780,Bus_Stop,79-Colombo (A/C),6.9718011,80.7672842
7325463781,Bus_Stop,47-Kandy,6.9717976,80.7671828
7359487846,Bus_Stop,Kehelowitigama,6.687977,80.3134117
7426515064,Bus_Stop,Unknown,7.2942766,81.6923723
7483330806,Bus_Stop,Unknown,5.9534149,80.5924388
7483346415,Bus_Stop,Unknown,5.9532494,80.5923907
7483359603,Bus_Stop,Unknown,5.9580835,80.5996057
7483359604,Bus_Stop,Unknown,5.9581155,80.599536
7537060901,Bus_Stop,Perettasi,7.0712926,80.7110906
7761153243,Bus_Stop,Unknown,6.9128553,80.2040057
7781188413,Bus_Stop,Unknown,9.2866579,80.8015278
7781188415,Bus_Stop,Unknown,9.2858334,80.801395
7781188420,Bus_Stop,Unknown,9.2770999,80.8061398
7781188423,Bus_Stop,Unknown,9.276644,80.8067125
7781188427,Bus_Stop,Unknown,9.2688719,80.8116639
7781188428,Bus_Stop,Unknown,9.2698566,80.8107928
7790189977,Bus_Stop,Unknown,8.5879069,81.2045069
7794038136,Bus_Stop,Unknown,7.8453221,81.547601
7816971798,Bus_Stop,Lawrence Bazaar,6.8296427,80.6206148
7890165057,Bus_Stop,Unknown,9.4642187,80.4073054
7890165061,Bus_Stop,Unknown,9.4654298,80.4072099
7890165069,Bus_Stop,Unknown,9.4738483,80.4071747
7890165073,Bus_Stop,Unknown,9.475101,80.4070526
7890178289,Bus_Stop,Unknown,9.5010773,80.4065524
7890178302,Bus_Stop,Unknown,9.5023563,80.4063942
7890178307,Bus_Stop,Unknown,9.5107276,80.4061769
7890178319,Bus_Stop,Unknown,9.5117262,80.4060253
7892438477,Bus_Stop,Unknown,7.3523331,80.6152591
7892438478,Bus_Stop,Unknown,7.3515537,80.6157272
7892438480,Bus_Stop,Unknown,7.3493438,80.61518
7892438482,Bus_Stop,Unknown,7.348855,80.6156789
7892475586,Bus_Stop,Unknown,7.3461668,80.617134
7892475590,Bus_Stop,Unknown,7.3455018,80.6174377
7912606649,Bus_Stop,Bodiya road bus stop,6.8718104,79.9136925
7929167847,Bus_Stop,Unknown,7.8908356,80.647569
7929167848,Bus_Stop,Unknown,7.8901866,80.6479103
7929167855,Bus_Stop,Unknown,7.8865541,80.6507957
7929167856,Bus_Stop,Unknown,7.8857863,80.6511417
7931018671,Bus_Stop,Unknown,7.9314841,80.6335089
7931018672,Bus_Stop,Unknown,7.9306393,80.6337033
7931018673,Bus_Stop,Unknown,7.9238478,80.6363989
7931018674,Bus_Stop,Unknown,7.9230482,80.6368656
7931043287,Bus_Stop,Unknown,7.9185518,80.6383274
7931043288,Bus_Stop,Unknown,7.9177628,80.6387097
7931043289,Bus_Stop,Unknown,7.9138177,80.6399207
7931043290,Bus_Stop,Unknown,7.9129848,80.640323
7931043295,Bus_Stop,Unknown,7.9084034,80.641758
7931043296,Bus_Stop,Unknown,7.9075479,80.6421751
7931043303,Bus_Stop,Unknown,7.902904,80.6436034
7931043304,Bus_Stop,Unknown,7.9021362,80.6439775
7931043311,Bus_Stop,Unknown,7.8951004,80.6461166
7931043312,Bus_Stop,Unknown,7.8943339,80.6464988
7931261948,Bus_Stop,Unknown,7.9595363,80.6261985
7931261953,Bus_Stop,Unknown,7.9587185,80.6265324
7931261954,Bus_Stop,Unknown,7.9569915,80.6269401
7931261955,Bus_Stop,Unknown,7.9561919,80.6273022
7931261964,Bus_Stop,Unknown,7.9445873,80.6290242
7931261965,Bus_Stop,Unknown,7.9435666,80.6295566
7931617413,Bus_Stop,Unknown,8.0525199,80.58953
7931617414,Bus_Stop,Unknown,8.0516886,80.5902167
7931617415,Bus_Stop,Unknown,8.0442816,80.5951077
7931617416,Bus_Stop,Unknown,8.0436097,80.5956991
7931617417,Bus_Stop,Unknown,8.0335407,80.6001911
7931617418,Bus_Stop,Unknown,8.0327459,80.6005204
7931617419,Bus_Stop,Unknown,8.0273358,80.6019607
7931617420,Bus_Stop,Unknown,8.0264913,80.6022812
7931617425,Bus_Stop,Unknown,8.0253545,80.6024918
7931617426,Bus_Stop,Unknown,8.0245338,80.6028472
7931617427,Bus_Stop,Unknown,8.0214742,80.6031503
7931617428,Bus_Stop,Unknown,8.0154238,80.6057185
7931617429,Bus_Stop,Unknown,8.0146184,80.6060933
7931617434,Bus_Stop,Unknown,8.0022339,80.607647
7931617435,Bus_Stop,Unknown,8.0013428,80.6080668
7931617436,Bus_Stop,Unknown,7.9972776,80.6086193
7931617437,Bus_Stop,Unknown,7.9963194,80.6091578
7931617438,Bus_Stop,Unknown,7.9938778,80.6101857
7931617439,Bus_Stop,Unknown,7.99315,80.6106685
7931617440,Bus_Stop,Unknown,7.9887368,80.6120767
7931617441,Bus_Stop,Unknown,7.9879319,80.6125005
7931617442,Bus_Stop,Unknown,7.9844709,80.6136297
7931617443,Bus_Stop,Unknown,7.9835884,80.6142063
7931617444,Bus_Stop,Unknown,7.9782726,80.6180821
7931617445,Bus_Stop,Unknown,7.9773004,80.6187259
7931617446,Bus_Stop,Unknown,7.9742842,80.620134
7931617447,Bus_Stop,Unknown,7.9735478,80.6206249
7931617448,Bus_Stop,Unknown,7.9709612,80.621966
7931617449,Bus_Stop,Unknown,7.9702068,80.6224944
7931617450,Bus_Stop,Unknown,7.9651904,80.6248212
7931617451,Bus_Stop,Unknown,7.964521,80.6252289
7934073239,Bus_Stop,Unknown,8.1018158,80.5712668
7934073240,Bus_Stop,Unknown,8.1010165,80.571645
7934073241,Bus_Stop,Unknown,8.0963522,80.5731578
7934073242,Bus_Stop,Unknown,8.0955556,80.5735628
7934073243,Bus_Stop,Unknown,8.0934777,80.5741341
7934073244,Bus_Stop,Unknown,8.0923252,80.5746545
7934073245,Bus_Stop,Unknown,8.0863755,80.5759057
7934073246,Bus_Stop,Unknown,8.0852807,80.5761706
7934073248,Bus_Stop,Unknown,8.0804244,80.5774011
7934073249,Bus_Stop,Unknown,8.0794869,80.5779536
7934073250,Bus_Stop,Unknown,8.0770889,80.5789112
7934073251,Bus_Stop,Unknown,8.0763573,80.5793899
7934073252,Bus_Stop,Unknown,8.0739832,80.5804413
7934073253,Bus_Stop,Unknown,8.0727072,80.5808772
7934073254,Bus_Stop,Unknown,8.0719503,80.5813707
7934073255,Bus_Stop,Unknown,8.0691845,80.5822907
7934073256,Bus_Stop,Unknown,8.0683971,80.5827038
7934073257,Bus_Stop,Unknown,8.0649407,80.5837177
7934073258,Bus_Stop,Unknown,8.0641812,80.5841428
7934073259,Bus_Stop,Unknown,8.0626276,80.5845022
7934073260,Bus_Stop,Unknown,8.0618336,80.5849233
7934073261,Bus_Stop,Unknown,8.0604898,80.5852318
7934073262,Bus_Stop,Unknown,8.0598165,80.5856113
7934073263,Bus_Stop,Unknown,8.0581049,80.5860492
7950604220,Bus_Stop,Unknown,8.1186018,80.5655685
7950604221,Bus_Stop,Unknown,8.1180661,80.5658676
7950604230,Bus_Stop,Unknown,8.1137001,80.5672368
7950604231,Bus_Stop,Unknown,8.1128776,80.5676318
7950604245,Bus_Stop,Unknown,8.1065942,80.5696321
7950604246,Bus_Stop,Unknown,8.1058162,80.5700532
8003562937,Bus_Stop,Mahaiyawa,7.3073725,80.6358331
8003562938,Bus_Stop,Unknown,7.3080067,80.6370698
8003562939,Bus_Stop,Unknown,7.3078783,80.6377091
8003562940,Bus_Stop,Galkaduwa Bus Stop,7.3097849,80.6396416
8003562941,Bus_Stop,Maha Wanguwa Bus Stop,7.3082538,80.6422453
8003562942,Bus_Stop,Nilantha Stores Bus Stop,7.3099919,80.6425871
8003562943,Bus_Stop,Technical College Bus Stop,7.3105821,80.6456302
8003562944,Bus_Stop,Unknown,7.3098882,80.647839
8003562945,Bus_Stop,Unknown,7.3104035,80.6467314
8003562946,Bus_Stop,Unknown,7.3105571,80.643571
8003620717,Bus_Stop,Unknown,7.305296,80.6348273
8003620718,Bus_Stop,Trinity College Bus Stop,7.3005714,80.6363665
8003620719,Bus_Stop,Unknown,7.2973477,80.637335
8018165376,Bus_Stop,Unknown,8.1344087,80.5541678
8018165377,Bus_Stop,Unknown,8.1339666,80.5547136
8018188686,Bus_Stop,Unknown,8.1329403,80.5574548
8018188689,Bus_Stop,Unknown,8.132631,80.5588214
8018188716,Bus_Stop,Unknown,8.1266573,80.5628427
8018188717,Bus_Stop,Unknown,8.1266938,80.5630204
8018188718,Bus_Stop,Unknown,8.1229572,80.5642328
8018188719,Bus_Stop,Unknown,8.1240299,80.5637714
8018221674,Bus_Stop,Unknown,6.7771195,80.196339
8018248383,Bus_Stop,Unknown,8.1799896,80.5297074
8018248384,Bus_Stop,Unknown,8.1797148,80.5299032
8018254346,Bus_Stop,Unknown,6.779685,80.1487859
8018263785,Bus_Stop,Unknown,8.1760796,80.5319108
8018263786,Bus_Stop,Unknown,8.1754776,80.5322742
8018263787,Bus_Stop,Unknown,8.1723898,80.5335228
8018263788,Bus_Stop,Unknown,8.170915,80.5342618
8018263789,Bus_Stop,Unknown,8.1653156,80.5365832
8018263791,Bus_Stop,Unknown,8.1644394,80.5370848
8018263796,Bus_Stop,Unknown,8.1578018,80.5402015
8018263798,Bus_Stop,Unknown,8.1570571,80.5407272
8018263799,Bus_Stop,Unknown,8.1527625,80.5426705
8018263800,Bus_Stop,Unknown,8.1521093,80.5430889
8018263807,Bus_Stop,Unknown,8.1467805,80.5455498
8018263808,Bus_Stop,Unknown,8.1464752,80.5458114
8018263813,Bus_Stop,Unknown,8.1409564,80.5482294
8018263814,Bus_Stop,Unknown,8.1402262,80.5490836
8018280010,Bus_Stop,Unknown,6.7797345,80.1485583
8018281188,Bus_Stop,Unknown,6.8029199,80.2003468
8018765602,Bus_Stop,Unknown,8.2050207,80.5232312
8018765606,Bus_Stop,Unknown,8.2040942,80.5234055
8018765617,Bus_Stop,Unknown,8.1966754,80.5245817
8018765618,Bus_Stop,Unknown,8.1961498,80.5252415
8018765631,Bus_Stop,Unknown,8.1923945,80.5262554
8018765632,Bus_Stop,Unknown,8.1913153,80.526934
8021383659,Bus_Stop,Unknown,8.2128031,80.5229227
8021383662,Bus_Stop,Unknown,8.2119509,80.523077
8021872468,Bus_Stop,Unknown,8.2362168,80.5227336
8021872469,Bus_Stop,Unknown,8.2354603,80.5228557
8021872470,Bus_Stop,Unknown,8.2333499,80.5226625
8021872475,Bus_Stop,Unknown,8.2323956,80.522798
8021925688,Bus_Stop,Unknown,8.2240602,80.5226237
8021925692,Bus_Stop,Unknown,8.2231881,80.5227256
8021925699,Bus_Stop,Unknown,8.2207605,80.5225687
8021925702,Bus_Stop,Unknown,8.2199309,80.5227926
8021925703,Bus_Stop,Unknown,8.2174143,80.5228852
8021925704,Bus_Stop,Unknown,8.2181204,80.5226652
8024579937,Bus_Stop,Unknown,8.2613732,80.5087982
8024579942,Bus_Stop,Unknown,8.2607587,80.5094299
8024579945,Bus_Stop,Unknown,8.2557883,80.5130455
8024579946,Bus_Stop,Unknown,8.2551871,80.513649
8024579956,Bus_Stop,Unknown,8.2506613,80.5185045
8024579958,Bus_Stop,Unknown,8.2500295,80.5191596
8024599798,Bus_Stop,Unknown,8.2408105,80.5222253
8024599799,Bus_Stop,Unknown,8.2401363,80.5225486
8024954619,Bus_Stop,Unknown,8.2756004,80.500305
8024954620,Bus_Stop,Unknown,8.2748492,80.5001762
8024954633,Bus_Stop,Unknown,8.2734066,80.5002849
8024954637,Bus_Stop,Unknown,8.2701936,80.5018996
8024954640,Bus_Stop,Unknown,8.2691736,80.5029329
8025595556,Bus_Stop,Unknown,8.3122715,80.5009527
8025595557,Bus_Stop,Unknown,8.311539,80.5010667
8025595562,Bus_Stop,Unknown,8.3053577,80.5007932
8025595564,Bus_Stop,Unknown,8.3043943,80.500883
8025595572,Bus_Stop,Unknown,8.2976502,80.500643
8025595573,Bus_Stop,Unknown,8.2967849,80.5007429
8025595578,Bus_Stop,Unknown,8.2932562,80.5005464
8025595579,Bus_Stop,Unknown,8.2923485,80.500659
8025595584,Bus_Stop,Unknown,8.2829148,80.5003513
8025599185,Bus_Stop,Unknown,8.2819819,80.5004344
8027717567,Bus_Stop,Unknown,8.34313,80.5050136
8027717569,Bus_Stop,Unknown,8.3421565,80.5046162
8027717580,Bus_Stop,Unknown,8.3379524,80.5021597
8027717582,Bus_Stop,Unknown,8.3370355,80.5019385
8027869188,Bus_Stop,Unknown,8.3319599,80.5010346
8027869190,Bus_Stop,Unknown,8.3308838,80.5011258
8027869284,Bus_Stop,Unknown,8.3268684,80.5009527
8027869287,Bus_Stop,Unknown,8.3259926,80.501056
8027869297,Bus_Stop,Unknown,8.3210045,80.5010842
8027869299,Bus_Stop,Unknown,8.3197532,80.5011848
8032417753,Bus_Stop,Unknown,8.3551009,80.5101597
8033154797,Bus_Stop,Unknown,8.3699659,80.5099086
8033154798,Bus_Stop,Unknown,8.3690106,80.5101219
8033154799,Bus_Stop,Unknown,8.3675139,80.51015
8033154800,Bus_Stop,Unknown,8.3667484,80.5103405
8033154810,Bus_Stop,Unknown,8.3599997,80.5127284
8033154811,Bus_Stop,Unknown,8.3594335,80.5113396
8035415173,Bus_Stop,Unknown,8.3905762,80.5055715
8035415175,Bus_Stop,Unknown,8.3897576,80.5061831
8035428294,Bus_Stop,Unknown,8.3827562,80.5086869
8035428295,Bus_Stop,Unknown,8.38362,80.5081746
8035428300,Bus_Stop,Unknown,8.3778418,80.5090973
8035428302,Bus_Stop,Unknown,8.376787,80.5093239
8037453914,Bus_Stop,Unknown,8.4274965,80.5028893
8037453921,Bus_Stop,Unknown,8.4266661,80.503293
8037453934,Bus_Stop,Unknown,8.4177842,80.5027471
8037453935,Bus_Stop,Unknown,8.4167879,80.5029081
8037453944,Bus_Stop,Unknown,8.4092524,80.5031911
8037453946,Bus_Stop,Unknown,8.4082985,80.5033815
8037453947,Bus_Stop,Unknown,8.4059848,80.5033708
8037453948,Bus_Stop,Unknown,8.4045095,80.5035451
8037453956,Bus_Stop,Unknown,8.3936967,80.5040172
8037453958,Bus_Stop,Unknown,8.3926539,80.504449
8039729143,Bus_Stop,Unknown,8.4466459,80.5080808
8039729151,Bus_Stop,Unknown,8.4432287,80.5068389
8039729158,Bus_Stop,Unknown,8.4380351,80.5051638
8039729159,Bus_Stop,Unknown,8.4373625,80.5050726
8042169925,Bus_Stop,Unknown,8.4569624,80.5111411
8042169945,Bus_Stop,Unknown,8.4554952,80.5108595
8042169964,Bus_Stop,Unknown,8.4476037,80.5081893
8044081921,Bus_Stop,Unknown,8.4692644,80.5124702
8044081923,Bus_Stop,Unknown,8.467142,80.5126378
8044211731,Bus_Stop,Unknown,8.4948858,80.5119444
8044211733,Bus_Stop,Unknown,8.4937663,80.5119954
8044211736,Bus_Stop,Unknown,8.4899091,80.511125
8044211738,Bus_Stop,Unknown,8.488726,80.510952
8044211741,Bus_Stop,Unknown,8.4860944,80.5102412
8048254534,Bus_Stop,Unknown,8.5193132,80.5020994
8048254535,Bus_Stop,Unknown,8.5187501,80.5024333
8048254577,Bus_Stop,Unknown,8.5023984,80.5113906
8050970883,Bus_Stop,Unknown,8.5527227,80.4862542
8050985694,Bus_Stop,Unknown,8.549382,80.4877576
8050985697,Bus_Stop,Unknown,8.5485226,80.4883584
8058968274,Bus_Stop,Unknown,8.5713114,80.4772219
8062864920,Bus_Stop,Unknown,8.5994216,80.4717435
8062864921,Bus_Stop,Unknown,8.5990265,80.4718883
8065593514,Bus_Stop,Unknown,8.6127427,80.4704279
8065593515,Bus_Stop,Unknown,8.6116699,80.4706746
8071142221,Bus_Stop,Unknown,8.6483621,80.473959
8071142222,Bus_Stop,Unknown,8.6477589,80.4740086
8100897232,Bus_Stop,Unknown,8.6750865,80.4784906
8100897234,Bus_Stop,Unknown,8.6739954,80.47839
8100897255,Bus_Stop,Unknown,8.6615913,80.4759894
8100897256,Bus_Stop,Unknown,8.660886,80.4759653
8103531289,Bus_Stop,Huruluwewa Junction,8.223078,80.704338
8145673484,Bus_Stop,Unknown,8.6892559,80.4813807
8145673485,Bus_Stop,Unknown,8.6897173,80.4813418
8145673501,Bus_Stop,Unknown,8.6818458,80.479935
8146159943,Bus_Stop,Unknown,8.7092153,80.482184
8146159944,Bus_Stop,Unknown,8.7086625,80.4822631
8146159946,Bus_Stop,Unknown,8.7040599,80.4823959
8146159947,Bus_Stop,Unknown,8.7037444,80.4825273
8146159951,Bus_Stop,Unknown,8.6982693,80.4827714
8146159952,Bus_Stop,Unknown,8.6975641,80.4829176
8168240648,Bus_Stop,Unknown,8.7291087,80.4892007
8168240650,Bus_Stop,Unknown,8.7279912,80.4890116
8235674946,Bus_Stop,Loolkandura State,7.1274744,80.712786
8255246671,Bus_Stop,Unknown,8.7439892,80.494439
8255246673,Bus_Stop,Unknown,8.7435797,80.4944645
8269403448,Bus_Stop,Unknown,6.2569604,80.0386127
8288889566,Bus_Stop,Unknown,6.8942642,79.9251532
8319371309,Bus_Stop,Palm Garden Stop,6.7081188,80.3864762
8319371310,Bus_Stop,Palm Garden Stop,6.7072985,80.3868821
8408091725,Bus_Stop,Heanwala Junction,5.9606041,80.456246
8408091734,Bus_Stop,Unknown,5.949215,80.4558641
8421010095,Bus_Stop,Kuruwita Bus Stop,6.7772359,80.3660527
8449191340,Bus_Stop,Unknown,8.8786626,80.5051877
8456100880,Bus_Stop,Library,8.3271457,80.4064719
8491195735,Bus_Stop,Unknown,5.9971843,80.2810281
8516091987,Bus_Stop,Unknown,5.9936294,80.3080475
8522099115,Bus_Stop,Unknown,8.9656857,80.5255593
8522181717,Bus_Stop,Unknown,8.9642855,80.5253743
8522181726,Bus_Stop,Unknown,8.9597549,80.5237408
8522181728,Bus_Stop,Unknown,8.9589071,80.5235557
8522181737,Bus_Stop,Unknown,8.9553044,80.5222243
8522181738,Bus_Stop,Unknown,8.9545334,80.5220684
8522181746,Bus_Stop,Unknown,8.9415313,80.5179714
8522181748,Bus_Stop,Unknown,8.9402873,80.5175952
8524323781,Bus_Stop,Unknown,8.9821728,80.527508
8524323783,Bus_Stop,Unknown,8.981537,80.5273765
8524323796,Bus_Stop,Unknown,8.9720934,80.526938
8524323798,Bus_Stop,Unknown,8.9712634,80.5268636
8531780775,Bus_Stop,Unknown,8.9894319,80.5275992
8531780777,Bus_Stop,Unknown,8.9888093,80.5277628
8531907363,Bus_Stop,Unknown,9.0160017,80.5244221
8531907365,Bus_Stop,Unknown,9.014799,80.5246702
8531907375,Bus_Stop,Unknown,9.0076213,80.5254936
8531907377,Bus_Stop,Unknown,9.0069391,80.5256693
8531907410,Bus_Stop,Unknown,8.9976438,80.5264579
8531907412,Bus_Stop,Unknown,8.9970882,80.5266108
8543797092,Bus_Stop,Dikkumbura Galle Bus Stop,5.9944165,80.307821
8544327836,Bus_Stop,Unknown,9.0332732,80.5221181
8544327845,Bus_Stop,Unknown,9.0232097,80.5234625
8544327847,Bus_Stop,Unknown,9.0223534,80.5236644
8544473244,Bus_Stop,Unknown,9.0514922,80.5142847
8544473246,Bus_Stop,Unknown,9.0504843,80.5152355
8544473257,Bus_Stop,Unknown,9.0452813,80.5184253
8544473259,Bus_Stop,Unknown,9.0444906,80.5188377
8548481754,Bus_Stop,Unknown,9.0614171,80.5049157
8548481762,Bus_Stop,Unknown,9.0565898,80.5103137
8549561428,Bus_Stop,Moratuwa Express Bus Stand,6.7775175,79.8822431
8550525680,Bus_Stop,Rawatawatta,6.7869987,79.8846582
8551898107,Bus_Stop,Unknown,6.7904026,79.8859029
8551924668,Bus_Stop,Unknown,6.8080034,79.8838126
8551945231,Bus_Stop,Unknown,6.7997439,79.8882945
8551950688,Bus_Stop,Unknown,6.7938655,79.8872163
8551955236,Bus_Stop,German Tech Halt,6.8028482,79.8876012
8551956898,Bus_Stop,Soysa Flat Halt,6.8053276,79.8858722
8551976850,Bus_Stop,Unknown,6.810597,79.8823631
8551977064,Bus_Stop,Unknown,6.817339,79.8750765
8552319907,Bus_Stop,Unknown,6.8225851,79.8712851
8554784491,Bus_Stop,Unknown,9.0960146,80.4644211
8554784508,Bus_Stop,Unknown,9.0869129,80.4750708
8554789441,Bus_Stop,Unknown,9.0729681,80.4913665
8554789444,Bus_Stop,Unknown,9.0723483,80.4922758
8554789446,Bus_Stop,Unknown,9.0693023,80.4957117
8557668832,Bus_Stop,Unknown,6.8194095,79.8735358
8557817527,Bus_Stop,Mount Lavinia Police Station halt,6.8254423,79.8697525
8557817529,Bus_Stop,Mount Lavinia Junction,6.8331765,79.8673693
8557817530,Bus_Stop,Mount Lavinia Magistrate-court,6.8375622,79.867428
8557817531,Bus_Stop,Hotel Road halt,6.8407604,79.867214
8557817532,Bus_Stop,Waydya Road halt,6.8575069,79.8648665
8557817533,Bus_Stop,Willium Junction,6.8606225,79.8641387
8557846017,Bus_Stop,Roxi film hall halt,6.8651652,79.863177
8557846018,Bus_Stop,Wellawatte Arpico halt,6.8683204,79.8624659
8557849262,Bus_Stop,Wellawatte Market,6.8741109,79.8613657
8557849263,Bus_Stop,Savoy film hall halt,6.8765794,79.860611
8557885084,Bus_Stop,Kollupitiya Junction halt,6.9101524,79.8500587
8557904482,Bus_Stop,Bambalapitiya Cargills Bank halt,6.8971163,79.8543228
8557904483,Bus_Stop,Kollupitiya Marino Mall halt,6.9006474,79.8532054
8557906260,Bus_Stop,Bambalapitiya flats halt,6.8840616,79.8584362
8557906261,Bus_Stop,Bambalapitiya Milagiriya halt,6.8892655,79.8568968
8557906262,Bus_Stop,Bambalapitiya Junction,6.893302,79.8555889
8557912076,Bus_Stop,Galadari Hotel halt,6.931527,79.8451236
8557927573,Bus_Stop,Galle face halt 1,6.9216076,79.8462335
8557927574,Bus_Stop,Galle Face Halt 2,6.9255892,79.8447457
8557928900,Bus_Stop,Kollupitiya Vogue Jewellers halt,6.9027987,79.8525133
8557935130,Bus_Stop,Kollupitiya Crescat halt,6.9170186,79.8477979
8557935436,Bus_Stop,Kollupitiya ACBT halt,6.9051245,79.8517288
8557962578,Bus_Stop,President's Office Halt,6.9309075,79.8422325
8558161645,Bus_Stop,Unknown,9.1051855,80.458547
8558224925,Bus_Stop,Unknown,9.1249315,80.448887
8558224928,Bus_Stop,Unknown,9.1242092,80.4492961
8558224933,Bus_Stop,Unknown,9.1195813,80.4514539
8558224944,Bus_Stop,Unknown,9.1090647,80.4565461
8558224947,Bus_Stop,Unknown,9.1081695,80.457104
8558224951,Bus_Stop,Unknown,9.1059343,80.4580743
8560636964,Bus_Stop,Unknown,6.9026334,79.9200838
8560758681,Bus_Stop,Unknown,9.1464659,80.4380938
8560758688,Bus_Stop,Unknown,9.1401845,80.4412307
8560758697,Bus_Stop,Unknown,9.1347399,80.4439518
8560758700,Bus_Stop,Unknown,9.1338209,80.4445714
8560758708,Bus_Stop,Unknown,9.1284861,80.4472455
8560758711,Bus_Stop,Unknown,9.1269634,80.447904
8562603693,Bus_Stop,Golumadama halt,6.8080465,79.8839023
8568720992,Bus_Stop,Unknown,9.176232,80.4229823
8568720995,Bus_Stop,Unknown,9.1756746,80.4234208
8568720997,Bus_Stop,Unknown,9.170114,80.426107
8569317190,Bus_Stop,Unknown,9.2092284,80.4186974
8569317192,Bus_Stop,Unknown,9.2087174,80.4189067
8569317208,Bus_Stop,Unknown,9.1866486,80.4216626
8569317210,Bus_Stop,Unknown,9.1857152,80.4219121
8570714840,Bus_Stop,Belek kade,6.8144994,79.8789856
8570788949,Bus_Stop,Golumadama Sathosa,6.8105979,79.8824371
8570801612,Bus_Stop,Unknown,6.8226593,79.8714131
8570801613,Bus_Stop,Dharmarama Temple Road halt,6.8225983,79.8713361
8570801614,Bus_Stop,Maliban Junction,6.8194686,79.873627
8570801615,Bus_Stop,vijitha film hall halt,6.8173828,79.8751325
8572205189,Bus_Stop,Mallika Bekeriya halt,6.799306,79.8884318
8572280708,Bus_Stop,Dehiwala Junction,6.8518203,79.8658814
8572366312,Bus_Stop,Kollupitiya Crescat halt,6.9174392,79.8477299
8572386982,Bus_Stop,President's Office Halt,6.9296444,79.8427211
8572391911,Bus_Stop,Galle face halt 1,6.9200288,79.8468512
8572403327,Bus_Stop,Unknown,6.9133187,79.8490755
8572403328,Bus_Stop,Liberty plaze,6.9099082,79.8522311
8583498558,Bus_Stop,Unknown,9.2730081,80.4102404
8583498564,Bus_Stop,Unknown,9.2722193,80.4103967
8583498591,Bus_Stop,Unknown,9.232037,80.4156625
8583498593,Bus_Stop,Unknown,9.2312851,80.4158704
8599477518,Bus_Stop,Unknown,9.3429615,80.4092822
8599477527,Bus_Stop,Unknown,9.3369338,80.4092172
8599477531,Bus_Stop,Unknown,9.3359876,80.4093204
8599477537,Bus_Stop,Unknown,9.3343705,80.4092474
8599477540,Bus_Stop,Unknown,9.3332251,80.4093385
8599477554,Bus_Stop,Unknown,9.3239648,80.4093325
8599477563,Bus_Stop,Unknown,9.3230226,80.4094398
8599477571,Bus_Stop,Unknown,9.3195063,80.4093915
8599477577,Bus_Stop,Unknown,9.318302,80.4095089
8599477588,Bus_Stop,Unknown,9.3135893,80.4094867
8599477592,Bus_Stop,Unknown,9.3129991,80.4096262
8599477595,Bus_Stop,Unknown,9.3046449,80.4100876
8599477596,Bus_Stop,Unknown,9.2994456,80.4097188
8599477597,Bus_Stop,Unknown,9.2986012,80.4098247
8607302397,Bus_Stop,Unknown,9.3546277,80.4089121
8607302401,Bus_Stop,Unknown,9.3535823,80.4090321
8607302407,Bus_Stop,Unknown,9.3494007,80.4090308
8607302409,Bus_Stop,Unknown,9.3486861,80.4091689
8617006903,Bus_Stop,Unknown,9.3649662,80.4086579
8617006910,Bus_Stop,Unknown,9.3640327,80.4087679
8617006913,Bus_Stop,Unknown,9.3580853,80.4088175
8617006915,Bus_Stop,Unknown,9.3575124,80.408949
8617092122,Bus_Stop,Unknown,9.3811582,80.4084333
8617092129,Bus_Stop,Unknown,9.3802181,80.4085265
8617092131,Bus_Stop,Unknown,9.3785623,80.4106432
8617092138,Bus_Stop,Unknown,9.3779005,80.4085701
8617092146,Bus_Stop,Unknown,9.3727375,80.4085513
8617092154,Bus_Stop,Unknown,9.3718079,80.4086207
8626980731,Bus_Stop,Unknown,9.3848862,80.4083589
8626980734,Bus_Stop,Unknown,9.3839249,80.4084823
8629532371,Bus_Stop,Unknown,9.4268998,80.4077071
8629532373,Bus_Stop,Unknown,9.4262978,80.4077956
8629532379,Bus_Stop,Unknown,9.4183782,80.4077741
8629532381,Bus_Stop,Unknown,9.4174839,80.4078855
8629532384,Bus_Stop,Unknown,9.4097547,80.407919
8640059917,Bus_Stop,Unknown,9.4543336,80.4074
8654798547,Bus_Stop,Unknown,9.5664961,80.3936952
8654798550,Bus_Stop,Unknown,9.5661807,80.3946602
8654798568,Bus_Stop,Unknown,9.5628766,80.400034
8670509686,Bus_Stop,Unknown,7.3415024,80.0307417
8671209496,Bus_Stop,Unknown,9.5777937,80.3726386
8671209497,Bus_Stop,Unknown,9.5775662,80.3741607
8671209499,Bus_Stop,Unknown,9.5759284,80.376389
8671209506,Bus_Stop,Unknown,9.5756117,80.3774209
8678116399,Bus_Stop,Unknown,7.2790141,80.6793614
8688682710,Bus_Stop,Unknown,9.5943565,80.3477664
8688737840,Bus_Stop,Unknown,9.5826085,80.3653067
8688737847,Bus_Stop,Unknown,9.5818614,80.3659424
8690513240,Bus_Stop,Unknown,9.6140046,80.3242059
8690513267,Bus_Stop,Unknown,9.6041946,80.336583
8690513270,Bus_Stop,Unknown,9.6037556,80.3372777
8710630400,Bus_Stop,Unknown,9.6535646,80.2791998
8710630404,Bus_Stop,Unknown,9.653086,80.2800702
8710649339,Bus_Stop,Unknown,9.6438767,80.2892138
8710649341,Bus_Stop,Unknown,9.6432625,80.2899199
8710649367,Bus_Stop,Unknown,9.6392385,80.2939425
8710649383,Bus_Stop,Unknown,9.6284865,80.3053252
8710649391,Bus_Stop,Unknown,9.6278161,80.3062405
8710649398,Bus_Stop,Unknown,9.6178193,80.3191084
8710649401,Bus_Stop,Unknown,9.6173817,80.3198393
8722729412,Bus_Stop,Unknown,9.6730943,80.2471179
8722729415,Bus_Stop,Unknown,9.6724875,80.2479668
8722755429,Bus_Stop,Unknown,9.6660564,80.2578641
8722755436,Bus_Stop,Unknown,9.6655956,80.2587144
8722755442,Bus_Stop,Unknown,9.664298,80.2606463
8722755445,Bus_Stop,Unknown,9.6638485,80.2614778
8722755461,Bus_Stop,Unknown,9.6567509,80.2732889
8722755463,Bus_Stop,Unknown,9.6563648,80.274168
8731278297,Bus_Stop,Unknown,9.6758223,80.1927267
8731278299,Bus_Stop,Unknown,9.6759862,80.1931652
8731278309,Bus_Stop,Unknown,9.6778338,80.1967353
8731278316,Bus_Stop,Unknown,9.6780916,80.198358
8731291619,Bus_Stop,Unknown,9.6778562,80.1974313
8731291629,Bus_Stop,Unknown,9.6786825,80.202329
8731291647,Bus_Stop,Unknown,9.6819155,80.2215068
8731291736,Bus_Stop,Unknown,9.6778324,80.2354677
8731291738,Bus_Stop,Unknown,9.6775132,80.2363615
8733365679,Bus_Stop,Unknown,9.6660464,80.1758549
8733365691,Bus_Stop,Unknown,9.6676673,80.1786505
8733365697,Bus_Stop,Unknown,9.6680375,80.1791279
8733365703,Bus_Stop,Unknown,9.6719296,80.1861063
8733365710,Bus_Stop,Unknown,9.6725285,80.1869559
8733368520,Bus_Stop,Unknown,9.6737024,80.189038
8733368523,Bus_Stop,Unknown,9.6741955,80.189846
8734759767,Bus_Stop,Unknown,9.6697118,80.0943641
8734759769,Bus_Stop,Unknown,9.6693912,80.0935239
8734759772,Bus_Stop,Unknown,9.6687487,80.0906633
8734759775,Bus_Stop,Unknown,9.6685293,80.0901161
8734759807,Bus_Stop,Unknown,9.6625786,80.0797346
8736078648,Bus_Stop,Unknown,9.6689761,80.1221383
8736078651,Bus_Stop,Unknown,9.6690859,80.1212271
8736078667,Bus_Stop,Unknown,9.6705732,80.1087736
8736078668,Bus_Stop,Unknown,9.6703867,80.1079796
8736078685,Bus_Stop,Unknown,9.6713955,80.0981319
8736078692,Bus_Stop,Unknown,9.670552,80.0962074
8736860003,Bus_Stop,Unknown,9.6614919,80.1531628
8736860009,Bus_Stop,Unknown,9.6616135,80.1522951
8736876344,Bus_Stop,Unknown,9.6642193,80.1413691
8736876350,Bus_Stop,Unknown,9.664375,80.1404437
8736876380,Bus_Stop,Unknown,9.6656683,80.135369
8736876382,Bus_Stop,Unknown,9.6657199,80.1347239
8736876384,Bus_Stop,Unknown,9.6664298,80.1322952
8736876387,Bus_Stop,Unknown,9.6665581,80.1314074
8738567833,Bus_Stop,Unknown,8.5688634,81.2299336
8738567834,Bus_Stop,Unknown,8.5684934,81.2305874
8738776626,Bus_Stop,Unknown,8.5790858,81.2237638
8738776637,Bus_Stop,Unknown,8.5750272,81.2262207
8738776646,Bus_Stop,Unknown,8.5719692,81.2286672
8738776657,Bus_Stop,Unknown,8.5711762,81.2291172
8739751723,Bus_Stop,Unknown,8.5871252,81.2139134
8739751725,Bus_Stop,Unknown,8.5872856,81.2143064
8739751734,Bus_Stop,Unknown,8.5859397,81.2164669
8739751736,Bus_Stop,Unknown,8.5858163,81.2167733
8739751738,Bus_Stop,Unknown,8.5848443,81.2191994
8739751754,Bus_Stop,Unknown,8.5843815,81.2200141
8740229687,Bus_Stop,Unknown,8.5861744,81.2094408
8740229689,Bus_Stop,Unknown,8.58613,81.2098646
8740229697,Bus_Stop,Unknown,8.5866027,81.2114478
8740229699,Bus_Stop,Unknown,8.5866312,81.2118883
8753261664,Bus_Stop,Unknown,8.5881847,81.1966789
8753261667,Bus_Stop,Unknown,8.5875515,81.1976498
8753261683,Bus_Stop,Unknown,8.5873214,81.1983908
8753261687,Bus_Stop,Unknown,8.5873095,81.2009355
8753261698,Bus_Stop,Unknown,8.5879646,81.2019816
8756192526,Bus_Stop,Unknown,8.58222,81.1895261
8756192532,Bus_Stop,Unknown,8.5833412,81.1905038
8756192550,Bus_Stop,Unknown,8.5863415,81.1925966
8756192563,Bus_Stop,Unknown,8.5875117,81.1933912
8756192572,Bus_Stop,Unknown,8.5881462,81.1940302
8758656418,Bus_Stop,Unknown,8.5755245,81.1836313
8758656420,Bus_Stop,Unknown,8.5758958,81.1841939
8758656428,Bus_Stop,Unknown,8.5780537,81.1863262
8758656435,Bus_Stop,Unknown,8.5789731,81.1869223
8758656441,Bus_Stop,Unknown,8.5814204,81.1889689
8760893215,Bus_Stop,Unknown,8.5729174,81.178576
8760898419,Bus_Stop,Unknown,8.5731614,81.1792646
8761117542,Bus_Stop,Unknown,8.5673735,81.1679792
8761117549,Bus_Stop,Unknown,8.5678416,81.1687115
8761117561,Bus_Stop,Unknown,8.5690332,81.1711241
8761117568,Bus_Stop,Unknown,8.5695358,81.171853
8761117603,Bus_Stop,Unknown,8.5711848,81.1750951
8761640874,Bus_Stop,Unknown,8.5617161,81.1485356
8761640882,Bus_Stop,Unknown,8.5617818,81.1495176
8761640884,Bus_Stop,Unknown,8.5621763,81.1530601
8761640886,Bus_Stop,Unknown,8.5623454,81.1540505
8761640893,Bus_Stop,Unknown,8.5634594,81.1577976
8761640896,Bus_Stop,Unknown,8.5639739,81.1585553
8761640902,Bus_Stop,Unknown,8.5648213,81.1628944
8761640909,Bus_Stop,Unknown,8.565196,81.1637186
8761663017,Bus_Stop,Unknown,8.56666,81.1666455
8763939808,Bus_Stop,Unknown,8.5595525,81.1410331
8763939815,Bus_Stop,Unknown,8.5599954,81.1418304
8771443531,Bus_Stop,Unknown,7.2052089,79.8408638
8778469039,Bus_Stop,Unknown,8.5405375,81.1174679
8778469045,Bus_Stop,Unknown,8.5412835,81.1179929
8778469088,Bus_Stop,Unknown,8.5470678,81.1242887
8778469092,Bus_Stop,Unknown,8.5479921,81.1253791
8778472240,Bus_Stop,Unknown,8.5531497,81.132672
8778472245,Bus_Stop,Unknown,8.5537014,81.1332098
8778578307,Bus_Stop,Unknown,8.5168117,81.1046147
8778578311,Bus_Stop,Unknown,8.5181951,81.1045732
8778586425,Bus_Stop,Unknown,8.5278061,81.1089834
8778586430,Bus_Stop,Unknown,8.5286887,81.1093837
8778586470,Bus_Stop,Unknown,8.5370746,81.1146073
8778586473,Bus_Stop,Unknown,8.5379559,81.1150348
8779283927,Bus_Stop,Unknown,8.493883,81.0914075
8779283939,Bus_Stop,Unknown,8.4999313,81.0945001
8779283943,Bus_Stop,Unknown,8.5008492,81.0949494
8779283951,Bus_Stop,Unknown,8.5047248,81.0975129
8779283958,Bus_Stop,Unknown,8.5053422,81.0977805
8779283961,Bus_Stop,Unknown,8.507235,81.099074
8779283964,Bus_Stop,Unknown,8.5081117,81.0995199
8779283971,Bus_Stop,Unknown,8.5099705,81.1008261
8779283974,Bus_Stop,Unknown,8.5108738,81.1012888
8779295139,Bus_Stop,Unknown,8.4829521,81.0844747
8779295146,Bus_Stop,Unknown,8.4835861,81.0848482
8779295149,Bus_Stop,Unknown,8.4854239,81.0861786
8779295153,Bus_Stop,Unknown,8.4869605,81.0870637
8779295162,Bus_Stop,Unknown,8.4886106,81.0882492
8779295165,Bus_Stop,Unknown,8.4894124,81.0886509
8779295175,Bus_Stop,Unknown,8.4928988,81.0909864
8780730952,Bus_Stop,Unknown,7.0000752,80.0970243
8794400428,Bus_Stop,Unknown,8.4680486,81.0729741
8794400431,Bus_Stop,Unknown,8.4686429,81.0735179
8794400439,Bus_Stop,Unknown,8.4710398,81.0753559
8794400441,Bus_Stop,Unknown,8.4717475,81.0758091
8794400462,Bus_Stop,Unknown,8.4776761,81.0804675
8794400469,Bus_Stop,Unknown,8.478415,81.0809456
8794793852,Bus_Stop,Unknown,8.4612334,81.0678132
8794793856,Bus_Stop,Unknown,8.4624817,81.068701
8794793860,Bus_Stop,Unknown,8.464804,81.070554
8794793863,Bus_Stop,Unknown,8.4653711,81.0709088
8798338812,Bus_Stop,Unknown,8.454637,81.0626509
8798338815,Bus_Stop,Unknown,8.4550936,81.0631019
8798349742,Bus_Stop,Unknown,8.4576343,81.0651863
8798349745,Bus_Stop,Unknown,8.4582511,81.0655658
8805078323,Bus_Stop,Unknown,8.4399586,81.0514909
8805078336,Bus_Stop,Unknown,8.4434853,81.0542214
8805078340,Bus_Stop,Unknown,8.4441068,81.0545855
8805078344,Bus_Stop,Unknown,8.445765,81.0558495
8805078347,Bus_Stop,Unknown,8.4460702,81.0561807
8805078353,Bus_Stop,Unknown,8.4482424,81.0578591
8805078356,Bus_Stop,Unknown,8.4487916,81.0581696
8805078363,Bus_Stop,Unknown,8.4499404,81.0591587
8805078366,Bus_Stop,Unknown,8.4509963,81.0598728
8808869522,Bus_Stop,Unknown,8.4247159,81.0397804
8808869529,Bus_Stop,Unknown,8.4254801,81.04029
8808869541,Bus_Stop,Unknown,8.4283383,81.0426416
8808869543,Bus_Stop,Unknown,8.4296258,81.0435261
8808869556,Bus_Stop,Unknown,8.4336242,81.046683
8808869560,Bus_Stop,Unknown,8.4344798,81.0472275
8808869566,Bus_Stop,Unknown,8.4375575,81.0496777
8808869573,Bus_Stop,Unknown,8.4393245,81.0508928
8809118240,Bus_Stop,Unknown,8.4133193,81.0309707
8809118242,Bus_Stop,Unknown,8.4141478,81.0314233
8809118254,Bus_Stop,Unknown,8.4158155,81.0325371
8809118260,Bus_Stop,Unknown,8.4165683,81.0329508
8809118268,Bus_Stop,Unknown,8.4191324,81.0352293
8809118273,Bus_Stop,Unknown,8.4197822,81.0356618
8809118277,Bus_Stop,Unknown,8.4224447,81.0379075
8809118279,Bus_Stop,Unknown,8.4230391,81.038331
8810843007,Bus_Stop,Unknown,8.3950135,81.0193232
8810843010,Bus_Stop,Unknown,8.3957651,81.0196893
8810843014,Bus_Stop,Unknown,8.3969787,81.0206767
8810861519,Bus_Stop,Unknown,8.3977074,81.021365
8810861532,Bus_Stop,Unknown,8.400928,81.023946
8810861536,Bus_Stop,Unknown,8.4016365,81.0242417
8810861546,Bus_Stop,Unknown,8.4031947,81.0252006
8810861551,Bus_Stop,Unknown,8.4041287,81.025615
8810861566,Bus_Stop,Unknown,8.4079635,81.0277721
8810861569,Bus_Stop,Unknown,8.4089343,81.0282227
8816699454,Bus_Stop,Unknown,8.3879555,81.0140872
8816699457,Bus_Stop,Unknown,8.3888116,81.014691
8816699474,Bus_Stop,Unknown,8.3913367,81.01687
8816699477,Bus_Stop,Unknown,8.3920668,81.017335
8816791141,Bus_Stop,Unknown,8.3797265,81.0100917
8816791143,Bus_Stop,Unknown,8.3804874,81.0105222
8816791149,Bus_Stop,Unknown,8.3821346,81.011291
8816791154,Bus_Stop,Unknown,8.3829795,81.0114757
8816791159,Bus_Stop,Unknown,8.38469,81.0121027
8816791162,Bus_Stop,Unknown,8.3857846,81.0124205
8816814733,Bus_Stop,Unknown,8.3749249,81.0071801
8816814739,Bus_Stop,Unknown,8.3758967,81.0073035
8816814742,Bus_Stop,Unknown,8.3776833,81.0080941
8816814746,Bus_Stop,Unknown,8.3783792,81.0084743
8817388641,Bus_Stop,Unknown,8.3670947,81.0036195
8817388647,Bus_Stop,Unknown,8.370551,81.0051048
8817388651,Bus_Stop,Unknown,8.3714526,81.005433
8817388661,Bus_Stop,Unknown,8.3720822,81.0058793
8817388663,Bus_Stop,Unknown,8.372584,81.0061086
8819918292,Bus_Stop,Unknown,8.3517914,80.9831167
8820341825,Bus_Stop,Unknown,8.3440058,80.98196
8820341831,Bus_Stop,Unknown,8.3457746,80.9828304
8820341841,Bus_Stop,Unknown,8.3479985,80.9842855
8820341842,Bus_Stop,Unknown,8.3484363,80.9841406
8820341858,Bus_Stop,Unknown,8.3506629,80.9847468
8823538671,Bus_Stop,Unknown,8.3306357,80.9761409
8823538675,Bus_Stop,Unknown,8.33194,80.97644
8823538707,Bus_Stop,Unknown,8.3396462,80.9785771
8823538709,Bus_Stop,Unknown,8.3400602,80.9787688
8823991138,Bus_Stop,Unknown,8.3206462,80.9687099
8823991143,Bus_Stop,Unknown,8.3212696,80.9690716
8824688306,Bus_Stop,Unknown,8.2905742,80.9374675
8824688308,Bus_Stop,Unknown,8.2911687,80.9383365
8829610562,Bus_Stop,Unknown,8.2264613,80.891477
8829610565,Bus_Stop,Unknown,8.2269982,80.8919276
8829610574,Bus_Stop,Unknown,8.2299647,80.8949243
8831516964,Bus_Stop,Unknown,7.890182,80.6594606
8835138385,Bus_Stop,Unknown,7.9075359,80.6738647
8835138404,Bus_Stop,Unknown,7.8996016,80.6676145
8835162019,Bus_Stop,Unknown,7.8904238,80.6605241
8838070162,Bus_Stop,Unknown,7.9146658,80.6784057
8838070164,Bus_Stop,Unknown,7.9137712,80.6779517
8838070172,Bus_Stop,Unknown,7.9085428,80.6744541
8841834412,Bus_Stop,Unknown,7.9222701,80.6823174
8841834415,Bus_Stop,Unknown,7.9214595,80.6817652
8849885796,Bus_Stop,Unknown,7.9861124,80.721433
8849885799,Bus_Stop,Unknown,7.9847332,80.720625
8849885814,Bus_Stop,Unknown,7.9782328,80.7163945
8849922417,Bus_Stop,Unknown,7.9773867,80.7159707
8856359942,Bus_Stop,Unknown,8.0013508,80.7341561
8856359945,Bus_Stop,Unknown,8.0008607,80.7334091
8857739173,Bus_Stop,Unknown,8.0214104,80.7459296
8857739175,Bus_Stop,Unknown,8.0208912,80.7458103
8857739186,Bus_Stop,Unknown,8.0152795,80.7438606
8857739192,Bus_Stop,Unknown,8.0149205,80.743637
8867683015,Bus_Stop,Unknown,8.0293371,80.7492408
8869413208,Bus_Stop,Unknown,8.0471897,80.7608092
8869413214,Bus_Stop,Unknown,8.0463186,80.7600541
8869442834,Bus_Stop,Unknown,8.0387296,80.754974
8869442842,Bus_Stop,Unknown,8.0350805,80.7526633
8871463772,Bus_Stop,Unknown,8.0578155,80.7701017
8871463774,Bus_Stop,Unknown,8.0568036,80.7695867
8871463783,Bus_Stop,Unknown,8.0500381,80.7638528
8871463786,Bus_Stop,Unknown,8.0494146,80.7633519
8962420003,Bus_Stop,Unknown,6.7099056,80.1942623
9102029934,Bus_Stop,Unknown,7.9450921,81.5036523
9102029941,Bus_Stop,Unknown,7.9452554,81.5047534
9102101767,Bus_Stop,Unknown,7.9450854,81.4958163
9102101770,Bus_Stop,Unknown,7.9451611,81.4965914
9116287152,Bus_Stop,Unknown,7.9651997,81.3569966
9116287155,Bus_Stop,Unknown,7.9653099,81.3575833
9116287176,Bus_Stop,Unknown,7.9660012,81.3694239
9116287183,Bus_Stop,Unknown,7.965982,81.3704337
9117901519,Bus_Stop,Unknown,7.9641604,81.3390318
9117901521,Bus_Stop,Unknown,7.9642879,81.3399853
9120200861,Bus_Stop,Unknown,7.963485,81.3160023
9120200863,Bus_Stop,Unknown,7.9635833,81.3167057
9121771919,Bus_Stop,Unknown,7.9633934,81.2988348
9121771921,Bus_Stop,Unknown,7.9634638,81.2991044
9122069375,Bus_Stop,Unknown,7.9556965,81.2716681
9122069377,Bus_Stop,Unknown,7.9559396,81.2720811
9122069379,Bus_Stop,Unknown,7.9572047,81.2753715
9122069382,Bus_Stop,Unknown,7.9575321,81.2758195
9122995117,Bus_Stop,Unknown,7.945031,81.244272
9122995119,Bus_Stop,Unknown,7.9453165,81.2447843
9123875540,Bus_Stop,Unknown,7.9398429,81.2280808
9123875545,Bus_Stop,Unknown,7.9400414,81.2287447
9123875549,Bus_Stop,Unknown,7.9405721,81.2319204
9123875551,Bus_Stop,Unknown,7.9407461,81.2323616
9125982939,Bus_Stop,Unknown,7.9337581,81.210684
9125982946,Bus_Stop,Unknown,7.9341639,81.211191
9126356222,Bus_Stop,Unknown,7.9206685,81.1799003
9126356237,Bus_Stop,Unknown,7.9218142,81.1838955
9126356239,Bus_Stop,Unknown,7.9220506,81.1843568
9128961913,Bus_Stop,Unknown,7.9101209,81.150907
9128961915,Bus_Stop,Unknown,7.9104291,81.1511578
9129704709,Bus_Stop,Unknown,7.9058602,81.1252201
9129704712,Bus_Stop,Unknown,7.9057413,81.1260805
9131306590,Bus_Stop,Unknown,7.2651413,80.5887851
9131325793,Bus_Stop,Unknown,7.9072078,81.1191684
9131325800,Bus_Stop,Unknown,7.9071667,81.1197162
9131345978,Bus_Stop,Peradeniya,7.2647459,80.5928729
9134669445,Bus_Stop,Unknown,7.9092535,81.1099349
9134669447,Bus_Stop,Unknown,7.9092781,81.1101944
9134669453,Bus_Stop,Unknown,7.9087959,81.1119814
9134669456,Bus_Stop,Unknown,7.908675,81.112951
9154785345,Bus_Stop,Unknown,7.9053707,81.0587181
9154785346,Bus_Stop,Unknown,7.9057413,81.0582601
9156325060,Bus_Stop,Unknown,7.9146492,81.0486672
9156325062,Bus_Stop,Unknown,7.9148936,81.0483058
9156334104,Bus_Stop,Unknown,7.9134882,81.0499265
9156334111,Bus_Stop,Unknown,7.9096826,81.0539679
9156334117,Bus_Stop,Unknown,7.9090396,81.0544789
9160117420,Bus_Stop,Unknown,7.921685,81.041101
9160117421,Bus_Stop,Unknown,7.9219563,81.0407473
9162012507,Bus_Stop,Unknown,7.9350758,81.029706
9162012508,Bus_Stop,Unknown,7.9350346,81.0292473
9165730190,Bus_Stop,Unknown,7.938613,81.0210827
9165730192,Bus_Stop,Unknown,7.9384555,81.0217888
9213979965,Bus_Stop,Unknown,6.6843352,80.0411158
9214005269,Bus_Stop,Unknown,6.8064918,80.1816649
9243218758,Bus_Stop,Unknown,6.8984473,79.8560722
9271248750,Bus_Stop,Galaha Group,7.2026984,80.6631909
9282370185,Bus_Stop,Delwala,6.5228103,80.4739441
9290775488,Bus_Stop,Unknown,6.8590516,80.1740227
9319210201,Bus_Stop,Unknown,9.6619242,80.082506
9370127632,Bus_Stop,Unknown,6.8690379,79.9412124
9378710317,Bus_Stop,Lavanga Hotel,6.1158133,80.1197668
9378864418,Bus_Stop,Unknown,6.505523,79.9808324
9378876217,Bus_Stop,Unknown,6.5281162,79.9783446
9378879318,Bus_Stop,Unknown,6.5391774,79.9751204
9378899418,Bus_Stop,Unknown,6.6342488,79.9411502
9378902426,Bus_Stop,Unknown,6.6156209,79.9483128
9378904119,Bus_Stop,Unknown,6.5629357,79.9683593
9378905118,Bus_Stop,Unknown,6.5661743,79.9673229
9378906721,Bus_Stop,Unknown,6.6068004,79.9533287
9378906722,Bus_Stop,Unknown,6.6260703,79.943947
9378911719,Bus_Stop,Unknown,6.6198219,79.9468143
9378913318,Bus_Stop,Unknown,6.6378876,79.9396686
9378944018,Bus_Stop,Unknown,6.652262,79.9352135
9378961317,Bus_Stop,Unknown,6.6818851,79.9210641
9378961318,Bus_Stop,Unknown,6.7050951,79.9092789
9378961417,Bus_Stop,Unknown,6.6846607,79.9197763
9378962618,Bus_Stop,Unknown,6.7115857,79.9073868
9378966017,Bus_Stop,Unknown,6.7014506,79.9111581
9379014217,Bus_Stop,Unknown,6.7757513,79.8822924
9380049329,Bus_Stop,Unknown,9.3657826,80.1751408
9380049332,Bus_Stop,Unknown,9.3648326,80.1748551
9381516886,Bus_Stop,Unknown,9.4385128,80.1995308
9381516889,Bus_Stop,Unknown,9.4372811,80.199443
9381520933,Bus_Stop,Unknown,9.4072144,80.1923043
9381520936,Bus_Stop,Unknown,9.4059283,80.191924
9381544997,Bus_Stop,Unknown,9.4488819,80.2009785
9381545007,Bus_Stop,Unknown,9.4475815,80.2007438
9382631986,Bus_Stop,Unknown,9.4898857,80.2087549
9382631989,Bus_Stop,Unknown,9.488682,80.2084706
9382632001,Bus_Stop,Unknown,9.4776315,80.20642
9382632012,Bus_Stop,Unknown,9.4762941,80.2061706
9382632014,Bus_Stop,Unknown,9.4745507,80.2059259
9382637918,Bus_Stop,Unknown,9.4733734,80.2056268
9382637920,Bus_Stop,Unknown,9.4726379,80.2055772
9382637924,Bus_Stop,Unknown,9.4692144,80.2049951
9382637931,Bus_Stop,Unknown,9.4681495,80.2047269
9383320662,Bus_Stop,Unknown,9.5071207,80.2092706
9383321432,Bus_Stop,Unknown,9.505007,80.2114505
9383321434,Bus_Stop,Unknown,9.5047511,80.211586
9383321449,Bus_Stop,Unknown,9.5037174,80.2117597
9383321456,Bus_Stop,Unknown,9.5033398,80.2114747
9383321461,Bus_Stop,Unknown,9.5011514,80.2108933
9383321473,Bus_Stop,Unknown,9.4999027,80.2107444
9383321488,Bus_Stop,Unknown,9.4932283,80.2093685
9383321491,Bus_Stop,Unknown,9.4920444,80.2090774
9383845432,Bus_Stop,Unknown,9.5203473,80.2015398
9383845438,Bus_Stop,Unknown,9.5199016,80.2018502
9383845448,Bus_Stop,Unknown,9.5141236,80.2042032
9383845451,Bus_Stop,Unknown,9.5129755,80.2045673
9383845497,Bus_Stop,Unknown,9.5079712,80.2086054
9396691953,Bus_Stop,Unknown,9.537545,80.1905514
9396691958,Bus_Stop,Unknown,9.5366669,80.1900941
9396691968,Bus_Stop,Unknown,9.5344119,80.1898708
9396691970,Bus_Stop,Unknown,9.5331726,80.1903677
9396691978,Bus_Stop,Unknown,9.5306941,80.1929654
9396691980,Bus_Stop,Unknown,9.5301836,80.1939136
9397659711,Bus_Stop,Unknown,9.6144429,80.1654614
9397659713,Bus_Stop,Unknown,9.6138459,80.1667133
9399198113,Bus_Stop,Unknown,9.641553,80.1329496
9399198115,Bus_Stop,Unknown,9.6411371,80.1340017
9399199220,Bus_Stop,Unknown,9.6394269,80.1373639
9399199222,Bus_Stop,Unknown,9.6390382,80.1383114
9399199232,Bus_Stop,Unknown,9.6336827,80.1465739
9399199236,Bus_Stop,Unknown,9.6328914,80.1475167
9399199245,Bus_Stop,Unknown,9.6320267,80.1489624
9399199266,Bus_Stop,Unknown,9.6302655,80.152401
9399199268,Bus_Stop,Unknown,9.6299006,80.1533331
9399199272,Bus_Stop,Unknown,9.626406,80.156486
9399199274,Bus_Stop,Unknown,9.6253548,80.1570332
9399199286,Bus_Stop,Unknown,9.6191747,80.1603578
9399199289,Bus_Stop,Unknown,9.6187899,80.1611879
9399358261,Bus_Stop,Unknown,9.6594585,80.0898613
9399358263,Bus_Stop,Unknown,9.6591406,80.0908034
9399358265,Bus_Stop,Unknown,9.6587043,80.0922894
9399358268,Bus_Stop,Unknown,9.6582448,80.0941864
9399358278,Bus_Stop,Unknown,9.657755,80.0971442
9399358280,Bus_Stop,Unknown,9.6578528,80.0982834
9399358282,Bus_Stop,Unknown,9.6575719,80.0995065
9399358284,Bus_Stop,Unknown,9.6574635,80.1005191
9399358294,Bus_Stop,Unknown,9.6568646,80.1035137
9399358297,Bus_Stop,Unknown,9.6567575,80.1045404
9399358303,Bus_Stop,Unknown,9.6559589,80.1074687
9399358306,Bus_Stop,Unknown,9.6554651,80.1083484
9399381226,Bus_Stop,Unknown,9.6523033,80.1135989
9399381229,Bus_Stop,Unknown,9.6519622,80.1144505
9399381248,Bus_Stop,Unknown,9.6509098,80.1171876
9399381250,Bus_Stop,Unknown,9.6505145,80.1178314
9399381254,Bus_Stop,Unknown,9.6488076,80.1206544
9399381256,Bus_Stop,Unknown,9.6482457,80.1214457
9399381265,Bus_Stop,Unknown,9.6452378,80.1261878
9399381271,Bus_Stop,Unknown,9.6447275,80.1271601
9399483566,Bus_Stop,Unknown,8.9452275,79.9237917
9399742374,Bus_Stop,Unknown,8.9500544,79.9667519
9399742380,Bus_Stop,Unknown,8.9503803,79.9673916
9399764924,Bus_Stop,Unknown,8.9474664,79.9596696
9400611569,Bus_Stop,Wetakeluwagama Bus Stop,8.0057514,80.3014536
9401969458,Bus_Stop,Unknown,8.9567888,79.9789949
9402127411,Bus_Stop,Unknown,8.9727477,80.006277
9402127414,Bus_Stop,Unknown,8.9727756,80.0051893
9402127420,Bus_Stop,Unknown,8.9724272,80.0014168
9402127423,Bus_Stop,Unknown,8.972451,80.0000985
9402432810,Bus_Stop,Unknown,9.0983823,79.7290854
9402432814,Bus_Stop,Unknown,9.0995953,79.7291873
9404299287,Bus_Stop,Unknown,9.0691758,79.782686
9404299288,Bus_Stop,Unknown,9.0690798,79.7826625
9404543678,Bus_Stop,Unknown,9.0688845,79.7938353
9404543679,Bus_Stop,Unknown,9.0687852,79.7938366
9405891396,Bus_Stop,Unknown,9.0803167,79.8089026
9405891397,Bus_Stop,Unknown,9.0804908,79.8089308
9406677663,Bus_Stop,Unknown,7.0824049,80.8743673
9406698299,Bus_Stop,Unknown,7.0674697,80.8930192
9407276993,Bus_Stop,Children's park,7.2868477,80.6476824
9407277011,Bus_Stop,Mahamaya,7.2876687,80.645841
9407305323,Bus_Stop,Lakeside,7.2875984,80.6451526
9407384247,Bus_Stop,Unknown,9.072435,79.8455449
9407384248,Bus_Stop,Unknown,9.0722615,79.845732
9407384261,Bus_Stop,Unknown,9.0791467,79.8429338
9407384262,Bus_Stop,Unknown,9.0792817,79.842905
9407384282,Bus_Stop,Unknown,9.0846789,79.8286343
9407384283,Bus_Stop,Unknown,9.084753,79.8287536
9407677191,Bus_Stop,Unknown,9.0499532,79.8600322
9407677192,Bus_Stop,Unknown,9.0499658,79.8601261
9407677200,Bus_Stop,Unknown,9.0521789,79.8590874
9407677201,Bus_Stop,Unknown,9.0521723,79.8592208
9407677211,Bus_Stop,Unknown,9.0575877,79.8551861
9407686419,Bus_Stop,Unknown,9.0601186,79.8533307
9407686420,Bus_Stop,Unknown,9.0601086,79.8534313
9407686426,Bus_Stop,Unknown,9.0639301,79.8507451
9407686427,Bus_Stop,Unknown,9.0637771,79.8507357
9407686445,Bus_Stop,Unknown,9.0705157,79.8464726
9407686446,Bus_Stop,Unknown,9.070335,79.8466929
9409113087,Bus_Stop,Unknown,7.0990521,80.8016659
9409117067,Bus_Stop,Unknown,7.1179441,80.8556561
9409117077,Bus_Stop,Unknown,7.109778,80.8607676
9409591954,Bus_Stop,Unknown,9.0201395,79.874832
9409591955,Bus_Stop,Unknown,9.0201773,79.8749185
9409591975,Bus_Stop,Unknown,9.0304938,79.8705035
9409591976,Bus_Stop,Unknown,9.0305885,79.8705639
9444222730,Bus_Stop,Meegalewa,8.0556357,80.3548674
9444222755,Bus_Stop,Hureegaswewa,8.0773035,80.3658889
9480282932,Bus_Stop,Unknown,6.870241,80.1198212
9484972244,Bus_Stop,Unknown,6.6739735,80.1232474
9484975686,Bus_Stop,Unknown,6.6734399,80.123288
9491488917,Bus_Stop,Unknown,6.9336647,79.855834
9547317947,Bus_Stop,Unknown,6.8534907,81.0339973
9547317958,Bus_Stop,Unknown,6.8430586,81.0225127
9599096888,Bus_Stop,Unknown,6.8973273,80.5072392
9599100461,Bus_Stop,Unknown,6.900762,80.4975264
9599381320,Bus_Stop,Unknown,6.9141194,80.5211141
9603476777,Bus_Stop,Unknown,6.9287927,80.7207742
9740487180,Bus_Stop,Pamankada Halt,6.877401,79.8694597
9768782694,Bus_Stop,bus stop,8.7452509,80.4688773
9872181437,Bus_Stop,Paratta junction,6.7546797,79.8992517
9872181438,Bus_Stop,Paratta junction,6.7556663,79.8989303
9872231069,Bus_Stop,Gorakana,6.7580877,79.8984904
9872231070,Bus_Stop,Gorakana,6.7584955,79.8982382
9872242666,Bus_Stop,bus stop,6.7684884,79.8927408
9881685766,Bus_Stop,Unknown,7.0826468,80.8908956
9963305718,Bus_Stop,Narahenpita,6.8918527,79.8768632
9992128480,Bus_Stop,Manning Place halt,6.8746635,79.8615757
10015392125,Bus_Stop,Unknown,6.9109255,79.8894475
10031343250,Bus_Stop,Unknown,6.9169905,79.8667559
10032593898,Bus_Stop,Unknown,6.8334102,80.1536182
10032982046,Bus_Stop,Unknown,6.771259,80.1604282
10033024798,Bus_Stop,Unknown,6.7413782,80.1614258
10033029293,Bus_Stop,Unknown,6.7600385,80.1874818
10082032631,Bus_Stop,Kurusa Junction Bus Stop,6.7804359,79.8832732
10082032632,Bus_Stop,Unknown,6.7825662,79.8841703
10082033421,Bus_Stop,Mendis Lane Halt,6.7835493,79.884181
10082033518,Bus_Stop,Unknown,6.7862949,79.884694
10083411635,Bus_Stop,Paragammana Junction,7.2309257,80.3508094
10112922222,Bus_Stop,Mangala Halt,6.8693304,79.8623961
10120299360,Bus_Stop,150,6.9184355,79.8562049
10121907989,Bus_Stop,Below  mirigama bus,7.2464051,80.128841
10126713665,Bus_Stop,bus hold,7.8293124,80.3011187
10132398837,Bus_Stop,Gal Amuna Bus stop,7.2006937,80.1110855
10135002888,Bus_Stop,Unknown,6.9141946,79.8586071
10135024708,Bus_Stop,Unknown,6.915835,79.8557823
10154807482,Bus_Stop,Pasyala Junction bus stop,7.1688918,80.123843
10154828351,Bus_Stop,Pasyala Bus Stop,7.1690623,80.12411
10199086278,Bus_Stop,Unknown,6.8928641,79.8733849
10204206618,Bus_Stop,Unknown,6.7770654,79.8832625
10204231718,Bus_Stop,Unknown,6.7778201,79.8830995
10204243618,Bus_Stop,Unknown,6.7722459,79.8851358
10204245118,Bus_Stop,Unknown,6.7753741,79.8838061
10204245119,Bus_Stop,Unknown,6.7248974,79.906655
10204249617,Bus_Stop,Unknown,6.7732916,79.8846274
10204306717,Bus_Stop,Unknown,6.7744613,79.884209
10216150400,Bus_Stop,Kirulapona Market,6.8785102,79.8746687
10259170010,Bus_Stop,Unknown,6.9725866,80.766855
10264115326,Bus_Stop,Saphire halt,6.8766179,79.8660696
10264692129,Bus_Stop,Unknown,6.8877192,79.8768827
10264692131,Bus_Stop,Unknown,6.8861631,79.8768557
10264692133,Bus_Stop,Unknown,6.8825143,79.876068
10264696073,Bus_Stop,Sigma,6.8812015,79.8702348
10276987730,Bus_Stop,Unknown,6.8767474,79.8662319
10276987731,Bus_Stop,Pamankada Halt,6.8773992,79.8694039
10292751509,Bus_Stop,Unknown,6.8342537,80.5723001
10540079910,Bus_Stop,Unknown,7.2184531,80.2977641
10540080910,Bus_Stop,Unknown,7.2621022,80.3277435
10540081709,Bus_Stop,Unknown,7.2933519,80.320895
10555764434,Bus_Stop,Unknown,6.8895651,79.8770511
10555764436,Bus_Stop,Unknown,6.886923,79.8772841
10576651761,Bus_Stop,Thiranagama Junction,6.1213926,80.1149593
10576651762,Bus_Stop,Vibration Hotel,6.126321,80.1068172
10576651763,Bus_Stop,Wawala,6.1283092,80.1044061
10576651764,Bus_Stop,Wewala Junction,6.1285084,80.1040987
10576651765,Bus_Stop,Pannangoda,6.1314316,80.1015687
10576651766,Bus_Stop,Pannangoda,6.1316516,80.1013509
10576651767,Bus_Stop,Urban Council,6.1369527,80.0998684
10576651768,Bus_Stop,Urban Council,6.1375977,80.0997051
10576651769,Bus_Stop,Hikkaduwa,6.1403674,80.0997079
10576651770,Bus_Stop,Thotagamuwa Junction,6.1485897,80.0988291
10576722463,Bus_Stop,Thotagamuwa Vijayaba Vidyalaya,6.1527669,80.0961004
10576722464,Bus_Stop,Werellana,6.1548339,80.0950408
10576722465,Bus_Stop,Seenigama,6.1588279,80.0920401
10576722466,Bus_Stop,Peraliya,6.1661615,80.0896052
10576722467,Bus_Stop,Thelwaththa Junction,6.1690339,80.0872179
10576722489,Bus_Stop,Bus Stop,6.1976506,80.063693
10603951617,Bus_Stop,Moratuwa Cross Junction Halt,6.7787333,79.8824868
10603951619,Bus_Stop,Prince Of Wales College Moratuwa,6.7860987,79.8844862
10603951649,Bus_Stop,Hotel Road halt,6.8407913,79.8672826
10603977917,Bus_Stop,Dharmarama Temple Road halt,6.8226232,79.871402
10603977952,Bus_Stop,Mount Lavinia Police Station halt,6.8254677,79.8698326
10603977971,Bus_Stop,Mount Lavinia Junction,6.8331777,79.8673081
10605365166,Bus_Stop,Cargills Food City Ratmalana,6.8276844,79.8688536
10605417758,Bus_Stop,Unknown,6.8488504,79.8659654
10605417759,Bus_Stop,Unknown,6.8308008,79.8676676
10605451586,Bus_Stop,Kollupitiya Market Halt,6.9119251,79.8505475
10605451587,Bus_Stop,Dharmapala Mawatha Halt,6.9126109,79.8539891
10605451589,Bus_Stop,Nawaloka Bus stop,6.9213764,79.8529387
10605451590,Bus_Stop,Unknown,6.9254348,79.8504157
10605451591,Bus_Stop,Cinnamon Lakeside Halt,6.9285643,79.8486542
10605451592,Bus_Stop,Regal Halt,6.9313543,79.8469491
10605451593,Bus_Stop,Pettah SLT Halt,6.9340921,79.8460338
10605451598,Bus_Stop,Colombo Central Bus Stand,6.9349534,79.8528805
10605451599,Bus_Stop,Colombo Fort,6.9332535,79.8566929
10618470815,Bus_Stop,pannalawela bus stop,6.9665587,80.9320196
10633327861,Bus_Stop,Colombo central Bus stand,6.9343891,79.8546349
10633327862,Bus_Stop,Unknown,6.9340037,79.847429
10633327882,Bus_Stop,Unknown,6.9333247,79.8465008
10633327883,Bus_Stop,Unknown,6.9302774,79.8474707
10633327884,Bus_Stop,Cinnamon Lakeside Bus Stop,6.9283732,79.8489897
10633327885,Bus_Stop,Nawaloka Bus stop,6.9225624,79.8532848
10633327893,Bus_Stop,Ibbanwala Junction Bus Stop,6.918528,79.861865
10633327894,Bus_Stop,Unknown,6.9157225,79.8616816
10650940726,Bus_Stop,Unknown,6.900551,80.9842882
10660932912,Bus_Stop,D S Senanayake College Bus Stop,6.907934,79.8760374
10660932913,Bus_Stop,D S Senanayake College Bus Stop,6.9076893,79.8760234
10661045848,Bus_Stop,Wijerama bus stop,6.906262,79.8741538
10661045849,Bus_Stop,BMICH Bus Stop,6.905098,79.8731058
10661045850,Bus_Stop,Torrington Bus Stop,6.9018326,79.8693818
10661045851,Bus_Stop,Torrington Bus Stop,6.9014158,79.8682763
10661045852,Bus_Stop,Jawatte Bus Stop,6.9000654,79.8654284
10661045853,Bus_Stop,Unknown,6.8994572,79.8645079
10661045854,Bus_Stop,Thummulla bus stop,6.8977151,79.860622
10661045855,Bus_Stop,Thummulla Bus Stop,6.8976214,79.8606563
10661045856,Bus_Stop,Unknown,6.8963192,79.8574955
10661045857,Bus_Stop,Unknown,6.8962667,79.8578696
10661045858,Bus_Stop,Vishaka Bus Stop,6.8916439,79.8583644
10661045859,Bus_Stop,House Of Fashion Bus Stop,6.8891444,79.8591583
10661045862,Bus_Stop,Dr Lester James Peries Mawatha Bus Stop,6.8864854,79.8599725
10661045863,Bus_Stop,Hindu College Bus Stop,6.8841489,79.860814
10661045864,Bus_Stop,Savoy Bus Stop,6.8788325,79.8600845
10661045875,Bus_Stop,Wellawate Mosque Bus Stop,6.8771199,79.8605854
10661045876,Bus_Stop,Wellawatte Market Bus Stop,6.8743826,79.8614314
10661045877,Bus_Stop,Little Asia Bus Stop,6.8726109,79.8618081
10661045878,Bus_Stop,Nithyakalyani Jewellery Bus Stop,6.8670885,79.8628585
10661045879,Bus_Stop,William Junction,6.8639742,79.8635756
10661045880,Bus_Stop,Unknown,6.8608927,79.864224
10661154472,Bus_Stop,House Of Fashion Bus Stop,6.9104499,79.8775794
10661171218,Bus_Stop,Unknown,6.9111821,79.8769763
10677516861,Bus_Stop,nahakadiya bus stop,6.9473272,80.9154039
10680590959,Bus_Stop,Unknown,6.9727483,81.8613682
10682149758,Bus_Stop,Kollupitiya Bus Stop,6.9111202,79.8490613
10682149761,Bus_Stop,NDB Dharmapala Mawatha Bus Stop,6.9133637,79.8571086
10682415879,Bus_Stop,bandarawela c.t.p depot,6.8430732,80.9850048
10682969545,Bus_Stop,amunudowa bus stand,6.85365,80.9835844
10684497806,Bus_Stop,Unknown,6.4244391,80.0851715
10684667957,Bus_Stop,Unknown,6.415394,80.082191
10684981045,Bus_Stop,Unknown,6.4451844,80.1080019
10684984617,Bus_Stop,Unknown,6.4418342,80.110668
10686105054,Bus_Stop,Unknown,6.9703759,80.7843419
10686158877,Bus_Stop,Peradeniya Station,7.2563934,80.5891141
10692285762,Bus_Stop,nikagolla bus stop,6.9743252,80.9410576
10692710073,Bus_Stop,Unknown,6.8988228,79.8607419
10692710630,Bus_Stop,Unknown,6.9026003,79.8622723
10692735114,Bus_Stop,Unknown,6.8941136,79.861787
10692763384,Bus_Stop,Unknown,6.884379,79.867742
10692988241,Bus_Stop,Unknown,6.8848114,81.7714917
10694540032,Bus_Stop,Gurukele Junction,7.1946122,80.6364574
10694540102,Bus_Stop,Unknown,7.1939188,80.6387602
10694988006,Bus_Stop,Unknown,8.6136377,81.2147394
10694993357,Bus_Stop,Unknown,8.6136241,81.2146369
10696036148,Bus_Stop,Kandy-Dambulla,7.290927,80.6331277
10701713290,Bus_Stop,Unknown,6.9031489,79.8773448
10701736365,Bus_Stop,Unknown,6.9009873,79.8773434
10701737243,Bus_Stop,Unknown,6.9047525,79.8774306
10701738640,Bus_Stop,Unknown,6.8964369,79.8772034
10701759821,Bus_Stop,Unknown,7.2869555,80.6710237
10701760705,Bus_Stop,Unknown,6.9068508,79.8774729
10701771262,Bus_Stop,Unknown,6.8920985,79.8763924
10701820809,Bus_Stop,Unknown,7.2033765,80.6311703
10701820813,Bus_Stop,Unknown,7.2006588,80.6338061
10702086148,Bus_Stop,Haloya,7.2092434,80.6260024
10704824952,Bus_Stop,Fort-Airport (#187),6.934517,79.8470818
10706045279,Bus_Stop,Unknown,6.4044724,80.1087842
10706045280,Bus_Stop,Unknown,6.4018536,80.1101347
10706045281,Bus_Stop,Unknown,6.4058888,80.1057981
10706045282,Bus_Stop,Unknown,6.4051658,80.1041244
10706045284,Bus_Stop,Unknown,6.4039277,80.1014528
10706045288,Bus_Stop,Unknown,6.4056176,80.0886105
10706045289,Bus_Stop,Unknown,6.4068624,80.0867678
10706045290,Bus_Stop,Unknown,6.4080685,80.0862703
10706045291,Bus_Stop,Unknown,6.4115043,80.0818835
10706045292,Bus_Stop,Unknown,6.412156,80.081335
10706045293,Bus_Stop,Unknown,6.4135687,80.0817762
10706045294,Bus_Stop,Unknown,6.4182331,80.0835129
10706045295,Bus_Stop,Unknown,6.419094,80.0835478
10706045296,Bus_Stop,Unknown,6.4203508,80.0837745
10706269608,Bus_Stop,Unknown,6.4306323,80.0879772
10706269617,Bus_Stop,Unknown,6.4324368,80.0900884
10706269618,Bus_Stop,Unknown,6.4331711,80.0910044
10706269619,Bus_Stop,Unknown,6.4333577,80.0913906
10706269620,Bus_Stop,Unknown,6.4351581,80.0923052
10706269621,Bus_Stop,Unknown,6.4359471,80.0932078
10706269623,Bus_Stop,Unknown,6.4372251,80.0974054
10706269633,Bus_Stop,Unknown,6.4375756,80.1000126
10706269634,Bus_Stop,Unknown,6.4378781,80.1010358
10706269642,Bus_Stop,Unknown,6.4376688,80.1023434
10706269647,Bus_Stop,Unknown,6.4384471,80.1053917
10706269648,Bus_Stop,Unknown,6.4391881,80.1072237
10708595740,Bus_Stop,Unknown,7.1925999,80.6366862
10708595772,Bus_Stop,Unknown,7.1920091,80.6364166
10708633314,Bus_Stop,Unknown,6.9804797,79.9295627
10708633324,Bus_Stop,Unknown,6.9775019,79.9266584
10716102982,Bus_Stop,Kumarakanda Railway,6.1121471,80.1234851
10716102983,Bus_Stop,Kumarakanda Railway,6.1121872,80.1233213
10716218758,Bus_Stop,Lavanga Hotel,6.1159551,80.1194816
10716687887,Bus_Stop,Unknown,6.4559664,80.1018356
10716687888,Bus_Stop,Unknown,6.4555107,80.1018571
10716687889,Bus_Stop,Unknown,6.4557088,80.1006536
10716687890,Bus_Stop,Unknown,6.455524,80.097941
10716687892,Bus_Stop,Unknown,6.4551509,80.0943791
10716687893,Bus_Stop,Unknown,6.45437,80.0932284
10716687895,Bus_Stop,Unknown,6.4532346,80.089822
10716687896,Bus_Stop,Unknown,6.4523604,80.0885989
10716687899,Bus_Stop,Unknown,6.4498844,80.0820194
10716687902,Bus_Stop,Unknown,6.4495539,80.0799246
10716687903,Bus_Stop,Unknown,6.4492901,80.0786425
10716687904,Bus_Stop,Unknown,6.4485518,80.074469
10716710005,Bus_Stop,Unknown,6.4482879,80.074005
10716710006,Bus_Stop,Unknown,6.4475497,80.070038
10717996185,Bus_Stop,Unknown,6.4730554,80.1162122
10717996192,Bus_Stop,Unknown,6.4745479,80.1186048
10718003502,Bus_Stop,Unknown,6.4680476,80.1090212
10718003503,Bus_Stop,Unknown,6.4673893,80.1083158
10718015580,Bus_Stop,Unknown,6.4762429,80.1208578
10718020284,Bus_Stop,Unknown,6.481,80.1273622
10718020285,Bus_Stop,Unknown,6.4811972,80.1269813
10718020286,Bus_Stop,Unknown,6.4803245,80.1268204
10718021475,Bus_Stop,Unknown,6.4634236,80.1041637
10718033344,Bus_Stop,Unknown,6.4604999,80.1051991
10718059106,Bus_Stop,Unknown,6.4700492,80.1113145
10718065940,Bus_Stop,Unknown,6.4873322,80.1259084
10718065959,Bus_Stop,Unknown,6.4926649,80.1245941
10718071086,Bus_Stop,Unknown,6.4979842,80.1228507
10718077377,Bus_Stop,Unknown,6.4970168,80.123127
10718098014,Bus_Stop,Unknown,6.5084255,80.1216357
10718098015,Bus_Stop,Unknown,6.4454148,80.0625359
10718108478,Bus_Stop,Unknown,6.441273,80.0133173
10720316520,Bus_Stop,Unknown,6.3537043,80.242804
10726982260,Bus_Stop,Unknown,6.9740182,79.9221352
10726982261,Bus_Stop,Unknown,6.973361,79.9200575
10726982262,Bus_Stop,Unknown,6.9694496,79.9130438
10726982263,Bus_Stop,Unknown,6.9684942,79.9109118
10726982264,Bus_Stop,Unknown,6.9671177,79.9064647
10726982267,Bus_Stop,Unknown,6.9676946,79.9040656
10726982276,Bus_Stop,Unknown,6.9671495,79.900891
10726982277,Bus_Stop,Unknown,6.9618067,79.8942432
10726982278,Bus_Stop,Unknown,6.9584415,79.8907615
10726982279,Bus_Stop,Unknown,6.9555841,79.8871911
10726982280,Bus_Stop,Unknown,6.9555217,79.8847763
10726982281,Bus_Stop,Unknown,6.9528399,79.8807458
10726982282,Bus_Stop,Unknown,6.9486885,79.8786207
10726982283,Bus_Stop,Unknown,6.9423349,79.8784176
10726982284,Bus_Stop,Unknown,6.9320266,79.8782123
10726982285,Bus_Stop,Unknown,6.9260068,79.8780201
10726982286,Bus_Stop,Unknown,6.9219994,79.8779345
10732607945,Bus_Stop,Kumarakanda 64 Mile Post,6.1068878,80.1253558
10735221543,Bus_Stop,Unknown,7.0446538,80.0293251
10736982114,Bus_Stop,Dodanduwa,6.1039314,80.1262846
10736982115,Bus_Stop,Dodanduwa,6.1040065,80.1263838
10741526608,Bus_Stop,Degalla,6.1013233,80.1278196
10741526609,Bus_Stop,Degalla,6.1009379,80.1285606
10754702005,Bus_Stop,Night bus to Colombo 5AM,7.1658842,79.8845049
10763695231,Bus_Stop,Unknown,7.0246557,80.0420638
10777187729,Bus_Stop,Unknown,6.585918,79.9604063
10777187730,Bus_Stop,Unknown,6.585886,79.9602507
10777187733,Bus_Stop,Unknown,6.5748189,79.9638825
10777221512,Bus_Stop,Unknown,5.9482691,80.548046
10777588705,Bus_Stop,Unknown,5.9446016,80.5254361
10777610705,Bus_Stop,Unknown,5.9437498,80.5224511
10778971705,Bus_Stop,Unknown,5.9647567,80.4555437
10778980505,Bus_Stop,Unknown,5.9650889,80.3908588
10778981605,Bus_Stop,Unknown,5.9813475,80.3395066
10779107406,Bus_Stop,Unknown,6.0340534,80.2354714
10779217005,Bus_Stop,Unknown,6.0070148,80.2527857
10779222705,Bus_Stop,Unknown,5.9991528,80.2732616
10789338405,Bus_Stop,Unknown,5.9439368,80.5228058
10794439006,Bus_Stop,Unknown,5.9526757,80.4546047
10794442305,Bus_Stop,Unknown,5.9531267,80.4541862
10816032309,Bus_Stop,Unknown,5.9849087,80.7247464
10816035405,Bus_Stop,Unknown,5.9848154,80.7248871
10833008807,Bus_Stop,Unknown,6.4472741,80.0685548
10841267206,Bus_Stop,Unknown,5.9488174,80.5386766
10846668116,Bus_Stop,Unknown,5.9281585,80.588211
10848060805,Bus_Stop,Unknown,5.9449202,80.5659607
10855431909,Bus_Stop,Unknown,6.8736865,81.048865
10868006288,Bus_Stop,Unknown,7.2675696,80.5965148
10869905405,Bus_Stop,Unknown,7.664004,80.6374108
10874991005,Bus_Stop,Unknown,7.9552375,80.9990581
10875005805,Bus_Stop,Bus to Medirigiriya Vatadage (Ambagaswewa),8.0422664,80.9532686
10875022020,Bus_Stop,Unknown,8.111794,80.9518107
10875178875,Bus_Stop,Unknown,8.0382338,80.9050701
10875188105,Bus_Stop,Unknown,8.0335246,80.9276877
10877179805,Bus_Stop,Unknown,8.3421301,80.4117217
10880465305,Bus_Stop,Unknown,9.6591307,80.1623986
10885608505,Bus_Stop,Unknown,9.6684833,80.0185298
10885618905,Bus_Stop,Unknown,9.7073523,80.0723425
10885671105,Bus_Stop,Unknown,9.7205516,80.0839371
10892531105,Bus_Stop,Unknown,8.5879785,81.2249424
10892531205,Bus_Stop,Unknown,8.5903562,81.2235598
10892538905,Bus_Stop,Unknown,8.6025334,81.2174922
10895398505,Bus_Stop,Unknown,8.2714081,81.3745335
10895455306,Bus_Stop,Unknown,7.9731003,81.5166479
10895714305,Bus_Stop,Unknown,7.5469283,81.7875915
10895797205,Bus_Stop,Unknown,7.2956206,81.848584
10895985105,Bus_Stop,Unknown,6.8606751,81.8323565
10904352705,Bus_Stop,Unknown,6.8341646,81.8279629
10904424905,Bus_Stop,Unknown,6.8039459,81.8138283
10910541402,Bus_Stop,Unknown,7.0227107,81.8473069
10910541403,Bus_Stop,Unknown,7.0230575,81.8469946
10910585105,Bus_Stop,Unknown,7.0195542,81.8486275
10910631805,Bus_Stop,Unknown,6.969334,81.8598552
10910636305,Bus_Stop,Unknown,6.9220314,81.8441399
10910638205,Bus_Stop,Unknown,6.915808,81.8232582
10910643505,Bus_Stop,Unknown,6.8850763,81.8262535
10910643605,Bus_Stop,Unknown,6.8863327,81.8263231
10913545105,Bus_Stop,Unknown,6.9146296,81.6279425
10913546405,Bus_Stop,Unknown,6.9175049,81.6126794
10913618005,Bus_Stop,Unknown,6.7488191,81.2033017
10913618605,Bus_Stop,Unknown,6.7462698,81.1934256
10913657205,Bus_Stop,Unknown,6.6895087,81.1076913
10913796905,Bus_Stop,Unknown,6.6905786,81.1074248
10913855405,Bus_Stop,Unknown,6.7477905,81.0992283
10913999605,Bus_Stop,Unknown,6.9016622,80.9203182
10914042106,Bus_Stop,Unknown,6.8960393,80.8768143
10915477006,Bus_Stop,Unknown,6.8661916,80.5994721
10915479105,Bus_Stop,Unknown,6.869905,80.5998457
10915483605,Bus_Stop,Unknown,6.835833,80.6142521
10915564306,Bus_Stop,Unknown,6.8474495,80.5517881
10915573005,Bus_Stop,Unknown,6.8247196,80.5275568
10920716054,Bus_Stop,Dalhousie (Bus to/from Hatton),6.825384,80.5209243
10920927905,Bus_Stop,Unknown,6.1134592,80.9909986
10931199805,Bus_Stop,Unknown,6.432939,80.0034859
10931199906,Bus_Stop,Unknown,6.4315257,80.0030479
10931268605,Bus_Stop,Unknown,6.4076808,80.0020554
10931478208,Bus_Stop,Unknown,6.1622519,80.0913732
10931513105,Bus_Stop,Unknown,6.0912933,80.1419097
10933376205,Bus_Stop,Unknown,6.1214831,80.7445962
10933414305,Bus_Stop,Unknown,6.1210963,80.7448848
10933459805,Bus_Stop,Unknown,5.9793496,80.6993421
10934062460,Bus_Stop,S K Motors,7.0112768,80.0981311
10934135801,Bus_Stop,Ihala Wasala,7.0227355,80.0901047
10934135803,Bus_Stop,Mandawala Primary,7.0070401,80.0956061
10934135804,Bus_Stop,4th Mile Spot,6.9989739,80.0904322
10934143806,Bus_Stop,gampola junction,6.988988,80.0767442
10934143807,Bus_Stop,Wanaluwava,6.9881907,80.0726881
10934143808,Bus_Stop,Pelahala Rahula,6.983547,80.060482
10936226273,Bus_Stop,BUS STOP,6.8590344,80.0912476
10936244212,Bus_Stop,BUS STOP,6.8576337,80.0902337
10948764605,Bus_Stop,Unknown,5.9447983,80.5258816
10991318939,Bus_Stop,Unknown,6.4593316,80.0284219
10991318949,Bus_Stop,Unknown,6.4572421,80.0401029
11019897606,Bus_Stop,Unknown,7.2680323,80.5969985
11021340305,Bus_Stop,Unknown,7.2905681,80.6329369
11021532905,Bus_Stop,Unknown,7.9502807,80.7481584
11027052505,Bus_Stop,Unknown,7.9500104,80.7497497
11027211405,Bus_Stop,Unknown,7.9288192,80.6868037
11027211505,Bus_Stop,Unknown,7.928711,80.6865334
11027211605,Bus_Stop,Unknown,7.9405459,81.0003719
11029629006,Bus_Stop,Unknown,7.9405867,81.0002562
11029634405,Bus_Stop,Unknown,7.950075,80.7497382
11029634505,Bus_Stop,Unknown,8.5809785,81.2229038
11035207205,Bus_Stop,Unknown,8.6129283,81.2149944
11035478208,Bus_Stop,Unknown,7.9094748,81.5317851
11038442005,Bus_Stop,Unknown,7.9204229,81.5568761
11050989705,Bus_Stop,Unknown,6.9708445,80.7939807
11050989706,Bus_Stop,Unknown,6.9969382,80.8230235
11052738905,Bus_Stop,Unknown,6.9708021,80.7831001
11052738906,Bus_Stop,Unknown,6.9667358,80.7697197
11068259374,Bus_Stop,Unknown,6.1747465,80.1739539
11068273097,Bus_Stop,Unknown,6.1687482,80.1794243
11068285269,Bus_Stop,Unknown,6.1704794,80.1790021
11068296641,Bus_Stop,Unknown,6.1672704,80.1795306
11178769841,Bus_Stop,Unknown,8.3581306,80.5101789
11220318605,Bus_Stop,Unknown,7.7919372,81.5827178
11220778405,Bus_Stop,Unknown,6.504148,80.6522434
11224606367,Bus_Stop,Unknown,7.7799431,81.5980845
11233445302,Bus_Stop,Bus Stop,7.6031766,81.4855944
11234735418,Bus_Stop,Unknown,7.6855204,81.5090798
11235722555,Bus_Stop,Bus Stop,7.6744259,81.5049747
11237282447,Bus_Stop,Bus Stop,7.7558077,81.6324413
11237499310,Bus_Stop,Unknown,7.5800519,81.4479201
11263873747,Bus_Stop,Unknown,6.876113,79.9195088
11263873748,Bus_Stop,Unknown,6.8750783,79.918585
11263873749,Bus_Stop,Unknown,6.8753724,79.9188805
11273820399,Bus_Stop,Unknown,7.4143163,79.8308262
11279294370,Bus_Stop,Unknown,7.2526027,80.3770465
11279294569,Bus_Stop,Bus to Kandy,7.8704232,80.6509529
11403963266,Bus_Stop,Unknown,5.9452039,80.4601625
11403963267,Bus_Stop,Unknown,5.9489358,80.4562733
11403963268,Bus_Stop,Unknown,5.9559959,80.454946
11403973769,Bus_Stop,Unknown,5.9632635,80.4563602
11403973775,Bus_Stop,Unknown,5.9701937,80.4471053
11403973776,Bus_Stop,Unknown,5.9704002,80.4468286
11403973778,Bus_Stop,Unknown,5.972043,80.4434767
11403973783,Bus_Stop,Unknown,5.9732731,80.4292669
11416658012,Bus_Stop,Unknown,6.8502846,81.0595821
11425516861,Bus_Stop,Unknown,6.2446544,81.2273097
11425517606,Bus_Stop,Unknown,6.0934298,80.8703233
11425517607,Bus_Stop,Unknown,6.1555226,81.1111
11425517608,Bus_Stop,Unknown,6.2778558,81.2893718
11425517609,Bus_Stop,Unknown,7.6601703,80.6353971
11425530955,Bus_Stop,Unknown,6.1708488,81.1681938
11425530956,Bus_Stop,Unknown,6.267745,81.2626807
11425538453,Bus_Stop,Unknown,6.8278644,81.0755669
11425538455,Bus_Stop,Unknown,7.6692969,80.6374339
11425538456,Bus_Stop,Unknown,7.7139084,80.6531203
11425545159,Bus_Stop,Unknown,6.1216567,81.0563025
11425545160,Bus_Stop,Unknown,6.2074176,81.2004928
11425545161,Bus_Stop,Unknown,6.261649,81.2363638
11425545163,Bus_Stop,Unknown,7.8059271,80.657696
11425548210,Bus_Stop,Unknown,7.6512022,80.6361602
11425549202,Bus_Stop,Unknown,6.1120644,80.9448726
11425550651,Bus_Stop,Unknown,6.1075227,80.9226423
11425550652,Bus_Stop,Unknown,6.1214018,81.0065557
11425550653,Bus_Stop,Unknown,6.1219692,81.0132515
11425550654,Bus_Stop,Unknown,6.2841687,81.2665838
11425550655,Bus_Stop,Unknown,7.6569179,80.6350471
11425553265,Bus_Stop,Unknown,6.1551393,81.0900406
11425553406,Bus_Stop,Unknown,6.07794,80.8512918
11425553407,Bus_Stop,Unknown,6.1924647,81.1839738
11425553408,Bus_Stop,Unknown,6.2280521,81.2227541
11425553426,Bus_Stop,Unknown,7.9514101,80.7520385
11425555497,Bus_Stop,Unknown,6.1088172,80.9699407
11425555498,Bus_Stop,Unknown,6.1211296,81.0623854
11425555499,Bus_Stop,Unknown,6.1326131,81.0669334
11425555500,Bus_Stop,Unknown,6.2021347,81.1960648
11425555502,Bus_Stop,Unknown,7.7173003,80.6523965
11425556936,Bus_Stop,Unknown,6.0890748,80.8640239
11425556937,Bus_Stop,Unknown,6.2378076,81.2272185
11425557921,Bus_Stop,Unknown,6.0709256,80.8452389
11425560740,Bus_Stop,Unknown,6.1216579,81.00942
11425560742,Bus_Stop,Unknown,7.7277884,80.6547364
11425563480,Bus_Stop,Unknown,7.6924558,80.6500631
11425563481,Bus_Stop,Unknown,7.8126123,80.6577411
11425568337,Bus_Stop,Unknown,6.0864014,80.8601906
11425568338,Bus_Stop,Unknown,6.1660613,81.1273589
11425568339,Bus_Stop,Unknown,6.2681489,81.251746
11425568531,Bus_Stop,Unknown,6.1107269,80.9825501
11425568532,Bus_Stop,Unknown,7.687435,80.6474404
11425571131,Bus_Stop,Unknown,6.079838,80.853047
11425571132,Bus_Stop,Unknown,6.1122929,80.958684
11425571526,Bus_Stop,Unknown,6.1037656,80.9097217
11425571527,Bus_Stop,Unknown,6.1222913,81.0517402
11425571528,Bus_Stop,Unknown,7.7007798,80.6531726
11425571577,Bus_Stop,Unknown,6.126997,81.0674708
11425571578,Bus_Stop,Unknown,6.1957457,81.1888711
11425571579,Bus_Stop,Unknown,6.2600213,81.2336778
11425571580,Bus_Stop,Unknown,6.842417,81.0678361
11425571582,Bus_Stop,Unknown,7.6475349,80.6354805
11425571583,Bus_Stop,Unknown,7.8458998,80.6540323
11425572043,Bus_Stop,Unknown,6.8269188,81.0758718
11425572045,Bus_Stop,Unknown,7.6737537,80.63978
11425572771,Bus_Stop,Unknown,6.1023707,80.9059946
11425572778,Bus_Stop,Unknown,6.1154504,80.9964376
11425572779,Bus_Stop,Unknown,6.2636795,81.2394519
11425572780,Bus_Stop,Unknown,6.8679398,81.0460276
11425573257,Bus_Stop,Unknown,6.0975411,80.8851282
11425573258,Bus_Stop,Unknown,6.2849947,81.2788676
11425573822,Bus_Stop,Unknown,6.1673873,81.1274041
11425573905,Bus_Stop,Unknown,6.2199836,81.2156895
11425573906,Bus_Stop,Unknown,6.257814,81.2303471
11425573907,Bus_Stop,Unknown,7.8414825,80.6547359
11425574769,Bus_Stop,Unknown,6.1068708,80.9201032
11425574770,Bus_Stop,Unknown,6.2487979,81.2279135
11425575157,Bus_Stop,Unknown,6.2659874,81.2621021
11425575159,Bus_Stop,Unknown,7.7728436,80.6602481
11436883161,Bus_Stop,Unknown,8.088386,80.6534499
11436884280,Bus_Stop,Unknown,8.068495,80.6973709
11436884281,Bus_Stop,Unknown,8.0656748,80.8868619
11436911187,Bus_Stop,Unknown,8.0710194,80.6889416
11436911188,Bus_Stop,Unknown,8.0642466,80.8962918
11436913504,Bus_Stop,Unknown,8.046061,80.9040903
11436914513,Bus_Stop,Unknown,8.0780747,80.6763132
11436914514,Bus_Stop,Unknown,8.0578933,80.7186945
11436923790,Bus_Stop,Unknown,8.128296,80.5622784
11436923791,Bus_Stop,Unknown,8.0659419,80.7034421
11436927679,Bus_Stop,Unknown,8.0868953,80.6653189
11436928227,Bus_Stop,Unknown,8.0281262,80.7831852
11436930168,Bus_Stop,Unknown,8.058747,80.7152012
11436932895,Bus_Stop,Unknown,8.0702924,80.69451
11436932896,Bus_Stop,Unknown,8.0844212,80.6687923
11436932897,Bus_Stop,Unknown,8.0261686,80.9066863
11436934780,Bus_Stop,Unknown,8.0319404,80.7730654
11436934781,Bus_Stop,Unknown,8.0433966,80.7370906
11436938328,Bus_Stop,Unknown,7.9601619,80.9915843
11436941688,Bus_Stop,Unknown,8.0432344,80.7404638
11436945307,Bus_Stop,Unknown,8.0148395,80.9130111
11436946008,Bus_Stop,Unknown,7.9985969,80.9314431
11436946097,Bus_Stop,Unknown,8.0262861,80.7977046
11436947874,Bus_Stop,Unknown,8.06491,80.7083291
11436947996,Bus_Stop,Unknown,7.9974708,80.9351658
11436947998,Bus_Stop,Unknown,7.9499334,80.7451477
11436952547,Bus_Stop,Unknown,8.0890627,80.6448521
11436952548,Bus_Stop,Unknown,8.0895122,80.6373107
11436955270,Bus_Stop,Unknown,8.0898886,80.6578347
11436955271,Bus_Stop,Unknown,8.0053427,80.9121124
11442932150,Bus_Stop,Unknown,8.119656,80.4625696
11449173426,Bus_Stop,Unknown,7.1651954,80.5701472
11469956825,Bus_Stop,Unknown,7.2649557,80.5579333
11470088401,Bus_Stop,Unknown,6.8452484,79.9432245
11470088402,Bus_Stop,Unknown,6.846181,79.9492158
11470088403,Bus_Stop,Unknown,6.8462019,79.9494845
11473175961,Bus_Stop,Unknown,8.2834369,80.2622361
11473175962,Bus_Stop,Unknown,8.062172,79.9725668
11473175963,Bus_Stop,Unknown,8.0418746,79.9122644
11473175966,Bus_Stop,Unknown,8.211357,79.7403147
11473277717,Bus_Stop,Unknown,8.0624671,79.7336484
11473277718,Bus_Stop,Unknown,8.1617517,79.7380485
11473277719,Bus_Stop,Unknown,8.1238358,79.7270448
11473277720,Bus_Stop,Unknown,8.0144859,79.7360473
11473284904,Bus_Stop,Unknown,8.0532907,79.7363973
11473285887,Bus_Stop,Unknown,8.20933,80.1071
11473285888,Bus_Stop,Unknown,8.1712487,80.0770831
11473285889,Bus_Stop,Unknown,8.0516822,79.9443531
11473285890,Bus_Stop,Unknown,8.0971186,79.7317698
11473285891,Bus_Stop,Unknown,7.9809229,79.7559591
11473285892,Bus_Stop,Unknown,7.9616091,79.8305423
11473291549,Bus_Stop,Unknown,8.2892813,80.2766825
11473291550,Bus_Stop,Unknown,8.2129607,80.1109408
11473291551,Bus_Stop,Unknown,8.1518433,80.0605847
11473291553,Bus_Stop,Unknown,8.0007294,79.7411476
11473296955,Bus_Stop,Unknown,8.1052476,79.7327366
11473296956,Bus_Stop,Unknown,8.1440015,79.7322652
11473296957,Bus_Stop,Unknown,8.0670062,79.7338608
11473296958,Bus_Stop,Unknown,7.9894642,79.746276
11473300841,Bus_Stop,Unknown,8.3199607,80.3488817
11473300843,Bus_Stop,Unknown,8.1393357,80.0467139
11473300844,Bus_Stop,Unknown,8.039335,79.7389155
11473309642,Bus_Stop,Unknown,8.247061,80.1638054
11473309643,Bus_Stop,Unknown,8.2169721,80.1158972
11473309644,Bus_Stop,Unknown,8.0743767,79.9886763
11473309646,Bus_Stop,Unknown,8.1093139,79.7326462
11473309647,Bus_Stop,Unknown,8.1869702,79.7411096
11473311674,Bus_Stop,Unknown,8.0941704,79.7317993
11473311675,Bus_Stop,Unknown,8.0836233,79.7304565
11473311676,Bus_Stop,Unknown,8.0092071,79.7383677
11473312135,Bus_Stop,Unknown,8.2010271,80.0990618
11473312136,Bus_Stop,Unknown,8.1738867,79.7401168
11473312138,Bus_Stop,Unknown,8.1796997,79.7407056
11473312139,Bus_Stop,Unknown,8.0590719,79.7346461
11473314751,Bus_Stop,Unknown,8.3058051,80.3104812
11473314752,Bus_Stop,Unknown,8.2287892,80.1291991
11473314753,Bus_Stop,Unknown,8.0685776,79.9821178
11473314754,Bus_Stop,Unknown,8.1864832,79.7412615
11473314755,Bus_Stop,Unknown,8.1172361,79.7317651
11473315676,Bus_Stop,Unknown,8.266117,80.2160914
11473315677,Bus_Stop,Unknown,8.2320178,80.1338551
11473315678,Bus_Stop,Unknown,8.0657364,79.978217
11473315679,Bus_Stop,Unknown,8.0343747,79.8788362
11473315681,Bus_Stop,Unknown,8.0036997,79.7408328
11473316390,Bus_Stop,Unknown,8.1568857,80.0661008
11473316391,Bus_Stop,Unknown,8.0787978,79.9935722
11473316392,Bus_Stop,Unknown,8.0276904,79.8348166
11473316393,Bus_Stop,Unknown,8.0307299,79.7401832
11473316395,Bus_Stop,Unknown,8.1048618,79.7330043
11473316396,Bus_Stop,Unknown,8.0298545,79.7405219
11473316987,Bus_Stop,Unknown,8.2500143,80.1830367
11473316988,Bus_Stop,Unknown,8.0642026,79.9756129
11473316989,Bus_Stop,Unknown,8.0037168,79.740555
11473316990,Bus_Stop,Unknown,8.1216194,79.7275393
11473316992,Bus_Stop,Unknown,8.182461,79.7408596
11473316993,Bus_Stop,Unknown,8.0249983,79.7385883
11473316994,Bus_Stop,Unknown,7.9783098,79.7625017
11473318982,Bus_Stop,Unknown,8.2782787,80.245926
11473318983,Bus_Stop,Unknown,8.2039796,80.1007687
11473318985,Bus_Stop,Unknown,8.0925685,79.7313293
11473318986,Bus_Stop,Unknown,8.1128747,79.7324013
11473318987,Bus_Stop,Unknown,8.0917897,79.731197
11473318988,Bus_Stop,Unknown,8.0621292,79.7341162
11473318989,Bus_Stop,Unknown,8.0468724,79.7379317
11473318990,Bus_Stop,Unknown,6.8891291,79.8639547
11473320493,Bus_Stop,Unknown,8.2740464,80.2348813
11473320494,Bus_Stop,Unknown,8.2447271,80.1564331
11473320495,Bus_Stop,Unknown,8.0574053,79.9609778
11473320496,Bus_Stop,Unknown,8.0355393,79.8853196
11473320497,Bus_Stop,Unknown,8.0538782,79.7358882
11473320499,Bus_Stop,Unknown,8.0338818,79.7407135
11473320501,Bus_Stop,Unknown,7.9180869,79.8258417
11473323109,Bus_Stop,Unknown,8.2758324,80.2396518
11473323110,Bus_Stop,Unknown,8.2486291,80.1756008
11473323112,Bus_Stop,Unknown,8.1176271,80.0273782
11473323113,Bus_Stop,Unknown,8.0336438,79.8735988
11473323114,Bus_Stop,Unknown,8.0777268,79.7310164
11473323115,Bus_Stop,Unknown,8.125382,79.7272942
11473323117,Bus_Stop,Unknown,8.1923404,79.7402474
11473323118,Bus_Stop,Unknown,8.1428402,79.7308362
11473323119,Bus_Stop,Unknown,8.1014364,79.7330412
11473323120,Bus_Stop,Unknown,8.0775494,79.7314835
11473327241,Bus_Stop,Unknown,8.1833434,80.0859091
11473327597,Bus_Stop,Unknown,8.2422539,80.1510078
11473327598,Bus_Stop,Unknown,8.1148946,80.0251621
11473327599,Bus_Stop,Unknown,8.1316482,79.7285307
11473327600,Bus_Stop,Unknown,8.1612237,79.7376003
11473327603,Bus_Stop,Unknown,8.1369743,79.7276075
11473327605,Bus_Stop,Unknown,7.9796439,79.8331724
11473327925,Bus_Stop,Unknown,8.2634419,80.2102645
11473327926,Bus_Stop,Unknown,8.2490069,80.1803684
11473327927,Bus_Stop,Unknown,8.248001,80.17117
11473327928,Bus_Stop,Unknown,8.2385328,80.1443797
11473327929,Bus_Stop,Unknown,8.0257471,79.7383934
11473327931,Bus_Stop,Unknown,8.1312036,79.7289622
11473327932,Bus_Stop,Unknown,8.038668,79.7393834
11473330029,Bus_Stop,Unknown,8.0473675,79.9294687
11473330030,Bus_Stop,Unknown,7.9899842,79.7459337
11473330032,Bus_Stop,Unknown,8.0181544,79.7362177
11473330033,Bus_Stop,Unknown,7.9743611,79.8051792
11473330083,Bus_Stop,Unknown,8.3068271,80.3224422
11473330084,Bus_Stop,Unknown,8.2881572,80.2737648
11473330898,Bus_Stop,Unknown,8.0507835,79.94111
11473330899,Bus_Stop,Unknown,7.9805092,79.7553902
11473330901,Bus_Stop,Unknown,8.1433158,79.7309933
11473330903,Bus_Stop,Unknown,7.9729088,79.7960818
11473331876,Bus_Stop,Unknown,8.2723698,80.2304974
11473331877,Bus_Stop,Unknown,8.0590545,79.7340259
11473331878,Bus_Stop,Unknown,8.0840263,79.7302007
11473331879,Bus_Stop,Unknown,8.1175496,79.7314654
11473331880,Bus_Stop,Unknown,8.1442579,79.7324861
11473333202,Bus_Stop,Unknown,8.2853866,80.2693492
11473333203,Bus_Stop,Unknown,8.1489292,80.0573172
11473333204,Bus_Stop,Unknown,8.0514211,79.7364085
11473333205,Bus_Stop,Unknown,8.1925424,79.7399946
11473333207,Bus_Stop,Unknown,7.974257,79.8100534
11473333979,Bus_Stop,Unknown,8.0535148,79.949673
11473333980,Bus_Stop,Unknown,7.9952832,79.7424147
11473333981,Bus_Stop,Unknown,7.9726825,79.7894925
11473333982,Bus_Stop,Unknown,7.9315758,79.8267911
11473334164,Bus_Stop,Unknown,8.280288,80.2524731
11473334165,Bus_Stop,Unknown,8.1365579,80.0435682
11473334166,Bus_Stop,Unknown,8.0272115,79.836587
11473334167,Bus_Stop,Unknown,8.1372858,79.727353
11473334912,Bus_Stop,Unknown,8.2525084,80.1864778
11473334913,Bus_Stop,Unknown,8.2344476,80.1377466
11473334914,Bus_Stop,Unknown,8.2194293,80.1184265
11473334915,Bus_Stop,Unknown,8.1205483,80.0297731
11473336053,Bus_Stop,Unknown,8.1867855,80.0884578
11473336054,Bus_Stop,Unknown,8.1538177,80.0627539
11473336056,Bus_Stop,Unknown,7.8444749,79.8223602
11473336169,Bus_Stop,Unknown,8.2571452,80.1924417
11473336170,Bus_Stop,Unknown,8.0552739,79.9548059
11473336171,Bus_Stop,Unknown,7.9743569,79.7769147
11473336172,Bus_Stop,Unknown,8.0887027,79.7308258
11473336962,Bus_Stop,Unknown,7.9798255,79.8245211
11577932810,Bus_Stop,Pinthaliya Junction,7.0263436,80.0659295
11617883275,Bus_Stop,Unknown,7.2992339,81.8598884
11633169769,Bus_Stop,Unknown,6.7638643,80.9131579
11633170069,Bus_Stop,Unknown,6.7632124,80.9246979
11633569769,Bus_Stop,Unknown,6.7667338,80.9540579
11652187369,Bus_Stop,Unknown,8.0279741,79.8345154
11668731835,Bus_Stop,Bakery Junction,6.8320346,79.8854111
11668743944,Bus_Stop,Kattiya Junction Bus Stop,6.8692248,79.8978595
11668743945,Bus_Stop,Kattiya Junction Bus Stop,6.8694927,79.8977344
11680915269,Bus_Stop,Unknown,8.3378881,80.4517696
11681425934,Bus_Stop,Unknown,7.0408606,80.1164596
11689740161,Bus_Stop,Talpe bus stop,5.9973321,80.2800544
11734011135,Bus_Stop,Nelum Pokuna,6.9116518,79.8637018
11752005769,Bus_Stop,Unknown,6.155772,81.1503124
11754940869,Bus_Stop,Unknown,6.0035668,80.7170734
11754940870,Bus_Stop,Unknown,5.9530653,80.6433481
11754940969,Bus_Stop,Unknown,5.9917027,80.7046237
11768044127,Bus_Stop,Unknown,6.919478,79.8778012
11773404436,Bus_Stop,Unknown,6.6860775,80.3957566
11777946526,Bus_Stop,Unknown,6.879238,79.9442402
11909127021,Bus_Stop,Petroleum,6.931523,79.8840726
11909127022,Bus_Stop,Gnanawimala,6.9312288,79.8824799
11909127023,Bus_Stop,Crime Bureau,6.9306878,79.882114
11910562124,Bus_Stop,Unknown,8.6527845,81.2140683
11932193069,Bus_Stop,Bus Stop to Sigiriyia,7.8765625,80.6508244
11958850518,Bus_Stop,Unknown,6.9163076,80.5993092
11958850519,Bus_Stop,Unknown,6.918222,80.5998027
11958850520,Bus_Stop,Unknown,6.9179371,80.5953958
11958850521,Bus_Stop,Unknown,6.9231267,80.6041291
11958850522,Bus_Stop,Unknown,6.9243328,80.6061542
11958850523,Bus_Stop,Unknown,6.9247935,80.6069374
11958850524,Bus_Stop,Unknown,6.9253287,80.6085923
11958850525,Bus_Stop,kotagala school bus stop,6.9250065,80.6096249
11958850526,Bus_Stop,rosita bazzar bus stop,6.9264496,80.6148257
11958850527,Bus_Stop,Unknown,6.926881,80.6167838
12110032900,Bus_Stop,Unknown,6.9183831,79.8709473
12110041001,Bus_Stop,Unknown,6.9184923,79.8709308
12114431096,Bus_Stop,Unknown,7.9402736,80.7279117
12114470015,Bus_Stop,Unknown,7.9472492,80.7400373
12114474928,Bus_Stop,Unknown,7.9429159,80.7323665
12126043780,Bus_Stop,18th Mile Post,7.1580078,79.8709514
12145383270,Bus_Stop,Unknown,6.8678927,81.0463064
12145387185,Bus_Stop,Unknown,6.8325266,80.9855348
12145460591,Bus_Stop,Unknown,6.872564,81.0492857
12150875101,Bus_Stop,Bus stop to Matara / Tangalle 9.20am 9.40am 580RD 09/24,6.8741846,81.0457516
12169958421,Bus_Stop,Unknown,7.0955701,80.801397
12170758279,Bus_Stop,Unknown,7.1303188,80.842971
12183284876,Bus_Stop,Unknown,7.0862463,80.8747172
12183284877,Bus_Stop,Unknown,7.0867899,80.8779933
12183295159,Bus_Stop,Unknown,7.0970601,80.8564421
12183295160,Bus_Stop,Unknown,7.095624,80.8574815
12183360043,Bus_Stop,Unknown,7.1182862,80.8548011
12183360078,Bus_Stop,Unknown,7.1159528,80.8618815
12183360092,Bus_Stop,Unknown,7.1131273,80.8621798
12183360094,Bus_Stop,Unknown,7.1123792,80.8619664
12183412238,Bus_Stop,Unknown,7.1046416,80.8602124
12183609881,Bus_Stop,Unknown,7.0684865,80.893324
12211189639,Bus_Stop,bus stop near the cargills,6.8883487,79.8874801
12211241957,Bus_Stop,Janadipathi Prathamika Bus Stop,6.8933293,79.8894503
12217488911,Bus_Stop,Unknown,7.0265379,80.9974712
12343239240,Bus_Stop,Unknown,7.1336337,79.9017906
12402598680,Bus_Stop,Dehiwala Bus Stop,6.8512749,79.8650205
12402598681,Bus_Stop,Unknown,6.8512811,79.8664065
12411000603,Bus_Stop,Unknown,7.1216282,79.9215197
12438152001,Bus_Stop,Tuck Tuck Stop for Kandy Krush,7.2864229,80.6373016
12441619031,Bus_Stop,Unknown,5.9486737,80.5470774
12450827376,Bus_Stop,Gabbela Bus,6.5828659,80.5734
12450829536,Bus_Stop,Gabbela Bus,6.5178291,80.5649443
12470687001,Bus_Stop,Unknown,5.9388715,80.4863303
12470687002,Bus_Stop,Unknown,5.9394838,80.4779998
12470687003,Bus_Stop,Unknown,5.9483649,80.535705
12470687101,Bus_Stop,Unknown,5.9389082,80.4834067
12470687102,Bus_Stop,Unknown,5.9491657,80.5450527
12470687201,Bus_Stop,Unknown,5.9395188,80.4756936
12470687301,Bus_Stop,Unknown,5.9404435,80.4703002
12470687303,Bus_Stop,Unknown,5.9491603,80.5395958
12498115219,Bus_Stop,Unknown,7.0440717,80.8734582
12501623148,Bus_Stop,18th Mile Post,7.1587327,79.8705384
12512578814,Bus_Stop,Unknown,5.9623927,80.4023308
12522107502,Bus_Stop,Unknown,6.013197,80.7793356
12526455070,Bus_Stop,Small Bus to Lipton Seat (Rs 180),6.7689032,80.9605657
12533839293,Bus_Stop,Bus to Gartmore (Rs 100),6.8331554,80.572297
12533894007,Bus_Stop,Unknown,6.8314985,80.5428506
12536134695,Bus_Stop,Unknown,6.8365677,80.5719487
12536157742,Bus_Stop,Unknown,6.8046335,80.5696452
12536170310,Bus_Stop,Unknown,6.8341502,80.570699
12536183551,Bus_Stop,Unknown,6.8342194,80.5708092
12541913120,Bus_Stop,Unknown,7.8719266,80.633045
12541913121,Bus_Stop,Unknown,7.8722089,80.6321596
12541914241,Bus_Stop,Unknown,7.866311,80.6359416
12541915214,Bus_Stop,Unknown,7.8668854,80.6357718
12547023942,Bus_Stop,Bus to Medirigiriya Vatadage (Ambagaswewa),8.0401289,80.9519785
12564841224,Bus_Stop,Unknown,7.5949311,80.4388162
12564871390,Bus_Stop,Unknown,7.6082854,80.3964344
12564877667,Bus_Stop,Unknown,7.6104473,80.3949041
12564883397,Bus_Stop,Bus #558 from Kurunegala,7.6219866,80.4342794
12564905923,Bus_Stop,Unknown,7.6089198,80.3693756
12564907649,Bus_Stop,Unknown,7.6053419,80.4341158
12570628650,Bus_Stop,Unknown,5.9669323,80.4527861
12570628651,Bus_Stop,Unknown,5.9665445,80.453904
12570628658,Bus_Stop,Unknown,5.9669879,80.4528099
12573704554,Bus_Stop,Small Pickup Bus,8.2253103,79.7306654
12573789223,Bus_Stop,Small Pickup Bus,8.2208212,79.7231014
12573791330,Bus_Stop,Small Pickup Bus,8.2118621,79.7401619
12578941866,Bus_Stop,Central Bus Stop,8.2357702,79.7650444
12609253901,Bus_Stop,Kunjar Kadai,9.7978876,80.1771743
12664581097,Bus_Stop,Kendaketiya,6.6329636,80.6493027
12695856001,Bus_Stop,Kendaketiya,6.6328076,80.6494656
12709482902,Bus_Stop,Wanduramulla Watte Bus Stop,6.7153368,79.9354339
12750610188,Bus_Stop,18th Mile Post,7.1544887,79.8718041
12886429376,Bus_Stop,Unknown,7.6314533,80.6345525
12886455601,Bus_Stop,Koholanwala,7.6307089,80.6348167
12925079601,Bus_Stop,Unknown,9.1283316,80.4423419
13001346173,Bus_Stop,Nelumdeniya bus stop,7.2349546,80.2632273
13001402965,Bus_Stop,Nelumdeniya bus holt,7.2343972,80.2618406
13008794446,Bus_Stop,Bus #187 to fort colombo,7.1660547,79.8843734
13018378427,Bus_Stop,Unknown,6.0017824,80.2604316
13036867839,Bus_Stop,Unknown,7.2176388,80.5686415
13057979425,Bus_Stop,Unknown,6.0782549,80.6632096
13057979426,Bus_Stop,Unknown,6.0783705,80.663224
13057979427,Bus_Stop,Unknown,6.0787438,80.6601975
13057979428,Bus_Stop,Unknown,6.0789212,80.6600585
13057979429,Bus_Stop,Pinkoratuwa Bus Halt,6.0986997,80.6767768
13058031151,Bus_Stop,Unknown,6.0987618,80.678679
13058031152,Bus_Stop,Unknown,6.093847,80.67691
13058031153,Bus_Stop,Unknown,6.0939011,80.6768651
13058031154,Bus_Stop,Unknown,6.0779431,80.6684488
13058031155,Bus_Stop,Unknown,6.0779083,80.6683424
13058031156,Bus_Stop,Unknown,6.077794,80.6709751
13058031157,Bus_Stop,Unknown,6.0778382,80.67096
13058031158,Bus_Stop,Unknown,6.0801168,80.6568267
13058031159,Bus_Stop,Unknown,6.080038,80.6567175
13072680663,Bus_Stop,Unknown,8.7033924,81.1793753
13072737705,Bus_Stop,Unknown,8.6935863,81.1834311
13075283693,Bus_Stop,Unknown,8.6300921,81.2047275
13075313869,Bus_Stop,Unknown,8.5827257,81.2279176
13088884444,Bus_Stop,Alakoladeniya,7.4931263,80.3243355
13094666315,Bus_Stop,Egodakanda bus stop,6.6275876,80.6484653
13095354473,Bus_Stop,Unknown,6.9312222,79.8330607
13095394593,Bus_Stop,Unknown,6.9304026,79.842373
13131470443,Bus_Stop,Office Junction Bus Stand,7.1901907,80.6478513
13131542001,Bus_Stop,Office Junction bus stop,7.1902507,80.6478701
13155029125,Bus_Stop,Unknown,6.6689482,80.7159738
13155029141,Bus_Stop,Unknown,6.668825,80.7165508
13155235129,Bus_Stop,Unknown,6.6580497,80.7134436
13158013110,Bus_Stop,Unknown,6.694659,80.6887333
13322082266,Bus_Stop,Unknown,6.1085761,80.6797062
13404035121,Bus_Stop,Unknown,6.1204968,80.680303
13404035122,Bus_Stop,Unknown,6.1205683,80.680333
13404035125,Bus_Stop,Unknown,6.1195772,80.6703853
13404035126,Bus_Stop,Unknown,6.1193651,80.6698263
13404269735,Bus_Stop,Unknown,6.1076694,80.5802989
13428214679,Bus_Stop,Unknown,6.0810598,80.6518335
13442722294,Bus_Stop,Unknown,6.0551631,80.6305852
13442722295,Bus_Stop,Unknown,6.0551652,80.6305068
13473969401,Bus_Stop,Unknown,6.1397432,80.1042856
13481214601,Bus_Stop,Bus #187 to Colombo,7.17362,79.8874686
13505974401,Bus_Stop,Bus to Kandy,6.933403,79.8558025
13551402102,Bus_Stop,Unknown,6.9700709,80.0428075
13551402103,Bus_Stop,Unknown,6.9700101,80.0426567
13584756677,Bus_Stop,Unknown,6.0491081,80.8130403
13586593577,Bus_Stop,Unknown,6.0351204,80.7949372
13586593578,Bus_Stop,Unknown,6.0352203,80.7945545
13586609904,Bus_Stop,Unknown,6.0433198,80.790768
13586609905,Bus_Stop,Unknown,6.0429188,80.7910722
13586609970,Bus_Stop,Unknown,6.05099,80.7908127
13586609971,Bus_Stop,Unknown,6.0513036,80.790594
13586609983,Bus_Stop,Unknown,6.0539951,80.7898733
13586609984,Bus_Stop,Unknown,6.0543304,80.7895294
13589516328,Bus_Stop,Unknown,6.0223076,80.7957496
13589516329,Bus_Stop,Unknown,6.0217346,80.796385
13592817504,Bus_Stop,Unknown,6.0219047,80.7880408
13592817505,Bus_Stop,Unknown,6.0217322,80.7878947
13641773755,Bus_Stop,Parakadamulla Temple,7.0081081,80.0479948
13641773769,Bus_Stop,Unknown,7.0097155,80.0485574
13641933955,Bus_Stop,Unknown,7.0307084,80.0291117
13641933956,Bus_Stop,Imbula Junction,7.0250434,80.0442375
13657430881,Bus_Stop,Unknown,5.9395959,80.4785745
256026311,Bus_Station,CTB  Depot - Horana,6.7219363,80.0751124
445281683,Bus_Station,Nabada Bus Station,6.5929746,80.0880832
543871335,Bus_Station,SLTB Bus Station,6.7144935,79.9080546
599713337,Bus_Station,Homagama Central Bus Stand,6.8412668,80.0020131
1128186650,Bus_Station,Padukka Bus Station,6.8417931,80.0907678
1138325722,Bus_Station,Moratuwa Terminal,6.7748233,79.8820469
1139318218,Bus_Station,Veyangoda Bus Station,7.1531545,80.0577355
1140291200,Bus_Station,Mirigama,7.2428859,80.127163
1178458715,Bus_Station,Haputale Bus Station,6.769155,80.9603421
1213039235,Bus_Station,Udatiyawala,6.5832231,80.158704
1213039419,Bus_Station,Pimbura Hospital Bus Stand,6.5759408,80.1580212
1222995632,Bus_Station,Unknown,6.8254489,80.5225467
1261082799,Bus_Station,Karagampitiya ,6.8505585,79.8719
1400433846,Bus_Station,Puttalam Bus Station,8.0278817,79.8333513
1480054176,Bus_Station,Nattandiya,7.4112619,79.8644902
1523693980,Bus_Station,CTB Depot,6.8433607,79.9239225
1529038304,Bus_Station,Yatiyana Bus Stand,6.0248077,80.6007188
1529039673,Bus_Station,Puhulwella Bus Stand,6.0515944,80.6295154
1529276148,Bus_Station,Unknown,6.8456146,79.926205
1536701744,Bus_Station,Unknown,6.0476577,80.7344884
1619721081,Bus_Station,Unknown,6.0547935,80.2130442
1636578569,Bus_Station,Baddegama Bus Station,6.1724823,80.1781078
1662166663,Bus_Station,Maharagama Bus Stand,6.8481858,79.9256137
1664611736,Bus_Station,Mount Lavinia Bus Stand,6.8330085,79.8672728
1684345036,Bus_Station,Ampara Bus Station,7.290358,81.6731457
1723604078,Bus_Station,Ratnapura Central Bus Stand,6.6835785,80.4021871
1728275640,Bus_Station,Horowpotana,8.5489248,80.8317571
1744023358,Bus_Station,Kataragama Bus Station,6.4130142,81.3323745
1744023360,Bus_Station,Kataragama Depot,6.4160925,81.3427303
1744470929,Bus_Station,Tissa Bus Stand,6.2762454,81.2869799
1788271745,Bus_Station,Unknown,6.8440393,80.046063
1796683828,Bus_Station,Private Bus Stand,6.7140679,79.9889989
1797836033,Bus_Station,Unknown,6.7459634,80.1770031
1807855778,Bus_Station,Bus Stand Ganemulla,7.0662794,79.9611268
1812140630,Bus_Station,Unknown,5.9473799,80.556541
1814540626,Bus_Station,Hambantota Bus Stand,6.1255312,81.1257755
1815548741,Bus_Station,166 Bus Station,6.9241865,79.9270076
1818697076,Bus_Station,Wellawaya Bus Stand,6.7297009,81.1022649
1818771788,Bus_Station,Diyatalawa Bus Station,6.8080968,80.9569572
1821073284,Bus_Station,Welimada Bus Station,6.9056221,80.9114117
1829358383,Bus_Station,Balangoda Main Bus Stand,6.6506211,80.70156
1830387320,Bus_Station,Hatton Private Bus Stand,6.8893098,80.5988877
1831954362,Bus_Station,Ethgala,7.132673,80.5681174
1848020284,Bus_Station,Makandura,7.3227673,79.9768432
1856812595,Bus_Station,Alawwa Central Bus Stand,7.2960675,80.2374601
1887862837,Bus_Station,Wennappuwa Depot,7.3271251,79.8451185
1918165072,Bus_Station,Kotikawatta,6.9360244,79.9165498
1921371333,Bus_Station,Thalangama Depot,6.9067802,79.9261129
1965377640,Bus_Station,Heel-Oya,6.8438555,81.0255363
1969470956,Bus_Station,Matugama Bus Depot,6.5146783,80.1209449
1974694465,Bus_Station,SLTB Bus Station,7.3379987,80.9919204
1974728792,Bus_Station,Dehiattakandiya Main Bus Stand,7.6720099,81.0471451
1980792528,Bus_Station,CTB Depot,6.054187,80.1819705
2034260183,Bus_Station,Meethotamulla,6.9358787,79.8885393
2071095588,Bus_Station,Udahamulla Bus Depot,6.8647897,79.9111586
2093145092,Bus_Station,Maharagama-Nugegoda,6.8445612,79.9258732
2093145103,Bus_Station,Maharagama-Moratuwa,6.845243,79.9260878
2093145111,Bus_Station,Maharagama-Piliyandala,6.8444728,79.9260121
2096464851,Bus_Station,Wellampityia Bus station,6.9370601,79.8964948
2142229459,Bus_Station,Taladuwa,7.2036857,79.842081
2146223782,Bus_Station,Kuruwita Bus Stand,6.7755132,80.3672592
2151514566,Bus_Station,Ratnapura CTB Depot,6.6848557,80.410543
2152800180,Bus_Station,Bus Stand,6.5830946,80.5734952
2152832340,Bus_Station,Killinochchi,9.3833191,80.4066967
2155827432,Bus_Station,Neluwa Bus Station,6.3780225,80.3613968
2164965826,Bus_Station,Akuressa,6.0995623,80.4777065
2165130859,Bus_Station,Kamburupitiya Bus Station,6.0817162,80.5666906
2176977987,Bus_Station,Deniyaya Bus Station,6.3422812,80.560347
2196976335,Bus_Station,Negombo Bus Depot,7.2216047,79.8514419
2279222357,Bus_Station,SLTB Depot,7.9296751,81.0328745
2285443802,Bus_Station,Hingurakgoda Private Bus Stand,8.0406831,80.9513166
2334181612,Bus_Station,Teldeniya CTB Depot,7.3148182,80.7585462
2335072238,Bus_Station,Digana,7.2952739,80.7354898
2340215068,Bus_Station,Mawanella Bus Station,7.252405,80.446929
2343140806,Bus_Station,Menikhinna,7.3155217,80.7020152
2347304116,Bus_Station,Pugoda Bus Station‎,6.9763026,80.1206628
2361349574,Bus_Station,Debathgama,7.1721631,80.4201347
2407558285,Bus_Station,Weliweriya,7.0324394,80.0282845
2407690010,Bus_Station,Kirillawala,7.0345428,79.9906539
2418605292,Bus_Station,Monaragala Bus Stand,6.8717933,81.3519393
2426388323,Bus_Station,Ingiriya,6.744272,80.1754635
2634774644,Bus_Station,Mathugama CTB Bus Stand,6.5222765,80.1148423
2857487801,Bus_Station,Katunayake Airport,7.1751325,79.8886332
2908719555,Bus_Station,Mathugama Private Bus Stand,6.5227986,80.1165271
2908730924,Bus_Station,Pelmadulla Bus Station,6.6245559,80.5415914
2918212343,Bus_Station,Gelioya Bus Stand,7.2150961,80.5982376
3053064379,Bus_Station,Ahangama,5.9712914,80.3655365
3064234196,Bus_Station,Galagedara Main Bus Stop,7.3726152,80.5244367
3104880275,Bus_Station,Deraniyagala Bus Depot,6.9447777,80.3328579
3129338625,Bus_Station,Karawanella Bus Station,7.0232806,80.2614329
3147140221,Bus_Station,Embilipitiya Bus Depot,6.3152096,80.8657836
3200289112,Bus_Station,Tangalle Bus Station,6.028373,80.7944502
3200327310,Bus_Station,Tangalle CTB Depot,6.0314784,80.7926199
3202518117,Bus_Station,Hanguranketha Bus Stand,7.1766088,80.7779343
3207193062,Bus_Station,Mawathagama,7.4323223,80.4481081
3213933930,Bus_Station,Ankumbura,7.4393348,80.5715542
3215382457,Bus_Station,Ginigathhena Bus Station,6.9900126,80.4932829
3216973630,Bus_Station,Yatiyanthota,7.0285467,80.2949461
3219914034,Bus_Station,Kegalle Bus Depot,7.2516531,80.3439455
3219914163,Bus_Station,Kegalle Central Bus Stand,7.2532654,80.34794
3224510500,Bus_Station,Kegalle Main Bus Stand,7.2534343,80.3447144
3235924898,Bus_Station,Kadugannawa,7.2573134,80.5199725
3247327858,Bus_Station,Unknown,6.8658302,79.9282654
3320202233,Bus_Station,"Private Bus Stand, Kalmunai",7.4138527,81.826843
3320210420,Bus_Station,"CTB Stand, Kalmunai",7.4131365,81.826747
3320212330,Bus_Station,"CTB Depot, Kalmunai",7.4200691,81.8222412
3379528819,Bus_Station,219 Bus Stand,6.8478462,79.9274916
3400061187,Bus_Station,Thanamalwila,6.4332859,81.1310436
3403172051,Bus_Station,Wijerama Bus Stop,6.8574282,79.9089976
3403175025,Bus_Station,Kelaniya Bus Depot,6.9555309,79.8852167
3492756622,Bus_Station,Angoda,6.9287793,79.9274552
3496483615,Bus_Station,Unknown,6.9582607,80.0164201
3590180942,Bus_Station,Nildandahinna Bus Stop,7.080757,80.8935036
3598835034,Bus_Station,Ambalantota,6.1228576,81.0267194
3633692200,Bus_Station,Urubokka,6.3004697,80.6352764
3633738907,Bus_Station,Middeniya Bus Station,6.2513201,80.7646383
3634825143,Bus_Station,Weeraketiya,6.1541106,80.7684937
3655100685,Bus_Station,Chilaw CTB Bus Stand,7.5767494,79.7961515
3658467143,Bus_Station,Wennappuwa Bus Stand,7.3423741,79.8417382
3679751396,Bus_Station,Madampe,7.496852,79.8409839
3714320125,Bus_Station,Kelaniya Bus Stand,6.9517698,79.9173689
3726245408,Bus_Station,Unknown,6.3062235,81.0027132
3730621129,Bus_Station,Kirindiwela Bus Station,7.042678,80.1300346
3756850496,Bus_Station,Weligalla,7.1891899,80.5923995
3848579769,Bus_Station,Bokkawala,7.393704,80.5535188
3865615671,Bus_Station,Thapalkaddi Juction,9.6607665,80.04608
3870413552,Bus_Station,Wattegama Bus Station,7.3502087,80.6815511
3871119306,Bus_Station,Etampitiya Bus Stand,6.9363051,80.9883723
3937750671,Bus_Station,Nugegoda Bus Stand,6.8726803,79.8919657
4039495732,Bus_Station,Panwila,7.361757,80.7151609
4045295723,Bus_Station,Bus Depot,6.5038245,80.6462867
4045441240,Bus_Station,Bus Depot,6.5214987,80.390903
4045510604,Bus_Station,Main Bus Stand,6.5322814,80.3973948
4059273139,Bus_Station,Bus Stand Galnewa,8.0351321,80.4800093
4073082136,Bus_Station,Galagedara,7.3725591,80.5242144
4089614484,Bus_Station,Thambuttegama Bus Station,8.1561538,80.2969409
4109810982,Bus_Station,Paranthan,9.4369804,80.4073022
4265991020,Bus_Station,Girandurukotte Bus Station,7.472409,81.017887
4329256789,Bus_Station,Kalutara North,6.6020331,79.9554631
4353903220,Bus_Station,Nelliady Junction,9.7999479,80.2007805
4357163359,Bus_Station,Kacheriyady Bus Station,9.6615664,80.0291678
4359585048,Bus_Station,Anamaduwa bus station,7.8789837,80.0119288
4368018190,Bus_Station,Unknown,9.6090892,80.3303191
4370701932,Bus_Station,Unknown,9.7400471,79.8896505
4370702914,Bus_Station,Unknown,9.8003332,80.0342954
4402350585,Bus_Station,Bulathkohupitiya,7.1052627,80.3356431
4427494193,Bus_Station,Unknown,7.5165883,81.78687
4427767090,Bus_Station,peththalai bus stand,7.9258376,81.538092
4432557292,Bus_Station,Bandarawela Central Bus Station,6.829772,80.9884632
4448732092,Bus_Station,Kandy - Colombo Intercity Bus Stop,7.2916085,80.6336749
4477735892,Bus_Station,Unknown,6.4700947,79.9852948
4487927782,Bus_Station,Ragama Bus Station,7.0282985,79.9201792
4614290593,Bus_Station,Unknown,7.1070608,80.6363236
4614290991,Bus_Station,Unknown,7.0648726,80.683538
4614490792,Bus_Station,Unknown,7.0967931,80.6458522
4615291591,Bus_Station,Unknown,7.1225491,80.5646634
4645363183,Bus_Station,Raddolugama Bus stand,7.138692,79.900277
4681519153,Bus_Station,Mawanella Bus Depot,7.2508173,80.4512908
4690499326,Bus_Station,Kekirawa Bus Station,8.0411658,80.5963932
4690500351,Bus_Station,Talawa,8.2368827,80.3506013
4698077691,Bus_Station,Unknown,7.2989664,80.7343076
4698077692,Bus_Station,Unknown,7.2992016,80.7341669
4698131490,Bus_Station,Unknown,7.2992534,80.7371109
4705226989,Bus_Station,Alawwa-Colombo,7.2941317,80.2409972
4727704902,Bus_Station,Kirinde,6.2154193,81.3348618
4737706226,Bus_Station,Ambagahamula Bus Station,7.4713321,80.6226563
4901574656,Bus_Station,Punduloya Bus stand,7.0151787,80.665167
4901575950,Bus_Station,Unknown,7.0149604,80.6722252
4904980058,Bus_Station,Galenbindunuwewa Bus,8.2895192,80.7156046
4918978256,Bus_Station,Private Bus Station,7.3390395,80.9922403
4921735467,Bus_Station,Lunugala Bus Station,7.0416568,81.2025824
4946331220,Bus_Station,Hettipola Bus Station,7.5365968,80.9135342
4948776115,Bus_Station,Naula main bus station,7.7046004,80.6531626
5052550921,Bus_Station,Unknown,7.1413975,80.0949594
5052913836,Bus_Station,Nikaweratiya Bus Station,7.7506252,80.1150795
5124025377,Bus_Station,Rattota Bus Stand;Rattota Bus stand,7.5199903,80.6778835
5208691724,Bus_Station,Pottuvil Bus Stand,6.8769203,81.8294612
5208694124,Bus_Station,Unknown,6.8737419,81.829888
5220190829,Bus_Station,Ragala Bus Station,7.0122783,80.8607148
5222832132,Bus_Station,Bulathsinhala Bus Station,6.6490704,80.1787028
5228638659,Bus_Station,Kandy South Depot.,7.285611,80.625082
5245293241,Bus_Station,Nochchiyagama Bus Station,8.2638059,80.2100739
5303513462,Bus_Station,Kiriella Bus,6.7375021,80.2727289
5306039429,Bus_Station,Galapitamada Bus,7.1396338,80.2348226
5385095922,Bus_Station,Unknown,7.1933814,79.9807113
5387262383,Bus_Station,Pelawaththa Bus Station,6.4047941,80.2170423
5397201924,Bus_Station,Unknown,9.2641658,80.8137995
5415990521,Bus_Station,Unknown,6.4194231,80.0123578
5519616115,Bus_Station,Bus Stand - Galnewa,8.0343505,80.4804663
5544863531,Bus_Station,Bus Station,6.8357129,80.9858116
5549855429,Bus_Station,Route 222 - Kadawatha,7.0294102,79.9216788
5601187925,Bus_Station,Unknown,7.9299768,81.03317
5763298154,Bus_Station,Unknown,8.4269089,80.6885255
5773637255,Bus_Station,Unknown,9.2423782,80.1377803
5800938653,Bus_Station,Unknown,7.2044064,80.1736533
5925725459,Bus_Station,Karapitiya,6.0666715,80.2246796
6017749355,Bus_Station,Poththapitiya,7.2913329,80.4909494
6066661858,Bus_Station,Hatharaliyadda Bus Station,7.3340162,80.4705539
6158473478,Bus_Station,154,6.8956629,79.8558978
6158486235,Bus_Station,Kalmunai Private Bus,6.8644621,79.8597492
6158493884,Bus_Station,Jaffna / Batticaloa Private Bus,6.8654953,79.8594408
6185575099,Bus_Station,Madulla,7.0539337,80.9267306
6251353251,Bus_Station,Mawaramandiya Bus Stand,6.987159,79.9758097
6263106780,Bus_Station,Unknown,7.1684793,80.1242521
6267498018,Bus_Station,Unknown,7.0979636,81.839827
6283933687,Bus_Station,Buses to Dalhousie/Adam's Peak (Rs 100),6.8349416,80.5717452
6295845563,Bus_Station,Kalpitiya Bus Terminal,8.2404819,79.7635843
6351880585,Bus_Station,Unknown,9.7453715,80.0269326
6365304587,Bus_Station,Clock Tower Bus Stop,6.9038166,80.9122051
6458186201,Bus_Station,Nuawara Eliya Main Bus Station,6.9718717,80.7672963
6495229524,Bus_Station,Unknown,6.34365,80.0797842
6615720010,Bus_Station,Mattakuliya Bus station,6.9794769,79.8757799
6631008191,Bus_Station,Nugegoda Bus Station,6.8743137,79.8916136
6631154364,Bus_Station,Melsiripura Bus Stand,7.6409704,80.5079513
6632922963,Bus_Station,Kotte Rd/2nd Cross St,6.8788373,79.8998505
7053783986,Bus_Station,Unknown,7.3524119,80.9527759
7056379585,Bus_Station,Unknown,8.8351263,80.0490194
7074553585,Bus_Station,Unknown,6.4224624,80.8153925
7174791885,Bus_Station,Unknown,8.6903664,81.1851145
7174791985,Bus_Station,Unknown,8.6906415,81.184919
7371025406,Bus_Station,Baduraliya Main Bus Stop,6.5164709,80.2321837
8003506348,Bus_Station,Aruppola Bus Stand,7.3073106,80.6492024
8744370919,Bus_Station,Unknown,6.7803231,81.054034
9130911351,Bus_Station,Piliyandala New Bus Stand,6.8020833,79.9250648
9278526231,Bus_Station,Uda Delwala Bus Stop,6.5182349,80.496996
9399745857,Bus_Station,Galgamuwa Bus Stand,7.996165,80.2703445
9400273079,Bus_Station,Nawagattegama Bus Stand,8.0040141,80.1052003
9448973475,Bus_Station,Unknown,7.4316621,80.4489719
9775003465,Bus_Station,Bogo Bus station,6.7948316,80.679511
9779417978,Bus_Station,Rathna Tevels,8.7561617,80.484995
9880362117,Bus_Station,Unknown,9.8132159,80.013718
9883588449,Bus_Station,Unknown,7.4716817,80.6224072
9903546517,Bus_Station,Bus to Sigiriya,7.8704789,80.6518156
10159343343,Bus_Station,Unknown,6.9840587,81.0658085
10584018137,Bus_Station,Unknown,9.6667383,80.0118213
10588777058,Bus_Station,Unknown,7.0052104,79.9544555
10588777059,Bus_Station,Unknown,6.8407693,79.9756799
10636822271,Bus_Station,Neluwa Bus Station,6.8927936,80.9857843
10682926205,Bus_Station,Unknown,9.6643645,80.0112155
10880341005,Bus_Station,Unknown,9.3842466,80.4088944
11017501505,Bus_Station,Unknown,7.2916159,80.635045
11132562676,Bus_Station,Mahawa Bus station,7.8218196,80.273643
11169270942,Bus_Station,Bus St,9.2686546,80.8131244
11210754436,Bus_Station,Panama Bus Station,6.7557757,81.8104083
11270997158,Bus_Station,upcot bus station,6.7870051,80.615217
11530092833,Bus_Station,Maskeliya bus station,6.8331497,80.5724122
11534148253,Bus_Station,Unknown,6.0866023,80.4791209
11648503032,Bus_Station,Unknown,6.8888893,80.5992928
11648503033,Bus_Station,Unknown,6.889423,80.5989021
11659171769,Bus_Station,Bogamabara Bus Terminal - Long Distance,7.2897854,80.633769
11671532552,Bus_Station,PWD Busstand,6.8682594,80.6174344
11843006169,Bus_Station,Unknown,6.8509062,79.8623123
11867062590,Bus_Station,Bus Stand,7.9172951,81.5192162
11932514488,Bus_Station,Unknown,7.7953215,81.579416
12100587582,Bus_Station,Unknown,6.9892639,79.8930629
12111937092,Bus_Station,Bus Station - Direction Monaragala / Ella,6.4240979,80.8171453
13155167556,Bus_Station,Pinnawala Bus Stand,6.7183029,80.6782908
13639995901,Bus_Station,Badulla Railway Station,6.9801227,81.0597165
844674879,Marketplace,Kiribathgoda Public Supermarket,6.9787979,79.9297298
1128190475,Marketplace,Padukka Public Market,6.8412294,80.0903222
1133171652,Marketplace,Ragama Market,7.0286883,79.9225162
1243386904,Marketplace,Fish Market,8.5774405,81.2351588
1378992434,Marketplace,Maradana Market - Mariya Kade,6.9259635,79.8655884
1477451157,Marketplace,Unknown,7.3537736,79.885264
1478538569,Marketplace,Monday Fair,7.297921,79.883839
1490098937,Marketplace,Horana market,6.7161253,80.0619208
1523694130,Marketplace,Maharagama Public Fair,6.8459512,79.9263873
1663867906,Marketplace,Pet Shop,6.848252,79.8852605
1685576469,Marketplace,Midigama Public Market,5.9650095,80.3913412
1723187340,Marketplace,Fishmarket,6.4721127,79.9785804
1789549467,Marketplace,Delkanda Sunday Fair,6.8614958,79.9003511
1798402707,Marketplace,Warakapola Provincial Council,7.2292235,80.2013615
1837320579,Marketplace,Torrington Shopping Complex,7.293197,80.6353427
1843491299,Marketplace,Hanwella Fair,6.9096375,80.0812696
1848020291,Marketplace,Sun Day Fair,7.3214079,79.976296
1848081796,Marketplace,Weekend Fair,7.4135179,79.8652445
1854581859,Marketplace,Kosgama Fair,6.9410869,80.1370146
1856812886,Marketplace,Alawwa Fair,7.2997229,80.2375244
1867169968,Marketplace,Udugama Market,6.2115061,80.3384176
1879056381,Marketplace,Public Market Complex,7.415761,81.8262339
1903643660,Marketplace,Wattala,6.9894966,79.8926567
1932060931,Marketplace,Hakmana,6.0847555,80.645483
1933478791,Marketplace,Kirama,6.2076119,80.6674503
1956105996,Marketplace,Elpitiya Shopping Complex,6.291674,80.1632889
1974698371,Marketplace,Mahiyanganaya Market,7.3392867,80.992891
1977820872,Marketplace,Narammala Market,7.4292455,80.214767
2049675491,Marketplace,Viskam Niwasa,6.8980128,79.8604667
2093089711,Marketplace,Karagampitiya Sunday Market,6.8505406,79.8719968
2093091906,Marketplace,Boralesgamuwa Public Market,6.8409777,79.9019487
2097858356,Marketplace,Unknown,6.9331518,79.894326
2124718750,Marketplace,Unknown,6.9325751,79.8935087
2124894480,Marketplace,Public Market,6.9369501,79.89607
2151471702,Marketplace,Public Market,6.6796815,80.4016936
2152832327,Marketplace,Public Market Killinochchi,9.3837742,80.4066752
2212555629,Marketplace,Kandana Old Market,7.0481109,79.8967659
2312756051,Marketplace,Hunnasgiriya Sunday Fair,7.2949952,80.8492397
2347285937,Marketplace,Dompe Weekly Market,6.9506342,80.0575853
2347304484,Marketplace,Pugoda Fair,6.9764224,80.1203007
2410567574,Marketplace,Vavuniya Market,8.755284,80.4998445
2410567587,Marketplace,Vavuniya Fair,8.7569765,80.5010401
2418605304,Marketplace,Monaragala Market,6.8727892,81.3518079
2558076806,Marketplace,"Public Fair, Boyawalana",7.3340841,80.177274
2712362975,Marketplace,Mega City Athurugiriya,6.8771852,79.990522
2755715945,Marketplace,Unknown,6.2605647,80.0594195
2755715946,Marketplace,Firday Fair,6.2626676,80.0611754
2906617320,Marketplace,Baddegama General Market Place,6.169244,80.1801765
2993844589,Marketplace,Katugastota Market,7.3246014,80.6251085
3090168490,Marketplace,Dutch Hospital Shopping Precinct Galle,6.0268677,80.2194762
3200289696,Marketplace,Public Market,6.027825,80.7945717
3216973631,Marketplace,Public Market Complex,7.029049,80.2951982
3235747503,Marketplace,Mawanella,7.2530683,80.4466799
3249072904,Marketplace,Shopping Complex,6.1401945,80.100159
3250622366,Marketplace,Sunday Fair,6.1423699,80.1008172
3257969864,Marketplace,Sella Kataragama,6.4384102,81.3018677
3276168357,Marketplace,Public Market,6.2769469,81.2864208
3302172197,Marketplace,Market,7.2178426,81.8509174
3316125247,Marketplace,Public Market,7.373198,81.8405418
3418988064,Marketplace,Sunday Market,6.9375654,80.1945104
3520116940,Marketplace,Kalviyankadu Market,9.6805065,80.0388635
3520118423,Marketplace,Thirunelvely Market,9.6888877,80.0280005
3622696745,Marketplace,Denipitiya Market,5.9828792,80.4518865
3634813508,Marketplace,Weeraketiya Market,6.1510656,80.7667912
3659707361,Marketplace,Market Place,7.4134281,79.8305452
3661285345,Marketplace,Public Market,7.4629835,79.8047203
3661498175,Marketplace,Fish Market,7.4915458,79.7985949
3664405331,Marketplace,Sunday Fair,7.4926142,79.9131761
3692732893,Marketplace,Fish Market,7.7466211,79.7902345
3706371868,Marketplace,Dodangaslanda Public Fair,7.5729914,80.5261179
3724206580,Marketplace,Pasyala,7.1726174,80.1250137
3729377943,Marketplace,Kalegana Fair,6.0590977,80.203175
3737444166,Marketplace,Veyangoda Market,7.1551359,80.0579516
3748967475,Marketplace,Wednesday Fair,6.2188202,80.0576842
3755864744,Marketplace,Public Market,7.1650051,80.569875
3771391551,Marketplace,Public Fair,6.0274256,80.7934999
3788636774,Marketplace,pussellawa market,7.1087371,80.634728
3789958613,Marketplace,Galaha Market,7.1977488,80.6690972
3874860962,Marketplace,Cargills vegetable collecting center,6.8412909,80.8776775
3956878585,Marketplace,Nedunkerny Market,9.053628,80.6518008
4001299038,Marketplace,Unknown,7.2523235,81.7082093
4010468400,Marketplace,Mawanella Fair Ground,7.2508856,80.4491553
4045200419,Marketplace,Public Market,6.577885,80.5745758
4234048070,Marketplace,Bengamuwa,6.2603578,80.6032085
4235081091,Marketplace,Unknown,7.1311778,79.8892441
4267832043,Marketplace,Homagama Fair,6.8465086,80.0033837
4353783235,Marketplace,Manthikai Public Market,9.8060665,80.2259253
4359586156,Marketplace,Weekly fair,7.8739554,80.0097732
4440356148,Marketplace,Keppetipola Special Economic Center,6.895214,80.8740016
4464475456,Marketplace,Kandehandiya Economic Centre,7.2135829,80.7548695
4512943506,Marketplace,Navindil Market,9.8075279,80.1851891
4683712830,Marketplace,Fruit Market,6.9704834,80.7669408
4700425190,Marketplace,Mulliyawalai Market,9.2234941,80.7696346
4715910496,Marketplace,Fresh Fish market,6.0368811,80.226034
4774156005,Marketplace,Public Fair-Yatiyanthota,7.0295362,80.2954909
4884259553,Marketplace,Public Fair Mawarala,6.1964755,80.5847207
4884290318,Marketplace,Pasgoda Public Fair,6.2419361,80.6094548
4943979642,Marketplace,Sunday fair,7.6256356,80.6070154
5153458173,Marketplace,Ruwanwella Fair,7.0455153,80.2520344
5519613642,Marketplace,Unknown,8.129649,80.2838764
6015444883,Marketplace,Street Market,6.9366059,79.8542524
6183173986,Marketplace,Hataraliyadda Central Market,7.3338035,80.4704197
6267498462,Marketplace,Unknown,7.103061,81.8435648
6743781208,Marketplace,Unknown,6.9439323,79.9564192
7059741585,Marketplace,Unknown,9.6673781,80.0101022
7100624640,Marketplace,Economic Trade Center,6.0861301,80.8604823
7165315305,Marketplace,Public Market Kohuwala,6.866989,79.8848635
7781439461,Marketplace,Thawalama Public Market,6.3380384,80.3254572
7797993395,Marketplace,Good Market,6.9054854,79.8655043
7819925712,Marketplace,Kurunegala Fair,7.4808902,80.3616742
7820393758,Marketplace,Fair,7.7528813,80.1184638
7837077798,Marketplace,Nikaweratiya Market,7.7497686,80.1166283
7882779334,Marketplace,Dematagoda Public Market,6.9300061,79.8784395
9147367156,Marketplace,Pitigala Sunday Fair,6.3407562,80.2235278
9167206701,Marketplace,Bambalapitiya (Milagiriya) Public Market,6.8936213,79.8557134
9458289316,Marketplace,Teldeniya Central Market,7.3090171,80.7645688
9752443840,Marketplace,Unknown,5.9741882,80.4290099
9785564763,Marketplace,vavuniya market,8.7569327,80.5012133
9785956962,Marketplace,T.Kuruparan 3D Four Wheel,8.7680173,80.492323
9911012065,Marketplace,Unknown,7.1743493,80.5002362
10246967641,Marketplace,Public Market,8.0302512,79.828289
10303785268,Marketplace,Wellawatte Market,6.8745265,79.8616721
10310620434,Marketplace,Karandana Public Market,6.7768938,80.2194804
10565974872,Marketplace,Unknown,5.9707523,80.4242124
10576365407,Marketplace,Traditional Market,5.9791484,80.4307369
11192316198,Marketplace,Public fair,6.3785742,80.3611696
11192316203,Marketplace,shoe place,6.3775068,80.3614215
11387730692,Marketplace,Unknown,7.3945604,81.834422
11699344053,Marketplace,Dippitiya Market,7.17254,80.4584458
11951889209,Marketplace,Suresh Grocery Shop,8.7473554,80.4740656
11951908660,Marketplace,Kala grocery shop,8.7454811,80.4730175
11951935261,Marketplace,MG Shop,8.7462082,80.4730001
12443278901,Marketplace,Unknown,5.947873,80.4839529
12565474233,Marketplace,Unknown,7.4826619,80.3560778
12568312301,Marketplace,Central Market,6.969991,80.7673852
12581915582,Marketplace,Unknown,7.1643073,79.8830098
12581943207,Marketplace,Unknown,7.1633963,79.8830584
12588999401,Marketplace,Fish market,9.8282135,80.2398946
12618001007,Marketplace,Unknown,6.9371107,79.8541665
12628120501,Marketplace,Vegetables and Fruits Market,6.9373244,79.8542061
12880825242,Marketplace,Fruit store,6.8558233,80.0894523
12880880868,Marketplace,vegetable,6.8580551,80.0918549
13146729890,Marketplace,Unknown,5.9471796,80.4487771
13392156995,Marketplace,Fish Market,6.8761507,79.9912817
13718430466,Marketplace,oluvil main market,7.2902425,81.8597838
