Outlet_ID,Predicted_Volume_Liters_2026_01
OUT_00001,955.616384615176
OUT_00002,1021.4106861000774
OUT_00003,818.2058052082543
OUT_00004,1083.1755186582825
OUT_00005,990.209707986462
OUT_00006,1042.9845795008491
OUT_00007,716.040539656238
OUT_00008,752.0972271689778
OUT_00009,960.1748056151574
OUT_00010,716.1174185562752
OUT_00011,1049.61151095618
OUT_00012,890.6787018485778
OUT_00013,717.1606018449335
OUT_00014,729.8343173631366
OUT_00015,891.110719562855
OUT_00016,963.1681814431151
OUT_00017,875.064762471502
OUT_00018,774.2844101973981
OUT_00019,1062.2285218278996
OUT_00020,971.404691281622
OUT_00021,1037.735819505809
OUT_00022,1043.09196341996
OUT_00023,1004.2210491217232
OUT_00024,1135.0190719163895
OUT_00025,1116.3369735664076
OUT_00026,934.6692146395156
OUT_00027,937.8019148488596
OUT_00028,1114.8247422839097
OUT_00029,703.5108348214005
OUT_00031,928.2567537638008
OUT_00032,873.7329694333355
OUT_00033,750.5892621633895
OUT_00034,923.7059278847116
OUT_00035,1124.478827422145
OUT_00036,904.234657309208
OUT_00037,1007.124822152062
OUT_00038,1085.8077933826955
OUT_00039,918.8811485837508
OUT_00040,814.0192321075151
OUT_00041,960.7418210343176
OUT_00042,950.7087990983084
OUT_00043,464.0318720241446
OUT_00044,856.6470055909147
OUT_00045,1001.3403124971588
OUT_00046,505.5209461935297
OUT_00047,1134.392410210567
OUT_00048,470.1000792415852
OUT_00049,895.3929739330758
OUT_00050,712.4708399244156
OUT_00051,1131.384248982502
OUT_00052,972.0113816548416
OUT_00053,997.0120079698944
OUT_00054,916.6849404961048
OUT_00055,1060.2645236097212
OUT_00056,1079.2887607939288
OUT_00057,769.9357408310448
OUT_00058,1175.8701962342543
OUT_00059,792.2871646940797
OUT_00060,853.5273199246618
OUT_00061,815.9272649437614
OUT_00062,828.2269671063118
OUT_00063,833.6835451377955
OUT_00064,744.3912899376145
OUT_00065,708.3283034552945
OUT_00066,807.4383980429246
OUT_00067,693.454367459275
OUT_00068,676.457403221307
OUT_00069,635.0221867119402
OUT_00070,791.3181793952546
OUT_00071,791.0290921969855
OUT_00072,815.0289302499258
OUT_00073,777.758852592432
OUT_00074,740.8428200152276
OUT_00075,648.0219806105431
OUT_00076,790.0583579223684
OUT_00077,839.0574320478572
OUT_00078,779.1450233481493
OUT_00079,716.3864113138192
OUT_00080,714.9982028782142
OUT_00081,793.4334880009636
OUT_00082,730.4335376342624
OUT_00083,720.8489775712576
OUT_00084,578.1629732840858
OUT_00085,708.2552221776197
OUT_00086,523.3009300327702
OUT_00087,715.0323490761333
OUT_00088,693.5436135137353
OUT_00089,597.1758896701155
OUT_00091,679.7795862553346
OUT_00092,776.775376622137
OUT_00093,770.859210386178
OUT_00094,603.6335949524372
OUT_00095,807.5333712191721
OUT_00096,812.7715240929297
OUT_00097,539.7199123666163
OUT_00098,723.8106995050252
OUT_00099,662.5687040938253
OUT_00100,544.5543513523976
OUT_00101,713.563520688323
OUT_00102,747.3031664513663
OUT_00103,631.1072358118976
OUT_00104,648.4675173482235
OUT_00105,838.4319831720411
OUT_00106,690.7735008705416
OUT_00107,549.1774631666007
OUT_00108,749.9436905066226
OUT_00109,775.597317946121
OUT_00110,774.6789117094437
OUT_00111,809.0527426461367
OUT_00112,819.915279415591
OUT_00113,798.7592288535451
OUT_00114,658.2482169149565
OUT_00115,616.9627758210945
OUT_00116,690.8862046792358
OUT_00117,805.9855321639532
OUT_00118,837.3281038678552
OUT_00119,656.6746948207171
OUT_00120,691.4601612017491
OUT_00121,830.6121562906283
OUT_00122,773.1930316767645
OUT_00123,747.889449971602
OUT_00124,765.0861526452618
OUT_00125,663.9776673369444
OUT_00126,485.2986015538887
OUT_00127,704.4627211150417
OUT_00128,708.7352020530469
OUT_00129,741.7626140503041
OUT_00130,693.6809675373166
OUT_00131,815.1469382427948
OUT_00132,665.6295111280708
OUT_00133,544.4061188813257
OUT_00134,515.4858118677361
OUT_00135,686.7838433058428
OUT_00136,763.3985360446056
OUT_00137,806.5942496064024
OUT_00138,501.5450901903251
OUT_00139,779.0327576977262
OUT_00140,737.0598174695696
OUT_00141,789.8230419374369
OUT_00142,810.6373455983853
OUT_00143,549.3822079553619
OUT_00144,610.6582308332138
OUT_00145,517.929076372295
OUT_00146,844.8483833954377
OUT_00147,485.93619651462825
OUT_00148,766.5683638353079
OUT_00149,682.741059364741
OUT_00150,758.3383024679741
OUT_00151,672.7444081836161
OUT_00152,858.4554557090473
OUT_00153,740.5578091787585
OUT_00154,595.7219588776476
OUT_00155,837.5990315531512
OUT_00156,514.823963060049
OUT_00157,803.1545255006222
OUT_00158,588.171192796934
OUT_00159,699.7247806421058
OUT_00160,735.6882433093809
OUT_00161,651.5280187291638
OUT_00162,677.3498119976215
OUT_00163,543.7723911152299
OUT_00164,813.0862321346465
OUT_00165,780.5833087165568
OUT_00166,722.0452215043351
OUT_00167,830.446057569576
OUT_00168,610.5982498453583
OUT_00169,664.187089963314
OUT_00170,727.5415836633073
OUT_00172,646.950082414607
OUT_00173,525.4505467987789
OUT_00174,521.9050101929009
OUT_00175,745.7293212880943
OUT_00176,599.0558629030816
OUT_00177,715.6757107426474
OUT_00178,773.0459256699526
OUT_00179,461.537554952975
OUT_00180,764.4051065906987
OUT_00181,530.4392373194231
OUT_00182,763.9813709456365
OUT_00183,744.3660543668116
OUT_00184,694.6846031780216
OUT_00185,753.7305040283304
OUT_00186,831.192716558017
OUT_00187,699.6439968459987
OUT_00188,768.0196622833685
OUT_00189,751.453517955894
OUT_00190,596.0160234409699
OUT_00191,756.6350742745523
OUT_00192,732.4342484161156
OUT_00193,713.4222925576017
OUT_00194,717.8118095120042
OUT_00195,683.8462318068115
OUT_00196,709.0199404772861
OUT_00197,654.5001719312702
OUT_00198,834.7369982839595
OUT_00199,737.8953176595464
OUT_00200,756.3413881988162
OUT_00201,398.6858182591407
OUT_00202,664.625038706409
OUT_00203,797.3055684539736
OUT_00204,701.5521306616645
OUT_00205,817.4448964089834
OUT_00206,662.8727049448884
OUT_00207,709.6285996919048
OUT_00208,642.4681890380184
OUT_00209,743.0775028550499
OUT_00210,715.6478917174247
OUT_00211,718.6885697941494
OUT_00212,783.866254484415
OUT_00213,738.855479659464
OUT_00214,525.8722317495818
OUT_00215,835.5262125970081
OUT_00216,802.9774370999091
OUT_00217,813.4179216376273
OUT_00218,768.4968411735894
OUT_00219,773.8111978468485
OUT_00220,579.5924322592456
OUT_00221,777.6185487564388
OUT_00222,757.3113337432286
OUT_00223,818.4393537355072
OUT_00224,568.7574286764853
OUT_00225,778.9078397523674
OUT_00226,654.2484543906029
OUT_00227,789.0372222959556
OUT_00228,718.1392795943339
OUT_00229,727.1321688066104
OUT_00230,719.3365753380435
OUT_00231,725.3273095596411
OUT_00232,801.0637180241615
OUT_00233,778.6790155103669
OUT_00234,799.7167154296628
OUT_00235,690.3810242123773
OUT_00236,531.8163390126169
OUT_00237,609.6911294044578
OUT_00238,790.2127092982201
OUT_00239,703.61899031433
OUT_00240,686.4849223176946
OUT_00241,807.3895174385965
OUT_00242,696.7679631783102
OUT_00243,749.3970314118511
OUT_00244,410.3081244427498
OUT_00245,694.0209401723517
OUT_00246,818.4308913844925
OUT_00247,805.9306876701933
OUT_00248,665.5549894805425
OUT_00249,688.4722179105064
OUT_00250,764.8588946791655
OUT_00251,646.0655764855284
OUT_00253,520.8818290249385
OUT_00254,575.19013271301
OUT_00255,778.0410411076339
OUT_00256,636.3645487612413
OUT_00257,799.3282889246277
OUT_00258,759.9511791580719
OUT_00259,553.924954624777
OUT_00260,618.2997505476859
OUT_00261,760.6288738567235
OUT_00262,791.6202519057852
OUT_00263,667.5254609341346
OUT_00264,817.0143182257495
OUT_00265,722.78471539664
OUT_00266,815.4073284516392
OUT_00267,789.9022478302982
OUT_00268,676.3352262199328
OUT_00269,718.030915779966
OUT_00270,745.0220459130064
OUT_00271,526.6892319507687
OUT_00272,711.3576833673092
OUT_00273,783.1143696150256
OUT_00274,694.7649039729886
OUT_00275,781.4119575518466
OUT_00276,633.118069567714
OUT_00277,750.9815074309132
OUT_00278,788.4590565846511
OUT_00279,687.6465786463114
OUT_00280,703.7729620346129
OUT_00281,728.2242498597219
OUT_00282,628.635683093804
OUT_00283,711.7768515001093
OUT_00284,510.0963763049519
OUT_00285,495.3582169848926
OUT_00286,762.346847421582
OUT_00287,512.8043714196602
OUT_00288,802.8918122928582
OUT_00289,691.7147128369031
OUT_00290,766.8603102738226
OUT_00291,731.6442844284414
OUT_00292,511.4474456738075
OUT_00293,554.1776559047305
OUT_00294,696.829901486764
OUT_00295,514.0004000875108
OUT_00296,798.0535732338989
OUT_00297,738.1700891698807
OUT_00298,700.0439717181335
OUT_00299,790.7617716507563
OUT_00300,491.70648846585647
OUT_00301,753.5995519055126
OUT_00302,771.0110870028058
OUT_00303,883.5269766830611
OUT_00304,705.5434769493152
OUT_00305,644.5258790016996
OUT_00306,527.3219431293533
OUT_00307,715.9522654811936
OUT_00308,746.3415504603397
OUT_00309,746.1805771660522
OUT_00310,476.0575694017777
OUT_00311,815.6966558604421
OUT_00312,486.9390336056101
OUT_00313,807.0802633659287
OUT_00314,688.7796214182184
OUT_00315,735.758802398579
OUT_00316,542.7338767044633
OUT_00317,780.3317819917952
OUT_00318,778.7455142862367
OUT_00319,699.1172167202162
OUT_00320,671.2277846839866
OUT_00321,703.6186218609421
OUT_00322,535.1603527359948
OUT_00323,554.2177149070905
OUT_00324,492.7042864230256
OUT_00325,505.9790454982347
OUT_00326,877.7361471076634
OUT_00327,704.5163925969746
OUT_00328,676.568624437738
OUT_00329,512.1743020266833
OUT_00330,753.0693185938635
OUT_00331,712.2982206550134
OUT_00332,533.9238074504932
OUT_00333,649.5570579361963
OUT_00334,752.2440655214008
OUT_00335,673.5177398195367
OUT_00336,712.7609017443576
OUT_00337,766.9477171411052
OUT_00338,796.0509633560409
OUT_00339,817.0939051829941
OUT_00340,562.0770122229915
OUT_00341,773.183248947906
OUT_00342,724.685671206197
OUT_00343,654.6840405633887
OUT_00344,736.0972559276141
OUT_00345,664.5298825684245
OUT_00346,791.6704365932562
OUT_00347,769.6989421736595
OUT_00348,775.4268215102135
OUT_00349,708.4240448159654
OUT_00350,521.5849564205794
OUT_00351,843.627134618667
OUT_00352,645.4450620818561
OUT_00353,807.2771561949236
OUT_00354,718.8455505155131
OUT_00355,775.204120155953
OUT_00356,786.872910732738
OUT_00357,705.6283617770791
OUT_00358,634.4048837168214
OUT_00359,767.9635901106869
OUT_00360,520.805336115085
OUT_00361,801.3378080543681
OUT_00362,772.9429437530094
OUT_00363,810.133819925802
OUT_00364,713.2033890198691
OUT_00365,642.695226387507
OUT_00366,698.4788022227699
OUT_00367,814.4310730039915
OUT_00368,814.3600899182385
OUT_00369,788.8399864989926
OUT_00370,794.0131869305259
OUT_00371,549.7504350591837
OUT_00372,681.5265378025712
OUT_00373,718.6801889825143
OUT_00374,681.2593063738129
OUT_00375,478.63137276499566
OUT_00376,772.8476960041866
OUT_00377,784.7178961940723
OUT_00378,785.6658002828523
OUT_00379,735.8464942100375
OUT_00380,511.1571532857433
OUT_00381,733.0884058008996
OUT_00382,697.6780900954935
OUT_00383,741.5904881617657
OUT_00384,828.609863271686
OUT_00385,524.3076252890746
OUT_00386,714.0836600742836
OUT_00387,756.881965601946
OUT_00388,680.1924562841167
OUT_00389,494.6469986932618
OUT_00390,749.9224402242329
OUT_00391,688.9109060102244
OUT_00392,703.1923437896941
OUT_00393,799.9855998752228
OUT_00394,794.9671837479046
OUT_00395,756.25734727206
OUT_00396,763.7739250991449
OUT_00397,720.9631960867532
OUT_00398,751.8038317170075
OUT_00399,601.4687219704614
OUT_00400,759.3531917176651
OUT_00401,36.25352673135933
OUT_00402,704.5936175838564
OUT_00403,199.6402195477881
OUT_00404,36.446887279529065
OUT_00405,196.08555591372053
OUT_00406,34.29013604138506
OUT_00407,43.36461425996192
OUT_00408,61.514803360477
OUT_00409,213.0226039207874
OUT_00410,140.53652415595482
OUT_00411,37.11421603284778
OUT_00412,46.419048061794186
OUT_00413,698.3339878547162
OUT_00414,42.41719968853635
OUT_00415,65.62671691205772
OUT_00416,137.4002788186765
OUT_00417,512.6135517701667
OUT_00418,137.32929745064797
OUT_00419,36.366327150771205
OUT_00420,36.749863275462936
OUT_00421,112.56868918289663
OUT_00422,128.59290774211675
OUT_00423,681.840558586133
OUT_00424,660.841362061772
OUT_00425,74.90332267466124
OUT_00426,200.39154194721604
OUT_00427,135.0169906844827
OUT_00428,1813.9229785190869
OUT_00429,169.15533816184492
OUT_00430,63.13106655937534
OUT_00431,47.277701611045856
OUT_00432,1755.1377254503752
OUT_00433,187.5884272306463
OUT_00434,1717.748551697677
OUT_00435,178.48730793816634
OUT_00436,51.96042973741308
OUT_00437,38.82594042335075
OUT_00438,215.47131327245185
OUT_00439,153.51417147403055
OUT_00440,49.94690754963126
OUT_00441,69.60025879008091
OUT_00442,41.565500566592746
OUT_00443,168.3693705704513
OUT_00444,183.69845323871417
OUT_00445,787.5914632723496
OUT_00446,74.1388122803505
OUT_00447,41.522832256668586
OUT_00448,70.92954221549424
OUT_00449,1879.0761094351697
OUT_00450,779.5616801927566
OUT_00451,32.35077456649333
OUT_00452,61.26595447829274
OUT_00453,170.87872327591927
OUT_00454,164.0972996570519
OUT_00455,1837.5138944677308
OUT_00456,173.96279438036007
OUT_00458,42.63837442626782
OUT_00459,110.08552188716352
OUT_00460,148.22706215308696
OUT_00461,51.61127534711963
OUT_00462,56.35208589998299
OUT_00463,727.4012280169185
OUT_00464,55.23366298161891
OUT_00465,210.82084301925727
OUT_00466,807.4699918607641
OUT_00467,34.91375244383702
OUT_00468,795.4914883239863
OUT_00469,69.6956902790108
OUT_00470,42.36795958049483
OUT_00471,125.4752390236999
OUT_00472,123.01199061148498
OUT_00473,31.716736374691763
OUT_00474,24.00493296934236
OUT_00475,37.56575142487929
OUT_00476,191.4619385374484
OUT_00477,75.13469582019835
OUT_00478,167.24194159979504
OUT_00479,44.26423270054015
OUT_00480,78.41700376621108
OUT_00481,37.019540976204375
OUT_00482,209.6394295327993
OUT_00483,43.67170106524044
OUT_00484,48.94678285273327
OUT_00485,133.63578572025406
OUT_00486,221.29638580597867
OUT_00487,41.31336378082978
OUT_00488,56.425686042307326
OUT_00489,219.13466315991627
OUT_00490,35.65988425373516
OUT_00491,42.55684738955578
OUT_00492,656.775935921817
OUT_00493,232.165415997646
OUT_00494,61.14762537350739
OUT_00495,34.72106364793392
OUT_00496,83.60572169064248
OUT_00497,193.56888759516127
OUT_00498,211.79055924747055
OUT_00499,132.13338724076584
OUT_00500,51.14125063766157
OUT_00501,193.10561152410256
OUT_00502,148.7012111951305
OUT_00503,634.3115348506931
OUT_00504,136.83853659899862
OUT_00505,47.4309283339952
OUT_00506,1862.8604388051808
OUT_00507,1303.743725283149
OUT_00508,201.03204434781003
OUT_00509,153.98949242327825
OUT_00510,125.62421089027126
OUT_00512,38.956483542458194
OUT_00513,36.07481739787135
OUT_00514,40.90014266751525
OUT_00515,739.0386290445009
OUT_00516,39.89249823615333
OUT_00517,194.47312352065904
OUT_00518,119.3437719898946
OUT_00519,63.82855246589011
OUT_00520,38.16590300019711
OUT_00521,31.448570827534184
OUT_00522,45.36789571183361
OUT_00523,47.76627279835852
OUT_00524,82.9860621434012
OUT_00525,691.4336336783597
OUT_00526,170.04190617939335
OUT_00527,240.68119553181944
OUT_00528,192.4730399040574
OUT_00529,210.5008219593923
OUT_00530,815.1666994411084
OUT_00531,38.63153425809125
OUT_00532,63.317290226225
OUT_00533,83.81291013227553
OUT_00534,790.8814006396456
OUT_00535,24.60299739496276
OUT_00536,29.457829393684456
OUT_00537,36.4060385809022
OUT_00538,38.17625196133754
OUT_00539,803.4823202940971
OUT_00540,38.877441540892384
OUT_00541,243.31490687489773
OUT_00542,30.34284256459176
OUT_00543,35.16797845248707
OUT_00544,36.81691807556604
OUT_00545,113.6441067331788
OUT_00546,151.92866340434733
OUT_00547,42.14452662688667
OUT_00548,36.36993091135081
OUT_00549,34.795599469634446
OUT_00550,193.70775011475524
OUT_00551,740.1618667229733
OUT_00552,46.83806559230677
OUT_00553,105.74136036984078
OUT_00554,38.74167146430589
OUT_00555,66.79253483396724
OUT_00556,140.55907086073387
OUT_00557,39.56940578622249
OUT_00558,31.60404925020939
OUT_00559,51.71657700310131
OUT_00560,177.42090552589625
OUT_00562,52.37331569099311
OUT_00563,66.67832510662839
OUT_00564,44.05705411007848
OUT_00565,137.4706644382231
OUT_00566,51.91787137121664
OUT_00567,757.0005842297243
OUT_00568,1888.642418306308
OUT_00569,47.67543210634742
OUT_00570,714.5280763910152
OUT_00571,33.91130807418355
OUT_00572,66.83999765712981
OUT_00573,716.4593891770603
OUT_00574,198.7598275244476
OUT_00575,52.7372503901605
OUT_00576,124.82884200396587
OUT_00577,755.829127557134
OUT_00578,43.34503939885539
OUT_00579,1859.901385454128
OUT_00580,825.3187076831723
OUT_00581,795.7900757190816
OUT_00583,55.221556721829465
OUT_00584,61.20006827216723
OUT_00585,194.43859964735535
OUT_00586,158.760410649018
OUT_00587,128.31875360698842
OUT_00588,27.000518942329244
OUT_00589,781.7064407218046
OUT_00590,123.82364849714536
OUT_00591,650.2019259414385
OUT_00592,53.196719317610345
OUT_00593,54.35253035126694
OUT_00594,192.4927653054506
OUT_00595,142.92725142333123
OUT_00596,40.08237025962092
OUT_00597,35.764521747332054
OUT_00598,38.4433939496547
OUT_00599,44.71926915991016
OUT_00601,214.33462860637584
OUT_00602,60.59596337244816
OUT_00603,818.5321362631352
OUT_00604,169.2871004229345
OUT_00605,43.24004196417699
OUT_00606,806.3419196274878
OUT_00607,644.869380090125
OUT_00608,214.5882527704277
OUT_00609,136.5432027520511
OUT_00610,730.469352052928
OUT_00611,52.08344898880907
OUT_00612,79.53130823071247
OUT_00613,67.05344762016826
OUT_00614,715.2070591099317
OUT_00615,34.68762921214846
OUT_00616,128.83235982768608
OUT_00617,180.98556293228452
OUT_00618,173.6653754793304
OUT_00619,1909.308399867196
OUT_00620,140.4277195139039
OUT_00621,203.49783149559815
OUT_00622,34.81928902162152
OUT_00623,66.4841438531417
OUT_00624,209.04039496437127
OUT_00625,200.0026668172297
OUT_00626,754.6502274227753
OUT_00627,104.25872745183702
OUT_00628,75.10017739834471
OUT_00629,214.06954251528836
OUT_00630,50.92144509308508
OUT_00631,51.66425962575581
OUT_00632,38.04447205290575
OUT_00633,792.143271560919
OUT_00634,223.99076711923053
OUT_00635,146.03080348864754
OUT_00636,145.35909023862115
OUT_00637,115.62935092642608
OUT_00638,227.2475919865434
OUT_00639,769.053931357825
OUT_00640,139.182348581877
OUT_00641,55.094221257897374
OUT_00642,121.80426845037944
OUT_00643,150.50137877425897
OUT_00644,249.12161675364172
OUT_00645,154.96482733066344
OUT_00646,37.783706248811406
OUT_00647,57.40562340268953
OUT_00648,200.9439223869396
OUT_00649,734.4350259928246
OUT_00650,184.14492263999983
OUT_00651,35.01524378707519
OUT_00652,136.6997612104037
OUT_00653,29.787758211515804
OUT_00654,66.79036602109102
OUT_00655,44.34750917521969
OUT_00656,145.6861868736847
OUT_00657,47.93114443574588
OUT_00658,149.96518572571193
OUT_00659,60.700808094473416
OUT_00660,710.6085714668942
OUT_00661,133.00244706509747
OUT_00662,223.6094680959911
OUT_00663,145.9109481128782
OUT_00664,41.1558314806001
OUT_00665,48.87763882981096
OUT_00666,761.5678032660247
OUT_00667,144.65205715404915
OUT_00668,45.50185347495854
OUT_00669,37.97935218037117
OUT_00670,177.7785191017091
OUT_00671,226.8923065094656
OUT_00672,41.50298583481176
OUT_00673,181.33321133118187
OUT_00674,501.026959923748
OUT_00675,48.693519221465934
OUT_00676,53.77486042875181
OUT_00677,226.02395813905065
OUT_00679,92.0175303316802
OUT_00680,149.29970108557598
OUT_00681,40.885196182932496
OUT_00682,46.06132333946221
OUT_00683,188.76524475673293
OUT_00684,1863.8379823454163
OUT_00685,41.45204145004552
OUT_00686,739.6641513000851
OUT_00687,750.8826356311405
OUT_00688,48.22528281660634
OUT_00689,1889.7806571546157
OUT_00690,59.77453251264406
OUT_00691,1880.559862401016
OUT_00692,44.86697426744599
OUT_00693,237.05637133162423
OUT_00694,806.1603772923501
OUT_00695,45.01406432118368
OUT_00696,40.48601529837878
OUT_00697,175.99106252703794
OUT_00698,754.1091891439335
OUT_00699,768.5693277216706
OUT_00700,56.7403358066685
OUT_00701,42.29827293931089
OUT_00702,36.83677378700251
OUT_00703,127.07458801786224
OUT_00704,199.9200532807265
OUT_00705,49.9300842420028
OUT_00706,136.78152126846803
OUT_00707,62.78943149706175
OUT_00708,29.08967512213755
OUT_00709,50.512092791721486
OUT_00710,139.43528353332482
OUT_00711,53.67167593081311
OUT_00712,752.048481872678
OUT_00713,53.634557576633846
OUT_00714,33.42966764012741
OUT_00715,147.74154826146412
OUT_00716,41.951427783516
OUT_00717,707.8026286703906
OUT_00718,51.67517612042897
OUT_00719,45.23778724047713
OUT_00720,529.6984804004024
OUT_00721,39.93711228557431
OUT_00722,141.73245617949047
OUT_00723,46.089568529340376
OUT_00724,35.49676621746884
OUT_00725,36.2019313003504
OUT_00726,796.0347745019521
OUT_00727,239.68630693727988
OUT_00728,612.3375934099388
OUT_00729,35.6522333231332
OUT_00730,135.488701067034
OUT_00731,704.7348832180875
OUT_00732,210.9443934473764
OUT_00733,157.59604870470218
OUT_00734,605.7124358918163
OUT_00735,59.75481859488661
OUT_00736,640.0232095814513
OUT_00737,534.761848088184
OUT_00738,21.471784047762256
OUT_00739,79.69971358278826
OUT_00740,174.75350503008582
OUT_00741,101.5358882679298
OUT_00742,1899.6607416700688
OUT_00743,74.39204690218203
OUT_00744,78.51020323714961
OUT_00745,192.69455345808208
OUT_00746,665.279858348341
OUT_00747,146.69330957604998
OUT_00748,72.50522354495244
OUT_00749,183.76455488677135
OUT_00750,115.16475569790212
OUT_00751,58.71984988095627
OUT_00752,51.81249887288651
OUT_00753,756.2653306850239
OUT_00754,62.14477424060933
OUT_00755,709.8373951834217
OUT_00756,96.17246025983486
OUT_00757,124.2053870271258
OUT_00758,59.04916503161788
OUT_00759,26.288744519645395
OUT_00760,38.45303288901655
OUT_00761,117.55091398943362
OUT_00762,48.903905398189416
OUT_00763,35.930565753262336
OUT_00764,213.9271424327132
OUT_00765,31.5066542039456
OUT_00766,33.64602930605453
OUT_00767,214.66522367086304
OUT_00768,33.84562639222618
OUT_00769,185.8438916418987
OUT_00770,37.20285781609464
OUT_00771,223.0281489532684
OUT_00772,159.39293215154674
OUT_00773,731.2251442988061
OUT_00774,38.37985883711528
OUT_00775,190.10413977422945
OUT_00776,53.675312309875096
OUT_00777,34.1231104862455
OUT_00778,1833.159620827404
OUT_00779,145.89901787578276
OUT_00780,34.749485212000614
OUT_00781,44.86689483886958
OUT_00782,62.44842029211556
OUT_00783,32.8303874675939
OUT_00784,43.81787117161576
OUT_00785,135.75647467250425
OUT_00786,56.53017664620954
OUT_00787,200.17590506615716
OUT_00788,198.1016564262194
OUT_00789,706.9981996387871
OUT_00790,65.01419452689473
OUT_00791,1319.6174988755756
OUT_00792,782.7836492788095
OUT_00794,37.37785256299166
OUT_00795,688.0132746038669
OUT_00796,45.03396797010044
OUT_00797,181.3875365485944
OUT_00798,124.65284537413974
OUT_00799,706.8942247630727
OUT_00800,516.7157627694186
OUT_00801,35.80578595923489
OUT_00802,46.49488589552489
OUT_00803,188.64176064822647
OUT_00804,44.09055728071826
OUT_00805,43.789923380282254
OUT_00806,50.73744105247045
OUT_00807,78.89140712738333
OUT_00808,129.052579534581
OUT_00809,210.02801639227755
OUT_00810,72.4495306047636
OUT_00811,42.95253521430062
OUT_00812,37.899668277849614
OUT_00813,37.88787543566546
OUT_00814,72.24066354693878
OUT_00815,1899.0673194955675
OUT_00816,47.40329612420814
OUT_00817,36.22838080653572
OUT_00818,65.30188982126923
OUT_00819,36.36136029845946
OUT_00820,39.228830705026205
OUT_00821,69.94094633483923
OUT_00822,101.85744266410576
OUT_00823,749.319472579132
OUT_00824,46.897928976755445
OUT_00825,159.27541664774645
OUT_00826,136.64150451855977
OUT_00827,78.19909728959813
OUT_00828,182.1835221019468
OUT_00829,41.30955225351131
OUT_00830,62.03641539754427
OUT_00831,58.85634845122571
OUT_00832,46.16646324714149
OUT_00833,206.60571614469623
OUT_00834,161.32290157519495
OUT_00835,213.24163940210764
OUT_00836,123.334576412199
OUT_00837,510.6892431609427
OUT_00838,204.1072224484454
OUT_00839,48.55838211952456
OUT_00840,1303.2450823773138
OUT_00841,24.41796523323037
OUT_00842,52.14676844725586
OUT_00844,43.62242516830474
OUT_00845,161.9483698879352
OUT_00846,29.03800399204437
OUT_00847,104.88117891155233
OUT_00848,210.60075114995703
OUT_00849,137.42044242525742
OUT_00850,59.72867652417713
OUT_00851,38.36651755385272
OUT_00852,120.30137398737514
OUT_00853,1870.2956257336564
OUT_00854,208.824266900677
OUT_00855,41.33494952447485
OUT_00856,1303.801203700869
OUT_00857,685.2320915973065
OUT_00858,41.12254543271481
OUT_00859,51.84880042674689
OUT_00860,33.7820617058408
OUT_00861,49.85668360062652
OUT_00862,59.4063656574745
OUT_00863,42.99663069495885
OUT_00864,44.61807244943999
OUT_00865,189.8805354205666
OUT_00866,178.38440028263176
OUT_00867,125.49864545674288
OUT_00868,43.217280822886615
OUT_00869,34.677425991709256
OUT_00870,137.1641089693982
OUT_00871,710.7710927383897
OUT_00872,53.84453550266177
OUT_00873,708.7554398257749
OUT_00874,184.1048747500995
OUT_00875,65.78903128798355
OUT_00876,30.08736747522545
OUT_00877,715.6892127571539
OUT_00878,188.75070446749208
OUT_00879,189.7126127733232
OUT_00880,36.114083020674535
OUT_00881,733.1148321257426
OUT_00882,68.8655674276201
OUT_00883,71.1148513526868
OUT_00884,208.81972268216404
OUT_00885,205.35972650184567
OUT_00886,1854.531635055734
OUT_00887,49.11420784161214
OUT_00888,43.45198345316651
OUT_00889,228.958155833814
OUT_00890,196.09216921434705
OUT_00891,164.8960976891155
OUT_00892,44.04138004998627
OUT_00893,34.08757685095987
OUT_00894,64.02902361089097
OUT_00895,146.6888715948309
OUT_00896,49.95528098431264
OUT_00897,227.18760667868983
OUT_00898,39.995078481259405
OUT_00899,40.44191298499135
OUT_00900,47.11019481772087
OUT_00901,73.92276659962496
OUT_00902,49.08354746533953
OUT_00903,523.9785027184082
OUT_00904,45.34191722211377
OUT_00905,55.58115126550161
OUT_00906,759.8600577136001
OUT_00907,52.117936891533546
OUT_00908,75.90982507234501
OUT_00909,48.48947457540071
OUT_00910,46.820264661337255
OUT_00911,48.87730313688077
OUT_00912,699.387926477516
OUT_00913,150.623658853324
OUT_00914,166.93917404680698
OUT_00915,36.76940703069218
OUT_00916,204.99134830586087
OUT_00917,136.69490650858023
OUT_00918,822.0631151030749
OUT_00919,67.98247136840355
OUT_00920,184.76704068476565
OUT_00921,198.26448755465475
OUT_00922,51.68790973773184
OUT_00923,506.53836663320254
OUT_00924,47.02720384254342
OUT_00925,80.96754653502317
OUT_00926,34.442797297993856
OUT_00927,31.961871209713244
OUT_00928,34.68985965510697
OUT_00929,201.7089134374962
OUT_00930,136.4492718243473
OUT_00931,38.99780022163574
OUT_00932,59.31836555351956
OUT_00933,554.64716447217
OUT_00934,531.1007659225701
OUT_00935,221.5763987017896
OUT_00936,44.00495836597816
OUT_00937,759.5233931508006
OUT_00938,138.28658310749046
OUT_00939,44.14997165089134
OUT_00940,66.18191468758462
OUT_00941,132.68812034490534
OUT_00942,163.0698288107466
OUT_00943,462.9526258153612
OUT_00944,46.95923766763231
OUT_00945,206.6766856876924
OUT_00946,62.16061907265663
OUT_00947,38.11581841963786
OUT_00948,53.27272889753525
OUT_00949,39.57872737393299
OUT_00950,41.0715707346635
OUT_00951,93.57340865405824
OUT_00952,503.95621000998176
OUT_00953,67.40656106740576
OUT_00954,652.7909035461928
OUT_00955,140.44292915225208
OUT_00956,110.31427927741662
OUT_00957,32.01516261441489
OUT_00958,62.1031067331656
OUT_00959,49.364705967928536
OUT_00960,495.4037795995183
OUT_00961,37.42241728977044
OUT_00962,221.9012286066456
OUT_00963,142.62032033855942
OUT_00964,32.53267701501088
OUT_00965,1904.390411894522
OUT_00966,42.40079314086382
OUT_00967,46.90271907072179
OUT_00968,41.103356546062734
OUT_00969,138.3898850437841
OUT_00970,37.58830258809013
OUT_00971,55.07626421972885
OUT_00972,135.50481181021553
OUT_00973,702.8658070852848
OUT_00974,57.025503643249856
OUT_00975,48.05276130006786
OUT_00976,137.19619399447637
OUT_00977,60.25323190978087
OUT_00978,80.29328509822402
OUT_00979,50.86084245719302
OUT_00980,49.00432676196986
OUT_00981,125.98348719771062
OUT_00982,34.29891807677516
OUT_00983,43.48004770968806
OUT_00984,85.32853297979382
OUT_00985,186.8412150012352
OUT_00986,674.6569396498077
OUT_00987,36.4424745317255
OUT_00988,135.90873763701177
OUT_00989,57.11198270963349
OUT_00990,788.1333575072498
OUT_00991,64.61683537145198
OUT_00992,177.84321333106718
OUT_00993,64.33216689873105
OUT_00994,826.5289375442618
OUT_00995,762.3290391337953
OUT_00996,1953.954116384172
OUT_00997,211.19078184016377
OUT_00998,186.20743312266296
OUT_00999,169.49289092703202
OUT_01000,77.16928808099583
OUT_01001,43.5867906600223
OUT_01002,37.36022641541893
OUT_01003,48.841851457460656
OUT_01004,44.80462466075073
OUT_01005,146.2772912109645
OUT_01006,1927.0209767985652
OUT_01007,63.58368342707349
OUT_01008,131.2182890158147
OUT_01009,46.11582284000918
OUT_01010,145.4195818825853
OUT_01011,200.44684747252964
OUT_01012,240.50809676091197
OUT_01013,43.16324400778653
OUT_01014,138.40549737905428
OUT_01015,127.5894516409987
OUT_01016,144.99622198556497
OUT_01017,65.3946997638499
OUT_01018,805.2641258457866
OUT_01019,50.29393568183412
OUT_01020,51.47834226535014
OUT_01021,49.15335850131073
OUT_01022,71.62863774487572
OUT_01023,621.2238043563374
OUT_01024,57.38987533174985
OUT_01025,190.55633503653956
OUT_01026,134.18894116567745
OUT_01027,75.2161890157826
OUT_01028,53.46479603980782
OUT_01029,37.76732913500143
OUT_01030,46.99283207255175
OUT_01031,48.939428459331175
OUT_01032,1880.234431212277
OUT_01033,44.914413238962
OUT_01034,50.14945956340495
OUT_01035,185.66992450171705
OUT_01036,805.5099405128035
OUT_01037,157.0237612845111
OUT_01038,195.82844910969243
OUT_01039,241.442871677067
OUT_01040,144.40697582251542
OUT_01041,194.1535344397353
OUT_01042,35.73533030061784
OUT_01043,43.72964289270229
OUT_01044,1825.726526950878
OUT_01045,41.4526022429215
OUT_01046,35.53298879957084
OUT_01047,37.03671955594593
OUT_01048,35.73205627652699
OUT_01049,182.11802067165047
OUT_01050,55.8655479706193
OUT_01051,191.2300311997501
OUT_01052,28.794831665974595
OUT_01053,45.37863733498996
OUT_01054,181.9437754128079
OUT_01055,28.555598957604897
OUT_01056,122.90846446368364
OUT_01057,36.53894018502254
OUT_01058,153.2605057846616
OUT_01059,196.1132908532585
OUT_01060,210.07647220694267
OUT_01061,1851.532381143676
OUT_01062,40.82972465081296
OUT_01063,40.108635483113794
OUT_01064,48.732169779080856
OUT_01065,37.49184331713699
OUT_01066,41.854232350353314
OUT_01067,39.71520952567156
OUT_01068,62.92408636832625
OUT_01069,156.16588013242935
OUT_01070,43.23069171275928
OUT_01071,49.45371162253767
OUT_01072,155.88505609045424
OUT_01073,742.7147017323018
OUT_01074,136.43615771783024
OUT_01075,215.51450965184648
OUT_01076,155.25247303357452
OUT_01077,48.902129488886445
OUT_01078,34.71553157505958
OUT_01079,729.7522034048383
OUT_01080,145.05983995692029
OUT_01081,71.0987035004672
OUT_01082,40.14101578093891
OUT_01083,33.822696310339154
OUT_01084,41.15262077536806
OUT_01085,499.4794283687188
OUT_01086,169.65816054782033
OUT_01087,53.40364261977312
OUT_01088,42.539708786056025
OUT_01089,39.62235833458533
OUT_01090,800.4513091347922
OUT_01091,27.04020543208276
OUT_01092,46.17033138690094
OUT_01093,156.17500287178362
OUT_01094,66.75327530100465
OUT_01095,69.92795268417518
OUT_01096,59.65270534466784
OUT_01097,243.42539862363623
OUT_01098,41.3163270739628
OUT_01099,786.91415535254
OUT_01100,1254.900186229353
OUT_01101,35.99414295482256
OUT_01102,234.0203187069183
OUT_01103,47.11752957384194
OUT_01104,34.56519372116627
OUT_01105,514.1766729863054
OUT_01106,60.65064416017705
OUT_01107,777.3831838623536
OUT_01108,1865.334524388068
OUT_01109,191.30933878281493
OUT_01110,170.2630433228001
OUT_01111,237.16278411801076
OUT_01112,58.87120234151909
OUT_01113,35.39385044394164
OUT_01114,44.32010870729977
OUT_01115,149.5655309953008
OUT_01116,240.60570227237545
OUT_01117,13.43601266795734
OUT_01118,39.347094319159886
OUT_01119,44.62495071389555
OUT_01120,42.5192379905054
OUT_01121,211.1938379210628
OUT_01122,30.414390052026988
OUT_01123,144.24269410336905
OUT_01124,1895.7872510383943
OUT_01125,49.23720821041456
OUT_01126,54.29593077832463
OUT_01127,58.00870938420987
OUT_01128,44.79025944521521
OUT_01129,75.47796086038626
OUT_01130,804.8190992889786
OUT_01131,45.56910622258803
OUT_01132,65.81381067462364
OUT_01133,758.0448699360533
OUT_01134,799.6237837252017
OUT_01135,514.2583441082122
OUT_01136,65.12950130551803
OUT_01137,123.47426926535896
OUT_01138,188.9494019953681
OUT_01139,45.38381117618481
OUT_01140,36.6833585966686
OUT_01141,30.788942413289107
OUT_01142,142.04879035776375
OUT_01143,36.79856705561125
OUT_01144,51.60502901081518
OUT_01145,230.6623503770697
OUT_01146,1864.458816352964
OUT_01147,55.78932923847599
OUT_01148,97.86524833153692
OUT_01149,126.08704865037268
OUT_01150,40.4565753970783
OUT_01151,33.35799638158336
OUT_01152,1917.885635119575
OUT_01153,743.2640680104313
OUT_01154,46.19376843545695
OUT_01155,52.33495985813097
OUT_01156,119.22217251539176
OUT_01157,133.5082245077082
OUT_01158,42.97250798879779
OUT_01159,33.34628952583963
OUT_01160,35.13891751945414
OUT_01161,44.57910875381875
OUT_01162,36.43753053515913
OUT_01163,33.75250588034368
OUT_01164,783.6561401609199
OUT_01165,43.657240919342826
OUT_01166,163.65554141871473
OUT_01167,47.46145152171614
OUT_01168,74.27609180369268
OUT_01169,39.877246620750334
OUT_01170,46.53060631289591
OUT_01171,41.87210563204323
OUT_01172,33.741877470700594
OUT_01173,185.947526476657
OUT_01174,40.50124279787129
OUT_01175,719.9159667068012
OUT_01176,164.8087008416428
OUT_01177,36.87267580938381
OUT_01178,699.8375976318944
OUT_01179,149.1734751604426
OUT_01180,173.57091994678296
OUT_01181,45.02013403025998
OUT_01182,165.30441109454466
OUT_01183,44.93342141914294
OUT_01184,41.256977137205176
OUT_01185,37.3471272066355
OUT_01186,37.98894261513335
OUT_01187,57.24342992175883
OUT_01188,48.10578971849668
OUT_01189,72.33219318287784
OUT_01190,54.27206145088037
OUT_01191,143.1255939503275
OUT_01192,46.31358041823245
OUT_01193,31.669065185681813
OUT_01194,62.169106370320144
OUT_01195,146.3255463953926
OUT_01196,34.88071991527158
OUT_01197,638.993503682263
OUT_01198,126.73841481375652
OUT_01199,59.34948513180559
OUT_01200,27.516120697419893
OUT_01201,46.52972193044405
OUT_01202,44.3810897509827
OUT_01203,794.9914110324866
OUT_01204,184.1334315973429
OUT_01205,37.72285044574949
OUT_01206,55.32696990838132
OUT_01207,1838.8095293743213
OUT_01208,66.83914074971015
OUT_01209,52.64233612109791
OUT_01210,223.76116840672816
OUT_01211,208.95964536310996
OUT_01212,1871.9325607091232
OUT_01213,63.40169413745664
OUT_01214,713.7295796539621
OUT_01215,733.0588146164193
OUT_01217,793.6988419640822
OUT_01218,230.126274467053
OUT_01219,28.85881159172997
OUT_01220,129.8803250735494
OUT_01221,1842.5184407392403
OUT_01222,86.56512793465515
OUT_01223,153.2381949477968
OUT_01224,111.32532294304704
OUT_01225,139.80675415050862
OUT_01226,54.758494794793336
OUT_01227,46.7683778559961
OUT_01228,38.58494001160917
OUT_01229,45.30107181984659
OUT_01230,144.42781360647228
OUT_01231,48.68442759516902
OUT_01232,47.37190746431837
OUT_01233,161.38236117811084
OUT_01234,52.972005739502215
OUT_01235,113.32992189722025
OUT_01236,678.1608397226493
OUT_01237,52.696846023628055
OUT_01238,236.515888591944
OUT_01239,770.4836513737677
OUT_01240,38.84719649536429
OUT_01241,1869.115917381532
OUT_01242,71.81477128262458
OUT_01243,64.37205450808771
OUT_01244,80.33109788604733
OUT_01245,34.65365757446322
OUT_01246,754.3575309534717
OUT_01247,33.10245801367389
OUT_01248,34.460714039043566
OUT_01249,54.22426702258298
OUT_01250,148.30059656602862
OUT_01251,54.03930294785591
OUT_01252,54.673575572294645
OUT_01253,610.536547760984
OUT_01254,34.42019428586658
OUT_01255,49.43307241147431
OUT_01256,39.80153276990615
OUT_01257,43.05603576509692
OUT_01258,140.11531460886218
OUT_01259,30.811003751959344
OUT_01260,33.48654437293097
OUT_01261,35.30189808854603
OUT_01262,695.8142725292462
OUT_01263,520.2573545521009
OUT_01264,49.58269864801985
OUT_01265,146.69616912829648
OUT_01266,176.7481387698902
OUT_01267,546.1920325728587
OUT_01268,172.6755564866385
OUT_01269,43.41498904258233
OUT_01270,699.4413442250299
OUT_01271,47.14042853278426
OUT_01272,173.91125466247743
OUT_01273,828.4754358470984
OUT_01274,52.70731107628658
OUT_01275,75.73923975684711
OUT_01276,40.179898287073705
OUT_01277,40.79991573391359
OUT_01278,32.70374057446255
OUT_01279,180.64052655365248
OUT_01280,43.61408753675054
OUT_01281,141.18014634874834
OUT_01282,46.62753987858972
OUT_01283,39.388202901090445
OUT_01284,167.5166443471714
OUT_01285,45.96061922316595
OUT_01286,63.54483118374242
OUT_01287,628.2184433700064
OUT_01288,527.714658771472
OUT_01289,51.27839179357746
OUT_01290,188.08714638322368
OUT_01291,835.5485056160439
OUT_01292,759.3559750039282
OUT_01293,210.9651924949817
OUT_01294,61.50411550830336
OUT_01295,175.3821700280389
OUT_01296,61.18011825008199
OUT_01297,64.09802195858455
OUT_01298,159.998895614707
OUT_01299,1845.4783543968997
OUT_01300,116.52814721579756
OUT_01301,54.81859530657918
OUT_01302,37.72858452018001
OUT_01303,43.89424442193846
OUT_01304,773.4761228314043
OUT_01305,39.82190692741416
OUT_01306,170.0003109556678
OUT_01307,211.96673181813284
OUT_01308,33.3746369131719
OUT_01309,72.57252079058156
OUT_01310,46.74214465666923
OUT_01311,32.511534031705274
OUT_01312,56.841250973156704
OUT_01313,65.1518579626406
OUT_01314,181.7765602923872
OUT_01315,37.08355568998184
OUT_01316,1902.073778955553
OUT_01317,56.06871574517841
OUT_01318,46.09342106068259
OUT_01319,41.74591371872487
OUT_01320,54.48509625110509
OUT_01321,40.38623101311399
OUT_01322,61.752999011213625
OUT_01323,232.7800760487361
OUT_01324,37.77384178017374
OUT_01325,119.77490545741112
OUT_01326,49.074568470261
OUT_01327,47.49335866034293
OUT_01328,44.440419342125175
OUT_01329,50.27189182809048
OUT_01330,36.103151250919794
OUT_01331,807.6417260169221
OUT_01332,139.02104466265118
OUT_01333,44.83792350942185
OUT_01334,130.5916992182336
OUT_01335,38.9479556395908
OUT_01336,43.45571752090729
OUT_01337,71.84026093524534
OUT_01338,661.4885647911475
OUT_01339,42.96205074716652
OUT_01340,34.56818322595937
OUT_01341,47.20729733569698
OUT_01342,144.90732114642265
OUT_01343,51.01884983323115
OUT_01344,38.33529510672571
OUT_01345,34.445460258009774
OUT_01346,155.78928838730582
OUT_01347,122.462780944793
OUT_01348,204.34658272175665
OUT_01349,46.64090575337737
OUT_01350,131.97024985603116
OUT_01351,76.26479281640523
OUT_01352,713.5000023891608
OUT_01353,37.01742231177083
OUT_01355,594.2320482916728
OUT_01356,216.35808946374016
OUT_01357,38.45174465722718
OUT_01358,146.03512896351913
OUT_01359,46.19953633587805
OUT_01360,184.6267414352849
OUT_01361,39.00757460061153
OUT_01362,1852.3967489875088
OUT_01363,92.50786545363712
OUT_01364,132.6959958049556
OUT_01365,33.77274097851139
OUT_01366,169.98020471112898
OUT_01367,234.1679565234578
OUT_01368,58.023369599095616
OUT_01369,738.7057877095178
OUT_01370,37.0264212523197
OUT_01371,38.31189283368291
OUT_01372,109.46113408992784
OUT_01373,109.30248760694944
OUT_01374,229.39239660124213
OUT_01375,824.2109406869272
OUT_01376,1883.8235524981008
OUT_01377,123.6970128737127
OUT_01378,62.31349481166753
OUT_01379,78.72215976553868
OUT_01380,153.36759554190044
OUT_01381,44.92954280463334
OUT_01382,778.1518308324856
OUT_01383,172.2044348234089
OUT_01384,67.56853032770564
OUT_01385,103.03246339882682
OUT_01386,169.55251830568864
OUT_01387,47.59241566253054
OUT_01388,57.51849151914247
OUT_01389,794.6173780780609
OUT_01390,73.1842886681908
OUT_01391,810.9530115935414
OUT_01392,55.25453256389927
OUT_01393,63.17148404368328
OUT_01394,73.36935801796999
OUT_01395,141.2766297808873
OUT_01396,888.6628526591951
OUT_01397,30.82599557148116
OUT_01398,58.70073447094936
OUT_01399,48.66922260172434
OUT_01400,731.9445974672872
OUT_01401,139.4287804934879
OUT_01402,64.68987264098706
OUT_01403,178.41084743471794
OUT_01404,63.17303852140368
OUT_01405,30.9853855841324
OUT_01406,32.58720343112303
OUT_01407,49.47424453154163
OUT_01408,117.5409760565472
OUT_01409,684.5384123685451
OUT_01410,851.2089428773314
OUT_01411,487.1600751733839
OUT_01412,130.98636549647756
OUT_01413,189.48741601801729
OUT_01414,65.7890681744437
OUT_01415,40.07647862044494
OUT_01416,35.26652057429509
OUT_01417,157.9285082782568
OUT_01418,137.0173458735853
OUT_01419,172.9100805663015
OUT_01421,35.57008310913968
OUT_01422,48.28644847380906
OUT_01423,32.367196901726466
OUT_01424,59.672830044705385
OUT_01425,184.6780662047751
OUT_01426,46.87947011756355
OUT_01427,47.009951528853314
OUT_01429,34.35737373795056
OUT_01430,86.59658526473419
OUT_01432,42.86669103585535
OUT_01433,39.82004697271252
OUT_01434,33.84029012049352
OUT_01435,32.752524393061655
OUT_01436,123.72937241859626
OUT_01437,697.754046286087
OUT_01438,55.14343978509449
OUT_01439,194.72553861555343
OUT_01440,1883.8962377315108
OUT_01441,136.9253051814096
OUT_01442,107.02335585080267
OUT_01443,40.79975668579488
OUT_01444,127.44735373879274
OUT_01445,176.08954232395828
OUT_01446,49.77318169924545
OUT_01447,674.4032212671777
OUT_01448,138.0706211503152
OUT_01449,200.33120364411775
OUT_01450,41.71152846283971
OUT_01451,236.0333633950949
OUT_01452,44.43176982440849
OUT_01453,756.3076802889258
OUT_01454,35.00909661100925
OUT_01455,60.627385223209416
OUT_01456,60.84536567018925
OUT_01457,39.03595322713516
OUT_01458,154.32991538935246
OUT_01459,42.94414697330581
OUT_01460,172.16330610006818
OUT_01461,527.1492568060942
OUT_01462,30.46007056687756
OUT_01463,18.50396550491952
OUT_01464,34.495142751899
OUT_01465,58.81190907676152
OUT_01466,61.97730093499637
OUT_01467,26.070031752206265
OUT_01468,46.3505910748062
OUT_01469,53.78033087643253
OUT_01470,140.78873783162422
OUT_01471,1854.9453600758995
OUT_01472,1741.908063760416
OUT_01473,704.5743517624098
OUT_01474,68.30379983620719
OUT_01475,34.60833741388858
OUT_01476,127.06992822035647
OUT_01477,39.433896850377415
OUT_01478,43.08116704877701
OUT_01479,57.36688560249775
OUT_01480,50.11328340728057
OUT_01481,534.3340597941044
OUT_01482,34.831203413979146
OUT_01483,145.63185980554024
OUT_01484,66.84822969596844
OUT_01485,672.1267949079188
OUT_01486,46.09673413004145
OUT_01487,84.80902411843552
OUT_01488,40.95601943218611
OUT_01489,30.38227392409856
OUT_01490,167.54597053114318
OUT_01491,39.15079360802413
OUT_01492,54.35909903927148
OUT_01493,35.43207469349976
OUT_01494,44.41274232304512
OUT_01495,129.91388676913613
OUT_01497,165.823684364073
OUT_01498,189.17326161792465
OUT_01499,137.23625652848156
OUT_01500,525.8680262234786
OUT_01501,77.96346641133579
OUT_01502,202.13310591495133
OUT_01503,713.165991573617
OUT_01504,158.04092574880823
OUT_01505,1892.883465936236
OUT_01506,556.7238916699055
OUT_01507,809.0529240312164
OUT_01508,39.432360347747
OUT_01509,59.93480382744477
OUT_01510,176.49445237770755
OUT_01511,33.53221971676229
OUT_01512,47.0758304142616
OUT_01513,41.40415499741752
OUT_01514,1839.1311687230243
OUT_01515,35.11632235352014
OUT_01516,53.059995174714885
OUT_01517,52.41227117859844
OUT_01518,158.70598131953662
OUT_01519,67.59899534520201
OUT_01520,757.3548064234915
OUT_01521,184.89195634357912
OUT_01522,46.515686684972806
OUT_01523,134.5983169148375
OUT_01524,141.18252381355606
OUT_01525,57.998695401392055
OUT_01526,136.60505598517386
OUT_01527,758.1963479328526
OUT_01528,1774.7194383794538
OUT_01529,49.49975934945645
OUT_01530,56.18193357277664
OUT_01531,42.51651089018037
OUT_01532,769.6601147626745
OUT_01533,39.15028337129371
OUT_01534,56.3872797184638
OUT_01535,34.41383858181543
OUT_01536,80.60991673341458
OUT_01537,68.4920430922154
OUT_01538,45.12075929607345
OUT_01539,41.10712342786414
OUT_01540,797.5710195556762
OUT_01541,70.61970621292112
OUT_01542,54.25905760094972
OUT_01543,50.53635173151225
OUT_01544,46.56040781980548
OUT_01545,201.52743891878484
OUT_01546,220.5244458144624
OUT_01547,150.62788124116454
OUT_01548,41.27280215848111
OUT_01549,206.82964949695184
OUT_01550,105.25679420094735
OUT_01551,31.943617730298804
OUT_01552,200.97405072765164
OUT_01553,152.1716359091121
OUT_01554,1885.1375134076811
OUT_01555,30.37721434527145
OUT_01556,53.18055328959184
OUT_01557,1862.8885972545388
OUT_01558,35.9791061413523
OUT_01559,813.5953172991424
OUT_01560,725.4866709849406
OUT_01561,50.80711617334579
OUT_01562,37.36437339735425
OUT_01563,130.63901478812582
OUT_01564,32.749610917288535
OUT_01565,130.0471318009948
OUT_01566,33.44891165673367
OUT_01567,1657.776089241024
OUT_01568,33.61068755079433
OUT_01569,74.34671772523832
OUT_01570,705.1670779792579
OUT_01571,43.80133503051726
OUT_01572,230.33004065750185
OUT_01573,57.253416897235255
OUT_01574,43.66564980410453
OUT_01575,38.89116851391291
OUT_01576,48.19374368279468
OUT_01577,113.52472914273554
OUT_01578,159.27840688034115
OUT_01579,35.15160521724662
OUT_01580,43.89562602708652
OUT_01581,155.25175959138616
OUT_01582,737.1972411104467
OUT_01583,135.31311869676634
OUT_01584,46.43929001760038
OUT_01585,42.359655924071085
OUT_01586,37.24906601582988
OUT_01587,39.48902872883371
OUT_01588,137.19336695074642
OUT_01589,139.00502275369053
OUT_01590,54.45994822994955
OUT_01591,50.660260977361375
OUT_01592,37.189759595300856
OUT_01593,555.4626556256428
OUT_01594,203.1892089278552
OUT_01595,1906.518547847691
OUT_01596,206.124958547404
OUT_01597,39.48975100100738
OUT_01598,208.7327044893729
OUT_01599,58.09842326184837
OUT_01600,69.23901498251024
OUT_01601,32.95390486183746
OUT_01602,227.7401781278924
OUT_01603,41.26906667216564
OUT_01604,47.886195917253445
OUT_01605,744.5041062015142
OUT_01606,40.5204397461915
OUT_01607,30.54903712034237
OUT_01608,47.51076309951373
OUT_01609,122.84213146605086
OUT_01610,125.25770759998302
OUT_01611,29.30085702254657
OUT_01612,33.047807587465066
OUT_01613,33.472218782429366
OUT_01614,44.28308528603216
OUT_01615,32.68225826800714
OUT_01616,62.03825959322507
OUT_01617,35.415278275409555
OUT_01618,67.88887927270041
OUT_01619,111.6133272328932
OUT_01620,191.2809674729337
OUT_01621,735.0737424568973
OUT_01622,38.69776893029915
OUT_01623,44.78903250631488
OUT_01624,1861.4186956842675
OUT_01625,72.52048301786937
OUT_01626,39.57005736107634
OUT_01627,74.02354592745637
OUT_01628,48.08142461687399
OUT_01629,523.2138079292519
OUT_01630,78.68920264600838
OUT_01631,48.84778382466194
OUT_01632,46.514377864242384
OUT_01633,42.429940635235226
OUT_01634,783.4416661468332
OUT_01635,199.01033100725863
OUT_01636,136.49762730697452
OUT_01637,35.72303884914858
OUT_01638,122.50218399193928
OUT_01639,829.720126298745
OUT_01640,1922.283109754294
OUT_01641,1889.4330624904644
OUT_01642,46.074324111981845
OUT_01643,78.8048769293019
OUT_01644,47.86703796034356
OUT_01645,58.9140161913825
OUT_01646,48.205514432323646
OUT_01648,70.05290798971029
OUT_01649,46.38992256007698
OUT_01650,1833.0723993385584
OUT_01651,74.12575368536164
OUT_01652,32.157140563890394
OUT_01653,165.18048105192602
OUT_01654,533.521513950835
OUT_01655,38.75889392522017
OUT_01656,509.1766506052261
OUT_01657,48.68118143607391
OUT_01658,73.46820903822612
OUT_01659,41.207091530728576
OUT_01660,141.79128519837167
OUT_01661,193.96674648717223
OUT_01662,177.3143171833364
OUT_01663,43.76209948830107
OUT_01664,27.938570198250996
OUT_01665,1875.7271637064205
OUT_01666,743.0987611759326
OUT_01667,137.58509735049003
OUT_01668,64.99482607551762
OUT_01669,42.48528007630009
OUT_01670,47.571445853170445
OUT_01671,42.870254720123576
OUT_01672,120.9647827636304
OUT_01673,52.14696450336504
OUT_01674,29.080199859721585
OUT_01675,146.29323288014578
OUT_01676,174.5548127544001
OUT_01677,46.28626907444242
OUT_01678,29.293929100397037
OUT_01679,568.473587413566
OUT_01680,44.55896683816305
OUT_01681,41.71475052882389
OUT_01682,64.64592979167143
OUT_01683,76.25026024389159
OUT_01684,50.5822268122444
OUT_01685,69.94293276551542
OUT_01686,112.32045958956284
OUT_01687,38.58900422131993
OUT_01688,175.03221991362196
OUT_01689,75.7357496760837
OUT_01690,34.42958087258699
OUT_01691,1866.6098921227228
OUT_01692,225.90647185480088
OUT_01693,39.643791106967576
OUT_01694,712.370939646698
OUT_01695,199.35789923080455
OUT_01696,28.462296272191693
OUT_01697,36.391193295822
OUT_01698,39.46901120094212
OUT_01699,29.342378200454625
OUT_01700,50.05503114014165
OUT_01701,168.39169432891356
OUT_01702,43.62343459316747
OUT_01703,48.77064113538161
OUT_01704,152.04230520408876
OUT_01705,841.3021013746677
OUT_01706,49.93359985862218
OUT_01707,52.50960703429733
OUT_01708,173.76715192353234
OUT_01709,29.15006861695941
OUT_01710,188.478615749488
OUT_01711,38.95086579924522
OUT_01712,1907.5953170412836
OUT_01713,41.15262077536806
OUT_01714,30.842127989570585
OUT_01715,131.00646049579734
OUT_01716,1863.6178231708748
OUT_01717,62.529494416726585
OUT_01718,150.80275974357068
OUT_01719,32.57005207321435
OUT_01720,76.87654451702659
OUT_01721,43.15403691955613
OUT_01722,77.30096086615976
OUT_01723,146.85867041671952
OUT_01724,54.71898985010446
OUT_01725,1904.8590989944887
OUT_01726,48.78603732923827
OUT_01727,44.59349810581091
OUT_01728,38.19384633729211
OUT_01729,46.491157479658966
OUT_01730,155.79855565510658
OUT_01731,145.2316637338258
OUT_01732,197.34589680362816
OUT_01733,43.89448054633485
OUT_01734,177.49592120636086
OUT_01735,733.0217551020672
OUT_01736,1700.8421993461322
OUT_01737,762.9128797700038
OUT_01738,153.67120561266853
OUT_01739,133.6975433893551
OUT_01740,626.0997999349149
OUT_01741,169.06907924447788
OUT_01742,163.97742914687078
OUT_01743,32.205595282167245
OUT_01744,69.2312889761041
OUT_01745,41.415553947312674
OUT_01746,190.90253204932577
OUT_01747,54.54066474207005
OUT_01748,69.7149455002205
OUT_01749,712.4842795293313
OUT_01750,39.811917373347455
OUT_01751,75.18146104163677
OUT_01752,52.57031612402844
OUT_01753,41.63012924291363
OUT_01754,191.1748612328607
OUT_01755,221.3707603512688
OUT_01756,155.44571735282534
OUT_01757,693.5596098966776
OUT_01758,750.1949399765175
OUT_01759,90.45349220057808
OUT_01760,1869.8696230116327
OUT_01761,45.67421817450011
OUT_01762,54.06281944414708
OUT_01763,196.41630815537115
OUT_01764,50.220175272394606
OUT_01765,65.61503368077236
OUT_01766,647.5175590201774
OUT_01767,735.9820591918307
OUT_01768,240.1724008980162
OUT_01769,57.54624588120965
OUT_01770,170.66415876649825
OUT_01771,69.35612686820635
OUT_01772,192.7143841414636
OUT_01773,48.73104734964923
OUT_01774,128.46047650633048
OUT_01775,719.1498734090493
OUT_01776,43.49799961508529
OUT_01777,40.43654667779226
OUT_01778,167.71312044019942
OUT_01779,65.06776085149157
OUT_01780,204.54494640156295
OUT_01781,34.58250138541663
OUT_01782,1895.4224261372603
OUT_01783,61.017596486785685
OUT_01784,74.96288199811495
OUT_01785,517.8128558769341
OUT_01786,55.74613658760701
OUT_01787,46.59399712676423
OUT_01788,144.39858537699342
OUT_01789,33.60178432533095
OUT_01790,49.01101540343379
OUT_01791,31.86572830254917
OUT_01792,59.776433692411466
OUT_01793,43.48368531821595
OUT_01794,128.34308190881328
OUT_01795,183.6417017460976
OUT_01796,42.19875796452648
OUT_01797,23.70610018452125
OUT_01798,139.7847050097958
OUT_01799,37.27816205509717
OUT_01800,149.20033334097482
OUT_01801,711.3767497106192
OUT_01802,793.068046064467
OUT_01803,777.0605567333185
OUT_01804,229.3058532748072
OUT_01805,178.7727218871966
OUT_01806,819.5726557719552
OUT_01807,81.13602645779531
OUT_01808,195.4755714858976
OUT_01809,194.00095854846973
OUT_01810,32.77750513681538
OUT_01811,58.580065626606654
OUT_01812,31.014630274633845
OUT_01813,190.27983490569812
OUT_01814,190.42326672708475
OUT_01815,49.56450472254113
OUT_01816,80.23081048647069
OUT_01817,86.86074308014133
OUT_01818,39.798325040969246
OUT_01819,54.748723064439325
OUT_01820,163.33120739387732
OUT_01821,1899.7723400572115
OUT_01822,75.93843514464373
OUT_01823,68.19318569695349
OUT_01824,72.41740317749418
OUT_01825,708.8279873778469
OUT_01826,808.8801495978396
OUT_01827,796.1964650380066
OUT_01828,136.96256329155452
OUT_01829,43.69941878413148
OUT_01830,45.19805647180179
OUT_01831,29.04065293134464
OUT_01832,36.94450158333582
OUT_01833,64.05732153568091
OUT_01834,822.9390570963265
OUT_01835,695.248542329814
OUT_01836,36.56465035406808
OUT_01837,46.9240516576916
OUT_01838,148.9905406645877
OUT_01839,185.40333624317543
OUT_01840,64.66683878761684
OUT_01841,1858.38760561089
OUT_01842,125.25786479688324
OUT_01843,59.54250596196536
OUT_01844,513.0340003118118
OUT_01845,59.90248039985424
OUT_01846,37.36357085360376
OUT_01847,820.9933691966377
OUT_01848,176.24196180434004
OUT_01849,75.45245259048737
OUT_01850,142.58568538794643
OUT_01851,738.3279401534429
OUT_01852,689.6160559718679
OUT_01853,227.63629756506057
OUT_01854,721.3755215273562
OUT_01855,36.940786019087696
OUT_01856,202.11108017623047
OUT_01857,49.93099552980792
OUT_01858,51.63023674550708
OUT_01859,69.7383979435968
OUT_01860,151.7701833003636
OUT_01861,184.54165286932832
OUT_01862,38.0823224214988
OUT_01863,185.77096706493109
OUT_01865,46.0519127823179
OUT_01866,42.73933696587685
OUT_01867,39.16416337427035
OUT_01868,88.93180899961267
OUT_01869,1890.5319811664024
OUT_01870,34.52308170555437
OUT_01871,44.10725151088195
OUT_01872,111.40840813964914
OUT_01873,161.20484179515245
OUT_01874,31.4396495773514
OUT_01875,185.3495736457442
OUT_01876,163.75073162406034
OUT_01877,678.2214721385692
OUT_01878,393.4434813329964
OUT_01879,1840.2671315029295
OUT_01880,104.45554545317702
OUT_01881,45.31640550460538
OUT_01882,43.324846091353535
OUT_01883,45.05333849540205
OUT_01884,47.81441731349986
OUT_01885,167.78295033786637
OUT_01886,46.53441966578784
OUT_01887,753.8336532994117
OUT_01888,44.240993310582034
OUT_01889,127.74846079156627
OUT_01890,48.23415235552921
OUT_01891,777.4578729038014
OUT_01892,163.41827224363664
OUT_01893,26.41678195777928
OUT_01894,205.2497038210856
OUT_01895,47.69363908881735
OUT_01896,42.75094589188652
OUT_01897,745.0036262871023
OUT_01898,206.4439218439732
OUT_01899,721.9232454856402
OUT_01900,53.63716558927074
OUT_01901,1905.2461271869151
OUT_01902,56.00523317941622
OUT_01903,1930.3116657415676
OUT_01904,48.10947373348719
OUT_01905,38.94229235520395
OUT_01906,1889.6035773458595
OUT_01907,545.8156957960854
OUT_01908,506.4390577881299
OUT_01909,73.47286656961639
OUT_01910,49.91711446896413
OUT_01911,129.81756932479786
OUT_01912,54.48845002408351
OUT_01913,172.74278176233656
OUT_01914,65.81570229092974
OUT_01915,44.83298557025598
OUT_01916,41.77593124351152
OUT_01917,193.1519849598626
OUT_01918,41.63795905784788
OUT_01919,53.56716910647344
OUT_01920,45.52494264973952
OUT_01921,43.04255942012619
OUT_01922,57.85615214835214
OUT_01923,48.321517256702485
OUT_01924,61.513529409029886
OUT_01925,723.1328324568885
OUT_01926,732.038684083177
OUT_01927,226.6041069781694
OUT_01928,793.6205671975001
OUT_01929,136.19436262958448
OUT_01930,36.143951782107216
OUT_01931,37.16986795445904
OUT_01932,119.94048400548286
OUT_01933,33.186022090247754
OUT_01934,53.16491700251665
OUT_01935,38.21721551801467
OUT_01936,42.38177183978848
OUT_01937,1894.1619649213787
OUT_01938,148.92504374590428
OUT_01939,221.56723576152496
OUT_01940,62.76384521867639
OUT_01941,214.37322769753183
OUT_01942,31.51742090471688
OUT_01943,36.52734956314978
OUT_01944,1875.3442474070268
OUT_01945,44.53847397790625
OUT_01946,207.61436869702808
OUT_01947,33.21827814633485
OUT_01948,224.0075305009881
OUT_01949,44.042443779597285
OUT_01950,57.50291142743817
OUT_01951,718.8246854803165
OUT_01952,51.88045178586695
OUT_01953,701.5970625322868
OUT_01954,154.34172169683774
OUT_01955,498.6923302582073
OUT_01956,44.47243678669875
OUT_01957,52.4416005583614
OUT_01958,201.92425238555492
OUT_01959,57.30728153788765
OUT_01960,42.75410309410847
OUT_01961,530.2767322449406
OUT_01962,37.9589407922107
OUT_01963,733.5941239591713
OUT_01964,46.91365655290375
OUT_01965,115.74985622836644
OUT_01966,41.769164795586335
OUT_01967,735.7260956249125
OUT_01968,129.1094838896161
OUT_01969,43.24014482511589
OUT_01970,1358.4990276851831
OUT_01971,148.05944266719774
OUT_01972,50.542913056669775
OUT_01973,74.485584328302
OUT_01974,57.26090222645497
OUT_01975,122.88856081503305
OUT_01976,131.77510581635806
OUT_01977,57.44800565504613
OUT_01978,45.8172555862698
OUT_01979,237.88083473599525
OUT_01980,128.1914599916805
OUT_01981,196.89189612345984
OUT_01982,803.0779194617793
OUT_01983,193.9886341126389
OUT_01984,665.6117825263652
OUT_01985,816.763102651273
OUT_01986,47.60642848492703
OUT_01987,32.08363472159328
OUT_01988,146.29683936338404
OUT_01989,140.9847698354433
OUT_01990,35.658882618587604
OUT_01991,576.1444464708183
OUT_01992,133.32146866313508
OUT_01993,74.64745526629724
OUT_01994,173.4461310882655
OUT_01995,55.33802774520085
OUT_01996,517.2389941925139
OUT_01997,573.471247920438
OUT_01998,26.08668315796856
OUT_01999,781.2252419352294
OUT_02000,217.5621575545674
OUT_02001,35.694037761675055
OUT_02002,53.70424655208696
OUT_02003,45.5349082659702
OUT_02004,35.707615611588885
OUT_02005,140.1195045973025
OUT_02006,201.15683381437563
OUT_02007,146.7062520147575
OUT_02008,116.63381349245267
OUT_02009,187.42656296420805
OUT_02010,38.38693436431364
OUT_02011,41.71353262969496
OUT_02012,181.4620660616973
OUT_02013,50.03642650225452
OUT_02014,704.7796262845753
OUT_02015,38.33942124148384
OUT_02016,557.7470770147035
OUT_02017,713.0943280406827
OUT_02018,131.9897755600012
OUT_02019,51.45102441693842
OUT_02020,55.18090281755939
OUT_02021,69.36702919269487
OUT_02022,1870.974946484533
OUT_02023,70.2982253491768
OUT_02024,100.0176187470842
OUT_02025,1895.242270586114
OUT_02026,208.01553804108343
OUT_02027,165.94591215134088
OUT_02028,212.0539768370928
OUT_02029,206.70193473693396
OUT_02030,155.60797620447428
OUT_02031,28.69766989776594
OUT_02032,208.87504061932216
OUT_02033,32.574993884303424
OUT_02034,1739.3454571409804
OUT_02035,41.67669117787523
OUT_02036,37.72036174690473
OUT_02037,40.92100782537409
OUT_02038,46.86826765780295
OUT_02039,41.99772524762589
OUT_02040,117.9163466261574
OUT_02041,39.51939293152319
OUT_02042,55.33685532297015
OUT_02044,499.80453395115074
OUT_02045,136.10121046963295
OUT_02046,41.964128591958
OUT_02048,56.639504174265504
OUT_02050,32.75886632821352
OUT_02051,182.88358136261851
OUT_02052,40.45502705419271
OUT_02053,67.08215241016296
OUT_02054,671.4470878386286
OUT_02055,207.20698404463167
OUT_02056,1888.7439591190955
OUT_02057,209.2105582863576
OUT_02058,728.5881584057478
OUT_02059,113.6958781242093
OUT_02060,70.94833902106123
OUT_02061,33.58778745678669
OUT_02062,45.34619366298103
OUT_02063,31.84810535075247
OUT_02064,33.445316983042964
OUT_02065,38.32087562287075
OUT_02066,769.2688659053136
OUT_02067,36.95625839656596
OUT_02068,791.5425731059227
OUT_02069,42.40452164910584
OUT_02070,41.14469492388544
OUT_02071,49.29670995469428
OUT_02073,1882.6116363857448
OUT_02074,29.88965088691345
OUT_02075,35.87755006058832
OUT_02076,39.67992348387303
OUT_02077,42.66301662128004
OUT_02078,1887.484652026377
OUT_02079,142.22556038871298
OUT_02080,28.846190227121035
OUT_02081,39.31595502727333
OUT_02082,49.192529729685255
OUT_02083,1819.1697097674464
OUT_02084,110.6298490790032
OUT_02085,664.2911355785452
OUT_02086,161.28796988217994
OUT_02087,127.89487808861723
OUT_02088,750.8623128452385
OUT_02089,61.530769777460605
OUT_02090,50.61461451395303
OUT_02091,73.05547897966851
OUT_02092,146.2484502551138
OUT_02093,32.13218156019441
OUT_02094,606.2855603049999
OUT_02095,203.7205034717331
OUT_02096,1879.1343419631337
OUT_02097,483.69578598169073
OUT_02098,114.9080922965194
OUT_02099,204.89478388031057
OUT_02100,39.0883473265257
OUT_02101,75.21877942897343
OUT_02102,51.98634160591003
OUT_02103,184.08669431103235
OUT_02104,151.83737819962914
OUT_02105,44.868673299826135
OUT_02106,47.00284250579852
OUT_02107,29.328470654081197
OUT_02108,54.30156110804575
OUT_02109,69.3755279569203
OUT_02110,64.0951835247421
OUT_02111,48.1905418056757
OUT_02112,37.14142356905912
OUT_02113,221.3703386469745
OUT_02114,198.36995118328903
OUT_02115,43.016703783241134
OUT_02116,41.63770070581742
OUT_02117,35.023844980096634
OUT_02118,161.9983055413013
OUT_02119,139.91468220648423
OUT_02120,70.61944382240259
OUT_02121,732.840663490395
OUT_02122,39.980848017094125
OUT_02123,193.4869206748201
OUT_02124,153.71717538980246
OUT_02125,37.37345823309296
OUT_02126,55.49990555602322
OUT_02127,41.7568227292599
OUT_02128,757.0051144219309
OUT_02129,73.85039581936272
OUT_02130,39.24339920475509
OUT_02131,509.2029921361252
OUT_02132,181.43836807570963
OUT_02133,634.903477475456
OUT_02134,121.72517901900694
OUT_02135,160.39391221035305
OUT_02136,721.09786712667
OUT_02137,198.61639407552272
OUT_02138,800.7636336304488
OUT_02139,842.6249932686103
OUT_02140,43.11805345100719
OUT_02141,119.09033745422612
OUT_02142,38.0410007949979
OUT_02143,145.93600154298323
OUT_02144,41.78655358277813
OUT_02145,47.42837452765252
OUT_02146,893.8896025470993
OUT_02147,229.5376434414604
OUT_02148,116.46573972491451
OUT_02149,43.45699506472025
OUT_02150,61.39661816507624
OUT_02151,141.79751707895792
OUT_02152,1938.4171575501407
OUT_02153,45.467625381143954
OUT_02154,56.81669759674542
OUT_02155,159.67014284889817
OUT_02156,46.30389492255405
OUT_02157,167.92306034847877
OUT_02158,47.08810276696193
OUT_02159,40.29827192652581
OUT_02160,67.68893162527094
OUT_02161,66.6064657705628
OUT_02162,138.41645685713524
OUT_02163,50.60232798383682
OUT_02164,158.25285820703664
OUT_02165,59.2671373956413
OUT_02166,37.471549403271936
OUT_02167,73.89622571516512
OUT_02168,34.32493008385912
OUT_02169,39.12470022809264
OUT_02170,87.40107096042908
OUT_02171,47.00885031885593
OUT_02172,111.08139280530624
OUT_02173,26.928182510432627
OUT_02174,65.75723689256895
OUT_02175,74.05618668015481
OUT_02176,1895.7004707658805
OUT_02177,148.3360170092191
OUT_02178,47.64475664635351
OUT_02179,233.319951295589
OUT_02180,1839.22837642347
OUT_02181,525.3162294063809
OUT_02182,66.71045141261875
OUT_02183,133.4913525149144
OUT_02184,192.7389257955961
OUT_02185,219.5099850639112
OUT_02186,76.79492992387627
OUT_02187,211.4399970407419
OUT_02188,62.59957988015304
OUT_02189,69.88862015324278
OUT_02190,1883.2584193589123
OUT_02191,152.84042406918138
OUT_02192,202.60309851738543
OUT_02193,206.28695600420252
OUT_02194,66.51348664948735
OUT_02195,48.23971089786566
OUT_02196,205.31969507481625
OUT_02197,50.98346537765859
OUT_02198,40.28923984099766
OUT_02199,73.35832634242196
OUT_02200,174.57720091107737
OUT_02201,761.9733933820074
OUT_02202,39.140361357340005
OUT_02203,494.38025218455846
OUT_02204,97.65312890350522
OUT_02205,539.3494025067617
OUT_02206,47.05634498752704
OUT_02207,736.2459239322926
OUT_02208,40.67379697349861
OUT_02209,44.61048902329911
OUT_02210,68.30204611914647
OUT_02211,41.90568917309479
OUT_02212,188.98176550974804
OUT_02213,39.53849566328876
OUT_02214,46.02197689934562
OUT_02215,103.37818167640822
OUT_02216,183.2032076963101
OUT_02217,660.0594058734665
OUT_02218,185.19547363411445
OUT_02219,160.83929675576684
OUT_02220,39.58043611540538
OUT_02221,44.02593657828202
OUT_02222,36.39006651736213
OUT_02223,208.442094879088
OUT_02224,186.38464686456544
OUT_02225,49.20626056846988
OUT_02226,101.77799921104238
OUT_02227,43.10063289107434
OUT_02228,157.53164874902083
OUT_02229,196.5951974317028
OUT_02230,168.68500164355055
OUT_02231,37.94579886485866
OUT_02232,34.11044768710555
OUT_02233,43.08266735244385
OUT_02234,198.16651020736947
OUT_02235,31.75854357187645
OUT_02236,1855.4392689144909
OUT_02237,42.21094392983862
OUT_02238,721.5050906251254
OUT_02239,30.733032857705663
OUT_02240,66.32438259397628
OUT_02241,43.99559356093588
OUT_02242,732.6000865872882
OUT_02243,723.2633906277841
OUT_02244,150.14686210267934
OUT_02245,35.92357491408863
OUT_02246,675.3017017544906
OUT_02247,51.08454243295777
OUT_02248,143.50276114197834
OUT_02249,136.34949622942207
OUT_02250,47.92838581490796
OUT_02251,34.09547504204183
OUT_02252,45.347690214905136
OUT_02253,150.88919653602863
OUT_02254,171.06074265422473
OUT_02255,209.5133843333636
OUT_02256,36.7445025038852
OUT_02257,143.80344250368506
OUT_02258,39.07635087436144
OUT_02259,36.06800402522354
OUT_02260,61.57484984201306
OUT_02261,80.00786680920956
OUT_02262,42.006191080798
OUT_02263,172.883719639901
OUT_02264,34.00643198354978
OUT_02265,73.99452082358566
OUT_02266,46.34566905636828
OUT_02267,537.3596209462728
OUT_02268,46.61115181379336
OUT_02269,205.1494346183393
OUT_02270,47.81527668508127
OUT_02271,38.13517820050315
OUT_02272,231.38248428756447
OUT_02273,123.76434364037716
OUT_02274,36.41498408974813
OUT_02275,130.0634240307718
OUT_02276,37.505062383832325
OUT_02278,38.34478123325604
OUT_02279,671.390361849837
OUT_02280,135.7531256238112
OUT_02281,38.11586812857623
OUT_02282,42.68784606338845
OUT_02283,48.47393993297118
OUT_02284,138.84562125312763
OUT_02285,64.44393664794669
OUT_02286,497.0069048489885
OUT_02287,173.56995469941745
OUT_02288,171.8967973106823
OUT_02289,51.15912733645505
OUT_02290,48.3427783051544
OUT_02291,28.940476698645767
OUT_02292,49.1030614856651
OUT_02293,65.65865915117138
OUT_02294,41.644858950585
OUT_02295,187.13253654400503
OUT_02296,101.73536742773626
OUT_02297,47.50457284335277
OUT_02298,748.2121314254899
OUT_02299,40.90634499577056
OUT_02300,29.45425522980621
OUT_02301,537.347716411133
OUT_02302,39.94977283304208
OUT_02303,744.1269408179539
OUT_02304,140.64645036510623
OUT_02305,181.70956275677716
OUT_02306,81.28431970605999
OUT_02307,53.33490053658959
OUT_02308,781.3561417242807
OUT_02309,43.33239052265996
OUT_02310,720.2167763209051
OUT_02311,211.8953696316457
OUT_02312,205.84017604311617
OUT_02314,186.24954780932887
OUT_02315,81.76022244625908
OUT_02316,57.51706402720144
OUT_02317,32.35105931402884
OUT_02318,187.10373768837624
OUT_02319,50.72836817594286
OUT_02320,175.62100409886688
OUT_02321,77.05117989538643
OUT_02322,1887.4897217895748
OUT_02323,58.03758699327252
OUT_02324,119.6703341943544
OUT_02325,66.38467018100562
OUT_02326,40.31408994352488
OUT_02327,43.902977311709805
OUT_02328,40.8051105938643
OUT_02329,69.86788416507679
OUT_02330,52.87329931351731
OUT_02331,54.68771079984476
OUT_02332,116.05857639085164
OUT_02333,51.94150242489425
OUT_02334,778.737137377127
OUT_02335,76.02176473350218
OUT_02336,75.52393903542952
OUT_02337,47.62310078166686
OUT_02338,41.0039033214107
OUT_02339,45.42243159865634
OUT_02340,61.27307913097626
OUT_02341,146.11520288661117
OUT_02342,84.03857117853153
OUT_02343,205.0118368756393
OUT_02344,629.4892871770064
OUT_02345,72.60989374062613
OUT_02346,771.527527237448
OUT_02347,192.5180348045251
OUT_02348,41.41798354827081
OUT_02349,209.4065297770731
OUT_02350,203.9428943638422
OUT_02351,1780.7157962700896
OUT_02352,186.24511240642695
OUT_02353,242.6938246513283
OUT_02354,215.42635771275076
OUT_02355,115.68341129030226
OUT_02356,30.423930715537857
OUT_02357,39.41845275966111
OUT_02358,695.6141741313878
OUT_02359,40.78790609532543
OUT_02360,35.037326027973776
OUT_02361,171.1069163097587
OUT_02362,44.14066565255702
OUT_02363,56.33502951946236
OUT_02364,199.69148463565057
OUT_02365,217.79033339793884
OUT_02366,59.01527937777525
OUT_02367,52.68593759295605
OUT_02368,53.498118787853365
OUT_02369,698.8368337210404
OUT_02370,44.44773964181635
OUT_02371,1288.5186559832837
OUT_02372,59.99157412874576
OUT_02373,1902.1011595408092
OUT_02374,124.87469609751751
OUT_02375,129.39477116235642
OUT_02376,60.80809718428953
OUT_02377,59.10651467499037
OUT_02378,50.95744016967173
OUT_02379,204.1334260175384
OUT_02380,21.097060172986705
OUT_02381,37.17625135747973
OUT_02382,46.50530227301781
OUT_02383,1880.5913439259773
OUT_02385,797.9090405583657
OUT_02386,652.3604600659922
OUT_02387,727.1364207806369
OUT_02388,67.0089587860157
OUT_02390,180.48386029628855
OUT_02391,202.7339738711258
OUT_02392,53.82022393452825
OUT_02393,31.447347356268544
OUT_02394,115.57510109556708
OUT_02395,46.24888267108529
OUT_02396,168.69977446180545
OUT_02397,60.92029625580295
OUT_02398,49.269373575909455
OUT_02399,681.0509540064337
OUT_02400,39.10953630189282
OUT_02402,37.26810017579509
OUT_02403,55.48935535372274
OUT_02404,790.2700403077664
OUT_02405,723.2149157120601
OUT_02406,36.16618713518009
OUT_02407,98.12028903389177
OUT_02408,195.48368213010616
OUT_02409,184.34524287186272
OUT_02410,39.77862613476432
OUT_02411,70.39698364365232
OUT_02412,44.13284893886751
OUT_02413,31.73406781203419
OUT_02414,43.50705753172269
OUT_02415,535.6574935071807
OUT_02416,801.3493245437063
OUT_02417,62.83357353003824
OUT_02418,664.6423289188442
OUT_02419,126.31696869294352
OUT_02420,40.48374667354456
OUT_02421,55.92596569479777
OUT_02422,1914.7822050425063
OUT_02423,135.93576934897257
OUT_02424,40.693939551622336
OUT_02425,119.4348669255232
OUT_02427,104.74936456036968
OUT_02428,180.54931611221733
OUT_02429,66.5630228350404
OUT_02430,169.9661099965439
OUT_02431,1838.3795342281755
OUT_02432,64.32438889056158
OUT_02433,31.24484034976541
OUT_02434,34.44192344738368
OUT_02435,37.075127050510375
OUT_02436,727.2622264950663
OUT_02437,1905.5958021673048
OUT_02438,52.85889241683196
OUT_02439,244.8622089952288
OUT_02440,43.890448706151616
OUT_02441,43.88829321642552
OUT_02442,123.77462687242851
OUT_02443,47.71807413041324
OUT_02444,792.9162589072035
OUT_02445,130.23957785771867
OUT_02446,205.3181435581725
OUT_02447,37.41657081923353
OUT_02448,65.39955861787033
OUT_02449,39.12952136824634
OUT_02450,29.741328189748867
OUT_02451,182.20268527673275
OUT_02452,730.1380961435644
OUT_02453,68.96605738272744
OUT_02454,152.381015305336
OUT_02455,81.89269746508079
OUT_02456,40.85757473170548
OUT_02457,223.8846946513856
OUT_02458,763.9610935324306
OUT_02459,1872.2737124827256
OUT_02460,157.92944999354498
OUT_02461,52.1928314782225
OUT_02462,37.87257862401332
OUT_02463,57.93454896976844
OUT_02464,52.33679710917031
OUT_02465,33.49810024539842
OUT_02466,41.02022243209283
OUT_02467,36.129819716881045
OUT_02468,42.07517686159823
OUT_02469,141.37706864749353
OUT_02470,191.52307964706787
OUT_02471,1861.4604746145712
OUT_02472,97.58173335291409
OUT_02474,33.354097505010714
OUT_02475,1888.810903016133
OUT_02476,40.21702488759635
OUT_02477,73.29678324000996
OUT_02478,32.345388326331694
OUT_02479,794.6705087942406
OUT_02480,36.156554083001886
OUT_02481,56.31850108457108
OUT_02482,743.1249452021607
OUT_02483,71.25500012728784
OUT_02484,140.56771631286315
OUT_02485,36.79448810566581
OUT_02486,151.42727900877074
OUT_02487,41.045984448784566
OUT_02488,38.36035737124817
OUT_02489,35.16698046204171
OUT_02490,190.37777751110303
OUT_02491,61.834694351048576
OUT_02492,126.17293658815215
OUT_02493,50.59013885536158
OUT_02494,193.73316110274632
OUT_02495,37.89701138954883
OUT_02496,135.19194309221615
OUT_02497,73.52066708979517
OUT_02498,712.2108500051805
OUT_02499,40.44048454471584
OUT_02500,143.93797509149258
OUT_02501,734.7808492896182
OUT_02502,177.82132590109083
OUT_02503,31.87253898397129
OUT_02504,34.37091310766376
OUT_02506,37.74047329546056
OUT_02507,34.9999036198233
OUT_02508,77.92289044114989
OUT_02509,158.73345706403828
OUT_02510,201.1483669510861
OUT_02511,109.82182250319136
OUT_02512,152.7587871410243
OUT_02513,45.09718151246774
OUT_02514,711.1287767210557
OUT_02515,554.1538011708683
OUT_02516,746.609075068277
OUT_02517,202.5436992106096
OUT_02518,33.74382747895973
OUT_02519,47.68896014266555
OUT_02520,199.21865178221623
OUT_02521,45.67849806344783
OUT_02522,194.86939894993932
OUT_02523,150.07632700490723
OUT_02524,783.434208634049
OUT_02525,713.6737033365156
OUT_02526,62.43250455197092
OUT_02527,174.88837971083922
OUT_02528,134.984799270725
OUT_02529,77.22522443848925
OUT_02530,147.80110088627495
OUT_02531,147.14794716896716
OUT_02532,60.47569830199054
OUT_02533,42.871068592162025
OUT_02534,178.65631791147666
OUT_02535,42.11475386569927
OUT_02536,35.357898079866985
OUT_02538,672.144369720562
OUT_02539,31.461362553861743
OUT_02540,33.86623257271404
OUT_02541,558.5283865226958
OUT_02542,41.38065402038366
OUT_02543,199.06953090769335
OUT_02544,139.62471077315143
OUT_02545,143.1452652462219
OUT_02546,62.325977046225006
OUT_02547,88.46994522274936
OUT_02548,111.26464874038145
OUT_02549,134.56042461234713
OUT_02550,60.83968923752776
OUT_02551,31.7489136188805
OUT_02552,764.2105102110635
OUT_02553,30.768584781895864
OUT_02554,43.58099682960925
OUT_02555,211.6655425284061
OUT_02556,52.17847032514259
OUT_02557,45.07482109548823
OUT_02558,49.35998792435012
OUT_02559,61.008676948615474
OUT_02560,32.14638437744084
OUT_02561,62.361775784222026
OUT_02562,32.21460006765158
OUT_02563,135.39873075192796
OUT_02564,38.60287495138072
OUT_02565,139.12002273352732
OUT_02566,253.7035808878914
OUT_02567,32.18663866685364
OUT_02568,119.0306356408656
OUT_02569,42.79976702600821
OUT_02570,132.47300831448302
OUT_02571,142.70653144750338
OUT_02572,45.55460310002273
OUT_02573,48.093610755759634
OUT_02574,184.10583949771515
OUT_02575,72.62303081325972
OUT_02576,1890.3742838049395
OUT_02577,81.25637184804333
OUT_02578,694.8340666569561
OUT_02579,150.8296600618899
OUT_02580,53.59542894393508
OUT_02581,141.9784069151134
OUT_02582,1900.9135406044015
OUT_02583,40.73945872329583
OUT_02584,72.4380192478693
OUT_02585,55.11518261131695
OUT_02586,1839.6609369585844
OUT_02587,38.107525954610125
OUT_02588,52.61405482851272
OUT_02589,37.97409262948273
OUT_02590,125.9392480020755
OUT_02591,759.8729179519968
OUT_02592,143.7525455551363
OUT_02593,738.4339358094543
OUT_02594,30.59287989235309
OUT_02595,59.66919904190029
OUT_02596,733.5360497767272
OUT_02597,671.5458611089301
OUT_02598,595.1414438724331
OUT_02599,1889.408973385968
OUT_02600,194.99311687134315
OUT_02601,264.5578914048509
OUT_02602,56.24947421819846
OUT_02603,749.3619970293759
OUT_02604,48.14880227766024
OUT_02605,133.58744909318867
OUT_02606,503.3915769481528
OUT_02607,72.48464367493993
OUT_02608,176.98591631221586
OUT_02609,36.46917772187473
OUT_02610,205.38884027849525
OUT_02611,132.6710792683425
OUT_02612,159.39351782541928
OUT_02613,122.31665890860548
OUT_02614,43.82849683956432
OUT_02615,506.56809149815007
OUT_02616,680.3399351479172
OUT_02617,1909.4733026545025
OUT_02618,47.92831092909417
OUT_02619,114.67896090671668
OUT_02620,39.537939183755626
OUT_02621,133.3519129862866
OUT_02622,35.1525176974172
OUT_02623,46.83365593466233
OUT_02624,65.62954868973453
OUT_02625,206.2698003847429
OUT_02626,485.2829092702397
OUT_02627,45.2019862979778
OUT_02628,169.82471162551087
OUT_02629,22.09979510152052
OUT_02630,49.386001984744205
OUT_02631,57.70753807260354
OUT_02632,121.0447465459876
OUT_02633,49.782166415604
OUT_02634,49.22495397963107
OUT_02635,41.60840357745332
OUT_02636,1852.973174532684
OUT_02637,47.65089762398151
OUT_02638,118.97051935198488
OUT_02639,38.87579535206226
OUT_02640,237.0296788115078
OUT_02641,802.2347684532862
OUT_02642,52.94326919990674
OUT_02643,791.9933386921354
OUT_02644,169.7510738387603
OUT_02645,45.68038665568566
OUT_02646,67.56126482396843
OUT_02647,567.5044983780184
OUT_02648,44.0941425576317
OUT_02649,72.7335038156299
OUT_02650,117.74784958349058
OUT_02651,137.97682252942568
OUT_02652,45.31839589599059
OUT_02653,56.10695405647181
OUT_02654,747.7837732905654
OUT_02655,63.14950204176085
OUT_02656,37.82423860445797
OUT_02657,53.62043561965267
OUT_02658,43.69766478478364
OUT_02659,33.57949576157379
OUT_02660,50.20875779009666
OUT_02661,117.2595903853824
OUT_02662,29.49667807980641
OUT_02663,216.3641211542229
OUT_02664,748.9550251873483
OUT_02665,677.7082711126843
OUT_02666,134.69110594828948
OUT_02667,34.206920546053304
OUT_02668,729.8867119038496
OUT_02669,33.99560601461431
OUT_02670,73.59747705602464
OUT_02671,73.08826899222902
OUT_02672,39.714481897358944
OUT_02673,39.46371520344108
OUT_02674,33.86134538068924
OUT_02675,51.65856221292882
OUT_02676,182.56546441723887
OUT_02677,55.8010930924052
OUT_02678,44.02249567287351
OUT_02679,32.204691832580885
OUT_02680,41.806054559261405
OUT_02681,73.2413325468395
OUT_02682,71.78133571656988
OUT_02683,50.02948546131482
OUT_02684,471.5608119293775
OUT_02685,57.21575423755415
OUT_02686,213.1293251141512
OUT_02687,43.20364118838419
OUT_02688,241.6933618559754
OUT_02689,35.78718896572654
OUT_02690,138.64433220269632
OUT_02691,723.9508157474005
OUT_02692,130.07059557666517
OUT_02693,46.88038784651785
OUT_02694,41.96299370432768
OUT_02695,36.51948128507362
OUT_02696,166.55675659039125
OUT_02697,160.59594512939026
OUT_02698,203.71744957499877
OUT_02699,198.749633709848
OUT_02700,31.53073824635577
OUT_02701,543.8290391525587
OUT_02702,48.0884301094606
OUT_02703,215.2369423611308
OUT_02704,75.12347385194603
OUT_02705,37.49028180606683
OUT_02706,41.02340481085258
OUT_02707,43.43704259271197
OUT_02708,44.52820454036885
OUT_02709,44.79530263298636
OUT_02710,246.64232681295445
OUT_02711,46.20977141497496
OUT_02712,35.732122543785415
OUT_02713,62.585114030450505
OUT_02714,145.03484359245698
OUT_02715,63.769681150317695
OUT_02716,34.92818933670026
OUT_02717,768.0328313249917
OUT_02718,49.558805816154575
OUT_02719,38.591691790475096
OUT_02720,36.88268823550583
OUT_02721,1868.153088710658
OUT_02722,156.73003728952716
OUT_02723,45.46896768655848
OUT_02724,39.00606653005556
OUT_02725,42.660574993013086
OUT_02726,56.342407199600615
OUT_02727,44.66385975847518
OUT_02728,711.0565167555565
OUT_02729,34.76935743635574
OUT_02730,43.79407838724357
OUT_02731,218.40291208881905
OUT_02732,56.2872224344239
OUT_02733,41.043519491894855
OUT_02734,730.2844860648288
OUT_02735,17.3745893994252
OUT_02736,201.05179305618265
OUT_02737,128.34768499979347
OUT_02738,38.74558663120739
OUT_02739,179.96602345615386
OUT_02740,150.26660431858392
OUT_02741,55.78216713947702
OUT_02742,35.83795099601594
OUT_02743,40.69381417672157
OUT_02744,213.0991977967324
OUT_02745,53.4971180369942
OUT_02746,167.6456805231403
OUT_02747,39.16608139203802
OUT_02748,36.03806885264347
OUT_02749,43.5034876817876
OUT_02750,52.45793394949828
OUT_02751,619.7066548709303
OUT_02752,24.19960592186586
OUT_02753,123.60234858226045
OUT_02754,42.95613710869274
OUT_02755,1905.544760148489
OUT_02756,83.60838379875062
OUT_02757,72.302242961571
OUT_02758,1900.0677414324864
OUT_02759,43.64701712524302
OUT_02760,819.1065261665
OUT_02761,44.494357846194525
OUT_02762,45.47058502757413
OUT_02763,44.154518461665546
OUT_02764,56.79471892460791
OUT_02765,547.8595689766336
OUT_02766,122.06092240880923
OUT_02767,126.6274769489222
OUT_02768,41.27214985254108
OUT_02769,57.43568485840049
OUT_02770,189.07967979095824
OUT_02771,59.46339495900848
OUT_02772,51.20555966955019
OUT_02773,125.18621270939492
OUT_02774,161.43814908433578
OUT_02775,208.2654693617421
OUT_02776,782.9094323125055
OUT_02777,95.2834973419542
OUT_02778,31.707787550880752
OUT_02779,58.59399372277288
OUT_02780,206.11613059324856
OUT_02781,129.76103333470607
OUT_02782,746.3744488512862
OUT_02783,1894.0328048153272
OUT_02784,135.52031409974194
OUT_02785,30.519844611211298
OUT_02786,50.34998392966009
OUT_02787,51.59560998586559
OUT_02788,140.77829602817067
OUT_02789,39.83773756584172
OUT_02790,40.700503598592384
OUT_02791,165.64868419213713
OUT_02792,635.3067864933607
OUT_02793,120.80528504337109
OUT_02796,38.52926753363142
OUT_02797,210.50232419176984
OUT_02798,215.91174580918204
OUT_02799,32.064734018741746
OUT_02800,143.19959238655156
OUT_02801,50.37802922355477
OUT_02802,51.61576108396277
OUT_02803,43.26732060235487
OUT_02804,69.56697141384882
OUT_02805,47.904290441413856
OUT_02806,247.2908009135308
OUT_02807,176.6992900062209
OUT_02808,150.66541142613227
OUT_02809,45.78347052458282
OUT_02810,255.6761008170193
OUT_02811,73.85290399618503
OUT_02812,43.82541109857586
OUT_02813,33.46602356225131
OUT_02814,66.73999085113643
OUT_02815,62.78988582971514
OUT_02816,42.57369016187586
OUT_02817,133.11625218944485
OUT_02818,122.77251033615984
OUT_02819,162.59133944385204
OUT_02820,505.8497467669557
OUT_02821,211.82106735640963
OUT_02822,52.56170616706407
OUT_02823,30.329017765840664
OUT_02824,191.82234758455397
OUT_02825,51.19927607492992
OUT_02826,39.90960720481901
OUT_02827,225.2921691536099
OUT_02828,42.68859121272194
OUT_02829,700.5061769268116
OUT_02830,103.25958040595326
OUT_02831,48.70634633434706
OUT_02832,526.8905324128198
OUT_02833,198.3168409306023
OUT_02834,176.58844580051803
OUT_02835,42.04341974252888
OUT_02836,1883.1570293854757
OUT_02837,72.78117932609042
OUT_02838,198.55166651380927
OUT_02839,81.32079755058551
OUT_02840,559.9459492331044
OUT_02841,1904.822590459508
OUT_02842,210.78264129061816
OUT_02843,46.0896625229533
OUT_02844,54.96961452335668
OUT_02845,79.38526488664053
OUT_02846,146.86733407208942
OUT_02847,44.41197129350352
OUT_02848,47.13854183945286
OUT_02849,210.16108237283615
OUT_02850,24.690239781497365
OUT_02851,39.86365788113756
OUT_02852,189.0316426133905
OUT_02853,217.03077694856515
OUT_02854,1908.2024564946116
OUT_02855,37.24206870413028
OUT_02856,38.97804847850561
OUT_02857,172.47596853519624
OUT_02858,706.3409059539689
OUT_02859,54.552881896923566
OUT_02860,1895.003240014704
OUT_02861,43.871773496922096
OUT_02863,147.0593100128406
OUT_02864,135.3258708103479
OUT_02865,1872.717744387072
OUT_02866,65.40673647297416
OUT_02867,34.43698742736899
OUT_02868,38.23580686358415
OUT_02869,41.88820137426023
OUT_02870,41.12512227588604
OUT_02871,41.29327835662846
OUT_02872,79.65282291124225
OUT_02873,186.4276431757029
OUT_02874,221.539143046229
OUT_02875,168.15496304520283
OUT_02876,192.7203947084557
OUT_02877,36.64606800848317
OUT_02878,137.4275320356807
OUT_02879,38.73968096485465
OUT_02880,36.48723080030607
OUT_02881,43.66818149292892
OUT_02882,32.38127676113639
OUT_02883,1864.7584565057505
OUT_02884,29.55553172143229
OUT_02885,50.64563479746922
OUT_02886,48.57153358006383
OUT_02887,132.53090081700665
OUT_02888,34.85214923430402
OUT_02889,48.93048999953235
OUT_02890,769.8287928017908
OUT_02891,37.32204088929127
OUT_02892,1897.955933943952
OUT_02893,58.38398817239138
OUT_02894,48.59918377712279
OUT_02895,743.1472742465085
OUT_02896,650.9601194015046
OUT_02897,203.5674859565045
OUT_02898,37.51860133783168
OUT_02899,70.80726485714071
OUT_02900,131.1991521260278
OUT_02901,214.4402022247687
OUT_02902,193.4680628779662
OUT_02903,36.23981750062131
OUT_02904,53.81029524482305
OUT_02905,64.47694593633624
OUT_02906,727.9861460058286
OUT_02907,31.790299735312125
OUT_02908,36.55349614520456
OUT_02909,206.35480016237568
OUT_02910,135.09100316936303
OUT_02911,1906.418426191432
OUT_02912,39.33965726747867
OUT_02913,205.93213452526092
OUT_02914,40.04862947535603
OUT_02915,35.449062307712985
OUT_02916,41.074174564103785
OUT_02917,56.31496980355789
OUT_02918,57.180024876267225
OUT_02919,780.8361624793629
OUT_02920,132.28225843293376
OUT_02921,36.578809951494215
OUT_02922,622.1103776628609
OUT_02923,168.03240741197442
OUT_02924,153.66081600461752
OUT_02925,204.14659124275693
OUT_02926,35.71880028182879
OUT_02927,31.710989590545054
OUT_02928,55.25535650722605
OUT_02929,57.45727510853146
OUT_02930,652.8700861543293
OUT_02931,57.50581172677175
OUT_02932,180.60576115291647
OUT_02933,39.99618102139135
OUT_02934,29.86304059769853
OUT_02935,63.40248508602573
OUT_02936,1895.000065884192
OUT_02937,44.93135982885869
OUT_02938,44.47812553269292
OUT_02939,210.59928449800756
OUT_02940,56.388876203506
OUT_02941,1741.0837276271163
OUT_02942,49.99055403848954
OUT_02943,51.62624183558805
OUT_02944,45.037541284651965
OUT_02945,45.219691232952485
OUT_02946,33.214419495909105
OUT_02947,53.55527027709935
OUT_02948,55.65354010564671
OUT_02949,150.57223627821446
OUT_02950,1923.6829921755648
OUT_02951,42.725263238662265
OUT_02952,220.85372719609555
OUT_02953,128.76896423181788
OUT_02954,209.1655737513762
OUT_02955,75.62269456457268
OUT_02956,861.7095870360724
OUT_02957,72.23597970914727
OUT_02958,185.59637900067327
OUT_02959,198.43373018627645
OUT_02960,103.32472008402326
OUT_02961,43.44307929082756
OUT_02962,1889.2120979765
OUT_02963,193.0272091855116
OUT_02964,1749.0807655929505
OUT_02965,35.67183941151275
OUT_02966,517.0242517321485
OUT_02967,29.107402341891103
OUT_02968,45.44018054480631
OUT_02969,477.079117697693
OUT_02970,791.4836752063326
OUT_02971,215.26820413914945
OUT_02972,211.92225367289285
OUT_02973,147.9488734628189
OUT_02974,615.4908908003327
OUT_02975,37.1992090661397
OUT_02976,45.89573869495695
OUT_02977,202.9961941886096
OUT_02978,215.09562282853167
OUT_02979,50.38761698380714
OUT_02980,48.38534175296496
OUT_02981,52.1516841476271
OUT_02982,49.25347895763377
OUT_02983,205.0578160129932
OUT_02984,46.40601167808559
OUT_02985,165.86553532026272
OUT_02986,114.58951824422236
OUT_02987,49.30368078500624
OUT_02988,34.89015284041646
OUT_02989,160.11466665464337
OUT_02990,137.52410487269654
OUT_02991,59.946584579679296
OUT_02992,44.42409062105173
OUT_02993,126.3152081231404
OUT_02994,733.8610335912406
OUT_02995,54.46829992682662
OUT_02996,769.5034358235554
OUT_02997,799.6152972193597
OUT_02998,75.53175989641335
OUT_02999,53.24325121748289
OUT_03000,163.7326164421633
OUT_03001,99.81443847364214
OUT_03002,150.0935806478415
OUT_03003,63.33959997936118
OUT_03004,651.9817760819224
OUT_03005,34.158631836592875
OUT_03006,147.32033583994675
OUT_03007,46.05595823177033
OUT_03008,60.61438784655482
OUT_03009,161.83941386876913
OUT_03010,44.96832619730223
OUT_03011,21.578954191518616
OUT_03012,42.63321164063161
OUT_03013,248.1352115542609
OUT_03014,183.233650175208
OUT_03015,194.9760507335096
OUT_03016,42.1610092035052
OUT_03017,117.4213808886719
OUT_03019,125.35804894973084
OUT_03020,1855.8407940997365
OUT_03021,610.5208451155617
OUT_03022,67.25091895444527
OUT_03023,66.72429314942204
OUT_03024,127.80032912168411
OUT_03025,39.59474421071789
OUT_03026,52.54935310611059
OUT_03027,34.86998461613642
OUT_03028,196.491271406788
OUT_03029,45.81695455754476
OUT_03030,41.99656203588748
OUT_03031,127.48415338182878
OUT_03032,64.89757993187031
OUT_03033,61.77242226605918
OUT_03034,34.33217910283407
OUT_03036,775.3527680653044
OUT_03037,1845.0765481186504
OUT_03038,627.6052408923498
OUT_03039,128.46949794080737
OUT_03040,661.250003959097
OUT_03041,226.26692442461385
OUT_03042,50.53329954416546
OUT_03043,225.7145383566171
OUT_03044,30.842873469282928
OUT_03045,52.908051270546
OUT_03046,60.5231044269602
OUT_03047,35.504829587086235
OUT_03048,193.4415206915406
OUT_03049,37.63869599597235
OUT_03050,51.98959657684112
OUT_03051,55.638076942610944
OUT_03052,493.1845396633847
OUT_03053,223.64697661381223
OUT_03054,35.668252303311135
OUT_03055,164.53404459994562
OUT_03056,754.0469102944422
OUT_03057,79.2773278235376
OUT_03059,218.6615953637468
OUT_03060,36.13652257489172
OUT_03061,763.719549784487
OUT_03062,44.251849330990886
OUT_03063,45.49469673736232
OUT_03064,1885.6195365114245
OUT_03065,1888.3339185216996
OUT_03066,66.54538645941275
OUT_03067,91.82854197653506
OUT_03068,40.9786752563209
OUT_03069,126.91260291794894
OUT_03070,766.9212559491953
OUT_03071,79.37251418341593
OUT_03072,149.94451818810245
OUT_03073,60.10100796464688
OUT_03074,217.83908089261416
OUT_03075,1894.1571457963976
OUT_03076,150.06762875899685
OUT_03077,1859.0642156546328
OUT_03078,1852.1254807282403
OUT_03079,45.49643373114285
OUT_03080,37.08577544655028
OUT_03081,172.5618149582189
OUT_03082,55.958179547701086
OUT_03083,37.39028941368358
OUT_03084,465.7194634163699
OUT_03085,86.90065055813263
OUT_03086,32.87842078214252
OUT_03087,82.35439063619715
OUT_03088,535.0211468518276
OUT_03089,155.41886159986086
OUT_03090,152.01169206687993
OUT_03091,31.05230687805936
OUT_03092,50.63378812749941
OUT_03093,818.803172907591
OUT_03094,48.43749355590455
OUT_03095,40.52409331060554
OUT_03096,62.006466222446925
OUT_03097,783.5056254571091
OUT_03098,42.61079731521806
OUT_03100,51.41930609427317
OUT_03101,59.2774888153722
OUT_03102,191.1070328444248
OUT_03103,209.1731889192452
OUT_03104,43.94050176281896
OUT_03105,34.10080311149931
OUT_03106,41.37989202371031
OUT_03107,48.53544305814192
OUT_03108,44.41642636646475
OUT_03109,44.9475900339933
OUT_03110,56.96537359106629
OUT_03111,50.95084387171554
OUT_03112,80.24692696652795
OUT_03113,170.93043290126778
OUT_03114,67.43771946483122
OUT_03115,51.37771525041432
OUT_03116,129.30894646409536
OUT_03117,43.49982461266254
OUT_03118,41.3050309853379
OUT_03119,44.16450487989206
OUT_03120,67.38679440914898
OUT_03121,34.497322982781384
OUT_03122,58.15415560944547
OUT_03123,34.33731311248355
OUT_03124,37.15593648394612
OUT_03125,216.25533086320368
OUT_03126,42.2288263218776
OUT_03127,65.8471538276659
OUT_03129,619.1717945290711
OUT_03130,76.47728248108794
OUT_03131,1868.8816965731835
OUT_03132,31.73608531033555
OUT_03133,59.49936599401183
OUT_03134,770.2736907159145
OUT_03135,48.4425205932313
OUT_03136,150.29187246135646
OUT_03137,39.96234035032963
OUT_03138,41.104033768420045
OUT_03139,111.58761649060402
OUT_03140,47.21348193789343
OUT_03141,44.72530764994875
OUT_03142,153.369774602994
OUT_03143,44.00375328983681
OUT_03144,57.5084012032917
OUT_03145,40.18271049863393
OUT_03146,168.38197372314897
OUT_03147,221.75281503483652
OUT_03148,1920.73042892715
OUT_03149,51.81622923347936
OUT_03150,145.21676022922543
OUT_03151,47.01976224978496
OUT_03152,60.46372733785636
OUT_03153,216.88512802183396
OUT_03154,698.5495906790683
OUT_03155,203.35950152318503
OUT_03156,182.84734352491583
OUT_03157,502.49782245068747
OUT_03158,64.29616653836158
OUT_03159,35.140074885967195
OUT_03160,222.64805309718625
OUT_03161,174.23729305794598
OUT_03162,59.34280410012439
OUT_03163,48.67371304409739
OUT_03164,752.324525204117
OUT_03165,202.0156591474244
OUT_03166,51.03559777505271
OUT_03167,1884.10724431664
OUT_03168,47.055104828233965
OUT_03169,38.035502294333575
OUT_03170,160.04335647104784
OUT_03171,139.9627592978173
OUT_03172,27.95328221443864
OUT_03173,66.39880938631423
OUT_03174,70.44833427370503
OUT_03175,154.76167236928885
OUT_03176,43.3106113286342
OUT_03177,31.74267145981204
OUT_03178,31.41419174582497
OUT_03179,140.15889774904278
OUT_03180,45.36140508194537
OUT_03181,68.50218714112718
OUT_03182,35.84575119113992
OUT_03183,717.1166026215942
OUT_03184,198.71571312873877
OUT_03185,42.98296180156628
OUT_03186,148.5111599692354
OUT_03187,52.30332939811016
OUT_03188,32.907021145515166
OUT_03189,153.7282573479244
OUT_03190,48.38576712986948
OUT_03191,772.3760373493923
OUT_03192,36.81002371193328
OUT_03193,33.48654437293097
OUT_03194,213.1640807141274
OUT_03195,67.91316613961168
OUT_03196,193.41900013735997
OUT_03197,51.87841726095876
OUT_03198,41.50685571891805
OUT_03199,187.2393992997848
OUT_03200,142.67261620490055
OUT_03201,200.31183083710624
OUT_03202,39.32123745954662
OUT_03203,51.8863337672932
OUT_03204,137.51398323459472
OUT_03205,43.7434061165324
OUT_03206,200.9851694277557
OUT_03207,58.62997160794014
OUT_03208,1307.2565960652107
OUT_03209,64.30268050983148
OUT_03210,43.54198216738296
OUT_03211,135.12251137804503
OUT_03212,37.29311964385319
OUT_03213,137.1229460014932
OUT_03214,188.74583799075617
OUT_03215,183.1098767097448
OUT_03216,44.34017577126058
OUT_03217,191.8871051022147
OUT_03218,142.7123841144105
OUT_03219,35.07867381969475
OUT_03220,138.9537268223947
OUT_03221,240.6535368757068
OUT_03222,114.58136377674342
OUT_03223,58.2052374240868
OUT_03224,198.56330146693304
OUT_03225,43.74354014248798
OUT_03226,54.544991319404325
OUT_03227,126.01146826290446
OUT_03228,1848.1917396018864
OUT_03229,1915.0271330361372
OUT_03230,44.29508094582904
OUT_03231,238.94829655537964
OUT_03232,42.94591729374893
OUT_03233,686.0280102164262
OUT_03234,166.55694419000437
OUT_03235,55.671206433217705
OUT_03236,82.67313369365044
OUT_03237,40.63167020043775
OUT_03238,72.53015413123755
OUT_03239,73.75328103952434
OUT_03240,162.20693213985902
OUT_03241,42.47815090144825
OUT_03242,697.3777036783808
OUT_03243,47.605982176659225
OUT_03244,37.89012400199941
OUT_03245,112.17931207628143
OUT_03246,35.83944645586246
OUT_03247,46.43335277805982
OUT_03248,203.9598583726929
OUT_03249,43.913982091084016
OUT_03250,74.06450441412589
OUT_03251,723.4861344419619
OUT_03252,794.834911484007
OUT_03253,48.63706181585892
OUT_03254,34.37834594467964
OUT_03255,167.0220598522154
OUT_03256,207.76085228241743
OUT_03257,44.21142175034623
OUT_03258,153.75427735954293
OUT_03259,152.18889848264735
OUT_03260,756.5318476800286
OUT_03261,63.2301633156788
OUT_03262,143.40318839669106
OUT_03263,45.207470098706125
OUT_03264,1854.4354536553408
OUT_03265,146.73294376128015
OUT_03266,17.867352588334114
OUT_03267,51.44934278053487
OUT_03268,210.30886625724216
OUT_03269,117.32803270289976
OUT_03270,41.57303285904652
OUT_03271,657.6620130419593
OUT_03272,207.2621029016326
OUT_03273,711.5271636129238
OUT_03274,1876.0620945095743
OUT_03275,78.64420690858915
OUT_03276,43.33863235055305
OUT_03277,84.97191172892808
OUT_03278,49.77414403110437
OUT_03279,48.087905433468826
OUT_03280,49.6602002128159
OUT_03281,1865.4689152374067
OUT_03283,551.8717566797898
OUT_03284,61.13415239005829
OUT_03285,29.720208001560604
OUT_03286,73.95668817244132
OUT_03287,1853.3710609251016
OUT_03288,159.14694525353335
OUT_03289,38.13590699742701
OUT_03290,52.04001763414411
OUT_03291,44.3703373454544
OUT_03292,37.76296842179445
OUT_03293,192.349080918024
OUT_03294,72.3881622351076
OUT_03295,55.932373547600754
OUT_03296,1854.5927304981349
OUT_03297,669.5361874144996
OUT_03298,61.50429948800864
OUT_03299,124.3369857547209
OUT_03300,109.3863875697263
OUT_03301,218.88416586236508
OUT_03302,764.1277473885918
OUT_03303,43.63445589307772
OUT_03304,50.047669877399656
OUT_03305,53.79743406175865
OUT_03306,44.3229616951605
OUT_03307,33.18741218152576
OUT_03308,162.3971853908718
OUT_03309,38.77445406896399
OUT_03310,25.05037450715077
OUT_03311,67.91043011548251
OUT_03312,732.4798103131587
OUT_03313,38.6767450069755
OUT_03314,40.18477752522071
OUT_03315,1881.7201539620537
OUT_03317,28.483185950055425
OUT_03318,41.46282357149085
OUT_03319,193.0303865316078
OUT_03320,33.81028256261135
OUT_03321,147.11127327669385
OUT_03322,185.12026165563137
OUT_03323,196.73933966222327
OUT_03324,686.9294405531912
OUT_03325,1877.479936652106
OUT_03326,62.515484370213855
OUT_03327,529.3398634501258
OUT_03328,707.4717137593873
OUT_03329,217.8948123733944
OUT_03330,1851.0987790756635
OUT_03331,63.79853497063532
OUT_03332,84.16481461665978
OUT_03333,737.1255654354852
OUT_03334,730.6375811443617
OUT_03335,135.859100816438
OUT_03336,153.9151804360913
OUT_03337,176.70668363498586
OUT_03338,66.47658229231088
OUT_03339,60.697799740623765
OUT_03340,128.4713505445881
OUT_03341,508.2333230502781
OUT_03342,45.33652948304781
OUT_03343,56.41446736695426
OUT_03344,771.1356935868138
OUT_03345,691.442411193749
OUT_03346,1865.485087410916
OUT_03347,47.41442795497319
OUT_03348,55.87894027005905
OUT_03349,248.04365198135832
OUT_03350,200.7206055604593
OUT_03351,59.146455272874434
OUT_03352,168.9166631685838
OUT_03353,1913.180744736448
OUT_03354,38.13783896180723
OUT_03355,43.34052691248315
OUT_03356,38.75360916609958
OUT_03357,94.31157136122606
OUT_03358,1868.6594949378916
OUT_03359,648.7933931140745
OUT_03360,37.68628255421172
OUT_03361,149.53762221380947
OUT_03362,43.23911393408227
OUT_03363,34.280813001667546
OUT_03364,37.33277636842066
OUT_03365,46.77218546541368
OUT_03366,189.14683972780517
OUT_03367,193.48962600089328
OUT_03368,693.8736650829622
OUT_03369,58.43093419840361
OUT_03370,137.35343085818363
OUT_03371,139.36624683199614
OUT_03372,41.60245562221556
OUT_03373,226.97382192524563
OUT_03374,32.49306141282819
OUT_03375,55.92263840380767
OUT_03376,40.23386127957036
OUT_03377,153.89924459320346
OUT_03378,37.54875168685775
OUT_03379,218.01764984094245
OUT_03380,58.71945199574121
OUT_03381,1903.9481081915449
OUT_03382,73.39341537600707
OUT_03383,640.7325969925071
OUT_03384,42.50024717617922
OUT_03385,41.63603189151195
OUT_03386,53.45556018922916
OUT_03387,526.6132449003684
OUT_03388,597.8439762176334
OUT_03389,59.84035202223288
OUT_03390,60.48719059240912
OUT_03391,758.2530187334278
OUT_03392,57.63456767410575
OUT_03393,200.27465994329413
OUT_03394,84.32148346248132
OUT_03395,732.3356526280458
OUT_03396,94.42196196410504
OUT_03397,51.81439519605311
OUT_03398,29.226835814112395
OUT_03399,47.67433510242434
OUT_03400,223.6424819336451
OUT_03401,129.24572451462487
OUT_03402,1844.475278651969
OUT_03403,58.56201412049237
OUT_03404,43.24608103207554
OUT_03405,57.47133035097427
OUT_03406,675.8986155608901
OUT_03407,127.28812864608496
OUT_03408,32.953225017478246
OUT_03409,134.61475683746605
OUT_03410,38.116950634037714
OUT_03411,1879.2594905541737
OUT_03412,46.76503531478592
OUT_03413,686.6130181489491
OUT_03414,724.6352260572182
OUT_03415,1845.613085429024
OUT_03416,55.1821268734415
OUT_03417,78.00334492893703
OUT_03418,707.444497185164
OUT_03419,37.95261213352164
OUT_03420,68.92897129213803
OUT_03421,36.16309216882077
OUT_03422,43.2737784793446
OUT_03423,791.1952874119721
OUT_03424,824.1505521178171
OUT_03425,145.9246520737993
OUT_03426,37.57992437069089
OUT_03427,138.99840952904927
OUT_03428,35.185319173077424
OUT_03429,58.03974505124041
OUT_03430,180.36767423317715
OUT_03431,43.0199906050664
OUT_03432,49.51431582019696
OUT_03433,48.54293426581109
OUT_03434,122.33407954941674
OUT_03435,75.63356954865874
OUT_03436,733.5154912585255
OUT_03437,37.62897173773205
OUT_03438,228.7284516941724
OUT_03439,215.43526690739571
OUT_03440,48.22961971944595
OUT_03441,39.87579770969686
OUT_03442,156.68543447460843
OUT_03443,763.7113500335356
OUT_03444,519.3265741611483
OUT_03445,148.3530508154316
OUT_03446,642.1680599126316
OUT_03447,61.72674182676179
OUT_03448,218.38886774490163
OUT_03449,32.80467584787328
OUT_03450,144.31310623343026
OUT_03451,630.9443421169032
OUT_03452,53.84060526632057
OUT_03453,200.33595717329493
OUT_03454,61.1531536635427
OUT_03455,65.04160182264489
OUT_03456,31.068741979478936
OUT_03457,217.797728582753
OUT_03458,1884.9217323403532
OUT_03459,67.65499360064187
OUT_03460,39.2178761030964
OUT_03461,56.38649538570896
OUT_03462,49.72766581696901
OUT_03463,36.70720362465675
OUT_03464,50.47496493369491
OUT_03465,197.1179883299796
OUT_03466,165.47280005750935
OUT_03467,728.072949214352
OUT_03468,147.86407035927488
OUT_03469,47.1214420920555
OUT_03470,38.61163805439262
OUT_03471,47.21302802032473
OUT_03472,38.62245887073728
OUT_03473,44.77541848928048
OUT_03474,73.48773751805133
OUT_03475,29.48986435671741
OUT_03476,150.41448999856487
OUT_03477,135.56783196815056
OUT_03478,39.71260636903951
OUT_03479,44.441332174379504
OUT_03480,175.62730491937833
OUT_03481,41.80173732957952
OUT_03482,476.1317070267596
OUT_03483,38.97725728178333
OUT_03484,1706.6059264350113
OUT_03485,36.14241155030769
OUT_03486,67.11886455645887
OUT_03487,35.641371241998904
OUT_03488,34.005092447294466
OUT_03489,196.75936715773489
OUT_03490,42.91049962304361
OUT_03491,148.8247030642937
OUT_03492,813.3516690859286
OUT_03493,1869.465572121828
OUT_03494,204.82161595684352
OUT_03495,41.04814439707351
OUT_03496,35.93228681629892
OUT_03497,180.2810942340188
OUT_03498,120.77138485953824
OUT_03499,191.57751457156863
OUT_03500,47.48006140887225
OUT_03501,185.92553889783716
OUT_03502,47.71539300529101
OUT_03503,193.1064408543997
OUT_03504,39.28906065146735
OUT_03505,149.64399409227266
OUT_03506,191.9709583844345
OUT_03507,64.87227264109617
OUT_03508,774.8140363010816
OUT_03509,37.43545716549719
OUT_03510,35.813951499820014
OUT_03511,37.23175370310628
OUT_03512,34.15906433285957
OUT_03513,824.0394771425699
OUT_03514,38.82381576177356
OUT_03515,51.32663450976359
OUT_03516,42.89477912349167
OUT_03517,73.24042051868217
OUT_03518,119.6915143969287
OUT_03519,753.4190583252854
OUT_03520,40.22202362264936
OUT_03521,222.1964431108649
OUT_03522,88.74560369064355
OUT_03523,37.74806427192841
OUT_03524,203.67959618040973
OUT_03525,27.95323697338505
OUT_03526,41.198856472155086
OUT_03527,33.73023401728399
OUT_03528,29.918009965243485
OUT_03529,209.6821076028764
OUT_03530,77.86682472553478
OUT_03531,146.4579963499181
OUT_03532,61.18443684516435
OUT_03533,739.1292029840652
OUT_03534,201.87004938225672
OUT_03535,61.448472017915954
OUT_03536,55.4272429139667
OUT_03537,172.93928241218413
OUT_03538,41.36301451876309
OUT_03539,59.00491640091371
OUT_03540,29.867537957880412
OUT_03541,187.31731646924771
OUT_03542,163.9656528719964
OUT_03543,54.2444631147244
OUT_03544,29.911079635870088
OUT_03545,189.45482733398683
OUT_03546,45.82032856012277
OUT_03547,176.9933547599372
OUT_03548,56.353994012856845
OUT_03549,1889.7276100126248
OUT_03550,112.15316992550169
OUT_03551,515.7662069200311
OUT_03552,189.82495989164417
OUT_03553,40.91891597006541
OUT_03554,226.03078376486232
OUT_03555,760.0740727022271
OUT_03556,1890.977232986704
OUT_03557,36.3167664425633
OUT_03558,188.4163611403796
OUT_03559,1864.3028718986293
OUT_03560,152.55086147824434
OUT_03561,141.09105096766038
OUT_03562,75.72699661329641
OUT_03563,193.9679507792782
OUT_03564,171.4304621856789
OUT_03565,185.5717662651863
OUT_03566,79.14181497914925
OUT_03567,124.99669083791235
OUT_03568,34.94607587122715
OUT_03569,753.3349386643516
OUT_03570,1882.9644475266712
OUT_03571,799.5877321831466
OUT_03572,734.286426883915
OUT_03573,68.4533965767362
OUT_03574,183.18506911137484
OUT_03575,696.5096391116534
OUT_03576,45.51343823975318
OUT_03577,1860.4872238479843
OUT_03578,123.53117121666456
OUT_03579,756.7082993774809
OUT_03580,33.192153092224714
OUT_03581,58.81680880567887
OUT_03582,207.5556695962669
OUT_03583,44.60543406009478
OUT_03584,38.0432808305552
OUT_03585,58.87615985156389
OUT_03586,74.4812996006839
OUT_03587,176.53567208229023
OUT_03588,63.560334391761856
OUT_03589,29.11553040447516
OUT_03590,47.64734261455632
OUT_03591,1304.001382444743
OUT_03592,53.667277527712464
OUT_03593,51.122626837467706
OUT_03594,142.89088667535137
OUT_03595,152.68323228741366
OUT_03596,174.58901690223976
OUT_03597,757.5778253975717
OUT_03598,805.219545024891
OUT_03599,66.0331035562783
OUT_03600,49.40925755459232
OUT_03601,170.56012818906532
OUT_03602,112.37973866780196
OUT_03603,38.742825742283074
OUT_03604,212.76939799217087
OUT_03605,42.11221746529667
OUT_03606,783.2451208645601
OUT_03607,127.7298886460745
OUT_03608,64.51547064754219
OUT_03609,41.40672200716026
OUT_03610,48.91461706862121
OUT_03611,57.111838651924266
OUT_03612,71.61173294997175
OUT_03613,40.29254081922443
OUT_03614,47.35651847333943
OUT_03615,740.2153439805488
OUT_03616,734.4948348099008
OUT_03617,51.86100441924228
OUT_03618,74.2686714086244
OUT_03619,167.08085336130142
OUT_03620,205.53740044932852
OUT_03621,68.59936304007786
OUT_03622,792.6651501623871
OUT_03623,154.67840652684467
OUT_03624,74.85536617134824
OUT_03625,47.85958621270584
OUT_03626,32.839766757497124
OUT_03627,35.78061095342308
OUT_03628,37.23021323302581
OUT_03629,787.9071437349205
OUT_03630,193.2558708564499
OUT_03631,720.4082784287122
OUT_03632,76.70165846147484
OUT_03633,38.39203468707576
OUT_03634,485.1315368776223
OUT_03635,1923.513851916431
OUT_03636,70.42046679899154
OUT_03637,183.02187745106488
OUT_03638,20.453672239222723
OUT_03639,32.01414956180379
OUT_03640,59.581221251651385
OUT_03641,169.1429819448219
OUT_03642,64.82827343826291
OUT_03643,232.23381382679764
OUT_03644,741.7210650207217
OUT_03645,161.1877785189251
OUT_03646,50.56309403089792
OUT_03647,49.12280196358832
OUT_03648,140.1234092962339
OUT_03649,107.52452208680415
OUT_03650,46.79690236516248
OUT_03651,686.0778913983225
OUT_03652,42.48460654047319
OUT_03653,1900.932380644448
OUT_03654,42.68076978478906
OUT_03655,116.57440279917223
OUT_03656,49.53753728155517
OUT_03657,34.728738833390395
OUT_03658,37.70751159127276
OUT_03659,64.75668628297338
OUT_03660,55.5907452729977
OUT_03661,43.27469384512622
OUT_03662,33.961680136902885
OUT_03663,130.6614427261478
OUT_03664,120.5434877790698
OUT_03665,825.3005156591087
OUT_03666,43.941499780402495
OUT_03667,677.4140863406841
OUT_03668,212.1588181857196
OUT_03669,783.8812304917723
OUT_03670,50.89538276098746
OUT_03671,217.4102158080024
OUT_03672,56.1988911093408
OUT_03673,45.77050380804361
OUT_03674,177.13768965457945
OUT_03675,74.05417084439817
OUT_03676,1905.4244535339408
OUT_03677,37.37991707182101
OUT_03678,97.09138004984852
OUT_03679,40.18915426005478
OUT_03680,1898.5094185326388
OUT_03681,51.53120391852566
OUT_03682,57.60426967679259
OUT_03683,49.74864394425448
OUT_03684,61.30405183165729
OUT_03685,62.18033669932915
OUT_03686,1881.4756805664856
OUT_03687,29.31487327969892
OUT_03688,44.08171864090187
OUT_03689,39.31152530568359
OUT_03690,53.966951757657945
OUT_03692,28.61358766145551
OUT_03693,31.7114093150818
OUT_03695,215.2801859326664
OUT_03696,39.55594216303208
OUT_03697,209.1128651553765
OUT_03698,179.90214039019236
OUT_03699,783.5300252744994
OUT_03700,213.4889961761787
OUT_03701,821.5355250256605
OUT_03702,55.67560843112399
OUT_03703,112.0929071528212
OUT_03704,156.23805727231286
OUT_03705,101.83498837178652
OUT_03706,31.45367342365364
OUT_03707,41.756755946879046
OUT_03708,31.668687818390914
OUT_03709,718.0787711922184
OUT_03710,115.39928368641796
OUT_03711,42.95205097636334
OUT_03712,49.624613725687205
OUT_03713,57.28763310764584
OUT_03714,110.52153112585025
OUT_03715,235.6663306215461
OUT_03716,40.58768075525027
OUT_03717,17.564743356566055
OUT_03718,182.16960848945783
OUT_03719,1874.8352437111132
OUT_03720,36.93012299367385
OUT_03721,191.06450325127472
OUT_03722,28.62711907084789
OUT_03723,773.4538927519262
OUT_03724,1308.4237160509142
OUT_03726,119.22051139058463
OUT_03727,84.87289241054746
OUT_03728,42.18323220302329
OUT_03729,220.6645139662165
OUT_03730,179.9410141787542
OUT_03731,193.3039115003866
OUT_03732,41.96311049982584
OUT_03733,31.56905879046372
OUT_03734,174.96362579678876
OUT_03735,113.62827004338064
OUT_03736,200.93025204924075
OUT_03737,75.32631884993071
OUT_03738,215.20375290976904
OUT_03739,809.2731240951786
OUT_03740,32.25604498748877
OUT_03741,1889.405338969339
OUT_03742,34.941931310286606
OUT_03743,145.2379917492217
OUT_03744,41.93612177127053
OUT_03745,63.133153435739054
OUT_03746,192.409292452398
OUT_03747,61.93017220627112
OUT_03748,134.26033662836198
OUT_03749,36.304355484501016
OUT_03750,45.45906364310149
OUT_03751,72.8440990342922
OUT_03752,41.98894494128085
OUT_03753,41.65935307464661
OUT_03754,739.9592747823611
OUT_03755,44.20203248932788
OUT_03756,149.5500894617144
OUT_03758,31.703616885507746
OUT_03759,55.57379763308004
OUT_03760,164.93387349052432
OUT_03761,43.45198345316651
OUT_03762,221.50358684223173
OUT_03763,44.2731263137731
OUT_03764,686.5919216261615
OUT_03766,1856.2710868254585
OUT_03767,202.8575898771203
OUT_03768,51.26745685239766
OUT_03769,170.36045032202313
OUT_03770,128.17934465524587
OUT_03771,140.65584244911855
OUT_03772,707.555893130127
OUT_03773,739.8682018219938
OUT_03774,40.31730463271508
OUT_03775,31.551278563442462
OUT_03776,66.05009749740223
OUT_03777,37.521496092773766
OUT_03778,29.30085702254657
OUT_03779,39.454196895968686
OUT_03780,68.02262130872577
OUT_03781,212.47642746766
OUT_03782,121.67969110670784
OUT_03783,33.42663977692948
OUT_03784,34.74353959587948
OUT_03785,78.38630381056214
OUT_03786,1909.7709274597412
OUT_03787,133.54060279213255
OUT_03788,46.13681944780496
OUT_03789,155.074373618677
OUT_03790,46.68801061741211
OUT_03791,762.4467514897702
OUT_03792,177.65789959013617
OUT_03793,68.21401945908976
OUT_03794,63.65903615774344
OUT_03795,152.47168035384632
OUT_03796,777.6879191669648
OUT_03797,43.13270478114999
OUT_03798,206.56775783131687
OUT_03799,129.53441655040052
OUT_03800,735.544047071749
OUT_03801,127.18303367183628
OUT_03802,135.8691577530074
OUT_03803,720.5792166584138
OUT_03804,191.99790752974127
OUT_03805,38.973769213258045
OUT_03806,41.11416400317035
OUT_03807,38.95478441720446
OUT_03808,44.241961112638535
OUT_03809,26.629404435003007
OUT_03810,38.10162477202656
OUT_03811,43.51008043126647
OUT_03812,46.89689128313138
OUT_03813,43.021319997665735
OUT_03814,1899.4898089039784
OUT_03815,817.5045409786042
OUT_03816,29.4174995144098
OUT_03817,28.005618940439074
OUT_03818,64.22300358509933
OUT_03819,134.34514190773987
OUT_03820,57.45218968243723
OUT_03821,39.323884994542894
OUT_03822,63.67292268455124
OUT_03823,160.32412889844414
OUT_03824,768.2221229816927
OUT_03825,176.98605717346427
OUT_03826,54.70188091877235
OUT_03827,34.64100133764596
OUT_03828,522.6913673202853
OUT_03829,1834.606193517535
OUT_03830,83.19665141519313
OUT_03831,194.2776534825643
OUT_03832,122.86248207658696
OUT_03833,796.015923168771
OUT_03834,59.15146793797499
OUT_03835,39.15242405610699
OUT_03836,56.55632348525275
OUT_03837,73.95971761463896
OUT_03838,50.37957526242323
OUT_03839,50.64801485837695
OUT_03840,744.847362578668
OUT_03841,497.3749333734482
OUT_03842,138.73483279749448
OUT_03843,220.91590039176165
OUT_03844,778.0069090733936
OUT_03845,34.225587664095194
OUT_03846,185.0479531577144
OUT_03847,709.2710440816538
OUT_03848,212.34774564933664
OUT_03849,664.8167410804323
OUT_03850,626.8311330600727
OUT_03851,39.14071342179696
OUT_03852,33.99711825177688
OUT_03853,74.13302780773978
OUT_03854,58.761157245332505
OUT_03855,40.70481830126656
OUT_03856,175.97377766583512
OUT_03857,42.189422564092666
OUT_03858,41.22728341502709
OUT_03859,35.08670082726709
OUT_03860,164.89241625913132
OUT_03861,769.8939885877775
OUT_03862,49.50173664380021
OUT_03863,701.3191318630061
OUT_03864,623.368981723122
OUT_03865,60.40521106374131
OUT_03866,1311.2538979032547
OUT_03867,64.95892183408698
OUT_03868,48.81924317804808
OUT_03869,201.7626119173932
OUT_03870,37.68543996213354
OUT_03871,61.2859531936983
OUT_03872,39.3820361746339
OUT_03873,210.59493056554408
OUT_03874,42.618132377222985
OUT_03875,124.75754965996124
OUT_03876,795.6260795296129
OUT_03877,219.6875534549181
OUT_03878,757.3229808629551
OUT_03879,67.92378912579257
OUT_03880,32.60827983023296
OUT_03881,55.47975542334424
OUT_03882,71.62915930732494
OUT_03883,36.209125194403775
OUT_03884,45.60541335052299
OUT_03885,1916.1832144783648
OUT_03886,154.95752345895855
OUT_03887,60.23758147996478
OUT_03888,50.343095090224764
OUT_03889,173.81914934273794
OUT_03890,804.5875508062873
OUT_03891,132.35351909947832
OUT_03892,60.11563389017729
OUT_03893,781.8694448050235
OUT_03894,39.05726343286161
OUT_03895,755.7804014348787
OUT_03896,70.33978484484264
OUT_03897,243.41905477671727
OUT_03898,245.71630832924168
OUT_03899,195.34377645322405
OUT_03900,685.6771871198708
OUT_03901,53.87836394980167
OUT_03902,757.3113677183417
OUT_03903,45.85078037461452
OUT_03904,44.75252845354648
OUT_03905,214.76216806861717
OUT_03906,790.3259346447102
OUT_03907,141.19726758046016
OUT_03908,74.35724205492463
OUT_03909,130.67871644939044
OUT_03910,626.1052382238
OUT_03911,1926.3998363451017
OUT_03912,62.062413695926274
OUT_03913,44.22832899353493
OUT_03914,70.74661516315193
OUT_03915,43.79594292507586
OUT_03916,733.8771176473731
OUT_03917,34.56074759633636
OUT_03918,671.0472471392878
OUT_03919,63.93769585990516
OUT_03920,767.0499015851434
OUT_03922,238.2491159019629
OUT_03923,1881.407716499067
OUT_03924,50.27296655636189
OUT_03925,33.10157907486135
OUT_03926,743.260458950842
OUT_03927,743.9337964311164
OUT_03928,1879.1262654282416
OUT_03929,39.9080351168675
OUT_03930,110.754198502225
OUT_03931,143.44076597053007
OUT_03932,118.73753708799342
OUT_03933,30.679731033869203
OUT_03934,240.6857262557941
OUT_03935,212.70631373045416
OUT_03936,46.63611237478578
OUT_03937,142.96950571015503
OUT_03938,48.32265937930688
OUT_03939,836.7457538379765
OUT_03940,158.1982632723445
OUT_03941,43.49666274210648
OUT_03942,195.66870595779665
OUT_03943,41.74756567426805
OUT_03944,1832.3717281791264
OUT_03945,40.077031391814565
OUT_03946,52.75180058270731
OUT_03947,248.0975975620505
OUT_03948,37.27316447471461
OUT_03949,60.16395940802941
OUT_03950,41.1702354281602
OUT_03951,37.82891920641202
OUT_03952,39.26566362034078
OUT_03953,121.20478099689946
OUT_03954,1894.5823898786389
OUT_03955,171.40176039363672
OUT_03956,45.30156073445514
OUT_03957,1858.420874623025
OUT_03958,133.69541672892709
OUT_03959,1857.439358396376
OUT_03960,657.8479358315502
OUT_03961,38.50762744166387
OUT_03962,35.83719836536898
OUT_03963,229.55963159485927
OUT_03964,164.33925815941868
OUT_03965,828.8327971344781
OUT_03966,61.05008134410132
OUT_03967,1877.396346727622
OUT_03968,55.589255799704944
OUT_03969,57.69987395743115
OUT_03970,34.21402036914713
OUT_03971,38.58624625806571
OUT_03972,548.984695351989
OUT_03973,44.38260159638278
OUT_03974,161.47955181380888
OUT_03975,184.97371273227955
OUT_03976,54.25738935091189
OUT_03977,53.19805798275006
OUT_03978,56.908055235947565
OUT_03979,165.65352888547153
OUT_03980,731.8133586093691
OUT_03981,200.88541117656723
OUT_03982,786.4975950292168
OUT_03983,1904.1500626987624
OUT_03984,65.85580368153002
OUT_03985,181.12389731395697
OUT_03986,718.2797521879339
OUT_03987,42.48121589792541
OUT_03988,662.0540630179112
OUT_03989,38.05875390037416
OUT_03990,53.7572166565326
OUT_03991,603.8784275384919
OUT_03992,160.6428415607192
OUT_03993,208.33241095046097
OUT_03994,803.9323810748293
OUT_03995,56.13668889933387
OUT_03996,55.88290591813383
OUT_03997,194.1288554177676
OUT_03998,37.54289045081758
OUT_03999,1898.386927581624
OUT_04000,56.43132199066289
OUT_04001,34.25216908464649
OUT_04002,34.78174178309918
OUT_04003,56.06608508058648
OUT_04004,36.302477739705246
OUT_04005,780.4849562133967
OUT_04006,133.41404337664244
OUT_04008,35.947586116055184
OUT_04009,806.21602632829
OUT_04010,59.11231510156202
OUT_04011,152.66313497348986
OUT_04012,31.28569899247759
OUT_04013,749.8145619285134
OUT_04014,35.08044977329164
OUT_04015,32.89642744007748
OUT_04016,41.264251196417824
OUT_04017,198.45173400522023
OUT_04018,146.64575335612147
OUT_04019,38.22042072128279
OUT_04020,39.095944061040726
OUT_04021,796.5857413994195
OUT_04022,74.30703111750465
OUT_04023,184.25550168228557
OUT_04024,33.91919754530028
OUT_04025,171.473909870791
OUT_04026,841.3611088107183
OUT_04027,1880.329414889538
OUT_04028,91.5867492975918
OUT_04029,35.44685023856905
OUT_04030,46.761387229977714
OUT_04031,113.98630679610652
OUT_04032,220.37724662479152
OUT_04033,111.0842847521106
OUT_04034,193.5838037023888
OUT_04035,44.34306959568883
OUT_04036,38.44465556952035
OUT_04037,145.2020934875221
OUT_04038,64.45070785163531
OUT_04039,148.18023093713333
OUT_04040,37.453444058672254
OUT_04041,38.62410539640507
OUT_04042,36.29870237646836
OUT_04043,45.27609584214343
OUT_04044,698.6969760543356
OUT_04045,143.5496294847923
OUT_04046,135.34894188577508
OUT_04047,34.74096774596085
OUT_04048,794.93743593055
OUT_04049,46.16506828044405
OUT_04050,790.1792849273104
OUT_04051,46.80253027275447
OUT_04052,616.692705519105
OUT_04053,53.396801460029856
OUT_04054,73.42392353955006
OUT_04055,32.08363472159328
OUT_04056,1314.6316641784356
OUT_04057,199.93617101410183
OUT_04058,30.206105575687445
OUT_04059,782.7314696950572
OUT_04060,152.92678370957805
OUT_04061,822.1752730081791
OUT_04062,552.1278868328035
OUT_04063,764.917500067272
OUT_04064,781.2543908100962
OUT_04065,51.30697216646481
OUT_04066,48.1031289092792
OUT_04067,188.77346130596044
OUT_04068,678.2011566978188
OUT_04069,195.4824005151203
OUT_04070,179.19560564177965
OUT_04071,510.76649973022506
OUT_04072,37.11785622282926
OUT_04073,40.285405192231295
OUT_04074,47.932118192681145
OUT_04075,167.54445997674574
OUT_04076,195.35872416810585
OUT_04077,51.03018446978808
OUT_04078,52.666181507800346
OUT_04079,45.98400563322743
OUT_04080,140.55990129975484
OUT_04081,60.04326744696935
OUT_04082,50.13933994415064
OUT_04083,126.60143485316112
OUT_04084,42.74205061768606
OUT_04085,46.38168674271255
OUT_04086,71.40861526700068
OUT_04087,227.9174523277392
OUT_04088,199.8982950064808
OUT_04089,42.68192711306108
OUT_04090,236.06909561814612
OUT_04091,40.35956171867066
OUT_04092,201.4616799963419
OUT_04093,46.918419896266
OUT_04094,140.47454842949085
OUT_04095,75.41682653445909
OUT_04096,61.522692247640094
OUT_04097,778.2497311965923
OUT_04098,177.23260445889468
OUT_04099,127.749868867621
OUT_04100,41.18089453422797
OUT_04101,41.0073785677732
OUT_04102,708.5522032483352
OUT_04104,46.19105400970474
OUT_04105,124.30039355180602
OUT_04106,139.35417909645244
OUT_04107,196.6300758701836
OUT_04108,556.4194450350103
OUT_04109,42.11222864806446
OUT_04110,126.62387153451289
OUT_04111,752.938804070525
OUT_04112,48.52411514413733
OUT_04113,34.57984393668465
OUT_04114,136.61719598274703
OUT_04115,162.4764489811104
OUT_04116,44.73190673728771
OUT_04117,40.6015804817003
OUT_04118,52.038537935904046
OUT_04119,796.8460454560908
OUT_04120,1854.5677327030744
OUT_04121,187.88031124744316
OUT_04122,154.98839461204096
OUT_04123,149.37043330170408
OUT_04124,77.9180310008237
OUT_04125,49.133575816367824
OUT_04126,148.74532426262252
OUT_04127,61.84358290489513
OUT_04128,1819.717884282201
OUT_04129,58.03764365242049
OUT_04130,54.16983681988779
OUT_04131,780.4134836880581
OUT_04132,35.824150298463394
OUT_04133,139.28984153955898
OUT_04134,47.5334254370579
OUT_04135,133.54822452401794
OUT_04136,1937.1146033404907
OUT_04137,168.9210936797289
OUT_04138,64.11587390320325
OUT_04139,560.2195076980837
OUT_04140,41.91502762848723
OUT_04141,44.23722313071806
OUT_04142,776.3895731730455
OUT_04143,755.9617891572321
OUT_04144,44.33444654890681
OUT_04145,49.7067887999286
OUT_04146,44.75595290573038
OUT_04147,39.63175763627893
OUT_04148,68.8677013806144
OUT_04149,26.56674270324568
OUT_04150,219.4429123130733
OUT_04151,139.62717538633763
OUT_04152,38.8276466253295
OUT_04153,73.76280066676267
OUT_04154,770.1808489925584
OUT_04155,702.5627318292022
OUT_04156,31.400710470689692
OUT_04157,57.84826854958912
OUT_04158,54.31177993832259
OUT_04159,50.107774674547
OUT_04160,37.91429534490784
OUT_04161,1304.0733522219646
OUT_04162,44.94084917615354
OUT_04163,38.50764813222433
OUT_04164,50.43820864342307
OUT_04165,700.8951541753187
OUT_04166,70.29323393546028
OUT_04167,47.3906617723373
OUT_04169,39.433991793442
OUT_04170,89.2091458166258
OUT_04171,1855.037960041748
OUT_04172,43.01623078608078
OUT_04173,134.1403417489986
OUT_04174,570.8530401238082
OUT_04175,39.8325827478568
OUT_04176,134.728043162434
OUT_04177,47.144290959310645
OUT_04178,46.96207727851106
OUT_04179,98.76038185566875
OUT_04180,139.9152350470384
OUT_04181,152.2163477028434
OUT_04182,38.85576520564433
OUT_04183,57.569528405195584
OUT_04184,38.39926381132259
OUT_04185,131.57803392237795
OUT_04186,25.95427071322459
OUT_04187,205.1134446885748
OUT_04188,41.04268269366813
OUT_04189,154.4362808010656
OUT_04190,640.1236226100756
OUT_04191,73.67682237534015
OUT_04192,68.88172107438288
OUT_04193,797.4498735878623
OUT_04194,741.3594085948382
OUT_04195,53.32703375919673
OUT_04196,807.8677136736915
OUT_04197,41.10759130466528
OUT_04198,192.26619090471664
OUT_04199,1894.790496915355
OUT_04200,216.156028038629
OUT_04201,82.57243774645015
OUT_04202,41.954190253120935
OUT_04203,211.99283098887497
OUT_04204,46.22002512823892
OUT_04205,146.9237040261311
OUT_04206,1901.13604422896
OUT_04207,167.5156651901619
OUT_04208,42.91126756416167
OUT_04209,55.14906911949814
OUT_04210,128.82645260478566
OUT_04211,70.68363833518782
OUT_04212,196.12675807231344
OUT_04213,62.29746821119579
OUT_04214,225.7048512220457
OUT_04215,152.00319470150535
OUT_04216,120.91162014065377
OUT_04217,812.2093321129205
OUT_04218,30.81716171400171
OUT_04219,47.803263295236285
OUT_04220,61.02168331582303
OUT_04221,610.0373914174966
OUT_04222,44.03005318239537
OUT_04223,47.342772939917474
OUT_04224,197.76614967721164
OUT_04225,38.74464006372411
OUT_04226,855.2905155055191
OUT_04227,215.6679454137277
OUT_04228,36.812257411610254
OUT_04229,160.81877043320685
OUT_04230,77.8731991243009
OUT_04231,218.61526905762904
OUT_04232,766.6914677308623
OUT_04233,524.1568719448597
OUT_04234,55.79594542814636
OUT_04235,76.30359703381478
OUT_04236,75.92532215647356
OUT_04237,1850.935760580321
OUT_04238,226.39606336348592
OUT_04239,1888.9700864134888
OUT_04240,60.42002774433988
OUT_04241,162.78774347842037
OUT_04242,35.12661890117024
OUT_04243,29.01407008107739
OUT_04244,82.65691677656375
OUT_04245,183.7899277579136
OUT_04246,29.663644979567508
OUT_04247,37.08573105654532
OUT_04248,51.32872186598806
OUT_04249,151.50924588576171
OUT_04250,750.2713223238477
OUT_04251,1748.3108156256587
OUT_04252,38.97828673768477
OUT_04253,36.61343435443457
OUT_04254,805.2859603951064
OUT_04255,63.659632374343495
OUT_04256,220.4966274428077
OUT_04257,34.26536926946539
OUT_04258,224.7484784384744
OUT_04259,517.670495438184
OUT_04260,1899.9184060616856
OUT_04261,830.597619431013
OUT_04262,36.34274351725067
OUT_04263,187.52310086201348
OUT_04264,40.12081026912905
OUT_04265,54.099136693625766
OUT_04266,74.6410392635951
OUT_04267,50.486548451021946
OUT_04268,42.86765701821658
OUT_04269,561.7286981043903
OUT_04270,212.9367517510392
OUT_04271,191.89706665977675
OUT_04272,217.6801138222778
OUT_04273,30.137027549431604
OUT_04274,176.92276633603493
OUT_04275,39.92117373680384
OUT_04276,142.4803597257797
OUT_04277,47.031576301944526
OUT_04278,40.522134524133406
OUT_04279,64.48587675255838
OUT_04280,220.41984771173423
OUT_04281,155.154016909699
OUT_04282,721.0258946082668
OUT_04283,153.72710424345868
OUT_04284,36.68347387366994
OUT_04285,38.17354563152148
OUT_04286,190.98252281061883
OUT_04287,146.84201985539727
OUT_04288,57.70313666836573
OUT_04289,75.43016627045925
OUT_04290,55.39954731791576
OUT_04291,235.41341869663395
OUT_04292,46.73274954725104
OUT_04293,577.286395780998
OUT_04294,154.83955715116107
OUT_04295,1857.5167450272052
OUT_04296,54.75101804022497
OUT_04297,41.017672572728536
OUT_04298,153.27782430058542
OUT_04299,195.9505438628395
OUT_04300,69.49940968749854
OUT_04301,61.97361244490972
OUT_04302,44.872957482963216
OUT_04303,51.81620684764115
OUT_04304,706.1778658787314
OUT_04305,128.9013261934782
OUT_04306,39.420450327101626
OUT_04307,56.500148770662896
OUT_04308,41.9998161672462
OUT_04309,756.7633398220433
OUT_04310,77.37317744525252
OUT_04311,45.409436024781066
OUT_04312,780.459691722348
OUT_04313,45.77245506634813
OUT_04314,51.21671294334441
OUT_04315,44.211274403125934
OUT_04316,37.92792607645518
OUT_04317,138.80655536315078
OUT_04318,147.03968507185942
OUT_04319,53.155482883879465
OUT_04320,791.4794517720994
OUT_04321,47.71545461077904
OUT_04323,39.091779594801146
OUT_04324,181.14888950888425
OUT_04325,54.142189649693016
OUT_04326,239.34147099099644
OUT_04327,39.99128623362619
OUT_04328,796.2449225918684
OUT_04329,42.01700393159934
OUT_04330,138.38509966917988
OUT_04331,89.33478606119884
OUT_04332,33.028298388763254
OUT_04333,146.48281144962942
OUT_04334,171.6688573940324
OUT_04335,782.2716124161717
OUT_04336,43.28877981402896
OUT_04337,69.46030700180962
OUT_04338,57.88252076804788
OUT_04339,38.13775945626424
OUT_04340,49.233959845787616
OUT_04341,42.21808296067477
OUT_04342,697.3755006995192
OUT_04343,48.64078966738894
OUT_04344,54.1309932566827
OUT_04345,47.54673579287339
OUT_04346,53.860261203304205
OUT_04347,692.981590156826
OUT_04348,34.53070112137171
OUT_04349,806.293897093095
OUT_04350,132.7446949711062
OUT_04351,516.0603795686524
OUT_04352,128.4032896107408
OUT_04353,106.1571629572174
OUT_04354,41.25755423236562
OUT_04355,60.070325892597474
OUT_04356,806.6098827735284
OUT_04357,752.2166340401975
OUT_04358,170.0766954910253
OUT_04359,1863.0701941845955
OUT_04360,166.20096374191482
OUT_04361,121.0574533228264
OUT_04362,56.96903332065246
OUT_04363,51.620764070524125
OUT_04364,43.33868282193813
OUT_04365,36.51881274340777
OUT_04366,70.07263494692299
OUT_04367,77.9890937165807
OUT_04368,1886.7836306766449
OUT_04369,199.63349810398915
OUT_04370,195.66279518468525
OUT_04371,42.11165582849176
OUT_04372,43.859117361308506
OUT_04373,123.1183163311128
OUT_04374,47.65758478025934
OUT_04375,40.452360797636096
OUT_04376,47.47675311737928
OUT_04377,33.76356636215342
OUT_04378,81.85804815243553
OUT_04379,61.786558921211146
OUT_04380,46.98392999415098
OUT_04381,34.3283095903235
OUT_04382,798.701073618453
OUT_04383,54.42834883572444
OUT_04384,53.39921334060356
OUT_04385,707.3844079540414
OUT_04386,49.560747546666136
OUT_04387,171.55712147264546
OUT_04388,142.11922829026614
OUT_04389,64.93719052905078
OUT_04390,134.05498498685063
OUT_04391,91.76264451802643
OUT_04392,182.48569890127897
OUT_04393,1871.0026652439465
OUT_04394,72.76689505324207
OUT_04395,40.41990903185184
OUT_04396,63.284736709292176
OUT_04397,38.62421625501453
OUT_04398,41.3700824009392
OUT_04399,481.79756418527927
OUT_04400,790.4784821130343
OUT_04401,42.20911886611193
OUT_04402,701.048686597151
OUT_04403,59.516436157525405
OUT_04404,768.2318204758245
OUT_04405,525.9737680402632
OUT_04406,46.14554042702005
OUT_04407,147.6471904678077
OUT_04408,45.22224633217149
OUT_04409,1318.9978374963646
OUT_04410,86.00470877284056
OUT_04411,41.03037772345291
OUT_04412,50.784140690745
OUT_04413,693.6708876844557
OUT_04414,667.3604469934095
OUT_04415,801.5390372407205
OUT_04416,45.89276787079712
OUT_04417,166.1167078496846
OUT_04418,120.39400444874852
OUT_04419,48.148162437309104
OUT_04420,49.6693700436978
OUT_04421,31.41736860353578
OUT_04422,779.1543224788446
OUT_04423,115.31348577921148
OUT_04424,167.0045751698343
OUT_04425,60.99590146388
OUT_04426,48.78889818832244
OUT_04427,65.08722607177732
OUT_04428,42.70880891885573
OUT_04429,167.64714048480806
OUT_04430,186.430511010443
OUT_04431,54.81670292411759
OUT_04432,173.9561595277244
OUT_04433,762.9073062892206
OUT_04434,106.71607895797234
OUT_04435,720.9497469107662
OUT_04436,816.7403792702802
OUT_04437,685.4020699844065
OUT_04438,578.6370877429015
OUT_04439,803.0678485505508
OUT_04440,135.7707407777559
OUT_04441,56.354623660096266
OUT_04443,51.44695949953691
OUT_04444,138.6963198321594
OUT_04445,28.65265889244247
OUT_04446,204.86570062422223
OUT_04447,64.92173852263363
OUT_04448,132.079734396537
OUT_04449,634.8983434457751
OUT_04450,227.52610860034363
OUT_04451,148.85804790319284
OUT_04452,37.17230330714342
OUT_04453,174.0545654907269
OUT_04454,212.33410109690968
OUT_04455,39.224626707430176
OUT_04456,44.98977394667546
OUT_04457,114.14552681180636
OUT_04458,231.322834968218
OUT_04459,48.25482685308425
OUT_04460,177.36367724667736
OUT_04461,38.77781278935042
OUT_04462,46.669491535921416
OUT_04463,45.893678081098585
OUT_04464,41.07726619499277
OUT_04465,214.76307406492745
OUT_04466,172.21433642010194
OUT_04467,221.28576160779508
OUT_04468,87.9959175893982
OUT_04469,36.27805257118747
OUT_04470,60.10368132940344
OUT_04471,808.2891324626672
OUT_04472,192.67972795054564
OUT_04473,43.40039536144161
OUT_04474,111.83959249305116
OUT_04475,32.7440640290424
OUT_04476,166.65212699467511
OUT_04477,48.318936817969146
OUT_04478,761.3155877221458
OUT_04479,145.14312956470354
OUT_04480,551.2046141904644
OUT_04481,35.452926419279905
OUT_04482,144.08069954073042
OUT_04483,86.03707935433452
OUT_04484,176.66733928935284
OUT_04485,67.85818149693546
OUT_04486,44.91225228767504
OUT_04487,641.8139336105271
OUT_04488,65.67785320931254
OUT_04489,792.6363056073706
OUT_04490,40.33221713864069
OUT_04491,35.80526758820946
OUT_04492,736.3719723810715
OUT_04493,32.39513796056186
OUT_04494,45.07267576250468
OUT_04495,56.77301174554901
OUT_04496,37.70133755370745
OUT_04497,208.3031861774808
OUT_04498,197.15235316849535
OUT_04499,46.95790226270019
OUT_04500,1917.54897818134
OUT_04501,41.44043626486954
OUT_04502,220.84807637022823
OUT_04503,31.14163457415289
OUT_04504,68.04640446569606
OUT_04505,43.61512770112882
OUT_04506,179.25951494775822
OUT_04507,675.1047377391816
OUT_04508,54.02453438775636
OUT_04509,523.4188473411964
OUT_04510,196.79788083788952
OUT_04511,40.91702743347995
OUT_04512,74.90337607310087
OUT_04513,46.91552204783275
OUT_04514,701.3424672309513
OUT_04515,199.9788146478979
OUT_04516,135.42436595924502
OUT_04517,247.10807181194895
OUT_04518,117.24653885911836
OUT_04519,33.346577507005705
OUT_04520,708.676662513564
OUT_04521,38.69120698666219
OUT_04522,38.39837005534719
OUT_04523,703.5949112349534
OUT_04524,29.587002152036145
OUT_04525,153.38031283831694
OUT_04526,847.3839864205864
OUT_04527,43.25802556959116
OUT_04528,797.1535723518899
OUT_04529,68.2018478681042
OUT_04530,60.59007833156553
OUT_04531,33.89067224040422
OUT_04532,33.25138544992702
OUT_04533,687.3621199083238
OUT_04534,84.68794738700895
OUT_04535,136.75106266686848
OUT_04536,151.22261609219274
OUT_04537,46.285438460917234
OUT_04538,54.72638105215089
OUT_04539,39.59262488380359
OUT_04540,182.52541694276107
OUT_04541,173.3370490535376
OUT_04542,63.90498796391644
OUT_04543,64.30242690836911
OUT_04544,199.43628685938836
OUT_04545,63.87236157451024
OUT_04546,46.7298448644405
OUT_04547,212.20014760888557
OUT_04548,45.50929880147724
OUT_04549,67.31869406142388
OUT_04550,49.78267802464854
OUT_04551,194.31486401533328
OUT_04552,232.3107492433581
OUT_04553,191.37490349238948
OUT_04554,41.64700225141137
OUT_04555,40.75131026213493
OUT_04556,811.3101033765637
OUT_04557,43.019701937925895
OUT_04558,143.7524215669271
OUT_04559,42.97120158153136
OUT_04560,795.7212084100636
OUT_04561,121.5197398347566
OUT_04562,52.141669141900266
OUT_04563,40.66921062105842
OUT_04564,51.50430457651883
OUT_04565,224.79741133509984
OUT_04566,112.80537084964558
OUT_04567,63.34196041897914
OUT_04568,625.9013773650853
OUT_04569,1833.345854812694
OUT_04570,61.97145385747679
OUT_04571,228.122686538474
OUT_04572,80.2855087396122
OUT_04573,203.57690821737287
OUT_04574,39.46247158641973
OUT_04575,171.39405174781578
OUT_04576,839.879567869889
OUT_04577,33.77612990124303
OUT_04578,37.76905590082618
OUT_04579,63.07988227310254
OUT_04580,215.8394421858652
OUT_04581,150.31223974302625
OUT_04582,84.46657157804515
OUT_04583,141.87488599374183
OUT_04584,38.229637969711824
OUT_04585,37.64357294454626
OUT_04586,187.13384988075592
OUT_04587,48.67896017119796
OUT_04588,37.58036397707074
OUT_04589,63.36678571546764
OUT_04590,190.9751306507703
OUT_04591,50.25404041237933
OUT_04592,151.08266846785716
OUT_04593,1864.1719147467136
OUT_04594,786.0515417799465
OUT_04595,185.45983678145623
OUT_04596,43.72258160648165
OUT_04597,34.83077699870621
OUT_04598,738.1285843870204
OUT_04599,97.5569924936335
OUT_04600,39.57616972988916
OUT_04601,36.42281338067727
OUT_04602,72.75284072484057
OUT_04603,220.9505649080804
OUT_04604,48.12783377170477
OUT_04605,45.21051984805575
OUT_04606,590.4864010178069
OUT_04607,183.5681770885721
OUT_04608,28.30448681159611
OUT_04609,1907.4077309736613
OUT_04610,694.4847284850856
OUT_04612,773.2071631293932
OUT_04613,767.9059913702207
OUT_04614,43.970527468120025
OUT_04615,851.7540660136343
OUT_04616,29.64483929441284
OUT_04617,117.76897753928196
OUT_04618,175.79051081840564
OUT_04619,211.41294955382943
OUT_04620,683.7451830875576
OUT_04621,195.55547481203445
OUT_04622,41.13345820636109
OUT_04623,44.58143541164437
OUT_04624,55.682008114146136
OUT_04625,68.74606433476572
OUT_04626,746.0792665035773
OUT_04627,205.54978450119532
OUT_04628,111.88880321118872
OUT_04629,144.56265995636068
OUT_04630,128.5406640400669
OUT_04631,59.42908535640609
OUT_04632,53.27764260749505
OUT_04633,145.6437282372446
OUT_04634,181.34990131025197
OUT_04635,34.34577802558002
OUT_04636,47.9685494815285
OUT_04637,87.58697816691652
OUT_04638,59.16291878135231
OUT_04639,36.46061620600759
OUT_04640,1902.1060045275603
OUT_04641,209.1126969664606
OUT_04642,42.95461633104563
OUT_04643,74.1501486545368
OUT_04644,741.9921516950182
OUT_04645,53.050586306187455
OUT_04646,47.81679252890349
OUT_04647,45.734090820325534
OUT_04648,126.84747387539797
OUT_04649,27.33398294000381
OUT_04650,43.29831757227929
OUT_04651,800.9119211989268
OUT_04652,36.56348788591692
OUT_04653,47.87542496044349
OUT_04654,42.23308250986609
OUT_04655,38.385876807771055
OUT_04656,42.4561997429968
OUT_04657,58.89683372030504
OUT_04658,61.50858473657281
OUT_04659,72.01547653376984
OUT_04660,36.49273887644957
OUT_04661,114.9007642671969
OUT_04662,45.20642030213371
OUT_04663,43.55922140940586
OUT_04664,546.8587384572079
OUT_04665,41.19222494624984
OUT_04666,65.52335795789176
OUT_04667,552.5488729469402
OUT_04668,50.20862483486869
OUT_04669,161.8434587521765
OUT_04670,49.41912187027668
OUT_04671,222.7677590659432
OUT_04672,150.00388860510336
OUT_04673,50.378737807567504
OUT_04674,40.3081597839952
OUT_04675,123.18259503206244
OUT_04676,781.6628256585021
OUT_04677,66.96176638507352
OUT_04678,1892.011431988478
OUT_04679,541.2864871836102
OUT_04680,40.4634166846758
OUT_04681,178.87964606177064
OUT_04682,34.971641759963504
OUT_04683,170.33547143575365
OUT_04684,39.46110955205613
OUT_04685,106.71569228041896
OUT_04686,109.85007313263512
OUT_04687,36.0517307755557
OUT_04688,33.70573130271713
OUT_04689,39.283442080435
OUT_04690,42.6772364184654
OUT_04691,31.169469184815647
OUT_04692,71.5990922195551
OUT_04693,48.64629332347049
OUT_04694,781.1260422656867
OUT_04695,197.51760479246676
OUT_04696,83.45582755872606
OUT_04697,123.79142108538169
OUT_04698,86.4732409603536
OUT_04699,216.83994796176523
OUT_04700,171.0033455786738
OUT_04701,704.2235880887016
OUT_04702,209.9456595816105
OUT_04703,754.690711192918
OUT_04704,669.0674006701572
OUT_04705,64.90886338732996
OUT_04706,615.4503007349472
OUT_04707,138.3773446334329
OUT_04708,73.07090985099151
OUT_04709,73.12751300366932
OUT_04710,124.09702428405528
OUT_04711,39.50514791045544
OUT_04712,80.31289451313278
OUT_04713,712.7825488607197
OUT_04714,704.5017719985345
OUT_04715,58.70732300802985
OUT_04716,171.30033079363398
OUT_04717,39.149084926411774
OUT_04718,653.7251939039228
OUT_04719,41.31926941065428
OUT_04720,74.50137607383859
OUT_04721,142.14142668746663
OUT_04722,45.35697682545198
OUT_04723,115.58441157199088
OUT_04724,787.4277641567007
OUT_04725,39.4608437844694
OUT_04726,142.8890648996988
OUT_04727,25.61895449906556
OUT_04728,161.46426069837946
OUT_04729,204.5670831806788
OUT_04730,46.85034987124993
OUT_04731,191.6305490239056
OUT_04732,43.20628095912902
OUT_04733,539.6775209615168
OUT_04734,741.9009412578572
OUT_04735,32.433616777399266
OUT_04736,206.0916607886408
OUT_04737,618.8068012798158
OUT_04738,47.44872453827336
OUT_04739,42.71248852468943
OUT_04740,37.64253922928394
OUT_04741,56.23075689310131
OUT_04742,832.2677989328186
OUT_04743,125.11663050972484
OUT_04744,113.2529957136388
OUT_04745,31.917271914844527
OUT_04746,462.2179281021205
OUT_04747,175.86783857380445
OUT_04748,52.65869025512975
OUT_04749,45.18302755620068
OUT_04750,41.03230832069793
OUT_04751,790.4994115829876
OUT_04752,1897.887627980179
OUT_04753,114.43825126417777
OUT_04754,256.5473223849106
OUT_04755,86.38483437331655
OUT_04756,183.48590327512264
OUT_04757,67.95046199743923
OUT_04758,690.9653697095196
OUT_04759,34.806548125412746
OUT_04760,67.29921186698299
OUT_04761,138.54170802294635
OUT_04762,45.41825036481825
OUT_04763,63.43994099067056
OUT_04764,39.35756264746842
OUT_04765,156.17444141311475
OUT_04766,440.36167125563
OUT_04767,44.422750635986105
OUT_04768,764.0905773834758
OUT_04769,50.42590235957491
OUT_04770,47.51403715166935
OUT_04771,40.05020315242254
OUT_04772,787.1726445329919
OUT_04773,43.12528812892389
OUT_04774,175.62402487988663
OUT_04775,44.38572295121967
OUT_04776,181.2821886930222
OUT_04777,49.09637055064524
OUT_04778,78.58642734689616
OUT_04779,231.6440144954871
OUT_04780,83.23788583664226
OUT_04781,202.4355303483181
OUT_04782,194.97662979593076
OUT_04783,111.18555658742864
OUT_04784,127.03894691472304
OUT_04785,128.94454184588346
OUT_04786,219.8855697429489
OUT_04787,50.02806699064176
OUT_04788,182.21794560750695
OUT_04789,68.76747688775352
OUT_04790,1828.8943190196544
OUT_04791,571.3254617634339
OUT_04792,34.24591216035248
OUT_04793,43.82091804930385
OUT_04794,74.11399105440032
OUT_04795,752.9839480308591
OUT_04796,126.39376092341924
OUT_04797,39.79326364921023
OUT_04798,777.8581769031158
OUT_04799,41.59124199403069
OUT_04800,46.35811002465687
OUT_04801,39.07122492689346
OUT_04802,54.36070634586256
OUT_04803,83.75982292158511
OUT_04804,757.1402286700635
OUT_04805,35.9961555124677
OUT_04806,41.51805537907982
OUT_04807,248.2427195988337
OUT_04808,666.7072252536552
OUT_04809,54.28696356016864
OUT_04810,215.2235093306959
OUT_04811,730.8234038796791
OUT_04812,1858.046538612193
OUT_04813,41.1074567123071
OUT_04814,795.3321745895993
OUT_04815,27.85595305168241
OUT_04816,39.98137945387733
OUT_04817,62.08433736584973
OUT_04818,125.95135926214722
OUT_04819,1913.8323051394325
OUT_04820,44.87503096292863
OUT_04821,75.65675766472397
OUT_04822,68.37478239499866
OUT_04823,195.7472004447853
OUT_04824,55.61060464839604
OUT_04825,31.17570011081206
OUT_04826,40.96674885737599
OUT_04827,28.177701222808164
OUT_04828,37.3892073911676
OUT_04829,37.22168071972487
OUT_04830,742.6124622703833
OUT_04831,59.37677528726988
OUT_04832,128.80360693578427
OUT_04833,168.57987482831703
OUT_04834,63.34525756617042
OUT_04835,1886.786406914871
OUT_04836,146.20933188222563
OUT_04837,55.34679067359061
OUT_04838,42.66866730114359
OUT_04839,41.24623891291082
OUT_04840,62.44297709998822
OUT_04841,65.3404631343811
OUT_04842,36.94450158333582
OUT_04843,36.29463083099719
OUT_04844,760.5982229732766
OUT_04845,29.01497927251038
OUT_04846,22.73568808654574
OUT_04847,54.0077825960192
OUT_04848,151.58664667139243
OUT_04849,136.27111859828776
OUT_04850,47.8407598471793
OUT_04851,161.43757758663236
OUT_04852,145.00101357515712
OUT_04853,1871.5530652265984
OUT_04855,81.54597480464561
OUT_04856,181.84148529443056
OUT_04857,724.8190770866647
OUT_04858,60.4365378431906
OUT_04859,135.4236550167676
OUT_04860,184.48719388619324
OUT_04861,197.5823744607349
OUT_04862,169.59688208587662
OUT_04863,43.73675986240576
OUT_04864,139.34073724808843
OUT_04865,165.61419251561915
OUT_04866,171.1422586421804
OUT_04867,36.91144944095685
OUT_04868,180.62824344678828
OUT_04869,748.7867656943681
OUT_04870,44.38394451709467
OUT_04871,45.78621050461709
OUT_04872,168.79768997265657
OUT_04873,711.8344947127445
OUT_04874,43.05859399538897
OUT_04875,69.40085176250946
OUT_04876,123.66800134014336
OUT_04877,52.27771193007857
OUT_04878,41.46242449217945
OUT_04879,1901.3286667768343
OUT_04880,54.26205480356264
OUT_04881,51.14766889810416
OUT_04882,177.9440774702838
OUT_04883,61.88782413616382
OUT_04884,44.6710343400304
OUT_04885,703.8056915713091
OUT_04886,122.69568535674304
OUT_04887,649.973428929318
OUT_04888,50.95231170807004
OUT_04889,53.60677271542496
OUT_04890,44.68387119064496
OUT_04891,167.8850610669575
OUT_04892,645.0931138211358
OUT_04893,177.0247407530062
OUT_04894,40.36983152357613
OUT_04895,38.71680983401886
OUT_04896,40.92416797658605
OUT_04897,33.12149755201422
OUT_04898,773.5318312090292
OUT_04899,197.784364359762
OUT_04900,36.1661141046045
OUT_04901,221.7181298907754
OUT_04902,38.83167985696021
OUT_04903,118.23005405293078
OUT_04904,180.17587344308748
OUT_04905,67.40034018722939
OUT_04906,57.05766838354698
OUT_04907,55.49759870522762
OUT_04908,42.37343425963952
OUT_04909,65.17454818766444
OUT_04910,184.48028683881773
OUT_04911,58.1816868482368
OUT_04912,122.5596556344569
OUT_04913,749.4524299610871
OUT_04914,202.2935267684257
OUT_04915,48.846424913047606
OUT_04916,45.27407239997579
OUT_04917,170.63237263716192
OUT_04918,63.885404631106645
OUT_04919,1832.0664982627056
OUT_04920,157.76999534683108
OUT_04921,74.9713600210059
OUT_04922,150.4383437148569
OUT_04923,57.43191932857762
OUT_04924,491.5477258850366
OUT_04925,826.3388391412086
OUT_04926,40.46493957986189
OUT_04927,149.95958389479324
OUT_04928,92.82450475135856
OUT_04929,162.5041166091582
OUT_04930,43.55428218518524
OUT_04931,48.74321014041684
OUT_04932,160.10835618622767
OUT_04933,46.68598534840819
OUT_04934,37.05125394256653
OUT_04935,39.529412916701936
OUT_04936,191.79775840931885
OUT_04937,166.6519588082272
OUT_04938,48.5254123172241
OUT_04939,42.05391533155464
OUT_04940,32.23542773818789
OUT_04941,533.3622277737359
OUT_04942,766.5066493332699
OUT_04943,46.6583224549215
OUT_04944,796.0452287856397
OUT_04945,156.5582799094352
OUT_04946,39.36438854570466
OUT_04947,681.0597675393824
OUT_04948,33.498102413444315
OUT_04949,110.85762884161424
OUT_04950,150.77825985542017
OUT_04951,64.49348466414176
OUT_04952,198.420650678
OUT_04953,751.4371248104537
OUT_04954,179.390929853603
OUT_04955,33.059950024693514
OUT_04956,40.10019436806257
OUT_04957,31.20932644601741
OUT_04958,36.94450158333582
OUT_04959,182.42396272297773
OUT_04960,42.23240767739762
OUT_04961,34.055194820085354
OUT_04962,1868.007538821876
OUT_04963,223.73897595231333
OUT_04964,45.24708038997707
OUT_04965,34.94608788502092
OUT_04966,38.20444617255835
OUT_04967,42.20114216036416
OUT_04968,163.96208687921833
OUT_04969,130.2401225904412
OUT_04970,57.81566997952739
OUT_04971,806.8514075787151
OUT_04972,128.73900092895144
OUT_04973,725.0824876324249
OUT_04974,160.93930538773066
OUT_04975,52.014801861123104
OUT_04976,37.24206035226045
OUT_04977,34.66644198577976
OUT_04978,181.78781458409904
OUT_04979,1894.772380897719
OUT_04980,152.53870423701636
OUT_04981,39.88720150930159
OUT_04982,107.61902205969882
OUT_04983,724.7906199833021
OUT_04984,43.92495165996479
OUT_04985,742.0418348389875
OUT_04986,186.15388393356096
OUT_04987,53.15060765895096
OUT_04988,42.21432991514128
OUT_04989,43.73049930127018
OUT_04990,205.34163753129283
OUT_04991,37.52801536201987
OUT_04992,689.5335438137405
OUT_04993,37.37961889768915
OUT_04994,122.5160327434848
OUT_04995,43.692814583053405
OUT_04996,151.99170454297766
OUT_04997,51.05575253084359
OUT_04998,33.953327686721195
OUT_04999,122.63024565139584
OUT_05000,50.38327537360348
OUT_05001,37.35637293262477
OUT_05002,52.49061073993409
OUT_05003,42.14933781167508
OUT_05004,64.11127152748143
OUT_05005,136.27269952662493
OUT_05006,33.15755167301547
OUT_05007,1788.0511356690065
OUT_05008,40.60510593159925
OUT_05009,45.0698081164749
OUT_05010,67.74776829869491
OUT_05011,148.18619612877546
OUT_05012,36.97909621469279
OUT_05013,63.97387406603168
OUT_05014,223.58927565064704
OUT_05015,103.4101925254641
OUT_05016,164.98691622292134
OUT_05017,52.26078764222044
OUT_05018,156.47622713621234
OUT_05019,30.81901668833582
OUT_05020,59.47505747642799
OUT_05021,158.23992024961416
OUT_05022,31.2578049673248
OUT_05023,56.58500051691253
OUT_05024,182.0350742782313
OUT_05025,76.3812647383014
OUT_05026,251.79807943748827
OUT_05027,39.2529510573304
OUT_05028,71.6294145967388
OUT_05029,119.5975087189
OUT_05030,43.45421565310618
OUT_05031,55.28796494019413
OUT_05032,57.38872182202544
OUT_05033,74.03786395580616
OUT_05034,174.63378305377228
OUT_05035,36.07905276006987
OUT_05036,69.3042696767631
OUT_05037,49.019734405497005
OUT_05038,34.92095834366129
OUT_05039,58.02863718091371
OUT_05040,47.76627279835852
OUT_05041,43.51307586849381
OUT_05042,42.8848435467643
OUT_05043,39.06225721790253
OUT_05044,177.74234120340253
OUT_05045,735.3330168933641
OUT_05046,692.0400762601961
OUT_05047,64.98029058062309
OUT_05048,65.96685066394933
OUT_05049,88.13560305522758
OUT_05050,1842.6821033151373
OUT_05051,37.77715872838238
OUT_05053,76.92402616754521
OUT_05054,50.24304176169743
OUT_05055,45.92321491979032
OUT_05056,200.01194649782687
OUT_05057,171.19573948045493
OUT_05058,80.08890357682114
OUT_05059,130.17975377919876
OUT_05060,41.98844630645447
OUT_05061,48.905048409790055
OUT_05062,46.06687815704128
OUT_05063,51.03456178816466
OUT_05064,237.21079637785616
OUT_05065,125.57784980106088
OUT_05066,193.32226514643867
OUT_05067,61.6048793891832
OUT_05068,47.85082105264315
OUT_05069,56.43379289747829
OUT_05070,154.0144947958417
OUT_05071,1865.111922773494
OUT_05072,67.94769290517154
OUT_05073,164.02129033210443
OUT_05074,28.479476662220577
OUT_05075,40.498715213553645
OUT_05076,41.8303591812448
OUT_05077,42.56381554886705
OUT_05078,180.19384240474787
OUT_05079,707.0389811448474
OUT_05080,130.41305917914883
OUT_05081,34.818563556203834
OUT_05082,155.9097234122097
OUT_05083,136.95345702163644
OUT_05084,78.94978939989323
OUT_05085,126.82981291893589
OUT_05086,33.03417093866786
OUT_05087,162.04343211360407
OUT_05088,59.7102761198482
OUT_05089,168.2381694032245
OUT_05090,211.45085489576485
OUT_05091,728.929393122444
OUT_05093,121.06307637347476
OUT_05094,128.46174872881258
OUT_05095,1903.268975435424
OUT_05096,39.54087809969199
OUT_05097,729.0348953638065
OUT_05098,58.27655860584558
OUT_05099,42.056738315718086
OUT_05100,58.099136966410896
OUT_05101,762.7030933962224
OUT_05102,192.67720916675367
OUT_05103,44.82361967136458
OUT_05104,774.3428129212807
OUT_05105,26.238196800183037
OUT_05106,56.71511922077238
OUT_05107,200.00045242690757
OUT_05108,48.22440656783344
OUT_05109,57.92914357945427
OUT_05110,93.72404586870576
OUT_05111,51.8913784588787
OUT_05112,184.45585480699145
OUT_05113,37.66596506352212
OUT_05114,43.9853542027494
OUT_05115,775.5073590025389
OUT_05116,118.21119168078695
OUT_05117,60.58966662249467
OUT_05118,127.21092498393256
OUT_05119,40.60767190323104
OUT_05120,1647.537029754045
OUT_05121,59.52872946145714
OUT_05122,841.3276910914915
OUT_05123,135.70069495532184
OUT_05124,221.6904707094889
OUT_05125,55.60423341293034
OUT_05126,46.457379355262994
OUT_05127,50.2950973837818
OUT_05128,187.1412780147729
OUT_05129,225.96215210262488
OUT_05130,649.4822841393682
OUT_05131,200.1986560817376
OUT_05132,35.93609668134664
OUT_05133,1826.8961776375256
OUT_05134,165.47989668508967
OUT_05135,80.1439685668757
OUT_05136,122.48631353066172
OUT_05137,43.41164891036207
OUT_05138,52.854179852091605
OUT_05139,32.13918707341411
OUT_05140,34.70367024823522
OUT_05141,171.42817774068703
OUT_05142,744.6272831219666
OUT_05143,143.735005590751
OUT_05144,72.8738431350805
OUT_05145,36.81606251807481
OUT_05146,69.47086726988259
OUT_05147,213.9465176535385
OUT_05148,41.73525749151575
OUT_05149,127.9501000332726
OUT_05150,194.43983094489977
OUT_05151,32.46457864540081
OUT_05152,55.50504616530445
OUT_05153,38.64273176872953
OUT_05154,41.08998695315847
OUT_05155,178.21933788523447
OUT_05156,1893.1764338335208
OUT_05157,1905.406919035312
OUT_05158,36.04115602981806
OUT_05159,203.171793243185
OUT_05160,46.53043659988994
OUT_05161,504.7342201580509
OUT_05162,728.1440295979111
OUT_05163,164.28014939571173
OUT_05164,40.79885435665778
OUT_05165,41.2551539513373
OUT_05166,517.5707578703318
OUT_05167,202.42477366401656
OUT_05168,735.2884001804849
OUT_05169,34.55106103456868
OUT_05170,809.1005960777336
OUT_05171,55.19416071084218
OUT_05172,26.934021610895403
OUT_05173,33.53218875782777
OUT_05174,129.89256459922882
OUT_05175,474.4465565878696
OUT_05176,710.1686185309057
OUT_05177,41.61868810458921
OUT_05178,767.953288145477
OUT_05179,39.82541646756023
OUT_05180,42.21211871871648
OUT_05181,1286.7503364090808
OUT_05182,38.01028229172866
OUT_05183,122.43555211782008
OUT_05184,52.97927842873205
OUT_05185,779.2708411939824
OUT_05186,511.563614529617
OUT_05187,186.21582993337108
OUT_05188,769.0813419938738
OUT_05189,35.651133494654594
OUT_05190,52.37896556428894
OUT_05191,36.79711018254785
OUT_05192,207.4043736391246
OUT_05193,29.6424155534065
OUT_05194,132.3636260587825
OUT_05195,207.9081152087497
OUT_05196,47.631678396877525
OUT_05197,708.11738367949
OUT_05198,1796.347009788279
OUT_05199,107.0168222506509
OUT_05200,36.96099520973166
OUT_05201,815.8684971368909
OUT_05202,45.57076837651835
OUT_05203,225.8536420717304
OUT_05204,1864.2324372296632
OUT_05205,1879.8050533405517
OUT_05206,59.22536408668941
OUT_05207,135.2132899862763
OUT_05208,34.98582649806021
OUT_05209,42.42314368210732
OUT_05210,43.973878922615285
OUT_05211,210.90927837760057
OUT_05212,50.22531146893913
OUT_05213,41.98110705873754
OUT_05214,58.135602069489565
OUT_05215,29.80624992390796
OUT_05216,711.7221857092147
OUT_05217,28.307912613789394
OUT_05218,138.2088261539614
OUT_05219,36.84289214921989
OUT_05220,150.41050708371796
OUT_05221,80.05554791997895
OUT_05222,828.892505910335
OUT_05223,62.42925614343699
OUT_05224,39.085823450708006
OUT_05225,115.67118376087252
OUT_05226,34.39403593935912
OUT_05227,53.59924229596157
OUT_05228,39.8538638804358
OUT_05229,47.52330229537723
OUT_05230,1867.978531062047
OUT_05231,726.850062463969
OUT_05232,151.80771244686034
OUT_05233,751.3370328706382
OUT_05234,211.0799702531679
OUT_05236,32.27947638983745
OUT_05237,172.1431738543804
OUT_05238,44.87800694370199
OUT_05239,133.93481224997618
OUT_05240,235.90423740783388
OUT_05241,51.5912980865612
OUT_05242,29.32358857361307
OUT_05243,117.53072243826526
OUT_05244,204.3537565325169
OUT_05245,43.03150647006696
OUT_05246,41.063751103751954
OUT_05247,27.834461256398637
OUT_05248,86.98880568055928
OUT_05249,206.53566977235235
OUT_05250,1902.270792778592
OUT_05251,29.92019833730636
OUT_05252,35.60938897517873
OUT_05253,160.35024091748662
OUT_05254,45.29952534588865
OUT_05255,779.8143547955532
OUT_05256,765.2873980457933
OUT_05257,684.479279281228
OUT_05258,75.12119485377234
OUT_05259,696.3565615865936
OUT_05260,115.47600042009118
OUT_05261,61.35916148767893
OUT_05262,51.95065672576471
OUT_05263,43.94085347377949
OUT_05264,531.6554169817967
OUT_05265,127.59495071435484
OUT_05266,64.77048737106692
OUT_05267,196.60612136565
OUT_05268,31.04564884710097
OUT_05269,1865.9351562971688
OUT_05270,238.9224074698066
OUT_05271,698.6059323514719
OUT_05272,698.7630212528275
OUT_05273,43.23197029414128
OUT_05274,186.0271844239976
OUT_05276,64.78497448600406
OUT_05277,34.90748079562403
OUT_05278,41.1299901942438
OUT_05279,33.36781770316876
OUT_05280,1867.9805227662116
OUT_05281,208.3374960378138
OUT_05282,140.30663838465614
OUT_05283,230.31403627472656
OUT_05284,44.79855112159629
OUT_05285,50.25188266564323
OUT_05286,759.2689716038255
OUT_05287,773.1612548825452
OUT_05288,44.10301520817048
OUT_05289,209.16389219772012
OUT_05290,149.87488790939315
OUT_05291,60.5165162863616
OUT_05292,751.6182264084617
OUT_05293,46.43035535245652
OUT_05294,41.624173914904944
OUT_05295,202.87714128620485
OUT_05296,27.778165288479485
OUT_05297,1859.13643981845
OUT_05298,64.91573376847003
OUT_05299,670.8208693769767
OUT_05300,185.38061748236944
OUT_05301,175.06151830296955
OUT_05302,749.2332851425347
OUT_05303,45.58538145891665
OUT_05304,36.59370262965359
OUT_05305,241.99537136609
OUT_05306,45.21844062851859
OUT_05307,79.5056678517738
OUT_05308,70.65140979643746
OUT_05309,48.52999249319729
OUT_05310,40.329296812925
OUT_05311,145.48386626474456
OUT_05312,32.48444694258364
OUT_05313,47.93321402155611
OUT_05314,130.32694206492826
OUT_05315,79.54583210305472
OUT_05316,213.95616982064087
OUT_05317,73.38739745032812
OUT_05318,702.0223956638519
OUT_05319,155.63172552119482
OUT_05320,126.21613524888366
OUT_05321,150.0394752604815
OUT_05322,34.28826733914771
OUT_05323,42.87904593269592
OUT_05324,200.4063082017177
OUT_05325,738.5015912233364
OUT_05326,50.88995020156492
OUT_05327,57.09845773460636
OUT_05328,174.36542767330576
OUT_05329,825.9555348491149
OUT_05330,54.4941423431345
OUT_05331,34.51835617814256
OUT_05332,577.2211483824892
OUT_05333,709.9104681722068
OUT_05334,55.17838136776965
OUT_05335,134.46109688083973
OUT_05336,148.18544666259768
OUT_05337,170.62201771305436
OUT_05338,53.55990385966763
OUT_05339,37.54862218259266
OUT_05340,833.1824174123894
OUT_05341,42.72104292630262
OUT_05342,90.642484745483
OUT_05343,183.738276797684
OUT_05344,175.27881820067395
OUT_05345,40.27299885073804
OUT_05346,44.07326062231191
OUT_05347,48.27099837224333
OUT_05348,29.761143284192983
OUT_05349,517.2804494928574
OUT_05350,166.52485477168148
OUT_05351,717.2827310755524
OUT_05352,120.19428451824804
OUT_05353,32.61049089255103
OUT_05354,142.81589091056983
OUT_05355,2001.6522436361656
OUT_05356,37.19173362436598
OUT_05357,805.7271460920026
OUT_05358,722.175568692016
OUT_05359,45.93050563783929
OUT_05360,136.15581000095142
OUT_05361,27.81981585038031
OUT_05362,156.496100925759
OUT_05363,40.96176919433128
OUT_05364,56.84476027171353
OUT_05365,45.04888091559496
OUT_05366,1883.375536392372
OUT_05367,156.4944534847746
OUT_05368,48.54342977674788
OUT_05369,129.45642871753577
OUT_05370,76.78900217679765
OUT_05371,50.69637166975016
OUT_05372,166.12735666052177
OUT_05373,131.77314335934452
OUT_05374,70.88218649369335
OUT_05375,792.9383520803456
OUT_05376,79.05719744680479
OUT_05377,793.2281753603544
OUT_05378,35.46558810912998
OUT_05379,213.92576221472328
OUT_05380,31.38037956294665
OUT_05381,31.53439724091936
OUT_05382,40.035680004301305
OUT_05383,65.91643440115615
OUT_05384,627.6987298643778
OUT_05385,124.10122961826303
OUT_05386,63.36415554810894
OUT_05387,1915.813242313114
OUT_05388,70.63271377645742
OUT_05389,37.50733320169044
OUT_05390,37.65928657415428
OUT_05391,39.87172490147882
OUT_05392,195.09606030890396
OUT_05393,229.79414651221472
OUT_05394,45.15542912620902
OUT_05395,54.27373101869318
OUT_05396,242.8361295623238
OUT_05397,46.86341892004407
OUT_05398,67.91486367001872
OUT_05399,32.66489113553307
OUT_05400,48.37294594081848
OUT_05401,236.6727512398736
OUT_05402,178.67882001039732
OUT_05403,752.8224943368709
OUT_05404,210.63015461652097
OUT_05405,123.67617427558343
OUT_05406,157.3772205699619
OUT_05407,744.3532058505249
OUT_05408,50.50523936185965
OUT_05409,158.36289328118613
OUT_05410,529.3289593666874
OUT_05411,46.74993986109818
OUT_05412,768.098591221358
OUT_05413,52.00753721278116
OUT_05414,30.5562686243674
OUT_05415,202.0334386386476
OUT_05416,211.57243539799117
OUT_05417,63.102771526283895
OUT_05418,717.8404428393471
OUT_05419,127.45824042625236
OUT_05420,40.65684023283546
OUT_05421,77.84264161109989
OUT_05422,61.56629767118194
OUT_05423,65.67765033418634
OUT_05424,239.7675469922408
OUT_05425,70.57962947490074
OUT_05426,1835.703754528853
OUT_05427,739.6182109585536
OUT_05428,825.6955170812272
OUT_05429,35.61063065337426
OUT_05430,1848.7011568802284
OUT_05431,148.11924500268785
OUT_05432,60.86522169492554
OUT_05433,60.67028748229714
OUT_05434,51.941902249636414
OUT_05435,204.09278946568716
OUT_05436,71.54261622173466
OUT_05437,42.277134649510735
OUT_05438,58.9301787971222
OUT_05439,120.75899758658826
OUT_05440,45.84104915475184
OUT_05441,44.148538157202765
OUT_05442,700.1447671287823
OUT_05443,214.34221912397825
OUT_05444,43.24443425287087
OUT_05446,63.96228965196037
OUT_05447,203.31855262386355
OUT_05448,532.8137986206249
OUT_05449,54.68308613034728
OUT_05450,134.26130434231482
OUT_05451,210.81204212961708
OUT_05452,704.937568777233
OUT_05453,1906.2565777733007
OUT_05454,192.1560571742842
OUT_05455,70.09993557122554
OUT_05456,205.89221756363813
OUT_05457,44.94527584350016
OUT_05458,216.6366185603509
OUT_05459,726.2923505028185
OUT_05460,40.71434943321161
OUT_05461,207.7255233056984
OUT_05462,134.39553679066742
OUT_05463,44.68313563361072
OUT_05464,50.305587517586766
OUT_05465,1865.9625049112883
OUT_05466,153.8329231834931
OUT_05467,43.12207695555024
OUT_05468,67.95546860193777
OUT_05469,24.7155410849379
OUT_05470,1891.2975401218723
OUT_05471,32.921319014924094
OUT_05472,48.905680080084906
OUT_05473,200.58588707278145
OUT_05474,57.97319604032403
OUT_05475,42.16178621263828
OUT_05476,53.8787810033819
OUT_05477,43.84822063880729
OUT_05478,748.8335664499426
OUT_05479,49.52291910970502
OUT_05480,47.65089762398151
OUT_05481,71.23804961676358
OUT_05482,815.780288212561
OUT_05483,633.6967294849051
OUT_05484,36.868602562636
OUT_05485,1871.225735093763
OUT_05486,783.9234609678638
OUT_05487,149.28984836602243
OUT_05488,134.63266562873974
OUT_05489,39.695646929762006
OUT_05490,698.199173411735
OUT_05491,40.8882509148826
OUT_05492,176.49960651084146
OUT_05493,733.549299349219
OUT_05494,202.22120670498705
OUT_05495,758.9904641473981
OUT_05497,774.1547976560868
OUT_05498,49.736039944849104
OUT_05499,42.97211631625068
OUT_05500,195.07150848935467
OUT_05501,688.6832814878557
OUT_05502,30.92084022403816
OUT_05503,32.78712672370352
OUT_05504,118.1424892762991
OUT_05505,156.7464656341364
OUT_05506,197.64043788464292
OUT_05507,31.00731130926138
OUT_05508,720.7199839169441
OUT_05509,223.68851924481265
OUT_05510,67.50169066652838
OUT_05511,793.4978018696819
OUT_05512,183.45008705531868
OUT_05513,42.84385362329096
OUT_05514,678.5235310783603
OUT_05515,40.36679203317845
OUT_05516,131.31416598488198
OUT_05517,48.52881822506129
OUT_05518,67.5842307368277
OUT_05519,54.91729713777897
OUT_05520,42.35826266374302
OUT_05521,56.82173039442426
OUT_05522,210.49720509690405
OUT_05523,620.9194725993759
OUT_05524,38.53267676418803
OUT_05525,133.33658155696986
OUT_05526,36.31991282335007
OUT_05527,40.8010969003105
OUT_05528,75.3491870715882
OUT_05529,75.73682516201477
OUT_05530,218.87646571038675
OUT_05531,43.96744759971251
OUT_05532,138.15248813793795
OUT_05533,48.70934481221273
OUT_05534,47.01804842105546
OUT_05535,212.44731159915565
OUT_05536,190.7732210359012
OUT_05537,553.0340269919096
OUT_05538,135.28255427232412
OUT_05539,37.84736963717216
OUT_05540,519.206666227224
OUT_05541,74.14231753295512
OUT_05542,735.2150540717906
OUT_05543,715.4199830334084
OUT_05544,51.53063272371757
OUT_05545,200.5877608486496
OUT_05546,42.9874190575849
OUT_05547,47.93195365201857
OUT_05548,45.35611388611682
OUT_05549,44.95568035781865
OUT_05550,48.04659320777641
OUT_05551,519.5545632553055
OUT_05552,716.5983211995358
OUT_05553,243.3263751368643
OUT_05554,47.60471442633735
OUT_05555,689.4161462824138
OUT_05556,32.14778100638097
OUT_05558,46.61582454273813
OUT_05560,162.1517959891074
OUT_05561,53.42722999095266
OUT_05562,179.32001535232538
OUT_05563,130.79087371106928
OUT_05564,1798.3883307622912
OUT_05565,757.2801015205438
OUT_05566,42.180195478264224
OUT_05567,55.06042194759943
OUT_05568,231.16593401686495
OUT_05569,744.5663377989332
OUT_05570,44.39723052091704
OUT_05571,506.5620067587416
OUT_05572,34.818281837265324
OUT_05573,139.0444582644765
OUT_05574,65.40056298549449
OUT_05575,670.9983763573778
OUT_05576,593.6387545722984
OUT_05577,719.9024205466885
OUT_05578,1908.56647593217
OUT_05579,773.3274530439446
OUT_05580,210.7429832414733
OUT_05581,37.64616277067246
OUT_05582,60.303675450515314
OUT_05583,45.514717104550485
OUT_05584,150.72255590534957
OUT_05585,174.92549662690925
OUT_05586,242.9268786258976
OUT_05587,131.99827676464503
OUT_05588,129.0547859664331
OUT_05589,41.34887851784773
OUT_05590,137.57561668925752
OUT_05591,196.15426750393613
OUT_05592,1901.3575515431448
OUT_05593,824.726317263107
OUT_05594,185.5553289046885
OUT_05595,45.80144390179554
OUT_05596,53.091275798635614
OUT_05597,1876.4188190706543
OUT_05598,211.44601913188384
OUT_05600,76.06658179777715
OUT_05601,82.07864589467701
OUT_05602,39.82154875528532
OUT_05603,65.32429197906127
OUT_05604,730.9404634998169
OUT_05605,63.327920281642506
OUT_05606,1801.6606596523216
OUT_05607,122.41724018170076
OUT_05608,125.07243946806184
OUT_05609,182.8571556277209
OUT_05610,78.52293939949996
OUT_05611,38.33784094108757
OUT_05612,35.125288440370255
OUT_05613,694.1533244382763
OUT_05614,40.05369209700439
OUT_05615,201.5606036236489
OUT_05616,109.185129129958
OUT_05617,36.110040219683945
OUT_05618,160.52195817957863
OUT_05619,505.98953119276
OUT_05620,807.4866837964116
OUT_05622,54.526272902209655
OUT_05623,68.32972836305545
OUT_05624,66.81515565394521
OUT_05625,63.44959659259023
OUT_05626,824.0944276422027
OUT_05627,36.35469686106446
OUT_05628,57.89506165212975
OUT_05629,39.24709734069361
OUT_05630,124.55134106197494
OUT_05631,71.60183731520944
OUT_05632,131.76734727865525
OUT_05633,188.7177789490844
OUT_05634,38.80049143566814
OUT_05635,64.29041154028681
OUT_05636,30.71688974783156
OUT_05637,46.793428650548
OUT_05638,189.4053210634545
OUT_05639,516.246502717627
OUT_05640,818.6895356074237
OUT_05641,44.36871418506191
OUT_05642,47.89166108265824
OUT_05643,43.31739582259334
OUT_05644,181.7283472811504
OUT_05645,122.14286018791196
OUT_05646,54.52964019262328
OUT_05647,179.46151953642558
OUT_05648,56.53374279232547
OUT_05649,38.9701394035
OUT_05650,67.70203768419235
OUT_05651,141.3552687943325
OUT_05652,186.22100899199395
OUT_05653,59.685793419853184
OUT_05654,55.85078817657305
OUT_05655,709.2149444442227
OUT_05656,181.80532359194476
OUT_05657,540.069130898223
OUT_05658,678.0540282223766
OUT_05659,38.0167830190416
OUT_05660,47.26059272657308
OUT_05661,127.0083946629068
OUT_05662,50.658688845994135
OUT_05663,82.55117740066844
OUT_05664,523.9132305416872
OUT_05665,60.55721148506165
OUT_05666,57.5084012032917
OUT_05667,117.34485130797589
OUT_05668,34.882358273823534
OUT_05669,40.23107598186116
OUT_05670,225.3926757284102
OUT_05671,188.9257424614813
OUT_05672,49.61899627167682
OUT_05673,49.66795565961772
OUT_05674,46.904118729961965
OUT_05675,38.44674936488241
OUT_05676,160.62626787856414
OUT_05677,170.45863919713304
OUT_05678,29.683534968260982
OUT_05679,170.822605223511
OUT_05680,35.80362574204304
OUT_05681,53.57696956758994
OUT_05683,29.69708071170501
OUT_05684,214.59263292818355
OUT_05685,130.98403294480406
OUT_05686,52.67416008173216
OUT_05687,30.298396414726888
OUT_05688,194.7017272494036
OUT_05689,116.64196047482336
OUT_05690,135.29585708872187
OUT_05691,470.6666954946756
OUT_05692,730.5774914267172
OUT_05693,166.463957884879
OUT_05694,1926.0094936009536
OUT_05695,35.29428653542961
OUT_05696,62.14379339665376
OUT_05697,69.9258376208872
OUT_05698,134.60246359075043
OUT_05699,1869.537008099196
OUT_05700,73.57361310799857
OUT_05702,72.57147007698593
OUT_05703,733.9360567160809
OUT_05704,48.45567042297179
OUT_05705,25.975424222488897
OUT_05706,37.60806523951702
OUT_05707,48.52658519519901
OUT_05708,59.39207200324895
OUT_05709,124.02141121228156
OUT_05710,45.43851356995162
OUT_05711,767.3631591405817
OUT_05712,57.42881070189648
OUT_05713,36.4132961989101
OUT_05714,109.8343891242942
OUT_05715,37.95108524955119
OUT_05716,789.1533684242349
OUT_05717,66.86957920816856
OUT_05718,733.0932851706183
OUT_05719,163.10664053970285
OUT_05720,38.002576147903454
OUT_05721,31.11283764430461
OUT_05722,163.9793489611343
OUT_05723,35.48854009979752
OUT_05724,62.72206739530791
OUT_05725,38.89786498346318
OUT_05726,178.16678607468347
OUT_05727,1906.7165486272545
OUT_05728,66.19302800428653
OUT_05729,74.23875833592001
OUT_05730,33.592839695622985
OUT_05731,46.88332295856513
OUT_05732,713.417221742407
OUT_05733,812.0067934662175
OUT_05734,50.07456788822282
OUT_05735,52.495702118310646
OUT_05736,148.79372919094317
OUT_05737,49.46670656161851
OUT_05738,47.753816022736906
OUT_05739,207.1973566253847
OUT_05740,233.24850372888432
OUT_05741,71.78456764288634
OUT_05742,134.58742340679316
OUT_05743,1869.0342482440967
OUT_05744,145.23736116056992
OUT_05745,32.07197992115681
OUT_05746,38.99148907360996
OUT_05747,48.88644303687361
OUT_05748,41.59557049372077
OUT_05749,113.71296492175018
OUT_05750,207.9583188865927
OUT_05751,44.31580267618767
OUT_05752,160.14929302336995
OUT_05753,50.45640875561708
OUT_05754,167.47220285304095
OUT_05755,51.59629771533344
OUT_05756,170.4177501528408
OUT_05757,1872.4367888671131
OUT_05758,183.025029112488
OUT_05759,43.96676770302775
OUT_05760,41.750010147765146
OUT_05761,137.92780198477683
OUT_05762,186.68452105261915
OUT_05763,34.87730554448632
OUT_05764,212.9199788506558
OUT_05765,119.36025305439595
OUT_05766,35.794392673642584
OUT_05767,49.58569723589786
OUT_05768,53.181374887797816
OUT_05769,203.2296386753762
OUT_05770,196.8498506367245
OUT_05771,34.51046949925114
OUT_05772,114.16210800631866
OUT_05773,208.57349411853068
OUT_05774,167.90160865023245
OUT_05775,65.63303399316709
OUT_05776,1896.779699371204
OUT_05777,666.6912978737607
OUT_05778,154.37792840155535
OUT_05779,47.82140417064274
OUT_05781,64.44521704909423
OUT_05782,114.53187558826076
OUT_05783,124.92379540656736
OUT_05784,32.25918822448294
OUT_05785,74.02737153613452
OUT_05786,763.4030346267419
OUT_05787,36.82994866199496
OUT_05788,38.45512891349301
OUT_05789,31.464394909737884
OUT_05790,118.25055027930011
OUT_05791,43.19078177450942
OUT_05792,125.9133731497502
OUT_05793,60.25317947076206
OUT_05794,54.1479261782014
OUT_05795,38.07868193017179
OUT_05796,33.230001656775315
OUT_05797,128.64781720866904
OUT_05798,203.473945127658
OUT_05799,41.5188195312298
OUT_05800,126.718057546729
OUT_05801,160.32281689444685
OUT_05802,124.23638605902914
OUT_05803,742.5804475527729
OUT_05804,752.7157179499646
OUT_05805,32.80828930469947
OUT_05806,191.94361064579437
OUT_05807,45.76775540617701
OUT_05808,40.511881102041
OUT_05809,224.18438614596857
OUT_05810,42.636842030167855
OUT_05811,150.96890166064622
OUT_05812,58.52524924119638
OUT_05813,679.9224978811387
OUT_05814,788.2440882036216
OUT_05815,136.40185245654345
OUT_05816,185.20268190551477
OUT_05817,56.865590556898574
OUT_05818,167.97611412876313
OUT_05819,40.679991166113474
OUT_05820,38.52571089148525
OUT_05821,41.70764514516989
OUT_05822,120.20114905226832
OUT_05823,62.02198022601824
OUT_05824,531.2984366495199
OUT_05825,1907.6686347089176
OUT_05826,32.66504563103645
OUT_05827,34.53960479397271
OUT_05828,45.21162736745468
OUT_05829,148.66913986468177
OUT_05830,153.86153195522115
OUT_05831,180.57630916696192
OUT_05832,43.70920885690872
OUT_05833,43.20273079100044
OUT_05834,98.03544493715276
OUT_05835,28.86221494024676
OUT_05836,152.4495416860498
OUT_05837,145.96444333280695
OUT_05838,1908.6026302577784
OUT_05839,45.17171816310639
OUT_05840,30.80567818480353
OUT_05841,47.76177972640887
OUT_05842,37.81161785573192
OUT_05843,695.0181885285275
OUT_05844,42.88138904951736
OUT_05845,111.3449311574836
OUT_05846,816.6185661485928
OUT_05847,558.0444103911547
OUT_05848,57.80660760338252
OUT_05849,775.1675506944856
OUT_05850,161.2452062744455
OUT_05851,31.45177836411244
OUT_05852,626.4572083743163
OUT_05853,69.10160700842269
OUT_05854,737.7180158563566
OUT_05855,131.32921150007485
OUT_05856,199.30149763476183
OUT_05857,63.633812466377016
OUT_05858,68.4127908920628
OUT_05859,44.28825977228394
OUT_05860,41.44953105535004
OUT_05861,54.65765677562959
OUT_05862,51.32331217414215
OUT_05863,29.796460232249185
OUT_05864,37.55164698500252
OUT_05865,37.6375884816562
OUT_05866,33.47178889771201
OUT_05867,176.93500198746602
OUT_05868,112.73857054894302
OUT_05869,53.63927610724217
OUT_05870,511.97078923251314
OUT_05871,162.88956561329266
OUT_05872,46.11107403481402
OUT_05873,97.49511247236116
OUT_05874,40.631170750607886
OUT_05875,143.72082043020868
OUT_05876,45.67947413393183
OUT_05877,164.27513487689748
OUT_05878,63.09902102692462
OUT_05879,774.5006619491903
OUT_05880,78.34285858621031
OUT_05881,61.16166903245795
OUT_05882,184.6466089261276
OUT_05883,115.42138764359592
OUT_05884,196.232943594715
OUT_05885,138.1229244824293
OUT_05886,136.98638902784495
OUT_05887,206.77940527773487
OUT_05888,44.50975590638076
OUT_05889,153.30255952030583
OUT_05890,694.0613083012796
OUT_05891,34.45465795666033
OUT_05892,711.7585438832126
OUT_05893,127.2827662955954
OUT_05894,741.567236121457
OUT_05895,39.55565059948085
OUT_05896,32.763872254568135
OUT_05897,33.4073467783197
OUT_05898,39.34321172164608
OUT_05899,746.2842657932348
OUT_05900,196.3691032679328
OUT_05901,62.5899998981922
OUT_05902,209.6457872806211
OUT_05903,1927.8653400195903
OUT_05904,40.27181069723408
OUT_05905,49.93265549500845
OUT_05906,58.17957797343859
OUT_05907,165.50789341425107
OUT_05908,32.97791196873364
OUT_05909,548.6305002635065
OUT_05910,46.92676066884769
OUT_05911,56.70752897317442
OUT_05912,60.62626888564719
OUT_05913,53.74162297453316
OUT_05914,35.57295098949778
OUT_05915,133.5602780784383
OUT_05916,202.0780266523637
OUT_05917,40.955501623219554
OUT_05918,187.5615906588612
OUT_05919,35.74077924068146
OUT_05920,39.62092077161086
OUT_05921,47.46479434165765
OUT_05922,112.65719123037606
OUT_05923,42.62079270309058
OUT_05924,196.31044629898625
OUT_05925,188.3764429016004
OUT_05926,44.08496050751607
OUT_05927,1880.861391021332
OUT_05928,52.328358190131006
OUT_05929,124.24855886940898
OUT_05930,38.16481575475461
OUT_05931,45.67838509167154
OUT_05932,158.61591528151067
OUT_05933,163.74524400193658
OUT_05934,37.53812617160652
OUT_05935,29.976264034082718
OUT_05936,1822.3974833876823
OUT_05937,772.3649423609005
OUT_05938,1897.758977627792
OUT_05939,205.7219959000641
OUT_05940,1843.7241092375532
OUT_05941,71.873994418283
OUT_05942,38.95849343197921
OUT_05943,553.0316377143474
OUT_05944,50.18906330499696
OUT_05945,43.96927273716037
OUT_05946,46.62955409142796
OUT_05947,1304.300562565425
OUT_05948,868.7274366801037
OUT_05949,221.53509575472697
OUT_05950,39.58846419129598
OUT_05951,46.246841834008
OUT_05952,67.3533128286198
OUT_05953,43.46173428123805
OUT_05954,80.3991234819671
OUT_05955,53.63126457527098
OUT_05956,733.080961842566
OUT_05957,79.4622806308422
OUT_05958,138.46549421578493
OUT_05959,45.814700476651225
OUT_05960,729.1811276466084
OUT_05961,40.45603556624103
OUT_05962,198.60128107305343
OUT_05963,57.35196901174745
OUT_05964,41.42042874756605
OUT_05965,171.85623323083075
OUT_05966,160.6519611789901
OUT_05967,53.08892108376013
OUT_05968,89.69707772516826
OUT_05970,212.68944418840445
OUT_05971,147.4131272403346
OUT_05972,41.93364375100731
OUT_05973,174.61615795608833
OUT_05974,65.3350937370651
OUT_05975,234.9299136399484
OUT_05976,36.22520147459378
OUT_05977,39.415006975142695
OUT_05978,219.82926539835063
OUT_05979,124.8952513526447
OUT_05980,47.192706729151695
OUT_05981,1864.1220181460733
OUT_05982,186.2733120258623
OUT_05983,76.67423309102618
OUT_05984,526.851060449472
OUT_05985,37.98805442132309
OUT_05986,76.18908305359541
OUT_05987,34.3572767901816
OUT_05988,174.21553275903685
OUT_05989,50.78331196334063
OUT_05990,77.31246620644343
OUT_05991,42.94777631833163
OUT_05992,701.7478500835642
OUT_05993,44.62350299916124
OUT_05994,58.184026808852245
OUT_05995,75.93288186451905
OUT_05996,44.404715445731775
OUT_05997,47.18078187025292
OUT_05998,175.12380858390642
OUT_05999,36.51097486794811
OUT_06000,42.92061087474305
OUT_06001,38.54468404336905
OUT_06002,135.44078261808258
OUT_06003,36.55904475829174
OUT_06004,80.3943175860755
OUT_06005,128.69177563992443
OUT_06006,178.66778612874208
OUT_06007,44.909339561976616
OUT_06008,142.9619857793542
OUT_06009,163.86109391797834
OUT_06010,52.9485217058178
OUT_06011,47.81303800562574
OUT_06012,628.1280375286661
OUT_06013,759.9214791911694
OUT_06014,179.72073105484012
OUT_06015,66.714333596997
OUT_06016,732.9279990723878
OUT_06017,69.90720310102228
OUT_06018,40.364765940621375
OUT_06019,31.299279819621024
OUT_06020,236.23622618515475
OUT_06021,63.138244140067
OUT_06022,70.18509203348614
OUT_06023,1862.5628714496215
OUT_06024,70.1554651394056
OUT_06025,144.65519412714374
OUT_06026,753.2389819891953
OUT_06027,206.7767748760308
OUT_06029,39.80397454691191
OUT_06030,1865.0183255094528
OUT_06031,32.205595282167245
OUT_06032,653.9456614042757
OUT_06033,1914.773106698048
OUT_06034,107.02097866606016
OUT_06035,36.2379393797645
OUT_06036,37.33780171599211
OUT_06037,137.77749620916455
OUT_06038,258.7286886220525
OUT_06039,148.3081321810108
OUT_06040,147.73743727545474
OUT_06041,757.6949125660842
OUT_06042,132.6598930653894
OUT_06043,41.948156578290856
OUT_06044,1887.8327070314267
OUT_06045,43.226935610281366
OUT_06046,28.846190227121035
OUT_06047,735.5740304053116
OUT_06048,41.445417760534326
OUT_06049,805.3933439293562
OUT_06050,650.7591660676194
OUT_06051,46.97990042046647
OUT_06052,138.4236981792974
OUT_06053,185.05296702366763
OUT_06054,36.73366557783904
OUT_06055,185.11874211944385
OUT_06056,39.189283257599385
OUT_06057,249.98120988458467
OUT_06058,46.08310308312316
OUT_06059,195.65482170698849
OUT_06060,53.75418059254608
OUT_06061,134.16081722815812
OUT_06062,519.4120224324944
OUT_06063,203.656414614787
OUT_06064,205.8209899159426
OUT_06065,141.95326258169612
OUT_06066,53.95820996481337
OUT_06067,61.957568501648495
OUT_06068,63.1434574345667
OUT_06069,52.01604587768279
OUT_06070,36.22086369329516
OUT_06071,60.35690767261062
OUT_06072,705.9335613145965
OUT_06073,57.24019574300019
OUT_06074,38.56077962258672
OUT_06075,209.74730126194297
OUT_06076,67.57911952691674
OUT_06077,71.95051729171554
OUT_06078,48.6865693080282
OUT_06079,68.63754425158254
OUT_06080,52.92740200245857
OUT_06081,1873.5088634816616
OUT_06082,707.0327362800051
OUT_06083,1876.547840117229
OUT_06084,50.18989200076344
OUT_06085,58.26842975818948
OUT_06086,797.5016508387521
OUT_06087,190.7995851411441
OUT_06088,684.0163616417173
OUT_06089,56.97385040763688
OUT_06090,123.75541090488392
OUT_06091,49.51703763446821
OUT_06092,31.858238058554942
OUT_06093,1906.3592292563765
OUT_06094,176.3530868894912
OUT_06095,34.908691642407504
OUT_06096,727.8697025224207
OUT_06097,785.0799474786031
OUT_06098,58.34903139414564
OUT_06099,69.00585929688879
OUT_06100,719.5159881350327
OUT_06101,197.3772371624757
OUT_06102,174.02070851946726
OUT_06103,788.7243627379224
OUT_06104,200.20917794099344
OUT_06105,70.62508845316138
OUT_06106,163.1063231239916
OUT_06107,524.1827250268065
OUT_06108,50.562892091720585
OUT_06109,734.7095142506236
OUT_06110,35.05639293955436
OUT_06111,40.48605896497036
OUT_06112,190.1332148804813
OUT_06113,42.91260157118097
OUT_06114,134.19717012778105
OUT_06115,130.91042438486443
OUT_06116,56.56450022257405
OUT_06117,41.90033743933439
OUT_06118,46.279745965822855
OUT_06119,1870.0545806225605
OUT_06120,38.62319221296599
OUT_06121,43.795874498318085
OUT_06122,41.3262105860399
OUT_06123,152.3326707082573
OUT_06124,198.81084615807603
OUT_06125,48.92373598943282
OUT_06126,60.0235980075752
OUT_06127,99.87297208829658
OUT_06128,208.9253644961137
OUT_06129,46.39699715767263
OUT_06130,184.3899111788496
OUT_06131,71.19539611044604
OUT_06132,65.91374174993726
OUT_06133,44.54295835865343
OUT_06134,130.1183838432084
OUT_06135,562.063443670879
OUT_06136,833.8635327563043
OUT_06137,182.2118699688274
OUT_06138,67.5565295970038
OUT_06139,34.991886374417106
OUT_06140,80.33037423285029
OUT_06142,558.8213983134617
OUT_06143,42.96861146029279
OUT_06144,181.0558277656495
OUT_06145,173.4307263065652
OUT_06146,67.95447137945861
OUT_06147,180.02659134795525
OUT_06148,203.3375443277513
OUT_06149,140.41925150804397
OUT_06150,126.66600053495632
OUT_06151,1881.4034534632392
OUT_06152,33.81315387846312
OUT_06153,34.524770523977566
OUT_06154,45.565403924405096
OUT_06155,742.5776015656915
OUT_06156,36.05806728954021
OUT_06157,781.2489508131355
OUT_06158,184.13828476109524
OUT_06159,1877.8244516994944
OUT_06160,133.87254070924507
OUT_06161,219.79727624513416
OUT_06162,220.2266572947235
OUT_06163,43.67536261153733
OUT_06164,55.49603764615379
OUT_06165,186.0954009460833
OUT_06166,39.76252192791669
OUT_06167,229.22869346644129
OUT_06168,681.2219233826156
OUT_06169,31.136909277578333
OUT_06170,748.9078231049625
OUT_06171,58.05966073098428
OUT_06172,1851.821842484145
OUT_06173,43.17922784148432
OUT_06174,155.4863547330602
OUT_06175,72.70304860684637
OUT_06176,161.5449923380134
OUT_06177,36.2997803839612
OUT_06178,47.43886533709349
OUT_06179,51.07287217477888
OUT_06180,39.34523780888564
OUT_06181,135.92851414123783
OUT_06182,542.8725345036573
OUT_06183,40.98786976269887
OUT_06184,33.22878787423596
OUT_06185,165.07898080668403
OUT_06186,688.2952773445924
OUT_06187,36.02538222726951
OUT_06188,81.35251652206533
OUT_06190,33.755856851993144
OUT_06191,34.89928474990345
OUT_06192,146.43078599203253
OUT_06193,183.6666332288408
OUT_06194,47.87055463142033
OUT_06195,43.24363393427474
OUT_06196,47.30604851238864
OUT_06197,189.91696850748076
OUT_06198,31.40056983482263
OUT_06199,43.339908513971096
OUT_06200,152.19372588680147
OUT_06201,53.795056046841786
OUT_06202,62.2571080557592
OUT_06203,714.2756701605499
OUT_06204,35.29750161133893
OUT_06205,1892.9086101166956
OUT_06206,149.68128963456093
OUT_06207,46.82400189178893
OUT_06208,32.06566817612543
OUT_06209,139.97011842155666
OUT_06210,1303.0744215321774
OUT_06211,32.97550058028734
OUT_06212,94.16748914620204
OUT_06213,43.06852048480077
OUT_06214,206.09372507782876
OUT_06215,789.8444837877372
OUT_06216,47.51403715166935
OUT_06217,205.6520557543137
OUT_06218,205.79090306278172
OUT_06219,62.11240457575608
OUT_06220,45.26879390960955
OUT_06221,40.10709550457673
OUT_06222,61.441514783551874
OUT_06223,51.35013810133732
OUT_06224,189.2497401682383
OUT_06225,42.212783075376045
OUT_06226,49.29923150321993
OUT_06227,175.9329928123942
OUT_06228,671.8948416507795
OUT_06229,223.6867200248392
OUT_06230,52.6871391947275
OUT_06231,41.92793344806206
OUT_06232,723.5981882868195
OUT_06233,204.17562219391124
OUT_06234,70.62567168261066
OUT_06235,44.61379548792138
OUT_06236,135.59298847893314
OUT_06237,169.24914015653266
OUT_06238,215.8863009619506
OUT_06239,34.51671093161824
OUT_06240,54.21868523809372
OUT_06241,38.87156694146984
OUT_06242,591.1004253893607
OUT_06243,76.79825985408364
OUT_06244,252.55492802870583
OUT_06245,44.51812861280161
OUT_06246,699.4155358423569
OUT_06247,39.9561509379793
OUT_06248,51.88090612017364
OUT_06249,43.72279863053423
OUT_06250,218.38361531106517
OUT_06251,125.02033986513602
OUT_06252,712.1243152061068
OUT_06253,59.64873385850902
OUT_06254,42.715499716382176
OUT_06255,783.2411367385489
OUT_06256,55.225577299463936
OUT_06257,713.169924150199
OUT_06258,27.866292630984468
OUT_06259,192.36249728888643
OUT_06260,53.9850256515173
OUT_06261,131.762275039805
OUT_06262,767.9646138818798
OUT_06263,56.2578629084391
OUT_06264,1824.9840700270825
OUT_06265,28.575050608699613
OUT_06266,171.31462614414312
OUT_06267,27.533444750081586
OUT_06268,60.141328179637846
OUT_06269,32.6567825033404
OUT_06270,52.02102611137194
OUT_06271,794.3603546922934
OUT_06272,158.37414939018592
OUT_06273,49.43058818792456
OUT_06274,46.9689391739511
OUT_06275,159.97769893611536
OUT_06276,200.38158327702595
OUT_06277,204.3879225948629
OUT_06278,1923.5045135620712
OUT_06279,775.4252086982773
OUT_06280,193.52695314617435
OUT_06281,179.68421203033597
OUT_06282,55.23791214491133
OUT_06283,64.50679553943104
OUT_06284,643.7363183224176
OUT_06285,39.33870818762711
OUT_06286,47.39059339551146
OUT_06287,38.179726065814414
OUT_06288,68.04761775190345
OUT_06289,678.8705885657057
OUT_06290,38.39652061140151
OUT_06291,80.612322378234
OUT_06292,39.789438298428735
OUT_06293,137.70324899817786
OUT_06295,78.27852426481442
OUT_06296,163.6808005838864
OUT_06297,36.513369248997925
OUT_06298,39.25007743237951
OUT_06299,250.6776421861435
OUT_06300,153.54977597989128
OUT_06301,122.52201553118012
OUT_06302,69.97081235230058
OUT_06303,47.03913661656103
OUT_06304,1847.0564237393864
OUT_06305,34.39188765855864
OUT_06306,35.04377771212555
OUT_06307,45.2149010354357
OUT_06308,187.95728362609904
OUT_06309,48.08720012903014
OUT_06310,41.69791279196524
OUT_06311,139.0852697804928
OUT_06312,58.874449954697305
OUT_06313,35.8149759547068
OUT_06314,40.618047524062646
OUT_06315,714.105898337929
OUT_06316,228.8182745981041
OUT_06317,51.824574290861385
OUT_06318,36.41498408974813
OUT_06319,153.0412168509
OUT_06320,121.73724803427768
OUT_06321,1928.8562745011848
OUT_06322,55.59362950848744
OUT_06323,697.205025423453
OUT_06324,35.30810411583381
OUT_06325,51.791123845431
OUT_06326,219.50860082067555
OUT_06327,751.8361344064857
OUT_06328,114.94994460947684
OUT_06329,36.19692112662472
OUT_06330,38.95110894840796
OUT_06331,119.3082418241368
OUT_06332,657.5535079760497
OUT_06333,54.09871793832362
OUT_06334,31.704498513050435
OUT_06335,32.05579186626606
OUT_06336,606.5346291861423
OUT_06337,47.45782147560545
OUT_06338,48.43583809896323
OUT_06339,167.51910452033087
OUT_06341,135.176632105472
OUT_06342,140.73238282530986
OUT_06343,35.80536627854185
OUT_06344,33.4766382159976
OUT_06345,41.4612919440594
OUT_06346,49.03466756920741
OUT_06347,166.7864306997765
OUT_06348,217.58976164256052
OUT_06349,144.07790377938684
OUT_06350,170.40477286146742
OUT_06351,122.34276700620347
OUT_06352,205.62336204179445
OUT_06353,143.72388346944808
OUT_06354,48.45014006333657
OUT_06355,61.82184994557914
OUT_06356,1939.873137403536
OUT_06357,63.73950804552124
OUT_06358,1890.2992298227723
OUT_06359,137.55610300235773
OUT_06360,41.076342078767325
OUT_06361,533.2234979170229
OUT_06362,32.47824225759553
OUT_06363,39.01817469323483
OUT_06364,48.752745727919546
OUT_06365,211.3359089236177
OUT_06366,57.95754075727432
OUT_06367,699.9597160804478
OUT_06368,76.31881211316441
OUT_06369,187.88549454317925
OUT_06370,711.6975321480691
OUT_06371,69.28444421830456
OUT_06372,199.82700326916583
OUT_06373,1871.1535634551003
OUT_06374,46.26113439613795
OUT_06375,537.2621969468306
OUT_06376,130.213313668995
OUT_06377,135.9795536188329
OUT_06378,55.59280705766406
OUT_06379,127.7281543491084
OUT_06380,41.26987802134963
OUT_06381,1896.818225687988
OUT_06382,184.2657023772964
OUT_06383,41.727887589179225
OUT_06384,43.79894695226464
OUT_06385,44.91075568984367
OUT_06386,699.4188587742135
OUT_06387,1868.4521395521667
OUT_06388,44.576964034939984
OUT_06389,49.60242808403847
OUT_06390,130.8907950813898
OUT_06391,41.2490300817514
OUT_06392,1837.9907655138163
OUT_06393,34.325929790356085
OUT_06394,44.31324444254496
OUT_06395,34.43087714200922
OUT_06396,57.74445289856334
OUT_06397,32.5339034887811
OUT_06398,50.137687555208885
OUT_06399,114.8952700063524
OUT_06400,161.6112191662558
OUT_06401,43.9873628206154
OUT_06402,682.1255978959056
OUT_06403,811.5801486093625
OUT_06404,772.882445104859
OUT_06405,180.6495964972443
OUT_06406,839.8838151867401
OUT_06407,74.41417579288292
OUT_06408,29.347739502223646
OUT_06409,51.22723214656752
OUT_06410,1888.5569264675185
OUT_06411,30.29448444297657
OUT_06412,37.17357149284947
OUT_06413,128.22149939273646
OUT_06414,1816.481237591941
OUT_06415,183.1532966025757
OUT_06416,205.34232586137043
OUT_06417,1862.918284108904
OUT_06418,87.5303717134885
OUT_06419,44.31261128719271
OUT_06420,1801.45381174496
OUT_06421,47.02899830721062
OUT_06422,48.40156631253332
OUT_06423,46.17917420609727
OUT_06424,155.57317302842688
OUT_06425,77.77016780891954
OUT_06427,759.8267003836194
OUT_06428,41.99040986353164
OUT_06429,40.7765742855002
OUT_06430,124.31289484437865
OUT_06431,218.05641520899948
OUT_06432,768.7665221513583
OUT_06433,92.00156850668012
OUT_06434,131.98026925279953
OUT_06435,43.5821635136663
OUT_06436,490.9221764146152
OUT_06437,63.991238463883214
OUT_06438,79.4275677205248
OUT_06439,1871.287223274456
OUT_06440,245.17414588350675
OUT_06441,128.58014119332586
OUT_06442,118.88738217453442
OUT_06443,46.76154192673214
OUT_06444,66.60824801541906
OUT_06445,135.79050822439177
OUT_06446,29.77969484274
OUT_06447,56.06224981718341
OUT_06448,45.96999418682556
OUT_06449,43.700567417105646
OUT_06450,46.246689321235664
OUT_06451,34.90009876258536
OUT_06452,68.40617644148088
OUT_06453,58.67988945629151
OUT_06454,220.6851273290621
OUT_06455,43.16566941340567
OUT_06456,44.2326917013703
OUT_06457,39.47924729294865
OUT_06458,55.25555414456896
OUT_06459,22.79624621380671
OUT_06460,206.8331159974116
OUT_06461,80.12349450364546
OUT_06462,751.4387225768705
OUT_06463,78.36926373576296
OUT_06464,50.52845490143419
OUT_06465,198.6637525663295
OUT_06466,752.3303752996258
OUT_06467,163.56018715408695
OUT_06468,56.35931539380494
OUT_06469,37.06847169507001
OUT_06470,39.73965161569352
OUT_06471,212.25215020027852
OUT_06472,811.1667427691106
OUT_06473,113.48085978049528
OUT_06474,46.18920521409267
OUT_06475,247.35410922569648
OUT_06476,150.5560942754042
OUT_06477,47.33080954710743
OUT_06478,37.23952707129691
OUT_06479,42.50707384770653
OUT_06480,194.60391681431412
OUT_06481,206.50664594850704
OUT_06482,45.74776661180879
OUT_06483,62.44031401650062
OUT_06484,54.25181168772381
OUT_06485,34.506398549315364
OUT_06486,42.00536877419352
OUT_06487,149.11901119330082
OUT_06488,69.33996857885334
OUT_06489,47.68858325468555
OUT_06490,665.9438013215462
OUT_06491,76.88680894034209
OUT_06492,212.98615788032183
OUT_06493,130.51018115130253
OUT_06494,49.71192549840919
OUT_06495,43.133692430680895
OUT_06496,143.4193836868982
OUT_06497,43.33326267445669
OUT_06498,40.17841282679606
OUT_06499,1898.2458470366028
OUT_06500,57.88804522042079
OUT_06501,736.1259804354024
OUT_06502,543.9115222160659
OUT_06503,32.624249227939735
OUT_06504,50.48883640283776
OUT_06505,26.11654381265633
OUT_06506,22.831895703894364
OUT_06507,545.8890108156625
OUT_06508,36.85632690456072
OUT_06509,148.73100925983232
OUT_06510,54.85895255613856
OUT_06511,51.7872241702055
OUT_06512,210.3734242837716
OUT_06513,46.80013192667676
OUT_06514,140.11893919412756
OUT_06515,161.077249342665
OUT_06516,49.7285941474333
OUT_06517,48.28103664690062
OUT_06518,512.4926017134526
OUT_06519,174.56067050744002
OUT_06520,48.82643807748292
OUT_06521,37.92598359718936
OUT_06522,221.66494979994215
OUT_06523,180.74314902102876
OUT_06524,55.24368321126844
OUT_06525,34.835618756511906
OUT_06526,179.3404231013077
OUT_06527,36.22582874799423
OUT_06528,36.60560719668489
OUT_06529,719.1814193774541
OUT_06530,56.245169695891846
OUT_06531,222.8024962935628
OUT_06532,121.129817489485
OUT_06533,44.1782394691436
OUT_06534,165.13334710587463
OUT_06535,651.7678101997996
OUT_06536,161.7348712957781
OUT_06537,32.08480638120724
OUT_06538,762.3185839098819
OUT_06539,30.937091690033377
OUT_06540,726.6492081298317
OUT_06541,41.13527656298923
OUT_06542,65.57646661483003
OUT_06543,114.30142592753492
OUT_06544,57.51140388027346
OUT_06545,675.3767930420755
OUT_06546,33.896329209403085
OUT_06547,36.42263771089349
OUT_06548,31.488187294838777
OUT_06549,29.1626134919186
OUT_06550,147.05059095155687
OUT_06551,186.21360316494915
OUT_06552,146.79036150031746
OUT_06553,201.313150734296
OUT_06554,41.03771551349978
OUT_06555,210.1372356265996
OUT_06556,1900.126201014884
OUT_06557,153.54533042355175
OUT_06558,83.98022832508
OUT_06559,755.2654128339803
OUT_06560,29.106394318322963
OUT_06561,143.61465921687775
OUT_06562,51.415098262150245
OUT_06563,68.25669807417043
OUT_06564,43.558943195843845
OUT_06565,772.6368028895794
OUT_06566,60.44757870192512
OUT_06567,43.37656244092903
OUT_06568,140.5646990639184
OUT_06569,70.9516042273167
OUT_06570,41.04158142414875
OUT_06571,124.66180954075725
OUT_06572,72.4207085967578
OUT_06573,45.5020727994305
OUT_06574,673.0312382111538
OUT_06575,182.87122608241447
OUT_06576,36.20746203751676
OUT_06577,55.42331439503753
OUT_06578,48.78469880401489
OUT_06579,753.547822393413
OUT_06580,47.262767055620685
OUT_06581,37.76209183475095
OUT_06582,41.46221656035093
OUT_06583,37.815579257151455
OUT_06584,37.81529902890319
OUT_06585,31.07822650704216
OUT_06586,144.26585202348227
OUT_06588,91.67575571578814
OUT_06589,1870.338985296166
OUT_06590,812.1724759632102
OUT_06591,69.46151478913264
OUT_06592,63.7395406240053
OUT_06593,139.90399241250478
OUT_06594,37.78884918766859
OUT_06595,86.3299689937028
OUT_06596,163.48179140664595
OUT_06597,38.03436170468566
OUT_06598,43.12783521015777
OUT_06599,816.6950386896244
OUT_06600,143.74232302414262
OUT_06601,51.85327154682192
OUT_06602,29.907701715964517
OUT_06603,122.81538869090156
OUT_06604,133.99101008740234
OUT_06605,56.81793127025864
OUT_06606,30.998198111495537
OUT_06607,57.25065455892415
OUT_06608,761.970429252214
OUT_06609,187.4364853669467
OUT_06610,50.99758466752825
OUT_06611,41.95591491373052
OUT_06612,179.25030999606406
OUT_06613,690.5977147269332
OUT_06614,53.17590516852052
OUT_06615,749.9037217065502
OUT_06616,122.97172415747168
OUT_06617,212.84334445437705
OUT_06618,62.859362611196055
OUT_06619,84.69057205404859
OUT_06620,68.10220984546358
OUT_06621,72.30990720130067
OUT_06622,54.218022904119856
OUT_06623,38.24384596392829
OUT_06624,211.6527861861636
OUT_06625,1875.524798439736
OUT_06626,191.39520949513377
OUT_06627,34.59764555760422
OUT_06628,112.04700141604904
OUT_06629,679.5351420950504
OUT_06630,164.3291212210706
OUT_06631,787.2518419777537
OUT_06632,41.613627171291405
OUT_06633,50.83224057703672
OUT_06634,130.86999967152948
OUT_06635,72.99807096740048
OUT_06636,55.098967978379214
OUT_06637,150.20665783276038
OUT_06638,44.13657296337896
OUT_06639,74.99229770847407
OUT_06640,40.37793326731593
OUT_06641,43.7248324445506
OUT_06642,54.26036455228534
OUT_06643,51.87607672097408
OUT_06644,47.723555367730064
OUT_06645,669.9996406686796
OUT_06646,175.64672499549803
OUT_06647,151.6888577049533
OUT_06648,535.3900388509636
OUT_06649,124.66150385555528
OUT_06650,64.42543758001997
OUT_06651,143.4083219590571
OUT_06652,74.13278569635028
OUT_06653,35.52241743168465
OUT_06654,43.8267995164494
OUT_06656,63.344420944030006
OUT_06657,176.8114709288422
OUT_06658,1888.234524958683
OUT_06659,45.30366691291973
OUT_06660,1875.9756263401573
OUT_06661,38.85363116384585
OUT_06662,192.70851277971428
OUT_06663,1838.0157742017
OUT_06664,181.5203014668284
OUT_06665,28.578278925310013
OUT_06666,136.44569479334456
OUT_06667,29.67349407000484
OUT_06668,215.7807865316252
OUT_06669,43.279169231152224
OUT_06670,40.09759708879344
OUT_06671,52.65021326451584
OUT_06672,65.93371105555099
OUT_06673,42.08483069633243
OUT_06674,45.34960318035151
OUT_06675,67.09822228571737
OUT_06676,41.86558048944725
OUT_06677,735.6304522108719
OUT_06678,115.30095083648858
OUT_06679,217.2142223631677
OUT_06680,49.56180968522028
OUT_06681,49.09761226036313
OUT_06682,788.8573444087971
OUT_06683,35.190936883471515
OUT_06684,139.44753201367598
OUT_06685,39.14962785097092
OUT_06686,187.6035398165236
OUT_06687,37.76290430776989
OUT_06688,44.82468247748654
OUT_06689,67.26827094230622
OUT_06690,178.35724762770514
OUT_06691,34.65536748368011
OUT_06692,226.36173719087265
OUT_06693,50.50854465029442
OUT_06694,110.3106243214154
OUT_06695,229.58075827629915
OUT_06696,506.8917827820663
OUT_06697,54.66712275778026
OUT_06698,766.1914844524292
OUT_06699,1866.4109362309707
OUT_06700,55.06525185045165
OUT_06701,137.76270023314888
OUT_06702,179.3967716056374
OUT_06703,140.78403919992314
OUT_06704,186.35572698387173
OUT_06705,27.635968555423524
OUT_06706,194.35264136745903
OUT_06707,178.3801568455413
OUT_06708,35.915823187941
OUT_06709,47.355934537159015
OUT_06710,129.90176490110588
OUT_06711,713.3131546712748
OUT_06712,32.96504103664178
OUT_06713,47.76324648005365
OUT_06714,42.35059262051859
OUT_06715,37.04659979321123
OUT_06716,40.89656088845568
OUT_06717,198.24694983964355
OUT_06718,854.0288013703307
OUT_06719,39.55627128265012
OUT_06720,836.443910335445
OUT_06721,156.43657830321752
OUT_06722,34.09275313333464
OUT_06723,34.8098168493814
OUT_06724,737.7710920742604
OUT_06725,693.2107994462608
OUT_06726,112.93689163812012
OUT_06727,163.81095399502232
OUT_06728,52.66116578560326
OUT_06729,29.163236482858043
OUT_06730,38.74382498097941
OUT_06731,41.66871395935305
OUT_06732,31.243619681140142
OUT_06733,1825.4871504664025
OUT_06734,140.0028578254581
OUT_06735,33.73263522639162
OUT_06736,636.4576190248575
OUT_06737,37.078664237112406
OUT_06738,35.047897539426785
OUT_06739,188.88076210708743
OUT_06740,44.29508477886061
OUT_06741,146.8739151742105
OUT_06742,70.768793364431
OUT_06743,67.84072949530477
OUT_06744,728.5719356207312
OUT_06745,147.5940360174368
OUT_06746,142.75015728632215
OUT_06747,519.5549032042475
OUT_06748,31.579943541680287
OUT_06749,212.2827944572621
OUT_06750,32.7658044635282
OUT_06751,144.06776844538538
OUT_06752,46.2940104882047
OUT_06753,120.94172241173796
OUT_06754,57.94307127194698
OUT_06755,40.58792595984193
OUT_06756,45.08273513897944
OUT_06757,35.84938085779638
OUT_06758,204.2676196546696
OUT_06759,47.44773196732284
OUT_06760,765.0872129128451
OUT_06761,61.13535905854005
OUT_06762,53.82853545315696
OUT_06763,803.5938641663666
OUT_06764,758.8321309526148
OUT_06765,134.1763220936241
OUT_06766,93.53833698389278
OUT_06767,220.42999978183423
OUT_06768,73.89302366833016
OUT_06769,41.50750486177847
OUT_06770,39.485301834676015
OUT_06771,49.15393762667368
OUT_06772,52.70965829391309
OUT_06773,153.87533886098635
OUT_06774,148.6255059774784
OUT_06775,174.6454465772904
OUT_06776,62.32707286678822
OUT_06777,809.6671655815812
OUT_06778,42.72407349256319
OUT_06779,84.7168573696513
OUT_06780,47.56934106601443
OUT_06781,37.93622559616926
OUT_06782,49.370878774082215
OUT_06783,49.594027262525245
OUT_06784,166.23203341049037
OUT_06785,176.04518848520203
OUT_06786,62.547429533616274
OUT_06787,40.05953016096918
OUT_06788,33.28005794464903
OUT_06789,59.838598857759706
OUT_06790,161.71041230239112
OUT_06791,33.75786386950998
OUT_06792,142.24970226750247
OUT_06793,211.62064922464916
OUT_06794,31.793287856772476
OUT_06795,120.52246717849916
OUT_06796,46.211690602904376
OUT_06797,619.891832655889
OUT_06798,725.388669612533
OUT_06799,37.62530423975532
OUT_06800,130.01324928680702
OUT_06801,34.30314575183476
OUT_06802,218.462061809318
OUT_06803,220.2248485683859
OUT_06804,34.4501091502681
OUT_06805,37.14738390797679
OUT_06806,38.98274316127221
OUT_06808,204.82550176806632
OUT_06809,54.05841449881533
OUT_06810,1315.3741901980716
OUT_06811,80.33476617093453
OUT_06812,52.90305582276895
OUT_06813,25.92422884124111
OUT_06814,39.2926730963793
OUT_06815,796.6915977855557
OUT_06816,166.3652496863835
OUT_06817,740.1602570264362
OUT_06818,1887.4488771087117
OUT_06819,122.97637624930958
OUT_06820,44.73753209662196
OUT_06821,130.27047806242928
OUT_06822,38.53085368692783
OUT_06823,194.57424918763255
OUT_06824,58.62951793580823
OUT_06825,193.20557270383787
OUT_06826,704.2296856945405
OUT_06827,65.15964433912454
OUT_06829,38.44385568285872
OUT_06830,842.923695334381
OUT_06831,141.68482891250542
OUT_06832,131.90108712920147
OUT_06833,122.95773342378062
OUT_06834,154.1298837706387
OUT_06835,46.23438765423632
OUT_06836,54.59816720050664
OUT_06837,147.6532166819863
OUT_06838,53.45942401729988
OUT_06839,761.5120093031027
OUT_06840,172.43544241738192
OUT_06841,192.86277641123667
OUT_06842,76.40537546524753
OUT_06843,831.6605458115488
OUT_06844,54.62013112577994
OUT_06845,128.15042167141624
OUT_06846,57.67182354546913
OUT_06847,67.64887893390265
OUT_06848,40.881899973983735
OUT_06849,153.01481798469416
OUT_06850,36.10533052749268
OUT_06851,173.76680737962718
OUT_06852,36.31742799414221
OUT_06853,37.53512308747944
OUT_06854,71.30404221586683
OUT_06855,179.68717494016246
OUT_06856,108.97645367177572
OUT_06857,48.09882323042941
OUT_06858,37.99662232621821
OUT_06859,33.9841905834203
OUT_06860,753.293868758741
OUT_06861,44.41001858281968
OUT_06862,54.44072689787463
OUT_06863,736.9542335689565
OUT_06864,37.55671162604511
OUT_06865,212.3214978460511
OUT_06866,144.96711360339532
OUT_06867,492.6104397302825
OUT_06868,72.55466345747999
OUT_06869,44.412300976468366
OUT_06870,40.59735146036712
OUT_06871,48.08965435485275
OUT_06872,35.95177104589844
OUT_06873,40.08506704649377
OUT_06874,33.40556269036185
OUT_06875,28.96815078769499
OUT_06876,37.00248900542475
OUT_06877,47.789894530493214
OUT_06878,51.60182905154642
OUT_06879,702.2510193274567
OUT_06880,660.9404782857016
OUT_06881,809.9197513650886
OUT_06882,565.8888414232183
OUT_06883,82.24698235525081
OUT_06884,157.88768846474292
OUT_06885,45.39386776538498
OUT_06886,134.9371087032534
OUT_06887,30.88979504397881
OUT_06888,817.2786794358419
OUT_06889,39.41408466016495
OUT_06890,33.675530946210074
OUT_06891,185.91246920116117
OUT_06892,38.06801673784632
OUT_06893,128.86629365994625
OUT_06894,228.0281428388407
OUT_06895,50.752804601854365
OUT_06897,128.95547945968414
OUT_06898,38.67375303336138
OUT_06899,56.52916723618681
OUT_06900,43.095140686993474
OUT_06901,143.2186737457707
OUT_06902,35.77628845399388
OUT_06903,36.67006374983605
OUT_06904,181.94843383602085
OUT_06905,109.63185545150986
OUT_06906,790.2272162771909
OUT_06907,32.92526268952032
OUT_06908,32.79240724483621
OUT_06909,48.49038624090484
OUT_06910,183.64154467479733
OUT_06911,33.87515309113592
OUT_06912,28.11089751703992
OUT_06913,49.646043635058334
OUT_06914,199.427400182398
OUT_06915,548.4263261746538
OUT_06916,65.37282383738702
OUT_06917,45.85059997128803
OUT_06918,39.267986384189314
OUT_06919,57.74648979514804
OUT_06920,83.60043153703322
OUT_06921,41.80296881035516
OUT_06922,763.2412328068377
OUT_06923,49.75397267620064
OUT_06924,47.03094139415742
OUT_06925,60.90872724739795
OUT_06926,53.84984531146885
OUT_06927,46.35162088834212
OUT_06928,49.14008970730651
OUT_06929,61.98189930459327
OUT_06930,229.68278613461067
OUT_06931,35.77017951037463
OUT_06932,146.7404010047582
OUT_06933,149.10212690092638
OUT_06934,40.37497345539335
OUT_06935,61.12092420364394
OUT_06936,138.9770767900933
OUT_06937,55.475240020405415
OUT_06938,531.7844844156901
OUT_06939,161.3597164958282
OUT_06940,1863.2591147915743
OUT_06941,114.56432716240388
OUT_06942,220.01477888895167
OUT_06943,135.0680623444097
OUT_06944,29.85910606941906
OUT_06945,37.33447165219438
OUT_06946,83.72033704313804
OUT_06947,125.1685472480923
OUT_06948,518.0513877732428
OUT_06949,123.59942928467244
OUT_06950,40.607370151542014
OUT_06951,58.147460344327605
OUT_06952,757.4596083876988
OUT_06953,58.56435306156669
OUT_06954,83.85315579504913
OUT_06955,72.32950893921212
OUT_06956,142.73659246949003
OUT_06957,56.657979365898406
OUT_06958,57.02495775782623
OUT_06959,33.04087259371708
OUT_06960,57.89737432354808
OUT_06961,48.05482275212454
OUT_06962,34.14130259868318
OUT_06963,127.21500441467433
OUT_06964,48.50908045182928
OUT_06965,68.94711287438646
OUT_06966,40.90827929765389
OUT_06967,183.0273349331529
OUT_06968,51.82665331015912
OUT_06969,66.67778229559859
OUT_06970,29.263658051837528
OUT_06971,42.249224502789694
OUT_06972,38.1572059089839
OUT_06973,45.94201255681103
OUT_06974,210.39874714125403
OUT_06975,40.64533900893605
OUT_06976,675.2329178789009
OUT_06977,198.8170708146499
OUT_06978,53.51325542856996
OUT_06979,45.29830607962632
OUT_06980,42.44061520865292
OUT_06981,1866.5150781163577
OUT_06982,35.282276480919386
OUT_06983,49.58928312609815
OUT_06984,119.16696742516643
OUT_06985,1891.6206386290828
OUT_06986,37.47404208067231
OUT_06987,31.04483822241749
OUT_06988,203.94403197261204
OUT_06989,141.33369259066896
OUT_06990,808.2785887431851
OUT_06991,44.01077009994815
OUT_06992,23.039819710324625
OUT_06993,40.07703366963818
OUT_06994,55.01629158584428
OUT_06995,47.26510837467253
OUT_06996,728.3866641302552
OUT_06997,118.69051023883632
OUT_06998,38.72046323598229
OUT_06999,243.895281588448
OUT_07000,770.4442166675645
OUT_07001,218.32860405774775
OUT_07002,698.7340836191461
OUT_07003,183.36557252737543
OUT_07004,42.69799214295154
OUT_07005,58.40642330052033
OUT_07006,32.2220063958735
OUT_07007,207.79151382034183
OUT_07008,1871.5412809115487
OUT_07009,227.05324948943957
OUT_07010,219.8636167281212
OUT_07011,53.32789831542789
OUT_07012,483.5188797727964
OUT_07013,1838.639393312812
OUT_07014,211.84471101186244
OUT_07015,38.64912882436022
OUT_07016,1854.260455068041
OUT_07017,73.83459241907538
OUT_07018,146.79417741397668
OUT_07019,40.41120040157163
OUT_07020,532.8407038111815
OUT_07021,161.0246294792224
OUT_07022,50.023562949011456
OUT_07023,47.553837831526856
OUT_07024,173.6863545948151
OUT_07025,49.719316364603536
OUT_07026,1530.2719440163717
OUT_07027,1868.7645187090063
OUT_07028,57.46491423902497
OUT_07030,66.56171142379625
OUT_07031,712.7706848312076
OUT_07032,142.2638957734489
OUT_07033,127.0775801993116
OUT_07034,52.43449036533414
OUT_07035,41.19559505396645
OUT_07036,42.20781101727229
OUT_07037,140.7846458094838
OUT_07038,46.13291222270131
OUT_07039,39.62413535950459
OUT_07040,201.95393427036043
OUT_07041,37.16528912077608
OUT_07042,146.99032263878834
OUT_07043,77.12429135364602
OUT_07044,178.11022385091866
OUT_07045,219.3093954405683
OUT_07046,206.8953737307459
OUT_07047,42.51487972084648
OUT_07048,787.5060091401177
OUT_07049,39.08900528437498
OUT_07050,125.050934065131
OUT_07051,175.21871668824812
OUT_07052,35.66800275567506
OUT_07053,60.4020758463991
OUT_07054,152.46310537836848
OUT_07055,37.17651888705292
OUT_07056,730.1778476420409
OUT_07057,711.2006100910252
OUT_07058,135.877161951149
OUT_07059,59.60934185673301
OUT_07060,84.40631138577109
OUT_07061,657.9680736698486
OUT_07062,191.06696915790585
OUT_07063,45.07176358230272
OUT_07064,172.58024291766932
OUT_07065,727.4057340903643
OUT_07066,56.552458981407725
OUT_07067,171.0445873167073
OUT_07068,1850.466401850936
OUT_07069,38.13734743054293
OUT_07070,208.04067262399377
OUT_07071,40.36985821001815
OUT_07072,45.698270866026505
OUT_07073,48.6764048096009
OUT_07074,48.34907994124989
OUT_07075,39.44103254561127
OUT_07076,63.4804440700605
OUT_07077,31.043993255335156
OUT_07078,149.43521323280413
OUT_07079,37.56974790107227
OUT_07080,1295.620947847114
OUT_07081,205.3114792566268
OUT_07082,19.53817386478748
OUT_07083,68.59996973028669
OUT_07084,43.75680090107081
OUT_07085,203.34195004982175
OUT_07086,33.69495338274102
OUT_07087,35.74100651656801
OUT_07088,130.54112660257886
OUT_07089,1917.8615949114164
OUT_07090,192.35568323418656
OUT_07091,138.57431113041176
OUT_07092,69.27841624247368
OUT_07093,799.7696564505729
OUT_07094,148.79756675919674
OUT_07095,27.97791361225637
OUT_07096,144.9676753931716
OUT_07097,186.7409753968577
OUT_07098,58.67347842012004
OUT_07099,250.0480684789108
OUT_07100,67.50886836552073
OUT_07101,751.5922990923667
OUT_07102,43.13392622042743
OUT_07103,61.21778948425414
OUT_07104,42.36971271493245
OUT_07105,170.28285177107628
OUT_07106,60.77741736085088
OUT_07107,61.36191612394745
OUT_07108,772.3577943119527
OUT_07109,40.24257355916943
OUT_07110,69.5506106562683
OUT_07111,196.1681680096144
OUT_07112,158.8687870935793
OUT_07113,191.74101575882756
OUT_07114,192.21036456485416
OUT_07115,213.1093654942829
OUT_07116,42.02689207209979
OUT_07117,50.21326694508736
OUT_07118,40.85347895308144
OUT_07119,177.11760808055035
OUT_07120,122.2410451258737
OUT_07121,818.363140334599
OUT_07122,661.5532550325901
OUT_07123,39.51900218310862
OUT_07124,812.536835156857
OUT_07125,37.86809045901106
OUT_07126,190.98604650073952
OUT_07127,38.62421625501453
OUT_07128,30.952540130735468
OUT_07129,197.10301303039608
OUT_07130,33.90298666427289
OUT_07131,44.33983202543176
OUT_07132,254.52600940675143
OUT_07133,30.33635930010081
OUT_07134,67.13423695643313
OUT_07135,1888.8348239802945
OUT_07136,41.43166881193147
OUT_07137,32.1364026416972
OUT_07138,755.1786930308684
OUT_07139,42.96506811109253
OUT_07140,45.01446198536583
OUT_07141,816.6094534935701
OUT_07142,44.67999561178219
OUT_07143,35.83068891941361
OUT_07144,577.1748302833421
OUT_07145,86.91021362240124
OUT_07146,45.70469739615987
OUT_07147,657.4396952899888
OUT_07148,715.3412819971632
OUT_07149,198.4676497317992
OUT_07150,507.2905103646109
OUT_07151,70.26338952809807
OUT_07152,65.66217457285984
OUT_07153,39.2858315764619
OUT_07154,37.992567035688566
OUT_07155,225.4771402604061
OUT_07156,695.3794639729786
OUT_07157,164.4760713725439
OUT_07158,54.13098192048224
OUT_07159,74.44808610622414
OUT_07160,77.11505725839922
OUT_07161,1861.3108954314157
OUT_07162,36.972265651272856
OUT_07163,60.28148217322981
OUT_07164,36.10279866897844
OUT_07166,137.5578795584139
OUT_07167,45.92747589637966
OUT_07168,43.793408344894814
OUT_07169,213.5464176063793
OUT_07170,44.17982817091493
OUT_07171,37.49830056671337
OUT_07172,30.90129204752076
OUT_07173,70.9190132078709
OUT_07174,43.591292494583065
OUT_07175,42.89707553680242
OUT_07176,70.1940978974896
OUT_07177,1880.736121473934
OUT_07178,146.85337648178364
OUT_07179,54.23232241535038
OUT_07180,31.922217235187546
OUT_07181,201.194494508459
OUT_07182,26.047825771914454
OUT_07183,823.636171062539
OUT_07184,185.7749392005158
OUT_07185,44.94759522259838
OUT_07186,44.32655220615104
OUT_07187,784.682539517418
OUT_07188,37.89851310215648
OUT_07189,70.94039774383128
OUT_07190,46.92679621262394
OUT_07191,36.13595652785814
OUT_07192,38.52313650175511
OUT_07193,199.8327803370369
OUT_07194,718.4763937185057
OUT_07195,700.173749837138
OUT_07196,128.1763337953377
OUT_07197,53.43423402835504
OUT_07198,49.22557300981888
OUT_07199,131.01329260462833
OUT_07200,42.65551514552058
OUT_07201,226.48617301306712
OUT_07202,47.49047071677837
OUT_07203,245.4668430473942
OUT_07204,64.09606594896601
OUT_07205,43.47212089286529
OUT_07206,37.971353559327234
OUT_07207,184.00426179851675
OUT_07208,47.03276303959871
OUT_07209,237.183216891118
OUT_07210,35.48174709411123
OUT_07211,61.18485166116732
OUT_07212,206.92216834368136
OUT_07213,40.542466215035375
OUT_07214,774.5090045137981
OUT_07215,1867.6010397349132
OUT_07216,35.60573489755405
OUT_07217,41.29983952435431
OUT_07218,135.38458051957016
OUT_07219,715.9668993918457
OUT_07220,57.81603671991817
OUT_07221,52.54407931790406
OUT_07222,44.08393226642988
OUT_07223,46.98371075725398
OUT_07224,35.59093991512356
OUT_07225,1878.3630035793185
OUT_07226,40.377483050253055
OUT_07227,788.7177106696121
OUT_07228,45.175711533712935
OUT_07229,39.1782258523826
OUT_07230,56.14528326120502
OUT_07231,33.63697894593958
OUT_07232,147.32281839354008
OUT_07233,1865.6869779221847
OUT_07234,43.11730933065836
OUT_07235,112.84208312973546
OUT_07236,78.02895804069958
OUT_07237,32.5313506395056
OUT_07238,43.10063937184452
OUT_07239,158.13480542325868
OUT_07240,36.87381613596267
OUT_07241,78.59493534947997
OUT_07242,45.95429422426906
OUT_07243,205.9326631309696
OUT_07244,57.26076330739122
OUT_07245,218.0108628414705
OUT_07246,76.0939316227684
OUT_07247,127.74014552827728
OUT_07248,51.230961231070985
OUT_07249,43.60195298493231
OUT_07250,1297.3532997228829
OUT_07251,115.42258239819476
OUT_07252,242.77915341954971
OUT_07253,37.42263576330685
OUT_07254,52.48100875570004
OUT_07255,44.46298856623768
OUT_07256,95.00114843706476
OUT_07257,152.630877924741
OUT_07258,734.9535800870183
OUT_07260,36.548103189262086
OUT_07261,86.85589294939703
OUT_07262,208.22199513139677
OUT_07263,711.310675322495
OUT_07264,40.85352871991327
OUT_07265,44.440419342125175
OUT_07266,719.7576223415466
OUT_07267,39.10120812726486
OUT_07268,187.4431115294763
OUT_07269,217.25791021601924
OUT_07270,47.33646347912113
OUT_07271,49.634146231719306
OUT_07272,238.9882984038258
OUT_07273,790.512404481425
OUT_07274,804.9534767500658
OUT_07275,57.60749547606165
OUT_07276,1871.390533945295
OUT_07277,28.012306228028585
OUT_07278,42.31054003849765
OUT_07279,66.37474317585627
OUT_07280,224.3345411393641
OUT_07281,778.8462266353705
OUT_07282,148.12990030558004
OUT_07283,41.20551166814771
OUT_07284,147.5389872182167
OUT_07285,1961.5520240155456
OUT_07286,148.23316270797704
OUT_07287,53.72256195745323
OUT_07288,33.185983407498966
OUT_07289,755.7741096740904
OUT_07290,31.657404780861896
OUT_07291,65.99422866542035
OUT_07292,84.1784927632115
OUT_07293,46.77863627738036
OUT_07294,75.47262795753426
OUT_07295,63.02673649389013
OUT_07296,147.79705680654746
OUT_07297,68.26677204191994
OUT_07298,526.2092106045158
OUT_07299,31.945063384761163
OUT_07300,535.0884859456875
OUT_07301,35.617682844622315
OUT_07302,123.87724639650769
OUT_07303,39.05996868947872
OUT_07304,27.988699973912336
OUT_07305,555.9111013041352
OUT_07306,46.05623929600967
OUT_07307,761.2795946667449
OUT_07308,47.70798593792607
OUT_07309,54.37431081724749
OUT_07310,73.72506629741183
OUT_07311,199.62991025331544
OUT_07312,43.5115894512495
OUT_07313,56.35316684332632
OUT_07314,519.8610402465735
OUT_07315,168.0695136976876
OUT_07316,1299.9492132207745
OUT_07317,634.0785930618507
OUT_07318,185.0142679381975
OUT_07319,35.1649928890302
OUT_07320,32.69402243505389
OUT_07321,1861.2685028956184
OUT_07322,208.788249207936
OUT_07323,37.00224024137053
OUT_07324,722.4361950174975
OUT_07325,51.81109640261948
OUT_07326,33.11184799064275
OUT_07327,716.9474601883298
OUT_07328,174.85251326059782
OUT_07329,234.90923561798655
OUT_07330,199.36261957253436
OUT_07331,702.5641545385756
OUT_07332,38.008791821154894
OUT_07333,125.05304572570002
OUT_07334,161.4395060286585
OUT_07335,821.5898158593266
OUT_07336,84.70327486945192
OUT_07337,64.16425465139055
OUT_07338,31.69004003457838
OUT_07339,48.91795342546302
OUT_07340,85.66429739028229
OUT_07341,765.8621577200294
OUT_07342,43.68397330269078
OUT_07343,202.46078152959825
OUT_07344,64.54742777448948
OUT_07346,47.03073988303581
OUT_07347,198.9830665418006
OUT_07348,164.01405661127995
OUT_07349,628.0320313107869
OUT_07350,32.35532205815355
OUT_07351,111.84394788972006
OUT_07352,74.01619938996515
OUT_07353,31.89104439967723
OUT_07354,803.6303830616212
OUT_07355,35.919360006048215
OUT_07356,137.67147600895356
OUT_07357,170.16964727573816
OUT_07358,61.18682803450162
OUT_07359,56.00704510931492
OUT_07360,34.79177406306616
OUT_07361,51.16248666279817
OUT_07362,157.6183424830403
OUT_07363,80.08855494627433
OUT_07364,163.15098081216507
OUT_07365,43.22857980667826
OUT_07366,36.41535626703217
OUT_07367,691.040168295077
OUT_07368,782.7338460687374
OUT_07369,53.680536499545866
OUT_07370,34.862530282532816
OUT_07371,113.06149503787144
OUT_07372,80.75729037491793
OUT_07373,52.28374924660239
OUT_07374,607.9087649123677
OUT_07375,38.85273540220753
OUT_07376,207.6421250471757
OUT_07377,40.28923984099766
OUT_07378,709.0247919153775
OUT_07379,50.6812293529662
OUT_07380,700.2764382727178
OUT_07381,43.299359389411705
OUT_07382,143.8808326242454
OUT_07383,167.49738034137374
OUT_07384,40.05251216202602
OUT_07385,51.6740924437382
OUT_07386,791.1533090056212
OUT_07387,38.802460058778166
OUT_07388,1894.1324689534931
OUT_07389,89.27986649568174
OUT_07390,725.0470525060095
OUT_07391,1868.341845564636
OUT_07392,33.05762204416588
OUT_07393,507.40033718116666
OUT_07394,41.88529772910664
OUT_07395,75.81532366145622
OUT_07396,137.14571849218564
OUT_07397,49.75398298920006
OUT_07398,34.385027463436835
OUT_07399,45.78655604014676
OUT_07400,216.15999566238952
OUT_07401,47.5923694327745
OUT_07402,131.69298442715308
OUT_07403,58.25400582125781
OUT_07404,62.34293546825249
OUT_07405,28.755521048329296
OUT_07406,44.70063348861738
OUT_07407,50.40149097260663
OUT_07408,1809.0166364713416
OUT_07409,48.78486522436177
OUT_07410,122.46511241839322
OUT_07411,40.53775708824974
OUT_07412,46.61512912169564
OUT_07413,235.39514921820216
OUT_07414,154.23282859525827
OUT_07415,156.57024684705578
OUT_07416,231.5386233854435
OUT_07417,1866.7778932362496
OUT_07418,791.852527321862
OUT_07419,55.54840105143718
OUT_07420,145.2907230559052
OUT_07421,72.81746775356837
OUT_07422,790.5288326563792
OUT_07423,205.5414626457317
OUT_07424,57.06906495547028
OUT_07425,139.78450131778604
OUT_07426,210.63379265034257
OUT_07427,48.484956535982
OUT_07428,149.75951644527535
OUT_07429,157.57336179508238
OUT_07430,47.54387632378327
OUT_07431,46.49735429084463
OUT_07432,806.8113904756636
OUT_07433,34.3100146101095
OUT_07434,52.81619900927005
OUT_07435,49.31461583665426
OUT_07436,36.18847654024435
OUT_07437,45.23778724047713
OUT_07438,51.10023003368121
OUT_07439,27.988699973912336
OUT_07440,116.98107562070794
OUT_07441,40.735903007745605
OUT_07442,64.81675254605221
OUT_07443,747.3187919717146
OUT_07444,220.43539585956825
OUT_07445,41.41400261484944
OUT_07446,83.40404502081334
OUT_07447,183.5274696843088
OUT_07448,120.58471796696686
OUT_07449,36.45535161474693
OUT_07450,31.32209173526208
OUT_07451,520.9490956633423
OUT_07452,131.25271759867587
OUT_07453,121.74187933371095
OUT_07454,33.1801250547413
OUT_07455,108.0088515810077
OUT_07456,774.2721100826129
OUT_07457,46.72597907481634
OUT_07458,189.7244272313009
OUT_07459,48.22661197905316
OUT_07460,50.7553089084133
OUT_07461,24.81167105707977
OUT_07462,184.84687626245736
OUT_07463,132.47994636510575
OUT_07464,171.21594804072475
OUT_07465,30.866874386447986
OUT_07466,800.926557712971
OUT_07467,136.30658411761337
OUT_07468,48.13150077025918
OUT_07469,725.6799722285946
OUT_07470,39.69994272513246
OUT_07471,131.84001623653495
OUT_07472,685.5567263225769
OUT_07473,48.21665012527072
OUT_07474,1813.684458203972
OUT_07475,109.0629747703762
OUT_07476,41.65252316984266
OUT_07477,40.43649522408365
OUT_07478,36.20150844343021
OUT_07479,41.49835982254966
OUT_07480,751.7749866865332
OUT_07481,145.71978087903403
OUT_07482,49.27288045673172
OUT_07483,742.8395069382117
OUT_07484,171.46372687398772
OUT_07485,111.7955356871118
OUT_07486,190.4212999096804
OUT_07487,187.9064849914083
OUT_07488,178.22044235529808
OUT_07489,142.40880662119758
OUT_07490,770.0991036937869
OUT_07491,132.16563018864758
OUT_07492,1840.2908600721275
OUT_07493,196.74152162496844
OUT_07494,161.5375952318851
OUT_07495,200.23250305618487
OUT_07496,34.65562240494484
OUT_07497,138.43174850723466
OUT_07498,193.2096984821016
OUT_07499,192.29337804022103
OUT_07500,41.63649461124141
OUT_07501,160.65663119277045
OUT_07502,53.24329367775197
OUT_07503,219.61695257996504
OUT_07504,1827.515060519925
OUT_07505,613.0640982294151
OUT_07506,42.731703030424335
OUT_07507,31.500030058659267
OUT_07508,38.21862484370173
OUT_07509,57.901260850496925
OUT_07510,75.23513588433082
OUT_07511,54.64939975229168
OUT_07512,185.31900042847928
OUT_07513,198.4725398605736
OUT_07514,48.44926229076178
OUT_07515,796.8464272572863
OUT_07516,38.97804847850561
OUT_07517,43.85775384128028
OUT_07518,31.618468698575
OUT_07519,1901.448539252788
OUT_07520,188.20044159863
OUT_07521,43.81050936744753
OUT_07522,205.999865266372
OUT_07523,63.10496881958812
OUT_07524,122.5518460259972
OUT_07525,55.46157301611783
OUT_07526,63.1766086139997
OUT_07527,55.1776403131352
OUT_07528,39.17554852760475
OUT_07529,36.27424740489485
OUT_07530,206.47905938781952
OUT_07531,83.54705876189513
OUT_07532,199.52080490131164
OUT_07533,143.160909206304
OUT_07534,29.15184126873429
OUT_07535,125.98117663749676
OUT_07536,629.9300739519811
OUT_07537,35.68562606319669
OUT_07538,44.59066224558862
OUT_07539,130.42715534243476
OUT_07540,32.625280673658914
OUT_07541,32.044996630465214
OUT_07542,44.78784818975265
OUT_07543,69.81973236389065
OUT_07544,33.51593893277524
OUT_07545,205.60462405571175
OUT_07546,1916.8951105826827
OUT_07547,172.32349726746804
OUT_07548,35.16643090892772
OUT_07549,38.084954696650136
OUT_07550,55.2919529638265
OUT_07551,46.891164096191886
OUT_07552,192.7895204433202
OUT_07553,1885.7410925449328
OUT_07554,41.63829049577177
OUT_07555,43.35134894773499
OUT_07556,66.08084813827152
OUT_07557,783.4537785010199
OUT_07558,28.57841416753056
OUT_07559,40.29524161426338
OUT_07560,44.81157315090979
OUT_07561,141.60346578333196
OUT_07562,30.394819206500536
OUT_07563,117.9469491029188
OUT_07564,44.60990757185614
OUT_07565,48.58130973894814
OUT_07566,44.77484386279569
OUT_07567,53.44782094619949
OUT_07568,47.66869855780983
OUT_07569,33.075680678253605
OUT_07570,61.33187446917438
OUT_07571,221.46513891090905
OUT_07572,71.33631325186428
OUT_07573,35.82102991345951
OUT_07574,585.0221735773029
OUT_07575,31.49096018548332
OUT_07576,130.09647986415925
OUT_07577,63.21016783836957
OUT_07578,688.7635150399019
OUT_07579,34.61865548594298
OUT_07580,44.08238102014544
OUT_07581,554.9726691506514
OUT_07582,28.344528836429447
OUT_07583,73.58453526830226
OUT_07584,47.6533740363815
OUT_07585,43.59790568552686
OUT_07586,171.36253882272564
OUT_07587,445.7228264321826
OUT_07588,44.52222713486534
OUT_07589,44.04914714791751
OUT_07590,739.5959587119635
OUT_07591,829.950738804987
OUT_07592,55.24856536165797
OUT_07593,215.9625075182588
OUT_07594,40.92482377907021
OUT_07595,28.43223365059502
OUT_07596,38.89176836605039
OUT_07597,77.01725961766242
OUT_07598,216.08034508078308
OUT_07599,47.42064283546808
OUT_07600,853.3229474191302
OUT_07601,66.55345820421596
OUT_07602,68.26670713553024
OUT_07603,43.259772892867296
OUT_07604,1922.277073214497
OUT_07605,676.9560229958665
OUT_07606,67.03028037619846
OUT_07607,40.27093898433118
OUT_07608,41.31524766951866
OUT_07609,223.3868338908217
OUT_07610,44.39928230302085
OUT_07611,143.56492338961198
OUT_07612,39.25567274707592
OUT_07613,41.35701842698226
OUT_07614,37.83373102492741
OUT_07615,138.8509907114566
OUT_07616,50.445625912094094
OUT_07617,814.0389680473698
OUT_07618,38.27196669794764
OUT_07619,201.80713274525195
OUT_07620,208.30664591523248
OUT_07621,238.75739410502229
OUT_07622,207.8414682483376
OUT_07623,63.713799912983134
OUT_07624,47.99871543985248
OUT_07626,30.360380662286047
OUT_07627,644.1278681670159
OUT_07628,38.05889513206444
OUT_07629,786.6597736115428
OUT_07630,35.810593870298185
OUT_07631,35.05676631228833
OUT_07632,37.99944952466707
OUT_07633,852.6422236268533
OUT_07634,66.51981437903927
OUT_07635,732.9363297268827
OUT_07636,789.4762716813848
OUT_07637,44.53129683175555
OUT_07638,147.97660033586715
OUT_07639,1906.394899960362
OUT_07640,36.51590527637243
OUT_07641,153.0757023482998
OUT_07642,74.40252599125081
OUT_07643,211.76997505077733
OUT_07644,57.73667550511818
OUT_07645,49.8452579624528
OUT_07646,202.86174972747196
OUT_07647,78.15273446602768
OUT_07648,40.16809770893106
OUT_07649,162.9437985275809
OUT_07650,156.75290745502542
OUT_07651,49.30290646258288
OUT_07652,38.09580082206503
OUT_07653,33.30074982018181
OUT_07654,130.08112785604692
OUT_07655,1916.488142334336
OUT_07656,27.93289208878928
OUT_07657,39.59294783512133
OUT_07658,1917.179301971608
OUT_07659,175.07708166819052
OUT_07660,35.471307487642704
OUT_07661,125.73407399739672
OUT_07662,214.53149688527947
OUT_07663,36.48516176058949
OUT_07664,97.99890222585148
OUT_07665,47.92402004486004
OUT_07666,63.06574735440195
OUT_07667,140.2738317420132
OUT_07668,34.74049452614917
OUT_07669,38.60974686377041
OUT_07670,43.5082147992166
OUT_07671,695.6886518854355
OUT_07672,37.792257572275446
OUT_07673,62.25689664316755
OUT_07674,676.0371180812577
OUT_07675,40.2867955487362
OUT_07676,72.80566909233728
OUT_07677,710.2857834746065
OUT_07678,556.7965205853933
OUT_07679,784.0890114739592
OUT_07680,39.10599718295581
OUT_07681,158.6849643950563
OUT_07682,791.1456314958999
OUT_07683,44.95216971829356
OUT_07684,224.12895803384333
OUT_07685,831.0200763544134
OUT_07686,64.80388947516681
OUT_07687,1882.850833817418
OUT_07688,1849.7933632394547
OUT_07689,132.72417459183507
OUT_07690,31.72153011237264
OUT_07691,56.62041383040985
OUT_07692,34.85046291790433
OUT_07693,204.37369540012668
OUT_07694,75.15148320096911
OUT_07695,56.56344931311825
OUT_07696,48.10380177241584
OUT_07697,44.9457624290796
OUT_07698,48.54880833969391
OUT_07699,52.59560232775558
OUT_07700,47.41850757802868
OUT_07701,36.601722875655376
OUT_07702,789.8342712669664
OUT_07703,1881.9244701448124
OUT_07704,693.1866246026034
OUT_07705,188.5040933107816
OUT_07706,123.33438613691278
OUT_07707,43.33662272042799
OUT_07708,178.6414616982475
OUT_07709,100.42044323821634
OUT_07710,63.53955015597676
OUT_07711,43.09438795501729
OUT_07712,240.89493382589168
OUT_07713,129.2306406090069
OUT_07714,110.29350722579925
OUT_07715,201.744752137128
OUT_07716,65.76422194297459
OUT_07717,50.80685793649803
OUT_07718,114.76649540183102
OUT_07719,52.45145278888708
OUT_07720,1863.776999699786
OUT_07721,144.8011873858982
OUT_07722,656.12666588641
OUT_07723,39.43108332676624
OUT_07724,125.01268072039072
OUT_07725,131.69388312669298
OUT_07726,61.40255136526365
OUT_07727,73.53449107251734
OUT_07728,48.42031012594056
OUT_07729,53.89513399133149
OUT_07730,179.45931861933275
OUT_07731,40.73160452918183
OUT_07732,132.81941236612167
OUT_07733,43.02991841873304
OUT_07734,819.1157022000945
OUT_07735,57.97389015832905
OUT_07736,1924.4449680835005
OUT_07737,47.08580870222392
OUT_07738,73.07630506191549
OUT_07739,214.7535695049132
OUT_07740,113.3387126719332
OUT_07741,58.22145205827628
OUT_07742,518.6000641507367
OUT_07743,45.58625633788607
OUT_07744,56.91200300442678
OUT_07745,37.18942877105552
OUT_07746,789.4635427056668
OUT_07747,215.6080991422938
OUT_07748,50.14841603850916
OUT_07749,166.53887625858994
OUT_07750,200.97681694476933
OUT_07751,81.78991893398134
OUT_07752,47.52895508499387
OUT_07753,198.66228520480664
OUT_07754,43.84446469181077
OUT_07755,239.16635141970733
OUT_07756,65.23807386322657
OUT_07757,37.98755897922409
OUT_07758,40.37603043181019
OUT_07759,45.832657241921424
OUT_07760,186.12912719242289
OUT_07761,37.32627824931093
OUT_07762,1842.504055853635
OUT_07763,216.5089288943307
OUT_07764,70.80365780349402
OUT_07765,1898.126142915273
OUT_07766,38.44792317186722
OUT_07767,70.12928757045296
OUT_07768,57.0089083343776
OUT_07769,522.927652914007
OUT_07770,70.29161006514963
OUT_07771,164.452344593735
OUT_07772,753.5071036194372
OUT_07773,105.4574881096524
OUT_07774,147.579363086963
OUT_07775,804.5629276271765
OUT_07776,45.76942057458719
OUT_07777,57.04751700587711
OUT_07778,35.34840600078846
OUT_07779,62.3670536856602
OUT_07780,60.9911615333608
OUT_07781,219.9091881710688
OUT_07782,127.89641532880611
OUT_07783,76.93021012734212
OUT_07784,147.58109133525178
OUT_07785,208.01984280099205
OUT_07786,486.2879529243971
OUT_07787,789.2123801191508
OUT_07788,42.36812868822597
OUT_07789,48.348526813819575
OUT_07790,205.7490946346856
OUT_07791,632.5202842532943
OUT_07792,672.8108866424677
OUT_07793,766.6393758197228
OUT_07794,32.20985573293846
OUT_07795,742.7326455450433
OUT_07796,1818.7810072453672
OUT_07797,67.20928678254485
OUT_07798,228.23638495507524
OUT_07799,34.111490584679075
OUT_07800,36.35914454969486
OUT_07801,703.982287031733
OUT_07802,46.50181788511552
OUT_07803,54.37888814492559
OUT_07804,61.41415428553296
OUT_07805,77.41630377356796
OUT_07806,211.5446156394276
OUT_07807,41.1944587892683
OUT_07808,44.71021186977444
OUT_07809,176.36489247417714
OUT_07810,1799.8397397460549
OUT_07811,62.96605735629786
OUT_07812,41.54595562044543
OUT_07813,33.825581995321805
OUT_07814,58.53032019344388
OUT_07815,1886.1469173237704
OUT_07816,65.3479188515032
OUT_07817,508.449905434524
OUT_07818,34.695527084806564
OUT_07819,111.4976883298116
OUT_07820,45.18787201061597
OUT_07821,30.259401784452905
OUT_07822,44.16568482908992
OUT_07823,769.8072894795309
OUT_07824,48.39004102914492
OUT_07825,180.80912295160877
OUT_07826,33.715153862118854
OUT_07827,187.8444132704622
OUT_07828,42.889343194991085
OUT_07829,42.22465660775615
OUT_07830,780.0847998989606
OUT_07831,206.0628210757852
OUT_07832,799.7442339922932
OUT_07833,110.87726775550225
OUT_07834,211.17609292977664
OUT_07835,42.161340275270426
OUT_07836,184.03325049566803
OUT_07837,1899.8945912269696
OUT_07838,218.4342366829522
OUT_07839,52.12088166981773
OUT_07840,125.45589971953092
OUT_07841,45.18449148805461
OUT_07842,48.98018572003281
OUT_07843,49.12567304922121
OUT_07844,72.33534351488889
OUT_07845,766.1684953743156
OUT_07846,166.22807973887413
OUT_07847,199.59596874210587
OUT_07848,43.902003877443214
OUT_07849,48.4758074541156
OUT_07850,35.979080130238856
OUT_07851,40.428257619420926
OUT_07852,64.39770035602594
OUT_07853,55.19371079479278
OUT_07854,44.74472400540986
OUT_07855,157.73471954170262
OUT_07856,174.11898844543265
OUT_07857,147.4343594423481
OUT_07858,789.8227347776838
OUT_07859,713.2248710815117
OUT_07860,178.82355933763546
OUT_07861,165.60009310919287
OUT_07862,35.9783263924914
OUT_07863,130.8175493284749
OUT_07864,189.33571009580055
OUT_07865,33.16999154666216
OUT_07866,44.63734369647908
OUT_07868,33.25574322646139
OUT_07869,138.6134227231577
OUT_07870,138.87238348222422
OUT_07871,40.35305275275704
OUT_07872,34.111150839646065
OUT_07873,38.17209126201211
OUT_07874,70.04951397457215
OUT_07875,759.4480574026436
OUT_07876,1872.6720760650007
OUT_07877,1902.095199051176
OUT_07878,45.764782793773456
OUT_07879,652.698920485209
OUT_07880,1900.8819162476157
OUT_07881,49.03963210326643
OUT_07882,41.53253214416628
OUT_07883,763.5636431617556
OUT_07884,190.2939087018771
OUT_07885,36.10905437671036
OUT_07886,217.0847548133873
OUT_07887,44.171875209039385
OUT_07888,130.7404141974901
OUT_07889,58.74312071534974
OUT_07890,29.50260684690086
OUT_07891,64.18673490371553
OUT_07892,74.91894786756959
OUT_07893,737.9591300120637
OUT_07894,54.536576552437616
OUT_07895,57.3144786046141
OUT_07896,1873.5773508745733
OUT_07897,744.8538323961343
OUT_07898,159.9679190672299
OUT_07899,159.15384025364423
OUT_07900,45.49917639192321
OUT_07901,611.039404459426
OUT_07902,73.79119060953325
OUT_07903,39.28752925350374
OUT_07904,40.65936820280546
OUT_07905,41.13789767184903
OUT_07906,65.53141589379041
OUT_07907,35.39022688557461
OUT_07908,734.1618778059736
OUT_07909,143.3739269977795
OUT_07910,138.80718408607453
OUT_07911,669.3086037226477
OUT_07912,57.89828830314055
OUT_07913,70.8179284676617
OUT_07914,36.98842422726078
OUT_07915,145.82568857604255
OUT_07916,1895.4598875329089
OUT_07917,68.82577194924242
OUT_07918,52.06340528954455
OUT_07919,58.4811443664087
OUT_07920,125.23780981850462
OUT_07921,54.14434733880251
OUT_07922,39.35036047922019
OUT_07923,1947.1938897891212
OUT_07924,501.56811561182
OUT_07925,1834.2241984924635
OUT_07926,74.5879900360425
OUT_07927,56.0429609585763
OUT_07928,52.05814394401818
OUT_07929,45.95950025086391
OUT_07930,693.2164479718081
OUT_07931,41.10158201520141
OUT_07932,122.17357539325252
OUT_07933,33.90071153438491
OUT_07934,41.23136801178836
OUT_07935,755.3236397018849
OUT_07936,50.1434692697489
OUT_07937,61.62005464056874
OUT_07938,717.5524281858998
OUT_07939,129.2361684321439
OUT_07940,72.23877891203877
OUT_07941,181.8252001124137
OUT_07942,70.47302511109014
OUT_07943,112.92228738992937
OUT_07944,45.1599603505249
OUT_07945,141.62455565709075
OUT_07946,65.02886955764919
OUT_07947,143.70471410228916
OUT_07948,122.3778991510094
OUT_07949,792.7113908221144
OUT_07950,53.520630041067015
OUT_07951,66.1933243758619
OUT_07952,41.68120389635661
OUT_07953,40.92508991592255
OUT_07954,127.56431607744096
OUT_07955,133.64916028528788
OUT_07956,111.67014154249324
OUT_07957,200.20553447445965
OUT_07958,43.794836848977546
OUT_07959,45.713678066741615
OUT_07960,47.56915316220439
OUT_07961,74.03191254297131
OUT_07962,129.4343084789142
OUT_07963,30.77449340696101
OUT_07964,28.219330014246108
OUT_07965,122.57103324973998
OUT_07966,134.94629707514562
OUT_07967,642.8117690811011
OUT_07968,49.03938483449869
OUT_07969,184.47149856914552
OUT_07970,595.168528688771
OUT_07971,730.872635254822
OUT_07972,176.19382916524737
OUT_07973,84.93950462871108
OUT_07974,165.4586799986285
OUT_07975,45.709979405623486
OUT_07976,68.8722558903497
OUT_07977,33.740534995384046
OUT_07978,182.35157392518468
OUT_07979,37.97172430632245
OUT_07980,1894.5341910352308
OUT_07981,44.74840686333744
OUT_07982,51.2081384775098
OUT_07983,39.69319719225803
OUT_07984,32.88645195769849
OUT_07985,803.872142858302
OUT_07986,63.34907956614714
OUT_07987,69.11537367984816
OUT_07988,47.36134896868541
OUT_07989,40.07311499077305
OUT_07990,50.76980918665998
OUT_07991,794.9800789764372
OUT_07992,52.64057504636874
OUT_07993,810.1646869328891
OUT_07994,35.657263129457704
OUT_07995,32.04354533123502
OUT_07996,33.11131786253921
OUT_07997,210.8648865569206
OUT_07998,37.55254580388271
OUT_07999,67.84473019108088
OUT_08000,34.9428206627321
OUT_08001,725.5928066072731
OUT_08002,124.69091216786153
OUT_08003,56.57363614610512
OUT_08004,56.07436001308446
OUT_08005,39.38013791635904
OUT_08006,42.77876631848446
OUT_08007,52.41484514655111
OUT_08008,165.7908168533604
OUT_08009,35.588263031530204
OUT_08010,85.96168625944111
OUT_08011,58.31957283565148
OUT_08012,58.96867464935249
OUT_08013,123.17657858781088
OUT_08014,125.50326540365648
OUT_08015,496.5750848472933
OUT_08016,44.91213165264211
OUT_08017,42.74284918180319
OUT_08018,47.0777768957833
OUT_08019,168.103790726681
OUT_08020,48.36984341380088
OUT_08021,31.302608926477618
OUT_08022,154.8357832387006
OUT_08023,145.37776570839085
OUT_08024,50.05181758146125
OUT_08025,715.3185765119822
OUT_08026,219.82372826177024
OUT_08027,64.96839267366597
OUT_08028,30.627483311956407
OUT_08029,818.3175727921961
OUT_08030,696.2958017695632
OUT_08031,52.45305952727416
OUT_08032,1891.8814224263776
OUT_08033,1815.7657550381243
OUT_08034,60.86556874769996
OUT_08035,190.68637971164736
OUT_08036,54.68797518749428
OUT_08037,824.4416084725598
OUT_08038,196.4964512595677
OUT_08039,775.0610325704666
OUT_08040,48.65705569535562
OUT_08041,549.0812924247389
OUT_08042,186.76065463474652
OUT_08043,67.13185304471965
OUT_08044,46.22374092344941
OUT_08045,1851.9564727810548
OUT_08046,39.21628746207435
OUT_08047,1886.891576512608
OUT_08048,78.54462581081256
OUT_08049,46.59821667019979
OUT_08050,739.3642120117892
OUT_08051,82.44811476807256
OUT_08052,153.9459628325334
OUT_08053,43.21784969054358
OUT_08054,55.39120521751111
OUT_08055,778.8536123554371
OUT_08056,51.94760030519189
OUT_08057,151.42976731990876
OUT_08058,141.43809087149256
OUT_08059,658.7553357322262
OUT_08060,37.59627709806639
OUT_08061,63.88229312990034
OUT_08062,779.6067926938849
OUT_08063,209.34713762750692
OUT_08064,32.75672420050302
OUT_08065,195.1723361496984
OUT_08066,804.198719914824
OUT_08067,808.0745455986716
OUT_08068,46.21761297251894
OUT_08069,149.97477875642306
OUT_08070,149.85128853327507
OUT_08071,44.5272413481292
OUT_08072,157.13530932787404
OUT_08073,57.33419394495767
OUT_08074,49.89091795997962
OUT_08075,115.00044642344648
OUT_08076,148.7527847976681
OUT_08077,55.34345835617837
OUT_08078,129.11259227527762
OUT_08079,1838.0184282808627
OUT_08080,120.8726277303264
OUT_08081,67.79947349147615
OUT_08082,123.45816247671364
OUT_08083,716.9350226449675
OUT_08084,38.73501193927633
OUT_08085,38.16026520910066
OUT_08086,32.053532657396026
OUT_08087,43.73936838981554
OUT_08088,101.12356995129603
OUT_08089,45.25203931030016
OUT_08090,1891.7084421640795
OUT_08091,230.27579263407105
OUT_08092,73.19453081236253
OUT_08093,132.0909340885528
OUT_08094,49.02470722499082
OUT_08095,65.57563080827579
OUT_08096,78.03867313839395
OUT_08097,525.2249308300467
OUT_08098,197.26726170964665
OUT_08099,689.7816098344211
OUT_08100,1890.3532003793184
OUT_08101,61.818628704104064
OUT_08102,134.89582702403573
OUT_08103,40.10153209507023
OUT_08104,64.5166007272601
OUT_08105,122.65368090520688
OUT_08106,46.85863301565099
OUT_08107,127.60931052909194
OUT_08108,44.16804648970479
OUT_08109,1899.4509080557375
OUT_08110,50.80972489326778
OUT_08111,128.67771160171876
OUT_08112,448.2684462660861
OUT_08113,37.897421769787
OUT_08114,776.1938106416037
OUT_08115,45.43259359438791
OUT_08116,176.2385044466806
OUT_08117,37.87050122780246
OUT_08118,529.1422579629312
OUT_08119,42.815120828518566
OUT_08120,718.1574102486086
OUT_08121,38.6952630506245
OUT_08122,38.28300874682194
OUT_08123,128.23544662507024
OUT_08124,41.69133641135871
OUT_08125,132.22045404223027
OUT_08126,734.0949894332509
OUT_08127,704.6055921521693
OUT_08128,553.9573803050567
OUT_08129,552.6871935623886
OUT_08130,56.63730594372276
OUT_08131,713.0272820266015
OUT_08132,45.88170352076301
OUT_08133,51.861144437223125
OUT_08134,93.4471288920098
OUT_08135,207.65435221438423
OUT_08136,41.20238273941403
OUT_08137,149.15118071666475
OUT_08138,527.5107793725354
OUT_08139,140.46852618206287
OUT_08140,807.5547452471002
OUT_08141,39.994908341082414
OUT_08142,76.11988214012422
OUT_08143,120.931340477143
OUT_08144,34.299399426264365
OUT_08145,664.8949762689749
OUT_08146,81.50679620416187
OUT_08147,48.28184484780851
OUT_08148,163.253439607433
OUT_08150,49.98152658616246
OUT_08151,109.56020979651908
OUT_08152,40.89592919780655
OUT_08153,138.3036719868157
OUT_08154,140.05025266310173
OUT_08155,40.1109082640844
OUT_08156,53.83365322047636
OUT_08157,58.3486543640394
OUT_08158,796.5405687202305
OUT_08159,1834.463416374569
OUT_08160,769.0511863785019
OUT_08161,45.15562199662155
OUT_08162,67.32361081269887
OUT_08163,37.50162092480796
OUT_08164,42.91392873307407
OUT_08165,122.76174095646748
OUT_08166,27.43060963417808
OUT_08167,219.18511265658
OUT_08168,35.50477576755319
OUT_08169,68.49950197573574
OUT_08170,50.86907910700717
OUT_08171,32.43563314887282
OUT_08172,129.95767077676055
OUT_08173,139.56245842782965
OUT_08174,66.92440308008558
OUT_08175,689.7451922509639
OUT_08176,41.77446242151483
OUT_08177,869.9697469129597
OUT_08178,148.45727234666106
OUT_08179,646.4276332645048
OUT_08180,55.125329650692805
OUT_08181,128.2752329255485
OUT_08182,189.7384935831687
OUT_08183,71.63842447033039
OUT_08184,42.820582825754045
OUT_08185,35.95170693798751
OUT_08186,657.9655485799883
OUT_08187,544.5749509574766
OUT_08188,223.28596895178904
OUT_08189,53.79426579019944
OUT_08190,171.042061793401
OUT_08191,43.71102303485765
OUT_08192,139.9113610901438
OUT_08193,51.87979238316727
OUT_08194,32.976239791864536
OUT_08195,783.2345615203042
OUT_08196,107.7701929127269
OUT_08197,34.53111499846108
OUT_08198,126.22175599373143
OUT_08199,147.2507019488233
OUT_08200,46.25866934988216
OUT_08201,1890.2675472232688
OUT_08202,43.2353009905675
OUT_08203,32.982578232957245
OUT_08204,62.50974069254239
OUT_08205,49.8391950268613
OUT_08206,790.8387433236819
OUT_08207,39.26115873266914
OUT_08208,137.62118892416967
OUT_08209,139.99018836271415
OUT_08210,42.89620968990924
OUT_08211,43.24887861193545
OUT_08212,42.8209634693384
OUT_08213,54.34165885316783
OUT_08214,32.45774467017677
OUT_08215,209.37985261768787
OUT_08216,731.5970278218026
OUT_08217,488.6352405146924
OUT_08218,1845.8659896392107
OUT_08219,121.03454081694584
OUT_08220,49.064588760952056
OUT_08221,768.915310215397
OUT_08222,630.7904376122668
OUT_08223,76.64940444457245
OUT_08224,76.6784660306179
OUT_08225,553.7754839415234
OUT_08226,1922.2004171640256
OUT_08227,511.3962045972453
OUT_08228,787.3760424596563
OUT_08229,78.70515158469593
OUT_08230,181.2547855689041
OUT_08231,1843.4138878376211
OUT_08232,54.790074971590286
OUT_08233,720.1139541355636
OUT_08234,579.013600787907
OUT_08235,43.91920518557216
OUT_08236,36.897138508892965
OUT_08237,727.7091584588854
OUT_08239,154.69621430302823
OUT_08240,41.43820728732252
OUT_08241,764.7628491437514
OUT_08242,60.04692902508541
OUT_08243,494.5188259481943
OUT_08244,30.328253542283186
OUT_08245,43.49648200769784
OUT_08246,40.48645557633768
OUT_08247,208.12148962950232
OUT_08248,50.79726309598107
OUT_08249,40.42761721324776
OUT_08250,56.07053947583852
OUT_08251,170.4058728826248
OUT_08252,51.7500530691016
OUT_08253,33.052354643415455
OUT_08254,149.40840189000292
OUT_08255,222.3633291540773
OUT_08256,50.85878041223927
OUT_08257,226.7859034517122
OUT_08258,110.9620450449291
OUT_08259,134.87895180728373
OUT_08260,581.4535826493327
OUT_08261,766.9399968628499
OUT_08262,141.4333414501344
OUT_08263,42.98184018420149
OUT_08264,192.05706666345367
OUT_08265,37.98111059772766
OUT_08266,29.79588119217953
OUT_08267,193.53026829452287
OUT_08268,74.11127270163674
OUT_08269,72.67329336279678
OUT_08270,176.83225405598532
OUT_08271,658.0341669087587
OUT_08272,156.75901409661554
OUT_08273,725.7787176502331
OUT_08274,40.49767224129689
OUT_08275,731.591421623432
OUT_08276,55.74869083948372
OUT_08277,114.14450414572242
OUT_08278,1892.2541411511727
OUT_08279,211.4465160963756
OUT_08280,761.4504380065845
OUT_08281,657.7757431475462
OUT_08282,26.165611496306912
OUT_08283,45.63008178807621
OUT_08284,65.9019725614905
OUT_08285,73.42848416149855
OUT_08286,179.19812283084968
OUT_08287,180.5117035702168
OUT_08288,164.99407101214018
OUT_08289,70.77125057463137
OUT_08290,39.5959201269633
OUT_08292,695.8684707894013
OUT_08293,42.7975090107295
OUT_08294,168.85024928047395
OUT_08295,45.300983778921
OUT_08296,1899.177013532046
OUT_08297,57.72677399611845
OUT_08298,1889.0728736519
OUT_08299,44.895344810788046
OUT_08300,217.6790687058623
OUT_08301,61.74393635709448
OUT_08302,53.987739355670925
OUT_08303,204.67525362208025
OUT_08304,1931.127780421257
OUT_08305,736.7676517929385
OUT_08306,63.59757985523465
OUT_08307,844.7628879811542
OUT_08308,215.26056458084733
OUT_08309,138.2890004451506
OUT_08310,226.5918459673454
OUT_08311,48.14542652613683
OUT_08312,69.4314424779702
OUT_08313,784.0954634178293
OUT_08314,55.24421079695178
OUT_08315,40.930932778810885
OUT_08316,56.85322176042938
OUT_08317,75.56152415850255
OUT_08318,54.284482245645336
OUT_08319,214.50383631637527
OUT_08320,128.8922549286156
OUT_08321,182.14019308211175
OUT_08322,69.51372603703656
OUT_08323,164.42041787313642
OUT_08324,38.53068097604378
OUT_08325,173.02056607147327
OUT_08326,197.3047293763653
OUT_08327,682.9430356030817
OUT_08328,115.66817216849692
OUT_08329,135.4965256340197
OUT_08330,784.7350857986054
OUT_08331,759.6097448559633
OUT_08332,759.1074438674796
OUT_08333,48.601980507606285
OUT_08334,54.29261863923098
OUT_08335,103.51275852483394
OUT_08336,47.16091198856952
OUT_08337,38.82834681217161
OUT_08338,206.46896447784587
OUT_08339,77.03881193266973
OUT_08340,164.42821972291594
OUT_08341,49.09832551186021
OUT_08342,226.5539742811006
OUT_08343,85.34618814888819
OUT_08344,48.968839196819545
OUT_08345,35.95157016918369
OUT_08346,179.24813139023988
OUT_08347,469.8671570516465
OUT_08348,819.442741785128
OUT_08349,29.87144298606164
OUT_08350,52.675196008396775
OUT_08351,94.53263133766715
OUT_08352,82.14974849523911
OUT_08353,44.51286522736548
OUT_08354,62.04616719727301
OUT_08355,782.6451196498334
OUT_08356,225.32788000706643
OUT_08357,154.2434447058209
OUT_08358,129.13136780465047
OUT_08359,73.9465753462164
OUT_08360,797.6766867050262
OUT_08361,233.5295876088518
OUT_08362,646.8790267055097
OUT_08363,39.92724252487795
OUT_08364,56.06584676862667
OUT_08365,37.89268134355299
OUT_08366,56.62955874346383
OUT_08367,17.587165914007233
OUT_08368,23.75335740735437
OUT_08369,53.97791247474144
OUT_08370,56.36277488222225
OUT_08371,181.07193398816204
OUT_08372,31.487725921381458
OUT_08373,40.34964172446696
OUT_08374,34.810968624686375
OUT_08375,45.68748667902346
OUT_08376,38.523609520863126
OUT_08377,137.6306820070218
OUT_08378,184.25658829009825
OUT_08379,43.514955323405246
OUT_08380,213.701996974588
OUT_08381,41.80061841930144
OUT_08382,658.1467303135297
OUT_08383,42.179796738449234
OUT_08384,47.606014389532206
OUT_08385,41.83904880908909
OUT_08386,156.26291685562984
OUT_08387,219.99921584889145
OUT_08388,100.38498855507927
OUT_08389,49.43152581912258
OUT_08390,176.66685384045903
OUT_08391,45.8166245959026
OUT_08392,46.804629419943545
OUT_08393,33.606874995609786
OUT_08394,48.112116447852046
OUT_08395,38.23004839249824
OUT_08396,167.69097382016406
OUT_08397,30.470024645412103
OUT_08398,120.86369450900848
OUT_08399,35.47737316065136
OUT_08400,793.7949523190522
OUT_08401,48.70964038762647
OUT_08402,1892.8148967220327
OUT_08403,64.58052215035953
OUT_08404,43.33494948344891
OUT_08405,70.27878296707574
OUT_08406,237.60037754226
OUT_08407,54.769529957354514
OUT_08408,698.9300163673388
OUT_08409,44.27930462992432
OUT_08410,35.62780067812558
OUT_08411,218.02319749166085
OUT_08412,42.11402951864726
OUT_08413,152.17208447046517
OUT_08414,136.27494768018843
OUT_08415,41.09918336504666
OUT_08416,29.04065293134464
OUT_08417,45.37694500668359
OUT_08418,34.89388189747962
OUT_08419,45.70441982709493
OUT_08420,74.08581464542308
OUT_08421,130.91690303624796
OUT_08422,151.54515360777128
OUT_08423,44.227532392069456
OUT_08424,48.39433663569089
OUT_08425,34.54923416355227
OUT_08426,65.31304543466621
OUT_08427,749.1292241820099
OUT_08428,56.25167037803544
OUT_08429,48.51046176552904
OUT_08430,74.20447330640488
OUT_08431,44.90766432178373
OUT_08432,1870.5110322683524
OUT_08433,65.12924007875704
OUT_08434,35.03707112157024
OUT_08435,49.741406492547256
OUT_08436,195.00227526509772
OUT_08437,525.3491109220208
OUT_08438,705.2729860250165
OUT_08439,44.11889841929385
OUT_08440,63.45073910268848
OUT_08441,35.59490997854142
OUT_08442,1833.131509762276
OUT_08443,134.1206228576524
OUT_08444,123.74502942811304
OUT_08445,69.49125081497128
OUT_08446,221.6245425609301
OUT_08447,33.91678317402417
OUT_08448,192.2405450180515
OUT_08449,754.7472908299653
OUT_08450,43.24017109036984
OUT_08451,226.15831571662736
OUT_08452,1295.3839759729465
OUT_08453,46.136629772188165
OUT_08454,35.09617256694125
OUT_08455,559.0837229395804
OUT_08456,41.40098175574346
OUT_08457,711.1169515542425
OUT_08458,584.8949852144909
OUT_08459,181.59111890605752
OUT_08460,34.71793938467003
OUT_08461,133.3005252433907
OUT_08462,44.861153831576026
OUT_08463,200.11373823260308
OUT_08464,529.2795435266751
OUT_08465,132.8776638510852
OUT_08466,137.4919273853338
OUT_08467,49.79000697769021
OUT_08468,200.99382558820423
OUT_08469,185.49213100485815
OUT_08470,163.86614341261318
OUT_08471,44.50310438363822
OUT_08472,135.93885735491227
OUT_08473,188.55485724516373
OUT_08474,662.6476967989398
OUT_08475,41.186443937537774
OUT_08476,75.73446269358207
OUT_08477,752.6844436815585
OUT_08478,35.0634147119877
OUT_08479,102.20509590297014
OUT_08480,130.08805928292858
OUT_08481,39.150725130599206
OUT_08482,177.4912186490432
OUT_08484,1855.5597744910008
OUT_08485,1781.7829891841695
OUT_08486,44.19379305304384
OUT_08487,44.21942460578859
OUT_08488,44.33190727131092
OUT_08489,804.6302129254655
OUT_08490,197.0941816508644
OUT_08491,164.1590461905936
OUT_08492,220.177686008072
OUT_08493,736.915788019477
OUT_08494,41.20672211668864
OUT_08495,49.38459903866667
OUT_08496,805.3459229491822
OUT_08497,45.78244676696023
OUT_08498,34.83492270834737
OUT_08499,79.60391514760197
OUT_08500,65.29214124796418
OUT_08501,66.93592831775169
OUT_08502,702.548398713862
OUT_08503,39.167100090893385
OUT_08504,195.15188685374025
OUT_08505,74.08581464542308
OUT_08506,637.8738751130988
OUT_08507,40.536220670260136
OUT_08508,136.05551026759932
OUT_08509,31.571493760258985
OUT_08510,37.9513961787136
OUT_08511,29.76822804891941
OUT_08512,770.2952806340447
OUT_08513,79.04051024907304
OUT_08514,34.41579263197561
OUT_08515,189.7118020877212
OUT_08516,34.58282183185801
OUT_08517,708.3775695275224
OUT_08518,110.17900958262068
OUT_08519,49.3242014363392
OUT_08520,60.60647812009843
OUT_08521,48.92213637041455
OUT_08522,38.3375487288301
OUT_08523,131.51913865025304
OUT_08524,202.42183911329
OUT_08525,143.49323457690403
OUT_08526,1843.327129912119
OUT_08527,60.06179353782653
OUT_08528,44.36842927810761
OUT_08529,50.04814854497946
OUT_08530,254.97001891415485
OUT_08531,51.20553265328429
OUT_08532,187.67979371440543
OUT_08533,57.27311188884066
OUT_08534,42.22663311696
OUT_08535,47.164083561889896
OUT_08536,51.93849407842639
OUT_08537,676.615822004921
OUT_08538,30.375998120783272
OUT_08539,206.325657794286
OUT_08541,169.2045936540301
OUT_08542,36.18030466064931
OUT_08543,181.5980066259309
OUT_08544,600.3150632073795
OUT_08545,70.78017205870101
OUT_08546,32.19096502135806
OUT_08547,59.16055786699532
OUT_08548,38.44738568963152
OUT_08549,1885.5901410757865
OUT_08550,546.0879425825303
OUT_08551,35.18311177911628
OUT_08552,768.4836372745248
OUT_08553,127.1616281550724
OUT_08554,34.78076576504999
OUT_08555,751.9916655946896
OUT_08556,203.60276708402608
OUT_08557,35.9940226053415
OUT_08558,78.70384380450898
OUT_08559,549.4298085766542
OUT_08560,133.95731606340894
OUT_08561,147.2252026415083
OUT_08562,49.043186870665096
OUT_08563,192.0188472781955
OUT_08565,801.6639140567383
OUT_08566,185.0136805298684
OUT_08567,33.97154915404346
OUT_08568,689.2764674763959
OUT_08569,48.81543261518705
OUT_08570,39.87369594245315
OUT_08571,75.084196730869
OUT_08572,34.96388455204117
OUT_08573,244.4758669997736
OUT_08574,158.70408864254725
OUT_08575,144.16941506723663
OUT_08576,32.648185113173675
OUT_08577,109.277383827615
OUT_08578,202.5547790487154
OUT_08579,42.90538874096429
OUT_08580,49.74689217724275
OUT_08581,211.5620388392393
OUT_08582,176.46924238960682
OUT_08583,1691.3855006711212
OUT_08584,43.00688379485876
OUT_08585,36.1493305910275
OUT_08586,69.41682723441879
OUT_08587,46.53118967360341
OUT_08588,191.9062534174235
OUT_08589,71.03597423756204
OUT_08590,163.9014687774781
OUT_08591,55.759591413042834
OUT_08592,221.1621976827464
OUT_08593,42.20963354166855
OUT_08594,50.62955583039052
OUT_08595,132.75665129011875
OUT_08596,155.1346893498538
OUT_08597,28.05116660810118
OUT_08598,43.08529606745588
OUT_08599,74.03701409534312
OUT_08600,45.24269648240978
OUT_08601,36.335831582131625
OUT_08602,159.7306690613303
OUT_08604,28.098079588236462
OUT_08608,178.35608863986286
OUT_08609,46.95581250568357
OUT_08610,30.82165198720729
OUT_08611,186.361350992312
OUT_08612,59.72669307267935
OUT_08613,231.3893942267429
OUT_08614,1902.189847997336
OUT_08615,44.59499417480468
OUT_08616,63.3118493044614
OUT_08617,50.57749724685865
OUT_08618,152.05495839255326
OUT_08619,820.068917806876
OUT_08620,64.35462456191868
OUT_08621,46.63654815147719
OUT_08622,34.996237520875155
OUT_08623,160.26287055766457
OUT_08624,45.02249928512597
OUT_08625,1806.6443858213108
OUT_08626,128.28962983727237
OUT_08627,59.14003885647486
OUT_08628,26.481922620406777
OUT_08629,47.07760399412094
OUT_08630,766.78414781128
OUT_08631,529.5401161765277
OUT_08632,32.428218905392455
OUT_08633,60.67235614159985
OUT_08634,34.87235311678666
OUT_08635,44.03580924339359
OUT_08636,1893.8548256016693
OUT_08637,57.46085145273782
OUT_08638,211.4342041173396
OUT_08639,64.89655145476921
OUT_08640,172.37804166261864
OUT_08641,190.89351238841664
OUT_08642,801.9154711758588
OUT_08643,117.34282304167604
OUT_08645,38.44659512917114
OUT_08646,56.9220420601445
OUT_08647,731.2924182171035
OUT_08648,148.62666870949616
OUT_08649,24.08466182572076
OUT_08650,134.9178682020916
OUT_08651,1300.029328174435
OUT_08652,730.0843854919763
OUT_08653,666.5962594264519
OUT_08654,61.895553543729136
OUT_08655,192.122953637138
OUT_08656,130.47612878842415
OUT_08657,119.40052009606345
OUT_08658,672.4381198809797
OUT_08659,42.87613876345216
OUT_08660,1914.9368266881563
OUT_08661,42.54304540506596
OUT_08662,42.01134794556963
OUT_08663,40.25249191626032
OUT_08664,39.567000297197126
OUT_08665,783.8983935667263
OUT_08666,1849.330613310853
OUT_08667,55.23711044951159
OUT_08668,71.85537456525866
OUT_08669,56.66610072810567
OUT_08670,498.7278659889601
OUT_08671,52.4075942883949
OUT_08672,32.10368401992592
OUT_08673,640.996662812059
OUT_08674,206.81916022507264
OUT_08675,39.4200050671728
OUT_08676,1823.672733159965
OUT_08677,42.587258173683246
OUT_08678,19.70667370391808
OUT_08679,172.34181263823356
OUT_08680,207.92972530106675
OUT_08681,36.38738210137933
OUT_08682,800.2525301298197
OUT_08683,54.949581204787926
OUT_08684,46.242362548608526
OUT_08685,71.20645106552561
OUT_08686,240.60244193449515
OUT_08687,73.21847812732811
OUT_08688,41.06302778423474
OUT_08689,37.4741221452292
OUT_08690,38.298852743884815
OUT_08691,169.35855853556615
OUT_08692,135.46532829925826
OUT_08693,215.53940778149203
OUT_08694,236.8673502124719
OUT_08695,574.1549760795456
OUT_08696,70.1096613649285
OUT_08697,44.21530133383911
OUT_08698,131.02434192748692
OUT_08699,256.2256790252836
OUT_08700,212.6475596731889
OUT_08701,162.8077845256296
OUT_08702,179.1965131191794
OUT_08703,56.83502987570135
OUT_08704,494.12599175995007
OUT_08705,104.29112523418829
OUT_08706,69.36192420468029
OUT_08707,49.40746822689968
OUT_08708,660.0118475235336
OUT_08709,48.203037180229046
OUT_08711,53.809189627721096
OUT_08712,44.48830552786711
OUT_08713,60.70859731411311
OUT_08714,163.66836253897768
OUT_08715,45.013324591950486
OUT_08716,1876.1435320111516
OUT_08717,207.6718704465776
OUT_08718,55.13986039100353
OUT_08719,195.45869601254304
OUT_08720,53.87836394980167
OUT_08721,726.8683686634646
OUT_08722,146.8691844578744
OUT_08724,35.830689551412256
OUT_08725,39.7277337681008
OUT_08726,46.84462882342014
OUT_08727,43.44083669664065
OUT_08728,222.0174266708456
OUT_08729,49.47214336934636
OUT_08730,64.72647476230905
OUT_08731,36.12733807358698
OUT_08732,53.02326873317174
OUT_08733,57.82918800795197
OUT_08734,80.25153705865104
OUT_08735,173.07141607874405
OUT_08736,724.3919800335262
OUT_08737,47.56881537614365
OUT_08738,150.76996352899894
OUT_08739,1821.3106625142275
OUT_08740,37.653820998413
OUT_08741,37.0122097034176
OUT_08742,47.99763133301564
OUT_08743,41.96298434157071
OUT_08744,67.97047290397832
OUT_08745,125.60699755977664
OUT_08746,77.06841744492826
OUT_08747,74.12643048243362
OUT_08748,42.78165431710397
OUT_08749,176.94537256117096
OUT_08750,196.41347804286923
OUT_08751,142.0867398253965
OUT_08752,64.0099748954448
OUT_08753,787.459831114518
OUT_08754,55.32059744912883
OUT_08755,33.51975573987758
OUT_08756,679.4717816717862
OUT_08757,44.64200153709877
OUT_08758,44.39843850288132
OUT_08759,833.7210532734159
OUT_08760,53.13387955715103
OUT_08761,526.4172434341286
OUT_08762,61.21685331620901
OUT_08763,186.6106422325778
OUT_08765,56.7176043314126
OUT_08766,35.85689728990783
OUT_08767,511.0568274950732
OUT_08768,34.68296589085897
OUT_08769,40.91166049698442
OUT_08770,118.23304907844158
OUT_08771,118.6481710611566
OUT_08772,119.70485814517046
OUT_08773,62.35821533823611
OUT_08774,32.84848076482066
OUT_08775,132.37028517471896
OUT_08776,473.7090536650861
OUT_08777,62.17109755669901
OUT_08778,66.45616389026281
OUT_08779,59.6893742471443
OUT_08780,748.0483702000568
OUT_08781,209.73460834053955
OUT_08782,194.05077446032308
OUT_08783,507.25043371789207
OUT_08784,113.54813852382011
OUT_08785,804.5838820850263
OUT_08786,66.57019817679851
OUT_08787,118.71137553756006
OUT_08788,44.686194895055365
OUT_08789,529.7464425243359
OUT_08790,61.85350419059223
OUT_08791,157.5474258815507
OUT_08792,31.639097773347444
OUT_08793,50.33174447744438
OUT_08794,193.8698853803235
OUT_08795,64.58517881876995
OUT_08796,73.01393638860148
OUT_08797,60.05813235012714
OUT_08798,52.49639583495208
OUT_08799,78.93793297686021
OUT_08800,76.0986530584534
OUT_08801,190.73452765507545
OUT_08802,36.646207877897936
OUT_08803,205.4949819377288
OUT_08804,57.25847198658753
OUT_08805,1887.2392459116045
OUT_08806,39.45591658677706
OUT_08807,164.48652574123906
OUT_08808,170.82813093702052
OUT_08809,39.25907442580416
OUT_08810,38.22807465660754
OUT_08811,64.60829847145295
OUT_08812,51.869211234872914
OUT_08813,38.11264144394209
OUT_08814,67.04296326360691
OUT_08815,707.6659236798969
OUT_08816,44.58716881730182
OUT_08817,150.8021619290652
OUT_08818,139.32257027883085
OUT_08819,150.50898464349294
OUT_08820,59.35407931989993
OUT_08821,121.36265873830678
OUT_08822,211.3009234517048
OUT_08823,183.36751641296843
OUT_08824,53.49110067897635
OUT_08825,68.45122811389943
OUT_08826,755.3448919571083
OUT_08827,1903.9018796476716
OUT_08828,62.16339326777336
OUT_08829,29.61910467110052
OUT_08830,47.6158296564119
OUT_08831,1884.1778249296333
OUT_08832,45.99051111298304
OUT_08833,39.34333367599278
OUT_08834,78.0943307202622
OUT_08835,1882.807459898584
OUT_08836,37.23630510621165
OUT_08837,149.73087904357257
OUT_08838,186.3491820790697
OUT_08839,53.15957859470995
OUT_08840,800.8988727924199
OUT_08841,810.9788734987324
OUT_08842,75.92710295817412
OUT_08843,702.6790950891262
OUT_08844,136.6592766608485
OUT_08845,129.72241617940654
OUT_08846,242.48751554910223
OUT_08847,155.14126072460246
OUT_08848,213.7293965497823
OUT_08849,224.8041037885681
OUT_08850,772.6174279103714
OUT_08851,64.2246811952612
OUT_08852,71.10519122010447
OUT_08853,817.4571686156769
OUT_08854,40.91790663985176
OUT_08855,786.9185265567785
OUT_08856,65.82530597057294
OUT_08857,129.9697307864022
OUT_08858,198.76921362023245
OUT_08859,41.48890119129739
OUT_08860,604.422804801862
OUT_08861,42.88936467101073
OUT_08862,51.17130983992907
OUT_08863,39.86765343850504
OUT_08864,69.5038136167377
OUT_08865,185.06229596514208
OUT_08866,31.422084023286867
OUT_08867,34.473291587514225
OUT_08868,57.27086767110504
OUT_08869,210.9429325408936
OUT_08870,67.21014187390507
OUT_08871,766.1059431377704
OUT_08872,1866.761197210628
OUT_08873,73.18731400116418
OUT_08874,36.104355292947766
OUT_08875,164.2416266559524
OUT_08876,50.04543959753196
OUT_08877,704.4744114237583
OUT_08878,121.56826149708908
OUT_08879,197.0671587618133
OUT_08880,61.81640481465174
OUT_08881,55.48653482274442
OUT_08882,69.94957852004063
OUT_08883,572.7502372023763
OUT_08884,609.6398134622733
OUT_08885,59.61973708755945
OUT_08886,561.3913535034877
OUT_08887,117.91846048315011
OUT_08888,34.88522812668562
OUT_08889,31.249490972432795
OUT_08890,36.847017388994345
OUT_08891,540.6979100548064
OUT_08892,183.95306808644185
OUT_08893,146.53387126889436
OUT_08894,55.35403062674593
OUT_08895,713.1299769975167
OUT_08896,48.48622525132435
OUT_08897,192.05650240486884
OUT_08898,538.6769685521177
OUT_08899,122.5265480336494
OUT_08900,30.638650227388844
OUT_08901,50.13731326294912
OUT_08902,129.92608266908837
OUT_08903,31.596162640843264
OUT_08904,77.80560361501986
OUT_08905,42.955366484898526
OUT_08906,187.263461234762
OUT_08907,226.7306287123197
OUT_08908,48.961061351304686
OUT_08909,46.288852851127686
OUT_08910,512.272747128237
OUT_08911,44.66340843574184
OUT_08912,128.21272639219202
OUT_08913,679.3465528521289
OUT_08914,746.7040389981054
OUT_08915,65.93345803079497
OUT_08916,38.37244605780931
OUT_08917,44.56477816342664
OUT_08918,188.6351495426364
OUT_08919,53.76735950609195
OUT_08920,63.607838489019386
OUT_08921,752.7646577115021
OUT_08922,207.08636457362843
OUT_08923,45.47673275858662
OUT_08924,131.36232959136868
OUT_08925,810.7304262168437
OUT_08926,69.64878120231425
OUT_08927,174.15463368637572
OUT_08928,764.4082688346017
OUT_08929,1888.7800704049755
OUT_08930,41.67467149863798
OUT_08931,43.775830911856126
OUT_08932,38.867758861506246
OUT_08933,139.54852298783143
OUT_08934,138.3938945010693
OUT_08935,199.65257132169475
OUT_08936,42.50467782379755
OUT_08937,65.96320209780878
OUT_08938,753.008605580095
OUT_08939,44.18218600565677
OUT_08940,35.12540732611177
OUT_08941,65.521184297898
OUT_08942,62.879229981512985
OUT_08943,61.39553680034256
OUT_08944,469.5266565892775
OUT_08945,60.47470565434489
OUT_08946,782.0367616152536
OUT_08947,810.5339425642363
OUT_08948,44.09520136840315
OUT_08949,130.43748077855926
OUT_08950,136.1435409906562
OUT_08951,60.115182953914015
OUT_08952,41.137174233737205
OUT_08953,31.65936738921988
OUT_08954,62.76765170889084
OUT_08955,37.672879593916605
OUT_08956,69.23266147531162
OUT_08957,40.66672330406009
OUT_08959,191.9177816582147
OUT_08960,36.39228727774301
OUT_08961,61.835793187094346
OUT_08962,52.07011925869664
OUT_08963,33.214419495909105
OUT_08964,734.2092414303233
OUT_08965,696.8822931044112
OUT_08966,125.218352829861
OUT_08967,42.552986994101616
OUT_08968,176.27639113200075
OUT_08969,671.6720409171942
OUT_08970,224.30879330575755
OUT_08971,61.62240397083874
OUT_08972,42.14558511966902
OUT_08973,33.90310322808067
OUT_08974,180.77504967929784
OUT_08975,38.71620713267357
OUT_08976,84.56945387360977
OUT_08977,34.74052656990851
OUT_08978,734.2144291676642
OUT_08979,778.0561306695922
OUT_08980,80.90527814858878
OUT_08981,61.99298568886115
OUT_08982,56.02667128276804
OUT_08983,134.31570662316764
OUT_08984,64.44685357225269
OUT_08985,67.27065727901733
OUT_08986,548.8950431644589
OUT_08987,133.05322542324586
OUT_08988,42.19406824033467
OUT_08989,77.90083076651942
OUT_08992,728.0543367762151
OUT_08993,28.42842069010098
OUT_08994,184.59571662787465
OUT_08995,1906.872682234514
OUT_08996,54.43045647125405
OUT_08997,139.56918733927935
OUT_08998,199.95992380227744
OUT_08999,127.89244164003873
OUT_09000,31.95003434075017
OUT_09002,44.48060477432111
OUT_09003,37.8899086773266
OUT_09004,47.66137650632477
OUT_09005,41.11893397495404
OUT_09006,1847.288402302264
OUT_09007,1894.1811832658968
OUT_09008,40.58567941596928
OUT_09009,46.16793977203922
OUT_09010,802.1444437130191
OUT_09011,746.2576121307038
OUT_09012,1821.1017145692372
OUT_09013,48.63568733269932
OUT_09015,1893.7738785250751
OUT_09016,67.89536794731083
OUT_09017,37.85078357173193
OUT_09018,55.17598235385607
OUT_09019,44.30669395767235
OUT_09020,44.28660387302876
OUT_09021,60.759256985418006
OUT_09022,211.57968283002373
OUT_09023,50.88141678697933
OUT_09024,1857.9960188616544
OUT_09025,127.10131446698848
OUT_09026,51.28594597027168
OUT_09027,65.26013349407881
OUT_09028,200.94744808770835
OUT_09029,53.00100369946682
OUT_09030,48.99839017586157
OUT_09031,28.279689030710152
OUT_09032,151.2078091024721
OUT_09033,39.63283484291989
OUT_09034,179.5562856905914
OUT_09035,216.8994307506591
OUT_09036,1911.8292379325635
OUT_09037,55.72224240562656
OUT_09038,222.06447409660404
OUT_09039,771.4614722300928
OUT_09040,61.6850476992345
OUT_09041,160.4730787577199
OUT_09042,752.5175662584494
OUT_09043,749.4072418578771
OUT_09044,206.5264128520292
OUT_09046,32.36689825968882
OUT_09047,740.5999277650263
OUT_09048,720.0759154408977
OUT_09049,33.358888167959
OUT_09050,502.1073354440211
OUT_09051,797.1594228311171
OUT_09052,42.90219482274693
OUT_09053,221.74322473141237
OUT_09054,126.72047922645928
OUT_09055,77.68926826657058
OUT_09056,125.22253324424024
OUT_09057,120.2932007756565
OUT_09058,630.6963221605102
OUT_09059,79.66966004372935
OUT_09060,35.45536716450408
OUT_09061,70.3519000207033
OUT_09062,37.34407238900569
OUT_09063,74.52600723666683
OUT_09064,723.164608977088
OUT_09065,191.41353442883076
OUT_09066,71.17411261151088
OUT_09067,69.77290771404395
OUT_09068,776.0619723089742
OUT_09069,216.7372178477654
OUT_09070,795.9987715341965
OUT_09071,732.6381299072702
OUT_09072,1896.2997794774567
OUT_09073,215.99844619385397
OUT_09074,712.380906649195
OUT_09075,67.31518789988314
OUT_09076,204.38487328348887
OUT_09077,45.35726239700397
OUT_09078,193.7716612708868
OUT_09079,129.66253555333202
OUT_09080,39.90538947918195
OUT_09081,810.9901683276497
OUT_09082,55.62393518549262
OUT_09083,164.70033765040125
OUT_09084,32.88375388975449
OUT_09085,80.06620299368494
OUT_09086,35.37831850346648
OUT_09087,41.478976072897325
OUT_09088,62.90621251537432
OUT_09089,701.171772546298
OUT_09090,200.67636918472624
OUT_09091,187.11939508386249
OUT_09092,34.57779258446316
OUT_09093,739.8501523339386
OUT_09094,177.99432474427164
OUT_09095,227.06932553449371
OUT_09096,133.3897838016311
OUT_09097,645.5635682185747
OUT_09098,71.84137501480645
OUT_09099,163.11380789561642
OUT_09100,172.47273440696534
OUT_09101,209.75515419714304
OUT_09102,214.46963735360256
OUT_09103,52.12161136185663
OUT_09104,777.0576557738202
OUT_09105,68.31519011029226
OUT_09106,153.1683108891323
OUT_09107,44.587408983476365
OUT_09108,128.25362384612788
OUT_09109,44.634052672290345
OUT_09110,603.8497135776707
OUT_09111,1880.0805499189617
OUT_09112,132.97554047417577
OUT_09113,78.29701844213776
OUT_09114,192.3048258134701
OUT_09115,52.38120765183408
OUT_09116,68.65697436747095
OUT_09117,182.8341147886817
OUT_09118,55.503462315356565
OUT_09119,116.08207835708528
OUT_09120,537.7328263139304
OUT_09121,73.56467842259593
OUT_09122,827.5742432455261
OUT_09123,168.1435870434116
OUT_09124,43.7101914794124
OUT_09125,30.46939364590365
OUT_09126,47.22223721162666
OUT_09127,59.34389606808308
OUT_09128,223.87118424541552
OUT_09129,62.70347105276069
OUT_09130,46.315490221407984
OUT_09131,182.4490326489681
OUT_09132,39.338763006305285
OUT_09133,41.292235613755295
OUT_09134,761.1890586940558
OUT_09135,37.41026940614298
OUT_09136,47.066247060796
OUT_09137,44.71331245195452
OUT_09138,77.2412412686959
OUT_09139,190.40721110054253
OUT_09140,64.68901927994291
OUT_09141,35.014899973268506
OUT_09142,127.33037463831732
OUT_09143,184.6840008556609
OUT_09144,55.705050477157165
OUT_09145,30.414106843462456
OUT_09146,193.45065258240237
OUT_09147,61.34596856890533
OUT_09148,45.48900699699649
OUT_09149,38.41798158021353
OUT_09150,56.908884335137714
OUT_09151,677.3426152859457
OUT_09152,33.49906599269558
OUT_09153,43.62194532029115
OUT_09154,213.00127072266548
OUT_09155,39.770138915073865
OUT_09156,81.48080990691938
OUT_09157,69.24886288361186
OUT_09158,113.54471660312883
OUT_09159,170.2231084106481
OUT_09160,33.46783990401393
OUT_09161,53.07268772947384
OUT_09162,72.43420935405634
OUT_09163,45.47969397401414
OUT_09164,226.89923556431447
OUT_09165,129.62728543379322
OUT_09166,63.71216715850984
OUT_09167,144.21845937661652
OUT_09168,47.36977780808961
OUT_09169,33.10713160919988
OUT_09170,719.2759377237251
OUT_09171,43.337898175206085
OUT_09172,196.6585164671136
OUT_09173,41.85366326151279
OUT_09174,147.94325352782388
OUT_09175,113.57489116406258
OUT_09176,33.624109786497364
OUT_09177,42.27079739656576
OUT_09178,44.834357531846045
OUT_09179,69.45502945169294
OUT_09180,177.3753596423271
OUT_09181,161.1120053248706
OUT_09182,208.1273155725747
OUT_09183,666.6044021487003
OUT_09184,46.27996261878487
OUT_09185,797.3105888481595
OUT_09186,827.1556657011073
OUT_09187,163.46766039853247
OUT_09188,214.93051269082557
OUT_09189,50.538656606067775
OUT_09190,196.01262213723717
OUT_09191,706.9312476962003
OUT_09192,222.41452937664604
OUT_09193,32.63422273883921
OUT_09194,64.86421328843741
OUT_09195,57.93372158940228
OUT_09196,36.97885143078551
OUT_09197,126.16698291957768
OUT_09198,695.7254131868864
OUT_09199,46.09319972377813
OUT_09200,720.2416520507928
OUT_09201,167.90105343721908
OUT_09202,41.63421336270724
OUT_09203,48.62980298593347
OUT_09204,136.14388873591392
OUT_09205,31.474154282806165
OUT_09206,40.11596495847903
OUT_09207,768.3668110833848
OUT_09208,39.37225125370733
OUT_09209,42.88217607649317
OUT_09210,179.68804157352187
OUT_09211,190.9013371912997
OUT_09212,78.8548637012767
OUT_09213,187.6888714695609
OUT_09214,1867.3669171736733
OUT_09215,760.3946836972331
OUT_09216,1873.859681202189
OUT_09217,749.5602894427212
OUT_09218,44.49497871854836
OUT_09219,101.5399934653609
OUT_09220,125.88177551205874
OUT_09221,1881.6152928279848
OUT_09222,38.780388077011615
OUT_09223,51.72262455802819
OUT_09224,127.00952429247404
OUT_09225,35.270329936990656
OUT_09226,63.999526786628685
OUT_09227,40.00668936289252
OUT_09228,59.77620982230359
OUT_09229,225.53058955841573
OUT_09230,69.4521418722862
OUT_09231,41.04083956648787
OUT_09232,779.9954871458772
OUT_09233,595.8144950800381
OUT_09234,54.96477206541127
OUT_09235,39.22935079632476
OUT_09236,499.8077601094886
OUT_09237,72.76539897669001
OUT_09238,155.60410784620794
OUT_09239,48.58706534079349
OUT_09240,42.47534050821879
OUT_09241,153.89704117679963
OUT_09242,51.63943443043518
OUT_09243,719.944819596199
OUT_09244,143.07705210644954
OUT_09245,44.652031480763405
OUT_09246,43.89833200660112
OUT_09247,36.68245213544293
OUT_09248,38.27248158294224
OUT_09249,35.26678293967724
OUT_09250,140.46760677221482
OUT_09251,34.11322856871221
OUT_09252,36.184082171972655
OUT_09253,179.11911374253376
OUT_09254,37.10260625079775
OUT_09255,180.73992341858053
OUT_09256,110.8232680000828
OUT_09257,1885.4145372267824
OUT_09258,36.50189245642243
OUT_09259,737.1907652162841
OUT_09260,70.603573057286
OUT_09261,40.96062072128254
OUT_09262,719.7310817005932
OUT_09263,796.166670947577
OUT_09264,37.83431058675303
OUT_09265,776.2901247412229
OUT_09266,31.035619612888706
OUT_09267,145.78604094966806
OUT_09268,30.794895350229595
OUT_09269,74.35650791844908
OUT_09270,52.05119893972043
OUT_09271,207.216179053888
OUT_09272,137.49047015367856
OUT_09273,60.04894766009099
OUT_09274,1306.4335012132556
OUT_09275,1923.6081047209796
OUT_09276,44.2851097043048
OUT_09277,117.68951500561604
OUT_09278,74.3940483642536
OUT_09279,48.10852967462436
OUT_09280,38.74896721157496
OUT_09281,56.85751086966377
OUT_09282,41.026511096468
OUT_09283,135.33266188503265
OUT_09284,206.3582095671592
OUT_09285,36.15715812615687
OUT_09286,125.0565477910888
OUT_09288,515.4082946871866
OUT_09289,41.98311531403565
OUT_09290,36.311650603714135
OUT_09291,193.99384355025217
OUT_09292,29.63373407026268
OUT_09293,118.74393694143797
OUT_09294,200.91018466079524
OUT_09295,60.20164308419526
OUT_09296,41.19423477954499
OUT_09297,726.0310662134181
OUT_09298,46.906281842993806
OUT_09299,25.190677850360668
OUT_09300,29.44617746988996
OUT_09301,126.0314521810988
OUT_09302,156.6710235358231
OUT_09303,1875.4732031803385
OUT_09304,798.8508079692231
OUT_09305,61.60429491569611
OUT_09306,34.53244490464862
OUT_09307,729.5243940429674
OUT_09308,42.4898158883322
OUT_09309,53.3584986802946
OUT_09310,1879.9764100027653
OUT_09311,38.13934768673726
OUT_09312,52.63454788932845
OUT_09313,50.63880053477683
OUT_09314,188.24120373865756
OUT_09315,123.9377795575988
OUT_09316,207.0852479972172
OUT_09317,814.8160455491492
OUT_09318,747.5160085291906
OUT_09319,213.64834553059652
OUT_09320,816.5174981556826
OUT_09321,39.51614487590284
OUT_09322,61.94384819025922
OUT_09323,1315.5846666626796
OUT_09324,144.14202279892817
OUT_09325,36.3204735800246
OUT_09326,75.05902715381579
OUT_09327,59.54966147194594
OUT_09328,42.24406182281009
OUT_09329,32.00483416982065
OUT_09330,36.81418381141968
OUT_09331,119.8180448995144
OUT_09332,774.9043370834436
OUT_09333,42.403806598964096
OUT_09334,52.74583877604835
OUT_09335,44.70984394399833
OUT_09336,801.5392339991987
OUT_09337,34.30039871787686
OUT_09339,44.90601917816056
OUT_09340,522.9024322243533
OUT_09341,59.94199696832245
OUT_09342,719.9716639769543
OUT_09343,149.9973976218839
OUT_09344,48.601071571372586
OUT_09345,42.49362007413044
OUT_09346,32.939302856076324
OUT_09347,130.57763923175636
OUT_09348,57.09398377275451
OUT_09349,131.3556370798606
OUT_09350,43.18784002855989
OUT_09351,123.0281357723244
OUT_09352,41.50308262405736
OUT_09353,48.428698476184906
OUT_09354,691.6020262109046
OUT_09355,195.61520594593296
OUT_09356,39.93400509748255
OUT_09357,673.0667338237199
OUT_09358,47.21464957215996
OUT_09359,44.50215420291187
OUT_09360,33.51744360853003
OUT_09361,29.802752129837817
OUT_09362,76.17500421639825
OUT_09363,58.34268247712477
OUT_09364,38.4749257768035
OUT_09365,659.6164008608752
OUT_09366,42.60832272778401
OUT_09367,69.22344662975132
OUT_09368,62.44809126414945
OUT_09369,1846.3893485966853
OUT_09370,108.05487912872351
OUT_09371,52.026402426597045
OUT_09372,195.82243854618545
OUT_09373,129.93547389210818
OUT_09374,79.63172153933984
OUT_09375,58.87766834563218
OUT_09376,85.69888266700787
OUT_09377,693.6017579910545
OUT_09378,33.812207846180485
OUT_09379,122.86058197120876
OUT_09380,227.8575712222774
OUT_09381,77.89652737850464
OUT_09382,154.81990934030674
OUT_09383,206.20732410451456
OUT_09384,26.050665964885784
OUT_09385,213.25584345134527
OUT_09386,214.22775172643236
OUT_09387,49.725076836838205
OUT_09388,193.55653483734463
OUT_09389,32.06577217402627
OUT_09390,1886.6643358087392
OUT_09391,202.15057056240823
OUT_09392,40.06523675334716
OUT_09393,40.64741905247293
OUT_09394,204.07422881128292
OUT_09395,39.0789734841373
OUT_09396,129.40394204545095
OUT_09397,220.5822193415344
OUT_09398,180.25919740493111
OUT_09399,141.07017465411818
OUT_09400,784.6394047680121
OUT_09401,203.22384290586533
OUT_09402,42.172510559955874
OUT_09403,43.17636666644911
OUT_09404,171.94903088764687
OUT_09406,61.4704855018161
OUT_09407,794.6685719702886
OUT_09408,69.99608597147082
OUT_09409,39.01280593354616
OUT_09410,752.6917013206107
OUT_09411,200.307159899555
OUT_09412,35.484562121657106
OUT_09413,72.96562664317749
OUT_09414,198.49159764854917
OUT_09415,44.82406934761829
OUT_09416,52.784746699194464
OUT_09417,203.15861547382764
OUT_09418,199.48605187188855
OUT_09419,40.773773403098
OUT_09420,53.706243577608895
OUT_09421,65.6628863018599
OUT_09422,1880.222150325597
OUT_09423,142.07224306427793
OUT_09424,194.38480500997127
OUT_09425,166.73985396789195
OUT_09426,57.64804248793172
OUT_09427,203.87815541961143
OUT_09428,76.72237830561215
OUT_09429,189.12415511429617
OUT_09430,216.3169417376105
OUT_09431,35.383736345561644
OUT_09432,57.35551300550304
OUT_09433,41.02609106146024
OUT_09434,54.51446560562258
OUT_09435,35.056510869544056
OUT_09436,220.14276104652905
OUT_09437,71.92915313930018
OUT_09438,68.80081063051998
OUT_09439,119.61279911919335
OUT_09440,51.4759454373602
OUT_09441,56.34520861842271
OUT_09442,222.0334494832775
OUT_09443,33.5986752650766
OUT_09444,42.27008976493002
OUT_09445,1878.17467744074
OUT_09446,123.78969776657908
OUT_09447,219.62064091587297
OUT_09448,771.5069333913219
OUT_09449,80.06785866801427
OUT_09450,662.7440648198044
OUT_09451,41.47626461554723
OUT_09452,64.35910602293892
OUT_09453,68.25498750255063
OUT_09454,57.73020668355528
OUT_09455,177.3255642525805
OUT_09456,50.7757309144828
OUT_09457,67.2701434963249
OUT_09458,220.3526640644392
OUT_09459,41.80635998760701
OUT_09460,50.86871693973128
OUT_09461,127.29500560217964
OUT_09462,37.7464358418354
OUT_09463,765.8372273235278
OUT_09464,64.47971082780924
OUT_09465,61.496995037795614
OUT_09466,118.29844622032763
OUT_09467,66.5059702198241
OUT_09468,37.62293286540304
OUT_09469,669.56891460566
OUT_09470,161.6282158062135
OUT_09471,143.515916316492
OUT_09472,71.32060058911833
OUT_09473,65.18697737686992
OUT_09474,70.74412069882106
OUT_09475,49.70922647950317
OUT_09476,583.9234948146286
OUT_09477,673.610302397074
OUT_09478,30.736990892384863
OUT_09479,185.10793091722255
OUT_09480,208.54407910281225
OUT_09481,196.98515092698145
OUT_09482,1855.727274470801
OUT_09483,52.04408015702252
OUT_09484,589.9198537005673
OUT_09485,39.60495280335472
OUT_09486,66.0944664179129
OUT_09487,714.042757557761
OUT_09488,43.26239535123314
OUT_09489,60.19310992169325
OUT_09490,37.65010201621941
OUT_09491,712.7388875928588
OUT_09492,186.521146080536
OUT_09493,34.43965621723088
OUT_09494,48.00229946613622
OUT_09495,173.4673154922312
OUT_09496,49.21358595675584
OUT_09497,45.33553253857384
OUT_09498,138.210033507892
OUT_09499,37.07941429874986
OUT_09500,42.33205481591934
OUT_09501,1862.2264860777448
OUT_09502,40.31050850672291
OUT_09503,39.899502993339695
OUT_09504,46.40724082770437
OUT_09505,184.366130392968
OUT_09506,41.023782000892574
OUT_09507,217.2702347636647
OUT_09508,174.74564461646574
OUT_09509,801.9064154962268
OUT_09510,198.03152076832592
OUT_09511,81.56248596526225
OUT_09512,32.23003735346394
OUT_09513,33.35289545910936
OUT_09514,26.17976004280313
OUT_09515,520.7636182127061
OUT_09516,43.290973404782775
OUT_09517,55.60083418379376
OUT_09518,118.03979303521226
OUT_09519,721.1035797529156
OUT_09520,160.37652225265853
OUT_09521,69.2038847716192
OUT_09523,1840.9834224644223
OUT_09524,184.78947584510223
OUT_09525,183.87372206688104
OUT_09526,40.46837766330343
OUT_09527,62.409557234016766
OUT_09528,68.60370104250686
OUT_09529,184.0795180165973
OUT_09530,36.9481849621675
OUT_09531,59.05328237978728
OUT_09532,54.04322965153799
OUT_09533,1888.3391534403315
OUT_09534,41.52686503690051
OUT_09535,80.51830375132573
OUT_09536,34.737088029416284
OUT_09537,143.60786198540313
OUT_09538,81.87819230715611
OUT_09539,82.30909243766158
OUT_09540,652.1260724181976
OUT_09541,177.7895484877323
OUT_09542,163.54153073796408
OUT_09543,199.2825348685579
OUT_09544,33.24996645328312
OUT_09545,201.1843841527852
OUT_09546,69.86862787863582
OUT_09547,205.6396757836996
OUT_09548,538.2574880675393
OUT_09549,24.60647155910232
OUT_09550,159.1577920513383
OUT_09551,219.94088917815253
OUT_09552,744.6944163537956
OUT_09553,131.21931228006193
OUT_09554,40.173562405600826
OUT_09555,41.93906991521181
OUT_09556,47.059167511511816
OUT_09557,40.631981332807726
OUT_09558,40.43609533323805
OUT_09559,211.4068025980797
OUT_09560,39.36795501072251
OUT_09561,69.99857831645646
OUT_09562,51.4383147782701
OUT_09563,34.09144725644086
OUT_09564,46.91747593062401
OUT_09565,38.35545290333236
OUT_09566,47.031488464229824
OUT_09567,191.13342373708875
OUT_09568,512.7562485591261
OUT_09569,181.2648988453928
OUT_09570,725.2792201115169
OUT_09571,67.20188244495812
OUT_09572,130.8584917914765
OUT_09573,130.18763571524434
OUT_09574,27.016799312166636
OUT_09575,29.28811045935802
OUT_09576,704.8543385443987
OUT_09577,32.06442797802212
OUT_09578,169.22861657434217
OUT_09579,717.0700643661295
OUT_09580,63.458175067983966
OUT_09581,658.4028392083686
OUT_09582,1874.3794150812412
OUT_09583,518.5424979496267
OUT_09584,32.56449659622955
OUT_09585,526.2069278408584
OUT_09586,1871.0288768356263
OUT_09587,40.90248604578567
OUT_09588,169.44845723891905
OUT_09589,170.86770515378242
OUT_09590,202.59276303867503
OUT_09591,136.24063529131695
OUT_09592,1866.8489025600916
OUT_09593,51.96410674387257
OUT_09594,158.23866244062114
OUT_09595,213.99939882466887
OUT_09596,56.25821862258927
OUT_09597,199.97227234746205
OUT_09598,50.735270680060566
OUT_09599,41.32617166093805
OUT_09600,771.8583424357499
OUT_09601,40.65398306019189
OUT_09602,46.37844478692542
OUT_09603,749.587244315374
OUT_09604,55.74725589641242
OUT_09605,149.77900724489044
OUT_09606,198.3789792137709
OUT_09607,669.5652208494935
OUT_09608,1887.1211874951948
OUT_09609,64.402335461287
OUT_09610,203.56310891429737
OUT_09611,44.50495306015573
OUT_09612,53.89854612513484
OUT_09613,42.2370350315991
OUT_09614,751.9592618840666
OUT_09615,195.218394614595
OUT_09616,28.76853992445087
OUT_09617,49.32921672891989
OUT_09618,97.04778239604748
OUT_09619,44.28724432496056
OUT_09620,188.37817503098577
OUT_09621,37.05374580385458
OUT_09622,186.55462085731665
OUT_09623,43.20374617676704
OUT_09624,39.38378630925968
OUT_09625,57.099656141538205
OUT_09626,224.3863982621482
OUT_09627,208.7729066541754
OUT_09628,80.07699926251789
OUT_09629,140.9911628380554
OUT_09630,40.77056316284975
OUT_09631,185.50537920675512
OUT_09632,40.47037559077943
OUT_09633,167.67111524281526
OUT_09634,1801.3526867901603
OUT_09635,141.3278209974027
OUT_09636,678.65032690798
OUT_09637,544.0091650211837
OUT_09638,36.50605491308915
OUT_09639,48.158522256708295
OUT_09640,85.12677701256679
OUT_09641,32.26971943727657
OUT_09642,43.79908729750928
OUT_09643,197.08619020287227
OUT_09644,36.6995949866085
OUT_09645,44.014786814912
OUT_09646,47.36173518189474
OUT_09647,177.9974238033018
OUT_09648,680.7886713380054
OUT_09649,139.26018742502137
OUT_09650,45.46368106931829
OUT_09651,37.49185220849894
OUT_09652,50.45354683755942
OUT_09653,150.5395343430731
OUT_09654,208.67039974494216
OUT_09655,34.303332554225754
OUT_09656,771.6342103841355
OUT_09657,25.12623423996337
OUT_09658,53.99743844552797
OUT_09659,33.17587157862408
OUT_09660,165.12958880504104
OUT_09661,179.7061143904345
OUT_09662,36.04734981407845
OUT_09663,49.64510385533268
OUT_09664,44.50456016169543
OUT_09665,181.16083079904556
OUT_09666,33.280918392303235
OUT_09667,185.5003704816744
OUT_09668,200.84281485816777
OUT_09669,37.95297097854669
OUT_09670,199.8105737483993
OUT_09671,141.4937697160214
OUT_09672,64.94400369714099
OUT_09673,183.7529125433847
OUT_09674,57.36990811463003
OUT_09676,224.7792514359288
OUT_09677,52.68471380357008
OUT_09678,61.26486038797989
OUT_09679,40.18900751971738
OUT_09680,212.37639485059591
OUT_09681,58.26654031830771
OUT_09682,788.069590126348
OUT_09683,127.84382285559782
OUT_09684,45.3042200720402
OUT_09685,58.52190249454601
OUT_09686,57.42525095760476
OUT_09687,36.390137670592495
OUT_09688,220.37869219953367
OUT_09689,74.22431285775579
OUT_09690,62.07851015642355
OUT_09691,71.23651552912136
OUT_09692,29.744370566162743
OUT_09693,171.08967704789262
OUT_09694,750.193087437649
OUT_09695,142.29362691166835
OUT_09696,69.45791983847879
OUT_09697,171.4552471312662
OUT_09698,147.56610507317637
OUT_09699,68.09800089391
OUT_09700,37.732339582032594
OUT_09701,38.70725923741756
OUT_09702,39.23691569652936
OUT_09703,46.135295060849735
OUT_09704,51.19637871437828
OUT_09705,158.31110758975515
OUT_09706,30.297998185840008
OUT_09707,1924.137077720904
OUT_09708,42.77298935117354
OUT_09709,41.97494861043433
OUT_09710,1881.296312020532
OUT_09711,207.0521973762594
OUT_09712,134.24781154143912
OUT_09713,69.62771026310017
OUT_09714,47.12068450057471
OUT_09715,1890.223494571209
OUT_09716,736.5275369205425
OUT_09717,749.9538393024692
OUT_09718,656.1588381460771
OUT_09719,689.3255575534048
OUT_09720,40.3119428039845
OUT_09721,178.32187740638074
OUT_09722,44.21575123447935
OUT_09723,205.3652096513502
OUT_09724,55.44751088337341
OUT_09725,40.05484737471166
OUT_09726,46.56662240235639
OUT_09727,1865.491798806179
OUT_09728,45.846525370884514
OUT_09729,59.28639904037028
OUT_09730,43.91455116515592
OUT_09731,1948.590989846875
OUT_09732,40.05787311673675
OUT_09733,41.99428359639703
OUT_09734,47.115353486336986
OUT_09735,44.72097619835113
OUT_09736,174.9764218487608
OUT_09737,48.47510774577206
OUT_09738,43.219949055669886
OUT_09739,60.89057190747835
OUT_09740,35.26796024524277
OUT_09741,36.971506986782586
OUT_09742,202.9557865627481
OUT_09743,84.2226991357666
OUT_09744,41.26768244115557
OUT_09745,71.58331719239857
OUT_09746,73.20699750047775
OUT_09747,35.69511196099989
OUT_09748,500.17755705744406
OUT_09749,55.352217700658365
OUT_09750,1869.5742371597155
OUT_09751,60.40010892996255
OUT_09752,53.21039270078016
OUT_09753,51.996164909351045
OUT_09754,192.37236522098516
OUT_09755,692.6360268405487
OUT_09756,204.93168533050263
OUT_09757,44.41305878009511
OUT_09758,194.0613569833872
OUT_09759,68.82465919350331
OUT_09760,31.848914594675616
OUT_09761,32.06768643458855
OUT_09762,720.9916770776086
OUT_09763,843.1000338920629
OUT_09764,224.0328187421488
OUT_09765,48.60180360429282
OUT_09766,124.950791659931
OUT_09767,81.88836869087494
OUT_09768,802.1290004295761
OUT_09769,58.74474419473548
OUT_09770,151.60493246791322
OUT_09771,55.88705198341793
OUT_09772,717.0715902612377
OUT_09773,156.90811502903412
OUT_09774,776.2013981312659
OUT_09775,26.839379654233
OUT_09776,73.96559274095364
OUT_09777,170.39785497961145
OUT_09778,1873.45817564392
OUT_09779,226.5233640220665
OUT_09780,1881.8819599849328
OUT_09781,54.63687034973882
OUT_09782,177.07670419057078
OUT_09783,776.4024046593818
OUT_09784,213.9391058143908
OUT_09786,183.4122959946826
OUT_09787,745.0122776202304
OUT_09788,744.1567497849817
OUT_09789,54.82783483081669
OUT_09790,72.07699082863991
OUT_09791,65.54353922278968
OUT_09792,742.1800467834865
OUT_09793,61.90814900061725
OUT_09794,50.61478632240135
OUT_09795,523.852476092865
OUT_09796,71.15136604589483
OUT_09797,65.57875520736188
OUT_09798,197.69891828661088
OUT_09799,188.3637892680395
OUT_09800,44.55155868711633
OUT_09801,39.408165628549945
OUT_09802,134.61680850195066
OUT_09803,68.89270670270706
OUT_09804,53.316152525965805
OUT_09805,59.28840048407606
OUT_09806,533.3438496977888
OUT_09807,127.69962641378108
OUT_09808,744.553884514528
OUT_09809,58.81165176430864
OUT_09810,36.76111922507011
OUT_09811,669.4171930335806
OUT_09812,1851.175400189329
OUT_09813,498.4196185906042
OUT_09814,41.80175065732376
OUT_09815,196.4189099984404
OUT_09816,39.87910514967429
OUT_09817,1841.6936359326623
OUT_09818,30.26560701428378
OUT_09819,69.21633496989878
OUT_09820,51.94159405198406
OUT_09821,53.607107082869575
OUT_09822,45.60496542306742
OUT_09823,193.6739870059865
OUT_09824,32.920459546790646
OUT_09825,49.15364903841027
OUT_09826,51.27506110248227
OUT_09827,175.0206768508123
OUT_09828,208.6505904282428
OUT_09829,711.4407409194832
OUT_09830,160.95202523286517
OUT_09831,44.43655548649564
OUT_09832,35.761016852756455
OUT_09833,42.81616822463764
OUT_09834,54.81897930977525
OUT_09835,157.53328574257097
OUT_09836,53.12894831820876
OUT_09837,1789.5971754502425
OUT_09838,56.44008514796131
OUT_09839,63.18415046737988
OUT_09840,753.1463889124514
OUT_09841,50.20752387445
OUT_09842,68.31747895688532
OUT_09843,44.96195200719567
OUT_09844,72.38414064001145
OUT_09845,58.98395593767047
OUT_09846,44.82396504221804
OUT_09847,137.11166401190368
OUT_09848,143.3599358468301
OUT_09849,83.06273174782372
OUT_09850,34.224374046525696
OUT_09851,175.80875148836282
OUT_09852,205.0456345039944
OUT_09853,64.0309750880201
OUT_09854,41.93469572516237
OUT_09855,49.572884549802126
OUT_09856,40.03573437911164
OUT_09857,176.76694345928593
OUT_09858,73.45019538662937
OUT_09859,717.0355942673347
OUT_09860,32.48559989035832
OUT_09861,662.3320912649148
OUT_09862,211.3440619441636
OUT_09863,117.83948339520867
OUT_09864,63.33841843685345
OUT_09865,60.822921321266
OUT_09866,36.57432563644169
OUT_09867,134.55555923254352
OUT_09868,730.2369455911944
OUT_09869,28.510903961905395
OUT_09870,146.73973075732545
OUT_09871,174.74389970541807
OUT_09872,80.91627798624138
OUT_09873,41.95147303536245
OUT_09874,746.4681902173841
OUT_09875,47.567564287066354
OUT_09876,130.22261253474318
OUT_09877,786.9264830205884
OUT_09878,41.265982433420845
OUT_09879,60.64393260271652
OUT_09880,45.9981499413904
OUT_09881,214.79698706640724
OUT_09882,139.79731530124985
OUT_09883,134.17537635800852
OUT_09884,37.26544430238699
OUT_09885,30.544381753737856
OUT_09886,56.20275657673425
OUT_09887,178.72343360186844
OUT_09888,41.92306356492691
OUT_09889,48.19550422827768
OUT_09890,148.09316585544076
OUT_09891,46.96806810676877
OUT_09892,27.272890537933392
OUT_09893,120.93628239703162
OUT_09894,74.16568730694091
OUT_09895,48.49157957376502
OUT_09896,132.67036380334136
OUT_09897,52.55227734213731
OUT_09898,58.30953473764237
OUT_09899,52.41700395752863
OUT_09900,195.94675445421151
OUT_09901,30.538848292206808
OUT_09902,31.880656725945936
OUT_09903,1902.270329069492
OUT_09904,29.242997379361395
OUT_09905,56.41439225888033
OUT_09906,70.6766512337274
OUT_09907,125.7303071643621
OUT_09908,168.1985711213843
OUT_09909,40.10337118099957
OUT_09910,46.04226871958953
OUT_09911,559.2775358497212
OUT_09912,778.3177781618792
OUT_09913,210.14561795281463
OUT_09914,761.0339692404201
OUT_09915,170.0896289923226
OUT_09916,120.7815292385812
OUT_09917,138.11527756558243
OUT_09918,74.72608567794796
OUT_09919,50.25462850375355
OUT_09920,73.1177987190524
OUT_09921,53.3258533950696
OUT_09922,1839.683038343184
OUT_09923,41.486419740441306
OUT_09924,132.94624896469082
OUT_09925,125.19878218703518
OUT_09926,58.87740914346213
OUT_09927,184.0510314978601
OUT_09928,64.93669378228155
OUT_09929,171.21558535359833
OUT_09930,160.32770741126208
OUT_09931,49.195071951947504
OUT_09932,202.8292171979197
OUT_09933,1308.674664424248
OUT_09934,718.9908912359402
OUT_09935,747.2028822663807
OUT_09936,46.456602605130335
OUT_09937,723.6635986460496
OUT_09938,36.66228409866802
OUT_09939,132.18570239884767
OUT_09940,43.11339902264254
OUT_09941,84.82816475783791
OUT_09942,35.001353997654576
OUT_09943,105.77995263737375
OUT_09944,46.390365819065785
OUT_09946,684.877094477728
OUT_09947,174.4900248101544
OUT_09948,47.21410478477087
OUT_09949,64.3182974295222
OUT_09950,45.90772454859607
OUT_09951,74.05823738132534
OUT_09952,696.006959492996
OUT_09954,37.29488645373644
OUT_09955,43.62655063178576
OUT_09956,146.57653714428227
OUT_09957,125.99846578896152
OUT_09958,41.13994629780809
OUT_09959,219.51084119194516
OUT_09960,60.21270973935063
OUT_09961,723.400834640353
OUT_09962,60.15181753752721
OUT_09963,707.054968800379
OUT_09964,112.83295219365245
OUT_09965,42.15126539221008
OUT_09966,529.4571228340577
OUT_09967,41.39345794631147
OUT_09968,130.147406809749
OUT_09969,47.82696151526924
OUT_09970,63.38217971633263
OUT_09971,44.9934456007754
OUT_09972,168.17225110867878
OUT_09973,50.15418310680893
OUT_09974,57.98376615585838
OUT_09975,43.96316388979135
OUT_09976,36.22701548044346
OUT_09977,712.717185963928
OUT_09978,153.06591029664398
OUT_09979,743.8815960743026
OUT_09980,42.06816767851838
OUT_09981,45.59268286053314
OUT_09982,1912.1717347296133
OUT_09983,47.27832745125991
OUT_09984,125.44975372036754
OUT_09985,219.98194714232167
OUT_09986,166.9683377014938
OUT_09987,701.5927508273671
OUT_09988,208.91022924888736
OUT_09989,782.6122558487161
OUT_09990,145.04419344978888
OUT_09991,33.85223648107791
OUT_09992,42.28702919591195
OUT_09993,69.96064349089987
OUT_09994,75.39378920320452
OUT_09995,64.73961300334675
OUT_09996,184.897597468464
OUT_09997,136.39725627261626
OUT_09998,200.7193887577584
OUT_09999,44.956421325132254
OUT_10001,39.97749721710666
OUT_10002,157.91768221255853
OUT_10003,146.9636248556191
OUT_10004,41.97030655506603
OUT_10005,40.60022743895435
OUT_10006,708.9790238552714
OUT_10007,1897.9563566108657
OUT_10008,57.03260951845261
OUT_10009,169.66685865934016
OUT_10010,48.65491454765608
OUT_10011,691.5579107696577
OUT_10012,48.19391557908352
OUT_10013,63.39686107654049
OUT_10014,43.9592817614806
OUT_10015,65.24921349645078
OUT_10016,68.29807442916143
OUT_10017,225.9548825360944
OUT_10018,56.63000914844585
OUT_10019,179.5697086477503
OUT_10020,28.269308268174743
OUT_10021,164.64969188783996
OUT_10022,126.87463243232048
OUT_10023,2040.8035318004763
OUT_10024,83.07272380153267
OUT_10025,159.46804217009895
OUT_10026,217.2177361908713
OUT_10027,36.362625355361736
OUT_10028,43.33284955422159
OUT_10029,33.71030891243111
OUT_10030,148.00709903501672
OUT_10031,44.21169194059633
OUT_10032,90.3208229886156
OUT_10033,72.6833183141972
OUT_10034,722.8701836482353
OUT_10035,59.3941218927129
OUT_10036,185.3064989665668
OUT_10037,174.06602683889443
OUT_10038,149.392058358988
OUT_10039,58.0676425544748
OUT_10040,121.46218454849397
OUT_10041,775.5598408594757
OUT_10042,745.4104733622822
OUT_10043,121.72356232208118
OUT_10044,41.99255493271375
OUT_10045,45.59656785681575
OUT_10046,217.677254782332
OUT_10047,44.20079466915999
OUT_10048,768.0633648405815
OUT_10049,26.387259275472005
OUT_10050,48.71574150191693
OUT_10051,1896.3676889852456
OUT_10052,57.95277927649522
OUT_10053,54.99859152053286
OUT_10054,42.1685014651852
OUT_10055,819.8647748810807
OUT_10056,40.12183500685513
OUT_10057,213.96583904854307
OUT_10058,638.30301153815
OUT_10059,54.05381231334915
OUT_10060,764.2597811297773
OUT_10061,55.25788440991902
OUT_10062,57.390617342985216
OUT_10063,135.9079480260646
OUT_10064,181.7046974287921
OUT_10065,40.31425381812628
OUT_10066,54.49155657820553
OUT_10067,172.38469632707412
OUT_10068,224.09381962755523
OUT_10069,122.0393348494588
OUT_10070,41.26609032871696
OUT_10071,75.82096667552953
OUT_10072,42.44869864978384
OUT_10073,52.10455440112636
OUT_10074,225.7535554819055
OUT_10075,33.81091851275523
OUT_10076,737.6543035155439
OUT_10077,26.819562738985805
OUT_10078,167.34793658545013
OUT_10079,33.41556268451346
OUT_10080,46.63454871238838
OUT_10081,55.85447787185197
OUT_10082,223.91386635293284
OUT_10083,200.59568378298087
OUT_10084,50.95992017559664
OUT_10085,69.50789610470443
OUT_10086,198.041168562662
OUT_10087,37.99872649435428
OUT_10088,771.2004240345798
OUT_10089,200.7766463425424
OUT_10090,634.4933827603627
OUT_10091,178.33009755022573
OUT_10092,41.12442243286276
OUT_10093,59.7500843253496
OUT_10094,60.53289606872047
OUT_10095,156.4392324101535
OUT_10096,668.7136796733616
OUT_10097,52.564505372124266
OUT_10098,46.07928279994281
OUT_10099,43.96395188862631
OUT_10100,77.79053555892058
OUT_10101,210.8283116331725
OUT_10102,58.540003691976686
OUT_10103,158.24856170824862
OUT_10104,735.9902099553036
OUT_10105,1856.330951139696
OUT_10106,60.85907029545252
OUT_10107,778.4982491139871
OUT_10108,764.1911896243738
OUT_10109,55.91923110383076
OUT_10110,197.32507503158396
OUT_10111,128.54760738233122
OUT_10112,38.164808969871096
OUT_10113,45.29434741032277
OUT_10114,208.40947052321997
OUT_10115,37.76905496302708
OUT_10116,1806.0409583636656
OUT_10117,35.75180538363421
OUT_10118,49.22196449850106
OUT_10119,144.89697654655623
OUT_10120,123.6994310915514
OUT_10121,188.69630311830636
OUT_10122,34.98091569478783
OUT_10123,144.0428671677355
OUT_10124,756.8522489662696
OUT_10125,41.60530609102923
OUT_10126,51.07848486611937
OUT_10127,185.7210687765273
OUT_10128,201.83184949495217
OUT_10129,52.53181853038738
OUT_10130,725.0301723316555
OUT_10131,1871.0480609114104
OUT_10132,113.75243412046432
OUT_10133,184.8992183349819
OUT_10134,746.5433335122669
OUT_10135,61.00252028668071
OUT_10136,48.23349807132013
OUT_10137,36.61761987611788
OUT_10138,64.55562411256446
OUT_10139,91.05872617801002
OUT_10140,780.5481876081544
OUT_10141,185.6158729663269
OUT_10143,36.51504674070859
OUT_10144,126.92162249292352
OUT_10145,114.88789274445212
OUT_10146,168.15092421799764
OUT_10147,51.99888895774565
OUT_10148,176.2626492418817
OUT_10149,182.53712026155372
OUT_10150,42.33810397600991
OUT_10151,39.14358164874347
OUT_10152,39.32749292918596
OUT_10153,184.6154932369488
OUT_10154,199.34508675276328
OUT_10155,191.97808314808435
OUT_10156,71.06304448261712
OUT_10157,681.6083205957042
OUT_10158,69.5579944750309
OUT_10159,773.6232768729502
OUT_10160,149.1302011757659
OUT_10161,127.00728984565218
OUT_10162,32.46169075390887
OUT_10163,110.97031890417637
OUT_10164,758.1295948256451
OUT_10165,693.3467798463735
OUT_10166,61.164880990251305
OUT_10167,706.5312844212051
OUT_10168,765.944639830402
OUT_10169,53.71387074464759
OUT_10170,46.87888155008842
OUT_10171,131.18959233233372
OUT_10172,70.25083781069708
OUT_10173,131.5382599850364
OUT_10174,1293.367003908322
OUT_10175,146.6717343167751
OUT_10176,34.89903014070012
OUT_10178,696.5158992565613
OUT_10179,39.852964724708784
OUT_10180,136.58663296926042
OUT_10181,705.958583463038
OUT_10182,224.38002438175096
OUT_10183,708.0208971085785
OUT_10184,694.6150057014136
OUT_10185,546.2503141848907
OUT_10186,56.32138157084231
OUT_10187,208.8866043628429
OUT_10188,188.51855794465428
OUT_10189,40.0690287822817
OUT_10190,620.9545103397592
OUT_10191,31.83697200000868
OUT_10192,198.1633582544668
OUT_10193,739.4760734239553
OUT_10194,37.66483000214429
OUT_10195,138.46685758822937
OUT_10196,761.4152244783965
OUT_10197,60.94372434668684
OUT_10198,67.33349057218717
OUT_10199,198.20446232942373
OUT_10200,48.730958437531726
OUT_10201,46.5232669439969
OUT_10202,118.54240016753344
OUT_10203,32.13697541521993
OUT_10204,123.86529809285372
OUT_10205,43.52271470457074
OUT_10206,767.6836935165392
OUT_10207,196.3185454258017
OUT_10208,764.5821358950492
OUT_10209,184.1648557792052
OUT_10210,200.73128254608733
OUT_10211,146.15310107476827
OUT_10212,228.99061258989917
OUT_10213,1853.1261733034744
OUT_10214,119.34660787208549
OUT_10215,1898.8711442032768
OUT_10216,54.96223294320988
OUT_10217,212.848217314784
OUT_10218,779.3279688334131
OUT_10219,27.937519725793308
OUT_10220,84.92736447809298
OUT_10221,41.86974796681687
OUT_10222,208.3308397388587
OUT_10223,40.80436332027143
OUT_10224,48.55089200603935
OUT_10225,51.915187961088776
OUT_10226,163.33318406053883
OUT_10227,754.465679619928
OUT_10228,40.31680198557363
OUT_10230,35.82919009887378
OUT_10231,699.6261798054102
OUT_10232,72.79431931987226
OUT_10233,173.4896037703068
OUT_10234,144.932641311852
OUT_10235,704.1814288204347
OUT_10236,62.85923078732773
OUT_10237,116.64807784503166
OUT_10238,206.2310678717071
OUT_10239,184.7264963564144
OUT_10240,42.64933702355368
OUT_10241,39.09781630289655
OUT_10242,129.42100665451147
OUT_10243,524.6436861084505
OUT_10244,1882.4903739552608
OUT_10245,72.20879002764208
OUT_10246,154.59599377781475
OUT_10247,186.97576075864143
OUT_10248,759.1723261773524
OUT_10249,149.9414714102349
OUT_10250,731.7108075507372
OUT_10251,51.497013465556094
OUT_10252,69.49583373395093
OUT_10253,192.6259589812732
OUT_10254,693.5517590976297
OUT_10255,34.4203005108985
OUT_10256,153.36868128409526
OUT_10257,40.34189102968302
OUT_10258,39.02332173570325
OUT_10259,492.8287785633634
OUT_10260,778.0487163545513
OUT_10261,37.01057522386488
OUT_10262,767.2382574965816
OUT_10263,187.44622056188072
OUT_10264,47.08266295012275
OUT_10265,215.0529701983864
OUT_10266,138.0070207720405
OUT_10267,184.3046799346312
OUT_10268,716.175112994821
OUT_10269,67.5597037836359
OUT_10270,49.77812589724075
OUT_10271,47.24779403140245
OUT_10272,37.28827274559046
OUT_10273,47.776612427508994
OUT_10274,699.2327220077203
OUT_10275,175.25544844639444
OUT_10276,43.68494682396523
OUT_10277,30.87028282929319
OUT_10278,45.466604204147
OUT_10279,201.54954720754293
OUT_10280,42.01597794222321
OUT_10281,59.63458450789074
OUT_10282,551.2877428629047
OUT_10283,811.3758020433262
OUT_10284,208.36474741640288
OUT_10285,35.08395951548899
OUT_10286,188.33484128230387
OUT_10287,62.01682577050799
OUT_10288,124.5734963778554
OUT_10289,42.29273190550917
OUT_10290,59.22347644994935
OUT_10291,769.3787795778517
OUT_10292,167.93544246431324
OUT_10293,37.8984565239563
OUT_10294,1904.6811756912443
OUT_10295,35.178520084906616
OUT_10296,195.62513879679875
OUT_10297,188.9573452809124
OUT_10298,123.05370515657545
OUT_10299,1882.7665865676472
OUT_10300,40.81775443115463
OUT_10301,140.2592669812591
OUT_10302,724.493949809433
OUT_10303,749.6270685250346
OUT_10304,232.06697116113355
OUT_10305,63.28033643384121
OUT_10306,34.02780328103598
OUT_10307,47.11382889814136
OUT_10308,803.1472969921656
OUT_10309,47.4557838223772
OUT_10310,748.2146249514079
OUT_10311,197.9284907444268
OUT_10312,224.59963485283856
OUT_10313,84.31036427424252
OUT_10314,102.52337081636033
OUT_10315,81.93486052286192
OUT_10316,675.3677798473202
OUT_10317,197.0570338934296
OUT_10318,137.61992909973222
OUT_10319,201.03856598518223
OUT_10320,44.27691479416984
OUT_10321,53.494928057238255
OUT_10322,40.84344008177067
OUT_10323,140.71708084511715
OUT_10324,30.843385431680023
OUT_10325,192.2469709205823
OUT_10326,52.9127784790296
OUT_10327,698.7668328335706
OUT_10328,115.38811390859084
OUT_10329,55.26049673139175
OUT_10330,65.76578857006297
OUT_10331,59.9296398715302
OUT_10332,37.95303087496704
OUT_10333,35.18379609463296
OUT_10334,808.443337855766
OUT_10335,686.5169611891282
OUT_10336,212.19706844332856
OUT_10337,59.35132485890972
OUT_10338,51.956121133538446
OUT_10339,39.35177230864291
OUT_10340,217.0639637392139
OUT_10341,33.5864751940217
OUT_10342,144.7955633647173
OUT_10343,1891.035794980264
OUT_10344,33.97783797122025
OUT_10345,176.2577947914233
OUT_10346,655.1096807693118
OUT_10347,55.22547663513199
OUT_10348,59.11134523732399
OUT_10349,790.6316986800106
OUT_10350,630.8705010703865
OUT_10351,71.73051846544794
OUT_10352,700.1259701820545
OUT_10353,36.13196058677726
OUT_10354,39.27108227613051
OUT_10355,763.516064163214
OUT_10356,83.451241031743
OUT_10357,57.64115685948157
OUT_10358,152.97599774310206
OUT_10359,76.34733098871172
OUT_10360,153.3922469635511
OUT_10361,196.0755038145327
OUT_10362,226.28289506484623
OUT_10363,143.91925547736096
OUT_10364,205.4822697586523
OUT_10365,244.7600211923208
OUT_10366,193.14231853767905
OUT_10367,42.28692731998892
OUT_10368,47.45066947000407
OUT_10369,39.483837552281486
OUT_10370,193.9072871708983
OUT_10371,32.19088271033562
OUT_10372,771.949024996999
OUT_10373,45.15063078202513
OUT_10374,734.1941570387542
OUT_10375,769.9096413092677
OUT_10376,35.14539471801281
OUT_10377,60.96461723143783
OUT_10378,26.551838056155148
OUT_10379,46.78697112886591
OUT_10380,139.56159297198442
OUT_10381,673.7658512064257
OUT_10382,759.9918849425769
OUT_10383,43.21298818982009
OUT_10384,70.02496450086554
OUT_10385,125.5354915742482
OUT_10386,50.77257795681778
OUT_10387,167.5897246177318
OUT_10388,141.78353492175216
OUT_10389,35.087403118268945
OUT_10390,109.05425846488784
OUT_10391,1888.3207482233947
OUT_10392,34.304756110686874
OUT_10393,44.26384811997392
OUT_10394,127.50574599622328
OUT_10395,38.29665027154875
OUT_10396,666.4521204364947
OUT_10397,1933.7949175668416
OUT_10398,70.98664126376799
OUT_10399,738.548879706312
OUT_10400,190.6790400727728
OUT_10401,208.32851932421923
OUT_10402,171.76706077230526
OUT_10403,137.14375950156935
OUT_10404,44.88882508281081
OUT_10405,45.26506831513354
OUT_10406,84.94888302667471
OUT_10407,709.5000365291462
OUT_10408,57.810650549580416
OUT_10409,70.56788023690326
OUT_10411,54.55244469793527
OUT_10412,677.7910600515415
OUT_10413,42.87744640002735
OUT_10414,36.687367418678576
OUT_10415,151.50728918933447
OUT_10417,36.80967806115521
OUT_10418,210.9452984485628
OUT_10419,33.477213934117835
OUT_10420,48.90973653678402
OUT_10421,33.090022809343274
OUT_10423,851.9722263449285
OUT_10424,67.23870220747978
OUT_10425,44.50190425856604
OUT_10426,32.25115752134858
OUT_10427,30.24685417277635
OUT_10428,483.18328309593016
OUT_10429,176.0345861847561
OUT_10430,67.36282765617696
OUT_10431,675.1190692079588
OUT_10432,701.142973740241
OUT_10434,747.5656077342127
OUT_10435,42.82400851349468
OUT_10436,65.03680676312874
OUT_10437,34.45858360177279
OUT_10438,699.5808029310842
OUT_10439,38.82436202495409
OUT_10440,214.43524257475747
OUT_10441,169.33946850476684
OUT_10442,77.04874392860539
OUT_10443,62.404011606124826
OUT_10444,148.4436796888211
OUT_10445,206.74829291900795
OUT_10446,218.2437849620594
OUT_10447,220.60446784964847
OUT_10448,750.5943130666919
OUT_10449,200.4495113428356
OUT_10450,177.17115207357006
OUT_10451,76.05277882542052
OUT_10452,62.55003948343799
OUT_10453,42.60842033473773
OUT_10454,30.900917167461493
OUT_10455,38.3133283744535
OUT_10456,489.79610963000977
OUT_10457,809.1257870094896
OUT_10458,198.9515060858533
OUT_10459,752.9454936345652
OUT_10460,192.90461506035268
OUT_10461,79.75108658658247
OUT_10462,34.943595321710866
OUT_10463,34.50492865798278
OUT_10464,66.71724218884432
OUT_10465,69.47594096603106
OUT_10466,40.50142599759711
OUT_10467,226.4293605940157
OUT_10468,222.91875191643945
OUT_10469,134.11521234244023
OUT_10470,48.49163959066132
OUT_10471,39.54914064806727
OUT_10472,159.0400509524133
OUT_10473,228.9321890388725
OUT_10474,74.02838207433352
OUT_10475,29.366951841790023
OUT_10476,173.83993792169113
OUT_10477,38.78447745755242
OUT_10478,77.85225194852886
OUT_10480,40.74630227540119
OUT_10481,41.889288213546806
OUT_10482,658.3324859809138
OUT_10483,189.88790039738532
OUT_10484,176.16017868029803
OUT_10485,41.09439852283349
OUT_10486,55.23766683959236
OUT_10487,38.932122112811925
OUT_10488,36.759617860773496
OUT_10489,757.9387421372135
OUT_10490,221.43545421068504
OUT_10491,43.77818311796325
OUT_10492,37.69346474873296
OUT_10493,775.3225313358146
OUT_10494,710.7499733218701
OUT_10495,64.27328826949443
OUT_10497,33.428754146291425
OUT_10498,218.83113507157947
OUT_10499,85.20335861990192
OUT_10500,36.34642820963965
OUT_10501,735.2905101174288
OUT_10502,44.32817913916263
OUT_10504,1952.2409715564788
OUT_10505,846.2210398261215
OUT_10506,77.37001987322586
OUT_10507,1855.2319166391333
OUT_10508,1882.3224529784295
OUT_10509,116.81594137953483
OUT_10510,751.131258635406
OUT_10511,38.16511088946709
OUT_10512,48.20971593498381
OUT_10513,48.11877084499167
OUT_10514,177.22299166953914
OUT_10515,34.27643371081128
OUT_10516,494.5469961553436
OUT_10517,62.18977294207728
OUT_10518,56.49103143095666
OUT_10519,38.35985093864888
OUT_10520,746.8909156069399
OUT_10521,777.1139599951649
OUT_10522,771.4803409109152
OUT_10523,65.5678013392687
OUT_10525,210.1748662173217
OUT_10526,49.31153118337888
OUT_10527,56.36973179781906
OUT_10528,206.69228954986937
OUT_10529,125.15940394411568
OUT_10531,39.37941039710806
OUT_10532,45.46966919315987
OUT_10533,802.1856332033825
OUT_10534,40.62037991244638
OUT_10535,221.32145520635711
OUT_10536,39.10823111635843
OUT_10537,198.7168787353471
OUT_10538,40.8629212589511
OUT_10539,32.33442364198671
OUT_10540,35.89333284612791
OUT_10541,754.5937257434492
OUT_10542,128.0640988870131
OUT_10543,159.74768098439196
OUT_10544,137.09889461065862
OUT_10545,1857.607571832504
OUT_10546,69.0413866726446
OUT_10547,177.62369230465958
OUT_10548,32.49647109087267
OUT_10549,194.20539157339192
OUT_10550,704.7000108639824
OUT_10551,39.29816348687273
OUT_10552,29.15297277759142
OUT_10553,103.31930715999368
OUT_10554,178.80079591434807
OUT_10555,65.1465526766189
OUT_10556,34.73848961840937
OUT_10557,183.76569257154
OUT_10558,46.79477277782021
OUT_10559,34.028285557274835
OUT_10560,60.25992449391149
OUT_10561,36.77574498636574
OUT_10562,57.10851328367927
OUT_10563,46.529072873635855
OUT_10564,789.7581094024652
OUT_10565,215.07483031588157
OUT_10566,228.29382435920903
OUT_10567,176.81147971515006
OUT_10568,39.970410220366574
OUT_10569,520.4134955651002
OUT_10570,166.6112148950699
OUT_10571,133.91070393466993
OUT_10572,136.86455993825027
OUT_10573,60.169525749223205
OUT_10574,210.0206835667641
OUT_10575,36.28690611635803
OUT_10576,215.9821133343765
OUT_10577,52.056742061914285
OUT_10578,86.36337628311504
OUT_10579,137.97762460480564
OUT_10580,118.1909274362755
OUT_10581,137.54973837741295
OUT_10582,38.288572782288405
OUT_10583,800.2046779390167
OUT_10584,43.48431361325755
OUT_10585,68.34270262337738
OUT_10586,216.2985831276755
OUT_10587,145.17100306951403
OUT_10588,47.2016360398778
OUT_10589,180.06374977151052
OUT_10590,34.774524625826686
OUT_10591,58.04322443131584
OUT_10592,217.195871398986
OUT_10593,484.1297687517129
OUT_10594,211.59626501375897
OUT_10595,47.66263921527648
OUT_10596,71.80354265815194
OUT_10597,114.33857191875178
OUT_10598,493.0009766019988
OUT_10599,65.72945787317859
OUT_10600,727.3498478116686
OUT_10601,139.9984059197323
OUT_10602,31.048783657484567
OUT_10603,40.01891167864925
OUT_10604,215.20982152278157
OUT_10605,60.59957295565793
OUT_10606,41.81257431832483
OUT_10607,75.67935489613998
OUT_10608,126.31342841627726
OUT_10610,214.86919348059152
OUT_10611,144.2945655108253
OUT_10612,58.46543679545019
OUT_10613,185.27401831464604
OUT_10614,215.65953128918733
OUT_10615,53.08277025462401
OUT_10616,199.8121758009285
OUT_10617,539.3905727173566
OUT_10618,61.99683265410187
OUT_10619,34.73309385099024
OUT_10620,44.64668179524243
OUT_10621,199.85409942305836
OUT_10622,123.90418307612448
OUT_10623,42.72059142927126
OUT_10624,209.90381297752305
OUT_10625,56.40073149100505
OUT_10626,149.7393219425033
OUT_10627,46.28130280764741
OUT_10628,45.01168815197292
OUT_10629,75.86022223383446
OUT_10630,477.45908291177017
OUT_10631,32.24278541494494
OUT_10632,820.614237350362
OUT_10633,668.2198851680513
OUT_10634,31.58092820632842
OUT_10635,66.19113821824145
OUT_10636,801.4721141947015
OUT_10637,67.45072531158101
OUT_10638,37.5274311615859
OUT_10639,112.48970852196231
OUT_10640,69.75530939460432
OUT_10641,117.6205184887696
OUT_10642,1885.5575236607783
OUT_10643,31.64063800319995
OUT_10644,679.2926780393881
OUT_10645,223.1331120975788
OUT_10646,54.55395101775139
OUT_10647,25.105990998295283
OUT_10648,179.0220723800998
OUT_10649,44.23324812686657
OUT_10650,48.67402880478818
OUT_10651,59.40904075926412
OUT_10652,115.5317791067614
OUT_10653,1873.3616060879
OUT_10654,56.53386282144417
OUT_10655,30.78047733278003
OUT_10656,44.612673222125885
OUT_10657,1918.02708907163
OUT_10658,57.08892827802178
OUT_10659,116.6249284948222
OUT_10660,1341.8844110636555
OUT_10661,34.6265277432093
OUT_10662,38.77861451778777
OUT_10663,188.7433245116252
OUT_10664,192.20604242761016
OUT_10665,161.91497292540865
OUT_10666,171.3971114538273
OUT_10667,139.1413948385016
OUT_10668,45.152103488896536
OUT_10669,1887.404852591984
OUT_10670,681.6445852472142
OUT_10671,173.08395461900886
OUT_10672,213.56338638222107
OUT_10673,40.28915274290028
OUT_10674,171.04264969422388
OUT_10675,49.51082897724888
OUT_10676,195.4757009216378
OUT_10677,80.84189698393837
OUT_10678,66.72196983159633
OUT_10679,191.2858974137316
OUT_10680,40.23149512954964
OUT_10681,56.05315069795409
OUT_10682,68.5536001937535
OUT_10683,690.2923558835599
OUT_10684,48.111599842731685
OUT_10685,135.04182449027323
OUT_10686,136.4124566276984
OUT_10687,49.77666006309027
OUT_10688,143.43672593458174
OUT_10689,170.7399046034222
OUT_10690,58.32712763648578
OUT_10691,209.93336151802956
OUT_10692,192.3077440642085
OUT_10693,42.73054272072714
OUT_10694,122.32118924308742
OUT_10695,68.36562273505679
OUT_10696,713.9321067834287
OUT_10697,29.50312857626089
OUT_10698,48.69957556691795
OUT_10699,1865.1796749190985
OUT_10700,36.655592685611104
OUT_10701,43.70484648030532
OUT_10702,46.09111822050399
OUT_10703,33.47393438389284
OUT_10704,69.76460038153641
OUT_10705,1874.131586923668
OUT_10706,39.26557246840257
OUT_10707,51.54454377842539
OUT_10708,1858.8795817983696
OUT_10709,170.48212575988012
OUT_10710,1872.4507214197097
OUT_10711,783.4041002619794
OUT_10712,68.71556731768823
OUT_10713,59.09360755580148
OUT_10714,165.3452721341668
OUT_10715,204.357883880567
OUT_10716,212.8441230102789
OUT_10717,733.4698000403924
OUT_10718,39.31469196647046
OUT_10719,1886.2027512398631
OUT_10720,139.37974825046655
OUT_10721,157.49127868612405
OUT_10722,201.7150347190396
OUT_10723,123.6780359752519
OUT_10724,41.020328386752205
OUT_10725,43.04597327934302
OUT_10726,33.84054329126276
OUT_10727,167.86534835400883
OUT_10728,1880.092267662704
OUT_10729,42.30381996349645
OUT_10730,1878.174299081383
OUT_10731,72.83095403581547
OUT_10732,54.6502732025028
OUT_10733,38.59946151604565
OUT_10734,227.93427395536543
OUT_10735,134.46113843895446
OUT_10736,64.69447395953384
OUT_10737,197.3675764067339
OUT_10738,68.5030932680006
OUT_10739,43.51136457169154
OUT_10740,34.61138773740622
OUT_10741,33.24996645328312
OUT_10742,55.64000417409011
OUT_10743,57.57583748619099
OUT_10744,38.82856312196685
OUT_10745,52.30851172347181
OUT_10746,40.173296521433606
OUT_10747,792.0553648650606
OUT_10748,78.58719712717904
OUT_10749,45.586077191180834
OUT_10750,51.11108852833958
OUT_10751,45.244448496067726
OUT_10752,186.0548353541004
OUT_10754,62.68419534506387
OUT_10755,81.39841928012355
OUT_10756,60.68197576919913
OUT_10757,44.45150595560388
OUT_10758,1899.460222726024
OUT_10759,42.1460258966231
OUT_10760,737.3287083943155
OUT_10761,208.5099162787394
OUT_10762,138.52528759785045
OUT_10763,157.05845198206728
OUT_10764,149.926224109185
OUT_10765,48.00877226342713
OUT_10766,30.73676981072295
OUT_10767,34.08391754445123
OUT_10768,154.24401769446555
OUT_10769,29.325852563584636
OUT_10770,796.4172790075561
OUT_10771,47.12563403337677
OUT_10772,54.96660633039846
OUT_10773,189.20707782475324
OUT_10774,54.02737566189863
OUT_10775,132.641113310981
OUT_10776,725.5290434366145
OUT_10777,34.52815917406955
OUT_10778,58.11143365202926
OUT_10779,727.4748732728355
OUT_10780,149.94699425417312
OUT_10781,1887.011965108516
OUT_10782,183.3600916326204
OUT_10783,253.63237739787488
OUT_10784,38.79838622243868
OUT_10785,38.91477509519649
OUT_10786,34.43258248184829
OUT_10787,53.85324747781026
OUT_10788,697.5415710484202
OUT_10789,35.36213889550767
OUT_10790,221.51425270465023
OUT_10791,77.81041819923706
OUT_10792,119.3802854652486
OUT_10793,697.6997408993642
OUT_10794,1879.8875148966877
OUT_10795,40.08415086252238
OUT_10796,190.12392847057964
OUT_10797,45.75693350206458
OUT_10798,1867.1904555568128
OUT_10799,77.32300026885484
OUT_10800,56.97300638540633
OUT_10801,796.1887849345148
OUT_10802,44.1522230686049
OUT_10803,741.78378575622
OUT_10804,1870.3293001735965
OUT_10805,705.6736682166248
OUT_10806,57.05783949617695
OUT_10807,68.22100328476206
OUT_10808,47.887062867632615
OUT_10809,35.89335270207331
OUT_10810,217.7511710832628
OUT_10811,31.512221227085504
OUT_10812,55.01192862200182
OUT_10813,39.80676459623517
OUT_10814,57.2809017826889
OUT_10815,223.7243794562181
OUT_10816,192.2504210075663
OUT_10817,167.9456318704342
OUT_10818,1846.3366147074596
OUT_10819,162.76927485543354
OUT_10820,42.4829081220357
OUT_10821,214.72974081230288
OUT_10822,39.204151932476925
OUT_10823,56.52117481347277
OUT_10824,27.859024949748108
OUT_10825,136.81202748117244
OUT_10826,783.6358677923339
OUT_10827,533.6749942765181
OUT_10828,1866.6250743857745
OUT_10829,48.97667490624442
OUT_10830,51.2462137606304
OUT_10831,44.63122073048408
OUT_10832,65.05513816055254
OUT_10833,183.32975757801412
OUT_10834,1882.7354041197264
OUT_10835,39.26796135927196
OUT_10836,46.704062581093616
OUT_10837,38.81628852719116
OUT_10838,121.4817963078188
OUT_10839,165.14216794900076
OUT_10840,57.88185396109375
OUT_10841,537.8731342526943
OUT_10842,140.86962168284967
OUT_10843,38.37831849445528
OUT_10844,207.2770681559782
OUT_10845,713.7489900719233
OUT_10846,54.406314441436606
OUT_10847,41.624822903485146
OUT_10848,31.53902765530816
OUT_10849,1858.6969228918565
OUT_10850,67.42680790295387
OUT_10851,25.902175660047096
OUT_10852,171.5350196352809
OUT_10853,37.86171149413576
OUT_10854,775.7083135718747
OUT_10855,39.84447801981215
OUT_10856,61.21314594792194
OUT_10857,134.26094185628324
OUT_10858,37.39497006268568
OUT_10859,651.4888048239771
OUT_10860,54.4415775193886
OUT_10861,210.75322235148963
OUT_10862,36.56951005965984
OUT_10863,70.41885530013452
OUT_10864,101.73898764168096
OUT_10865,195.3976710240951
OUT_10866,36.55102171136928
OUT_10867,208.6037058991696
OUT_10868,67.4607225299743
OUT_10869,27.70298349522925
OUT_10871,189.79504421985064
OUT_10872,759.7123780124575
OUT_10873,68.10836969465043
OUT_10874,29.44493540397896
OUT_10875,494.1969516432386
OUT_10876,735.1843926446649
OUT_10877,123.24003230479263
OUT_10878,82.43068212162993
OUT_10879,134.42921574078272
OUT_10880,221.411094254637
OUT_10881,39.53019280267937
OUT_10882,726.5869900621215
OUT_10883,830.5838717504113
OUT_10884,75.77554343127075
OUT_10885,44.672356327208526
OUT_10886,43.404011844513256
OUT_10887,735.5009675068815
OUT_10888,35.73191161573291
OUT_10889,44.43931660679812
OUT_10890,144.93427495731723
OUT_10891,754.3235284478982
OUT_10892,33.82994864377242
OUT_10893,40.73343976427648
OUT_10894,753.9503137979235
OUT_10895,55.54382764672919
OUT_10896,48.53108611856254
OUT_10897,40.54990192332683
OUT_10898,42.56946467497491
OUT_10899,51.97463302720229
OUT_10900,46.26132093949807
OUT_10901,50.50714129592987
OUT_10902,690.7307243342983
OUT_10903,753.5608784535685
OUT_10904,63.78112009009571
OUT_10905,74.3496037703369
OUT_10906,38.4326109933512
OUT_10907,42.63112618026015
OUT_10908,41.33256740022012
OUT_10909,44.06812327391852
OUT_10910,627.7616106219052
OUT_10911,54.470727545708094
OUT_10912,49.39751085489057
OUT_10913,202.2451059683012
OUT_10914,755.3717598603228
OUT_10915,32.60973724345965
OUT_10916,179.56225410448073
OUT_10917,201.1277783363206
OUT_10918,51.28034054171528
OUT_10919,60.076578215097456
OUT_10920,49.72198380959392
OUT_10921,766.9035744307802
OUT_10922,221.65533067925637
OUT_10923,784.6433646596594
OUT_10924,753.6048712570165
OUT_10925,1297.8964079875436
OUT_10926,58.34959162883885
OUT_10927,54.33743463380459
OUT_10928,31.38803302602682
OUT_10929,715.8459102625308
OUT_10930,700.005524513048
OUT_10931,66.75439169927648
OUT_10932,735.180929685263
OUT_10933,135.42801537075306
OUT_10934,48.64379770981289
OUT_10935,547.1621731872863
OUT_10936,67.00691722768613
OUT_10937,40.176079416901295
OUT_10938,791.7182714900814
OUT_10939,125.13568923090084
OUT_10940,731.6829466009544
OUT_10941,762.4387710297669
OUT_10942,36.76185523311684
OUT_10943,636.7532125239253
OUT_10944,61.02968569110472
OUT_10945,35.35814319351693
OUT_10946,27.33941277188997
OUT_10947,67.93171580110065
OUT_10948,39.24518170258311
OUT_10949,34.90598716744274
OUT_10950,34.82056710519933
OUT_10951,77.4873043600421
OUT_10952,713.4251037867176
OUT_10953,120.26726731315368
OUT_10954,1861.528543806818
OUT_10955,35.87378780819116
OUT_10956,59.53663930915759
OUT_10957,513.538862182683
OUT_10958,42.87700838952047
OUT_10959,754.2806722896113
OUT_10960,154.58982350913465
OUT_10961,38.47537912044567
OUT_10962,1869.5205151522184
OUT_10963,1828.441605185759
OUT_10964,1872.13811979502
OUT_10965,41.853197982560175
OUT_10966,1865.2826420701224
OUT_10967,710.6600404107688
OUT_10968,784.2368755477851
OUT_10969,49.13697517369092
OUT_10970,188.68008143497903
OUT_10971,59.9903574143475
OUT_10972,65.03225480685118
OUT_10973,29.95543985884189
OUT_10974,124.75709573981956
OUT_10975,213.0109273082207
OUT_10976,43.061219571358
OUT_10977,55.059363752863455
OUT_10978,54.6727586401172
OUT_10979,40.40639296692239
OUT_10980,688.7221866334329
OUT_10981,45.03106690496031
OUT_10982,178.31146314413562
OUT_10983,193.8290503096566
OUT_10984,32.17590237985713
OUT_10985,170.22200509423706
OUT_10986,39.847133366285085
OUT_10987,114.40704230167044
OUT_10988,201.3938856801693
OUT_10989,480.1217357489333
OUT_10990,654.6856387000905
OUT_10991,74.99543524958835
OUT_10992,73.3604524975
OUT_10993,713.4326488099733
OUT_10994,53.380934818075936
OUT_10995,77.2575286788839
OUT_10996,1734.9188724533742
OUT_10997,1313.02065878544
OUT_10998,45.98608784339105
OUT_10999,717.4295087958461
OUT_11000,40.22311592770521
OUT_11001,197.57453947643825
OUT_11002,25.11130150045776
OUT_11003,1913.808488718852
OUT_11004,56.71138778904559
OUT_11005,148.02516164058022
OUT_11006,199.60072694544488
OUT_11007,31.23884910559071
OUT_11009,226.77614910431788
OUT_11010,191.1155675572424
OUT_11011,65.22543682173307
OUT_11012,47.36930055796768
OUT_11013,189.95883832542785
OUT_11014,34.84199278497811
OUT_11015,793.7950524374046
OUT_11016,38.149417736240665
OUT_11017,789.0795697782339
OUT_11018,34.7136793434568
OUT_11019,28.779646088702368
OUT_11020,45.22222437270992
OUT_11021,842.1708443065437
OUT_11022,42.93112418060687
OUT_11023,68.56836503996915
OUT_11024,59.57954848404477
OUT_11025,217.19045323161347
OUT_11026,38.78184181191352
OUT_11027,215.0610057966145
OUT_11028,116.73267175738064
OUT_11029,1833.1011960043056
OUT_11030,60.0952799889106
OUT_11031,47.09443320278254
OUT_11032,40.68865942401367
OUT_11033,191.61989961748583
OUT_11034,189.6187802707795
OUT_11035,63.336474473140335
OUT_11036,122.50058864847142
OUT_11037,54.61149659084258
OUT_11038,131.35485732590894
OUT_11039,657.9682724975622
OUT_11040,59.36843437690304
OUT_11041,42.160283627508
OUT_11042,183.29700044342573
OUT_11043,754.4690595357022
OUT_11044,80.3205260595346
OUT_11045,177.09005154691798
OUT_11046,179.99052846948845
OUT_11047,49.18419634372884
OUT_11048,186.8558226427222
OUT_11049,191.15831839856847
OUT_11050,165.6243990413685
OUT_11051,182.4520464851649
OUT_11052,766.7840401925213
OUT_11053,37.51179059251778
OUT_11054,138.35558217123938
OUT_11055,208.42437866247676
OUT_11056,1879.3149289629444
OUT_11057,141.05287515772542
OUT_11058,62.382537041738296
OUT_11059,40.92420244880436
OUT_11060,142.2177394460621
OUT_11061,31.649112908858164
OUT_11062,37.24200801087975
OUT_11063,759.818677949484
OUT_11064,206.4424408038905
OUT_11065,38.28976698994357
OUT_11066,55.239263504927
OUT_11067,41.61712687969564
OUT_11068,752.8959109012137
OUT_11069,700.2935318633931
OUT_11070,123.94122492823774
OUT_11071,46.09295242718356
OUT_11072,40.002529618277656
OUT_11073,67.03973520095803
OUT_11074,54.11431948884649
OUT_11075,62.7626402554917
OUT_11076,235.1030732631052
OUT_11077,798.5920479075983
OUT_11078,54.0125573162492
OUT_11079,72.600922209066
OUT_11080,54.07422557532565
OUT_11081,211.2614052703424
OUT_11082,84.37151119153899
OUT_11083,202.0724983035118
OUT_11084,217.59825282343672
OUT_11085,70.58049371843306
OUT_11086,55.25792760201931
OUT_11087,40.56879283416649
OUT_11088,44.00720668859647
OUT_11089,193.99060392841147
OUT_11090,613.4327792606528
OUT_11091,64.24027518289783
OUT_11092,203.43999824993043
OUT_11093,53.734300615643086
OUT_11094,1895.9608257639677
OUT_11095,61.122900316057006
OUT_11096,42.5239296271626
OUT_11097,184.08291447514907
OUT_11098,781.8772179697386
OUT_11099,33.53199216955394
OUT_11100,68.28429360448007
OUT_11101,798.5651396285831
OUT_11102,41.68102723885669
OUT_11103,63.15361664326669
OUT_11104,45.019454778256026
OUT_11105,685.9177298937302
OUT_11106,734.0227801676706
OUT_11107,180.614892649206
OUT_11108,1946.913064656229
OUT_11109,127.47855946225002
OUT_11110,114.5164505430569
OUT_11111,44.97264905979236
OUT_11112,719.640947129959
OUT_11113,192.34455679194264
OUT_11114,198.13755445902672
OUT_11115,32.30200276766476
OUT_11116,91.82909070242152
OUT_11117,206.5427167568667
OUT_11118,41.68367518476908
OUT_11119,223.9023357651168
OUT_11120,536.119663554373
OUT_11121,33.54473185663176
OUT_11122,61.491999902048384
OUT_11123,681.879477108388
OUT_11124,736.7045584972042
OUT_11125,122.67894192322996
OUT_11126,67.4749730765646
OUT_11127,35.62004217305252
OUT_11128,1878.5452196196445
OUT_11129,69.12586132932627
OUT_11130,48.35539322341002
OUT_11131,702.6450889556304
OUT_11132,186.0569888557357
OUT_11133,147.41141563436466
OUT_11134,51.90934419670175
OUT_11135,65.219492338833
OUT_11136,56.77050273261341
OUT_11137,58.13051313523157
OUT_11138,138.07823988690126
OUT_11139,195.03547657026175
OUT_11140,728.0662624523968
OUT_11141,125.55941933259916
OUT_11143,1843.7428666147143
OUT_11144,52.945420183845954
OUT_11146,59.71446941473754
OUT_11147,41.80013324764992
OUT_11148,67.80080103704388
OUT_11149,46.84007396127464
OUT_11150,728.6339932965785
OUT_11151,206.9314895257805
OUT_11152,695.1952720249162
OUT_11153,198.72678321351935
OUT_11154,40.978794408726536
OUT_11155,59.87227894688903
OUT_11156,46.528619794967625
OUT_11158,141.23937765001875
OUT_11159,45.96815902191078
OUT_11160,197.2781329146007
OUT_11161,39.92090474265604
OUT_11162,79.46101467137194
OUT_11163,185.58187324535507
OUT_11164,40.152367654372725
OUT_11165,1871.557858695576
OUT_11166,80.2049081685005
OUT_11167,210.80527070719387
OUT_11168,1840.440002020507
OUT_11169,39.406178461917705
OUT_11170,34.59879319817347
OUT_11171,65.80410736124048
OUT_11172,195.83177319773557
OUT_11173,86.20733890760381
OUT_11174,32.019090440162564
OUT_11175,133.53571375800348
OUT_11176,148.52060360329546
OUT_11177,546.3710038232443
OUT_11178,38.39458065050725
OUT_11179,143.9729943834629
OUT_11180,41.4886606374884
OUT_11181,59.93443439374013
OUT_11182,803.1438020564108
OUT_11183,217.89203440276472
OUT_11184,53.15745572168612
OUT_11185,51.31665407946367
OUT_11186,148.69104957749258
OUT_11187,769.5942862338057
OUT_11188,54.28305518722168
OUT_11189,194.57758014867892
OUT_11190,66.58694928774567
OUT_11191,45.41661138662091
OUT_11192,223.9872912679025
OUT_11193,50.401863716858905
OUT_11194,38.10516227710784
OUT_11195,203.89973352873272
OUT_11196,37.878801259304815
OUT_11197,152.63868461097303
OUT_11198,183.8985629287392
OUT_11199,688.9094432536684
OUT_11200,41.08616621652602
OUT_11201,190.61686972185257
OUT_11202,42.50698347461205
OUT_11203,51.47421032781374
OUT_11204,1873.7349059800515
OUT_11205,39.887679248897015
OUT_11206,41.10944697437159
OUT_11207,37.59568944238046
OUT_11208,733.240863801179
OUT_11209,35.59295194709386
OUT_11210,67.17386257427003
OUT_11211,72.49284565796786
OUT_11212,226.2261556504179
OUT_11213,191.0127981207401
OUT_11214,1920.176160996398
OUT_11215,37.20511471127088
OUT_11216,65.63899870971747
OUT_11217,1874.9762413418616
OUT_11218,135.07116735696525
OUT_11219,749.5850623544212
OUT_11220,44.08496948601049
OUT_11221,44.67375087271903
OUT_11222,1868.910892356605
OUT_11223,41.39463081699549
OUT_11224,37.75158543681174
OUT_11225,1869.5728324936188
OUT_11226,73.48592336915856
OUT_11227,36.95235072249033
OUT_11228,66.47953013149404
OUT_11229,118.4850668912564
OUT_11230,37.853836826440194
OUT_11231,173.29932517565484
OUT_11232,1865.959158621848
OUT_11233,736.6203981513739
OUT_11234,51.1889133548041
OUT_11235,26.78875217954066
OUT_11236,140.12323147209864
OUT_11237,34.89986659062547
OUT_11238,40.161333295786086
OUT_11239,742.4668147012311
OUT_11240,223.49426994042287
OUT_11241,33.077031316693194
OUT_11242,40.43541468266239
OUT_11243,56.0437821630712
OUT_11244,70.10505133373043
OUT_11245,111.73224412220377
OUT_11246,42.63276630512943
OUT_11247,63.2113035623728
OUT_11248,37.69523441767779
OUT_11249,168.54862510526587
OUT_11250,233.4842230493492
OUT_11251,1888.790709594311
OUT_11252,62.00150076858777
OUT_11253,758.2609933375666
OUT_11254,222.235347804456
OUT_11255,152.38639224159314
OUT_11256,121.02768889509962
OUT_11257,37.37082433227128
OUT_11258,52.672490814565045
OUT_11259,82.91337008673979
OUT_11260,517.7527282882434
OUT_11261,1836.199148629398
OUT_11262,62.64008999165665
OUT_11264,69.91766426241563
OUT_11265,713.6286176710217
OUT_11266,34.57465743475761
OUT_11267,49.62032361242908
OUT_11268,179.94928630351868
OUT_11269,1880.9999970039305
OUT_11270,46.8868720713016
OUT_11271,45.90943697811807
OUT_11272,48.62264942840604
OUT_11273,134.59262665000017
OUT_11274,34.78373558526689
OUT_11275,29.95544928531967
OUT_11276,103.31927500988522
OUT_11277,63.34542850972152
OUT_11278,39.52541405567796
OUT_11279,65.16801437656288
OUT_11280,780.0015988026557
OUT_11281,57.734320083393264
OUT_11282,81.9740576842221
OUT_11283,66.46509839279355
OUT_11284,51.73621940046097
OUT_11285,72.12709083202908
OUT_11286,209.6701394961018
OUT_11287,32.59658246813074
OUT_11288,744.811661290313
OUT_11289,34.04066824689677
OUT_11290,132.75747207528028
OUT_11291,759.4930343090438
OUT_11292,48.68553156899625
OUT_11293,212.21855044380308
OUT_11294,57.590114084158415
OUT_11295,76.8618868793575
OUT_11296,794.40249624528
OUT_11297,122.60958198141508
OUT_11298,210.0300533918937
OUT_11299,61.433028844069575
OUT_11300,41.337066317291786
OUT_11301,49.05852200134838
OUT_11302,61.51478205508472
OUT_11303,798.3888120642672
OUT_11304,55.43737117449147
OUT_11305,1902.0643990646136
OUT_11306,127.45359574817378
OUT_11308,140.8589421631838
OUT_11309,762.4570032794704
OUT_11310,205.21398720713265
OUT_11311,77.39764371903613
OUT_11313,58.57630558163526
OUT_11314,691.0227929936087
OUT_11315,206.6663741384676
OUT_11316,1894.9292971916568
OUT_11317,800.6373804564082
OUT_11318,787.5787681125025
OUT_11319,59.97851122607843
OUT_11320,27.304090650118223
OUT_11321,125.95316174262328
OUT_11322,760.3165391562394
OUT_11323,143.53095314535668
OUT_11324,46.05290528221506
OUT_11325,49.39627621682488
OUT_11326,185.97789491371424
OUT_11327,61.49891607177791
OUT_11328,504.39185536500673
OUT_11329,35.45519305774795
OUT_11330,497.8080659207208
OUT_11331,170.66764003863662
OUT_11332,73.40321888691628
OUT_11333,196.19172692183528
OUT_11334,56.99784928604801
OUT_11335,34.91298667401
OUT_11336,225.5121558761748
OUT_11337,122.4772609473394
OUT_11338,205.09399400816184
OUT_11339,54.9281527219502
OUT_11340,188.5532853984405
OUT_11341,41.78977473394556
OUT_11342,206.3950289626682
OUT_11343,45.907287830487874
OUT_11344,32.90786972394893
OUT_11345,31.414401073606243
OUT_11346,140.26956642621275
OUT_11347,195.5755614668493
OUT_11348,31.811238646022044
OUT_11349,43.48682664196317
OUT_11350,209.38261380047345
OUT_11351,27.15261692668765
OUT_11352,178.87041398871258
OUT_11353,63.52550867879359
OUT_11354,718.8485444254733
OUT_11355,28.682132248178323
OUT_11356,73.90783201496198
OUT_11357,115.70253917265792
OUT_11358,82.2132230345364
OUT_11359,1870.109913448604
OUT_11360,150.98151675385654
OUT_11361,136.13538413250572
OUT_11362,186.10760692403892
OUT_11363,53.11587010262394
OUT_11364,32.284419074017684
OUT_11365,235.3496242197872
OUT_11366,51.40240415485635
OUT_11367,70.91910615966755
OUT_11369,47.68426602695268
OUT_11370,66.59341730544382
OUT_11371,207.1047007272547
OUT_11372,752.1019517777924
OUT_11373,161.46484137117054
OUT_11374,40.81356825361829
OUT_11375,173.60259009602152
OUT_11376,160.97408140219514
OUT_11377,36.608047338359846
OUT_11378,206.8751428461489
OUT_11379,39.23760684060669
OUT_11380,48.69520485470797
OUT_11381,118.81122991605822
OUT_11382,48.722204727168965
OUT_11383,134.6487883210571
OUT_11384,162.806918061611
OUT_11385,174.19074662695425
OUT_11386,135.26393190321488
OUT_11387,43.88239810142171
OUT_11388,170.2520119329432
OUT_11389,47.19230253547293
OUT_11390,29.71250529258481
OUT_11391,60.448487450125256
OUT_11392,718.1720736614814
OUT_11393,37.046802077069664
OUT_11394,763.803488260623
OUT_11395,206.50190363018905
OUT_11396,184.4712437240188
OUT_11397,799.4393348843148
OUT_11398,191.22821686919931
OUT_11399,47.75905091123355
OUT_11400,39.16572555742484
OUT_11401,191.63492314303085
OUT_11402,43.76421582239878
OUT_11403,1283.398726169252
OUT_11404,60.772085829742174
OUT_11405,42.21394679874825
OUT_11406,532.9125537367267
OUT_11407,56.56158035357054
OUT_11408,38.65159196129499
OUT_11409,162.14639494394714
OUT_11410,192.8417710580748
OUT_11411,53.86065775528575
OUT_11412,31.254197692163117
OUT_11413,754.5466752125034
OUT_11414,50.062645886521175
OUT_11415,37.424933197668366
OUT_11416,762.5064184727617
OUT_11417,36.84829628933785
OUT_11418,48.51733180853101
OUT_11419,59.48956061088697
OUT_11420,124.45499782874649
OUT_11421,673.6905482265996
OUT_11422,185.59481997057904
OUT_11423,188.24808101005155
OUT_11424,132.09957122380774
OUT_11425,68.4959491252481
OUT_11426,1892.0079135939495
OUT_11427,229.2802099558432
OUT_11428,172.6837972599932
OUT_11429,32.31313555487342
OUT_11430,41.12784196122954
OUT_11431,164.1245775469649
OUT_11432,213.93324763224047
OUT_11433,73.77064635783852
OUT_11434,520.1418145308196
OUT_11435,37.28353887875231
OUT_11436,67.98206149434235
OUT_11437,797.1720466792376
OUT_11438,647.9038896341522
OUT_11439,207.70571680436456
OUT_11440,50.89030928506746
OUT_11441,41.79781060916697
OUT_11442,31.123335105585284
OUT_11443,36.952689313646495
OUT_11444,32.27717816281101
OUT_11445,64.0304858813195
OUT_11446,211.9912169360885
OUT_11447,778.7477851214157
OUT_11448,39.65309352133232
OUT_11449,167.32752962790266
OUT_11450,32.17623381537757
OUT_11451,69.26241850702158
OUT_11452,76.17083230035756
OUT_11453,157.99728004972513
OUT_11454,115.0176323163936
OUT_11455,215.22886229692512
OUT_11456,66.29065645668217
OUT_11457,177.34704075934238
OUT_11458,1868.4878115596453
OUT_11459,43.217805524934185
OUT_11460,1895.9026323502048
OUT_11461,62.602102031580365
OUT_11462,66.96854775455996
OUT_11464,207.5788991315109
OUT_11465,1878.7407015044969
OUT_11466,44.39757766406833
OUT_11467,67.90097096771942
OUT_11468,188.60891760580213
OUT_11469,67.89706251476115
OUT_11470,35.781556714003685
OUT_11471,191.1887926619595
OUT_11472,66.61138279995282
OUT_11473,187.97107109761205
OUT_11474,35.67833442720036
OUT_11475,522.8463657896112
OUT_11476,31.656797022052697
OUT_11477,38.75752748214317
OUT_11478,51.18904126987916
OUT_11479,143.58840759017394
OUT_11480,55.62314518940787
OUT_11481,35.5797710442646
OUT_11482,155.73114602596306
OUT_11483,136.14744862044748
OUT_11484,198.57651199707067
OUT_11485,40.996206193167616
OUT_11486,199.11867972325447
OUT_11487,166.93602237130617
OUT_11488,161.77598632257985
OUT_11489,135.96552267395708
OUT_11490,108.80084527550484
OUT_11491,193.87357476557403
OUT_11492,173.3554348610655
OUT_11493,190.23558877743625
OUT_11494,40.5458322804074
OUT_11495,136.34385914931892
OUT_11496,40.26351338431984
OUT_11497,2022.5412260969572
OUT_11498,37.44618809952529
OUT_11499,65.51423830868762
OUT_11500,626.1887317834763
OUT_11501,35.56821989436537
OUT_11502,592.4540944005042
OUT_11503,116.48135827315234
OUT_11504,812.3704293908486
OUT_11505,71.15246617621831
OUT_11506,214.9484685297985
OUT_11507,33.63062597556598
OUT_11508,180.6799459697684
OUT_11509,32.11034837583542
OUT_11510,121.18974708197906
OUT_11511,155.36329315935544
OUT_11512,702.3624341293504
OUT_11513,121.2013538710836
OUT_11514,32.3965083804288
OUT_11515,776.2460312253853
OUT_11516,68.12751521770093
OUT_11517,184.85594297936973
OUT_11518,67.47902343803801
OUT_11519,28.194772302271616
OUT_11520,140.24250324124694
OUT_11521,43.426838549440944
OUT_11522,143.7771042095115
OUT_11523,1850.7935549147287
OUT_11524,49.26963252079978
OUT_11525,75.29270622199218
OUT_11526,64.53720082702173
OUT_11527,73.64997743984911
OUT_11528,41.855771076325375
OUT_11529,61.70607848126333
OUT_11530,57.28012559800605
OUT_11531,124.90746400615224
OUT_11532,514.7561264989066
OUT_11533,56.75335078207166
OUT_11534,523.1510299103469
OUT_11535,176.98591101730187
OUT_11536,198.2267615790616
OUT_11537,41.45958156302025
OUT_11538,65.52836757541654
OUT_11539,195.7750312711133
OUT_11540,784.3743027873347
OUT_11541,194.77788402586003
OUT_11542,51.59675680326173
OUT_11543,57.70393660489182
OUT_11544,34.26809959278063
OUT_11545,718.2679615257604
OUT_11546,51.4005261693237
OUT_11547,625.3235903642517
OUT_11548,48.32291254531715
OUT_11549,187.63609915241832
OUT_11550,41.92108829036693
OUT_11551,44.54059900551656
OUT_11552,54.19969922539155
OUT_11554,54.65247979566151
OUT_11555,53.465630812756665
OUT_11556,48.452881405521325
OUT_11557,174.9274259766372
OUT_11558,50.71583369111927
OUT_11559,767.0033939546868
OUT_11560,124.89696882415448
OUT_11561,41.94197682345595
OUT_11562,56.78255246775035
OUT_11563,862.2713211318154
OUT_11564,41.221073971688085
OUT_11565,143.93772280686488
OUT_11566,41.64447422503014
OUT_11567,540.2411060434017
OUT_11568,57.18642533531999
OUT_11569,730.8351881441613
OUT_11570,36.39426512499829
OUT_11571,193.6919366899606
OUT_11572,53.7322930396611
OUT_11573,111.530220620883
OUT_11574,191.4092326569716
OUT_11575,47.104913840799846
OUT_11576,222.45181962382188
OUT_11577,48.17573072040707
OUT_11578,154.98527570082274
OUT_11579,39.34858579030032
OUT_11580,48.92868626635821
OUT_11581,54.02502143939712
OUT_11582,80.28096400141172
OUT_11583,116.44041225984176
OUT_11584,529.1136127247568
OUT_11585,201.6874336553525
OUT_11586,70.78763533787864
OUT_11588,1306.9269144386583
OUT_11589,188.0810698269601
OUT_11590,1853.0847841434213
OUT_11591,44.61271511262447
OUT_11592,34.49759505606479
OUT_11593,39.17671339749276
OUT_11594,40.77613705342087
OUT_11595,29.42593239039535
OUT_11596,29.736668033936382
OUT_11597,26.14036974069771
OUT_11598,188.2035112705445
OUT_11599,727.361498083454
OUT_11600,40.30219339904034
OUT_11601,1847.3477249303824
OUT_11602,46.31855825454918
OUT_11603,65.61295965439204
OUT_11604,41.2600773129432
OUT_11605,1885.1537996448435
OUT_11606,164.01756789484014
OUT_11607,233.4016036432695
OUT_11608,37.2458133327346
OUT_11609,43.384876356507256
OUT_11610,57.98541615198643
OUT_11611,731.9066755087856
OUT_11612,60.31761906882616
OUT_11613,733.0597565578615
OUT_11614,47.89049225783728
OUT_11615,149.60438997082866
OUT_11616,225.57340586939213
OUT_11617,126.51480254551326
OUT_11618,209.4390914248389
OUT_11619,1889.957643774481
OUT_11620,49.83555228223079
OUT_11621,66.92451134546988
OUT_11622,750.9774986790949
OUT_11623,70.24462871068863
OUT_11624,51.742242231145305
OUT_11625,45.36726049878095
OUT_11626,41.721303326539
OUT_11627,48.81328626829008
OUT_11628,193.13128716895045
OUT_11629,44.92611992319196
OUT_11630,712.1047938374812
OUT_11631,212.25599810713868
OUT_11632,132.824682088002
OUT_11633,701.7849988558778
OUT_11634,35.31536559371399
OUT_11635,33.96425171744149
OUT_11636,1871.5944311465896
OUT_11637,719.1060561872775
OUT_11638,75.381873979061
OUT_11639,47.03458767315357
OUT_11640,220.96961595959164
OUT_11641,28.360683378741957
OUT_11642,787.419398462548
OUT_11643,1774.1705181386783
OUT_11644,1897.579994927704
OUT_11645,50.33936210470085
OUT_11646,729.9318180752676
OUT_11647,58.700308925008265
OUT_11648,203.7102264715849
OUT_11649,70.08713369068343
OUT_11650,40.25551927073755
OUT_11651,30.75191387413037
OUT_11652,743.876673101747
OUT_11653,40.37254067755291
OUT_11654,68.97558712954361
OUT_11655,41.94389463473853
OUT_11656,41.044495416982606
OUT_11657,36.96986313937335
OUT_11658,74.32824844473384
OUT_11659,44.351577017605614
OUT_11660,57.4187464070838
OUT_11661,42.47517912621115
OUT_11662,680.3084588923939
OUT_11663,38.41195771702768
OUT_11664,68.39125279589331
OUT_11665,1888.3934896509536
OUT_11666,722.0259184603087
OUT_11667,175.08339073911586
OUT_11668,158.0051068219497
OUT_11669,43.57489233488332
OUT_11670,33.550068546860004
OUT_11671,39.37386186069708
OUT_11672,807.6159468026971
OUT_11673,135.0452459943422
OUT_11674,779.4779607587496
OUT_11675,37.66228866664538
OUT_11676,159.5360955212333
OUT_11677,39.074490644776624
OUT_11678,29.7924069557538
OUT_11679,35.88897149912674
OUT_11680,734.96133476387
OUT_11681,140.26775451259527
OUT_11682,31.033762727942197
OUT_11683,762.2984553020864
OUT_11684,39.15683706350684
OUT_11685,33.65160825379948
OUT_11686,735.7039598651648
OUT_11687,51.93304011362916
OUT_11688,765.915314541937
OUT_11689,153.00010505486597
OUT_11690,78.38944574642431
OUT_11691,45.40941055731722
OUT_11692,773.8786362548997
OUT_11693,165.19073944447555
OUT_11694,46.078040329444846
OUT_11695,35.38988526931514
OUT_11696,718.3208720030432
OUT_11697,1882.9543790070816
OUT_11698,54.14705008761387
OUT_11699,210.30827949352783
OUT_11700,70.18126479024997
OUT_11701,42.097209791135874
OUT_11702,138.3030850437785
OUT_11703,52.21919349516132
OUT_11704,731.4831705144859
OUT_11705,69.84227066912146
OUT_11706,60.12656565375607
OUT_11707,128.90036480606653
OUT_11708,37.70244606023712
OUT_11709,54.95455565095988
OUT_11710,48.44382622023639
OUT_11711,172.38242338312662
OUT_11712,72.26214558784376
OUT_11713,202.0526436212968
OUT_11714,40.13628150238906
OUT_11715,184.05538684129505
OUT_11716,204.2444137725378
OUT_11717,704.4973776706954
OUT_11718,195.2963957770402
OUT_11719,140.6988200520992
OUT_11720,1892.353521538516
OUT_11721,128.6995606674353
OUT_11722,33.57280038005268
OUT_11723,45.78459249977504
OUT_11724,73.25133452857561
OUT_11725,49.88302326212518
OUT_11726,43.97819009114868
OUT_11727,168.48169282381457
OUT_11728,42.13601357895805
OUT_11729,70.09468817766921
OUT_11730,76.11367529866176
OUT_11731,61.96598024066201
OUT_11732,60.34498265252036
OUT_11733,716.9727859345523
OUT_11734,41.90794068033409
OUT_11735,34.72132324590768
OUT_11736,63.36188547657243
OUT_11737,39.766115119146185
OUT_11738,46.69198698528435
OUT_11739,32.58554550655848
OUT_11740,70.09468817766921
OUT_11741,69.6112931933543
OUT_11742,169.0721259794889
OUT_11743,181.45296704515815
OUT_11744,31.70872120104856
OUT_11745,39.238488549483954
OUT_11746,561.0562238112354
OUT_11747,178.611154633472
OUT_11748,43.314052180966335
OUT_11749,203.48377417456905
OUT_11750,152.99996504980064
OUT_11751,36.32351470071574
OUT_11752,56.2564011826508
OUT_11753,155.1733248395121
OUT_11754,37.48672783813555
OUT_11755,669.7548801095948
OUT_11756,38.329105789526345
OUT_11757,794.5243664192772
OUT_11758,40.56472108940727
OUT_11759,45.37429958733184
OUT_11760,31.077876837272296
OUT_11761,207.3685351386743
OUT_11762,736.1451284837904
OUT_11763,194.6133927472811
OUT_11764,172.12674227329492
OUT_11765,45.67999466039617
OUT_11766,41.397746013726746
OUT_11767,1860.1076287357944
OUT_11768,38.8005081850046
OUT_11769,715.5840145974397
OUT_11770,1977.2017874446635
OUT_11771,173.49176317055333
OUT_11772,198.2971027924657
OUT_11773,35.82388266266052
OUT_11774,32.71188305591647
OUT_11775,138.09733554670896
OUT_11776,42.75607733208603
OUT_11777,49.58380838839696
OUT_11778,78.32274768528588
OUT_11779,31.305032919673256
OUT_11780,780.5248244210812
OUT_11781,42.95003514329522
OUT_11782,75.60150769138792
OUT_11783,167.85908386814816
OUT_11784,211.57396726985843
OUT_11785,38.79021809090761
OUT_11786,57.66371382455231
OUT_11787,42.182860776852905
OUT_11788,1892.1804046423065
OUT_11789,752.5575971208998
OUT_11790,121.05214304011022
OUT_11791,496.1847292962162
OUT_11792,113.24963949044611
OUT_11793,41.27233887104383
OUT_11794,43.72373311346468
OUT_11795,37.17302091430215
OUT_11796,185.35242401781943
OUT_11797,719.8767325537295
OUT_11798,204.8047298747869
OUT_11799,175.74676088686368
OUT_11800,140.16164355397294
OUT_11801,113.95840264133312
OUT_11802,96.61345768826229
OUT_11803,63.04267196547146
OUT_11804,1882.231671866779
OUT_11805,69.659867966219
OUT_11806,34.97582498271407
OUT_11807,191.25660638446527
OUT_11808,140.3213245142971
OUT_11809,78.5292504085425
OUT_11810,33.034787673349555
OUT_11811,40.53811873781965
OUT_11812,73.51155921939781
OUT_11813,118.52443025897364
OUT_11814,141.00610754656446
OUT_11815,31.227568839354984
OUT_11816,702.7146855307744
OUT_11817,142.4366142981186
OUT_11818,35.15460203303155
OUT_11819,776.7694896066661
OUT_11820,787.6391755415563
OUT_11821,37.35129021431929
OUT_11822,65.73181245268903
OUT_11823,758.6036190515605
OUT_11824,196.93227977074685
OUT_11825,174.49344791929255
OUT_11826,57.7413395101482
OUT_11827,58.06030625443594
OUT_11828,61.5004599109328
OUT_11829,35.31411440560553
OUT_11830,37.710321283932494
OUT_11831,38.61235326827802
OUT_11832,43.41279640737762
OUT_11833,219.0021092318496
OUT_11834,178.71416662938444
OUT_11835,31.772363348388616
OUT_11836,52.26150705936793
OUT_11837,130.98197735989828
OUT_11838,175.91684946387466
OUT_11839,75.02020315722574
OUT_11840,29.49656620784681
OUT_11841,37.374006515635216
OUT_11842,166.79160908462845
OUT_11843,1865.661445453006
OUT_11844,34.24936159058553
OUT_11845,727.0920795341268
OUT_11846,43.45514996398213
OUT_11847,166.21885724751408
OUT_11848,732.9315976406394
OUT_11849,27.575128896021624
OUT_11850,31.867887235826142
OUT_11851,59.39834264744437
OUT_11852,522.3711199871932
OUT_11853,1898.8484326549003
OUT_11854,41.07897502828814
OUT_11855,159.8024105180899
OUT_11856,166.8108417941327
OUT_11857,652.7095606163236
OUT_11858,124.97942159181947
OUT_11859,802.6502414600822
OUT_11860,38.36533892400393
OUT_11861,174.29025330917034
OUT_11862,131.28917409451196
OUT_11863,51.44035501855849
OUT_11864,26.27667601506218
OUT_11865,26.78449821863752
OUT_11866,130.02239927062402
OUT_11867,68.71585563612571
OUT_11868,736.9490962856075
OUT_11869,41.08937273966728
OUT_11870,215.07576189824889
OUT_11871,43.42386792624741
OUT_11872,193.2237470712145
OUT_11873,41.58350227767135
OUT_11874,51.29645034800997
OUT_11875,143.34784896478567
OUT_11876,189.9171747824723
OUT_11879,200.51706153152188
OUT_11880,39.4431942229222
OUT_11881,180.59571744124463
OUT_11882,170.12224805714752
OUT_11883,540.7614403808283
OUT_11884,68.7106680065477
OUT_11885,190.69374736966316
OUT_11886,210.85751545747655
OUT_11887,40.66238580143301
OUT_11888,66.82958917984195
OUT_11889,184.3731975296338
OUT_11890,41.400297471959625
OUT_11891,72.57998076151775
OUT_11892,42.501890186193805
OUT_11893,44.56603812132561
OUT_11894,653.038481349019
OUT_11895,60.201903152521695
OUT_11896,34.043208011146646
OUT_11897,514.7443291520214
OUT_11898,484.0907676948542
OUT_11899,72.33640208876572
OUT_11900,715.6430278996457
OUT_11901,60.437403898844686
OUT_11902,42.06468446946036
OUT_11903,31.97321751211637
OUT_11904,38.98122441542563
OUT_11905,80.32485088112814
OUT_11906,61.95468487741667
OUT_11907,40.39814061570847
OUT_11908,45.21493448854403
OUT_11909,734.7295191969076
OUT_11910,121.6967340634117
OUT_11911,799.2692348760896
OUT_11912,223.23097304010267
OUT_11913,74.93796818537014
OUT_11914,186.45898895104443
OUT_11915,63.22107311422976
OUT_11916,40.17004081224623
OUT_11917,63.89910936956748
OUT_11918,37.14232614484104
OUT_11919,45.91581098022727
OUT_11920,712.2252501289474
OUT_11921,32.35604431012035
OUT_11922,729.9695948967718
OUT_11923,63.218402678875954
OUT_11924,58.22686578834399
OUT_11925,36.5554712095925
OUT_11926,48.608375565124334
OUT_11927,42.04019414476695
OUT_11928,47.17924753674264
OUT_11929,702.7009360660326
OUT_11930,44.180938345524304
OUT_11931,35.20954630311039
OUT_11932,58.554584975733896
OUT_11933,48.20822556491723
OUT_11934,197.0461880751158
OUT_11935,61.59057534256127
OUT_11936,40.77915795356946
OUT_11937,40.54550189449697
OUT_11938,63.80678761366988
OUT_11939,199.31544151186895
OUT_11940,216.7436276174954
OUT_11941,39.96798002222849
OUT_11942,227.935951474583
OUT_11943,752.7225421063297
OUT_11944,435.3602484850592
OUT_11945,37.4466843013352
OUT_11946,36.96734823710717
OUT_11947,194.2467208481414
OUT_11948,37.29237503706944
OUT_11949,1980.5588857055573
OUT_11950,1722.1073461461467
OUT_11951,702.6842051067218
OUT_11952,34.51303399745223
OUT_11953,65.16918064234426
OUT_11954,141.93121088907063
OUT_11955,50.88652425816426
OUT_11956,31.050208020329045
OUT_11957,66.67203982206868
OUT_11958,747.3366576968581
OUT_11959,51.2395429287269
OUT_11960,739.4853434911316
OUT_11961,511.1709536827814
OUT_11962,184.18692432206203
OUT_11963,739.387228082193
OUT_11964,79.09889653137488
OUT_11965,145.3873857537942
OUT_11966,40.64063494011525
OUT_11967,43.47976650241608
OUT_11968,683.6756205896298
OUT_11969,808.4035161215203
OUT_11970,720.1127863344433
OUT_11971,37.44161141579605
OUT_11972,185.48481117425413
OUT_11973,43.88597382153335
OUT_11974,74.99992418323696
OUT_11975,132.54389583900718
OUT_11976,774.6693395578122
OUT_11977,63.5720995446508
OUT_11978,180.60749465490028
OUT_11979,77.43476402828445
OUT_11981,1293.4674691512632
OUT_11982,59.01928208074214
OUT_11983,121.54967493436097
OUT_11984,44.86379161088426
OUT_11985,43.51821731293892
OUT_11986,156.7734477223232
OUT_11987,143.05740047523972
OUT_11988,99.94876352616303
OUT_11989,163.07462535146294
OUT_11990,32.11999279714165
OUT_11991,203.5633879262409
OUT_11992,177.84686084140657
OUT_11993,163.60665274989458
OUT_11994,41.524888186905045
OUT_11995,162.72762246302594
OUT_11996,199.27500928722728
OUT_11997,37.31278989682601
OUT_11998,217.11965316407665
OUT_11999,40.98502864389196
OUT_12000,175.14806632046268
OUT_12001,43.170381768762056
OUT_12002,213.44968246562172
OUT_12003,177.92904839500983
OUT_12004,1885.3592809821057
OUT_12005,33.79652825825659
OUT_12006,176.11521098515445
OUT_12007,148.00066158371249
OUT_12008,718.2871442406255
OUT_12009,39.90956182337416
OUT_12010,78.01602741504638
OUT_12011,43.12083960527293
OUT_12012,819.3390143395268
OUT_12013,191.63872545272065
OUT_12015,1826.026723009004
OUT_12016,35.61483756518306
OUT_12017,71.46562284283026
OUT_12018,38.89660963075551
OUT_12019,41.96451644065748
OUT_12020,31.48584976891366
OUT_12021,147.13905385411138
OUT_12022,191.8647202160764
OUT_12023,35.56768649256818
OUT_12024,37.67577534448392
OUT_12025,48.20106784751205
OUT_12026,1889.7085660736152
OUT_12027,50.07043920988867
OUT_12028,231.63710676399148
OUT_12029,49.45641661993872
OUT_12030,806.6252371956335
OUT_12031,40.150880768932375
OUT_12032,162.29617092180325
OUT_12033,164.4416861555109
OUT_12034,66.07222971579182
OUT_12035,220.61733315823184
OUT_12036,778.1859193708891
OUT_12037,38.66808080955118
OUT_12038,44.44621515732828
OUT_12039,64.88940142509432
OUT_12040,52.430201864044186
OUT_12041,213.59610685118648
OUT_12042,128.2397293583548
OUT_12043,151.22056764924076
OUT_12044,59.76944852564368
OUT_12045,216.5960454926963
OUT_12046,46.68918411914291
OUT_12047,47.66499788178309
OUT_12048,52.4553410977997
OUT_12049,456.4394634068205
OUT_12050,46.49713644848319
OUT_12051,59.86909962315582
OUT_12052,46.00648807012978
OUT_12053,31.06144888144924
OUT_12054,122.5876451322886
OUT_12055,813.960382813142
OUT_12056,64.90806933577407
OUT_12057,52.34776526010116
OUT_12058,788.1797024386916
OUT_12059,33.070148732534115
OUT_12060,1883.4227401456749
OUT_12061,62.366426831040485
OUT_12062,213.19657128263367
OUT_12063,151.10447032648975
OUT_12064,156.42459069146707
OUT_12065,40.29836793722004
OUT_12066,39.54074259254171
OUT_12067,43.58400820880265
OUT_12068,70.36442421435596
OUT_12069,28.639213686606222
OUT_12070,199.66943055691956
OUT_12071,764.6881391234086
OUT_12072,61.47695677341362
OUT_12073,44.15640650234989
OUT_12074,773.1321682791272
OUT_12075,46.529072873635855
OUT_12076,69.2631395942497
OUT_12077,44.33966532245139
OUT_12078,45.97047316052074
OUT_12079,37.102158914679215
OUT_12080,40.01768998416708
OUT_12081,779.8395240971771
OUT_12082,147.10615132517924
OUT_12083,733.9902517148399
OUT_12084,188.4538496161852
OUT_12085,62.72796677121503
OUT_12086,47.311808631971054
OUT_12087,59.57741756093141
OUT_12088,80.64340351243686
OUT_12089,47.63579480035446
OUT_12090,134.0552674921946
OUT_12091,721.937444505985
OUT_12092,24.23499194945906
OUT_12093,48.55632042176675
OUT_12094,31.565959519514127
OUT_12095,104.50329683137323
OUT_12096,129.82030385658967
OUT_12097,44.43300297478336
OUT_12098,206.7804697563313
OUT_12099,38.47842288329269
OUT_12100,63.94404001766337
OUT_12101,46.20630638250388
OUT_12102,53.152830659969794
OUT_12103,79.54299650949856
OUT_12105,54.117179444529945
OUT_12106,38.257250626292254
OUT_12107,42.40896793506036
OUT_12108,1895.0518547225015
OUT_12109,180.47117580600928
OUT_12110,130.92369620174887
OUT_12111,74.39772753979211
OUT_12112,39.97829422407294
OUT_12113,676.4778379696227
OUT_12114,49.02380560011162
OUT_12115,770.8887710953131
OUT_12116,115.83596379502382
OUT_12117,38.33673171124016
OUT_12118,140.1461234201003
OUT_12119,51.06241616397608
OUT_12120,150.3207824583737
OUT_12121,227.51351112851395
OUT_12122,42.80123367494933
OUT_12123,182.9235349077453
OUT_12124,209.8359074574288
OUT_12125,141.1284493234418
OUT_12126,57.73048664033221
OUT_12127,39.615670768931885
OUT_12128,214.40535296886145
OUT_12129,34.346674360638794
OUT_12130,39.07291394148279
OUT_12131,1887.9041576182624
OUT_12132,40.73576780609655
OUT_12133,43.51946789166079
OUT_12134,136.37841009031538
OUT_12135,61.44160634594465
OUT_12136,103.95574065785516
OUT_12137,201.8197407071771
OUT_12138,811.1454150188324
OUT_12139,803.5946128757927
OUT_12140,53.87211252801138
OUT_12141,1812.3878081940104
OUT_12142,1857.5779550667191
OUT_12143,50.23519921211143
OUT_12144,84.84332422026027
OUT_12145,775.6430311407851
OUT_12146,49.674068579078366
OUT_12147,29.349841462337917
OUT_12148,711.5609630263444
OUT_12149,68.54445226432169
OUT_12150,47.89327773361694
OUT_12151,32.16505262537401
OUT_12152,810.7518349415254
OUT_12153,129.23592506991366
OUT_12154,151.97449080778003
OUT_12155,37.31581308248002
OUT_12156,42.6856673479704
OUT_12157,174.20574961757478
OUT_12158,81.13580862578736
OUT_12159,1904.984373585542
OUT_12160,222.2168992942307
OUT_12161,34.39815887219031
OUT_12162,1842.0492109010288
OUT_12163,48.9148276554548
OUT_12164,37.08083042657145
OUT_12165,35.33891410353677
OUT_12166,33.0877717180944
OUT_12167,24.733031685983995
OUT_12168,33.87434742171156
OUT_12169,39.87934877515757
OUT_12170,169.8204320902537
OUT_12171,55.03630169191555
OUT_12172,145.9612380553224
OUT_12173,165.1466208384209
OUT_12174,152.98506591633753
OUT_12175,41.38402220432497
OUT_12176,149.8534620422067
OUT_12177,41.59785957038111
OUT_12178,51.31224848712424
OUT_12179,66.53667528391829
OUT_12180,45.45594737137241
OUT_12181,52.53804015794437
OUT_12182,161.01320600435892
OUT_12183,73.93018957589393
OUT_12184,209.34646720635908
OUT_12185,192.2011838486241
OUT_12186,56.18921177880477
OUT_12187,207.7593623337141
OUT_12188,54.55623628218946
OUT_12189,113.45502691263847
OUT_12190,35.186483446755894
OUT_12191,43.55312288701945
OUT_12192,52.46816930198106
OUT_12193,70.93234284851854
OUT_12194,189.7927622328724
OUT_12195,35.27346946409931
OUT_12196,36.267948673458655
OUT_12197,215.95479870085447
OUT_12198,204.0299998164925
OUT_12199,61.93004073275738
OUT_12200,702.1912788264611
OUT_12201,33.115806435003634
OUT_12202,42.43246424079529
OUT_12203,564.1786569456483
OUT_12204,62.63587135321504
OUT_12205,1888.525725873992
OUT_12206,1878.64735434662
OUT_12207,198.65935111389453
OUT_12208,178.84694278788632
OUT_12209,57.57792805767099
OUT_12210,37.72873934568621
OUT_12211,43.33843280169559
OUT_12212,57.26235402784311
OUT_12213,46.505137004430594
OUT_12214,145.25026667696272
OUT_12215,537.5434935587032
OUT_12216,180.20514889234147
OUT_12217,33.83952928270585
OUT_12218,38.78478542228813
OUT_12219,69.70921409916905
OUT_12220,818.4057183530527
OUT_12221,27.786042961452747
OUT_12222,42.169608889500296
OUT_12223,221.84475275279044
OUT_12224,759.9624302711807
OUT_12225,38.69734091562442
OUT_12226,78.71964794601023
OUT_12227,38.91503744196773
OUT_12228,42.20048471809935
OUT_12229,37.98619191427617
OUT_12230,42.280170421268174
OUT_12231,46.91279471023975
OUT_12232,47.04069050261845
OUT_12233,39.4975793331777
OUT_12234,50.98907233421576
OUT_12235,123.135959605856
OUT_12236,39.355941003915845
OUT_12237,681.4502147060888
OUT_12238,40.3007675273011
OUT_12239,184.1944658303929
OUT_12240,29.971835073645785
OUT_12241,34.233705343172
OUT_12242,553.1276051253075
OUT_12243,52.85323025553669
OUT_12244,179.4891620291194
OUT_12245,31.83449355720718
OUT_12246,44.07965049399076
OUT_12247,53.03693327049926
OUT_12248,222.35072800252533
OUT_12249,1882.472103231459
OUT_12250,824.329427722122
OUT_12251,24.235005914300945
OUT_12252,40.45675392639826
OUT_12253,138.91431683124082
OUT_12254,64.98321504758067
OUT_12255,716.1988924415655
OUT_12256,604.203820455468
OUT_12257,37.83095370539905
OUT_12258,1870.8776619201683
OUT_12259,224.20391296492448
OUT_12260,34.28444910395986
OUT_12261,57.06971313036493
OUT_12262,201.60513161102295
OUT_12263,1886.5024359008407
OUT_12264,1834.5720445268164
OUT_12265,120.75428392012486
OUT_12266,38.02383176266088
OUT_12267,136.28269440809925
OUT_12268,1896.6631103883185
OUT_12269,59.00182625392986
OUT_12270,170.7557928674334
OUT_12271,43.989089986116255
OUT_12272,210.70402014113608
OUT_12273,163.06327330294172
OUT_12274,55.33418699751011
OUT_12275,195.8240966661075
OUT_12276,40.92211151841795
OUT_12277,1861.9950260480373
OUT_12278,44.80069089634941
OUT_12279,130.46539374547137
OUT_12280,179.78243738551143
OUT_12281,147.8853048332827
OUT_12282,124.21271588859592
OUT_12283,852.890797403753
OUT_12284,42.81772230764561
OUT_12285,190.9448653769603
OUT_12286,69.36679124493014
OUT_12287,41.34473207970734
OUT_12288,48.30777283909497
OUT_12289,65.82664810085812
OUT_12290,49.56688579529921
OUT_12291,809.0315451467418
OUT_12292,150.5324937699939
OUT_12293,56.97493871123677
OUT_12294,178.9600267081749
OUT_12295,676.554722737922
OUT_12296,54.57996114225432
OUT_12297,189.6791658716981
OUT_12298,206.9063212169077
OUT_12299,42.75692518661885
OUT_12300,42.04940691629304
OUT_12301,718.526915029218
OUT_12302,35.67046825559496
OUT_12303,36.53515102379269
OUT_12304,49.93215348804984
OUT_12305,41.16857925971148
OUT_12306,1869.779706698636
OUT_12307,66.20286951577675
OUT_12308,127.58359392732535
OUT_12309,66.22339782574052
OUT_12310,180.3395701333284
OUT_12311,218.16222866132105
OUT_12312,129.0973283907656
OUT_12313,37.64263694083299
OUT_12314,182.50460971833428
OUT_12315,72.31122005505047
OUT_12316,47.79229127960726
OUT_12317,60.79259901379489
OUT_12318,53.56747561524596
OUT_12319,52.409630637778186
OUT_12320,48.87383068198997
OUT_12321,43.06938900647758
OUT_12322,38.79534216848917
OUT_12323,30.121800596703316
OUT_12324,104.293580950225
OUT_12325,187.6958794672235
OUT_12326,38.23226716239997
OUT_12327,712.963180990705
OUT_12328,124.63264332303451
OUT_12329,48.6365926147425
OUT_12330,43.913057078447785
OUT_12332,132.2303847357107
OUT_12333,213.0809667954556
OUT_12334,1815.751101681685
OUT_12335,178.11410719140682
OUT_12336,38.0846998070289
OUT_12337,63.55227319241531
OUT_12338,197.37603934450507
OUT_12339,72.41523309511332
OUT_12340,189.7897245348944
OUT_12341,41.721303326539
OUT_12342,35.62183576337324
OUT_12343,549.4250031302462
OUT_12344,126.711831509865
OUT_12345,1897.8096027660315
OUT_12346,738.7018587327572
OUT_12347,183.74518572617555
OUT_12348,1936.9280199469692
OUT_12349,121.07902648513856
OUT_12350,62.27244044244731
OUT_12351,74.39397990382159
OUT_12352,47.64916828574504
OUT_12353,31.460796145422087
OUT_12354,36.33213680114917
OUT_12355,217.0006802606792
OUT_12356,67.75549021674452
OUT_12357,41.62958913392061
OUT_12358,35.465202132816465
OUT_12359,47.597360129041775
OUT_12360,759.1280286018874
OUT_12361,32.14162438415201
OUT_12362,28.18010973792705
OUT_12363,37.55421294023933
OUT_12364,31.532507588762552
OUT_12365,27.45585595622691
OUT_12366,58.81207282000988
OUT_12367,171.93031121378905
OUT_12368,1863.078479375734
OUT_12369,702.0929792504667
OUT_12370,151.35635525648263
OUT_12371,715.175467936694
OUT_12372,1866.288413217101
OUT_12373,149.3977121992693
OUT_12374,193.14485069683684
OUT_12375,187.8233462608632
OUT_12376,502.5144900028932
OUT_12377,43.1312117077528
OUT_12378,215.415507067241
OUT_12379,42.76308489336767
OUT_12380,49.17265214110745
OUT_12381,502.0356925727031
OUT_12382,26.24512866910939
OUT_12383,38.0991461554123
OUT_12384,663.8266106059541
OUT_12385,60.362881688154246
OUT_12386,49.362429201577136
OUT_12387,139.9107061981902
OUT_12388,740.8680125825803
OUT_12389,189.84017938653764
OUT_12390,79.55164236247019
OUT_12391,185.98474306406249
OUT_12392,40.714608889938496
OUT_12393,210.82855101865263
OUT_12394,750.6751269763223
OUT_12395,33.38252063256236
OUT_12396,697.1897358485371
OUT_12397,48.00804378997409
OUT_12398,1852.5030548136608
OUT_12399,218.14507437443336
OUT_12400,1886.1128132553515
OUT_12401,789.5815881467051
OUT_12402,205.6117028237484
OUT_12403,64.1207429370548
OUT_12404,26.13194945134244
OUT_12405,51.21485669794118
OUT_12406,204.2119560632436
OUT_12407,50.0134542643419
OUT_12408,45.04266917537937
OUT_12409,182.39725894122452
OUT_12410,131.62136981668837
OUT_12411,33.61153187663752
OUT_12412,165.56132112500367
OUT_12413,201.1694341174428
OUT_12414,816.8144076553442
OUT_12415,201.65277995302037
OUT_12416,217.8053698417229
OUT_12417,769.6754610190236
OUT_12418,140.4132430374171
OUT_12419,49.67856144620392
OUT_12420,135.0922817897172
OUT_12421,190.3312457643318
OUT_12422,72.58757842723261
OUT_12423,204.4491265951494
OUT_12424,502.8684568659941
OUT_12425,1870.7198183643857
OUT_12426,46.48820448012671
OUT_12427,51.176695885824806
OUT_12428,44.76422035894012
OUT_12429,171.81291123429298
OUT_12430,132.0931326318089
OUT_12431,75.00248081981248
OUT_12432,39.62792593750758
OUT_12433,60.78767756401239
OUT_12434,203.08096398182784
OUT_12435,123.9400542784116
OUT_12436,795.0793490650609
OUT_12437,43.28934110663394
OUT_12438,38.90653678571968
OUT_12439,72.35020400791643
OUT_12441,41.45122877225334
OUT_12442,214.4906038960908
OUT_12443,39.89186176598655
OUT_12444,710.5980664360638
OUT_12445,1940.5587722294997
OUT_12446,219.63806135894603
OUT_12447,51.01997591422048
OUT_12448,163.59202572818305
OUT_12449,41.91536997173695
OUT_12450,157.01575142287112
OUT_12451,62.3498497505784
OUT_12452,37.82761920450841
OUT_12453,35.71713349222085
OUT_12454,72.83733110109232
OUT_12455,37.253786692298455
OUT_12456,711.1508537136481
OUT_12457,35.47077637003397
OUT_12458,45.29229502767664
OUT_12459,152.58969100387895
OUT_12460,511.0340746505649
OUT_12461,53.23675198637533
OUT_12462,70.21579167227053
OUT_12463,800.1075002205685
OUT_12464,194.7525697927545
OUT_12465,41.73982437587429
OUT_12466,81.91507705821444
OUT_12467,64.23732248251073
OUT_12468,73.7071749177134
OUT_12469,787.527399815782
OUT_12470,118.8955396660954
OUT_12471,41.533595558003725
OUT_12472,27.77471276305612
OUT_12473,122.98551105417474
OUT_12474,45.13837473249055
OUT_12475,34.841255097765305
OUT_12476,111.26143401698016
OUT_12477,73.87460626502943
OUT_12478,36.99885752218222
OUT_12479,142.13660418989733
OUT_12480,748.5658303215076
OUT_12481,32.67853634728998
OUT_12482,726.4698926015619
OUT_12483,676.7587184739981
OUT_12484,1832.271446961876
OUT_12485,745.8974934664162
OUT_12486,52.0638576756485
OUT_12487,30.718419694304743
OUT_12488,697.7945481202837
OUT_12489,60.90314071221443
OUT_12490,63.18734827411249
OUT_12491,30.855287737797862
OUT_12492,1961.2242141639776
OUT_12493,48.2591923812596
OUT_12494,1871.912246830796
OUT_12495,206.41284849938845
OUT_12496,228.91674785089768
OUT_12497,36.50944102512855
OUT_12498,131.8908628981084
OUT_12499,57.67492418151077
OUT_12500,39.00044153310846
OUT_12501,119.4559783063043
OUT_12502,799.1567144303505
OUT_12503,122.52932364648063
OUT_12504,46.19416949438755
OUT_12505,73.22579832105959
OUT_12506,58.426999705917545
OUT_12507,716.8180456775652
OUT_12508,188.83422244440075
OUT_12509,791.3069469672763
OUT_12510,46.93582605448263
OUT_12511,50.746438718195456
OUT_12512,165.6589716107428
OUT_12513,175.11707219727882
OUT_12514,1867.66084220542
OUT_12515,158.04117683816682
OUT_12516,32.18586342086649
OUT_12517,79.66587628138984
OUT_12518,753.7200755452866
OUT_12519,47.2372042509099
OUT_12520,37.046954401166936
OUT_12521,69.40234195252854
OUT_12522,687.9090833175228
OUT_12523,163.51725513822805
OUT_12524,41.93794507066996
OUT_12525,35.871702662655174
OUT_12526,41.13856205683265
OUT_12527,30.37882459538523
OUT_12528,50.61700641722171
OUT_12529,755.3080202482803
OUT_12530,708.7983973451067
OUT_12531,780.3764721368424
OUT_12532,36.27763518684243
OUT_12533,34.5270848561257
OUT_12534,44.44605291453466
OUT_12535,69.96331466726078
OUT_12536,752.8127057611963
OUT_12537,77.87793041606747
OUT_12538,185.88133877588533
OUT_12539,49.55327421767964
OUT_12540,70.4494757987307
OUT_12541,39.40666636413755
OUT_12542,208.94015227405507
OUT_12543,69.69532478359447
OUT_12544,180.92109971639928
OUT_12545,32.86995188552823
OUT_12546,38.872544839235815
OUT_12547,50.070175852629454
OUT_12548,48.52372867148321
OUT_12549,47.09110164449728
OUT_12550,51.41967072092395
OUT_12551,47.67125186974241
OUT_12552,740.1340886990153
OUT_12553,179.43992517666234
OUT_12554,51.70258787579955
OUT_12555,37.663884052474906
OUT_12556,35.88477036769988
OUT_12557,37.12731156960522
OUT_12558,49.488289561072
OUT_12559,32.05006857413668
OUT_12560,67.35279135542775
OUT_12561,1897.245842436875
OUT_12562,775.5117084417219
OUT_12563,701.5407476546064
OUT_12564,185.8691415083109
OUT_12566,37.33308859283336
OUT_12567,58.67450501029673
OUT_12568,73.17196839360442
OUT_12569,674.4442937228529
OUT_12570,198.8217282122663
OUT_12571,34.283686267047386
OUT_12572,680.8195782164544
OUT_12573,62.17845300646595
OUT_12574,55.03094209289529
OUT_12575,144.78592830630794
OUT_12576,42.98351373141252
OUT_12577,38.43909714426497
OUT_12578,195.1785932686769
OUT_12579,210.64204543505264
OUT_12580,501.14001871114414
OUT_12581,783.7270053630663
OUT_12582,733.5272784532284
OUT_12583,48.74471865380005
OUT_12584,40.2236568833197
OUT_12585,53.42101544929916
OUT_12586,32.05098103501306
OUT_12587,787.0570932486376
OUT_12588,1912.1179282862051
OUT_12589,31.75025480228322
OUT_12590,38.0687208853282
OUT_12591,175.2028129598979
OUT_12592,1881.5226076080469
OUT_12593,211.5887582615492
OUT_12594,726.630536027701
OUT_12595,222.46514363597117
OUT_12596,731.7189457977489
OUT_12597,56.2308076758288
OUT_12598,662.5470654004365
OUT_12599,72.53567366080324
OUT_12600,215.24327037477264
OUT_12601,51.88188051397688
OUT_12602,66.3633733411616
OUT_12603,720.9604814134062
OUT_12604,207.19596776842656
OUT_12605,151.04188086198815
OUT_12606,158.9567939089536
OUT_12607,181.59805064633983
OUT_12608,47.53252550731768
OUT_12609,35.8064403100947
OUT_12610,56.96195421124037
OUT_12611,214.70250549931524
OUT_12612,41.75169122364558
OUT_12613,56.3226027079811
OUT_12614,34.501754157870685
OUT_12615,190.20073596471596
OUT_12616,82.82859009523958
OUT_12617,47.00948298420254
OUT_12618,130.10747845521144
OUT_12619,66.19404704022465
OUT_12620,35.81755073602892
OUT_12621,730.5179400698198
OUT_12622,67.651789686026
OUT_12623,792.6468769458355
OUT_12624,1875.1819584096052
OUT_12625,1870.068031477281
OUT_12626,59.171373491816425
OUT_12627,39.04835094715132
OUT_12628,165.3033836702811
OUT_12629,785.3950295943571
OUT_12630,218.93722614912036
OUT_12631,40.45873529645341
OUT_12632,694.7127734000903
OUT_12633,40.24285012803704
OUT_12634,45.97059359494088
OUT_12635,203.2091674324141
OUT_12636,62.94782293999727
OUT_12637,29.49296204098405
OUT_12638,1874.9836884161584
OUT_12639,40.29488628820188
OUT_12640,53.39028212754222
OUT_12641,776.0409582205587
OUT_12642,1829.9628363042707
OUT_12643,190.7525700678998
OUT_12644,181.17257737534015
OUT_12645,38.24634362758785
OUT_12646,52.97113258407511
OUT_12647,46.78802684529756
OUT_12648,41.43695950056328
OUT_12649,63.64823889294672
OUT_12650,52.51771818000061
OUT_12651,32.848330220168016
OUT_12652,139.44598107028483
OUT_12653,134.26407172058745
OUT_12654,753.550537278475
OUT_12655,25.47741559992703
OUT_12656,63.817500447661146
OUT_12657,85.34960925795626
OUT_12658,1905.3020417092007
OUT_12659,70.64570978687755
OUT_12660,141.7031604510136
OUT_12661,66.58104160860962
OUT_12662,42.07993357835158
OUT_12663,52.67235401359419
OUT_12664,129.93455916621204
OUT_12665,45.71303041897184
OUT_12666,807.4626038643611
OUT_12667,32.28626690090566
OUT_12668,143.59092346261053
OUT_12669,47.13784292363077
OUT_12670,172.91126828248582
OUT_12671,80.2791571855543
OUT_12672,750.8137185878422
OUT_12673,47.053301119080096
OUT_12674,33.59171895099987
OUT_12675,1943.9143487909992
OUT_12676,41.25272939452088
OUT_12677,128.85689215708655
OUT_12678,130.67931406386526
OUT_12679,57.00268194904856
OUT_12680,37.47649619747169
OUT_12681,30.919671235235292
OUT_12682,678.3081841039066
OUT_12683,1847.646283616946
OUT_12684,47.68102251806203
OUT_12685,37.13052593463327
OUT_12686,55.857344980347975
OUT_12687,33.48139492621107
OUT_12688,44.94953783364609
OUT_12689,175.04898650528273
OUT_12690,211.76680074316505
OUT_12691,1864.739768726624
OUT_12692,169.79432033286466
OUT_12693,211.87395617818964
OUT_12694,36.55248205075364
OUT_12695,41.728444501722976
OUT_12696,53.59370127115165
OUT_12697,637.9942818676766
OUT_12698,130.28327609627922
OUT_12699,49.32752070649986
OUT_12700,47.25556169076879
OUT_12701,58.91862236704354
OUT_12702,473.7376334020552
OUT_12703,42.9482940160602
OUT_12704,504.9851766320096
OUT_12705,759.2145070479457
OUT_12706,222.1942167974608
OUT_12707,178.15392319751933
OUT_12708,40.42588389710211
OUT_12709,190.00929824475796
OUT_12710,28.84128364842113
OUT_12711,40.72458460081283
OUT_12712,169.27771194495787
OUT_12713,45.60685728079198
OUT_12714,197.3718892403079
OUT_12715,46.929942187741375
OUT_12716,150.7253359104416
OUT_12717,176.33563344058476
OUT_12718,36.69402838951903
OUT_12719,203.4713695748881
OUT_12720,83.80655384543226
OUT_12721,42.20320102409958
OUT_12722,157.14454817728037
OUT_12723,34.417887211270724
OUT_12724,37.96107084227739
OUT_12725,31.89290554487131
OUT_12726,37.61588438528818
OUT_12727,52.18018234058298
OUT_12728,1888.3184461305725
OUT_12729,158.90953739887334
OUT_12730,731.3766337722285
OUT_12731,200.3132357722319
OUT_12732,59.29370367745671
OUT_12733,46.09396006448442
OUT_12734,742.5665621972787
OUT_12735,182.47205565468045
OUT_12736,47.42455193188636
OUT_12737,44.405250069227264
OUT_12738,46.32090071899598
OUT_12739,53.5955595078624
OUT_12740,700.4717296994071
OUT_12741,46.99072539240596
OUT_12742,1817.037273864031
OUT_12743,207.15049390295772
OUT_12744,191.4927749136021
OUT_12745,807.9401580567176
OUT_12746,47.53930084989213
OUT_12747,47.54785493998045
OUT_12748,77.56162728410298
OUT_12749,35.82233388731583
OUT_12750,134.62859260885486
OUT_12752,42.264362738626176
OUT_12753,195.2522828478903
OUT_12754,756.2437377419769
OUT_12755,231.9513742832842
OUT_12756,38.67840680130057
OUT_12757,32.34004887848088
OUT_12758,35.74147919349036
OUT_12759,55.03839748565317
OUT_12760,55.56225566659354
OUT_12761,49.925552153321206
OUT_12762,46.04015025553509
OUT_12763,183.8426583876112
OUT_12764,40.98067252186551
OUT_12765,36.90881170415332
OUT_12766,52.99098358591034
OUT_12767,36.33513824411293
OUT_12768,45.56257418810805
OUT_12769,680.6419099975324
OUT_12770,46.90572599672204
OUT_12771,53.83939272268356
OUT_12772,38.138034998543375
OUT_12773,35.599549467971265
OUT_12774,82.98082943144746
OUT_12775,85.83328556409819
OUT_12776,54.34715193429955
OUT_12777,219.04008273294016
OUT_12778,36.12518120952574
OUT_12779,47.23617512027929
OUT_12780,43.900143821932026
OUT_12781,74.86605503878228
OUT_12782,161.46002225067764
OUT_12783,481.486049766466
OUT_12784,113.6022813061034
OUT_12785,222.1203739905622
OUT_12786,34.22308774107271
OUT_12787,54.14142090772045
OUT_12788,186.5344328364129
OUT_12789,188.25199346109457
OUT_12790,136.3350720570407
OUT_12791,42.88308250349847
OUT_12792,112.32561992728608
OUT_12793,180.9179089508278
OUT_12794,41.26174119422602
OUT_12795,32.071521068098335
OUT_12796,59.23269268429188
OUT_12797,42.729229596171336
OUT_12798,66.33989982591572
OUT_12799,31.70687679504259
OUT_12800,70.5225277565224
OUT_12801,211.30892398719604
OUT_12802,45.90725790970991
OUT_12803,52.97332392897265
OUT_12804,766.6972708432696
OUT_12805,63.01237740796312
OUT_12806,137.0631668008266
OUT_12807,738.894390453273
OUT_12808,52.09227974960621
OUT_12809,140.5775367799438
OUT_12810,199.65489782476192
OUT_12811,135.92899834415695
OUT_12812,44.442442213637285
OUT_12813,199.54236753970125
OUT_12814,222.968043746436
OUT_12815,715.0750244117345
OUT_12816,196.11359034246087
OUT_12817,217.9783163335977
OUT_12818,43.60588108922004
OUT_12819,47.54847877385252
OUT_12820,661.5299942470177
OUT_12821,212.0935544461906
OUT_12822,39.291071181519406
OUT_12823,30.45190242853253
OUT_12824,58.89588575914904
OUT_12825,52.08792352209986
OUT_12826,39.8191792879212
OUT_12827,31.292305975520705
OUT_12828,37.34476766997934
OUT_12829,58.24757816218179
OUT_12830,60.68369341576735
OUT_12831,59.29848332161526
OUT_12832,201.22292582613093
OUT_12833,143.42851695641255
OUT_12834,1902.726557925872
OUT_12835,55.38296039487192
OUT_12836,215.47267121799712
OUT_12837,72.7907146890981
OUT_12838,37.98202456912555
OUT_12839,51.41045912458092
OUT_12840,40.89903423883124
OUT_12841,28.965031385443822
OUT_12842,655.5286264003186
OUT_12843,128.43944885136216
OUT_12844,136.036715705225
OUT_12845,203.0062173185919
OUT_12846,30.838484202925983
OUT_12847,45.93413831926758
OUT_12848,1892.76176334654
OUT_12849,174.50863360383028
OUT_12850,44.31220967672732
OUT_12851,179.5903983690688
OUT_12852,55.17422830064477
OUT_12853,64.88178718210156
OUT_12854,71.83648010029259
OUT_12855,1885.5014365468207
OUT_12856,60.942238742310025
OUT_12857,727.3358433437372
OUT_12858,59.321690595292495
OUT_12859,55.25621645277228
OUT_12860,48.41462644871452
OUT_12861,193.427267421357
OUT_12862,226.03016351326323
OUT_12863,507.3208536392005
OUT_12864,65.23610612328707
OUT_12865,1972.9435798580428
OUT_12866,62.2851029332595
OUT_12867,212.46853257705183
OUT_12868,74.95700930808243
OUT_12869,29.866759408686555
OUT_12870,35.521612755380936
OUT_12871,70.95051253375605
OUT_12872,58.66142125049474
OUT_12873,1868.299460210358
OUT_12874,1906.1059976646504
OUT_12875,505.180851936384
OUT_12876,135.96962308303387
OUT_12877,37.56033593191291
OUT_12878,73.6250902751343
OUT_12879,148.84623783419323
OUT_12880,66.32215612180445
OUT_12881,116.07891211261146
OUT_12882,1895.4838005347733
OUT_12883,233.07790810454543
OUT_12884,44.290780811469496
OUT_12885,169.52966560710448
OUT_12886,112.17327506607184
OUT_12887,49.173318664899725
OUT_12888,37.899278093559374
OUT_12889,126.11946821603252
OUT_12890,1874.8864103347184
OUT_12891,137.46367005215967
OUT_12892,169.9246332231002
OUT_12893,43.531483090499634
OUT_12894,38.04673371334731
OUT_12895,42.782054707078494
OUT_12896,203.3423507285176
OUT_12897,42.12918064068461
OUT_12898,39.36003912529867
OUT_12899,49.62265711243625
OUT_12900,835.2236509148216
OUT_12901,39.52090179229177
OUT_12902,32.2319460378878
OUT_12903,38.51740688595001
OUT_12904,171.4679927018419
OUT_12905,805.8673933184706
OUT_12906,807.8986805514921
OUT_12907,731.2570437044756
OUT_12908,67.72489110213131
OUT_12909,203.8606300058338
OUT_12910,39.92135117028221
OUT_12911,708.2677526792162
OUT_12912,36.3953571941686
OUT_12913,113.786667240051
OUT_12914,39.63665613548197
OUT_12915,122.82483027327036
OUT_12916,44.95537056226798
OUT_12917,43.14741094891684
OUT_12918,130.1488000580362
OUT_12919,41.386382560755685
OUT_12920,34.54282011524188
OUT_12921,175.3040462314304
OUT_12922,38.603153580202736
OUT_12923,695.6552507434077
OUT_12924,218.44548711547543
OUT_12925,196.14165286334705
OUT_12926,700.457063486287
OUT_12927,39.54502993865386
OUT_12928,37.217253072016895
OUT_12929,39.47580151430192
OUT_12930,129.65127349355316
OUT_12931,52.54103140155053
OUT_12932,1870.7909927537069
OUT_12933,186.66977240530176
OUT_12934,207.9975946470473
OUT_12935,676.5284449342762
OUT_12936,36.33694025172889
OUT_12937,73.28486937109292
OUT_12938,37.54407117602271
OUT_12939,1871.9315570988308
OUT_12940,38.56093742726605
OUT_12941,716.2129332169501
OUT_12942,212.76785511226788
OUT_12943,35.13847316048115
OUT_12944,141.68872294204203
OUT_12945,179.8753115871978
OUT_12946,155.93903062222265
OUT_12947,61.25301748378535
OUT_12948,35.569781068545026
OUT_12949,713.9674598111282
OUT_12950,110.80247528216188
OUT_12951,224.8778280703025
OUT_12952,29.976453963110654
OUT_12953,767.4395917440181
OUT_12954,45.619647880750456
OUT_12955,28.374559636697324
OUT_12956,39.1853861273842
OUT_12957,55.476685609230174
OUT_12958,205.9776123503436
OUT_12959,44.20280094412416
OUT_12960,146.50760783585557
OUT_12961,704.9747460820766
OUT_12962,37.20397529372187
OUT_12963,207.82263687053245
OUT_12964,75.3328384204128
OUT_12965,831.1003442035402
OUT_12966,45.81351992805621
OUT_12967,44.69537499774822
OUT_12968,59.77136607207451
OUT_12969,1852.458724150019
OUT_12970,126.69221509704866
OUT_12971,675.4123409634398
OUT_12972,122.51132196386752
OUT_12973,46.18627228399046
OUT_12974,1860.832335982694
OUT_12975,59.97424648524114
OUT_12976,529.8668245600369
OUT_12977,751.2079249779642
OUT_12978,1863.2868337177244
OUT_12979,139.82152924536675
OUT_12980,58.595126771845095
OUT_12981,48.825983287615465
OUT_12982,221.5712065294824
OUT_12983,75.12805087334098
OUT_12984,46.643327813339546
OUT_12985,612.3222390659143
OUT_12986,732.8328584990717
OUT_12987,1866.552443489808
OUT_12988,44.89810478049808
OUT_12989,42.71503302421779
OUT_12990,214.7081863245677
OUT_12991,796.4330076255453
OUT_12992,163.65513253971687
OUT_12993,735.5319648723695
OUT_12994,184.5984550282932
OUT_12995,45.7710222451717
OUT_12996,209.911849257768
OUT_12998,56.50997633071972
OUT_12999,40.02863464499853
OUT_13000,124.60945971438296
OUT_13001,32.54737471098251
OUT_13002,37.62800012050087
OUT_13003,32.98459219378609
OUT_13004,130.27843593001896
OUT_13005,61.64860074662366
OUT_13006,48.61465005759415
OUT_13007,37.90401088887963
OUT_13008,1897.753926857328
OUT_13009,26.51181666607073
OUT_13010,694.5756496949874
OUT_13011,40.64876188090736
OUT_13012,70.78442218146418
OUT_13013,46.919146537019614
OUT_13014,62.94877506654035
OUT_13015,228.1167063746865
OUT_13016,39.76378343949351
OUT_13017,756.4600986409781
OUT_13018,153.7600044814654
OUT_13019,724.8202774218803
OUT_13020,144.17136648095791
OUT_13021,67.65923254446008
OUT_13022,32.021437437656814
OUT_13023,1912.105361362005
OUT_13024,42.378154804514445
OUT_13025,41.86769729029266
OUT_13026,513.6426483463639
OUT_13027,123.62779253743048
OUT_13028,69.0534928624065
OUT_13029,179.49977075416973
OUT_13030,52.43102313528958
OUT_13031,31.60348731334293
OUT_13032,740.4625207835692
OUT_13033,31.64586171789366
OUT_13034,46.92711325255253
OUT_13035,1834.3085410458596
OUT_13036,115.45974698638156
OUT_13037,45.16324076430174
OUT_13038,41.44295465945079
OUT_13039,196.03690487385555
OUT_13040,41.34249623491515
OUT_13041,41.32775420189136
OUT_13042,49.09647807105688
OUT_13043,45.035199736953686
OUT_13044,176.6938890481116
OUT_13045,40.707468389672194
OUT_13046,58.41760337240049
OUT_13047,44.99051440417227
OUT_13048,38.24857725324603
OUT_13049,64.81368798121888
OUT_13050,50.08242774281923
OUT_13051,47.71324355971128
OUT_13052,784.966202967236
OUT_13053,147.3037034876127
OUT_13054,45.38276443462191
OUT_13055,1301.6707454601524
OUT_13056,131.81659693388897
OUT_13057,746.1609840653288
OUT_13058,30.01954153186616
OUT_13059,31.967355494853987
OUT_13060,63.2224561836068
OUT_13061,30.099498696182675
OUT_13062,32.38872220168622
OUT_13063,691.699941202207
OUT_13064,37.24914936640072
OUT_13065,77.55192297654222
OUT_13066,92.40344613040683
OUT_13067,52.98580433277111
OUT_13068,48.79161704763632
OUT_13069,33.502676909361526
OUT_13070,44.18288747399171
OUT_13071,35.966016825542646
OUT_13072,734.8426701501753
OUT_13073,38.12640624628816
OUT_13074,43.53714321895626
OUT_13075,185.03083974036812
OUT_13076,165.57840508526195
OUT_13077,36.2773745586636
OUT_13078,50.57499909835804
OUT_13079,44.04976397159125
OUT_13080,43.60570067481773
OUT_13081,44.21439831669414
OUT_13082,49.86501186960673
OUT_13083,57.35585417906551
OUT_13084,63.39062410985255
OUT_13085,48.21231973004156
OUT_13086,34.59904968673501
OUT_13087,44.85247660289232
OUT_13088,760.2280859201372
OUT_13089,51.648349514989455
OUT_13090,38.22938935061981
OUT_13091,221.03200870808456
OUT_13092,175.25882360657943
OUT_13093,123.85231459631832
OUT_13094,53.279149691662575
OUT_13095,153.31835324814446
OUT_13096,187.41244616478136
OUT_13097,506.5735617157531
OUT_13099,50.534923483528
OUT_13100,44.12770879854928
OUT_13101,203.63963466858613
OUT_13102,38.55862602638109
OUT_13103,58.051789929148285
OUT_13104,125.08875105357092
OUT_13105,704.7123553228718
OUT_13106,40.23829368338095
OUT_13107,60.58049957422912
OUT_13108,55.28956738386335
OUT_13109,121.876510054491
OUT_13110,47.29518146188588
OUT_13111,149.8979900678969
OUT_13112,68.80917321350248
OUT_13113,1910.1686057970692
OUT_13114,45.671195867810624
OUT_13115,38.716927211066526
OUT_13116,201.37153477720025
OUT_13117,67.76692588673527
OUT_13118,1893.1442200113488
OUT_13119,147.2763428143922
OUT_13120,192.0875674214807
OUT_13121,38.47143147905528
OUT_13122,37.66550019387862
OUT_13123,27.307490568705045
OUT_13124,34.64656258363022
OUT_13125,192.71983565547853
OUT_13126,61.90873497084032
OUT_13127,31.840571213291863
OUT_13128,697.5477298514207
OUT_13129,175.1224339014895
OUT_13130,166.282082674049
OUT_13131,49.35921864528116
OUT_13132,40.83433740016813
OUT_13133,42.16196303794396
OUT_13134,47.3182432888398
OUT_13135,710.6323007427084
OUT_13136,40.26205005489052
OUT_13137,38.3458434416455
OUT_13138,40.39670408023338
OUT_13139,46.407129143458064
OUT_13141,205.37612358767885
OUT_13142,59.1656373608863
OUT_13143,74.6679957357725
OUT_13144,777.4192868874509
OUT_13145,37.73625756929345
OUT_13146,45.07683597565935
OUT_13147,70.44537548436094
OUT_13148,117.66375239427867
OUT_13149,781.5454906681306
OUT_13150,126.2761104498335
OUT_13151,218.4980602561343
OUT_13152,160.3756086704064
OUT_13153,152.67493259865466
OUT_13154,37.71147543766038
OUT_13155,48.59881652717497
OUT_13156,57.39522748913275
OUT_13157,157.25811800015188
OUT_13158,731.856302816135
OUT_13159,48.37272444176601
OUT_13160,69.75754696521659
OUT_13161,38.03541765427849
OUT_13162,54.09407870914988
OUT_13163,44.34756734258619
OUT_13164,73.39884454359466
OUT_13165,200.21707910167785
OUT_13166,45.60516862663973
OUT_13167,217.7052247956791
OUT_13168,522.0533737826233
OUT_13169,32.9437290071296
OUT_13170,164.7218666622048
OUT_13171,183.2331365341149
OUT_13172,165.9488943764667
OUT_13173,711.8397746338317
OUT_13174,67.19144169964123
OUT_13175,33.7585896786069
OUT_13176,41.95668495237406
OUT_13177,184.547782387769
OUT_13178,37.31633035167194
OUT_13179,51.406761354184496
OUT_13180,154.5387174156978
OUT_13181,32.190542536373776
OUT_13182,76.31646356348926
OUT_13183,62.45334968782344
OUT_13184,130.84861780858677
OUT_13185,149.3063404780224
OUT_13186,149.31666089490554
OUT_13187,41.605708765525904
OUT_13188,195.9056574087096
OUT_13189,191.12376973019877
OUT_13190,55.12784120814938
OUT_13191,29.92252038199784
OUT_13192,35.28298634233473
OUT_13193,40.55889758163987
OUT_13194,229.2959773210053
OUT_13195,77.7924413972169
OUT_13196,42.61048599063982
OUT_13197,54.112309320599046
OUT_13198,190.593514811502
OUT_13199,34.08365054410334
OUT_13200,28.811746561877836
OUT_13201,167.2381212881758
OUT_13202,66.81588806318489
OUT_13203,224.36214340189943
OUT_13204,37.82354857762325
OUT_13205,40.48724399394524
OUT_13206,497.5755803332484
OUT_13207,58.79142908930267
OUT_13208,43.82518010033813
OUT_13209,36.60008915106441
OUT_13210,127.85663790188283
OUT_13211,72.65204839782034
OUT_13212,45.18876914362091
OUT_13213,147.84838604487248
OUT_13214,40.08976963751418
OUT_13215,46.37193280752647
OUT_13216,70.32307442191063
OUT_13217,33.102524938396776
OUT_13218,30.792188288274733
OUT_13219,60.679609354444345
OUT_13220,765.2315008110071
OUT_13221,52.004848792327095
OUT_13222,78.17984684260594
OUT_13223,189.10289025208476
OUT_13224,64.62416419487316
OUT_13225,47.24342793889799
OUT_13226,49.28931269834164
OUT_13227,217.49276653208992
OUT_13228,833.9052909194941
OUT_13229,47.45348290610418
OUT_13230,1905.0939630027383
OUT_13231,807.5630824035325
OUT_13232,1886.1931228811125
OUT_13233,49.14015724592534
OUT_13234,1996.115485213625
OUT_13235,65.14638759781216
OUT_13236,58.4178818886325
OUT_13237,1847.8438755293175
OUT_13238,520.6417958898625
OUT_13239,45.093092182032
OUT_13240,1889.8928727532443
OUT_13241,200.16418188313315
OUT_13242,47.20575209562395
OUT_13243,164.55259723950616
OUT_13244,50.9527702946076
OUT_13245,26.494519901403937
OUT_13246,150.11096102811186
OUT_13247,51.50899462622282
OUT_13248,37.78203297955263
OUT_13249,57.67723187543049
OUT_13250,66.81757858291398
OUT_13251,40.44281528941886
OUT_13252,769.2850150286553
OUT_13253,39.79525341892807
OUT_13254,1988.7012326195409
OUT_13255,37.61554851400732
OUT_13256,514.230499477186
OUT_13257,44.00564109840807
OUT_13258,197.7949225620464
OUT_13259,39.12498663747621
OUT_13260,45.86058926532957
OUT_13261,56.581886037519546
OUT_13262,41.465355345841175
OUT_13263,31.708335862378878
OUT_13264,200.32873870524895
OUT_13265,35.44688989056706
OUT_13266,1889.3224418542725
OUT_13267,46.04372892613998
OUT_13268,76.82114455096473
OUT_13269,527.6767027729834
OUT_13270,820.1952701257143
OUT_13271,781.8060507866759
OUT_13272,517.0089976508207
OUT_13273,34.69174889941444
OUT_13274,50.04529683344715
OUT_13275,48.09355473453654
OUT_13276,81.28140134642678
OUT_13277,133.05609332367067
OUT_13278,36.49770162470424
OUT_13279,135.7543054249339
OUT_13280,181.24040578361831
OUT_13281,763.1393323326159
OUT_13282,33.24678743885894
OUT_13283,29.319204970057907
OUT_13284,810.484462834112
OUT_13285,742.7915870129477
OUT_13286,128.47589688651826
OUT_13287,50.989208448495454
OUT_13288,683.1324494464153
OUT_13289,785.6594687825407
OUT_13290,38.6999038715786
OUT_13291,41.40857478656302
OUT_13292,189.4757150549246
OUT_13293,163.7472902709191
OUT_13294,179.3010141154302
OUT_13295,35.082834930050936
OUT_13296,1889.670252097468
OUT_13297,154.0842226140686
OUT_13298,135.14129523247587
OUT_13299,43.572037524285975
OUT_13301,64.48706573464663
OUT_13302,130.1259142073891
OUT_13303,214.8550312524283
OUT_13304,47.39137115393873
OUT_13305,47.9240552449815
OUT_13306,36.43811593739713
OUT_13307,28.105740377002626
OUT_13308,33.92947850656502
OUT_13309,129.37277872825544
OUT_13310,51.63426376960419
OUT_13311,217.81682159932703
OUT_13312,43.46341329733213
OUT_13313,41.365898624069374
OUT_13314,1863.9142161140592
OUT_13315,36.360921720589495
OUT_13316,38.982366598241576
OUT_13317,43.75087887690973
OUT_13318,702.8139141799059
OUT_13319,789.0688732337102
OUT_13320,627.2665816488369
OUT_13321,46.75879202587088
OUT_13322,41.83253599173726
OUT_13323,40.29858284274973
OUT_13324,130.85070872825702
OUT_13325,39.2715986117136
OUT_13326,72.91815787423555
OUT_13328,43.15220240156837
OUT_13329,68.29145061664371
OUT_13330,40.08911552799605
OUT_13331,34.928320310371056
OUT_13332,43.3351963643271
OUT_13333,1882.4426500039265
OUT_13334,227.61377654301944
OUT_13335,1928.6567921083415
OUT_13336,56.71632586852869
OUT_13337,35.54784352512424
OUT_13338,716.0610111398526
OUT_13339,758.8975265471793
OUT_13340,70.58158429986914
OUT_13341,62.573672397835786
OUT_13342,68.32650639429828
OUT_13343,517.3104008418037
OUT_13344,53.18940906357355
OUT_13345,41.37144193693989
OUT_13346,48.22748282442838
OUT_13347,1833.4900640589851
OUT_13348,45.61315170448196
OUT_13349,35.34050357987251
OUT_13350,753.0092820149215
OUT_13351,152.62033305972523
OUT_13352,213.94475004931184
OUT_13353,114.23740644364604
OUT_13354,65.92745618169093
OUT_13355,117.89651884090956
OUT_13356,30.74189266989386
OUT_13357,43.12655516516712
OUT_13358,34.81019518373439
OUT_13359,51.09293896927971
OUT_13360,112.42262238956118
OUT_13361,47.76590626815376
OUT_13362,37.31872608787626
OUT_13363,42.67195878025278
OUT_13364,206.73169821856845
OUT_13365,46.07189241538804
OUT_13366,115.60815785021084
OUT_13367,49.8245383242941
OUT_13368,169.63634987347223
OUT_13369,225.27616981139695
OUT_13370,859.4918883494316
OUT_13371,40.73631019514103
OUT_13372,52.37078249002164
OUT_13373,39.26573560286412
OUT_13374,42.81114024656945
OUT_13375,29.83018775588053
OUT_13376,189.34748185113315
OUT_13377,189.10982187602824
OUT_13378,34.69520219638157
OUT_13379,1877.007431224156
OUT_13380,124.72880874070565
OUT_13381,37.15297807242782
OUT_13382,55.79917421584653
OUT_13383,48.43751968419952
OUT_13384,172.55271506711918
OUT_13385,209.86455231108116
OUT_13386,34.416233579059345
OUT_13387,112.25189406581735
OUT_13388,144.3271101211201
OUT_13389,130.3991603988842
OUT_13390,767.5580939768723
OUT_13391,177.12297894548118
OUT_13392,824.3239764240171
OUT_13393,38.8920037036109
OUT_13394,41.32877271328032
OUT_13395,777.774177326723
OUT_13396,66.07887162446359
OUT_13397,39.24149739908058
OUT_13398,39.145934498851474
OUT_13399,39.50421790426551
OUT_13400,43.418540401588
OUT_13401,112.69441194222748
OUT_13402,192.85988459000785
OUT_13403,1875.0760304469209
OUT_13404,49.00675852293951
OUT_13405,209.9641867788832
OUT_13406,35.960939994698904
OUT_13407,31.59576155366893
OUT_13408,46.29171638867971
OUT_13409,134.6374984752432
OUT_13410,757.2078441112433
OUT_13411,65.90977725634352
OUT_13412,1838.2497934257524
OUT_13413,200.8606955693272
OUT_13414,684.3077021310481
OUT_13415,46.25504461562867
OUT_13416,140.66223728174486
OUT_13417,700.6734611220872
OUT_13418,44.59715939617771
OUT_13419,36.57259073438434
OUT_13420,29.74160969214792
OUT_13421,74.18793622891006
OUT_13422,35.764353786602406
OUT_13423,44.80432365475768
OUT_13424,46.99442866353633
OUT_13425,45.36227202411886
OUT_13426,48.63543673994726
OUT_13427,65.26414546300319
OUT_13428,52.951433354831615
OUT_13429,49.05819618806053
OUT_13430,740.4543561381885
OUT_13431,51.96671935583728
OUT_13432,40.07688435685551
OUT_13433,63.08444552255859
OUT_13434,73.71567814892943
OUT_13435,38.60492487212218
OUT_13436,73.52674848669209
OUT_13437,48.89000807989036
OUT_13438,31.996127190433587
OUT_13439,62.48334072251078
OUT_13440,736.3990345679013
OUT_13441,44.84886866975517
OUT_13442,728.7831465636938
OUT_13443,205.3836782562306
OUT_13444,38.96080001691914
OUT_13445,68.10764800995265
OUT_13446,803.5180303588498
OUT_13447,216.60862681083893
OUT_13448,708.0740558870963
OUT_13449,43.18698319878564
OUT_13450,148.3815904986502
OUT_13451,34.01057022300324
OUT_13452,54.42407673564342
OUT_13453,528.90230160522
OUT_13454,69.04178659257103
OUT_13455,215.9056802306613
OUT_13456,78.16518230180503
OUT_13457,155.19457656613127
OUT_13458,711.1079956439579
OUT_13459,40.51207444792338
OUT_13460,71.88243951835422
OUT_13461,32.4699299175044
OUT_13462,176.65013127616697
OUT_13463,46.04564124261227
OUT_13464,174.68549917438003
OUT_13465,40.66637736750838
OUT_13466,32.449983480624375
OUT_13467,73.8502254160266
OUT_13468,786.64678872885
OUT_13469,548.8889034986361
OUT_13470,194.9496559992056
OUT_13471,56.251438832313
OUT_13472,173.52429904128522
OUT_13473,45.5323357996916
OUT_13474,72.09721071022769
OUT_13475,48.76582592024393
OUT_13476,152.14264971582048
OUT_13477,727.794664613342
OUT_13478,130.7841966890782
OUT_13479,26.49948899361072
OUT_13480,48.55616146442807
OUT_13481,1910.919107624496
OUT_13482,132.35545745304935
OUT_13483,28.19646305279687
OUT_13484,181.32640121806256
OUT_13485,506.7086683913584
OUT_13486,69.28186291195314
OUT_13487,43.694020380081135
OUT_13488,171.0202694434365
OUT_13489,180.8978452058145
OUT_13490,178.9701023720665
OUT_13491,54.7714159769919
OUT_13492,38.78012661738591
OUT_13493,38.86782768279378
OUT_13494,36.3436318913086
OUT_13495,71.29541494191501
OUT_13496,665.4417030246312
OUT_13497,36.9587139350016
OUT_13498,134.20239671337936
OUT_13499,183.7080950986071
OUT_13500,122.00240046684476
OUT_13501,178.27848674621464
OUT_13502,64.66028461008109
OUT_13503,70.57061553275258
OUT_13504,837.5247877230843
OUT_13505,759.8667712638149
OUT_13506,762.2473099685144
OUT_13507,133.76251900172116
OUT_13508,54.22876938682963
OUT_13509,192.41339581605908
OUT_13510,49.97065598612348
OUT_13511,57.10475251708943
OUT_13512,50.60012155956112
OUT_13513,66.07643300471045
OUT_13514,1888.3898093574808
OUT_13515,143.8650486931584
OUT_13516,717.3668674575058
OUT_13517,108.80008791041872
OUT_13518,35.8301663232219
OUT_13519,48.47513547400096
OUT_13520,739.8337747468887
OUT_13521,36.58113238538844
OUT_13522,562.4234772744609
OUT_13523,68.14266265869799
OUT_13524,175.0292309389797
OUT_13525,26.558668187442866
OUT_13526,714.8440561454344
OUT_13527,769.3588715319503
OUT_13528,56.254747649656025
OUT_13529,38.10615470195904
OUT_13530,673.7055418779088
OUT_13531,213.0364093305541
OUT_13532,30.40941050790688
OUT_13533,121.85086039691886
OUT_13534,1809.644559834777
OUT_13535,36.34436726842168
OUT_13536,728.9981254748969
OUT_13537,44.89047948367435
OUT_13538,45.80095412917071
OUT_13539,154.39524882675153
OUT_13540,1895.8776356070307
OUT_13541,41.45109184547944
OUT_13542,62.03435352709077
OUT_13543,213.73048622097485
OUT_13544,126.93162716112828
OUT_13545,143.77057513259427
OUT_13546,148.02191258461696
OUT_13547,135.70123930597646
OUT_13548,43.64228762897292
OUT_13549,214.26860275737627
OUT_13550,57.12632880719245
OUT_13551,189.2491473034786
OUT_13552,59.3675571807872
OUT_13553,40.51435012941021
OUT_13554,143.43179315057068
OUT_13555,64.31478883582213
OUT_13556,776.4825399014363
OUT_13557,55.74362476909168
OUT_13558,60.948043667126434
OUT_13559,44.94394155618518
OUT_13560,1952.1919207215449
OUT_13561,52.96788005153807
OUT_13562,629.8462498323125
OUT_13563,779.227275261695
OUT_13564,48.68382858492304
OUT_13565,38.40537452241987
OUT_13566,55.14057205638085
OUT_13568,220.04264325036957
OUT_13569,41.64691967903758
OUT_13570,34.146506964035474
OUT_13571,70.98506639904245
OUT_13572,39.00886880181579
OUT_13573,45.58467523416992
OUT_13574,817.683521676658
OUT_13575,823.4063869448759
OUT_13576,35.77054436115457
OUT_13577,53.50515345346542
OUT_13578,63.96727014097447
OUT_13579,648.8294142193382
OUT_13580,146.44351016017322
OUT_13581,66.40324425569774
OUT_13582,193.65724064501023
OUT_13583,29.049258962965656
OUT_13584,47.82974028347058
OUT_13585,66.7595465350345
OUT_13586,46.24621540457134
OUT_13587,65.53513576939078
OUT_13588,45.353408382388274
OUT_13589,52.83393532686306
OUT_13590,168.355587342205
OUT_13591,38.73332251622338
OUT_13592,190.8866108419484
OUT_13593,62.15878431622887
OUT_13594,40.64392455067504
OUT_13595,735.625242042744
OUT_13596,670.7388953768086
OUT_13597,36.04437999307707
OUT_13599,1923.2335954490468
OUT_13600,44.74526629816642
OUT_13601,58.51521859356857
OUT_13602,177.79539587612356
OUT_13603,729.6746590894353
OUT_13604,37.01257612494348
OUT_13605,195.92463027266825
OUT_13606,42.8212351080978
OUT_13607,164.47113693943783
OUT_13609,41.094656973181614
OUT_13610,34.85178310653293
OUT_13611,712.1515483100768
OUT_13612,39.60688768319464
OUT_13613,1290.581897096264
OUT_13614,223.85777165521344
OUT_13615,34.318601473845675
OUT_13616,32.19622906156135
OUT_13617,137.43783262812516
OUT_13618,1890.088785228174
OUT_13620,821.7447346640205
OUT_13621,40.702655511144094
OUT_13622,211.30087182671724
OUT_13623,160.3517856004624
OUT_13624,137.17364797825138
OUT_13625,191.1620454275449
OUT_13626,222.36698924911585
OUT_13627,167.63879400245264
OUT_13628,32.84678448105341
OUT_13629,42.51675881333482
OUT_13630,41.21178727391484
OUT_13631,121.96765284846023
OUT_13632,54.537661906019686
OUT_13633,139.16243030835895
OUT_13634,538.0862828056648
OUT_13635,51.14012234115821
OUT_13636,41.633113425967785
OUT_13637,37.68875837365631
OUT_13638,192.4302602409669
OUT_13639,1880.522072675978
OUT_13640,180.1453751063346
OUT_13641,144.47554981140905
OUT_13642,773.0359786558982
OUT_13643,83.1364203704161
OUT_13644,742.1364964007387
OUT_13645,683.0790615002687
OUT_13646,33.69007218850546
OUT_13647,1885.23187074123
OUT_13648,1887.4659557890388
OUT_13649,735.159354793302
OUT_13650,43.77255308971957
OUT_13651,220.99712292644224
OUT_13652,45.85974648380266
OUT_13653,23.920748976830687
OUT_13654,152.8802601572311
OUT_13655,50.3464539873036
OUT_13656,39.9964555682333
OUT_13657,144.1023357296388
OUT_13658,43.90126500728229
OUT_13659,40.83441352593713
OUT_13660,125.81335077354672
OUT_13661,43.86756371880584
OUT_13662,173.7810752436427
OUT_13663,175.43576478759513
OUT_13664,680.2293889944534
OUT_13665,1854.801587709078
OUT_13666,61.76926021030626
OUT_13667,42.95160349732885
OUT_13668,94.62204535224026
OUT_13669,46.65218088088982
OUT_13670,658.2548518763165
OUT_13671,107.64034488404572
OUT_13672,182.6428743029274
OUT_13673,35.91913965917888
OUT_13674,52.16748684865894
OUT_13675,75.34280029069346
OUT_13676,42.31131567627261
OUT_13677,586.8738169661874
OUT_13678,545.4027829598094
OUT_13679,31.445811609670923
OUT_13680,68.90598776750247
OUT_13681,33.33144849762284
OUT_13682,34.73999125929034
OUT_13683,202.5839753590416
OUT_13684,126.54790298022216
OUT_13685,54.31054419866242
OUT_13686,36.6898491471896
OUT_13687,118.73401571252536
OUT_13688,40.22204923121784
OUT_13689,60.50751672891669
OUT_13690,31.446340997739128
OUT_13691,171.24978166110682
OUT_13692,55.24378269864399
OUT_13693,182.17396906707967
OUT_13694,1907.5716788787752
OUT_13695,76.01600831860911
OUT_13696,204.77186549260023
OUT_13697,192.5649214059017
OUT_13698,39.92779260232244
OUT_13699,136.60140814617273
OUT_13700,48.00199734931586
OUT_13701,33.95395387196143
OUT_13702,187.6325829225165
OUT_13703,43.037569251641614
OUT_13704,44.09903342509638
OUT_13705,90.36530897097504
OUT_13706,37.04453399403311
OUT_13707,33.53297403639885
OUT_13708,40.38472176609475
OUT_13709,60.493069366364224
OUT_13710,63.72935481063495
OUT_13711,69.21066775742806
OUT_13712,73.4888151780359
OUT_13713,54.16341335819674
OUT_13714,38.34951757018518
OUT_13715,778.0923632335563
OUT_13716,743.6343407107022
OUT_13717,180.07734972338878
OUT_13718,628.3481760438405
OUT_13719,120.73828558725076
OUT_13720,43.30016893396161
OUT_13721,147.84221125045022
OUT_13722,186.49396945719093
OUT_13723,195.90738743789188
OUT_13724,49.93637621827732
OUT_13725,40.701354672245536
OUT_13726,126.36345636354092
OUT_13727,69.0757746542187
OUT_13728,44.16807071461536
OUT_13729,46.53212743918361
OUT_13730,56.28365550878634
OUT_13731,32.66194055231359
OUT_13732,153.57022225398126
OUT_13733,44.837998897044265
OUT_13734,534.125762395337
OUT_13735,33.861523045845814
OUT_13736,536.6728542430037
OUT_13737,523.8563115973709
OUT_13738,74.32350103147238
OUT_13739,43.102391919548026
OUT_13740,39.59969725651993
OUT_13741,43.12517848009698
OUT_13742,727.2707556472512
OUT_13743,53.17768564678151
OUT_13744,66.2744008347519
OUT_13745,39.13275009143067
OUT_13746,35.18464059416027
OUT_13747,143.64042423731138
OUT_13748,45.24063401012197
OUT_13749,43.58408115026504
OUT_13750,174.6194767329258
OUT_13751,74.2144759745419
OUT_13752,152.4987942729956
OUT_13753,1926.841865655413
OUT_13754,30.263180684619293
OUT_13755,185.8325479666345
OUT_13756,81.1196756000745
OUT_13757,681.1774679337638
OUT_13758,512.4661596029563
OUT_13759,56.20511869457308
OUT_13760,143.4324064923565
OUT_13761,777.7315691296176
OUT_13762,523.0549818072049
OUT_13763,682.736352677305
OUT_13764,41.92479822007347
OUT_13765,37.94304952284803
OUT_13766,36.32363379648077
OUT_13767,147.68240873903866
OUT_13768,134.35887695543403
OUT_13769,46.24123516211952
OUT_13770,33.02109894673223
OUT_13771,44.542726259567694
OUT_13772,59.17594276284008
OUT_13773,138.12990950601326
OUT_13774,42.37070001159244
OUT_13775,68.51161022467286
OUT_13776,218.34241125235008
OUT_13777,130.5086273481411
OUT_13778,35.84186249182844
OUT_13779,47.77711323992604
OUT_13780,694.4473757963714
OUT_13781,36.99788455180435
OUT_13782,61.3926977016141
OUT_13783,50.8852044763681
OUT_13784,56.56796462854728
OUT_13785,34.952639547166285
OUT_13786,195.07548612937063
OUT_13787,42.6047509715398
OUT_13788,49.28546485057263
OUT_13789,135.4105161068239
OUT_13790,199.27808292184335
OUT_13791,765.8175238138001
OUT_13792,35.33151847302438
OUT_13793,119.7785463976499
OUT_13794,50.3133285390229
OUT_13795,50.26931930686309
OUT_13796,137.8943966581325
OUT_13797,32.599754905600086
OUT_13798,30.581569374535785
OUT_13799,40.46073433620965
OUT_13800,621.912506265996
OUT_13801,1866.127335845441
OUT_13802,748.5880653504101
OUT_13803,32.43969818742995
OUT_13804,44.02210938705766
OUT_13805,56.069052737831925
OUT_13806,198.8951246765749
OUT_13807,184.2832321974524
OUT_13808,1873.852088405989
OUT_13809,34.548979487563514
OUT_13810,50.5100954789511
OUT_13811,174.18009163838747
OUT_13812,719.4511861917168
OUT_13813,1892.336712132245
OUT_13814,51.14290818976049
OUT_13815,729.5193160165386
OUT_13816,63.02453911397596
OUT_13817,131.3721377877216
OUT_13818,186.4445937684728
OUT_13819,180.5901636055327
OUT_13820,32.45288698465307
OUT_13821,764.6725233155705
OUT_13822,31.992608404640876
OUT_13823,145.86290116472543
OUT_13824,49.5966853706062
OUT_13825,42.05210317617826
OUT_13826,137.10863620435993
OUT_13827,119.41077172001944
OUT_13828,1872.2810105415692
OUT_13829,187.37645024178488
OUT_13830,38.89940807599729
OUT_13831,152.76138337845703
OUT_13832,70.53546045688944
OUT_13833,185.8380304353837
OUT_13834,229.52692914149097
OUT_13835,126.67713012084435
OUT_13836,36.068505249573626
OUT_13837,43.35147861473812
OUT_13838,32.504143936211705
OUT_13839,145.594522063748
OUT_13840,189.83633373415924
OUT_13841,37.9579731371073
OUT_13842,64.85371131729114
OUT_13843,195.72217371009907
OUT_13844,57.125004212073534
OUT_13845,33.0897745377754
OUT_13846,64.81077338838496
OUT_13847,117.25905135026126
OUT_13848,46.32678326433671
OUT_13850,72.99152107666785
OUT_13851,753.0438846197405
OUT_13852,68.50884566635119
OUT_13853,60.60355702949881
OUT_13854,29.485746850888624
OUT_13855,26.034655682015757
OUT_13856,78.70668319482476
OUT_13857,788.2145789853543
OUT_13858,514.2075041145499
OUT_13859,38.39498699172725
OUT_13860,33.65991066424009
OUT_13861,42.45155479374265
OUT_13862,43.903153079332654
OUT_13863,40.97541822181184
OUT_13864,37.507172336890505
OUT_13865,40.17815962356435
OUT_13866,68.59537842956156
OUT_13867,41.46599413841847
OUT_13868,58.92326844734182
OUT_13869,56.75949576264814
OUT_13870,32.445254698982474
OUT_13871,180.4000345169066
OUT_13872,36.4395038521794
OUT_13873,170.6700585841465
OUT_13874,38.29950432527659
OUT_13875,707.9621806273697
OUT_13876,177.58428413695404
OUT_13877,696.8247293749765
OUT_13878,142.76231080649802
OUT_13879,168.5095331282117
OUT_13880,1852.4300876175685
OUT_13881,116.91343484444072
OUT_13882,35.562991423041915
OUT_13883,1861.0877751198132
OUT_13884,732.1234805901729
OUT_13885,37.90025852960806
OUT_13886,55.612171370313305
OUT_13887,38.61088593318246
OUT_13888,37.36497400836577
OUT_13889,65.29788911966833
OUT_13890,46.48088809296866
OUT_13891,121.09682459353282
OUT_13892,31.703121857913164
OUT_13893,42.07128957743527
OUT_13894,222.81766272423647
OUT_13895,62.22078219378719
OUT_13896,229.17218519712952
OUT_13897,219.1551667215591
OUT_13898,39.52542702589439
OUT_13899,71.42654192005183
OUT_13900,164.5839898399886
OUT_13901,31.35700827282643
OUT_13902,131.7609578149046
OUT_13903,49.39499692594023
OUT_13904,647.6630522377953
OUT_13905,1870.290278142372
OUT_13906,69.72003051508766
OUT_13907,175.35070046069194
OUT_13908,1895.5247866716163
OUT_13909,69.93145203600871
OUT_13910,58.30857115456292
OUT_13911,45.02818503944168
OUT_13912,726.7544053466738
OUT_13913,183.88270647146223
OUT_13914,205.9892871256885
OUT_13915,219.2460319458808
OUT_13916,169.75153399022506
OUT_13917,132.06142007258345
OUT_13918,142.0539192069999
OUT_13919,171.7145701085868
OUT_13920,56.273835207391926
OUT_13921,1866.372585889431
OUT_13922,56.36712736818116
OUT_13923,41.71943747126544
OUT_13924,156.9840434774626
OUT_13925,720.222590408266
OUT_13926,113.98591399219656
OUT_13927,44.13582190457305
OUT_13928,54.42306000536146
OUT_13929,39.93635883761104
OUT_13930,44.20822561235914
OUT_13931,156.88289720264925
OUT_13932,184.28928317476036
OUT_13933,161.99146860422513
OUT_13934,47.80508098998108
OUT_13935,106.71780975209424
OUT_13936,36.25102826462583
OUT_13937,747.6448316221415
OUT_13938,141.53736844087027
OUT_13939,44.85855318512882
OUT_13940,201.3966720602843
OUT_13941,36.28332962705073
OUT_13942,68.57188093970625
OUT_13943,733.01191812974
OUT_13944,498.446484247688
OUT_13945,46.14876210042375
OUT_13946,225.4964778494266
OUT_13947,185.72869275787787
OUT_13948,61.90314149326075
OUT_13949,34.45100294191093
OUT_13950,673.921344817972
OUT_13951,124.70674457869504
OUT_13952,52.76723068461757
OUT_13953,137.505618320262
OUT_13954,1890.4231859287324
OUT_13955,63.83711900943841
OUT_13956,556.3543436417384
OUT_13957,43.30859404094878
OUT_13958,134.54354349409348
OUT_13959,121.65985525412032
OUT_13960,36.36092564128149
OUT_13961,186.78723946275844
OUT_13962,50.153618539812896
OUT_13963,783.7259466814739
OUT_13964,39.11275979745668
OUT_13965,101.45197319526396
OUT_13966,54.607938880538526
OUT_13967,37.24825138540332
OUT_13968,87.20715930325403
OUT_13969,176.93252848212325
OUT_13970,656.7455252830238
OUT_13971,49.90588758079165
OUT_13972,774.1606566818588
OUT_13973,173.02708120907758
OUT_13974,58.0248575367511
OUT_13975,687.0554005649161
OUT_13977,723.4699135018619
OUT_13978,50.90712315928643
OUT_13979,133.44501765626757
OUT_13980,143.3407435910625
OUT_13981,1936.93299305507
OUT_13982,1933.762942574104
OUT_13983,44.230785063697375
OUT_13984,65.37628448922355
OUT_13985,64.95163298567792
OUT_13986,1869.585938349417
OUT_13987,55.79594781021341
OUT_13988,183.66099387611385
OUT_13989,37.439800882726885
OUT_13990,45.82360688076109
OUT_13991,140.1395903746279
OUT_13992,581.1178680798163
OUT_13993,37.4876459586555
OUT_13994,156.22061929778388
OUT_13995,63.01247067542764
OUT_13996,1888.1515982190056
OUT_13997,40.42517792071372
OUT_13999,37.62482070758775
OUT_14000,63.14356366182443
OUT_14001,37.74234485115492
OUT_14002,80.86121369132421
OUT_14003,50.45992132274984
OUT_14004,41.0013718702643
OUT_14005,158.54898048866147
OUT_14006,40.504556084240775
OUT_14007,170.62593225565195
OUT_14008,149.13624234565455
OUT_14009,162.44028931142125
OUT_14010,47.68415130015373
OUT_14011,149.14480910505262
OUT_14012,36.738936788986464
OUT_14013,43.256293522323205
OUT_14014,722.7572688523491
OUT_14015,701.2373496048257
OUT_14016,56.53326235409829
OUT_14017,132.7012507658613
OUT_14018,63.43312845955775
OUT_14019,131.113868044128
OUT_14020,40.50287519160081
OUT_14021,151.6512113143491
OUT_14022,78.6708541901354
OUT_14023,1888.5062140085065
OUT_14024,517.2786239589403
OUT_14025,850.4118142457065
OUT_14026,31.62368369693271
OUT_14027,57.75278089534092
OUT_14028,56.16871561054885
OUT_14029,509.730122060258
OUT_14030,752.11740893971
OUT_14031,131.99877871818356
OUT_14032,697.3099601547507
OUT_14033,686.3946619266883
OUT_14034,1896.547140398569
OUT_14035,54.58022885735989
OUT_14036,749.6194392824304
OUT_14037,763.8837928629437
OUT_14038,39.80374679972487
OUT_14039,125.37199328385724
OUT_14040,189.6943391566556
OUT_14041,38.06187451236428
OUT_14042,37.32237973824876
OUT_14043,39.29425894492508
OUT_14044,40.94150772261609
OUT_14045,116.16169424851029
OUT_14046,30.844702278383583
OUT_14047,152.49647719631318
OUT_14048,50.587938285198405
OUT_14049,69.99223500678512
OUT_14050,1892.3359348608567
OUT_14051,165.89663705589788
OUT_14052,39.496452743184506
OUT_14053,44.82635004554286
OUT_14054,45.67813037207893
OUT_14055,43.86610059668615
OUT_14056,113.30765732233154
OUT_14057,747.5654776047013
OUT_14058,173.96479178799805
OUT_14059,56.64376462810727
OUT_14060,178.8523124043911
OUT_14061,139.6909162291881
OUT_14062,761.3641368788924
OUT_14063,1288.921522016011
OUT_14064,35.38138733502829
OUT_14065,686.0999865117051
OUT_14066,40.73001880987977
OUT_14067,38.96369099786829
OUT_14068,198.79512388079763
OUT_14069,50.88921947885775
OUT_14070,101.74964545300324
OUT_14071,58.68319371324285
OUT_14072,145.69967551242087
OUT_14073,41.06237592269633
OUT_14074,541.8422780910419
OUT_14075,66.6981072586316
OUT_14076,515.2986754425347
OUT_14077,51.36452083882186
OUT_14078,187.1801660372953
OUT_14079,43.91166383947387
OUT_14080,162.11467573357208
OUT_14081,36.972310994120576
OUT_14082,670.3745387343113
OUT_14083,30.950520391966407
OUT_14084,34.34556640000508
OUT_14085,168.79774170707367
OUT_14086,742.4682193106282
OUT_14087,50.3232465303692
OUT_14088,190.75205346944492
OUT_14089,708.3801771129586
OUT_14090,739.3778177385477
OUT_14091,65.66912864691224
OUT_14092,44.181777021156165
OUT_14093,1875.631586052496
OUT_14094,68.89933131594543
OUT_14095,140.4337681265396
OUT_14096,38.007663583392976
OUT_14097,30.469659562759283
OUT_14098,133.6578227035164
OUT_14099,164.8292194430457
OUT_14100,39.76782043189515
OUT_14101,36.39079974171505
OUT_14102,167.3615406682573
OUT_14103,45.635220474897054
OUT_14104,34.680012484626
OUT_14105,42.2328119567684
OUT_14106,159.9483500160503
OUT_14107,49.40114450745972
OUT_14108,43.39933618069835
OUT_14109,817.2781301859245
OUT_14110,193.23620011580056
OUT_14111,737.0597162987724
OUT_14112,51.13179606505458
OUT_14113,30.834016875267743
OUT_14114,715.6629726327714
OUT_14115,46.3297942084911
OUT_14116,41.979229281336
OUT_14117,173.76367218570036
OUT_14118,1319.7920689374982
OUT_14119,175.1023927686236
OUT_14120,37.38577715329789
OUT_14121,47.56509940323131
OUT_14122,47.2532175407645
OUT_14123,39.11758571735904
OUT_14124,40.54572761100179
OUT_14125,43.012117387277
OUT_14126,136.55725952970477
OUT_14127,733.9269779136542
OUT_14128,38.294836765599605
OUT_14129,28.479122827907343
OUT_14130,43.3777557327652
OUT_14131,748.7714471657467
OUT_14132,185.44243272158803
OUT_14133,519.8358697642927
OUT_14134,67.84860491554244
OUT_14135,132.66678362410238
OUT_14136,52.79962502917245
OUT_14137,37.7824066207729
OUT_14138,48.54330571595799
OUT_14139,1868.292767134686
OUT_14140,48.94994625937644
OUT_14141,41.40773643362055
OUT_14142,119.6267920162944
OUT_14143,67.77013701822227
OUT_14144,146.96003303570924
OUT_14145,124.26781170815326
OUT_14146,206.7098977971248
OUT_14147,167.98705792592253
OUT_14148,45.85055524524088
OUT_14149,38.15358316628343
OUT_14150,49.9370523161406
OUT_14151,35.30035212300722
OUT_14152,110.83430043975514
OUT_14153,36.45628478009213
OUT_14154,114.95686077695856
OUT_14155,49.86836240013051
OUT_14156,192.10740517075268
OUT_14157,63.55654629226984
OUT_14158,63.816151926486654
OUT_14159,162.39850775988387
OUT_14160,35.61267611838408
OUT_14161,37.34051440671734
OUT_14162,133.17695171467497
OUT_14163,42.91339965848096
OUT_14164,139.65287331499516
OUT_14165,168.96003972948316
OUT_14166,162.32458681982442
OUT_14167,41.97283791231792
OUT_14168,61.77531848682682
OUT_14169,154.02383994380585
OUT_14170,166.68559863926268
OUT_14171,59.159236905402985
OUT_14172,128.332130473845
OUT_14173,129.63637103000295
OUT_14174,48.03540533315857
OUT_14175,765.4121424634002
OUT_14177,60.9888841275745
OUT_14178,55.77824598373439
OUT_14179,129.6014335860887
OUT_14180,60.64452871711736
OUT_14181,36.08829854556334
OUT_14182,222.63974821897403
OUT_14183,60.155606749578645
OUT_14184,31.296093650069576
OUT_14185,44.37851187477801
OUT_14186,754.385965696691
OUT_14188,39.53063128062408
OUT_14189,124.5732407158112
OUT_14190,33.7730983516664
OUT_14191,711.26166153809
OUT_14192,749.4221555640585
OUT_14193,61.214670205002015
OUT_14194,37.3784481851225
OUT_14195,528.9810501189631
OUT_14196,47.2253325404502
OUT_14197,649.5726536302503
OUT_14198,63.43526005917951
OUT_14199,60.28901530925929
OUT_14200,1863.6244296431896
OUT_14201,59.283433460110686
OUT_14202,40.003915939568415
OUT_14203,178.54591496434176
OUT_14204,68.64301225184548
OUT_14205,40.6325550708538
OUT_14206,49.49117698670028
OUT_14207,139.95555113097942
OUT_14208,1883.311900379631
OUT_14209,186.88895533844803
OUT_14210,175.01249295857417
OUT_14211,40.64661413739324
OUT_14212,205.98414967608727
OUT_14213,46.87387938343141
OUT_14214,36.18128377752533
OUT_14215,177.56197988875527
OUT_14216,37.75215882004478
OUT_14217,1836.281759396208
OUT_14218,34.88332569127269
OUT_14219,38.43812143073087
OUT_14220,38.6827644345013
OUT_14221,165.78620821166558
OUT_14222,1892.2516973798631
OUT_14223,36.705755074843616
OUT_14224,73.47996877970816
OUT_14225,539.3381141439991
OUT_14226,523.4942887438169
OUT_14227,36.14185521896448
OUT_14228,153.3201441320276
OUT_14229,207.6765798359153
OUT_14230,45.58841680843723
OUT_14231,836.6625666809947
OUT_14232,37.85733354794876
OUT_14233,221.2925954149396
OUT_14234,36.99678593913818
OUT_14235,43.68008269304143
OUT_14236,162.0794937052089
OUT_14237,182.19711886270449
OUT_14238,187.71933281345852
OUT_14239,60.59518520665036
OUT_14240,1820.9668079965356
OUT_14241,760.7030842350246
OUT_14242,521.7289279620301
OUT_14243,194.60510439430712
OUT_14245,40.77931802765464
OUT_14246,30.82642292173961
OUT_14247,152.2290332314744
OUT_14248,131.17549017173064
OUT_14249,121.6152043381474
OUT_14250,29.59076207093638
OUT_14251,785.8300402823434
OUT_14252,179.990206746016
OUT_14253,125.8913386011834
OUT_14254,59.332981579933005
OUT_14255,31.82118377014156
OUT_14256,43.16707066570536
OUT_14257,216.61632654622608
OUT_14258,151.8178109765508
OUT_14259,37.73305594245745
OUT_14260,182.93955368341372
OUT_14261,38.17765216912788
OUT_14262,648.2704846538998
OUT_14263,206.04255020488904
OUT_14264,35.15681423409916
OUT_14265,126.52941168180924
OUT_14266,210.20394046029585
OUT_14267,151.071450875981
OUT_14268,156.49534306173285
OUT_14269,184.30900862330265
OUT_14270,42.97267221066886
OUT_14271,132.21975549765529
OUT_14272,141.1052401785056
OUT_14273,194.368753088938
OUT_14274,1888.051360919358
OUT_14275,141.82124683493558
OUT_14276,43.63632557044728
OUT_14277,181.01569697869388
OUT_14278,55.23612566860808
OUT_14279,71.11374198219748
OUT_14280,731.3154619392967
OUT_14281,1711.2545876406652
OUT_14282,720.6359170281718
OUT_14283,200.86709383022216
OUT_14284,31.4538405119477
OUT_14285,41.54152995764806
OUT_14286,51.88735614909613
OUT_14287,188.54640581893383
OUT_14288,31.113375683885742
OUT_14289,49.26115990504519
OUT_14290,168.77722365738518
OUT_14291,130.76005473589805
OUT_14292,716.0690444468008
OUT_14293,48.10743225473598
OUT_14294,1882.0559009072504
OUT_14295,34.218342510499824
OUT_14296,34.975865788867054
OUT_14297,490.73246403511257
OUT_14298,157.12475408328203
OUT_14299,155.2732983470932
OUT_14300,729.3842387710747
OUT_14301,29.14590241285562
OUT_14302,45.5464170251133
OUT_14303,154.4163051123436
OUT_14304,51.18305121103677
OUT_14305,791.7118441811456
OUT_14306,40.4904536328817
OUT_14307,51.65109672388116
OUT_14308,42.67513523239418
OUT_14309,59.67393604547184
OUT_14310,210.71311908349904
OUT_14311,40.08911552799605
OUT_14312,48.67119478080647
OUT_14313,27.450013979784373
OUT_14314,232.40908713995088
OUT_14315,38.49572331955773
OUT_14316,173.3439987236902
OUT_14317,48.24993838704939
OUT_14318,784.9182900985946
OUT_14319,188.2862510790032
OUT_14320,51.786751887957855
OUT_14321,60.85300753175738
OUT_14322,232.59897592528085
OUT_14323,673.5346233098513
OUT_14324,54.73513577118081
OUT_14325,42.14626909477219
OUT_14326,226.7480535065534
OUT_14327,54.7640044556633
OUT_14328,573.9324838151396
OUT_14329,41.77290396471126
OUT_14330,38.30564311196209
OUT_14331,70.46098635246663
OUT_14332,115.65487142699178
OUT_14333,53.69047614078381
OUT_14334,572.1628820750884
OUT_14335,43.34060877333106
OUT_14336,763.1075915919388
OUT_14337,1847.1671875428483
OUT_14338,224.52224025760125
OUT_14339,42.82855528167544
OUT_14340,179.15761526307978
OUT_14341,172.72145674707744
OUT_14342,145.62136356442917
OUT_14343,182.5933105792831
OUT_14344,40.50038109238585
OUT_14345,65.35824729796501
OUT_14346,522.3678771844803
OUT_14347,31.131846099196185
OUT_14348,47.78556894850965
OUT_14349,169.4973195092703
OUT_14350,804.3857671960857
OUT_14351,480.5496638216051
OUT_14352,727.8190077272247
OUT_14353,61.11341954334249
OUT_14354,33.84657175565746
OUT_14355,744.4685482942868
OUT_14356,214.9533413321993
OUT_14357,781.6925351990462
OUT_14358,41.15053814904067
OUT_14359,762.8179156103877
OUT_14360,38.03716460586328
OUT_14361,761.4452996099038
OUT_14362,64.98772677055953
OUT_14363,137.4097547448558
OUT_14364,771.4461515404042
OUT_14365,149.20196279573898
OUT_14366,52.0801557279579
OUT_14367,1845.493731155124
OUT_14368,178.4766488208558
OUT_14369,34.98232962847212
OUT_14370,190.17377653442284
OUT_14371,64.33411085136656
OUT_14372,40.19755625912185
OUT_14373,762.4108053475725
OUT_14374,660.4875990284212
OUT_14375,129.24285218719538
OUT_14376,804.6578190592323
OUT_14377,56.8502262368913
OUT_14378,33.700885953833485
OUT_14379,144.34129723614666
OUT_14380,170.53593743493823
OUT_14381,189.8366121007513
OUT_14382,51.93813734335907
OUT_14383,195.4699232323694
OUT_14384,749.0382515284978
OUT_14385,53.105588123488765
OUT_14386,102.99096841605198
OUT_14387,57.50847281979193
OUT_14388,142.57805027654348
OUT_14389,147.19847246622265
OUT_14390,208.97412414038183
OUT_14391,735.5151977377672
OUT_14392,49.18128322269858
OUT_14393,186.35963510175
OUT_14394,43.59337880283094
OUT_14395,63.9571104238501
OUT_14396,180.3193404159401
OUT_14397,37.33498337339383
OUT_14398,187.10548505844008
OUT_14399,28.984572209944663
OUT_14400,41.11276368775999
OUT_14401,28.6247779778168
OUT_14402,46.58471444913122
OUT_14403,72.27139887975466
OUT_14404,25.54913206214158
OUT_14405,30.12501500300107
OUT_14406,31.259096036150687
OUT_14407,42.149299399335966
OUT_14408,193.4003649733016
OUT_14409,44.05329468958739
OUT_14410,35.658211913220136
OUT_14411,47.89034953587955
OUT_14412,43.43777773633589
OUT_14413,56.25268880583444
OUT_14414,207.69319232304645
OUT_14415,723.1014703893745
OUT_14416,30.54239441269043
OUT_14417,39.91852725812058
OUT_14418,39.442485979994665
OUT_14419,37.917545094252496
OUT_14420,39.47557606083883
OUT_14421,36.98846077441659
OUT_14422,41.67736963337661
OUT_14423,505.6813605578266
OUT_14424,114.10830376305934
OUT_14425,47.96535153450717
OUT_14426,36.78771794185817
OUT_14427,36.91288201905076
OUT_14428,36.5725182597805
OUT_14429,529.2050822852765
OUT_14430,188.6304116090992
OUT_14431,44.088097498171
OUT_14432,39.34181420529988
OUT_14433,750.4973486631413
OUT_14434,47.42229402874878
OUT_14435,168.97199482309352
OUT_14436,1306.6793933992992
OUT_14437,35.43565911237623
OUT_14438,771.4975526205923
OUT_14439,57.04297323905712
OUT_14440,184.59733594991317
OUT_14441,757.9522837637762
OUT_14442,764.2921993698715
OUT_14443,32.57421769167237
OUT_14444,207.73743934024583
OUT_14445,80.7341994570546
OUT_14446,58.08458601021896
OUT_14447,42.44951894404923
OUT_14448,48.81515964883125
OUT_14449,40.261070527293896
OUT_14450,670.398537509333
OUT_14451,207.95624173489009
OUT_14452,40.38113694302195
OUT_14453,1904.642452205158
OUT_14454,159.38404065911914
OUT_14455,28.003560839866275
OUT_14456,40.21656862461104
OUT_14457,207.0484051354464
OUT_14458,209.3161326270456
OUT_14459,206.8130001863977
OUT_14460,38.27307723245847
OUT_14461,144.98787655213818
OUT_14463,149.9577265132817
OUT_14464,71.35146767824881
OUT_14465,49.11786598246844
OUT_14466,68.0247685733006
OUT_14467,856.1671671981574
OUT_14468,1901.5526989433704
OUT_14469,139.83317667072856
OUT_14470,205.29951700842688
OUT_14471,126.93514777901925
OUT_14472,225.15073267508345
OUT_14473,40.07839064040223
OUT_14474,40.9540224025195
OUT_14475,40.48032223071986
OUT_14476,611.810527901666
OUT_14477,50.38398309778661
OUT_14478,63.67934267555162
OUT_14479,163.5107331527529
OUT_14480,46.43670474859247
OUT_14481,39.44352201787632
OUT_14482,831.8128976544997
OUT_14483,144.37506803295128
OUT_14484,34.63274123057756
OUT_14485,756.3666971321591
OUT_14486,48.59123502338604
OUT_14487,43.179914030060246
OUT_14488,173.83910433603808
OUT_14489,37.407439318886034
OUT_14490,158.01291368896884
OUT_14491,37.67832917326887
OUT_14492,71.70544969415128
OUT_14493,1736.4455503144038
OUT_14494,172.20552139966134
OUT_14495,184.75126473472272
OUT_14496,62.0036403947911
OUT_14497,36.92702301324292
OUT_14498,42.04595858576593
OUT_14499,34.470029119704286
OUT_14500,80.99096041169742
OUT_14501,63.80900095841747
OUT_14502,724.9034071876879
OUT_14503,59.50753887983847
OUT_14504,45.344615985520406
OUT_14505,845.3316040822169
OUT_14506,46.37807447928852
OUT_14507,55.33409507641749
OUT_14508,1882.2274516591788
OUT_14510,205.59192164257223
OUT_14511,47.06770127324906
OUT_14512,34.04966953398035
OUT_14513,731.4157969454704
OUT_14514,1883.443478655136
OUT_14515,148.82456026097464
OUT_14516,133.4191374796919
OUT_14517,37.85733354794876
OUT_14518,133.9920038911503
OUT_14519,723.7961306581379
OUT_14520,172.8584970167972
OUT_14521,147.76956914472976
OUT_14522,114.7995106835267
OUT_14523,74.93559089083458
OUT_14524,725.8052696248692
OUT_14525,1897.5928828892024
OUT_14526,664.9293548944466
OUT_14527,32.45730062359608
OUT_14528,58.91069650880872
OUT_14529,115.24139241831226
OUT_14530,172.996825243006
OUT_14531,196.8045046986222
OUT_14532,30.965506898614485
OUT_14533,47.61654132259349
OUT_14534,33.27229601213343
OUT_14535,220.18548670153928
OUT_14536,509.5923930121986
OUT_14537,166.88717565335463
OUT_14538,163.3629379675778
OUT_14539,30.55356865584216
OUT_14540,162.6166184791638
OUT_14541,65.7638012866856
OUT_14542,76.98920727656271
OUT_14543,66.58945976100021
OUT_14544,59.76746603322556
OUT_14545,42.27658441715476
OUT_14546,56.75379460973597
OUT_14547,1910.7732567288767
OUT_14548,49.971198481162645
OUT_14549,43.81541601785602
OUT_14550,52.050054550277366
OUT_14551,1866.208797462204
OUT_14552,39.24399491440639
OUT_14553,727.6648698529815
OUT_14554,52.38796866492507
OUT_14555,136.73716607841766
OUT_14556,525.9997295484869
OUT_14557,168.40261372220027
OUT_14558,711.9022949980792
OUT_14559,38.24587328946
OUT_14560,40.26247043855572
OUT_14561,118.88584708562854
OUT_14562,47.29666525070718
OUT_14563,36.42557907141319
OUT_14565,60.99774606898653
OUT_14566,750.1364103195816
OUT_14567,53.12022941776057
OUT_14568,128.1089958196773
OUT_14569,47.63440769316801
OUT_14570,27.41068165548224
OUT_14571,126.21081935618211
OUT_14572,150.87355917324507
OUT_14573,184.2425334858466
OUT_14574,37.897276925593495
OUT_14575,76.43708361502416
OUT_14576,214.5518381672044
OUT_14577,716.907416735656
OUT_14578,64.8899224762808
OUT_14579,75.59198150597167
OUT_14580,54.59442437574271
OUT_14581,56.86144072030675
OUT_14582,36.09914490557786
OUT_14583,30.35939309209228
OUT_14584,774.9605343414952
OUT_14585,34.987821239980256
OUT_14586,1927.9072443838645
OUT_14587,46.28589456070004
OUT_14588,623.5603435024477
OUT_14589,192.7178027446928
OUT_14590,218.94168866945023
OUT_14591,54.92335065555076
OUT_14592,32.1821530953161
OUT_14593,58.87317715508264
OUT_14594,180.96879898968345
OUT_14595,67.06069923422224
OUT_14596,46.92877165830943
OUT_14597,29.240848156240848
OUT_14598,58.79540630398986
OUT_14599,39.503930579901706
OUT_14600,747.5671321589217
OUT_14601,646.270413079594
OUT_14602,1908.2121737493896
OUT_14603,210.1528906411887
OUT_14604,44.148177471304855
OUT_14605,62.75789558978277
OUT_14606,160.18573757470858
OUT_14607,158.51062799739248
OUT_14608,823.2486192335082
OUT_14609,41.08367317212864
OUT_14610,69.56963933030251
OUT_14611,184.13391513565665
OUT_14612,750.5572121530006
OUT_14613,161.2733076945211
OUT_14614,192.4885445007932
OUT_14615,1922.2154911414943
OUT_14616,39.36276760538605
OUT_14617,31.801752350902373
OUT_14618,37.293218560017
OUT_14619,820.6521411682305
OUT_14620,39.78143563855707
OUT_14621,34.040406753112784
OUT_14622,135.03977798055024
OUT_14623,174.1041024520013
OUT_14624,33.84859029529146
OUT_14625,34.76517259557185
OUT_14626,132.57651384321977
OUT_14627,40.042098530558505
OUT_14628,176.32375216108537
OUT_14629,124.76082767607882
OUT_14630,1887.3039929892495
OUT_14631,692.0451451655904
OUT_14632,36.92163625931154
OUT_14633,63.20922339781516
OUT_14634,30.036555696867733
OUT_14635,637.0337217101668
OUT_14636,179.4098933686399
OUT_14637,41.94722699464902
OUT_14638,138.18231452661448
OUT_14639,155.67192869882237
OUT_14640,41.56904748706944
OUT_14641,178.0715663812077
OUT_14642,26.74436341392549
OUT_14643,36.70206349581126
OUT_14644,134.69847457160105
OUT_14645,743.4195740125689
OUT_14646,71.14548129694094
OUT_14647,36.04015177069461
OUT_14648,59.67882752251495
OUT_14649,130.64836412237048
OUT_14650,36.25567211424246
OUT_14651,164.77814290281754
OUT_14652,52.477561043743655
OUT_14653,27.76257841301374
OUT_14654,44.17362403356681
OUT_14655,29.20604683311239
OUT_14656,82.28356109276692
OUT_14657,39.87680015543343
OUT_14658,30.68665744757808
OUT_14659,87.90544973487954
OUT_14660,40.46623906387064
OUT_14661,39.411122723868125
OUT_14662,707.7878875995747
OUT_14663,1859.7658432713904
OUT_14664,748.5303187700996
OUT_14665,34.99049967319365
OUT_14666,49.162619426495375
OUT_14667,36.62338277812849
OUT_14668,38.41953219647921
OUT_14669,30.812190483048365
OUT_14670,191.4095637284402
OUT_14671,1848.947725757908
OUT_14672,775.2752780886798
OUT_14673,190.09245322152847
OUT_14674,123.87200979386928
OUT_14675,32.23454428074632
OUT_14676,62.14247901531797
OUT_14677,46.21528176703575
OUT_14678,40.26118668514898
OUT_14679,163.6347285807219
OUT_14680,131.89453849832051
OUT_14681,740.6111811873245
OUT_14682,58.504019506375215
OUT_14683,751.6937573260875
OUT_14684,41.792985163551954
OUT_14685,170.81801093836944
OUT_14687,150.75923179856323
OUT_14688,125.5555809567682
OUT_14689,75.92803377191655
OUT_14690,131.29626533746176
OUT_14691,35.61199905675834
OUT_14692,26.378939679801928
OUT_14693,193.1496424899237
OUT_14694,833.4695789649817
OUT_14695,41.45561293736281
OUT_14696,55.89273887917787
OUT_14697,34.761413014454185
OUT_14698,647.7188518295987
OUT_14699,726.6611986254919
OUT_14700,42.51274846829772
OUT_14701,64.509941875244
OUT_14702,37.06946388050423
OUT_14703,37.07974642688637
OUT_14704,45.84020050618482
OUT_14705,188.2750007752617
OUT_14706,45.62996968734552
OUT_14707,39.17213624938019
OUT_14708,663.7649738850788
OUT_14709,768.7295525290915
OUT_14710,155.57093906824744
OUT_14712,832.0638259142373
OUT_14713,64.60429778364971
OUT_14714,129.42786707260404
OUT_14715,48.65789703516829
OUT_14716,50.73512455242402
OUT_14717,62.23189446125944
OUT_14718,70.85972330914113
OUT_14719,111.7851564818916
OUT_14720,1842.4119859323744
OUT_14721,185.35428448847568
OUT_14722,121.74466944951922
OUT_14723,222.2866496291114
OUT_14724,137.3714131189661
OUT_14725,597.0529224828265
OUT_14726,121.51211441764194
OUT_14727,70.94923021539431
OUT_14728,116.45113285602343
OUT_14729,48.921844550259244
OUT_14730,190.8279649890299
OUT_14731,36.65616757100016
OUT_14732,29.578295687763667
OUT_14733,71.65137327671366
OUT_14734,38.58514980426882
OUT_14735,216.63672525678268
OUT_14736,196.76499208974727
OUT_14737,39.85757613636676
OUT_14738,160.911534409528
OUT_14739,175.00616296341346
OUT_14740,44.77018377600575
OUT_14741,692.5348559192321
OUT_14742,43.204204159348286
OUT_14743,786.7280365404571
OUT_14744,41.043471087026745
OUT_14746,54.23532065326634
OUT_14747,48.64336529675805
OUT_14748,55.25243165248192
OUT_14749,658.0644758492351
OUT_14750,168.49701465758923
OUT_14751,237.389927505058
OUT_14752,768.2711433986408
OUT_14753,153.6874932343796
OUT_14754,681.7529319676955
OUT_14755,109.17041020725448
OUT_14756,159.72515364344872
OUT_14757,812.6134714332219
OUT_14758,131.5304323813509
OUT_14759,217.93955432057157
OUT_14760,730.758160848589
OUT_14761,76.52816069848579
OUT_14762,185.1975704413487
OUT_14763,47.1038046645865
OUT_14764,47.1692424280499
OUT_14765,142.31929000597262
OUT_14766,134.7941136389516
OUT_14767,698.6124480978712
OUT_14768,132.59258557084263
OUT_14769,44.82985266500455
OUT_14770,214.22408679730276
OUT_14771,1894.948826801182
OUT_14772,38.85061455974132
OUT_14773,763.780330949752
OUT_14774,698.6855929731578
OUT_14775,33.35542044298627
OUT_14776,48.91911546104674
OUT_14777,203.26408535508605
OUT_14779,33.091685137265586
OUT_14780,67.8674166874082
OUT_14781,71.99481939859285
OUT_14782,717.7895142368478
OUT_14783,200.22377676732495
OUT_14784,39.165792864716565
OUT_14785,43.80106388261663
OUT_14786,39.7603902240373
OUT_14787,664.8920597058086
OUT_14788,56.44407086034728
OUT_14789,64.16217519688392
OUT_14790,56.27987530094163
OUT_14791,127.58775531012364
OUT_14792,48.836229862639485
OUT_14793,56.74609923982099
OUT_14794,46.10674221850301
OUT_14795,39.52993921596931
OUT_14796,45.8424659138304
OUT_14797,54.87321764162621
OUT_14798,198.95673931095843
OUT_14799,551.1365497032484
OUT_14800,735.2226246807147
OUT_14801,77.98534817646699
OUT_14802,218.6797309476
OUT_14803,142.04927449874864
OUT_14804,45.59174156839719
OUT_14805,42.9442734237631
OUT_14806,40.83619687678207
OUT_14807,25.09012275753216
OUT_14808,31.276023017896414
OUT_14809,1879.482695864874
OUT_14810,211.34455338068432
OUT_14811,125.03826242403356
OUT_14812,43.35988797886977
OUT_14813,34.59409943215813
OUT_14814,137.8901768899488
OUT_14815,45.14735231310221
OUT_14816,30.038608616995795
OUT_14817,45.55615652045809
OUT_14818,720.5611748710814
OUT_14819,41.433373241344064
OUT_14820,800.1298710557854
OUT_14821,47.068757658108495
OUT_14822,1880.401570397769
OUT_14823,763.0566943402762
OUT_14824,31.21179334545237
OUT_14825,193.37492785376145
OUT_14826,28.65278622599708
OUT_14827,32.96521821446013
OUT_14828,45.41424902015344
OUT_14829,35.86063970694955
OUT_14830,1889.776382495497
OUT_14831,58.53733893571529
OUT_14832,31.473423474790373
OUT_14833,1884.1210904832467
OUT_14834,742.557963244021
OUT_14835,33.020219409624
OUT_14836,208.92834193904764
OUT_14837,39.91130007043247
OUT_14838,45.89865928242235
OUT_14839,187.71313027222243
OUT_14840,41.74651016785543
OUT_14841,38.11334328053965
OUT_14842,198.361414570526
OUT_14843,219.5689197787132
OUT_14844,34.223605027803565
OUT_14845,70.25576056935643
OUT_14846,785.0233747778911
OUT_14847,153.23280227870626
OUT_14848,43.73208749323438
OUT_14849,43.97098106698972
OUT_14850,34.12433491623285
OUT_14851,35.01655044796322
OUT_14852,64.29228977372895
OUT_14853,186.30642970645732
OUT_14854,35.49202278853372
OUT_14855,78.08576129329248
OUT_14856,837.3108423102387
OUT_14857,116.97033689640035
OUT_14858,185.62355254972363
OUT_14859,712.252329872211
OUT_14860,33.01477131942242
OUT_14861,63.848535931911066
OUT_14862,167.1531183997682
OUT_14863,215.2281517063772
OUT_14864,732.4672431232243
OUT_14865,138.52108650808196
OUT_14866,61.95390484698611
OUT_14867,41.15038466049318
OUT_14868,495.9067343380564
OUT_14869,802.571867257831
OUT_14870,134.20966687399937
OUT_14871,137.19951713179933
OUT_14872,1885.2007800149431
OUT_14873,46.38293937923303
OUT_14874,1882.272783260709
OUT_14875,1914.568693053733
OUT_14876,722.824784302386
OUT_14877,46.18882950303797
OUT_14878,214.97628584933165
OUT_14879,52.77982541445837
OUT_14880,59.46889174715208
OUT_14881,631.302258769102
OUT_14882,658.4698907875451
OUT_14883,187.63606423868904
OUT_14884,778.0609713940759
OUT_14885,662.2166364443111
OUT_14886,53.61486098836633
OUT_14887,179.0072766026499
OUT_14888,54.25007432072608
OUT_14889,167.5585838543914
OUT_14890,55.819601724506114
OUT_14891,37.97035633882184
OUT_14892,42.52527374146485
OUT_14893,29.990357986259635
OUT_14894,139.18874830529165
OUT_14895,30.58039666403286
OUT_14896,39.15489813532433
OUT_14897,216.6179125164012
OUT_14898,72.61887853421216
OUT_14899,57.63974925267732
OUT_14900,66.79046654090331
OUT_14901,188.99461274942732
OUT_14902,130.2547118598163
OUT_14903,47.35400879284391
OUT_14904,223.68825592678877
OUT_14905,213.6074948868448
OUT_14906,46.18734865294825
OUT_14907,72.96708801965424
OUT_14908,136.21772662167822
OUT_14909,38.478462885058434
OUT_14910,61.14568599655826
OUT_14911,782.2835017619598
OUT_14912,39.36441722405639
OUT_14913,162.0029031889204
OUT_14914,767.7001913303385
OUT_14915,70.39119491021349
OUT_14916,184.98344181133672
OUT_14917,38.17901022225457
OUT_14918,49.26657536261827
OUT_14919,40.931739146104015
OUT_14920,37.83726578053752
OUT_14921,49.3466930006698
OUT_14922,1895.512665046125
OUT_14923,194.7821618200102
OUT_14924,215.9622308519932
OUT_14925,139.8704315255693
OUT_14926,111.96770438755205
OUT_14927,157.3831007604712
OUT_14928,716.0111154870137
OUT_14929,194.31326331120084
OUT_14930,808.0306667974204
OUT_14932,61.08876194568948
OUT_14933,41.85224703601384
OUT_14934,177.8478186589009
OUT_14935,188.4649618264695
OUT_14936,179.5108937404242
OUT_14937,732.2503321377293
OUT_14938,164.4816847400509
OUT_14939,65.97439198835076
OUT_14940,608.2664911370699
OUT_14941,524.9906931585912
OUT_14942,59.97732475329552
OUT_14943,52.71249026095223
OUT_14944,43.88411875582202
OUT_14945,38.472892265950456
OUT_14946,523.3233082224739
OUT_14947,774.44072713931
OUT_14948,66.81273178834297
OUT_14949,37.98199682916257
OUT_14950,66.97896992901002
OUT_14951,69.10027631192114
OUT_14952,33.36760551802416
OUT_14953,198.4483751000812
OUT_14954,187.87870789855324
OUT_14955,69.82097672230975
OUT_14956,132.87598969971373
OUT_14957,38.434987266315495
OUT_14958,748.7062540448562
OUT_14959,1847.44653621083
OUT_14960,154.0404899705827
OUT_14961,40.14093712196649
OUT_14962,111.74536423976572
OUT_14963,142.6712870141505
OUT_14964,36.27825622318975
OUT_14965,129.2977116943521
OUT_14966,59.311879786896455
OUT_14967,174.41529734594002
OUT_14968,149.75641597912806
OUT_14969,44.28145704479605
OUT_14970,76.45733234152993
OUT_14971,226.65392743082225
OUT_14972,121.90900105805387
OUT_14973,39.5693667125552
OUT_14974,680.3657573662715
OUT_14975,41.56404879010702
OUT_14976,120.59868419087844
OUT_14977,132.04097577554455
OUT_14978,48.27477182934041
OUT_14979,45.86779456478549
OUT_14980,34.5457756216893
OUT_14981,821.0918886524613
OUT_14982,176.6291431904171
OUT_14983,184.09483308232225
OUT_14984,48.49891981460152
OUT_14985,37.31669970824163
OUT_14986,856.2140523875104
OUT_14987,157.6893835851759
OUT_14988,133.94419127687303
OUT_14989,193.01434861890303
OUT_14990,147.09456414402766
OUT_14991,659.2889169421521
OUT_14992,750.280634484432
OUT_14993,772.5587203829464
OUT_14994,540.047504242656
OUT_14995,70.95387562452603
OUT_14996,51.20052538334446
OUT_14997,51.72929647425002
OUT_14998,162.56350348742728
OUT_14999,58.7984147066987
OUT_15000,56.38010748975778
OUT_15001,123.02777637784772
OUT_15002,54.06894959569565
OUT_15003,41.991544434658586
OUT_15004,145.41247684461655
OUT_15005,1932.6905985647877
OUT_15006,143.3558949542479
OUT_15007,1881.8628563899972
OUT_15008,180.7315917368116
OUT_15009,39.58155790485032
OUT_15010,39.982880028623896
OUT_15011,34.51552021555554
OUT_15012,150.17963361782617
OUT_15013,154.3447020453452
OUT_15014,55.36156460719461
OUT_15015,46.13576675036454
OUT_15016,77.00679287701065
OUT_15017,54.07259209867344
OUT_15018,27.17196601343466
OUT_15019,178.4195932558158
OUT_15020,753.7495238115079
OUT_15021,42.38742871972988
OUT_15022,152.68636931986066
OUT_15023,35.770380278001284
OUT_15024,120.16794332865688
OUT_15025,758.152888162053
OUT_15026,61.13651679726269
OUT_15027,216.03077831204888
OUT_15028,224.19497566909067
OUT_15029,52.4255866643875
OUT_15030,47.84796084255193
OUT_15031,56.6247039554603
OUT_15032,62.82117908801703
OUT_15033,222.14708982024416
OUT_15034,41.82014664713464
OUT_15035,163.50730554709
OUT_15036,42.155779699139366
OUT_15037,49.47565005955473
OUT_15038,178.2090000222813
OUT_15039,174.5064734305794
OUT_15040,48.45387107597063
OUT_15041,681.4383149125546
OUT_15042,764.5561971487564
OUT_15043,147.93715555269867
OUT_15044,37.19572568368374
OUT_15045,37.79451646754582
OUT_15046,717.8742103243142
OUT_15047,1874.2106624936855
OUT_15048,46.20126743966146
OUT_15049,727.7801325647721
OUT_15050,46.87226799117091
OUT_15051,709.9414385300976
OUT_15052,708.9102716488837
OUT_15053,525.2501635529792
OUT_15054,158.18243547333293
OUT_15055,1900.9725496567205
OUT_15056,50.36694033170371
OUT_15057,1862.1750661649305
OUT_15058,33.540023973867314
OUT_15059,49.60614951751439
OUT_15060,49.40963105303936
OUT_15061,769.1837598826486
OUT_15062,151.8248400944255
OUT_15063,711.8714596658764
OUT_15064,40.298027910369015
OUT_15065,739.0744328521735
OUT_15066,50.93961927520483
OUT_15067,133.90070791732128
OUT_15068,40.198428554070176
OUT_15069,43.2311391148178
OUT_15070,155.71658694897656
OUT_15071,88.65135024274625
OUT_15072,149.51055240581596
OUT_15073,47.488973812802605
OUT_15074,53.554245388173
OUT_15075,42.08489115816693
OUT_15076,765.0371305416733
OUT_15077,58.99477775133048
OUT_15078,764.2134579810636
OUT_15079,48.0708116808502
OUT_15080,49.5135742354752
OUT_15081,674.0206599766759
OUT_15082,815.4968091023003
OUT_15083,807.7444673111028
OUT_15084,55.4311464405898
OUT_15085,232.13120653602573
OUT_15086,35.14635225452967
OUT_15087,38.96217251719883
OUT_15088,49.06096835270429
OUT_15089,1849.7751831144692
OUT_15090,33.21826486106371
OUT_15091,766.076519330541
OUT_15092,141.45909271937413
OUT_15093,700.5382451886
OUT_15094,53.78580471319582
OUT_15095,36.13547210904373
OUT_15096,212.853447459967
OUT_15097,52.209891099622574
OUT_15098,817.686245799178
OUT_15099,56.64777118500988
OUT_15100,151.93170707903715
OUT_15101,133.1344788652543
OUT_15102,69.17202217103343
OUT_15103,702.6435458261383
OUT_15104,140.3464949974702
OUT_15105,58.57485437193064
OUT_15106,46.12076449933152
OUT_15107,36.13730046430865
OUT_15108,666.7600327381404
OUT_15109,38.87475186704076
OUT_15110,43.8888068234694
OUT_15111,128.2078764610176
OUT_15112,48.84168880889913
OUT_15113,61.91389342989351
OUT_15114,563.2884064436604
OUT_15115,182.88094492741735
OUT_15116,132.65245679636155
OUT_15117,67.98921512671673
OUT_15118,48.271876991392816
OUT_15119,71.37907629760115
OUT_15120,34.586774105409205
OUT_15121,39.19541937249876
OUT_15122,617.0804157279033
OUT_15123,41.52944392572311
OUT_15124,50.53410157149334
OUT_15125,511.14209871026407
OUT_15126,44.87022395355567
OUT_15127,60.72558853769046
OUT_15128,42.31339017848048
OUT_15129,146.94965412395348
OUT_15130,64.76805062432548
OUT_15131,42.36473853419527
OUT_15132,781.2160379415812
OUT_15133,45.04832061640889
OUT_15134,130.37730257752278
OUT_15135,852.3328570014834
OUT_15137,42.69314542682262
OUT_15138,53.33697101348445
OUT_15139,166.00061219516542
OUT_15140,43.81541601785602
OUT_15141,55.45413224124492
OUT_15142,40.77199729455386
OUT_15143,40.85385113473933
OUT_15144,54.74565690829681
OUT_15145,1301.704806715523
OUT_15146,146.66281447408636
OUT_15147,507.3639637655277
OUT_15148,133.08496310491893
OUT_15149,125.91942741519917
OUT_15150,41.92603436093846
OUT_15151,31.590365808495022
OUT_15152,48.33772363447952
OUT_15153,126.933495856447
OUT_15154,809.7703769507629
OUT_15155,179.72200432492764
OUT_15156,795.9131265343282
OUT_15157,62.94420636612687
OUT_15158,775.0570491694496
OUT_15159,821.4342137023078
OUT_15160,1890.0124867422785
OUT_15161,133.86420099518838
OUT_15162,43.11997452705027
OUT_15163,686.0980799886794
OUT_15164,54.77971367833447
OUT_15165,184.9802919115959
OUT_15166,220.05549351417616
OUT_15167,141.97892912385623
OUT_15168,545.2330842121182
OUT_15169,44.62231870211594
OUT_15170,170.03689320517776
OUT_15171,66.4767261308399
OUT_15172,29.8306127577447
OUT_15173,119.47170919154767
OUT_15174,29.844080421854656
OUT_15175,39.62739629496761
OUT_15176,139.82666915107598
OUT_15177,189.01894997296472
OUT_15178,38.96603020005652
OUT_15179,1863.6917407045044
OUT_15180,49.420647697965066
OUT_15181,176.44933808403457
OUT_15182,34.694754345449354
OUT_15183,745.9176993958931
OUT_15184,529.5140435937677
OUT_15185,763.3669071324169
OUT_15186,61.43936206115959
OUT_15187,140.83261630274149
OUT_15188,44.354312488085945
OUT_15189,167.46031210957267
OUT_15190,61.45853886704533
OUT_15191,56.91849143157822
OUT_15192,30.097965549079813
OUT_15193,195.73816312750023
OUT_15194,145.0382736831886
OUT_15195,45.97981535993714
OUT_15196,133.74107685135724
OUT_15197,42.30840036304183
OUT_15198,740.2730962988126
OUT_15199,151.11772774933462
OUT_15200,176.02433342703355
OUT_15201,49.03519561177203
OUT_15202,505.55707210416665
OUT_15203,191.93481633913484
OUT_15205,61.24471423464804
OUT_15206,40.79067567212558
OUT_15207,37.385233904010384
OUT_15208,787.2265909913712
OUT_15209,47.29755123203144
OUT_15210,36.26523372792101
OUT_15212,749.3849713811037
OUT_15213,44.08312521379685
OUT_15214,197.67153112565495
OUT_15215,193.44245898094397
OUT_15216,155.20717065255243
OUT_15217,49.53561314741135
OUT_15218,129.8206566154585
OUT_15219,153.56784628774452
OUT_15220,200.43744414386117
OUT_15221,48.70335489038469
OUT_15222,703.4401695863804
OUT_15223,61.73276202404996
OUT_15224,144.2849627237591
OUT_15225,79.88726680014703
OUT_15226,48.689899582602855
OUT_15227,42.6232399416276
OUT_15228,759.7453686507357
OUT_15229,43.19830315492759
OUT_15230,36.70800576314126
OUT_15231,212.5763727410322
OUT_15232,1907.3122952729689
OUT_15233,196.58017247801152
OUT_15234,59.21558112344362
OUT_15235,1900.279537530044
OUT_15236,527.5321020941127
OUT_15237,56.056353449932175
OUT_15239,33.65867679890517
OUT_15240,136.91126345803082
OUT_15241,28.753132372920927
OUT_15242,58.982740608209454
OUT_15243,130.95917069409757
OUT_15244,56.68623428960329
OUT_15246,697.0465033742137
OUT_15247,65.01355236486076
OUT_15248,38.54364102793467
OUT_15249,724.1918189933733
OUT_15250,705.5222455455973
OUT_15251,153.00898142509277
OUT_15252,1704.1928656954362
OUT_15253,192.53716972494277
OUT_15254,39.03150282043953
OUT_15255,727.1181545166493
OUT_15256,680.8933393523914
OUT_15257,39.47857085439889
OUT_15258,46.89759363859167
OUT_15259,724.5508937206529
OUT_15260,827.5163992414476
OUT_15261,65.78538223453263
OUT_15262,45.60662592603687
OUT_15263,115.17426653281764
OUT_15264,170.2408407584917
OUT_15265,37.395688322442005
OUT_15266,1874.5372509884296
OUT_15267,758.0231654283591
OUT_15268,88.3672472135278
OUT_15269,60.98839153214422
OUT_15270,80.59144378001827
OUT_15271,45.8466393465581
OUT_15272,749.5188317078001
OUT_15273,152.0190991475422
OUT_15274,147.06926524311672
OUT_15275,31.71154575428688
OUT_15276,56.90146197540057
OUT_15277,231.82390367664215
OUT_15278,58.399583451575154
OUT_15279,65.18570846395285
OUT_15281,57.527894441089295
OUT_15282,136.38908910702722
OUT_15283,1883.155732957361
OUT_15284,68.98409376029723
OUT_15285,1914.066661760816
OUT_15286,49.04108406424534
OUT_15287,235.471207146852
OUT_15288,32.765407293882
OUT_15289,215.38013690806144
OUT_15290,149.77383598845643
OUT_15291,592.4403016672596
OUT_15292,30.413585589418982
OUT_15293,43.18320970898424
OUT_15294,1901.764920662724
OUT_15295,35.61416308962774
OUT_15296,33.07432693909884
OUT_15297,82.3887749143183
OUT_15298,132.00351208343366
OUT_15299,675.1202134886153
OUT_15300,157.2732546997446
OUT_15301,133.69647866285632
OUT_15302,39.84121066323232
OUT_15303,215.44395040059177
OUT_15304,181.4913348193671
OUT_15305,43.79306118812034
OUT_15306,44.605772770439536
OUT_15307,31.745928726256672
OUT_15308,158.55547984937422
OUT_15309,58.12561128555805
OUT_15310,136.27191420397764
OUT_15311,126.71618214351705
OUT_15312,37.14004020862016
OUT_15313,178.15205687565089
OUT_15314,39.65190989558364
OUT_15315,1836.575041726336
OUT_15316,752.8641036740311
OUT_15317,615.5424832937524
OUT_15318,199.2397258145308
OUT_15319,162.90923837910185
OUT_15320,117.39078844687096
OUT_15321,29.40368903403031
OUT_15322,737.4038672374877
OUT_15323,231.45533989095307
OUT_15324,138.21610376599648
OUT_15325,38.511840595256416
OUT_15326,36.52968739873377
OUT_15327,872.5735539989038
OUT_15328,71.02733464069217
OUT_15329,647.4927330351577
OUT_15330,51.14223499741232
OUT_15331,117.85928351634958
OUT_15332,43.36463881426987
OUT_15333,502.66345764059577
OUT_15334,135.24702909043484
OUT_15335,732.9832125037719
OUT_15336,73.70734926101397
OUT_15337,475.740338144789
OUT_15338,33.666062134421395
OUT_15339,43.700914606117166
OUT_15340,740.5835383960539
OUT_15341,187.05885082967856
OUT_15342,1873.9168729836792
OUT_15343,182.88742907929029
OUT_15344,621.4478027350272
OUT_15345,33.02537562936756
OUT_15346,233.4508589345607
OUT_15347,36.62163725662664
OUT_15348,28.11097310490319
OUT_15349,158.7621044523314
OUT_15350,33.99279004685052
OUT_15351,145.08924493155448
OUT_15352,152.11267032443894
OUT_15353,1876.642057023428
OUT_15354,35.40531561168237
OUT_15355,50.82330738828126
OUT_15356,1795.598652093417
OUT_15357,46.96942602392817
OUT_15358,707.2408623199179
OUT_15359,26.013154655591357
OUT_15360,41.7789049901653
OUT_15361,180.86983643472703
OUT_15362,187.03312630170737
OUT_15363,213.9710866303824
OUT_15364,157.6888056889632
OUT_15365,36.03020348837797
OUT_15366,43.47424486830692
OUT_15367,66.7549820271508
OUT_15368,31.79683067965746
OUT_15369,177.70117030174194
OUT_15370,182.67538684801903
OUT_15371,39.60822827735968
OUT_15372,1880.972075385631
OUT_15373,134.7294692424294
OUT_15374,42.06807762979006
OUT_15375,158.22735556988653
OUT_15376,547.7034036131279
OUT_15377,184.2291295488934
OUT_15378,71.47100720331147
OUT_15379,208.2276636217539
OUT_15380,45.18751670810472
OUT_15381,190.6500594252015
OUT_15382,173.25124445951562
OUT_15383,38.07577011422919
OUT_15384,39.840531348554094
OUT_15385,52.88497812319537
OUT_15386,35.70046890620907
OUT_15387,136.13573429700855
OUT_15388,69.54093778997738
OUT_15389,30.874310393505716
OUT_15390,783.4231283304958
OUT_15391,139.76550513750175
OUT_15392,136.12777917756512
OUT_15393,55.5151218358439
OUT_15394,78.91465098933341
OUT_15395,35.013082975854275
OUT_15396,54.87820485363493
OUT_15397,806.8767354934158
OUT_15398,765.5327897430018
OUT_15399,793.3536824322229
OUT_15400,743.1818910966281
OUT_15401,45.824500391084776
OUT_15402,161.47999663002025
OUT_15403,70.91822326137047
OUT_15404,31.804459267847434
OUT_15405,58.082214403595
OUT_15406,56.76931134819941
OUT_15407,140.1940660031595
OUT_15408,55.18776529112621
OUT_15409,157.6220461968403
OUT_15410,219.44725341476865
OUT_15411,130.83846614746398
OUT_15412,504.652414991334
OUT_15413,46.182386899538734
OUT_15414,57.53450072803373
OUT_15415,1855.4642381297224
OUT_15416,196.2595913517684
OUT_15417,736.652248291847
OUT_15418,812.3126453961324
OUT_15419,215.2085062065427
OUT_15420,145.52535619981617
OUT_15421,35.15040536619231
OUT_15422,46.62436211203641
OUT_15423,134.5172509805148
OUT_15424,541.2113831686592
OUT_15425,198.27105334330216
OUT_15426,31.94316702869048
OUT_15427,55.40198048903791
OUT_15428,1874.4988534998204
OUT_15429,127.9514813283468
OUT_15430,41.96129649833264
OUT_15431,193.1209591857901
OUT_15432,43.776881262652594
OUT_15433,67.02940556358072
OUT_15434,42.43680183441755
OUT_15435,801.9218175416339
OUT_15436,40.14093712196649
OUT_15437,168.90545636891508
OUT_15438,209.40792452801875
OUT_15439,191.4839695081813
OUT_15440,60.69992937819543
OUT_15441,58.58179954474191
OUT_15442,816.284066570716
OUT_15443,41.03388768229458
OUT_15444,202.4079768930784
OUT_15445,69.12039643543127
OUT_15446,128.244317839419
OUT_15447,199.52752418739664
OUT_15448,37.56293471762941
OUT_15449,524.4559534877691
OUT_15450,128.42619965091154
OUT_15451,876.4122954837387
OUT_15452,162.72968171700907
OUT_15453,30.39387969601268
OUT_15454,135.18364861618878
OUT_15455,637.6451777921693
OUT_15456,44.505542959515246
OUT_15457,44.57455509581328
OUT_15458,790.6420419829172
OUT_15459,51.88116618421774
OUT_15460,210.4051712216977
OUT_15461,757.9927250380915
OUT_15462,636.3563700811358
OUT_15463,167.9689131704534
OUT_15464,125.5795994344758
OUT_15465,52.47839596498351
OUT_15466,638.2350166742538
OUT_15467,209.71201514214903
OUT_15468,1890.325649068406
OUT_15469,180.4528610364332
OUT_15470,710.0203988609815
OUT_15471,43.28423566468037
OUT_15472,821.3289405197419
OUT_15473,38.92603714038171
OUT_15474,164.5558741476925
OUT_15475,59.871411245241575
OUT_15476,43.34372979818933
OUT_15477,203.71178334106853
OUT_15478,64.63606327853903
OUT_15479,38.56695973141306
OUT_15480,727.790275809648
OUT_15481,717.01346777971
OUT_15482,43.39589316008135
OUT_15483,199.28668695534435
OUT_15484,138.07619068880516
OUT_15485,213.36894549892432
OUT_15486,50.46222986010787
OUT_15487,784.1110593882632
OUT_15488,50.1946572571703
OUT_15489,731.7572278430792
OUT_15490,46.5040737774773
OUT_15491,43.95838007175061
OUT_15492,41.40055544674655
OUT_15493,753.3397053046442
OUT_15494,138.68451412357683
OUT_15495,64.51826567548827
OUT_15496,1902.406817746684
OUT_15497,759.1459213646539
OUT_15498,503.04137245674514
OUT_15499,86.3672783253092
OUT_15500,40.04125563888532
OUT_15501,66.90595768985148
OUT_15502,728.9173533538446
OUT_15503,36.14784876121655
OUT_15504,718.7696123024962
OUT_15505,142.229905227441
OUT_15506,765.1668892701836
OUT_15507,136.44509192581987
OUT_15508,53.467693443278975
OUT_15509,738.1107880336565
OUT_15510,71.22650091518595
OUT_15511,1905.4065965089264
OUT_15512,740.2902399865667
OUT_15513,1860.8813566894175
OUT_15514,1839.9454835656124
OUT_15515,42.32577574016359
OUT_15516,213.34526802331004
OUT_15517,787.1944638436385
OUT_15518,164.6289199234575
OUT_15519,178.9947572035607
OUT_15520,67.99234314516598
OUT_15521,800.6750457009249
OUT_15522,748.2838070366528
OUT_15523,125.37108821035756
OUT_15524,190.93174059274045
OUT_15525,45.03427191546009
OUT_15526,197.3827844594619
OUT_15527,179.35527991614717
OUT_15528,788.2891213740095
OUT_15529,47.00687343338024
OUT_15530,47.97036730372589
OUT_15531,49.60902284958716
OUT_15532,682.5056002873978
OUT_15533,33.87478428755529
OUT_15534,1866.9507809823097
OUT_15535,141.4925815915918
OUT_15536,44.146779770873806
OUT_15537,190.62990478958025
OUT_15538,794.6732332629958
OUT_15539,43.64941039274056
OUT_15540,48.69479079560253
OUT_15541,33.58459061533974
OUT_15542,37.32807391429984
OUT_15543,709.3346382433359
OUT_15544,41.58656893739493
OUT_15545,174.35345201454896
OUT_15546,55.0972975227607
OUT_15547,187.17096870865493
OUT_15548,696.6683429371977
OUT_15549,133.08730151244964
OUT_15550,30.179534559140656
OUT_15551,208.31713311912296
OUT_15552,1888.5901854030644
OUT_15554,26.82748746306421
OUT_15555,45.80096090393069
OUT_15556,40.843664125134325
OUT_15557,41.82014664713464
OUT_15558,41.13119915055081
OUT_15559,29.88005365755653
OUT_15560,151.82245499658583
OUT_15561,48.07727788971604
OUT_15562,1891.525055861796
OUT_15563,28.63581370032877
OUT_15564,31.913470247466066
OUT_15565,510.5954658800934
OUT_15566,56.76976559598485
OUT_15567,36.538833579187376
OUT_15568,44.096263079518536
OUT_15569,42.20894710493734
OUT_15570,35.40174568261931
OUT_15571,55.38247118525632
OUT_15572,52.93477436235759
OUT_15573,31.593695234347592
OUT_15574,141.56184105398185
OUT_15575,67.48184331409617
OUT_15576,42.41273939462771
OUT_15577,30.74318171649517
OUT_15578,766.970066821111
OUT_15579,227.43519514300303
OUT_15580,156.18383327654743
OUT_15581,146.87035137206593
OUT_15582,134.61214014225942
OUT_15583,1904.443086618063
OUT_15584,698.6428423429137
OUT_15585,78.75434395005706
OUT_15586,176.04165516987928
OUT_15587,120.46152758263868
OUT_15588,76.63641275968847
OUT_15589,47.10396396056426
OUT_15590,47.27834031575302
OUT_15591,41.71268271026429
OUT_15592,1908.921861961192
OUT_15593,750.9660647696135
OUT_15594,40.91386335343892
OUT_15595,137.36220687847708
OUT_15596,769.0187592629443
OUT_15597,47.159175524487885
OUT_15598,1894.618964898431
OUT_15599,41.50267702573829
OUT_15600,145.25935167090947
OUT_15602,66.68334684819193
OUT_15603,185.6237805839237
OUT_15604,218.43224242720112
OUT_15605,24.153404241768936
OUT_15607,703.4080403486513
OUT_15608,121.91818403670072
OUT_15609,124.19837207848428
OUT_15610,51.32680787091299
OUT_15611,36.73969488367217
OUT_15612,33.795896111952075
OUT_15613,1850.7813693211497
OUT_15614,41.69117961934614
OUT_15615,120.2812194138525
OUT_15616,36.428696158620426
OUT_15617,44.38428468379762
OUT_15618,39.76834056518975
OUT_15619,185.41329921233208
OUT_15620,63.26039904703677
OUT_15621,228.8656857523152
OUT_15622,44.12034657327071
OUT_15623,188.46247583812968
OUT_15624,743.0100922456779
OUT_15625,184.4595815613367
OUT_15626,696.4052152076092
OUT_15627,1892.657909350874
OUT_15628,1281.3660613228055
OUT_15629,828.2751688917904
OUT_15631,35.64830041297138
OUT_15632,55.86218741948423
OUT_15633,60.47206603587902
OUT_15634,193.20827670558373
OUT_15635,51.765150589199
OUT_15636,39.77152344736909
OUT_15637,1950.5920951769983
OUT_15638,165.89080820105914
OUT_15639,43.99470462583441
OUT_15640,41.6167397849372
OUT_15641,49.04284450804456
OUT_15642,36.95400369497912
OUT_15643,33.6797987987862
OUT_15644,44.10735511143202
OUT_15645,34.40332282744116
OUT_15646,166.5524209754823
OUT_15647,42.39355511001846
OUT_15648,128.79809272431476
OUT_15649,182.1162482786073
OUT_15650,1308.3965904139554
OUT_15651,150.16949246679886
OUT_15652,52.62847609807077
OUT_15653,44.84384880468757
OUT_15654,59.50668352144261
OUT_15655,29.06934733326801
OUT_15656,53.33846775638145
OUT_15657,41.37665834411445
OUT_15658,45.99067477408826
OUT_15659,147.0628405511168
OUT_15660,48.44509948078103
OUT_15661,38.2312610111971
OUT_15662,183.6988406213708
OUT_15663,55.27085639346316
OUT_15664,809.4893433916907
OUT_15665,1892.8666870859129
OUT_15666,146.99321171038866
OUT_15667,719.2409426981463
OUT_15668,112.71477864336478
OUT_15669,734.1899086773283
OUT_15670,134.27424251099947
OUT_15671,40.676866734238416
OUT_15672,199.2293532599357
OUT_15673,794.8693240066384
OUT_15674,742.5293790844123
OUT_15675,179.01029850530628
OUT_15676,35.24735375446014
OUT_15677,183.14969649145752
OUT_15678,212.43996353938965
OUT_15679,34.254075128912525
OUT_15680,707.3121693965717
OUT_15681,41.18254590120932
OUT_15682,36.78369856381002
OUT_15683,40.43672101722782
OUT_15684,34.05989367663627
OUT_15685,147.59455643824177
OUT_15686,75.17171668241068
OUT_15687,36.41379366767447
OUT_15688,1901.021885727552
OUT_15689,57.40437448986287
OUT_15690,165.99381608088865
OUT_15691,166.78025245790752
OUT_15692,40.62105962248652
OUT_15693,771.1227813790914
OUT_15694,187.2533053667989
OUT_15695,60.03122635801356
OUT_15696,201.66098211509143
OUT_15697,1904.477008292752
OUT_15698,68.72755037300473
OUT_15700,193.50470030534876
OUT_15701,152.00562576329847
OUT_15702,713.5533032496148
OUT_15703,56.890486755576205
OUT_15704,33.95087557182872
OUT_15705,78.35053373402138
OUT_15706,209.8815862096297
OUT_15707,711.5802861663453
OUT_15708,758.6375840553396
OUT_15709,43.55995868840877
OUT_15710,68.32525289247931
OUT_15711,36.57962142986622
OUT_15712,162.73988424235256
OUT_15713,57.31356553082533
OUT_15714,35.05675253642365
OUT_15715,38.41120848540175
OUT_15716,200.22978833546296
OUT_15717,1891.8520132080348
OUT_15718,68.33633872779727
OUT_15719,678.4321861667225
OUT_15720,35.435936962671754
OUT_15721,49.99781956855881
OUT_15722,183.70985515139049
OUT_15723,44.88295899300167
OUT_15724,720.7668239056962
OUT_15725,55.38730239996671
OUT_15727,203.4745124737175
OUT_15728,1908.0285045302885
OUT_15729,761.4102723036053
OUT_15730,140.99408365044798
OUT_15731,796.1184158860653
OUT_15732,55.65839771938771
OUT_15733,656.2293870803028
OUT_15734,60.9592102169961
OUT_15735,39.412204685377816
OUT_15736,134.16989362540173
OUT_15737,121.30102554125958
OUT_15738,175.0909693374973
OUT_15739,701.3742196344367
OUT_15740,174.32210074247814
OUT_15741,64.88330046916404
OUT_15742,49.55061499539377
OUT_15743,38.18664789786149
OUT_15744,50.78271098411437
OUT_15745,793.2930106214848
OUT_15746,719.9913740330952
OUT_15747,29.91224904189971
OUT_15748,501.84410937314055
OUT_15749,32.0878710568627
OUT_15750,778.5595830865493
OUT_15751,747.9870297663246
OUT_15752,34.54609510038732
OUT_15753,52.50790520057197
OUT_15754,214.85059145699464
OUT_15755,704.5088429199302
OUT_15756,696.0498779449676
OUT_15757,186.94306052688137
OUT_15758,218.13142187399268
OUT_15759,67.30957334518821
OUT_15760,179.87366622100802
OUT_15761,38.48613424701609
OUT_15762,211.01931133188705
OUT_15763,129.26471663528667
OUT_15764,146.0191458752834
OUT_15765,35.4351448774763
OUT_15766,59.286068603607525
OUT_15767,32.82740266062728
OUT_15768,58.699527377500445
OUT_15769,137.86994008906038
OUT_15770,57.8131296900288
OUT_15771,31.572735354910968
OUT_15772,166.5072830421032
OUT_15773,213.16500398542388
OUT_15774,166.01941455403696
OUT_15775,72.74141885850237
OUT_15776,41.629521625329325
OUT_15777,190.5840046669745
OUT_15778,159.35791066866432
OUT_15779,120.46676920881688
OUT_15780,812.8274513587018
OUT_15781,157.28373066604843
OUT_15782,1867.3113058509512
OUT_15783,189.66731640752704
OUT_15784,46.602810546030696
OUT_15785,29.35520797839172
OUT_15786,37.502475219789964
OUT_15787,822.4644395101411
OUT_15788,124.70495643902495
OUT_15789,73.93027762167954
OUT_15790,1877.6796317034596
OUT_15791,45.47091985256415
OUT_15792,151.45939072376223
OUT_15793,1904.9551022880803
OUT_15794,196.5516151974356
OUT_15795,221.8458010336931
OUT_15796,70.58977701588414
OUT_15797,815.6345460938641
OUT_15798,136.77563019170177
OUT_15799,713.4235531429002
OUT_15800,802.5943690148273
OUT_15801,807.8831674648623
OUT_15802,1887.1391033142745
OUT_15803,32.697183025347115
OUT_15804,58.80279169606898
OUT_15805,57.50850385445237
OUT_15806,70.73312950353758
OUT_15807,56.01055823066883
OUT_15808,121.95100221514762
OUT_15809,199.46923482867467
OUT_15810,34.615088740979715
OUT_15811,44.3859371517434
OUT_15812,147.73225941091852
OUT_15813,41.72287747016138
OUT_15814,783.059877844102
OUT_15815,35.09310933056831
OUT_15816,38.22691020969757
OUT_15817,48.43816551700985
OUT_15818,48.368906493134176
OUT_15819,41.80493225899622
OUT_15820,49.788301844978896
OUT_15821,41.98510687574544
OUT_15822,32.17034855443251
OUT_15823,54.28071822449321
OUT_15824,43.135790320337456
OUT_15825,672.8432358140832
OUT_15826,205.79203666499097
OUT_15827,65.44223096179292
OUT_15828,746.3178555502319
OUT_15829,162.33921346762202
OUT_15830,154.67560169795712
OUT_15831,35.823166524702
OUT_15832,189.8420416971122
OUT_15833,52.285316417208186
OUT_15834,669.1959790209527
OUT_15835,34.21100804974985
OUT_15836,47.15994462907142
OUT_15837,1905.179837273588
OUT_15838,571.0735311444348
OUT_15839,740.3556477470015
OUT_15840,720.7892600850513
OUT_15841,214.8820232837629
OUT_15842,39.29518914763007
OUT_15843,169.55321238743363
OUT_15844,37.97446341703925
OUT_15845,658.3788490272979
OUT_15846,106.26422149561256
OUT_15847,1874.5866130817983
OUT_15848,637.6328136108261
OUT_15849,776.1725248670501
OUT_15850,42.72133244282705
OUT_15851,44.19851562850448
OUT_15852,813.0103790242605
OUT_15853,1905.3212086125347
OUT_15854,146.2264505110767
OUT_15855,40.56035625190677
OUT_15856,60.39358044016289
OUT_15857,59.89683452650661
OUT_15858,43.76751564231119
OUT_15859,138.33249862663516
OUT_15860,48.00979139328789
OUT_15861,1869.7545767788636
OUT_15862,734.23276134785
OUT_15863,42.37124497066861
OUT_15864,71.80388603731181
OUT_15865,131.41482418596755
OUT_15866,178.4182473913683
OUT_15867,192.1524364467864
OUT_15868,51.43681131760878
OUT_15869,156.29712079037816
OUT_15870,25.39836922385724
OUT_15871,1883.418064466532
OUT_15872,131.87578093796057
OUT_15873,71.89986315055617
OUT_15874,858.6975460967868
OUT_15875,68.57667407305453
OUT_15876,48.86932799529505
OUT_15877,1859.0114938834045
OUT_15878,144.3310492340302
OUT_15879,42.28777495150082
OUT_15880,143.06174677672198
OUT_15881,48.13935787364142
OUT_15882,693.1550075845184
OUT_15883,59.5423023681076
OUT_15884,57.42241860233677
OUT_15885,59.013121034585154
OUT_15886,737.9233263296849
OUT_15887,43.22897475326227
OUT_15888,38.38020221478981
OUT_15889,35.00705531219874
OUT_15890,1895.85815470112
OUT_15891,40.13296346523081
OUT_15892,31.63640080656439
OUT_15893,45.37008540512577
OUT_15894,42.81116946994609
OUT_15895,732.4554602837306
OUT_15896,44.45387566417653
OUT_15897,44.80323184522911
OUT_15898,43.032362918892055
OUT_15899,740.0837912389047
OUT_15900,206.30339876931612
OUT_15901,194.1480847980298
OUT_15902,64.39283752512135
OUT_15903,72.4389410380452
OUT_15904,39.748069842788055
OUT_15905,103.30566114637116
OUT_15906,1837.473241492329
OUT_15907,41.86187082819786
OUT_15908,200.45288994644295
OUT_15909,81.62770805352795
OUT_15910,40.77316971344244
OUT_15911,167.96919137077472
OUT_15912,789.1270979605383
OUT_15913,38.630706236714495
OUT_15914,69.89788652276853
OUT_15916,42.13671822025272
OUT_15917,53.03845232431827
OUT_15918,41.79362846529029
OUT_15919,828.7752384873779
OUT_15920,153.19989063200742
OUT_15921,792.327168074219
OUT_15922,504.3428047373612
OUT_15923,41.45723207139515
OUT_15924,150.83336538260596
OUT_15925,38.63241922523706
OUT_15926,761.4008109843589
OUT_15927,33.18437464541632
OUT_15928,78.74526805569214
OUT_15930,772.0933840515584
OUT_15931,697.1647729384155
OUT_15932,44.32217909665819
OUT_15933,41.17412197813391
OUT_15934,741.734726911789
OUT_15935,208.51456859132145
OUT_15936,33.22782860788811
OUT_15937,41.65566583676351
OUT_15938,39.98593693453145
OUT_15939,36.86241899982979
OUT_15940,66.52487228757427
OUT_15941,78.21016268397187
OUT_15942,760.4217239767871
OUT_15943,41.057244945017295
OUT_15944,71.11871230963831
OUT_15945,214.3396543449285
OUT_15946,46.98770612373907
OUT_15947,44.79614592918966
OUT_15948,33.80793117010328
OUT_15949,36.30780260365063
OUT_15950,63.83513767869636
OUT_15951,1842.6351641301112
OUT_15952,689.1622625577759
OUT_15953,174.9865741187342
OUT_15954,116.81795581573232
OUT_15955,721.1673742779657
OUT_15956,38.48323480831109
OUT_15957,39.34877366282771
OUT_15958,526.8490860328814
OUT_15959,200.88214131210285
OUT_15960,48.577158852933856
OUT_15961,115.25192252428664
OUT_15962,112.82598392169062
OUT_15963,41.98167823534967
OUT_15964,38.45469860674108
OUT_15965,35.49102713436246
OUT_15966,212.1926100030174
OUT_15967,38.89227888587672
OUT_15968,801.5143552063937
OUT_15969,64.3631169153457
OUT_15970,42.68378791160427
OUT_15971,1891.96530383256
OUT_15972,169.5106890106508
OUT_15973,145.50475851799462
OUT_15974,134.0301519680454
OUT_15975,143.0338031068263
OUT_15976,75.01720552861782
OUT_15977,37.62906081086421
OUT_15978,224.4844095461576
OUT_15979,483.6981474196591
OUT_15980,41.2691510203458
OUT_15981,32.455622677572464
OUT_15982,26.60363454608157
OUT_15983,34.274266568632044
OUT_15984,42.66140066182152
OUT_15985,741.3664178482462
OUT_15986,172.2913885015647
OUT_15987,39.04736299919011
OUT_15988,37.44068664845023
OUT_15989,678.45494578366
OUT_15990,127.95538467330788
OUT_15991,45.75947219971495
OUT_15992,41.635041700136206
OUT_15993,207.3246057478776
OUT_15994,127.3697698899119
OUT_15995,58.73781934969412
OUT_15996,787.6997776343909
OUT_15997,33.43030316627975
OUT_15998,178.74378476101734
OUT_15999,31.751139623959045
OUT_16000,711.0858077755676
OUT_16001,162.55906906315283
OUT_16002,68.26265468848511
OUT_16003,143.64451468193167
OUT_16004,545.889501113776
OUT_16005,39.31470030029166
OUT_16006,192.46193439518012
OUT_16007,44.45320276053079
OUT_16008,197.2187528753388
OUT_16009,42.43222785728747
OUT_16010,46.621116900750735
OUT_16011,41.55529647847254
OUT_16012,34.27930206049869
OUT_16013,31.20969862298017
OUT_16014,43.06177191261669
OUT_16015,31.28934644984458
OUT_16016,751.9401217182519
OUT_16017,48.86170064459814
OUT_16018,78.66220535567192
OUT_16019,127.94887042294604
OUT_16020,178.28255225919108
OUT_16021,34.37393960972399
OUT_16022,44.15625176538292
OUT_16023,217.32057675467743
OUT_16024,31.044704782552056
OUT_16025,128.9560481118687
OUT_16026,139.7022565026633
OUT_16027,49.94815804184845
OUT_16028,47.77589603435359
OUT_16029,125.9511694694835
OUT_16030,42.75131707566139
OUT_16031,184.44842175443404
OUT_16032,61.12929312805935
OUT_16033,36.2311214191341
OUT_16034,776.0363142948403
OUT_16035,125.76182303832972
OUT_16036,125.07306998799704
OUT_16037,48.689899582602855
OUT_16038,39.68758589088136
OUT_16039,50.70802348756581
OUT_16040,41.54827089994642
OUT_16041,1311.5823598758636
OUT_16042,217.98439024933208
OUT_16043,770.3510763902848
OUT_16044,46.741331141943824
OUT_16045,174.7820864591844
OUT_16046,113.5811294807662
OUT_16047,43.15018473321384
OUT_16048,184.63146887687668
OUT_16049,509.2435492758185
OUT_16050,39.46276573795928
OUT_16051,39.55289049260896
OUT_16052,71.07872181012699
OUT_16053,46.822309046958765
OUT_16054,151.76938119666048
OUT_16055,778.1554869564853
OUT_16056,52.51880269157622
OUT_16057,67.56743523277306
OUT_16058,232.93547990228367
OUT_16059,36.88667686933926
OUT_16060,43.4909927256134
OUT_16061,30.469659562759283
OUT_16062,200.2143875902497
OUT_16063,122.5968799174782
OUT_16064,797.1148290909704
OUT_16065,40.76179611726351
OUT_16066,36.15708836666563
OUT_16067,35.518534453857406
OUT_16068,33.9103943447403
OUT_16069,154.09449577641678
OUT_16070,38.56899952710594
OUT_16071,1896.5950383557104
OUT_16072,47.31221875852246
OUT_16074,72.2373058225937
OUT_16075,1887.2927754352088
OUT_16076,44.0345025478558
OUT_16077,185.7107201092869
OUT_16078,220.3080593640844
OUT_16079,144.0346069729127
OUT_16080,58.51521893305628
OUT_16081,56.392789683731856
OUT_16082,172.48499549618376
OUT_16083,696.2590170142684
OUT_16084,121.48187744406472
OUT_16085,1885.3036761652695
OUT_16086,804.7777255044242
OUT_16087,163.93798614297708
OUT_16088,784.5826215564974
OUT_16089,55.148329184669066
OUT_16090,41.32286282340968
OUT_16091,38.896880970211946
OUT_16092,29.681242603530137
OUT_16093,190.86931022636392
OUT_16094,1907.088448381281
OUT_16095,41.82893153823721
OUT_16096,45.74414049920853
OUT_16097,759.6778067917857
OUT_16098,31.22846713922309
OUT_16099,178.0652916509206
OUT_16100,53.06711554511325
OUT_16101,33.1730566152185
OUT_16102,137.08735749179246
OUT_16103,132.04694704229811
OUT_16104,116.9295196026614
OUT_16105,168.7436745058683
OUT_16106,182.55727411086804
OUT_16107,168.4462030404348
OUT_16108,1776.1075157032806
OUT_16109,37.053000981357634
OUT_16110,78.14824741159435
OUT_16111,50.42871886662509
OUT_16112,191.1560976389673
OUT_16113,736.0989888920506
OUT_16114,497.5124705770507
OUT_16115,35.17526652230416
OUT_16116,730.0077905750829
OUT_16117,27.497904933748146
OUT_16118,33.90875199457722
OUT_16119,67.71038370309711
OUT_16120,38.55719438125048
OUT_16121,50.331525813659226
OUT_16122,42.586192211324864
OUT_16123,793.4959012100965
OUT_16124,147.6117345301243
OUT_16125,77.0729680762785
OUT_16126,170.48411992255603
OUT_16127,35.47221660831614
OUT_16128,145.16104849549637
OUT_16129,70.33618489084101
OUT_16130,117.16981277362392
OUT_16131,39.46608391341073
OUT_16132,71.4340702940661
OUT_16133,48.80646678288688
OUT_16134,44.2348918473393
OUT_16135,666.468888945502
OUT_16136,650.7160954844236
OUT_16137,51.935429110272885
OUT_16138,48.49298442941574
OUT_16139,58.80628885105444
OUT_16140,169.5471677539741
OUT_16141,66.86787547906859
OUT_16142,761.3946281314264
OUT_16143,705.9737346676668
OUT_16144,509.5518257742701
OUT_16145,76.97801300083987
OUT_16146,690.4302514010304
OUT_16147,136.06332762838363
OUT_16148,35.51290502991722
OUT_16149,28.277619875068595
OUT_16150,527.5279690839417
OUT_16151,36.75746841783654
OUT_16152,42.6101431320041
OUT_16153,818.195017426968
OUT_16154,211.17217464985947
OUT_16155,47.10967259178248
OUT_16156,197.97065557620425
OUT_16157,37.43444537066132
OUT_16158,199.32276188599255
OUT_16159,59.10765404456265
OUT_16160,37.43368902292715
OUT_16161,145.59848052581262
OUT_16162,183.6406973566501
OUT_16163,63.83748281380059
OUT_16164,526.7908756800468
OUT_16165,42.43269517403113
OUT_16167,46.57202326092697
OUT_16168,39.19685980129885
OUT_16169,1889.5626005119896
OUT_16170,837.8232222796538
OUT_16171,113.29767914583684
OUT_16172,741.4724568641915
OUT_16173,206.04356369858212
OUT_16174,25.16260614845931
OUT_16175,60.41213578811042
OUT_16176,744.1902241938913
OUT_16177,159.3487050885949
OUT_16178,31.83205259086159
OUT_16179,206.4513664065836
OUT_16180,1908.0470944156932
OUT_16181,133.67821577457283
OUT_16182,54.51016765121249
OUT_16183,1844.936357807073
OUT_16184,801.6749069915918
OUT_16185,665.8038483738999
OUT_16186,75.06599888827819
OUT_16188,61.76895450773076
OUT_16189,196.1875438834348
OUT_16190,855.1603814455517
OUT_16191,45.84099256282244
OUT_16193,221.16595759083236
OUT_16194,804.2597965242551
OUT_16195,1875.332324002429
OUT_16196,179.95220813134614
OUT_16197,54.27035535123122
OUT_16198,59.52832293787909
OUT_16199,1873.833977455771
OUT_16200,38.20446331509871
OUT_16201,762.6017290041307
OUT_16202,45.583041141911885
OUT_16203,35.439520859442375
OUT_16204,144.225104505691
OUT_16205,44.03763828586038
OUT_16206,43.46340728106193
OUT_16207,109.70418764997454
OUT_16208,45.85002552465649
OUT_16209,707.9957728396316
OUT_16210,33.322301269566466
OUT_16211,35.707487912743765
OUT_16212,48.36865788593382
OUT_16213,39.26049372691256
OUT_16214,76.60236964027234
OUT_16215,542.9500782437624
OUT_16216,759.9032702949736
OUT_16217,128.1942572179727
OUT_16218,41.86769938423903
OUT_16219,790.4268075716284
OUT_16220,52.89105938532519
OUT_16221,30.15713257190581
OUT_16222,61.4152408222397
OUT_16223,1834.368342608752
OUT_16224,64.9932593674058
OUT_16225,140.04792035676675
OUT_16226,27.73812290756472
OUT_16227,61.61586167166573
OUT_16228,1905.0513681730367
OUT_16229,1880.090117028866
OUT_16230,198.10332928992983
OUT_16231,41.36231308812622
OUT_16232,48.30460884497125
OUT_16233,37.76142459534248
OUT_16234,231.82315904898104
OUT_16235,126.2172668179364
OUT_16236,47.005246816980666
OUT_16237,125.87681933941477
OUT_16238,1931.2973481206132
OUT_16239,40.81292012753015
OUT_16240,136.2338994358025
OUT_16241,44.545313129333245
OUT_16242,130.57360129036303
OUT_16243,719.6590181881307
OUT_16244,647.4180694567848
OUT_16245,752.7425149658819
OUT_16246,46.165571912512256
OUT_16247,56.84406361606886
OUT_16248,184.2035551248427
OUT_16249,39.6537360249802
OUT_16250,49.8823797188955
OUT_16251,43.2302380069291
OUT_16252,687.8079605468768
OUT_16253,35.43698993152019
OUT_16254,705.137247534975
OUT_16255,519.9144042387765
OUT_16256,127.30928133047998
OUT_16257,43.3280483869826
OUT_16258,734.4728242185284
OUT_16259,30.909690605941943
OUT_16260,46.66009758963629
OUT_16261,120.69656933266307
OUT_16262,32.47202681768037
OUT_16263,68.75026182712436
OUT_16264,62.102618180980365
OUT_16265,39.98401848776237
OUT_16266,49.03436418054841
OUT_16267,49.53458391180778
OUT_16268,32.42318751677393
OUT_16269,176.08450489048553
OUT_16270,36.77595050049011
OUT_16271,755.4254862383244
OUT_16272,182.6105730233513
OUT_16273,634.1405037841671
OUT_16274,68.48736946525098
OUT_16275,745.8600861859925
OUT_16276,36.849984532270014
OUT_16277,42.26412697504998
OUT_16278,171.38341687229135
OUT_16279,121.80870732410976
OUT_16280,34.7249735850618
OUT_16281,48.76127935620481
OUT_16282,56.900086432642766
OUT_16283,155.0055894016791
OUT_16284,752.6952350879125
OUT_16285,41.32561784166178
OUT_16286,32.53953397639709
OUT_16287,127.49430532789953
OUT_16288,184.325899932632
OUT_16289,51.395255494466014
OUT_16290,45.13613271703395
OUT_16291,45.009331892819326
OUT_16292,165.85667486520126
OUT_16293,201.95653310777487
OUT_16294,64.38835063153341
OUT_16295,52.207760820622056
OUT_16296,150.4779723140182
OUT_16297,181.84361575934125
OUT_16298,33.035731008631124
OUT_16299,173.2251318716299
OUT_16300,822.9769121871876
OUT_16301,73.20437069214968
OUT_16302,758.8578017449581
OUT_16303,1880.746129123876
OUT_16304,1835.036439707682
OUT_16305,43.49937468736012
OUT_16306,40.478603810647954
OUT_16307,55.37208702802067
OUT_16308,61.15397811150402
OUT_16309,223.7316200831721
OUT_16310,225.2671095917324
OUT_16311,776.9136377975526
OUT_16312,64.90546762168593
OUT_16313,27.44786957164517
OUT_16314,1800.35824091192
OUT_16315,805.811485308875
OUT_16316,40.13491823649859
OUT_16317,815.7864543072125
OUT_16318,804.4289734868136
OUT_16319,37.35662908241408
OUT_16320,74.73841370810868
OUT_16321,135.18032203751002
OUT_16322,655.5289951555014
OUT_16323,178.3770958491939
OUT_16324,59.1564636555351
OUT_16325,40.08444380695004
OUT_16326,696.712523180174
OUT_16327,122.63125545173604
OUT_16328,811.5095641303233
OUT_16329,1856.8997987993816
OUT_16330,742.9120228999022
OUT_16331,1890.7922409441103
OUT_16332,37.80417919243741
OUT_16333,71.48455213635367
OUT_16334,721.9157710717946
OUT_16335,137.62026967016195
OUT_16336,1897.7915023245453
OUT_16337,40.27957647326672
OUT_16338,35.12909200207098
OUT_16339,45.532284499892974
OUT_16340,46.31854695890488
OUT_16341,182.2905022532542
OUT_16342,42.63568298206145
OUT_16343,729.2037845347792
OUT_16344,57.55051817860028
OUT_16345,49.16498731448477
OUT_16346,30.287449947332924
OUT_16348,149.99130464073065
OUT_16349,743.7148046537116
OUT_16350,56.22611370799791
OUT_16351,747.0218419970125
OUT_16352,58.17345455153406
OUT_16353,58.772566443027
OUT_16354,79.23983899954152
OUT_16355,47.714714767474895
OUT_16356,42.93177482439939
OUT_16357,40.71660078016483
OUT_16358,35.369164312802134
OUT_16359,211.98546085945296
OUT_16361,39.6684979226506
OUT_16362,792.0518754162689
OUT_16363,37.57406814239036
OUT_16364,838.1547643795793
OUT_16365,44.59231517901727
OUT_16366,50.81098463274168
OUT_16367,174.86524848433288
OUT_16368,45.009819111566
OUT_16369,37.44202733535442
OUT_16370,181.9169196944941
OUT_16371,36.78292400075532
OUT_16372,43.87922147417078
OUT_16373,46.9824026030162
OUT_16374,40.76122471897963
OUT_16375,146.1272669081206
OUT_16376,76.57755911606928
OUT_16377,34.94378737462489
OUT_16378,50.21147210926088
OUT_16379,47.903724193127786
OUT_16380,57.82217356628693
OUT_16381,46.87316491294496
OUT_16382,507.5346379395877
OUT_16383,758.8287961173152
OUT_16384,196.72617668216057
OUT_16385,44.23409087546686
OUT_16386,53.81749709657349
OUT_16387,191.12286800806243
OUT_16388,1877.7975278548097
OUT_16389,560.9887593280406
OUT_16390,187.606502198212
OUT_16391,46.92948033541772
OUT_16392,43.78525507802396
OUT_16393,40.50773780971751
OUT_16394,695.6375496292736
OUT_16395,42.14549133100911
OUT_16396,47.14606499024107
OUT_16397,840.5627570751091
OUT_16398,191.59206817376585
OUT_16399,33.37209379902827
OUT_16400,45.8326974362
OUT_16401,47.22600997405093
OUT_16402,196.68055724901097
OUT_16403,778.0988942566237
OUT_16404,133.74172166457922
OUT_16405,41.55945350320263
OUT_16406,67.97808196639996
OUT_16407,174.09304243502393
OUT_16408,43.67632864155545
OUT_16409,144.01115470580618
OUT_16410,34.08218851662369
OUT_16411,148.7422774289064
OUT_16412,44.83812769258563
OUT_16413,651.0536294031921
OUT_16414,739.413398488973
OUT_16415,40.51262694757556
OUT_16416,58.43991351175034
OUT_16417,565.0838912204247
OUT_16418,54.24258420855709
OUT_16419,137.94695206148558
OUT_16420,64.62805049026613
OUT_16421,173.67427223057237
OUT_16422,39.53746239867646
OUT_16423,173.073669257109
OUT_16424,707.5099947165386
OUT_16425,139.82105767021247
OUT_16426,783.227724687506
OUT_16427,65.78763515236209
OUT_16428,67.08843529587224
OUT_16429,202.4977613569027
OUT_16430,32.73141468074393
OUT_16431,35.15558148626877
OUT_16432,60.25084495736814
OUT_16433,128.0920870026481
OUT_16434,39.78219857870533
OUT_16435,753.4583014941973
OUT_16436,134.976460968369
OUT_16437,1873.0577900735736
OUT_16438,58.26245178230131
OUT_16439,203.1858749274189
OUT_16440,50.74161826309981
OUT_16441,1899.7800882069607
OUT_16442,27.99154921067458
OUT_16443,46.14153845242744
OUT_16444,142.1689864114073
OUT_16445,66.14691727177386
OUT_16447,47.49032020281033
OUT_16448,172.58525462791175
OUT_16449,123.42041600840798
OUT_16450,40.52576371951661
OUT_16451,735.1903849489696
OUT_16452,126.66009011545236
OUT_16453,62.8277733259154
OUT_16454,172.82005155331032
OUT_16455,188.46457059322967
OUT_16456,42.1300857784
OUT_16457,183.28823979068423
OUT_16458,44.17126973760711
OUT_16459,592.7732602902641
OUT_16460,1887.167198077542
OUT_16461,179.98067180502792
OUT_16462,39.58102226623233
OUT_16463,175.62859250462986
OUT_16464,73.03960658103082
OUT_16465,126.15724546036247
OUT_16466,41.37954043272703
OUT_16467,615.0249159836007
OUT_16468,215.99394476700692
OUT_16469,44.42982535711157
OUT_16470,759.4591591377456
OUT_16471,33.740575797196016
OUT_16472,50.87032936243195
OUT_16473,38.03232091734829
OUT_16474,40.743797966735976
OUT_16475,53.44420378194158
OUT_16476,80.6305722753275
OUT_16477,120.3232431424058
OUT_16478,223.75229993466732
OUT_16479,153.39037127903782
OUT_16480,155.46426842693873
OUT_16481,50.58677884553701
OUT_16482,36.426067993466695
OUT_16483,172.67823445240435
OUT_16484,120.8740588403118
OUT_16485,41.83369376617068
OUT_16486,35.51275441753062
OUT_16487,135.78547047625796
OUT_16488,1887.455576093645
OUT_16489,140.3349707568595
OUT_16490,48.55542017830734
OUT_16491,50.11068473252283
OUT_16492,1915.34079388362
OUT_16493,30.875744151383007
OUT_16494,136.34607872535182
OUT_16495,72.72320919728621
OUT_16496,117.61417378088072
OUT_16497,583.185734402666
OUT_16498,69.65418295283524
OUT_16499,173.16441381075146
OUT_16500,41.29554744985326
OUT_16501,129.75953462388213
OUT_16502,679.7772571506275
OUT_16503,48.87914563693476
OUT_16504,38.28275004358758
OUT_16505,52.08083575961323
OUT_16506,34.470029119704286
OUT_16507,33.19013362526505
OUT_16508,39.00185450753148
OUT_16509,86.35054488716997
OUT_16510,38.487664796904
OUT_16511,677.7863952991773
OUT_16512,54.19974424859695
OUT_16513,147.15678923559875
OUT_16514,217.67611512075416
OUT_16515,131.59503338666303
OUT_16516,117.21157606717134
OUT_16517,132.9587443441585
OUT_16518,35.642320315288586
OUT_16519,61.64383780074802
OUT_16520,1905.0480688225443
OUT_16521,194.7403670996869
OUT_16522,38.89667074105369
OUT_16523,48.15235825949396
OUT_16525,133.98395045761504
OUT_16526,45.07294743876311
OUT_16527,68.44414489888963
OUT_16528,43.53419414151858
OUT_16529,182.6116561358459
OUT_16530,793.4290387495167
OUT_16531,753.1812837274845
OUT_16532,39.39336829828302
OUT_16533,119.82315925465844
OUT_16534,49.61078841931239
OUT_16535,36.48700159398682
OUT_16536,726.7915815811854
OUT_16537,224.0631909997224
OUT_16538,1865.6008949642776
OUT_16539,181.0343908210745
OUT_16540,775.5482394036235
OUT_16541,64.55590638849985
OUT_16542,148.04639084526875
OUT_16543,186.1839542865193
OUT_16544,210.83427147171105
OUT_16545,79.69093988120547
OUT_16546,61.95500471327727
OUT_16548,1891.9965853651208
OUT_16549,33.978247766760745
OUT_16550,43.24537485848549
OUT_16551,134.31287391304303
OUT_16552,43.90926826399513
OUT_16553,180.62346020351015
OUT_16554,43.95238840672327
OUT_16555,58.982382481424295
OUT_16556,43.59601481917789
OUT_16557,35.09336034647184
OUT_16558,177.59571148752937
OUT_16559,143.42600636418393
OUT_16560,41.11884922735402
OUT_16561,70.61117106443021
OUT_16562,50.53973418310015
OUT_16563,38.1086234523452
OUT_16564,40.50194051604847
OUT_16565,42.33610731647504
OUT_16566,32.716170469597984
OUT_16567,77.58167131003628
OUT_16568,40.52876100828681
OUT_16569,192.214267189297
OUT_16570,1845.1322661931529
OUT_16571,54.901490505301865
OUT_16572,50.38985794682374
OUT_16573,1872.160957785699
OUT_16574,51.71235334095308
OUT_16575,56.20360011617065
OUT_16576,701.1845922477684
OUT_16577,58.38090495161226
OUT_16578,133.83460960335344
OUT_16579,175.33075638409144
OUT_16580,39.03858159270721
OUT_16581,34.73152381204917
OUT_16582,50.42039544323528
OUT_16583,756.6285061639238
OUT_16584,48.43816551700985
OUT_16585,44.87417734077648
OUT_16586,510.51040423505793
OUT_16587,58.97975805316584
OUT_16588,145.95766955170183
OUT_16589,31.701441631505688
OUT_16590,769.3012480421042
OUT_16591,31.81000921089121
OUT_16592,136.13080393747853
OUT_16593,784.4633995299812
OUT_16594,35.11668894193167
OUT_16595,56.21575807709436
OUT_16596,1886.074359056924
OUT_16597,1832.0487581921536
OUT_16598,781.5628060687725
OUT_16599,29.1211432171976
OUT_16600,25.91571974302273
OUT_16601,138.13341061396784
OUT_16602,529.6000305052919
OUT_16603,43.899613918826645
OUT_16604,52.51936632212229
OUT_16605,1875.23577392779
OUT_16606,47.40451451735462
OUT_16607,191.61673968411003
OUT_16608,43.26738211856141
OUT_16609,167.06919062572842
OUT_16610,51.15191425709862
OUT_16611,45.50008841741845
OUT_16612,143.43726452387614
OUT_16613,43.39831079998701
OUT_16614,72.90732132203996
OUT_16615,65.44006119487113
OUT_16616,210.63822251301647
OUT_16617,179.44337946192755
OUT_16618,28.729907759168515
OUT_16619,156.21134350225284
OUT_16620,178.9211382141115
OUT_16621,47.34675382901053
OUT_16623,731.7758706223739
OUT_16624,42.11041489344214
OUT_16625,75.87288813287114
OUT_16626,34.04331593335373
OUT_16627,36.14444532657069
OUT_16628,30.644339344586676
OUT_16629,32.25687047112372
OUT_16630,38.75558160810216
OUT_16631,181.31264563781983
OUT_16632,172.69248121449144
OUT_16633,778.224649257344
OUT_16634,34.73437209766016
OUT_16635,65.28986583761534
OUT_16636,69.69123422174151
OUT_16637,61.84789793435553
OUT_16638,39.6777018175104
OUT_16639,1885.7452873260413
OUT_16640,188.99881414413213
OUT_16641,688.2608731992364
OUT_16642,142.06150947693905
OUT_16643,126.47077260391802
OUT_16644,119.29040420114032
OUT_16645,173.20254753729563
OUT_16646,162.37016731174324
OUT_16647,148.08310186241246
OUT_16648,50.85985178921339
OUT_16649,762.5755316007899
OUT_16650,87.73588641662721
OUT_16651,75.140084510367
OUT_16652,200.18197872262184
OUT_16653,45.08668554316069
OUT_16654,792.9344705099107
OUT_16655,46.89938664111052
OUT_16656,710.3636846280689
OUT_16657,683.2820235880896
OUT_16658,40.98349990887053
OUT_16659,776.4483910010268
OUT_16660,43.38616926870938
OUT_16661,48.19838684159811
OUT_16662,175.71789238359452
OUT_16663,31.63431523044675
OUT_16664,48.00605912942703
OUT_16665,208.31546973123827
OUT_16666,28.74392805197472
OUT_16667,38.99458155800431
OUT_16668,51.05116402310995
OUT_16669,47.512642875815416
OUT_16670,369.7988253667861
OUT_16671,45.12207347358867
OUT_16672,75.14654729970698
OUT_16673,137.0293925084177
OUT_16674,48.42790780736478
OUT_16675,557.5601695897151
OUT_16676,794.916262560535
OUT_16677,34.47778069857807
OUT_16678,34.8865522626428
OUT_16679,33.55855332440707
OUT_16680,223.81031420068447
OUT_16681,40.62003346476651
OUT_16682,59.83224655114779
OUT_16683,45.46120930253306
OUT_16684,31.76029770468041
OUT_16685,198.3273358437413
OUT_16686,53.83841709933219
OUT_16687,701.1646554832789
OUT_16688,1307.7241313119855
OUT_16689,65.34113158573922
OUT_16690,652.604661928041
OUT_16691,44.95700925654047
OUT_16692,122.29442577111968
OUT_16693,48.575390019580766
OUT_16694,206.9587275280116
OUT_16695,53.80632989619057
OUT_16696,36.04888696007176
OUT_16697,41.80696789645277
OUT_16698,205.638753847028
OUT_16699,43.41614946822189
OUT_16700,35.71063787233656
OUT_16701,28.62758255941136
OUT_16702,159.50508970847036
OUT_16703,713.6609701123422
OUT_16704,66.6372125108516
OUT_16705,168.1550533252887
OUT_16706,58.32649024324101
OUT_16707,762.9774020222405
OUT_16708,37.18585233977743
OUT_16709,49.147523006626905
OUT_16710,51.35732475762271
OUT_16711,719.417014777083
OUT_16712,770.9466311341698
OUT_16713,47.54009639321218
OUT_16714,51.02289780609376
OUT_16715,39.90693414128808
OUT_16716,214.3964983427925
OUT_16717,182.53716820131424
OUT_16718,45.59154835717682
OUT_16719,197.97116216028016
OUT_16720,50.40048818617012
OUT_16721,169.56546793341465
OUT_16722,81.88428614276773
OUT_16723,55.786321667308925
OUT_16724,481.7061688101867
OUT_16725,152.33781130538077
OUT_16726,183.71650245437735
OUT_16727,46.61262264500909
OUT_16728,815.4989856897434
OUT_16729,43.04866837940987
OUT_16730,40.02373890645866
OUT_16731,148.43233247457172
OUT_16732,178.00904690456375
OUT_16733,49.64427687841073
OUT_16734,85.54716373527366
OUT_16735,55.36100084379566
OUT_16736,67.1647439821355
OUT_16737,148.0665487340992
OUT_16738,653.5830482171864
OUT_16739,211.9996557374943
OUT_16740,226.02591741694943
OUT_16741,706.7561418352568
OUT_16742,738.0837166987718
OUT_16743,71.13749686517048
OUT_16744,36.96819114194883
OUT_16745,130.24137412516583
OUT_16746,175.83258256578478
OUT_16747,140.12203932219427
OUT_16748,51.02753425075417
OUT_16749,667.1445559424733
OUT_16750,35.21441760299876
OUT_16751,64.45192486680232
OUT_16752,51.38827247729935
OUT_16753,682.4038914910603
OUT_16754,54.86087859424255
OUT_16755,31.68648759450003
OUT_16756,33.22825723659323
OUT_16757,217.1896651545185
OUT_16758,47.23241212019042
OUT_16759,41.9534577126874
OUT_16760,200.094004117046
OUT_16761,68.93201757698124
OUT_16762,111.65100784903603
OUT_16763,41.2399140373286
OUT_16764,56.39466704690508
OUT_16766,122.7381553924252
OUT_16767,26.013280893549226
OUT_16768,188.4126694543221
OUT_16769,597.9963653785263
OUT_16770,164.2841472823083
OUT_16771,37.19420348081216
OUT_16772,50.433225802972544
OUT_16773,27.825773776169257
OUT_16774,46.9346994798176
OUT_16775,705.6655605670371
OUT_16776,138.65458104326612
OUT_16777,160.89038629160603
OUT_16778,227.42503565541324
OUT_16779,37.97022354518213
OUT_16780,35.342829604387966
OUT_16781,35.929360179169066
OUT_16782,54.760847544564754
OUT_16783,212.01601737760564
OUT_16784,135.2147434246354
OUT_16785,521.1437778704934
OUT_16786,697.4807218102029
OUT_16787,658.0557770071568
OUT_16788,38.28498104968744
OUT_16789,69.0436934530971
OUT_16790,178.71661200342425
OUT_16791,768.5265608197813
OUT_16792,39.43898467163034
OUT_16793,116.49589692888831
OUT_16794,128.4784321147899
OUT_16795,31.399545155323807
OUT_16796,121.79549864426586
OUT_16797,38.88295091017467
OUT_16798,43.43280669876239
OUT_16799,67.73701517052217
OUT_16800,32.28923862456932
OUT_16801,67.16336898827693
OUT_16802,40.02893648057315
OUT_16803,46.67659972403995
OUT_16804,684.6797250967517
OUT_16805,36.62420889900372
OUT_16806,725.1033107768225
OUT_16807,229.41440554957228
OUT_16808,490.5542066975137
OUT_16809,1886.188128534468
OUT_16810,126.92208821694628
OUT_16811,53.13978806379261
OUT_16812,814.0566334220421
OUT_16813,550.0785593041069
OUT_16814,68.58351071472764
OUT_16815,771.9168929936778
OUT_16816,51.36254035480607
OUT_16817,203.6009791915466
OUT_16818,193.55599628279785
OUT_16819,43.55405602917914
OUT_16820,763.6878389752046
OUT_16821,229.28087057612657
OUT_16822,34.09062339245152
OUT_16823,67.11145496685708
OUT_16824,226.15835582102503
OUT_16826,48.234992598689054
OUT_16827,1874.0380097776049
OUT_16828,138.64578660087523
OUT_16829,43.67964652236065
OUT_16830,768.5869642324562
OUT_16831,41.752148986857584
OUT_16832,519.0615321035041
OUT_16833,122.8628980771938
OUT_16834,165.53578014727162
OUT_16835,63.279145701605245
OUT_16836,50.41047620469105
OUT_16837,30.04770035393506
OUT_16838,691.468827506476
OUT_16839,162.6836986927366
OUT_16840,755.72631450902
OUT_16841,572.08977261665
OUT_16842,33.85593791956289
OUT_16843,35.548424572924255
OUT_16844,121.33329965503432
OUT_16845,36.60396218051077
OUT_16846,64.43743375093449
OUT_16847,29.50788747768688
OUT_16848,1864.620001139428
OUT_16849,39.91641985029415
OUT_16850,54.22066688874078
OUT_16851,765.352650308008
OUT_16852,134.5242769736755
OUT_16853,61.48351170065246
OUT_16854,33.279940042099746
OUT_16855,165.67278933590086
OUT_16856,171.9548939232371
OUT_16857,192.49300882746724
OUT_16858,505.3895174275721
OUT_16859,43.88664384939572
OUT_16860,117.57312096716522
OUT_16861,149.46210043647338
OUT_16862,29.37199603472315
OUT_16863,788.2105381822157
OUT_16864,1863.555310587249
OUT_16865,60.26645320866651
OUT_16866,222.9458213717857
OUT_16867,40.71498929878046
OUT_16868,825.5012017927487
OUT_16869,43.24582903487822
OUT_16870,154.63692237371689
OUT_16871,55.52421238841208
OUT_16872,743.151251808482
OUT_16873,162.92202980722575
OUT_16874,218.89670166773325
OUT_16875,111.8960002092829
OUT_16876,519.5797356381228
OUT_16877,50.77613360569075
OUT_16878,46.70104148754226
OUT_16879,44.07278217849855
OUT_16880,797.1160503779374
OUT_16881,40.39863466059851
OUT_16882,156.49381015131132
OUT_16883,55.25614657642222
OUT_16884,508.546189449888
OUT_16885,33.47455439799486
OUT_16886,33.192386691411166
OUT_16887,44.4556967645692
OUT_16888,169.75275583693627
OUT_16889,126.0996291753053
OUT_16890,52.65323266452545
OUT_16891,823.7887056526084
OUT_16892,33.466935656589584
OUT_16893,179.43625188083388
OUT_16894,203.3349030283813
OUT_16895,47.11934946779022
OUT_16896,43.38430235258232
OUT_16897,57.96687642477016
OUT_16898,47.63661016029652
OUT_16899,771.4014782960517
OUT_16900,619.593316589409
OUT_16901,82.48564567104903
OUT_16902,143.9861626808332
OUT_16903,82.62611973036196
OUT_16904,33.09276512068049
OUT_16905,144.5870629924975
OUT_16907,50.66007139367397
OUT_16908,769.7008660725845
OUT_16909,627.755968589635
OUT_16910,48.34018196997186
OUT_16911,69.31018528809432
OUT_16913,146.60164504046614
OUT_16914,80.23103004349153
OUT_16915,40.33071848797507
OUT_16916,37.7824066207729
OUT_16917,42.44071402589155
OUT_16918,32.709623822825115
OUT_16919,80.48022531134842
OUT_16920,143.74487988464267
OUT_16921,144.97325180936434
OUT_16922,39.56991252993677
OUT_16923,147.92843911679304
OUT_16924,736.5072394281422
OUT_16925,803.4101096535469
OUT_16926,49.61740665818722
OUT_16927,190.2405482537551
OUT_16928,135.7177515012896
OUT_16929,59.60823395076793
OUT_16930,198.91441266046343
OUT_16931,36.2838931391773
OUT_16932,227.7348412376981
OUT_16933,32.78849395438873
OUT_16934,185.7340279732549
OUT_16935,1943.2885141624088
OUT_16936,143.8126462908697
OUT_16937,733.0119545805228
OUT_16938,40.03175998911985
OUT_16940,30.275664144334147
OUT_16941,70.17049107149683
OUT_16942,181.45221521495117
OUT_16943,60.256364710467246
OUT_16944,204.4069523643589
OUT_16945,39.09929711695851
OUT_16946,1898.861752668116
OUT_16947,38.69996035676
OUT_16948,57.81851368524019
OUT_16949,60.78652913230813
OUT_16950,65.24890154946456
OUT_16951,45.30830719194295
OUT_16952,39.63332651747693
OUT_16953,40.57465747256117
OUT_16954,39.802505564973615
OUT_16955,39.845142597121225
OUT_16956,47.11182013913155
OUT_16957,44.23835194742708
OUT_16958,752.7828286418875
OUT_16959,1860.3632574127823
OUT_16960,59.42724624363574
OUT_16961,222.59452563916156
OUT_16962,49.52211856483078
OUT_16963,32.17648324239879
OUT_16964,34.613933107920715
OUT_16965,141.51086780129214
OUT_16966,37.66370426459769
OUT_16967,186.7236107082313
OUT_16968,146.7244521495814
OUT_16969,162.0928298603297
OUT_16970,180.2094973752156
OUT_16971,723.2280020874327
OUT_16972,44.36819593091279
OUT_16973,35.67733066265272
OUT_16974,127.57465669534022
OUT_16975,129.9306604623664
OUT_16976,42.676109737154974
OUT_16977,752.6168799415383
OUT_16978,47.71178562642577
OUT_16979,42.10761039231934
OUT_16980,43.62580614595208
OUT_16981,47.09237832955533
OUT_16982,45.37585189102291
OUT_16983,181.32795935732776
OUT_16984,62.20095578456209
OUT_16985,187.1693788281693
OUT_16986,1888.3786474309984
OUT_16987,177.0918828377722
OUT_16988,166.20695685299796
OUT_16989,197.63617750435483
OUT_16990,1875.330280731443
OUT_16991,201.77236129506807
OUT_16992,43.79073549669183
OUT_16993,38.299723342077264
OUT_16994,116.35175901875311
OUT_16995,39.521369846102296
OUT_16996,182.8669612942478
OUT_16997,112.03465218050349
OUT_16998,45.212979995649455
OUT_16999,223.22402230663937
OUT_17000,37.26037725348969
OUT_17001,34.77999589641833
OUT_17002,120.82748423902952
OUT_17003,41.93202434008697
OUT_17004,211.99986451373616
OUT_17005,148.21269397227198
OUT_17006,167.8304179142646
OUT_17007,209.9246241695013
OUT_17008,713.7826864381492
OUT_17009,1878.881069718822
OUT_17010,1871.9829429234687
OUT_17011,59.59629485849389
OUT_17012,35.07205465035803
OUT_17013,36.67736183127166
OUT_17014,1849.993397145384
OUT_17015,128.58480176588716
OUT_17016,66.63619347071612
OUT_17017,54.52441784163122
OUT_17018,35.04733705319896
OUT_17019,228.2851390485036
OUT_17020,58.80892205393081
OUT_17021,720.7588805037984
OUT_17022,57.62412256610155
OUT_17023,58.77785674949154
OUT_17024,31.84866745593203
OUT_17025,777.1485693859423
OUT_17026,25.485136921557174
OUT_17027,39.46250803619785
OUT_17028,847.6362450035673
OUT_17029,34.12054764691398
OUT_17030,66.66705871764697
OUT_17031,34.897538153066726
OUT_17032,67.32249911842077
OUT_17033,54.853617338768366
OUT_17034,126.79165168230786
OUT_17035,43.38283865594701
OUT_17036,71.2599473110358
OUT_17037,185.36498209654647
OUT_17038,50.82644114057995
OUT_17039,226.76523221460627
OUT_17040,34.381860675176505
OUT_17041,168.52152074857074
OUT_17042,35.88690283237776
OUT_17043,32.95737099335799
OUT_17044,737.4420047530322
OUT_17045,42.3407853823427
OUT_17046,30.56818593784388
OUT_17047,711.3064980426922
OUT_17048,37.60056262296068
OUT_17049,1893.8043850292208
OUT_17050,187.1760428099869
OUT_17051,38.506650346746966
OUT_17052,62.766187177018246
OUT_17053,188.0101200084802
OUT_17054,204.0085800846076
OUT_17055,47.47604262243354
OUT_17056,185.14245255375533
OUT_17057,199.83923633696244
OUT_17058,784.8727227505678
OUT_17059,141.14833667340454
OUT_17060,44.12820403456459
OUT_17061,192.7035607327624
OUT_17062,48.35814689931437
OUT_17063,44.63656080039995
OUT_17064,217.812961672204
OUT_17065,55.52406384351688
OUT_17066,482.7562512464853
OUT_17067,1325.9365172671176
OUT_17068,180.59563526512176
OUT_17069,119.4778366356914
OUT_17070,210.22901643988416
OUT_17071,1875.63986456472
OUT_17072,56.50867090350587
OUT_17073,200.64935089491735
OUT_17074,182.14657234432605
OUT_17075,31.056168919869037
OUT_17076,31.38323028378359
OUT_17077,33.97471334769229
OUT_17078,792.168588589189
OUT_17079,33.66684607547222
OUT_17080,159.7822282977547
OUT_17081,33.310180812392154
OUT_17082,1876.6396267691011
OUT_17083,51.135309369887125
OUT_17084,48.46424791471605
OUT_17085,798.1652222754427
OUT_17086,34.308541427672004
OUT_17087,654.452533616083
OUT_17088,766.8620410986988
OUT_17089,56.11005756175744
OUT_17090,31.16720054596186
OUT_17091,28.94912536077536
OUT_17092,811.8764276656862
OUT_17093,48.8004029395664
OUT_17094,57.80625462561882
OUT_17095,164.1598648596449
OUT_17096,40.28731457350148
OUT_17097,30.659955854170104
OUT_17098,142.5596847808994
OUT_17099,199.932910864908
OUT_17100,219.1781995812928
OUT_17101,610.9920372171223
OUT_17102,214.8653320314888
OUT_17103,44.31877381715164
OUT_17105,35.873590881067614
OUT_17106,29.54150437484332
OUT_17107,185.57384345615375
OUT_17108,61.52245645966727
OUT_17109,59.2084795075096
OUT_17110,803.2903717080065
OUT_17111,126.81882973657552
OUT_17112,32.05776581526443
OUT_17113,48.26615248348656
OUT_17114,48.05885963172137
OUT_17115,58.52226850753027
OUT_17116,59.46619593529488
OUT_17117,42.15055600736775
OUT_17118,34.5195844236772
OUT_17119,232.56604258355637
OUT_17120,52.79298704166419
OUT_17121,776.3615438985436
OUT_17122,140.67084847118036
OUT_17123,795.0305946232359
OUT_17124,527.3828916676919
OUT_17125,206.9107588413333
OUT_17126,37.41538495850893
OUT_17127,41.888746045135846
OUT_17128,65.1292246581263
OUT_17129,743.3706975832314
OUT_17130,27.538038282128497
OUT_17131,1866.889005087846
OUT_17132,55.70116314216532
OUT_17133,32.68310842408146
OUT_17134,60.75600047664165
OUT_17135,176.52738944648982
OUT_17136,183.8184149482772
OUT_17137,199.10409022253367
OUT_17138,54.27221415884789
OUT_17139,47.14378271105866
OUT_17140,142.97271731984745
OUT_17141,212.6795789699757
OUT_17142,107.52179049142272
OUT_17143,140.84171111941384
OUT_17144,110.48882577111416
OUT_17145,39.61275191275479
OUT_17146,45.89088088185735
OUT_17147,45.54115292558806
OUT_17148,198.3862704972608
OUT_17149,178.85579510648537
OUT_17150,36.40334044615838
OUT_17151,44.1213076959653
OUT_17152,221.58830883724605
OUT_17153,1883.3200069245688
OUT_17154,49.32028385417726
OUT_17155,73.83810959945643
OUT_17156,47.17482412231814
OUT_17157,135.1103715617629
OUT_17158,164.01654452797982
OUT_17159,179.95489028577722
OUT_17160,598.7968977873811
OUT_17161,130.82245752715966
OUT_17162,684.8230198660831
OUT_17163,29.706153377835708
OUT_17164,42.9785278699033
OUT_17165,32.49259024383592
OUT_17166,49.51192922709109
OUT_17167,600.4588631265927
OUT_17168,33.10354877443874
OUT_17169,55.49807409550728
OUT_17170,32.15211691202211
OUT_17171,81.51605747110729
OUT_17172,495.2852277991102
OUT_17173,154.82241357370333
OUT_17175,1874.3326621551728
OUT_17176,40.191093203127735
OUT_17177,112.17839203153272
OUT_17178,770.7386266784249
OUT_17179,136.0721335950946
OUT_17180,80.20020059944055
OUT_17181,40.13339097079994
OUT_17182,69.84579066809194
OUT_17183,644.7864424900833
OUT_17184,55.50509653972036
OUT_17185,47.87087914788195
OUT_17186,133.21353957131186
OUT_17187,1913.574839555684
OUT_17188,48.71476618867235
OUT_17189,207.09771877897336
OUT_17190,64.72611124030625
OUT_17191,73.48486686828869
OUT_17192,670.3815922465581
OUT_17193,136.0413574124076
OUT_17194,182.12022565891772
OUT_17195,59.16328324230492
OUT_17196,54.681245333303856
OUT_17197,52.94427406121529
OUT_17198,226.5835750730204
OUT_17199,61.57829208155599
OUT_17200,136.7983632109946
OUT_17201,202.81097423364025
OUT_17202,206.5547047395715
OUT_17203,65.93354067854136
OUT_17204,180.29157419528116
OUT_17205,39.64648191317626
OUT_17206,154.5243395355413
OUT_17207,827.4596857263697
OUT_17208,716.7881943161827
OUT_17209,45.5333177830911
OUT_17210,38.107007210558535
OUT_17211,35.98493853788374
OUT_17212,43.31987448453608
OUT_17213,63.82884704129475
OUT_17214,188.21484149329945
OUT_17215,185.73213813322275
OUT_17216,1893.8261831732104
OUT_17217,51.122442908066034
OUT_17218,59.75772662422115
OUT_17219,30.186436157753377
OUT_17220,34.08259530106881
OUT_17221,41.15106227161071
OUT_17222,177.13581495671775
OUT_17223,61.36624967846127
OUT_17224,186.11574884238365
OUT_17225,125.45526187273694
OUT_17226,40.28391048644114
OUT_17227,25.5430198269176
OUT_17228,58.48878548093894
OUT_17229,67.0935534774277
OUT_17230,30.22702682634026
OUT_17231,836.1698519026504
OUT_17232,703.6288501438924
OUT_17233,124.02528360129357
OUT_17234,230.899967979956
OUT_17235,36.26480360183705
OUT_17236,63.505386853905456
OUT_17237,62.98551750838607
OUT_17238,32.45975931136321
OUT_17239,170.82874654786198
OUT_17240,207.45280137417225
OUT_17241,143.80501215016534
OUT_17242,138.37332022159455
OUT_17243,26.096305046459022
OUT_17244,67.6745723302388
OUT_17245,148.86128405253342
OUT_17246,221.1922447141494
OUT_17247,114.47813466289044
OUT_17248,172.26605281634826
OUT_17249,37.925541642378974
OUT_17250,197.7364437519809
OUT_17251,17.023503044794264
OUT_17252,35.44426588050709
OUT_17253,148.25849491583296
OUT_17254,38.47850496871917
OUT_17255,67.45921299843145
OUT_17256,29.523561223085395
OUT_17257,146.78556329576847
OUT_17258,85.0095395151141
OUT_17259,142.96729822062622
OUT_17260,185.9751503144034
OUT_17261,31.200135139395837
OUT_17262,46.45490996783456
OUT_17263,834.5283675497515
OUT_17264,47.23456906502568
OUT_17265,49.7445662358036
OUT_17266,44.05270156705019
OUT_17267,68.01640943530818
OUT_17268,49.4831866030418
OUT_17269,120.80875852046329
OUT_17270,846.8250175897308
OUT_17271,32.150038849156964
OUT_17272,221.0620046171479
OUT_17273,206.8152416962912
OUT_17274,68.66180215621611
OUT_17275,228.40725023519772
OUT_17276,200.66676862040964
OUT_17277,173.18195661582297
OUT_17278,38.09127482032421
OUT_17279,47.55698959675375
OUT_17280,1886.5146212036927
OUT_17281,54.08147590382001
OUT_17282,125.07518062459609
OUT_17283,74.50066080733974
OUT_17284,48.32225192116887
OUT_17285,163.53562569685587
OUT_17286,79.3275003707319
OUT_17287,46.11077177710856
OUT_17288,38.43639937335118
OUT_17289,174.8378340609921
OUT_17290,25.657084903103076
OUT_17291,73.86765423553818
OUT_17292,63.37016979738184
OUT_17293,225.54034373607928
OUT_17294,77.14292823011328
OUT_17295,56.0002861691076
OUT_17296,33.37306727763871
OUT_17297,51.68310286700749
OUT_17298,38.06726664781394
OUT_17299,49.85049273638911
OUT_17300,71.60498226140123
OUT_17301,729.9832310150549
OUT_17302,169.42205444968715
OUT_17303,187.9407006968073
OUT_17304,488.0623349380104
OUT_17305,186.9436750458336
OUT_17306,45.949085867358285
OUT_17307,217.497311965304
OUT_17308,111.78666124203798
OUT_17309,56.28309748018498
OUT_17310,32.06947674278516
OUT_17311,57.85284674300951
OUT_17312,791.923242318878
OUT_17313,43.63557745468503
OUT_17314,775.6576810069582
OUT_17315,641.7131678147732
OUT_17316,36.771273939138695
OUT_17317,172.42858788708014
OUT_17318,799.2802308131904
OUT_17319,31.971407245052784
OUT_17320,180.3639612659086
OUT_17321,770.6070198449171
OUT_17322,198.55675002808175
OUT_17323,141.8681836282519
OUT_17324,695.4676921196723
OUT_17325,196.31517976680493
OUT_17326,1281.7050112385762
OUT_17327,38.553929393214574
OUT_17328,209.9863674425037
OUT_17329,821.7216557201389
OUT_17330,66.30369500871834
OUT_17331,38.32465277114071
OUT_17332,33.692047885710814
OUT_17333,60.278402678140445
OUT_17334,750.4982942822697
OUT_17336,36.10009059760047
OUT_17337,54.03669862399892
OUT_17338,174.9527376130807
OUT_17339,149.06449338616963
OUT_17340,42.4828946102016
OUT_17341,31.743103733109308
OUT_17342,190.09260582548
OUT_17343,176.23447132648937
OUT_17344,47.73773565501206
OUT_17345,785.4903226603649
OUT_17346,85.30412510631017
OUT_17347,55.63860401780226
OUT_17348,839.8194749978985
OUT_17349,40.23288778460116
OUT_17350,757.4188106396557
OUT_17351,66.91537198522697
OUT_17352,51.05917090050681
OUT_17353,60.262277976382336
OUT_17354,737.1168368310052
OUT_17355,32.00130553005885
OUT_17356,50.13842909914632
OUT_17357,80.07725142619842
OUT_17358,62.63848180772823
OUT_17359,41.58435204645668
OUT_17360,49.44709688513412
OUT_17361,56.57176271192488
OUT_17362,210.6332201123747
OUT_17363,86.36656309470638
OUT_17364,178.85377096179585
OUT_17365,29.22306717539676
OUT_17366,664.4652716380031
OUT_17367,46.69639540643822
OUT_17368,43.5688961768858
OUT_17369,34.228461687293475
OUT_17370,39.84079643694784
OUT_17371,1893.983159067389
OUT_17372,765.4534873233939
OUT_17373,169.34538642576825
OUT_17374,792.4828782721454
OUT_17375,39.92151720539505
OUT_17376,53.80168717602385
OUT_17377,35.40787651761466
OUT_17378,740.0290224587393
OUT_17379,35.76811886533366
OUT_17380,43.17695954299786
OUT_17381,40.6236661906039
OUT_17382,36.55380700667191
OUT_17383,63.26381696165748
OUT_17384,38.53209123429062
OUT_17385,192.13095487223612
OUT_17386,202.05701139970597
OUT_17387,48.80538606015996
OUT_17388,66.89013539886528
OUT_17389,1904.52379832198
OUT_17390,44.80889140926188
OUT_17391,63.958050494707166
OUT_17392,566.6169689677879
OUT_17393,39.01135703244744
OUT_17394,153.42678355505353
OUT_17395,27.810240908759017
OUT_17396,210.7781983952507
OUT_17397,170.06869294901352
OUT_17398,26.979127726062664
OUT_17399,53.3086106038288
OUT_17400,214.5641217489053
OUT_17401,71.45555202421708
OUT_17402,125.35961131866829
OUT_17403,133.32325276590686
OUT_17404,221.57576584114568
OUT_17405,791.5676926819733
OUT_17406,40.49782236302858
OUT_17407,42.67878355722274
OUT_17408,805.5919634790438
OUT_17409,41.25884000833487
OUT_17410,68.19397772877464
OUT_17411,32.30108149476052
OUT_17412,45.12357837790857
OUT_17413,200.30760182620853
OUT_17414,185.8564111497701
OUT_17415,189.24371924143864
OUT_17416,714.7714653710755
OUT_17417,29.128418974111167
OUT_17418,150.21047827917658
OUT_17419,160.29440751934428
OUT_17420,106.37389010913576
OUT_17421,65.42305651516692
OUT_17422,787.7813319776325
OUT_17423,714.7206900424567
OUT_17424,1852.567397345143
OUT_17425,1870.711320456856
OUT_17426,51.17785434933223
OUT_17427,72.74143526968444
OUT_17428,37.5603521772918
OUT_17429,39.31685005200795
OUT_17430,705.6901312569129
OUT_17431,74.33261210617644
OUT_17432,144.0090365398628
OUT_17433,830.5872308261905
OUT_17434,44.57451460100677
OUT_17435,822.2074275907762
OUT_17436,786.1212307499702
OUT_17437,1884.0405390097872
OUT_17438,64.45194045140718
OUT_17439,36.47655808713188
OUT_17440,494.187419886625
OUT_17441,73.06296208476857
OUT_17442,35.25329886115389
OUT_17443,201.4937219815144
OUT_17444,40.609647455929085
OUT_17445,30.74639326929876
OUT_17446,98.3158751546672
OUT_17447,442.656264660815
OUT_17448,54.31222444448885
OUT_17449,85.15358787126108
OUT_17450,186.56077778224127
OUT_17451,190.3131873351084
OUT_17452,70.08544717768986
OUT_17453,179.56962407018992
OUT_17454,61.14828839296816
OUT_17455,47.31245441867958
OUT_17456,73.55014276846083
OUT_17457,679.7667598837834
OUT_17458,56.16696730231845
OUT_17459,752.1466016613914
OUT_17460,205.06219727916653
OUT_17461,45.15731938307085
OUT_17462,37.62973263606707
OUT_17463,119.62285506864548
OUT_17464,196.31198650762187
OUT_17465,85.06892041507656
OUT_17466,65.68591054290643
OUT_17467,56.62160500193507
OUT_17468,190.73392386797624
OUT_17469,30.751894868324083
OUT_17470,67.14386266520033
OUT_17471,160.39831965811638
OUT_17472,75.2385028924268
OUT_17473,168.02395051190427
OUT_17474,769.8470172489253
OUT_17475,44.42038724231331
OUT_17476,190.7262375014815
OUT_17477,758.2180064678352
OUT_17478,775.1191390424148
OUT_17479,71.64271437213291
OUT_17480,50.00139734714525
OUT_17481,36.81260034359274
OUT_17482,72.59996910835892
OUT_17483,195.4526262337284
OUT_17484,175.06012013722005
OUT_17485,70.14264913692138
OUT_17486,46.02039151567524
OUT_17487,38.48918513971364
OUT_17488,48.15736170800725
OUT_17489,83.71278816878299
OUT_17490,78.08891521039534
OUT_17491,195.37915501829164
OUT_17492,715.3320595359434
OUT_17493,30.321720998999183
OUT_17494,715.3473548770286
OUT_17495,702.3566613281687
OUT_17496,80.57884686518054
OUT_17497,36.20677815844337
OUT_17498,68.69959147541819
OUT_17500,137.23733212976367
OUT_17501,177.86763065112603
OUT_17502,193.84072362631116
OUT_17503,39.46241917045096
OUT_17504,41.98197834055096
OUT_17505,80.12344404840948
OUT_17506,693.517274148441
OUT_17507,36.271486353300695
OUT_17508,749.7514245622192
OUT_17509,30.30939936857718
OUT_17510,48.67557119090665
OUT_17511,34.909420454847506
OUT_17512,46.470964876594365
OUT_17513,41.43340961096338
OUT_17514,52.74399959873067
OUT_17515,46.9119574394153
OUT_17516,177.84440477070422
OUT_17517,71.86655864826339
OUT_17518,52.23316589224184
OUT_17519,195.07584961661007
OUT_17520,179.63933393329006
OUT_17521,161.8483335429846
OUT_17522,735.1197871406287
OUT_17523,51.67147107877483
OUT_17524,692.3855620806997
OUT_17525,74.53892980523453
OUT_17526,191.14347531202228
OUT_17527,172.75233009496475
OUT_17528,195.7294349937927
OUT_17529,40.25829969092881
OUT_17530,751.077650275276
OUT_17531,57.8924153419495
OUT_17532,530.2385224663439
OUT_17533,36.13952750533724
OUT_17534,60.4911170781864
OUT_17535,200.28986661847756
OUT_17536,42.22297344986042
OUT_17537,30.612768125674695
OUT_17538,221.4929753045569
OUT_17539,49.84088109749376
OUT_17540,753.9490203937315
OUT_17541,33.63966301211926
OUT_17542,118.83516377686551
OUT_17543,34.70495884191767
OUT_17544,49.99514069215317
OUT_17545,43.245214337421
OUT_17546,76.69595968233666
OUT_17547,30.675600271301967
OUT_17548,47.10280167571028
OUT_17549,1842.6802430036137
OUT_17550,122.76143266475884
OUT_17551,33.12697913676391
OUT_17552,69.19883035426484
OUT_17553,70.31305891067574
OUT_17555,49.47670837095774
OUT_17556,185.1074074549537
OUT_17557,46.26236547943712
OUT_17558,41.04835556840314
OUT_17559,203.56915770626523
OUT_17560,68.33405412097574
OUT_17561,42.42913463864772
OUT_17562,33.168234086323416
OUT_17563,57.69336384405863
OUT_17564,44.39836407082194
OUT_17565,55.94664912806169
OUT_17567,210.4285184525401
OUT_17568,180.9082625500496
OUT_17569,74.02163406624697
OUT_17570,55.77552983520864
OUT_17571,44.26135785815656
OUT_17572,135.12488307141984
OUT_17573,59.10963978994535
OUT_17574,701.9616608784974
OUT_17575,43.90310307651352
OUT_17576,51.34983910382503
OUT_17577,195.6058907535332
OUT_17578,44.1963171050532
OUT_17579,117.08279885052188
OUT_17580,36.03545650035373
OUT_17581,515.5020406638561
OUT_17582,39.93236246614448
OUT_17583,195.9976846344788
OUT_17584,818.992517173925
OUT_17585,857.7848552375233
OUT_17586,49.0290250371634
OUT_17587,121.42838799617768
OUT_17588,36.07598259332886
OUT_17589,202.85152455188745
OUT_17590,73.34915972454019
OUT_17591,39.520091030424055
OUT_17592,30.89674138323584
OUT_17593,47.37501510709127
OUT_17594,39.01606010975465
OUT_17595,76.24318084191361
OUT_17596,799.2088300400982
OUT_17597,52.32396010922631
OUT_17598,1878.6157650232117
OUT_17599,41.75466669691577
OUT_17600,43.19599480332831
OUT_17601,717.4219374441041
OUT_17602,648.7306619412866
OUT_17603,196.89262275914595
OUT_17604,812.4931597199336
OUT_17605,139.9618653690079
OUT_17606,1888.0109421293855
OUT_17607,680.9346925032927
OUT_17608,59.05406129525941
OUT_17609,36.17555546337002
OUT_17610,139.2520905855112
OUT_17611,51.41071520367292
OUT_17612,43.368204278435016
OUT_17613,159.5629552395133
OUT_17614,175.13316255249205
OUT_17615,182.3913282161609
OUT_17616,32.586559916412384
OUT_17617,51.47002468699739
OUT_17618,1875.3943001858656
OUT_17619,127.27314686945918
OUT_17620,67.36290761116422
OUT_17621,825.9710208542904
OUT_17622,746.1082099777897
OUT_17623,68.59155887147489
OUT_17624,127.11740010597885
OUT_17625,191.0439110588793
OUT_17626,44.55973809079791
OUT_17627,74.58168363443241
OUT_17628,36.34530478464077
OUT_17629,835.6875737468562
OUT_17630,171.82133361891206
OUT_17631,34.98331767818549
OUT_17632,161.83367536496752
OUT_17633,49.3781926753607
OUT_17634,61.98390025108127
OUT_17635,69.18126561785567
OUT_17636,670.7619748563566
OUT_17637,32.51832978983005
OUT_17638,35.77965020661423
OUT_17639,39.09844903064745
OUT_17640,122.40113788634146
OUT_17641,25.226950406535234
OUT_17642,57.25773233365986
OUT_17643,39.55907810959612
OUT_17644,58.97206491120162
OUT_17645,175.3972788865657
OUT_17646,753.3940929731525
OUT_17647,54.21832408912711
OUT_17648,32.68949306525825
OUT_17649,34.63484180570537
OUT_17650,64.9651616947544
OUT_17651,729.9679129376228
OUT_17652,1884.115466772701
OUT_17653,126.75687951159004
OUT_17654,123.11389211901538
OUT_17655,61.972814895387536
OUT_17656,762.4417788415352
OUT_17657,32.44568390471925
OUT_17659,206.2657525387555
OUT_17660,662.4038649612432
OUT_17662,724.7952481848979
OUT_17663,37.01678367780919
OUT_17664,517.6223458491104
OUT_17665,49.51867196724488
OUT_17666,59.32123459691785
OUT_17667,761.6300292742688
OUT_17668,809.0855339798889
OUT_17669,75.20983282550709
OUT_17670,67.02803577484862
OUT_17671,159.66954796985385
OUT_17672,42.22050699653958
OUT_17673,700.6120548923144
OUT_17674,40.03087787718937
OUT_17675,183.3667049926975
OUT_17676,222.66023086841972
OUT_17677,551.1831985732524
OUT_17678,70.34585717040987
OUT_17679,171.88120276795024
OUT_17680,52.477277418186524
OUT_17681,40.61285536666626
OUT_17682,51.75800404986101
OUT_17683,203.148344614709
OUT_17684,40.09109657732969
OUT_17685,190.26266302369064
OUT_17686,31.24435841780484
OUT_17687,1750.5455826698833
OUT_17688,126.44579789003971
OUT_17689,48.48386484312563
OUT_17690,36.47406613922791
OUT_17691,59.982052615572506
OUT_17692,72.41318254530417
OUT_17693,34.23171163920931
OUT_17694,849.1689276198565
OUT_17695,52.758300626348
OUT_17696,147.71529277296594
OUT_17697,142.3268201538115
OUT_17698,1910.772571436998
OUT_17699,156.60875150437366
OUT_17700,47.6888254059389
OUT_17701,46.3839817066748
OUT_17702,51.72735299043626
OUT_17703,176.0477816965461
OUT_17704,43.70704177417338
OUT_17705,31.804677115733547
OUT_17706,37.74638480132229
OUT_17707,862.2403729306958
OUT_17708,48.24865631446095
OUT_17709,134.0895669386626
OUT_17710,34.99078160686347
OUT_17711,46.303796001622615
OUT_17712,63.96238014461675
OUT_17713,45.75788601325826
OUT_17714,47.97052655955751
OUT_17715,39.96711390392132
OUT_17716,34.74216683147549
OUT_17717,671.0045743872495
OUT_17718,667.3330606751723
OUT_17719,38.783345656064775
OUT_17720,203.65188964235583
OUT_17721,148.08523632500493
OUT_17722,68.44365114208728
OUT_17723,41.82101089769194
OUT_17724,78.77030481262706
OUT_17725,77.60176903317615
OUT_17726,1896.2385290297264
OUT_17727,138.8123220725299
OUT_17728,40.5913484124338
OUT_17729,117.30888027003007
OUT_17730,43.35357294087191
OUT_17731,44.45729025593586
OUT_17732,208.8783333733604
OUT_17733,27.75370261835049
OUT_17734,89.72312410094999
OUT_17735,141.1740541408153
OUT_17736,756.1293777957001
OUT_17737,714.9327258606643
OUT_17738,762.7832143117492
OUT_17739,812.3116742752957
OUT_17740,119.8863766853965
OUT_17741,119.81577106673775
OUT_17742,144.81006301732492
OUT_17743,38.931447216197775
OUT_17744,164.32390410778152
OUT_17745,36.03074116975903
OUT_17746,34.90534863558296
OUT_17747,36.1950403479912
OUT_17748,43.70354230413307
OUT_17749,82.32204096656389
OUT_17750,68.68689104870084
OUT_17751,48.08119222103557
OUT_17752,532.8243354190956
OUT_17753,216.60317581682207
OUT_17754,1906.9485937830964
OUT_17755,186.89081287762312
OUT_17756,198.4796911705472
OUT_17757,56.40676004510775
OUT_17758,75.64125373964607
OUT_17759,38.38083221176752
OUT_17760,70.16241497212208
OUT_17761,713.7370591051142
OUT_17762,120.79857762812084
OUT_17763,193.83782282158717
OUT_17764,140.54611904673962
OUT_17765,45.98257902049874
OUT_17766,47.62783121081235
OUT_17767,39.59902880930834
OUT_17768,51.953304211934885
OUT_17769,1890.1561657705272
OUT_17770,773.9649825440367
OUT_17771,154.6836696948309
OUT_17772,58.32828205778458
OUT_17773,59.81432934005576
OUT_17774,38.51728944413767
OUT_17775,210.1083491591913
OUT_17776,640.301514491864
OUT_17777,127.2668202688735
OUT_17778,742.4259108169545
OUT_17779,56.06717727719465
OUT_17780,127.4034080112696
OUT_17781,77.38758814057921
OUT_17783,877.4538138453802
OUT_17784,52.54507192656226
OUT_17785,72.03250232727227
OUT_17786,128.6128177805716
OUT_17787,75.58113042405624
OUT_17788,66.43908904015579
OUT_17789,62.184134891950926
OUT_17790,61.77733721542321
OUT_17791,842.4727548436871
OUT_17792,179.2059892528939
OUT_17793,70.4314963974326
OUT_17794,69.94409678126405
OUT_17795,40.04438416375287
OUT_17796,37.10076297787362
OUT_17797,39.38499244694128
OUT_17798,48.89507077903621
OUT_17799,43.07765691759724
OUT_17800,526.3171379532571
OUT_17801,166.65934568311835
OUT_17802,197.6767451088136
OUT_17803,44.81705433724828
OUT_17804,50.09407747608424
OUT_17805,1879.442722552655
OUT_17806,45.44425425885542
OUT_17807,28.231977010427844
OUT_17808,144.2385858984217
OUT_17809,209.20975086780496
OUT_17810,49.73144283268485
OUT_17811,234.63353322777465
OUT_17813,46.076626128613015
OUT_17814,36.825412217069626
OUT_17815,598.7910683568588
OUT_17816,40.74971732191284
OUT_17817,64.47569600149554
OUT_17818,671.6610329221479
OUT_17819,36.63513068878998
OUT_17820,754.9328055419176
OUT_17821,63.048865687908666
OUT_17822,33.782715161976896
OUT_17823,52.37664551491013
OUT_17824,217.0877527607832
OUT_17825,34.57713334701998
OUT_17826,125.34816698911226
OUT_17827,781.9912715962975
OUT_17828,43.12874884368407
OUT_17829,39.250235348715805
OUT_17830,672.4775908584556
OUT_17831,735.5132185401469
OUT_17832,42.74920825217252
OUT_17833,35.123150574185985
OUT_17834,179.95620988960542
OUT_17835,136.32335697759916
OUT_17836,1922.0244439893947
OUT_17837,71.22822206807741
OUT_17838,771.8818786974272
OUT_17839,845.1813482483675
OUT_17840,33.13237333068534
OUT_17841,47.40394015944143
OUT_17842,33.50747278809816
OUT_17843,1899.995195784712
OUT_17844,149.99694903694848
OUT_17845,788.1686639332498
OUT_17846,194.479692866292
OUT_17847,193.87719435376715
OUT_17848,74.08383727814696
OUT_17849,140.14643818559605
OUT_17850,51.2736064005742
OUT_17851,193.69499531316893
OUT_17852,184.10308558073748
OUT_17853,163.75796917440923
OUT_17854,1931.961854151851
OUT_17855,699.9126322504646
OUT_17856,765.1401199988835
OUT_17857,56.98103040052533
OUT_17858,221.84388982233372
OUT_17859,153.5034703665772
OUT_17860,43.55262518201507
OUT_17861,32.77131441427216
OUT_17862,42.907531985544345
OUT_17863,67.83008172128598
OUT_17864,53.56962528655407
OUT_17865,62.724974302242266
OUT_17866,53.69663234135988
OUT_17867,150.74359775442264
OUT_17868,77.05693757584815
OUT_17869,171.67996518708458
OUT_17870,40.80118731327628
OUT_17871,121.20491449301592
OUT_17872,75.77397405746298
OUT_17873,68.17003259099447
OUT_17874,38.92077684445641
OUT_17875,187.27120265878477
OUT_17876,181.68701107269584
OUT_17877,28.296882660941247
OUT_17878,222.2447386114976
OUT_17879,75.65162256183635
OUT_17880,1879.3434541095223
OUT_17881,48.39535785756047
OUT_17882,128.2903696083222
OUT_17883,121.73668225350758
OUT_17884,811.3626089553483
OUT_17885,59.43042226295235
OUT_17886,210.9099657631769
OUT_17887,34.818978513747275
OUT_17888,49.87248448712548
OUT_17889,228.9806004201484
OUT_17890,58.23669561533159
OUT_17891,764.3066239635425
OUT_17892,51.26414660840986
OUT_17893,80.72671770001486
OUT_17894,21.16435619647714
OUT_17895,71.82421781095933
OUT_17896,50.00111816442862
OUT_17897,45.068707121561935
OUT_17898,34.10419859586211
OUT_17899,179.43959294108467
OUT_17900,59.36797931243573
OUT_17901,38.93346162828533
OUT_17902,524.4858000448479
OUT_17903,57.48620720585571
OUT_17904,69.16226681657744
OUT_17905,35.33254498042434
OUT_17906,713.838707086688
OUT_17907,167.61226923195983
OUT_17908,41.56548528320411
OUT_17909,38.35525731512971
OUT_17910,1888.739322765437
OUT_17911,29.63886881002889
OUT_17912,201.08099962738964
OUT_17913,38.5274620962421
OUT_17914,52.28533224894393
OUT_17915,51.27607604883196
OUT_17916,26.749028232868657
OUT_17917,43.81602146120405
OUT_17918,798.9438414611462
OUT_17919,40.66075205444412
OUT_17920,77.82964764733582
OUT_17921,42.09153345639072
OUT_17922,69.78007849968009
OUT_17923,1910.2179970060783
OUT_17924,76.34301357417269
OUT_17925,31.072459492226766
OUT_17926,137.62773162548666
OUT_17927,220.78116541235332
OUT_17928,53.94089380792335
OUT_17929,27.156545754436355
OUT_17930,47.96200651211477
OUT_17931,64.63601468868646
OUT_17932,76.94012745629784
OUT_17933,649.8999001778525
OUT_17934,125.59933201938058
OUT_17935,173.41615698801664
OUT_17936,787.8390076251567
OUT_17937,217.2460568292872
OUT_17938,38.50236945289514
OUT_17939,37.81557741334717
OUT_17940,43.93789865891252
OUT_17941,38.49946960325547
OUT_17942,70.79054536707145
OUT_17943,56.70815873877556
OUT_17944,819.2896857511482
OUT_17945,36.62630636551957
OUT_17946,71.7487577040203
OUT_17947,448.2604305077615
OUT_17948,66.90787986562397
OUT_17949,72.08682655659219
OUT_17950,32.66287753844286
OUT_17951,69.0482733846046
OUT_17952,39.15682408339623
OUT_17953,47.931251382084334
OUT_17954,57.36752354903515
OUT_17955,681.4981512806946
OUT_17956,134.4464546887644
OUT_17957,189.39147521812777
OUT_17958,37.12103844951599
OUT_17959,43.9440863778076
OUT_17960,50.89795292748635
OUT_17961,37.87429808858768
OUT_17962,63.23723082234731
OUT_17963,122.65502793245524
OUT_17964,127.1101322576148
OUT_17965,48.14080623005768
OUT_17966,38.47168457792376
OUT_17967,793.6273252534581
OUT_17968,32.63180231351081
OUT_17969,61.30787571587034
OUT_17970,36.68652413151687
OUT_17971,29.118700489626423
OUT_17972,226.1574409794239
OUT_17973,780.9184661870287
OUT_17974,70.58569694005699
OUT_17975,725.3564553670246
OUT_17976,73.47125187013016
OUT_17977,39.43293619590311
OUT_17978,35.91960973455796
OUT_17979,673.9124344879006
OUT_17980,39.631972494770544
OUT_17981,56.26707001078459
OUT_17982,29.441261490527708
OUT_17983,1895.8468450763612
OUT_17984,37.603319612579824
OUT_17986,768.0214959592456
OUT_17987,812.1276325695673
OUT_17988,783.4689646003146
OUT_17989,1814.248370474312
OUT_17990,48.84050701331039
OUT_17991,153.2413149112302
OUT_17992,42.14780742227557
OUT_17993,46.2063419478696
OUT_17994,119.82258419996074
OUT_17995,746.6120299920394
OUT_17996,45.29219422383844
OUT_17998,43.67914877202773
OUT_17999,76.37783741581303
OUT_18000,53.54128601556341
OUT_18001,42.73444048396956
OUT_18002,39.206903240727655
OUT_18003,34.797811304167894
OUT_18004,209.98281552862255
OUT_18005,40.88066964473248
OUT_18006,534.2567073378826
OUT_18007,64.05216344004296
OUT_18008,82.83948466325187
OUT_18009,69.75329274219892
OUT_18010,52.93266126249526
OUT_18011,795.4987125241636
OUT_18012,766.9348920920135
OUT_18013,84.66704518033242
OUT_18014,42.61701672953846
OUT_18015,121.54420113223544
OUT_18016,47.66929282497838
OUT_18017,850.3704321408735
OUT_18018,736.440352223674
OUT_18019,38.5821510742196
OUT_18020,142.042954249491
OUT_18021,57.8251934742009
OUT_18022,1873.735970303457
OUT_18023,1905.4251391743296
OUT_18024,35.28032361816084
OUT_18025,184.445337054006
OUT_18026,138.10156171255633
OUT_18027,180.3883038739759
OUT_18028,204.0258914316201
OUT_18029,1897.396268453299
OUT_18030,44.012700484152205
OUT_18031,146.2538089938694
OUT_18032,57.99250897644189
OUT_18033,128.1228978723486
OUT_18034,173.34205283831798
OUT_18035,741.4702818500193
OUT_18036,873.5710865727701
OUT_18037,79.57541705898836
OUT_18038,40.17545940766168
OUT_18039,53.79392004328988
OUT_18040,216.3868383911754
OUT_18041,75.39250888953794
OUT_18042,37.26062550870511
OUT_18043,62.85844655387926
OUT_18044,171.0691379716213
OUT_18045,177.99745422960214
OUT_18046,178.86359512292236
OUT_18047,61.55723211769298
OUT_18048,60.32770006174363
OUT_18049,64.79991666821016
OUT_18050,790.5813051131677
OUT_18051,123.51143205874727
OUT_18052,47.580112894817496
OUT_18053,214.22432361327208
OUT_18054,47.11095024086948
OUT_18055,1888.6341148851243
OUT_18056,48.707857198412185
OUT_18057,60.55872333243305
OUT_18058,218.15445236633195
OUT_18059,39.91053941361441
OUT_18060,714.4161808839132
OUT_18061,128.5369093278317
OUT_18062,110.04925869050842
OUT_18063,41.012595607600886
OUT_18064,32.14513623215737
OUT_18065,42.03355388358421
OUT_18066,35.43898838341048
OUT_18067,192.5873643891279
OUT_18068,200.47863912641745
OUT_18069,72.01489149964776
OUT_18070,32.216352726537174
OUT_18071,1889.4918089201255
OUT_18072,806.6367213873597
OUT_18073,161.46929543911943
OUT_18074,64.87155708950743
OUT_18075,159.21082786320363
OUT_18076,65.90260877412324
OUT_18077,36.88280601118653
OUT_18078,196.8134584091625
OUT_18079,82.05137851718041
OUT_18080,34.02576117172944
OUT_18081,56.82276117114858
OUT_18082,36.84235052905666
OUT_18083,72.54544116061716
OUT_18084,68.35587791698259
OUT_18085,192.73303623847931
OUT_18086,781.0776488307552
OUT_18087,168.0493254230403
OUT_18088,47.930680857077874
OUT_18089,46.70472597233044
OUT_18090,160.4545848688654
OUT_18091,153.83766836240568
OUT_18092,179.55300020708563
OUT_18093,164.39348386796703
OUT_18094,198.24959961949915
OUT_18095,214.22390089471776
OUT_18096,72.10916342272363
OUT_18097,44.14904160446529
OUT_18098,43.54365099688133
OUT_18099,539.7839629217292
OUT_18100,223.8799829047917
OUT_18101,32.9677914785203
OUT_18102,225.52743277405983
OUT_18103,85.29249342134673
OUT_18104,237.3840389375629
OUT_18105,44.62543755388614
OUT_18106,187.75240026226865
OUT_18107,54.2801211366117
OUT_18108,192.8954034716449
OUT_18109,43.75834443090371
OUT_18110,646.0783584276213
OUT_18111,48.91139187139612
OUT_18112,44.49692349830472
OUT_18113,35.91621711897893
OUT_18114,50.46654062480728
OUT_18115,39.6851759426892
OUT_18116,40.03031225184738
OUT_18117,155.50149069419268
OUT_18118,30.94885038098284
OUT_18119,41.736831303285335
OUT_18120,38.0590530501336
OUT_18121,41.99551200345692
OUT_18122,48.46236258168258
OUT_18123,178.9774397248903
OUT_18124,70.90794235241005
OUT_18125,1893.9899721754696
OUT_18126,45.21923825290831
OUT_18127,52.5731005304064
OUT_18128,1884.687015905011
OUT_18129,62.08066928790636
OUT_18130,780.4998605141632
OUT_18131,173.09946223780827
OUT_18132,46.02434032830364
OUT_18133,67.67719240061628
OUT_18134,65.8788463932551
OUT_18135,54.913739988986656
OUT_18136,149.12471377240325
OUT_18137,38.89356816943485
OUT_18138,32.22373512996136
OUT_18139,54.12381217058587
OUT_18140,89.71722832192847
OUT_18141,707.7558825344776
OUT_18142,53.30189807196428
OUT_18143,35.36622419171172
OUT_18144,196.17543758652016
OUT_18145,136.82368739385447
OUT_18146,206.04519610433903
OUT_18147,61.48722859075177
OUT_18148,42.255522742127326
OUT_18149,813.8954237615766
OUT_18150,729.0824569592597
OUT_18151,41.407287311088496
OUT_18152,122.12901759001508
OUT_18153,126.693164845288
OUT_18154,226.76902079912207
OUT_18155,179.44094763896922
OUT_18156,141.9392918137544
OUT_18157,804.1819554517313
OUT_18158,780.0155294163122
OUT_18159,26.17886587343267
OUT_18160,725.3907113943366
OUT_18161,40.89982749697223
OUT_18162,66.27586169433715
OUT_18163,687.3094685615636
OUT_18164,71.70396191783716
OUT_18165,37.10663570944423
OUT_18166,1896.040563679656
OUT_18167,502.8870201324659
OUT_18168,35.55518983798368
OUT_18169,50.52259437715734
OUT_18170,820.5594221142734
OUT_18171,28.71920858288158
OUT_18172,759.754745024914
OUT_18173,169.01650211409577
OUT_18174,146.84634475575135
OUT_18175,123.39449052343652
OUT_18176,38.50723891302572
OUT_18177,32.181138969292235
OUT_18178,38.48644806192179
OUT_18179,181.21036943377945
OUT_18180,70.23372720979937
OUT_18181,48.47228735572925
OUT_18182,75.39778786185049
OUT_18183,189.22841544871056
OUT_18184,39.76264041931326
OUT_18185,185.7555782640041
OUT_18186,146.25813988147152
OUT_18187,724.9678097268975
OUT_18188,46.3726286256287
OUT_18189,204.46116733803737
OUT_18190,37.01085697123875
OUT_18191,772.2231008909164
OUT_18192,122.24582087149328
OUT_18193,64.91718137100044
OUT_18194,228.01063665248665
OUT_18195,189.57452579231983
OUT_18196,67.38779064216864
OUT_18197,33.11423343751757
OUT_18198,30.648147220132117
OUT_18199,72.87452708229081
OUT_18200,174.51373388397184
OUT_18201,53.50772803803151
OUT_18202,128.23972589480186
OUT_18203,746.7411895400713
OUT_18204,199.8267902264321
OUT_18205,40.684184974334656
OUT_18206,36.22322975241055
OUT_18207,717.8617843407437
OUT_18208,162.06857893906275
OUT_18209,1861.6622778834412
OUT_18210,693.7343144733313
OUT_18211,140.00063097953597
OUT_18212,44.372241681542654
OUT_18214,74.47146792744557
OUT_18215,166.35005149253266
OUT_18216,178.25518682938753
OUT_18217,142.77113577432732
OUT_18218,775.1055500613822
OUT_18219,47.91536710904283
OUT_18220,514.4810169505619
OUT_18221,124.63987454631123
OUT_18222,157.33777565553353
OUT_18223,772.6899440800311
OUT_18224,202.7933443650208
OUT_18225,43.97441169979143
OUT_18226,760.968803635206
OUT_18227,168.52399025179616
OUT_18228,50.26732770794408
OUT_18229,44.40392668686668
OUT_18230,31.0852086262318
OUT_18231,64.32075576567732
OUT_18232,46.60766499184084
OUT_18233,33.109154185225705
OUT_18234,712.1889622598886
OUT_18235,52.68813054685683
OUT_18236,40.462627788290256
OUT_18237,47.76432645855451
OUT_18238,35.314746418504285
OUT_18239,24.42407818364665
OUT_18240,690.7661880665961
OUT_18241,1874.940603794342
OUT_18242,840.6932619568871
OUT_18243,42.38406105181362
OUT_18244,42.160746108281394
OUT_18245,212.8684975546259
OUT_18246,189.76867771810245
OUT_18247,77.27899516822906
OUT_18248,203.04953023580185
OUT_18249,163.40183531998883
OUT_18250,57.66695630540164
OUT_18251,38.20742853974108
OUT_18252,79.36011062589492
OUT_18253,41.974886839490765
OUT_18255,39.81266376753739
OUT_18256,46.15449398069664
OUT_18257,827.5642709763787
OUT_18258,55.088526727932205
OUT_18259,54.05748565291054
OUT_18260,39.83668487633263
OUT_18261,35.29204248437142
OUT_18262,37.6069333746139
OUT_18263,761.5680076310535
OUT_18264,841.7584007574068
OUT_18265,120.5625785258678
OUT_18266,51.99820160765038
OUT_18267,529.1930949214956
OUT_18268,31.805276600069263
OUT_18269,25.25610555477611
OUT_18270,59.58316105983178
OUT_18271,39.77635320845291
OUT_18272,27.987156874258847
OUT_18273,69.12969144969146
OUT_18274,186.93138021287132
OUT_18275,790.4454028957756
OUT_18276,35.86466004924422
OUT_18277,40.22756877569416
OUT_18278,53.528828311930845
OUT_18279,1900.8522528110016
OUT_18280,29.2036135965433
OUT_18281,169.29224990229682
OUT_18282,29.22591864665359
OUT_18283,36.12291164680644
OUT_18284,78.15605309415038
OUT_18285,204.48149049587823
OUT_18286,503.8372799764587
OUT_18287,117.3108877471616
OUT_18288,43.66817351332993
OUT_18289,212.99824147888432
OUT_18290,783.3357115427086
OUT_18291,703.9267375379753
OUT_18292,32.72189424229846
OUT_18293,799.3518955641003
OUT_18294,37.92962071994906
OUT_18295,41.71701066680379
OUT_18296,757.324289924672
OUT_18297,207.5770279041764
OUT_18298,40.76841902191452
OUT_18299,183.25223002237863
OUT_18300,186.19119882560457
OUT_18301,57.657183620701325
OUT_18302,36.94173020363996
OUT_18303,46.344632217597294
OUT_18304,65.67900871877737
OUT_18305,706.464814336238
OUT_18306,190.3924365189536
OUT_18307,44.07523977592268
OUT_18308,179.0774225149025
OUT_18309,217.8583530845368
OUT_18310,121.965692302285
OUT_18311,43.14952447674023
OUT_18312,59.67061251975976
OUT_18313,210.89250548925227
OUT_18314,522.9188580528015
OUT_18315,32.28086490572527
OUT_18316,40.08047932149413
OUT_18317,162.55567034065083
OUT_18318,28.96580720176222
OUT_18319,182.90961909955456
OUT_18320,39.98385286512136
OUT_18321,710.6571393794922
OUT_18322,127.9140298815038
OUT_18323,211.49152360402493
OUT_18324,214.3950159108801
OUT_18325,55.38044752970109
OUT_18326,44.6586867064732
OUT_18327,55.25267086612168
OUT_18328,31.7489732619137
OUT_18329,35.494501551582566
OUT_18330,740.693255752631
OUT_18331,708.961563096776
OUT_18332,32.53170595186151
OUT_18333,34.67962736079756
OUT_18334,489.6098582415244
OUT_18335,164.08388157872898
OUT_18336,73.48476287413308
OUT_18337,708.0156545665145
OUT_18338,1892.709521471448
OUT_18339,206.9119649197058
OUT_18340,42.50992810117599
OUT_18341,191.46485039120685
OUT_18342,194.57696540759792
OUT_18343,125.5304059452891
OUT_18344,42.808507394918514
OUT_18345,42.94530902235062
OUT_18346,176.92067360982352
OUT_18347,32.74481188975919
OUT_18348,35.36630127722946
OUT_18349,66.47553913116113
OUT_18350,40.75365653156125
OUT_18351,70.60353672052534
OUT_18352,1871.170760618763
OUT_18353,41.60947924313807
OUT_18354,229.20026335516428
OUT_18355,25.8842727291468
OUT_18357,26.615547923778408
OUT_18358,540.661400113213
OUT_18359,33.12521953056194
OUT_18360,52.18601357445742
OUT_18361,105.5715569213695
OUT_18362,132.47129462482934
OUT_18363,169.73007333887907
OUT_18364,33.49118736376392
OUT_18365,181.8462652906921
OUT_18366,224.3540644237644
OUT_18367,34.560549693309184
OUT_18368,684.1706036216503
OUT_18369,136.74966899072345
OUT_18370,54.21832408912711
OUT_18371,70.23488648700747
OUT_18372,34.31327084296126
OUT_18373,30.42746194370389
OUT_18374,35.72603225439576
OUT_18375,30.9744020422945
OUT_18376,71.45962819341956
OUT_18377,1857.003966481388
OUT_18378,215.84362172398752
OUT_18379,35.893530264771364
OUT_18380,189.7255035111374
OUT_18381,62.59018498777544
OUT_18382,613.4992977991833
OUT_18383,793.581516860612
OUT_18384,39.29380843469914
OUT_18385,37.1461352830791
OUT_18386,47.04484900791225
OUT_18387,787.9448008740976
OUT_18388,41.95632437864673
OUT_18389,31.05843839728699
OUT_18390,36.2300743788456
OUT_18391,128.8625242111932
OUT_18392,737.9812466349041
OUT_18393,87.55539513516457
OUT_18394,155.11895103171906
OUT_18395,74.75706712224196
OUT_18396,62.27255792922654
OUT_18397,40.25954559810855
OUT_18398,708.304169965011
OUT_18399,186.23829581346976
OUT_18400,34.46524506895934
OUT_18401,35.824362307457854
OUT_18402,32.6709577093388
OUT_18403,201.84703459623583
OUT_18404,69.05442982036153
OUT_18405,150.60759346768197
OUT_18406,42.12902687846962
OUT_18407,762.9740177679622
OUT_18408,1896.1381264650088
OUT_18409,119.61329469036367
OUT_18410,196.84203866830467
OUT_18411,140.2514597477752
OUT_18412,45.31808418684208
OUT_18413,813.5069523694043
OUT_18414,218.0908367193125
OUT_18415,45.490584354458434
OUT_18416,212.19310143614345
OUT_18417,58.5121916371687
OUT_18418,58.93442323274144
OUT_18419,58.40407241125052
OUT_18420,138.99543742954594
OUT_18421,186.21872248204292
OUT_18422,195.1960033296253
OUT_18423,56.394355677238686
OUT_18424,49.42908592498167
OUT_18425,128.50730801297107
OUT_18426,40.75796828389775
OUT_18427,230.9810874584802
OUT_18428,39.705985298072456
OUT_18429,190.18862143757252
OUT_18430,37.69613199677244
OUT_18431,137.10590692788085
OUT_18432,69.40637765137816
OUT_18433,33.21975066203621
OUT_18434,75.58912432068642
OUT_18435,50.71719117304529
OUT_18437,36.36005438015428
OUT_18438,38.93263504919314
OUT_18439,215.00629549353957
OUT_18440,913.8037075470052
OUT_18441,58.20953981628396
OUT_18442,56.17864255783552
OUT_18443,45.45928936436298
OUT_18444,120.35269223150944
OUT_18445,66.22484171727088
OUT_18446,199.62467049861644
OUT_18447,746.6063500818032
OUT_18448,35.19065641805729
OUT_18449,139.84463902790043
OUT_18450,42.6398785763654
OUT_18451,59.82142491337713
OUT_18452,1896.4031215515145
OUT_18453,45.847035750474426
OUT_18454,531.9756616963724
OUT_18455,52.2789240092572
OUT_18456,58.29163311802046
OUT_18457,53.35825918972996
OUT_18458,80.762422471802
OUT_18459,142.6746511630585
OUT_18460,83.26211276935354
OUT_18461,189.9221984339501
OUT_18462,43.99641111179954
OUT_18463,58.9756794535687
OUT_18464,40.89265392770797
OUT_18465,36.71764568213472
OUT_18466,51.264964080410046
OUT_18467,50.280816018955846
OUT_18468,1880.373427678205
OUT_18469,184.82677513367383
OUT_18470,35.17865394606925
OUT_18471,72.65569786629602
OUT_18472,46.216964869062416
OUT_18473,703.6296844157949
OUT_18474,37.87141133980781
OUT_18475,75.33484386936075
OUT_18476,129.23969866667747
OUT_18477,1869.7972744317192
OUT_18478,34.7994004720373
OUT_18479,1898.381797514631
OUT_18480,39.82300119883528
OUT_18481,799.1055263866324
OUT_18482,126.66696581516857
OUT_18483,60.21781638016035
OUT_18484,33.28209982690026
OUT_18485,212.3478558384012
OUT_18486,790.5840426165679
OUT_18487,41.7117053444534
OUT_18488,73.81433982510596
OUT_18489,66.14122177280045
OUT_18490,40.38907548643862
OUT_18491,791.2943038806721
OUT_18492,49.48390173425778
OUT_18493,41.16449683209494
OUT_18494,38.8905822659181
OUT_18495,50.6952141607963
OUT_18496,72.76104983150434
OUT_18497,143.48474156999143
OUT_18498,52.16744233016056
OUT_18499,52.015227341551245
OUT_18500,50.305752668860165
OUT_18502,846.6463381031418
OUT_18503,24.28862763781469
OUT_18504,741.1031202407505
OUT_18505,195.20039500310745
OUT_18506,140.94933624157474
OUT_18507,523.9338340672443
OUT_18508,175.0808304451085
OUT_18509,35.40719663867676
OUT_18510,78.55943962027357
OUT_18511,1906.2145166760165
OUT_18512,73.96084996956012
OUT_18513,37.54846101448366
OUT_18514,56.2709192832975
OUT_18515,44.03341967713942
OUT_18516,63.00696626844607
OUT_18517,44.91793583901449
OUT_18518,161.55066405610918
OUT_18519,37.823285957968544
OUT_18520,42.47323386910391
OUT_18521,217.5597106363845
OUT_18522,816.6742195401129
OUT_18523,539.5375442404926
OUT_18524,114.46851066714868
OUT_18525,28.40317511939232
OUT_18526,76.84416302796892
OUT_18527,227.1608156309407
OUT_18528,33.17195654633013
OUT_18529,59.0068855909352
OUT_18530,43.93576620712007
OUT_18531,142.72752140555016
OUT_18532,794.7926042561585
OUT_18533,34.52336148223097
OUT_18534,42.20547719548343
OUT_18535,42.90403376821202
OUT_18536,48.791880089063504
OUT_18537,511.718545887268
OUT_18538,225.59543952997635
OUT_18539,184.19994297855104
OUT_18540,37.01421720175286
OUT_18541,167.58801199303565
OUT_18542,714.0099521919858
OUT_18543,34.17238989211246
OUT_18544,56.22981629427251
OUT_18545,728.1906101221554
OUT_18546,200.6199661747342
OUT_18547,180.9042344777728
OUT_18548,229.1434601712597
OUT_18549,182.40959308461265
OUT_18550,42.50881372204047
OUT_18551,30.73863324460828
OUT_18552,42.31978376609594
OUT_18553,46.04427049974536
OUT_18554,188.21589108737567
OUT_18555,139.54935337846752
OUT_18556,759.8063672592948
OUT_18557,45.33256364339285
OUT_18558,32.07037361628994
OUT_18559,112.57159487038238
OUT_18560,54.26971667782347
OUT_18561,54.13708769798828
OUT_18562,204.59214935708985
OUT_18563,19.124467542345823
OUT_18564,39.11648605704454
OUT_18565,40.30212349803866
OUT_18567,172.4121769877593
OUT_18568,38.731493236750296
OUT_18569,132.2189446627833
OUT_18570,27.961321220021357
OUT_18571,25.405770659972205
OUT_18572,726.4173587851736
OUT_18573,222.90389787350972
OUT_18574,81.3503671802878
OUT_18575,110.65869627593707
OUT_18576,181.3387645887493
OUT_18577,141.45783141611997
OUT_18578,154.21984043840763
OUT_18579,134.6967143754566
OUT_18580,78.0097305010186
OUT_18581,195.88767201851996
OUT_18582,177.47953253981737
OUT_18583,56.747441882748895
OUT_18584,107.80394874853972
OUT_18585,60.2375480299085
OUT_18586,38.78129836810854
OUT_18587,211.3797576382455
OUT_18588,31.168691974245025
OUT_18589,737.0293993155332
OUT_18590,35.34939497347892
OUT_18591,53.00520757105449
OUT_18592,67.45888048717794
OUT_18593,136.47300706801133
OUT_18594,38.23560654440353
OUT_18595,86.0467336450269
OUT_18596,43.39606475341856
OUT_18597,149.8981963307693
OUT_18598,52.926349544400026
OUT_18599,49.99686834516532
OUT_18600,38.52789331169688
OUT_18601,69.26657919951158
OUT_18602,196.72133383296512
OUT_18603,63.32498867516863
OUT_18604,789.87420295914
OUT_18605,75.05120132621026
OUT_18606,45.07989318519285
OUT_18607,706.4792992562141
OUT_18608,144.17687227802264
OUT_18609,37.31730563647862
OUT_18610,30.186381314851563
OUT_18611,211.29603523437575
OUT_18612,58.43458826820806
OUT_18613,80.46541918077506
OUT_18614,636.1042633615765
OUT_18615,38.45935395960012
OUT_18616,38.77996537620637
OUT_18617,125.23923600615252
OUT_18618,48.94865140363932
OUT_18619,159.6765651903259
OUT_18620,67.20980660691147
OUT_18621,46.87657155863469
OUT_18622,169.08537078655982
OUT_18623,789.4538381649555
OUT_18624,30.126314891452
OUT_18625,49.88644279070968
OUT_18626,190.3774659266747
OUT_18627,188.24808047821105
OUT_18628,174.9324125323956
OUT_18629,46.75598828548598
OUT_18630,702.945723002513
OUT_18631,757.8195312990093
OUT_18632,165.22245359587146
OUT_18633,82.46323968872932
OUT_18635,181.55264777334375
OUT_18636,172.09683296189382
OUT_18637,772.5046356942306
OUT_18638,40.41867141783069
OUT_18639,36.16637703634275
OUT_18640,45.40520059472541
OUT_18641,210.2567956871897
OUT_18642,40.22782345592617
OUT_18643,53.28464802722354
OUT_18644,52.59447334933281
OUT_18645,63.9103925392384
OUT_18646,170.65384172975615
OUT_18647,205.00103858605496
OUT_18648,729.3566194752032
OUT_18649,160.52666352951243
OUT_18650,48.382493483415146
OUT_18651,39.61596037290531
OUT_18652,193.19878090138104
OUT_18653,28.549849512887697
OUT_18654,60.44860744809032
OUT_18655,50.37237741799218
OUT_18656,40.979315737262496
OUT_18657,71.17585357763191
OUT_18658,111.80514269606458
OUT_18659,790.5210613834363
OUT_18660,762.4908108936801
OUT_18661,35.96485617646348
OUT_18662,110.08909810977954
OUT_18663,119.73624941135026
OUT_18664,75.66348178163851
OUT_18665,67.42039822970901
OUT_18666,41.67456000013564
OUT_18667,492.12160150499074
OUT_18668,199.0698715420503
OUT_18669,215.3067383869203
OUT_18670,173.757476574072
OUT_18671,1883.901745511017
OUT_18672,54.69896255020106
OUT_18673,32.47654295139164
OUT_18674,700.4037059608136
OUT_18675,766.2479688920863
OUT_18676,199.0246896127427
OUT_18677,59.40532399649258
OUT_18678,147.56239422830657
OUT_18679,193.4625872084558
OUT_18680,130.83811701634156
OUT_18681,55.09442303065944
OUT_18682,1872.606050028079
OUT_18684,530.2201130251093
OUT_18685,66.55053174191362
OUT_18686,41.77221245526599
OUT_18687,65.55807226219744
OUT_18688,130.70132698329837
OUT_18689,723.4723502930833
OUT_18690,48.585053300849225
OUT_18691,50.92891254687176
OUT_18692,63.81910858071774
OUT_18693,127.2502346892795
OUT_18694,28.8515435194898
OUT_18695,31.999882892437128
OUT_18696,221.7849314126235
OUT_18697,53.906006602673685
OUT_18698,43.90986164354331
OUT_18699,40.25859746799296
OUT_18700,182.61421040245764
OUT_18701,799.7761792105008
OUT_18702,158.04415876804364
OUT_18703,127.84815035511971
OUT_18704,63.7836891709894
OUT_18705,42.50297660537936
OUT_18706,61.33093195717258
OUT_18707,752.2023200125427
OUT_18708,36.96844839452759
OUT_18709,63.449407756741
OUT_18710,43.66082794173428
OUT_18711,34.78908235185485
OUT_18712,186.64707984485824
OUT_18713,58.04302612180073
OUT_18714,760.80840726367
OUT_18715,725.846496608521
OUT_18716,35.11882270806572
OUT_18717,68.52655870117913
OUT_18718,40.42038045237876
OUT_18719,144.47915301337434
OUT_18720,88.82780316630713
OUT_18721,40.62552276313308
OUT_18722,45.17905049867635
OUT_18723,67.1567756559619
OUT_18724,49.33957522917575
OUT_18725,40.00741519376682
OUT_18726,38.07573107389224
OUT_18727,136.86059105836978
OUT_18728,140.9344359616397
OUT_18729,136.8847296728113
OUT_18730,54.17203149037093
OUT_18731,51.37334801348572
OUT_18732,787.148345462487
OUT_18733,61.54716537956139
OUT_18734,61.67930077548571
OUT_18735,211.80188163791263
OUT_18736,121.39477370610012
OUT_18737,1855.2896337276331
OUT_18738,1912.7730974760807
OUT_18739,122.886474418518
OUT_18740,616.6318608554876
OUT_18741,191.5236079094819
OUT_18742,27.573168278937263
OUT_18743,56.20651896790665
OUT_18744,39.96718596867094
OUT_18745,521.9751911720329
OUT_18746,31.778062528709132
OUT_18747,72.92515149468493
OUT_18748,129.2056084994704
OUT_18749,37.888129696949086
OUT_18750,48.97273796443623
OUT_18751,651.1703446099215
OUT_18752,58.36470429855136
OUT_18753,75.75158952064632
OUT_18754,792.3947927348736
OUT_18755,215.3652991683477
OUT_18756,36.19208737853948
OUT_18757,35.972635247216594
OUT_18758,64.9130153627735
OUT_18759,63.57010113381271
OUT_18760,50.89316207938308
OUT_18761,839.850306035367
OUT_18762,217.2855520527808
OUT_18763,57.19854767353863
OUT_18764,58.71343796841335
OUT_18765,84.61466694599739
OUT_18766,198.525364322471
OUT_18767,563.7507405386973
OUT_18768,780.3093186115044
OUT_18769,55.550822635648885
OUT_18770,36.44292697642732
OUT_18771,47.27663859875638
OUT_18772,694.6459798731725
OUT_18773,64.14702115223466
OUT_18774,187.62800288965053
OUT_18775,191.90699178519648
OUT_18776,41.26798672817492
OUT_18777,190.9608896635668
OUT_18778,46.14442598056364
OUT_18779,137.8210056629836
OUT_18780,43.95985082152834
OUT_18781,138.19453516752222
OUT_18782,131.50726526028197
OUT_18783,33.450762866047015
OUT_18784,48.14960075705184
OUT_18785,68.78143623452488
OUT_18786,28.72808619918392
OUT_18787,30.38248844749304
OUT_18788,1862.4665680591847
OUT_18789,175.63980306212267
OUT_18790,231.21898029362112
OUT_18791,804.529890728258
OUT_18792,37.15706428523837
OUT_18793,1899.14516406066
OUT_18794,53.6817499551784
OUT_18795,219.05911498156863
OUT_18796,1916.4098283998885
OUT_18797,37.755931300284765
OUT_18798,48.26500167489694
OUT_18799,141.8938202517664
OUT_18800,175.55803579313704
OUT_18801,169.91217082346458
OUT_18802,1905.459858926572
OUT_18803,46.40478626523856
OUT_18804,44.97979866380076
OUT_18805,1889.9057571461765
OUT_18806,67.82567866447783
OUT_18807,38.89069794166255
OUT_18808,34.6657479795151
OUT_18809,37.3447426200166
OUT_18810,61.33232761506743
OUT_18811,49.317729275778255
OUT_18812,55.96810767271317
OUT_18813,32.42846357943514
OUT_18814,120.84355961145336
OUT_18815,807.3554684687288
OUT_18816,45.91658432226844
OUT_18817,29.92085024065592
OUT_18818,36.51387811214566
OUT_18819,765.0999221679699
OUT_18820,37.01251207321352
OUT_18821,143.28491460787245
OUT_18822,61.0044451960593
OUT_18823,183.7942933527332
OUT_18824,67.55442762704727
OUT_18825,522.2281269944799
OUT_18826,195.5024737788669
OUT_18827,1837.4906972178
OUT_18828,30.397971606415105
OUT_18829,160.62070351134554
OUT_18830,71.17599346100687
OUT_18831,74.13986380670369
OUT_18832,133.24089277564488
OUT_18833,208.92859768368064
OUT_18834,40.70714230169025
OUT_18835,778.8842712204627
OUT_18836,51.35073085796897
OUT_18837,50.06511198117808
OUT_18838,738.8482936031867
OUT_18839,54.5084274241184
OUT_18840,165.8377844849775
OUT_18841,64.99858011201503
OUT_18842,41.08001503431512
OUT_18843,118.73901542755333
OUT_18844,1811.444213149216
OUT_18845,68.83577859216709
OUT_18846,60.18129689016553
OUT_18847,36.79747616563781
OUT_18848,198.22842790943997
OUT_18849,35.54867388092343
OUT_18850,1891.857322403729
OUT_18851,72.76848949365568
OUT_18852,638.4272079962019
OUT_18853,133.78208969166695
OUT_18854,37.2562181708998
OUT_18855,566.8184464756836
OUT_18856,49.70703351872401
OUT_18857,36.50318725945165
OUT_18858,819.4372514100971
OUT_18859,67.38607637335805
OUT_18860,191.73923922249924
OUT_18861,58.49510409233873
OUT_18862,188.0109670032652
OUT_18863,760.4091038420291
OUT_18864,127.88626946628636
OUT_18865,43.04770649502166
OUT_18866,450.506410554798
OUT_18867,201.9145763064918
OUT_18868,27.15871385769702
OUT_18869,49.00831855231201
OUT_18870,108.36196684900504
OUT_18871,61.18014011829728
OUT_18872,165.99080265146668
OUT_18873,220.50203718038532
OUT_18874,699.2515824425732
OUT_18875,76.25039431468055
OUT_18876,189.95032192635367
OUT_18877,1895.6597420853727
OUT_18879,48.91271855838143
OUT_18880,43.31351565643979
OUT_18881,26.62925189262039
OUT_18882,189.4784983388218
OUT_18883,201.17274965700545
OUT_18884,231.674544156572
OUT_18885,714.6652616738381
OUT_18886,62.18602840845009
OUT_18887,61.93351362481396
OUT_18888,124.3984142835452
OUT_18889,43.83385737037617
OUT_18890,217.4974116896216
OUT_18891,36.93943945833831
OUT_18892,232.0210251589395
OUT_18893,41.95296799731523
OUT_18894,173.03546464422263
OUT_18895,71.2814692997594
OUT_18896,807.1127001195549
OUT_18897,181.79930537685215
OUT_18898,43.00540271250877
OUT_18899,39.64171378917791
OUT_18900,130.0411856795515
OUT_18901,47.37895908174925
OUT_18902,181.7959590460136
OUT_18903,511.712703437994
OUT_18904,189.81707279893095
OUT_18905,217.227070897228
OUT_18906,44.349264845641
OUT_18907,69.81530720095213
OUT_18908,71.8925329581538
OUT_18909,709.4927877817579
OUT_18910,127.70555133391028
OUT_18911,515.2707593361971
OUT_18912,700.0022487711974
OUT_18913,809.0361431051521
OUT_18914,190.9175285314118
OUT_18915,214.99924585304515
OUT_18916,31.047624753833485
OUT_18917,38.605605561122914
OUT_18918,90.8561372396888
OUT_18919,720.9227120115171
OUT_18920,35.10802227245606
OUT_18921,216.1144463729801
OUT_18922,182.11933162166943
OUT_18923,24.329637810005163
OUT_18924,192.7358343765999
OUT_18925,195.86421361462288
OUT_18926,72.94122111964955
OUT_18928,57.72026648466655
OUT_18929,178.7331003676276
OUT_18930,795.3063631870663
OUT_18931,70.60470950691966
OUT_18932,39.285234864195736
OUT_18933,128.54972286261557
OUT_18934,1290.248160949547
OUT_18935,31.7712941945738
OUT_18936,38.802681212632464
OUT_18937,27.05006108225252
OUT_18938,125.08449897054612
OUT_18939,652.2836071243772
OUT_18940,33.74103759015959
OUT_18941,813.464299437985
OUT_18942,160.1456022765356
OUT_18943,38.28006360115882
OUT_18944,113.18026825497054
OUT_18945,189.48206738999923
OUT_18946,32.72505925312496
OUT_18947,77.27759928559868
OUT_18948,218.30127190316207
OUT_18949,59.67397347698049
OUT_18950,539.1780169169435
OUT_18951,130.46500135396542
OUT_18952,173.31843286633224
OUT_18953,85.46961809887283
OUT_18954,49.18088679387171
OUT_18955,37.44799884133264
OUT_18956,554.541453553885
OUT_18957,41.88302188195523
OUT_18958,797.44551726439
OUT_18959,30.037257047254737
OUT_18960,50.14935820436222
OUT_18961,62.268963947595815
OUT_18962,200.3012799016211
OUT_18963,51.46751033449362
OUT_18964,40.687092836176056
OUT_18965,166.91105080784735
OUT_18966,118.73937136135928
OUT_18967,58.47439355488216
OUT_18968,150.20634666931113
OUT_18969,44.01941312659288
OUT_18970,136.14586268631888
OUT_18971,44.690281204895705
OUT_18972,118.81690126142529
OUT_18973,195.21639001912945
OUT_18974,33.809142607998915
OUT_18976,32.273906470359066
OUT_18977,58.56686346918122
OUT_18978,39.69833471870104
OUT_18979,157.69436756791922
OUT_18980,63.93832817825487
OUT_18981,52.17197118696756
OUT_18982,770.0101402801538
OUT_18983,727.8482016027133
OUT_18984,56.429562469783775
OUT_18985,1913.670065125897
OUT_18986,768.5837672516377
OUT_18987,40.36377686411774
OUT_18988,124.8936343483365
OUT_18989,50.98260412383721
OUT_18990,51.81534739312591
OUT_18991,35.46764348035005
OUT_18992,827.416417802966
OUT_18993,43.06141570685804
OUT_18994,229.1751645402628
OUT_18995,1367.891638326873
OUT_18996,135.53158685255863
OUT_18997,80.23316515926501
OUT_18998,832.8129393489596
OUT_18999,37.18747886349015
OUT_19000,49.24398594784984
OUT_19001,39.022164644895646
OUT_19002,180.10963750421664
OUT_19003,41.72105048327036
OUT_19004,789.4101566363559
OUT_19005,68.53196453106158
OUT_19006,206.9269389722084
OUT_19007,43.36848357626682
OUT_19008,26.40358086870543
OUT_19009,39.57966870357324
OUT_19010,25.21637824329545
OUT_19011,32.29457312781334
OUT_19012,1927.056877646287
OUT_19013,205.30155440506985
OUT_19014,36.22524391622119
OUT_19015,57.10658593467247
OUT_19016,35.91607273962099
OUT_19017,79.23916476690947
OUT_19018,832.739913063189
OUT_19019,30.6366754907108
OUT_19020,23.74848682324099
OUT_19021,30.27855174615865
OUT_19022,48.87416884319592
OUT_19023,148.15961653685517
OUT_19024,1909.588501010697
OUT_19025,775.6384504520673
OUT_19026,196.54459241377225
OUT_19027,123.70956702184218
OUT_19028,787.8043765449029
OUT_19029,187.92567915888736
OUT_19030,1882.899827219666
OUT_19031,37.64385783671511
OUT_19032,45.80386769403355
OUT_19033,182.10140880521223
OUT_19034,158.02006257946255
OUT_19035,33.318230920658095
OUT_19036,66.32072084530931
OUT_19037,58.40116644220338
OUT_19038,770.2049128880376
OUT_19039,1884.4777799463743
OUT_19040,1888.31732452055
OUT_19041,118.2926757385854
OUT_19042,144.34096008091998
OUT_19043,530.815581385393
OUT_19044,189.0789688884006
OUT_19045,703.5269640559789
OUT_19046,217.10636321575788
OUT_19047,42.467647432842654
OUT_19048,38.79122283675925
OUT_19049,760.3221804201618
OUT_19050,125.48619884547098
OUT_19051,497.5304207320533
OUT_19052,147.83204215432409
OUT_19053,49.47840999733872
OUT_19054,198.10245245377644
OUT_19055,50.23245145181966
OUT_19056,40.92319457606428
OUT_19057,68.4869762879563
OUT_19058,229.87136183545695
OUT_19059,43.759346709346296
OUT_19060,124.40732057750245
OUT_19061,163.26450575935803
OUT_19062,213.76024766146972
OUT_19063,212.33027897543707
OUT_19064,204.55674846038423
OUT_19065,52.48409273852474
OUT_19066,44.514275472956335
OUT_19067,47.28829718018996
OUT_19068,1878.7800935774887
OUT_19069,136.67801953299056
OUT_19070,32.40228237864547
OUT_19071,66.89631805546706
OUT_19072,178.0655548095966
OUT_19073,126.74236951123486
OUT_19074,60.76181511398657
OUT_19075,689.5251432064119
OUT_19076,164.2138671953454
OUT_19077,76.3029899160492
OUT_19079,46.317458388600826
OUT_19080,61.53182036385302
OUT_19081,52.3679508998248
OUT_19082,44.05611371000492
OUT_19083,41.5802370349974
OUT_19084,26.219954233442483
OUT_19085,184.12325944486247
OUT_19086,31.92863901397526
OUT_19088,70.66642747144157
OUT_19089,185.28118244544828
OUT_19090,170.87321783309534
OUT_19091,1884.1796842602996
OUT_19092,497.6272479520064
OUT_19093,55.241044681702704
OUT_19094,732.3417065566944
OUT_19095,69.03501746979624
OUT_19096,39.57088821468941
OUT_19097,48.82587141736632
OUT_19098,33.33683704238908
OUT_19099,62.95514751224229
OUT_19100,142.62042527722355
OUT_19101,66.08260079529056
OUT_19102,38.614523289386845
OUT_19103,179.04769766863967
OUT_19104,184.7917273812929
OUT_19105,150.682979990107
OUT_19106,65.78402865423739
OUT_19107,45.54486483119452
OUT_19108,35.921934631793604
OUT_19109,25.98388387392614
OUT_19110,169.40504612248515
OUT_19112,70.2986230548939
OUT_19113,64.3312037076308
OUT_19114,167.56925554715315
OUT_19115,747.2847225162577
OUT_19116,125.15828951237786
OUT_19117,40.12087167365771
OUT_19118,45.50786689550036
OUT_19119,185.94548473851447
OUT_19120,126.922443550634
OUT_19121,1894.9331362885748
OUT_19122,130.4425313544093
OUT_19123,42.49956808747979
OUT_19124,40.65494055623916
OUT_19125,429.5644804162969
OUT_19126,1887.8322799846144
OUT_19127,68.67375657260995
OUT_19128,52.15429479474352
OUT_19129,149.67857028771928
OUT_19130,157.97553768839526
OUT_19131,184.54499878234364
OUT_19132,199.6338376262777
OUT_19133,515.7898572430133
OUT_19135,208.69107287529891
OUT_19136,58.65899748264263
OUT_19137,190.05379705165905
OUT_19138,60.60134862301249
OUT_19139,220.2669917051019
OUT_19140,54.598472869577904
OUT_19141,77.71992740247293
OUT_19142,766.7409151464402
OUT_19143,83.92093059457818
OUT_19144,61.63342238283381
OUT_19146,189.9594987560152
OUT_19147,34.820363655613775
OUT_19148,38.5045878121446
OUT_19149,29.434184887297093
OUT_19150,38.03329574343688
OUT_19151,1925.9807465502429
OUT_19152,182.5383210264581
OUT_19153,108.12058152956502
OUT_19154,774.8347183112655
OUT_19155,55.91565145004042
OUT_19156,57.76152169736443
OUT_19157,54.39627390830604
OUT_19158,47.41611782493445
OUT_19159,752.5395888545393
OUT_19160,150.32866418684202
OUT_19161,123.67972838258775
OUT_19162,34.37559921780402
OUT_19163,208.2229006312783
OUT_19164,159.37944068394864
OUT_19165,73.09921830285349
OUT_19166,40.161370343128745
OUT_19167,205.3108633994358
OUT_19168,28.53688168409884
OUT_19169,221.18502317939468
OUT_19171,50.35513586420889
OUT_19172,36.05249227266041
OUT_19173,42.894122907255614
OUT_19174,69.88268211681495
OUT_19175,72.43642645440315
OUT_19176,121.81016333291969
OUT_19177,723.3303380041631
OUT_19178,62.083632377376055
OUT_19179,35.773799159360095
OUT_19180,41.98449649616728
OUT_19181,41.92447958329323
OUT_19182,159.099046309312
OUT_19183,53.44451588908387
OUT_19184,49.72352013735151
OUT_19185,226.69908328719023
OUT_19186,773.7017566036238
OUT_19187,1895.885286771692
OUT_19188,31.80182350391521
OUT_19189,58.89600613530353
OUT_19190,192.3788552336324
OUT_19191,27.881010204689364
OUT_19192,48.87090598912326
OUT_19193,36.77732977643981
OUT_19194,188.19856553072464
OUT_19195,124.52544444628336
OUT_19196,189.82844321650876
OUT_19197,61.121450029296575
OUT_19198,57.65509218142369
OUT_19199,55.722351560058
OUT_19200,33.839367326138294
OUT_19201,1890.4604597170007
OUT_19202,72.13349492858832
OUT_19203,32.870134423207126
OUT_19204,827.6936752955378
OUT_19205,70.45522966000408
OUT_19206,194.36815848391385
OUT_19207,120.3571706974786
OUT_19208,177.6308417014896
OUT_19209,118.3697424520028
OUT_19210,154.37560587264582
OUT_19211,714.872689846484
OUT_19212,41.80498794978028
OUT_19213,35.1214924044603
OUT_19214,778.4084745267662
OUT_19215,42.7024975432479
OUT_19216,174.61546069690294
OUT_19217,216.49739612609724
OUT_19218,41.1076487723291
OUT_19219,68.28273295710811
OUT_19220,60.64830670848562
OUT_19221,45.41460010433418
OUT_19222,73.28551651811154
OUT_19223,44.64145496302293
OUT_19224,30.86341398712126
OUT_19225,220.49347206513983
OUT_19226,50.44759958281443
OUT_19227,189.29626689162464
OUT_19228,33.83367789048839
OUT_19229,135.06495244364856
OUT_19230,778.5491081399348
OUT_19231,35.907012197288466
OUT_19232,118.50212740081714
OUT_19233,153.67965873822578
OUT_19234,26.16731402365782
OUT_19235,799.7339784288563
OUT_19236,160.17925200722863
OUT_19237,47.39361958738859
OUT_19238,33.763038483624406
OUT_19239,38.292946046233546
OUT_19240,184.4307178063808
OUT_19241,47.08698233364941
OUT_19242,56.94608423992472
OUT_19243,189.91280928820197
OUT_19244,233.3401884132145
OUT_19245,38.81033929714824
OUT_19246,146.76472540449026
OUT_19247,39.5085849428681
OUT_19248,188.6636924021772
OUT_19249,196.52898498718528
OUT_19250,79.80985617702034
OUT_19251,56.94954078959155
OUT_19252,535.7121231554878
OUT_19253,183.1212945005363
OUT_19254,27.10859557806028
OUT_19255,168.7451585057748
OUT_19256,32.549635828180534
OUT_19257,146.29183708701993
OUT_19258,1877.7826425465785
OUT_19259,17.67909447191386
OUT_19260,38.12959611622471
OUT_19261,151.52346335131045
OUT_19262,72.71410175335708
OUT_19263,129.683710634013
OUT_19264,29.00790494158079
OUT_19265,182.043693794464
OUT_19266,176.18108270063232
OUT_19267,36.88280601118653
OUT_19268,153.35816359509565
OUT_19269,33.8425063363042
OUT_19270,58.58977128983248
OUT_19271,184.9504948496274
OUT_19272,51.1597209641441
OUT_19273,827.8219561942435
OUT_19274,64.39442309140074
OUT_19275,1892.140096185865
OUT_19276,41.14986481636867
OUT_19277,68.21180758992126
OUT_19278,760.852980812109
OUT_19279,48.42907036337584
OUT_19280,43.47233136512785
OUT_19281,69.2919980543714
OUT_19282,751.3048517835467
OUT_19283,212.07461201872468
OUT_19284,677.0976096293809
OUT_19285,130.27615325375598
OUT_19286,47.50373319957442
OUT_19287,49.39230141760389
OUT_19288,46.66881753044638
OUT_19289,195.06121734505305
OUT_19290,75.54152514374091
OUT_19291,793.869196669205
OUT_19292,36.99623582208843
OUT_19293,33.96800252937864
OUT_19294,204.0715954439028
OUT_19295,189.92881888415783
OUT_19296,185.7687883504765
OUT_19297,33.861522607341946
OUT_19298,811.9151993449359
OUT_19299,42.07693895117597
OUT_19300,790.5401051386897
OUT_19301,45.70167121611275
OUT_19302,61.83167987506474
OUT_19303,1885.15967577416
OUT_19304,47.8967642418675
OUT_19305,25.38459820284889
OUT_19306,68.65838746103786
OUT_19307,1942.810040714092
OUT_19308,670.7139110830732
OUT_19309,41.572056835228345
OUT_19310,1884.243879890636
OUT_19311,2011.738920385392
OUT_19312,1902.582411062554
OUT_19313,48.32455337814012
OUT_19314,35.13005313752813
OUT_19315,38.37317988050614
OUT_19316,133.6454620103946
OUT_19317,43.925330428369385
OUT_19318,812.4047351600365
OUT_19320,765.0139117325394
OUT_19321,47.31604500889239
OUT_19322,42.27998991417054
OUT_19323,753.1162182090545
OUT_19324,208.70101868955757
OUT_19325,517.8624731816157
OUT_19326,71.52660655451925
OUT_19327,45.54119923955334
OUT_19328,41.6040159308916
OUT_19329,42.97719187631318
OUT_19331,181.52535964526345
OUT_19332,809.426965620436
OUT_19333,816.947969358045
OUT_19334,66.44006071456131
OUT_19335,43.16456913644902
OUT_19336,44.52505215007143
OUT_19337,32.107351962598806
OUT_19338,48.2712764124142
OUT_19339,490.4499945384565
OUT_19340,31.33273357614213
OUT_19341,701.6678024601198
OUT_19342,764.3353532055819
OUT_19343,43.44484876581232
OUT_19344,836.4714990195265
OUT_19345,212.26452902257583
OUT_19346,31.2197972342463
OUT_19347,39.432158127967554
OUT_19348,1906.5068640622455
OUT_19349,198.96909361114524
OUT_19350,503.1602061045335
OUT_19351,35.76347246942782
OUT_19352,48.62796218861921
OUT_19353,124.86037322756916
OUT_19354,41.40413762555296
OUT_19355,547.5174161100605
OUT_19356,729.7498054069778
OUT_19357,809.7272841489705
OUT_19358,203.1671867007385
OUT_19359,52.80563178459655
OUT_19360,516.6372365498946
OUT_19361,64.18773481234116
OUT_19362,152.67118841570652
OUT_19363,215.47628275879828
OUT_19364,51.28012211181685
OUT_19365,2000.1567987699625
OUT_19366,1826.6656232153043
OUT_19367,128.0316697645642
OUT_19368,824.720594031043
OUT_19369,36.5063551706557
OUT_19370,38.80555353568885
OUT_19371,29.00463824327932
OUT_19372,145.2642991020561
OUT_19373,37.81153817837878
OUT_19374,34.79591217265758
OUT_19375,30.678642045752884
OUT_19376,47.520106310753214
OUT_19377,43.030559323394414
OUT_19378,41.51125132279161
OUT_19379,61.47183505440552
OUT_19380,36.92304054461969
OUT_19381,121.05314043708488
OUT_19382,535.0819817485733
OUT_19383,124.2709024838584
OUT_19384,33.2287833031822
OUT_19385,56.01470904509218
OUT_19386,69.15562804095667
OUT_19387,52.9600205404401
OUT_19388,181.6496932165337
OUT_19389,55.600528858300336
OUT_19390,36.669448755904654
OUT_19391,39.6562163798237
OUT_19392,53.26965081977757
OUT_19393,135.48012362184213
OUT_19394,152.79208186893928
OUT_19395,35.33032206398945
OUT_19396,65.15403398054961
OUT_19397,777.2132358865317
OUT_19398,47.02794058601935
OUT_19399,76.2383460447369
OUT_19400,56.80416592390285
OUT_19401,776.0577255212824
OUT_19402,56.59585666651332
OUT_19403,161.56269390293468
OUT_19404,51.0564406807277
OUT_19405,501.8981639539081
OUT_19406,56.83893071591357
OUT_19407,505.012367115472
OUT_19408,24.40696877880615
OUT_19409,194.6102068486015
OUT_19410,34.725023597147526
OUT_19411,31.290411020185392
OUT_19412,56.49481530780445
OUT_19413,37.26955013415804
OUT_19414,65.64448959659941
OUT_19415,150.57659009141054
OUT_19416,762.5810025689188
OUT_19417,734.1303325362128
OUT_19418,133.04884443063588
OUT_19419,37.73966686502786
OUT_19420,201.46300194995723
OUT_19421,79.11059050099911
OUT_19422,59.86468517363817
OUT_19423,182.8464019673616
OUT_19424,69.85671098625235
OUT_19425,177.1204065855586
OUT_19426,47.27817209255058
OUT_19427,46.21000737668006
OUT_19428,38.38154785221033
OUT_19429,26.63783390301051
OUT_19430,41.12304593536647
OUT_19431,151.0204514834611
OUT_19432,66.12712390739394
OUT_19433,44.15939036470107
OUT_19434,1892.0716823060984
OUT_19435,50.896012578344006
OUT_19436,188.32001922699652
OUT_19437,215.61247644695948
OUT_19438,33.98949052544604
OUT_19439,39.57673534329129
OUT_19440,211.9661801158616
OUT_19441,38.705821256917474
OUT_19442,33.39134240876952
OUT_19443,204.177990731033
OUT_19444,48.81840434826946
OUT_19445,147.87462496285326
OUT_19446,43.78006322894046
OUT_19447,31.219371179890224
OUT_19448,42.52430926777039
OUT_19449,809.7371438614765
OUT_19450,33.45384217491347
OUT_19451,190.36899762419048
OUT_19452,219.90826235644295
OUT_19453,36.60487483846419
OUT_19454,45.231983416072005
OUT_19455,74.91156423051021
OUT_19456,35.90940607998577
OUT_19457,61.42450758358754
OUT_19458,117.85468228278356
OUT_19459,198.7866300724644
OUT_19460,108.85146377509544
OUT_19461,36.9031717916493
OUT_19462,774.7823245205605
OUT_19463,713.717977437968
OUT_19464,63.12507546346505
OUT_19465,72.88377465329694
OUT_19466,35.06736622252461
OUT_19467,187.0475523997896
OUT_19468,51.3589777898392
OUT_19469,67.80077965888867
OUT_19470,61.33381574831312
OUT_19471,168.99349508798497
OUT_19472,166.1373020556128
OUT_19473,871.0118532547148
OUT_19474,41.69438324909771
OUT_19475,32.661949288790275
OUT_19476,197.40324113498775
OUT_19477,45.772975587527576
OUT_19478,243.98380547542476
OUT_19479,57.29496491407241
OUT_19480,41.86077159207655
OUT_19481,191.37668771614165
OUT_19482,200.91656077976535
OUT_19483,40.26684382805568
OUT_19484,40.41188468861363
OUT_19485,35.00982213908926
OUT_19486,25.768682367410392
OUT_19487,166.8678997545572
OUT_19488,46.13918484795206
OUT_19489,63.38667581085655
OUT_19490,53.51402525664593
OUT_19491,73.79540834100712
OUT_19492,127.75924649530248
OUT_19493,813.4076554596465
OUT_19494,53.72657496410481
OUT_19495,773.7596387673033
OUT_19496,35.488729577894944
OUT_19497,51.22971106640619
OUT_19498,37.53834278836064
OUT_19499,36.798046769423394
OUT_19500,78.62648056953984
OUT_19501,41.52598505384389
OUT_19502,734.2417487001127
OUT_19503,40.92122628340304
OUT_19504,61.36202179794393
OUT_19505,65.84702580373273
OUT_19506,116.17091245962544
OUT_19507,41.53019263595289
OUT_19508,46.40980531332216
OUT_19509,224.63981790729207
OUT_19510,53.710086477421015
OUT_19512,220.20438224768344
OUT_19513,181.26858937177192
OUT_19514,755.7420921880629
OUT_19515,29.559615136310924
OUT_19516,54.05079607566542
OUT_19517,46.467782791300245
OUT_19518,68.74071652410427
OUT_19519,724.0342192209897
OUT_19520,46.52856545046793
OUT_19521,792.180095253368
OUT_19522,42.056967924868005
OUT_19524,66.04337649065033
OUT_19525,43.53206159771892
OUT_19526,37.61429338919028
OUT_19527,44.003172046461046
OUT_19528,30.66883865148317
OUT_19529,46.08311975116171
OUT_19530,37.03606621569691
OUT_19531,172.4306928668604
OUT_19532,39.89525754377475
OUT_19533,44.53766313859705
OUT_19534,33.9756135554198
OUT_19535,762.8235231411178
OUT_19536,69.81003802254719
OUT_19537,498.4502304042426
OUT_19538,136.28720497150152
OUT_19540,132.748890014508
OUT_19541,157.4434635229429
OUT_19542,61.59755794159969
OUT_19543,48.69028161758053
OUT_19544,732.1292214438782
OUT_19545,65.29877149280019
OUT_19546,182.9309133322966
OUT_19547,161.60266544429848
OUT_19548,1857.2964761854253
OUT_19549,196.3641142710182
OUT_19550,205.45885482586948
OUT_19551,228.06420193800724
OUT_19552,737.6087756316753
OUT_19553,66.80329228675349
OUT_19554,776.9847500505512
OUT_19555,83.57427083627327
OUT_19556,839.1869743993257
OUT_19557,39.90153851391999
OUT_19558,36.97451873834597
OUT_19559,40.64494132541297
OUT_19560,697.4119538315636
OUT_19561,113.49604337809194
OUT_19562,190.4187992792096
OUT_19563,61.28029822867293
OUT_19564,73.65851578176753
OUT_19565,231.63746226508275
OUT_19567,58.18015421250585
OUT_19568,181.80325813124
OUT_19569,58.18761613947278
OUT_19570,765.8717499281358
OUT_19571,230.4774758111297
OUT_19572,129.17301508316407
OUT_19573,37.418582945286815
OUT_19574,1889.171091602924
OUT_19575,41.149083716543565
OUT_19576,230.55649183910447
OUT_19577,101.88351909980082
OUT_19578,72.00573660029465
OUT_19579,43.63440439806279
OUT_19580,31.7101098088593
OUT_19581,61.082201861797245
OUT_19582,79.32207027124416
OUT_19583,114.83385280427316
OUT_19584,193.88043236719304
OUT_19585,174.12947599345333
OUT_19586,34.33531467479712
OUT_19587,683.7990161628579
OUT_19588,1927.878849499082
OUT_19589,206.34948503807905
OUT_19590,118.58634064336748
OUT_19591,54.4171954180424
OUT_19592,162.06460934200237
OUT_19593,171.16968908637173
OUT_19594,121.24973072240763
OUT_19595,1969.8411872635047
OUT_19596,34.363137983908
OUT_19597,199.9084336410036
OUT_19598,25.5420253552815
OUT_19599,696.4421793988105
OUT_19600,131.37334448092585
OUT_19601,42.943799397201
OUT_19602,779.9408217363512
OUT_19603,62.227095163710544
OUT_19604,38.57176367846702
OUT_19605,735.3005439028528
OUT_19606,36.75969934537734
OUT_19607,40.1211097821944
OUT_19608,48.03469705563885
OUT_19609,45.63129989937077
OUT_19610,43.403089721631694
OUT_19611,203.61644040795463
OUT_19612,40.041156091322414
OUT_19613,762.5927781422562
OUT_19614,806.178989097366
OUT_19615,641.9756991470446
OUT_19616,41.575246807970906
OUT_19617,209.91124492182703
OUT_19618,28.363788414219155
OUT_19619,38.14360067010151
OUT_19620,49.56078653429902
OUT_19621,61.77756450571764
OUT_19622,32.37092155188483
OUT_19623,201.2466162387136
OUT_19624,68.70315589920816
OUT_19625,671.9034552435054
OUT_19626,40.10984422187162
OUT_19627,211.4869453925672
OUT_19628,745.7422947257877
OUT_19629,131.1249317807219
OUT_19630,46.17865682767045
OUT_19631,53.84759237784476
OUT_19632,167.23178784354576
OUT_19633,178.7834815502099
OUT_19634,1890.802663956145
OUT_19635,63.25648995351256
OUT_19636,472.0684186436516
OUT_19637,1880.6463538598684
OUT_19638,39.290241670669886
OUT_19639,65.53459349440402
OUT_19640,30.75163189356333
OUT_19641,573.2116804964288
OUT_19642,176.51806009963823
OUT_19643,177.63602752333748
OUT_19645,32.610495108735044
OUT_19646,1892.854080550868
OUT_19647,44.72072707077008
OUT_19648,1898.3177285600843
OUT_19649,27.600673212967536
OUT_19650,75.64168108955269
OUT_19651,37.24544335169145
OUT_19652,514.5198174799057
OUT_19653,207.1690904845132
OUT_19654,173.44105067053755
OUT_19655,47.40794023257318
OUT_19656,171.3836072102125
OUT_19657,174.1627971079295
OUT_19658,68.84301730681061
OUT_19659,74.29056968586508
OUT_19660,639.2574498762228
OUT_19661,822.8494790000922
OUT_19662,42.85820291005143
OUT_19663,69.14418065247374
OUT_19664,47.63306067559338
OUT_19665,125.20067407397512
OUT_19666,761.3910907898239
OUT_19667,57.93253881094074
OUT_19668,131.29683904738067
OUT_19669,119.55271228052926
OUT_19670,117.91585226053564
OUT_19671,170.16775578105035
OUT_19672,770.1382229491825
OUT_19673,69.41021357178465
OUT_19674,232.46722809155716
OUT_19675,203.8141608882095
OUT_19676,185.26025249489837
OUT_19677,206.5914231899565
OUT_19678,207.2377172541194
OUT_19679,62.479990483688
OUT_19680,162.81833471124023
OUT_19681,227.38245715291745
OUT_19682,61.72953706203722
OUT_19683,33.03488653494488
OUT_19684,111.78271652710085
OUT_19685,41.632796589419534
OUT_19686,36.385232910555736
OUT_19687,177.94558600575158
OUT_19688,28.53381108685257
OUT_19689,51.05278709894986
OUT_19690,42.734266136346285
OUT_19691,520.3834667695762
OUT_19692,60.70327387119817
OUT_19693,72.67619159161433
OUT_19694,47.01750032629351
OUT_19695,151.2590701285998
OUT_19696,540.3042856771779
OUT_19697,182.31095754487703
OUT_19698,34.78376293301663
OUT_19699,37.59594950697596
OUT_19700,49.5595742102672
OUT_19701,57.02845512215507
OUT_19702,32.49511897495575
OUT_19703,774.1298153973577
OUT_19704,200.8652552330684
OUT_19705,72.54451438745942
OUT_19706,56.11674271431573
OUT_19707,37.81620421617478
OUT_19708,149.7177701422871
OUT_19709,786.9127756005962
OUT_19710,65.06074088001401
OUT_19711,34.626723511724386
OUT_19712,31.69009149522373
OUT_19713,31.983597606275328
OUT_19714,53.17653976285508
OUT_19715,118.2567390713896
OUT_19716,147.29486958159345
OUT_19717,67.36396193790952
OUT_19718,46.50998506706364
OUT_19719,58.447031814049225
OUT_19720,39.5082169631217
OUT_19721,65.02054926608609
OUT_19722,56.90548593894118
OUT_19723,33.97125212948333
OUT_19724,32.90638067000434
OUT_19725,182.11757567185063
OUT_19726,67.20961762490012
OUT_19727,38.29138297769491
OUT_19728,724.5686842576969
OUT_19729,751.8601674165081
OUT_19730,791.9247665922111
OUT_19731,47.09249842307245
OUT_19732,36.72891493651564
OUT_19733,54.74695490170625
OUT_19735,39.944961759409246
OUT_19736,57.15886489584284
OUT_19737,33.10867420072947
OUT_19738,160.4011501220278
OUT_19739,38.85441532924319
OUT_19740,70.20156339648051
OUT_19741,31.18022514721566
OUT_19742,200.8677593030623
OUT_19743,850.4186990658288
OUT_19744,786.4244655541764
OUT_19745,174.505226860737
OUT_19746,30.55963625287172
OUT_19747,48.08445884154789
OUT_19748,49.949691662125176
OUT_19749,46.79255438615312
OUT_19750,146.36569604246665
OUT_19751,42.37053637480961
OUT_19752,39.587118018025535
OUT_19753,222.57762979198372
OUT_19754,39.05955689301607
OUT_19755,510.8531032120654
OUT_19756,139.3278439466861
OUT_19757,803.4797062350933
OUT_19758,198.22117046646096
OUT_19759,59.96373906406795
OUT_19760,34.60576814958703
OUT_19761,169.57719107242244
OUT_19762,35.93838890975892
OUT_19763,35.902486113442464
OUT_19764,28.73743094401192
OUT_19765,48.62248820857062
OUT_19766,42.70955464284982
OUT_19767,88.15852327512562
OUT_19768,83.98940559938188
OUT_19769,1892.4844419302872
OUT_19770,52.332898755874886
OUT_19771,78.26772576033134
OUT_19772,800.5417420840862
OUT_19773,43.541696816843405
OUT_19774,809.449394908243
OUT_19775,39.57865664796744
OUT_19776,100.50348037922288
OUT_19777,178.50969135094633
OUT_19778,39.30979137490474
OUT_19779,42.82468100669729
OUT_19780,193.64141634695383
OUT_19781,62.6686147594947
OUT_19782,33.64568231246599
OUT_19783,28.44059560057612
OUT_19784,32.99862493682864
OUT_19785,163.74035080246315
OUT_19786,198.90348995437196
OUT_19787,170.13239926735972
OUT_19788,704.7797616509057
OUT_19789,46.40891823252397
OUT_19790,19.03919629963118
OUT_19791,72.07998848311252
OUT_19792,47.616076979737
OUT_19793,40.94515721736026
OUT_19794,125.71475142512938
OUT_19795,42.00136094949418
OUT_19796,37.27233262455281
OUT_19797,77.35148973913935
OUT_19798,66.70771100771506
OUT_19799,80.09918372750546
OUT_19800,131.04212156277416
OUT_19801,127.52817678994214
OUT_19802,1879.3581754505856
OUT_19803,806.7798729337524
OUT_19804,173.4318453893526
OUT_19805,653.7699199190605
OUT_19806,584.9883319392857
OUT_19807,56.58618660800855
OUT_19808,506.7792792112584
OUT_19809,189.28066707282736
OUT_19810,195.9758780599909
OUT_19811,79.27479456571257
OUT_19812,35.67256390683207
OUT_19813,43.34210453024542
OUT_19814,43.26479946049851
OUT_19815,77.70643818834573
OUT_19816,46.47706628557991
OUT_19817,832.109546952535
OUT_19818,26.647900669906356
OUT_19819,45.22301510270956
OUT_19820,45.03394484645556
OUT_19821,180.84768660463772
OUT_19822,49.26656118505781
OUT_19823,124.18612011692262
OUT_19824,38.28367705496163
OUT_19825,38.51478923273581
OUT_19826,138.45479683349086
OUT_19827,1883.2459028140988
OUT_19828,872.7234519346964
OUT_19829,46.91895811072365
OUT_19830,209.05103879000373
OUT_19831,168.6125473551989
OUT_19832,71.74501639036856
OUT_19833,128.53327675286658
OUT_19834,150.95438521363627
OUT_19835,59.79652007034532
OUT_19836,34.50348036501541
OUT_19837,792.6908731528048
OUT_19838,35.70290947580212
OUT_19839,40.67645309000241
OUT_19840,55.3424839691866
OUT_19841,75.91281471117608
OUT_19842,130.1284838568344
OUT_19843,134.91595277893578
OUT_19844,69.04871015789683
OUT_19845,29.86213063310508
OUT_19846,40.28403415625008
OUT_19847,55.96274413158279
OUT_19848,56.872376958584105
OUT_19849,39.22593030672527
OUT_19850,1901.9127227748063
OUT_19851,44.41824968131721
OUT_19852,1885.2843691849737
OUT_19853,139.63306577509115
OUT_19854,43.81316865334768
OUT_19855,66.06299664590817
OUT_19856,756.6539883620377
OUT_19857,31.64728005615525
OUT_19858,36.516726712782415
OUT_19859,538.9998993863196
OUT_19860,67.75396022346261
OUT_19861,31.82205010652874
OUT_19862,39.62412560270334
OUT_19863,164.7524231349777
OUT_19864,68.83304743154277
OUT_19865,1826.9994500821165
OUT_19866,44.23852633997131
OUT_19867,142.4830630197146
OUT_19868,37.33068019195604
OUT_19869,45.57341963657221
OUT_19870,44.57883179006728
OUT_19871,233.15076462205096
OUT_19872,37.33037376035912
OUT_19873,61.75395133368265
OUT_19874,203.0888189455078
OUT_19875,174.43802691232978
OUT_19876,168.76383043603715
OUT_19877,124.39957282446288
OUT_19878,168.01354105290164
OUT_19879,34.450654277160886
OUT_19880,50.66938325420504
OUT_19881,32.452096916680325
OUT_19882,40.03123612164656
OUT_19883,52.68681926762125
OUT_19884,66.11990139357569
OUT_19885,140.42046098925098
OUT_19886,38.73785583114024
OUT_19887,175.22359159511817
OUT_19888,31.949652987427225
OUT_19889,39.851641462127134
OUT_19890,48.49855293265338
OUT_19891,29.519251348431805
OUT_19892,183.30996319234305
OUT_19893,105.95765853211
OUT_19894,825.3046751345918
OUT_19895,42.9109234292977
OUT_19896,812.1786379574578
OUT_19897,50.55377792430443
OUT_19898,743.3651055989426
OUT_19899,185.5429486977762
OUT_19900,48.36512962917144
OUT_19901,36.53089015778768
OUT_19902,49.79766899519693
OUT_19903,46.67738334834495
OUT_19904,66.08924870991254
OUT_19905,60.73692854034022
OUT_19906,67.67196535100524
OUT_19907,179.72450317847762
OUT_19908,29.680686451733585
OUT_19909,36.498016803155465
OUT_19910,16.560908985387623
OUT_19911,36.88855766203236
OUT_19912,728.0834952773722
OUT_19913,39.39930015364388
OUT_19914,33.18067814479927
OUT_19915,65.71743324157282
OUT_19916,34.01480582909015
OUT_19917,50.67749008891121
OUT_19918,42.59419524562763
OUT_19919,56.06827186171926
OUT_19920,70.54893707524703
OUT_19921,216.1942656432366
OUT_19922,51.11412675523087
OUT_19923,191.99622560606537
OUT_19924,32.77507832294689
OUT_19925,201.45112184301655
OUT_19926,37.43607884912471
OUT_19927,49.66149772792878
OUT_19928,222.38084991320684
OUT_19929,216.51496359784895
OUT_19930,71.57992083885543
OUT_19931,220.05905038838617
OUT_19932,45.41168935520217
OUT_19933,62.53373239491441
OUT_19934,750.1659981143068
OUT_19935,793.8733587588871
OUT_19936,36.28369581455453
OUT_19937,219.5629030238871
OUT_19938,42.02697088715697
OUT_19939,46.213212048596425
OUT_19940,772.8804145740364
OUT_19941,757.333657937234
OUT_19942,42.86492419538384
OUT_19943,767.2617478099463
OUT_19944,51.57149981364616
OUT_19945,51.036608591187786
OUT_19946,52.87766459518371
OUT_19947,480.0560999466528
OUT_19948,90.56258715218765
OUT_19949,34.953830896664044
OUT_19950,34.6504191522446
OUT_19951,699.0079554569164
OUT_19952,37.76043429726956
OUT_19953,130.60480523433935
OUT_19954,526.7730410915241
OUT_19955,51.55869508048359
OUT_19956,37.99094919677268
OUT_19957,662.5745150968521
OUT_19958,38.780400470394085
OUT_19959,754.517584432447
OUT_19960,811.7416244737909
OUT_19961,84.05475165688895
OUT_19962,236.58731249149216
OUT_19963,42.89782565577698
OUT_19964,120.4460085949107
OUT_19965,149.9968662384969
OUT_19966,29.21138119277117
OUT_19967,28.5695719717786
OUT_19968,42.52406799168348
OUT_19969,42.86287696568971
OUT_19970,207.2629954219712
OUT_19971,191.45958700181555
OUT_19972,71.71233342017815
OUT_19973,36.01236168992256
OUT_19974,35.70450447812644
OUT_19975,193.54803899153532
OUT_19976,66.04101428762027
OUT_19977,1893.584863325868
OUT_19978,718.055158999931
OUT_19979,192.528059628004
OUT_19981,50.54666072463855
OUT_19982,70.09997526997235
OUT_19983,34.75339212824574
OUT_19984,180.45602242934885
OUT_19985,746.7471438905238
OUT_19986,158.20503304057522
OUT_19987,38.70603464278735
OUT_19988,69.79582831144033
OUT_19989,43.2315101590501
OUT_19990,68.39418415621559
OUT_19991,744.5861167045048
OUT_19992,216.15752287628663
OUT_19993,158.1113556645996
OUT_19994,166.19249331228187
OUT_19995,193.35812677099665
OUT_19996,163.99951768545648
OUT_19997,51.74200947503594
OUT_19998,117.95031728412464
OUT_19999,66.29263199165509
OUT_20000,26.15731848779888
