Outlet_ID,year_month,Volume_Liters_Sum,monthly_holiday_count,Outlet_Size,Cooler_Count,Outlet_Type,Distributor_ID,Seasonality_Index
OUT_00010,2023-03,844.5613469510864,1,Small,0,Eatery,DIST_W_01,Moderate
OUT_00010,2023-04,215.88183085356272,4,Small,0,Eatery,DIST_W_01,Favorable
OUT_00010,2023-05,417.3482976500965,4,Small,0,Eatery,DIST_W_01,Un-Favorable
OUT_00010,2023-06,337.6557564328931,1,Small,0,Eatery,DIST_W_01,Un-Favorable
OUT_00010,2023-07,263.0523511486812,1,Small,0,Eatery,DIST_W_01,Moderate
OUT_00010,2023-08,656.2011430292756,2,Small,0,Eatery,DIST_W_01,Moderate
OUT_00010,2023-09,643.0032546318075,2,Small,0,Eatery,DIST_W_01,Moderate
OUT_00010,2023-10,518.7561022324833,1,Small,0,Eatery,DIST_W_01,Moderate
OUT_00010,2023-12,855.9010452014504,2,Small,0,Eatery,DIST_W_01,Favorable
OUT_00010,2024-03,1695.4867447968268,3,Small,0,Eatery,DIST_W_01,Moderate
OUT_00010,2024-04,707.265594962482,7,Small,0,Eatery,DIST_W_01,Favorable
OUT_00010,2024-05,420.0274572453151,3,Small,0,Eatery,DIST_W_01,Un-Favorable
OUT_00010,2024-06,385.0766349688932,2,Small,0,Eatery,DIST_W_01,Un-Favorable
OUT_00010,2024-07,252.94149837421008,1,Small,0,Eatery,DIST_W_01,Moderate
OUT_00010,2024-09,287.9646621961104,2,Small,0,Eatery,DIST_W_01,Moderate
OUT_00010,2024-10,515.1710206498403,2,Small,0,Eatery,DIST_W_01,Moderate
OUT_00010,2024-11,618.5232870858572,1,Small,0,Eatery,DIST_W_01,Moderate
OUT_00010,2024-12,924.9940359242314,2,Small,0,Eatery,DIST_W_01,Favorable
OUT_00010,2025-03,1886.504494397222,1,Small,0,Eatery,DIST_W_01,Moderate
OUT_00010,2025-04,849.4860966391504,5,Small,0,Eatery,DIST_W_01,Favorable
OUT_00010,2025-05,324.3313169076601,3,Small,0,Eatery,DIST_W_01,Un-Favorable
OUT_00010,2025-06,362.4473937463387,1,Small,0,Eatery,DIST_W_01,Un-Favorable
OUT_00010,2025-07,497.90441076976913,1,Small,0,Eatery,DIST_W_01,Moderate
OUT_00010,2025-08,639.3613332695423,1,Small,0,Eatery,DIST_W_01,Moderate
OUT_00010,2025-09,622.0706619592765,2,Small,0,Eatery,DIST_W_01,Moderate
OUT_00010,2025-10,480.25871274620806,1,Small,0,Eatery,DIST_W_01,Moderate
OUT_00010,2025-11,446.4707514851168,1,Small,0,Eatery,DIST_W_01,Moderate
OUT_00010,2025-12,191.0599983051345,2,Small,0,Eatery,DIST_W_01,Favorable
OUT_00026,2023-03,1306.9937977267962,1,Medium,1,Grocry,DIST_W_01,Moderate
OUT_00026,2023-04,163.28596025317344,4,Medium,1,Grocry,DIST_W_01,Favorable
OUT_00026,2023-05,405.8998343778142,4,Medium,1,Grocry,DIST_W_01,Un-Favorable
OUT_00026,2023-06,202.44882616566983,1,Medium,1,Grocry,DIST_W_01,Un-Favorable
OUT_00026,2023-07,549.6166680188574,1,Medium,1,Grocry,DIST_W_01,Moderate
OUT_00026,2023-08,322.7805432449196,2,Medium,1,Grocry,DIST_W_01,Moderate
OUT_00026,2023-09,613.9813528856791,2,Medium,1,Grocry,DIST_W_01,Moderate
OUT_00026,2023-10,571.6676502502147,1,Medium,1,Grocry,DIST_W_01,Moderate
OUT_00026,2023-11,554.9034253161052,1,Medium,1,Grocry,DIST_W_01,Moderate
OUT_00026,2023-12,776.2746091957172,2,Medium,1,Grocry,DIST_W_01,Favorable
OUT_00026,2024-03,1698.8667631249937,3,Medium,1,Grocry,DIST_W_01,Moderate
OUT_00026,2024-04,676.4633831098356,7,Medium,1,Grocry,DIST_W_01,Favorable
OUT_00026,2024-05,347.94196698300163,3,Medium,1,Grocry,DIST_W_01,Un-Favorable
OUT_00026,2024-07,640.0294718160519,1,Medium,1,Grocry,DIST_W_01,Moderate
OUT_00026,2024-09,604.6270782528652,2,Medium,1,Grocry,DIST_W_01,Moderate
OUT_00026,2024-10,361.773775082438,2,Medium,1,Grocry,DIST_W_01,Moderate
OUT_00026,2024-12,809.9137150113671,2,Medium,1,Grocry,DIST_W_01,Favorable
OUT_00026,2025-03,1473.232520178611,1,Medium,1,Grocry,DIST_W_01,Moderate
OUT_00026,2025-04,872.2220207976588,5,Medium,1,Grocry,DIST_W_01,Favorable
OUT_00026,2025-05,402.283490223938,3,Medium,1,Grocry,DIST_W_01,Un-Favorable
OUT_00026,2025-06,369.4028472912967,1,Medium,1,Grocry,DIST_W_01,Un-Favorable
OUT_00026,2025-07,474.6259116733267,1,Medium,1,Grocry,DIST_W_01,Moderate
OUT_00026,2025-08,143.12915463311333,1,Medium,1,Grocry,DIST_W_01,Moderate
OUT_00026,2025-09,477.5899557964456,2,Medium,1,Grocry,DIST_W_01,Moderate
OUT_00026,2025-10,608.4124128621353,1,Medium,1,Grocry,DIST_W_01,Moderate
OUT_00026,2025-11,674.0213772051369,1,Medium,1,Grocry,DIST_W_01,Moderate
OUT_00026,2025-12,955.7252323590671,2,Medium,1,Grocry,DIST_W_01,Favorable
OUT_00246,2023-01,246.50888201034223,3,Extra Large,2,Bakery,DIST_W_02,Moderate
OUT_00246,2023-02,168.41872866072922,3,Extra Large,2,Bakery,DIST_W_02,Moderate
OUT_00246,2023-03,531.2757242944709,1,Extra Large,2,Bakery,DIST_W_02,Moderate
OUT_00246,2023-04,465.99382476679307,4,Extra Large,2,Bakery,DIST_W_02,Favorable
OUT_00246,2023-05,431.9234494051594,4,Extra Large,2,Bakery,DIST_W_02,Un-Favorable
OUT_00246,2023-06,652.7191798182657,1,Extra Large,2,Bakery,DIST_W_02,Un-Favorable
OUT_00246,2023-07,258.6487233115546,1,Extra Large,2,Bakery,DIST_W_02,Moderate
OUT_00246,2023-08,647.8110644984197,2,Extra Large,2,Bakery,DIST_W_02,Moderate
OUT_00246,2023-09,552.6440231139019,2,Extra Large,2,Bakery,DIST_W_02,Moderate
OUT_00246,2023-10,472.05756524392746,1,Extra Large,2,Bakery,DIST_W_02,Moderate
OUT_00246,2023-11,574.205494945419,1,Extra Large,2,Bakery,DIST_W_02,Moderate
OUT_00246,2023-12,825.7244211950367,2,Extra Large,2,Bakery,DIST_W_02,Favorable
OUT_00246,2024-01,605.7433137752154,2,Extra Large,2,Bakery,DIST_W_02,Moderate
OUT_00246,2024-02,615.0527355363027,3,Extra Large,2,Bakery,DIST_W_02,Moderate
OUT_00246,2024-03,621.4846862428072,3,Extra Large,2,Bakery,DIST_W_02,Moderate
OUT_00246,2024-04,771.3415966531442,7,Extra Large,2,Bakery,DIST_W_02,Favorable
OUT_00246,2024-05,374.6542099234461,3,Extra Large,2,Bakery,DIST_W_02,Un-Favorable
OUT_00246,2024-06,371.7431597239204,2,Extra Large,2,Bakery,DIST_W_02,Un-Favorable
OUT_00246,2024-07,675.0557801007421,1,Extra Large,2,Bakery,DIST_W_02,Moderate
OUT_00246,2024-08,141.0810378002247,1,Extra Large,2,Bakery,DIST_W_02,Moderate
OUT_00246,2024-10,647.9895777030874,2,Extra Large,2,Bakery,DIST_W_02,Moderate
OUT_00246,2024-11,459.562465484576,1,Extra Large,2,Bakery,DIST_W_02,Moderate
OUT_00246,2024-12,919.4941077847872,2,Extra Large,2,Bakery,DIST_W_02,Favorable
OUT_00246,2025-01,308.19412834292297,2,Extra Large,2,Bakery,DIST_W_02,Moderate
OUT_00246,2025-02,531.5081405950417,2,Extra Large,2,Bakery,DIST_W_02,Moderate
OUT_00246,2025-04,799.0897020654228,5,Extra Large,2,Bakery,DIST_W_02,Favorable
OUT_00246,2025-05,349.5565286439462,3,Extra Large,2,Bakery,DIST_W_02,Un-Favorable
OUT_00246,2025-08,654.0040054806084,1,Extra Large,2,Bakery,DIST_W_02,Moderate
OUT_00246,2025-09,326.3075331459215,2,Extra Large,2,Bakery,DIST_W_02,Moderate
OUT_00246,2025-10,269.36798998731604,1,Extra Large,2,Bakery,DIST_W_02,Moderate
OUT_00246,2025-11,569.5941073903734,1,Extra Large,2,Bakery,DIST_W_02,Moderate
OUT_00246,2025-12,881.0932867688337,2,Extra Large,2,Bakery,DIST_W_02,Favorable
OUT_00262,2023-01,314.71694844545783,3,Small,0,Bakry,DIST_W_01,Moderate
OUT_00262,2023-02,552.2014393032496,3,Small,0,Bakry,DIST_W_01,Moderate
OUT_00262,2023-03,584.254275792665,1,Small,0,Bakry,DIST_W_01,Moderate
OUT_00262,2023-04,827.6799514372478,4,Small,0,Bakry,DIST_W_01,Favorable
OUT_00262,2023-05,219.0061352268754,4,Small,0,Bakry,DIST_W_01,Un-Favorable
OUT_00262,2023-06,389.1901234454929,1,Small,0,Bakry,DIST_W_01,Un-Favorable
OUT_00262,2023-07,595.7450958963815,1,Small,0,Bakry,DIST_W_01,Moderate
OUT_00262,2023-08,566.1932038771572,2,Small,0,Bakry,DIST_W_01,Moderate
OUT_00262,2023-10,621.6670061166305,1,Small,0,Bakry,DIST_W_01,Moderate
OUT_00262,2023-11,584.2369624151646,1,Small,0,Bakry,DIST_W_01,Moderate
OUT_00262,2023-12,904.8524548945186,2,Small,0,Bakry,DIST_W_01,Favorable
OUT_00262,2024-01,630.9242098588758,2,Small,0,Bakry,DIST_W_01,Moderate
OUT_00262,2024-02,572.0388829040982,3,Small,0,Bakry,DIST_W_01,Moderate
OUT_00262,2024-03,469.7997110683104,3,Small,0,Bakry,DIST_W_01,Moderate
OUT_00262,2024-04,500.0820319899345,7,Small,0,Bakry,DIST_W_01,Favorable
OUT_00262,2024-05,380.2074697493028,3,Small,0,Bakry,DIST_W_01,Un-Favorable
OUT_00262,2024-07,593.6959069092924,1,Small,0,Bakry,DIST_W_01,Moderate
OUT_00262,2024-08,487.5885997755429,1,Small,0,Bakry,DIST_W_01,Moderate
OUT_00262,2024-09,410.51728500589,2,Small,0,Bakry,DIST_W_01,Moderate
OUT_00262,2024-11,802.7158128317263,1,Small,0,Bakry,DIST_W_01,Moderate
OUT_00262,2024-12,344.9674207289005,2,Small,0,Bakry,DIST_W_01,Favorable
OUT_00262,2025-01,610.8437866997417,2,Small,0,Bakry,DIST_W_01,Moderate
OUT_00262,2025-03,612.7719205191349,1,Small,0,Bakry,DIST_W_01,Moderate
OUT_00262,2025-04,794.6638881467283,5,Small,0,Bakry,DIST_W_01,Favorable
OUT_00262,2025-05,358.4064916741297,3,Small,0,Bakry,DIST_W_01,Un-Favorable
OUT_00262,2025-06,409.2130722551472,1,Small,0,Bakry,DIST_W_01,Un-Favorable
OUT_00262,2025-08,600.4839207140511,1,Small,0,Bakry,DIST_W_01,Moderate
OUT_00262,2025-09,551.4061666265824,2,Small,0,Bakry,DIST_W_01,Moderate
OUT_00262,2025-10,568.1480885632974,1,Small,0,Bakry,DIST_W_01,Moderate
OUT_00262,2025-12,944.7558319344132,2,Small,0,Bakry,DIST_W_01,Favorable
OUT_00303,2023-01,589.9976945387225,3,Medium,2,Grocry,DIST_W_03,Moderate
OUT_00303,2023-03,638.0012370809333,1,Medium,2,Grocry,DIST_W_03,Moderate
OUT_00303,2023-04,1125.5429924667417,4,Medium,2,Grocry,DIST_W_03,Favorable
OUT_00303,2023-05,404.8681555528033,4,Medium,2,Grocry,DIST_W_03,Un-Favorable
OUT_00303,2023-06,286.52489755286206,1,Medium,2,Grocry,DIST_W_03,Un-Favorable
OUT_00303,2023-08,673.2626696936113,2,Medium,2,Grocry,DIST_W_03,Moderate
OUT_00303,2023-09,306.33823992296,2,Medium,2,Grocry,DIST_W_03,Moderate
OUT_00303,2023-10,630.9586399003649,1,Medium,2,Grocry,DIST_W_03,Moderate
OUT_00303,2023-11,290.0646142145122,1,Medium,2,Grocry,DIST_W_03,Moderate
OUT_00303,2023-12,957.743982398661,2,Medium,2,Grocry,DIST_W_03,Favorable
OUT_00303,2024-01,571.5953875555009,2,Medium,2,Grocry,DIST_W_03,Moderate
OUT_00303,2024-04,807.5287421135721,7,Medium,2,Grocry,DIST_W_03,Favorable
OUT_00303,2024-05,237.16195353451712,3,Medium,2,Grocry,DIST_W_03,Un-Favorable
OUT_00303,2024-06,329.8290790651544,2,Medium,2,Grocry,DIST_W_03,Un-Favorable
OUT_00303,2024-07,292.5478200448888,1,Medium,2,Grocry,DIST_W_03,Moderate
OUT_00303,2024-08,207.8064110713952,1,Medium,2,Grocry,DIST_W_03,Moderate
OUT_00303,2024-09,593.2645133356156,2,Medium,2,Grocry,DIST_W_03,Moderate
OUT_00303,2024-10,231.5180985574285,2,Medium,2,Grocry,DIST_W_03,Moderate
OUT_00303,2024-11,371.47987819642657,1,Medium,2,Grocry,DIST_W_03,Moderate
OUT_00303,2025-01,611.5075257430037,2,Medium,2,Grocry,DIST_W_03,Moderate
OUT_00303,2025-02,913.936703571018,2,Medium,2,Grocry,DIST_W_03,Moderate
OUT_00303,2025-03,559.5909266596627,1,Medium,2,Grocry,DIST_W_03,Moderate
OUT_00303,2025-04,987.0880136508424,5,Medium,2,Grocry,DIST_W_03,Favorable
OUT_00303,2025-05,390.63040673079047,3,Medium,2,Grocry,DIST_W_03,Un-Favorable
OUT_00303,2025-06,428.4803629335895,1,Medium,2,Grocry,DIST_W_03,Un-Favorable
OUT_00303,2025-07,667.4095217581843,1,Medium,2,Grocry,DIST_W_03,Moderate
OUT_00303,2025-08,618.3010865687651,1,Medium,2,Grocry,DIST_W_03,Moderate
OUT_00303,2025-09,556.4658058852146,2,Medium,2,Grocry,DIST_W_03,Moderate
OUT_00303,2025-10,560.0680499568238,1,Medium,2,Grocry,DIST_W_03,Moderate
OUT_00303,2025-12,949.5441070466192,2,Medium,2,Grocry,DIST_W_03,Favorable
OUT_00521,2023-05,2.647852923083106,4,Small,0,SMMT,DIST_W_02,Un-Favorable
OUT_00521,2023-06,12.87150693021522,1,Small,0,SMMT,DIST_W_02,Un-Favorable
OUT_00521,2023-07,75.23766041861303,1,Small,0,SMMT,DIST_W_02,Moderate
OUT_00521,2023-09,81.79468935521811,2,Small,0,SMMT,DIST_W_02,Moderate
OUT_00521,2023-12,35.98078147801488,2,Small,0,SMMT,DIST_W_02,Favorable
OUT_00521,2024-03,24.951029134603463,3,Small,0,SMMT,DIST_W_02,Moderate
OUT_00521,2024-04,63.87581355256779,7,Small,0,SMMT,DIST_W_02,Favorable
OUT_00521,2024-10,9.490519368981506,2,Small,0,SMMT,DIST_W_02,Moderate
OUT_00521,2024-12,114.35248375796068,2,Small,0,SMMT,DIST_W_02,Favorable
OUT_00521,2025-03,83.66530878898902,1,Small,0,SMMT,DIST_W_02,Moderate
OUT_00521,2025-04,9.114277052979451,5,Small,0,SMMT,DIST_W_02,Favorable
OUT_00521,2025-06,19.742273275177368,1,Small,0,SMMT,DIST_W_02,Un-Favorable
OUT_00521,2025-07,46.54992835591669,1,Small,0,SMMT,DIST_W_02,Moderate
OUT_00521,2025-09,11.377946405080186,2,Small,0,SMMT,DIST_W_02,Moderate
OUT_00521,2025-11,81.66320904134523,1,Small,0,SMMT,DIST_W_02,Moderate
OUT_00521,2025-12,114.7263629240887,2,Small,0,SMMT,DIST_W_02,Favorable
OUT_00524,2023-01,19.520564841830645,3,Small,0,Pharmacy,DIST_W_02,Moderate
OUT_00524,2023-03,82.61781994811369,1,Small,0,Pharmacy,DIST_W_02,Moderate
OUT_00524,2023-05,41.36732194234498,4,Small,0,Pharmacy,DIST_W_02,Un-Favorable
OUT_00524,2023-06,47.37087514908343,1,Small,0,Pharmacy,DIST_W_02,Un-Favorable
OUT_00524,2023-09,16.858127931984935,2,Small,0,Pharmacy,DIST_W_02,Moderate
OUT_00524,2023-10,33.2186718637657,1,Small,0,Pharmacy,DIST_W_02,Moderate
OUT_00524,2023-11,16.597549747621976,1,Small,0,Pharmacy,DIST_W_02,Moderate
OUT_00524,2023-12,118.59371174180876,2,Small,0,Pharmacy,DIST_W_02,Favorable
OUT_00524,2024-01,30.076752811304136,2,Small,0,Pharmacy,DIST_W_02,Moderate
OUT_00524,2024-02,22.325098245860502,3,Small,0,Pharmacy,DIST_W_02,Moderate
OUT_00524,2024-06,58.06350164945444,2,Small,0,Pharmacy,DIST_W_02,Un-Favorable
OUT_00524,2024-07,6.519265160517913,1,Small,0,Pharmacy,DIST_W_02,Moderate
OUT_00524,2024-08,92.65457778824656,1,Small,0,Pharmacy,DIST_W_02,Moderate
OUT_00524,2024-09,15.56796601038308,2,Small,0,Pharmacy,DIST_W_02,Moderate
OUT_00524,2024-10,15.863351275692128,2,Small,0,Pharmacy,DIST_W_02,Moderate
OUT_00524,2024-11,50.40303367304273,1,Small,0,Pharmacy,DIST_W_02,Moderate
OUT_00524,2025-01,96.61674924605548,2,Small,0,Pharmacy,DIST_W_02,Moderate
OUT_00524,2025-02,76.7034355524379,2,Small,0,Pharmacy,DIST_W_02,Moderate
OUT_00524,2025-03,-49.55831021359815,1,Small,0,Pharmacy,DIST_W_02,Moderate
OUT_00524,2025-05,69.68368797389216,3,Small,0,Pharmacy,DIST_W_02,Un-Favorable
OUT_00524,2025-06,52.25225084878171,1,Small,0,Pharmacy,DIST_W_02,Un-Favorable
OUT_00524,2025-07,29.2851201760414,1,Small,0,Pharmacy,DIST_W_02,Moderate
OUT_00524,2025-09,74.4288495421556,2,Small,0,Pharmacy,DIST_W_02,Moderate
OUT_00524,2025-10,26.73595760066358,1,Small,0,Pharmacy,DIST_W_02,Moderate
OUT_00524,2025-11,63.158114241724334,1,Small,0,Pharmacy,DIST_W_02,Moderate
OUT_00524,2025-12,52.03164480018343,2,Small,0,Pharmacy,DIST_W_02,Favorable
OUT_00592,2023-02,31.74888246103928,3,Small,1,Pharmacy,DIST_W_01,Moderate
OUT_00592,2023-05,22.96629925824744,4,Small,1,Pharmacy,DIST_W_01,Un-Favorable
OUT_00592,2023-08,124.67348583496586,2,Small,1,Pharmacy,DIST_W_01,Moderate
OUT_00592,2023-11,26.103448931807986,1,Small,1,Pharmacy,DIST_W_01,Moderate
OUT_00592,2023-12,78.40720727168377,2,Small,1,Pharmacy,DIST_W_01,Favorable
OUT_00592,2024-02,35.922698883961736,3,Small,1,Pharmacy,DIST_W_01,Moderate
OUT_00592,2024-03,35.23346700784686,3,Small,1,Pharmacy,DIST_W_01,Moderate
OUT_00592,2024-04,45.10988347755379,7,Small,1,Pharmacy,DIST_W_01,Favorable
OUT_00592,2024-05,47.35336495759046,3,Small,1,Pharmacy,DIST_W_01,Un-Favorable
OUT_00592,2024-06,41.92101049684098,2,Small,1,Pharmacy,DIST_W_01,Un-Favorable
OUT_00592,2024-09,21.30239889217074,2,Small,1,Pharmacy,DIST_W_01,Moderate
OUT_00592,2024-10,29.23087149556424,2,Small,1,Pharmacy,DIST_W_01,Moderate
OUT_00592,2024-11,2.8652047725455105,1,Small,1,Pharmacy,DIST_W_01,Moderate
OUT_00592,2024-12,93.14841407517596,2,Small,1,Pharmacy,DIST_W_01,Favorable
OUT_00592,2025-01,21.070562927049444,2,Small,1,Pharmacy,DIST_W_01,Moderate
OUT_00592,2025-02,10.236362664110477,2,Small,1,Pharmacy,DIST_W_01,Moderate
OUT_00592,2025-04,4.442253075118055,5,Small,1,Pharmacy,DIST_W_01,Favorable
OUT_00592,2025-08,73.70476246688081,1,Small,1,Pharmacy,DIST_W_01,Moderate
OUT_00592,2025-12,20.37316628218634,2,Small,1,Pharmacy,DIST_W_01,Favorable
OUT_00841,2023-01,21.79180686117372,3,Small,0,Hotel,DIST_W_01,Moderate
OUT_00841,2023-02,22.926356226527066,3,Small,0,Hotel,DIST_W_01,Moderate
OUT_00841,2023-03,21.218624833450413,1,Small,0,Hotel,DIST_W_01,Moderate
OUT_00841,2023-05,11.749576018781784,4,Small,0,Hotel,DIST_W_01,Un-Favorable
OUT_00841,2023-06,38.64812056198612,1,Small,0,Hotel,DIST_W_01,Un-Favorable
OUT_00841,2023-08,24.46908320224789,2,Small,0,Hotel,DIST_W_01,Moderate
OUT_00841,2023-12,144.20558953770404,2,Small,0,Hotel,DIST_W_01,Favorable
OUT_00841,2024-05,38.35980649940143,3,Small,0,Hotel,DIST_W_01,Un-Favorable
OUT_00841,2024-07,5.851541499591155,1,Small,0,Hotel,DIST_W_01,Moderate
OUT_00841,2024-09,41.584956296941904,2,Small,0,Hotel,DIST_W_01,Moderate
OUT_00841,2024-11,22.571275363045828,1,Small,0,Hotel,DIST_W_01,Moderate
OUT_00841,2024-12,30.62853928812828,2,Small,0,Hotel,DIST_W_01,Favorable
OUT_00841,2025-02,2.657847163616105,2,Small,0,Hotel,DIST_W_01,Moderate
OUT_00841,2025-05,8.200837988904542,3,Small,0,Hotel,DIST_W_01,Un-Favorable
OUT_00841,2025-07,33.289430345709754,1,Small,0,Hotel,DIST_W_01,Moderate
OUT_00841,2025-09,37.60786201908769,2,Small,0,Hotel,DIST_W_01,Moderate
OUT_00876,2023-01,18.82688582578382,3,Small,0,Bakry,DIST_W_02,Moderate
OUT_00876,2023-02,65.04140748537915,3,Small,0,Bakry,DIST_W_02,Moderate
OUT_00876,2023-03,72.33890451891098,1,Small,0,Bakry,DIST_W_02,Moderate
OUT_00876,2023-04,6.222381994780412,4,Small,0,Bakry,DIST_W_02,Favorable
OUT_00876,2023-07,89.2365252032414,1,Small,0,Bakry,DIST_W_02,Moderate
OUT_00876,2023-10,18.495493935368515,1,Small,0,Bakry,DIST_W_02,Moderate
OUT_00876,2023-11,13.890152155193238,1,Small,0,Bakry,DIST_W_02,Moderate
OUT_00876,2024-01,17.866281671629658,2,Small,0,Bakry,DIST_W_02,Moderate
OUT_00876,2024-03,10.52187833179662,3,Small,0,Bakry,DIST_W_02,Moderate
OUT_00876,2024-04,24.33034108212644,7,Small,0,Bakry,DIST_W_02,Favorable
OUT_00876,2024-05,12.014693004548745,3,Small,0,Bakry,DIST_W_02,Un-Favorable
OUT_00876,2024-08,41.771727454245806,1,Small,0,Bakry,DIST_W_02,Moderate
OUT_00876,2024-10,85.70121326139211,2,Small,0,Bakry,DIST_W_02,Moderate
OUT_00876,2025-02,35.939457511773035,2,Small,0,Bakry,DIST_W_02,Moderate
OUT_00876,2025-04,18.14804843038579,5,Small,0,Bakry,DIST_W_02,Favorable
OUT_00876,2025-05,16.65466087998331,3,Small,0,Bakry,DIST_W_02,Un-Favorable
OUT_00876,2025-07,82.69824187340151,1,Small,0,Bakry,DIST_W_02,Moderate
OUT_00876,2025-09,21.703688532489146,2,Small,0,Bakry,DIST_W_02,Moderate
OUT_00876,2025-10,75.7976313450018,1,Small,0,Bakry,DIST_W_02,Moderate
OUT_00877,2023-02,587.7175136624103,3,Large,4,Eatery,DIST_W_01,Moderate
OUT_00877,2023-03,286.54518211485896,1,Large,4,Eatery,DIST_W_01,Moderate
OUT_00877,2023-04,758.0442207495014,4,Large,4,Eatery,DIST_W_01,Favorable
OUT_00877,2023-05,411.650101925029,4,Large,4,Eatery,DIST_W_01,Un-Favorable
OUT_00877,2023-07,511.65851901638695,1,Large,4,Eatery,DIST_W_01,Moderate
OUT_00877,2023-08,604.7814482102783,2,Large,4,Eatery,DIST_W_01,Moderate
OUT_00877,2023-09,636.2361138380754,2,Large,4,Eatery,DIST_W_01,Moderate
OUT_00877,2023-11,579.7195093635571,1,Large,4,Eatery,DIST_W_01,Moderate
OUT_00877,2024-01,456.33722613240906,2,Large,4,Eatery,DIST_W_01,Moderate
OUT_00877,2024-02,634.2272351692222,3,Large,4,Eatery,DIST_W_01,Moderate
OUT_00877,2024-03,610.1262239623113,3,Large,4,Eatery,DIST_W_01,Moderate
OUT_00877,2024-04,797.7376490890957,7,Large,4,Eatery,DIST_W_01,Favorable
OUT_00877,2024-05,423.0967862367445,3,Large,4,Eatery,DIST_W_01,Un-Favorable
OUT_00877,2024-07,671.9446379114245,1,Large,4,Eatery,DIST_W_01,Moderate
OUT_00877,2024-08,262.31772038126576,1,Large,4,Eatery,DIST_W_01,Moderate
OUT_00877,2024-09,621.7827109093405,2,Large,4,Eatery,DIST_W_01,Moderate
OUT_00877,2024-10,229.26991875425225,2,Large,4,Eatery,DIST_W_01,Moderate
OUT_00877,2024-11,647.9994480298955,1,Large,4,Eatery,DIST_W_01,Moderate
OUT_00877,2024-12,828.6715545232275,2,Large,4,Eatery,DIST_W_01,Favorable
OUT_00877,2025-01,537.8874568108837,2,Large,4,Eatery,DIST_W_01,Moderate
OUT_00877,2025-02,629.4606355254165,2,Large,4,Eatery,DIST_W_01,Moderate
OUT_00877,2025-03,283.0826029632193,1,Large,4,Eatery,DIST_W_01,Moderate
OUT_00877,2025-04,869.373880689619,5,Large,4,Eatery,DIST_W_01,Favorable
OUT_00877,2025-05,353.47471766499,3,Large,4,Eatery,DIST_W_01,Un-Favorable
OUT_00877,2025-06,326.939895803047,1,Large,4,Eatery,DIST_W_01,Un-Favorable
OUT_00877,2025-07,568.5895697030601,1,Large,4,Eatery,DIST_W_01,Moderate
OUT_00877,2025-08,375.0336592667058,1,Large,4,Eatery,DIST_W_01,Moderate
OUT_00877,2025-09,424.72353027597154,2,Large,4,Eatery,DIST_W_01,Moderate
OUT_00877,2025-10,636.0005266231582,1,Large,4,Eatery,DIST_W_01,Moderate
OUT_00877,2025-11,636.9540717173755,1,Large,4,Eatery,DIST_W_01,Moderate
OUT_00877,2025-12,885.5535721067632,2,Large,4,Eatery,DIST_W_01,Favorable
OUT_00907,2023-02,87.98377189327012,3,Small,0,Hotel,DIST_W_03,Moderate
OUT_00907,2023-04,101.40146670698152,4,Small,0,Hotel,DIST_W_03,Favorable
OUT_00907,2023-05,12.36060531718856,4,Small,0,Hotel,DIST_W_03,Un-Favorable
OUT_00907,2023-06,56.41064660373928,1,Small,0,Hotel,DIST_W_03,Un-Favorable
OUT_00907,2023-07,14.580605649383983,1,Small,0,Hotel,DIST_W_03,Moderate
OUT_00907,2023-10,32.42661314525806,1,Small,0,Hotel,DIST_W_03,Moderate
OUT_00907,2023-11,51.17112338532846,1,Small,0,Hotel,DIST_W_03,Moderate
OUT_00907,2023-12,47.34989330639668,2,Small,0,Hotel,DIST_W_03,Favorable
OUT_00907,2024-01,30.330819802521905,2,Small,0,Hotel,DIST_W_03,Moderate
OUT_00907,2024-02,66.46249889824126,3,Small,0,Hotel,DIST_W_03,Moderate
OUT_00907,2024-04,27.60172323853336,7,Small,0,Hotel,DIST_W_03,Favorable
OUT_00907,2024-05,15.860737096650029,3,Small,0,Hotel,DIST_W_03,Un-Favorable
OUT_00907,2024-06,5.102177211825355,2,Small,0,Hotel,DIST_W_03,Un-Favorable
OUT_00907,2024-08,93.61689606781349,1,Small,0,Hotel,DIST_W_03,Moderate
OUT_00907,2024-10,77.63382479798074,2,Small,0,Hotel,DIST_W_03,Moderate
OUT_00907,2024-11,86.94355355524601,1,Small,0,Hotel,DIST_W_03,Moderate
OUT_00907,2025-01,91.5233630106244,2,Small,0,Hotel,DIST_W_03,Moderate
OUT_00907,2025-03,88.29816431562013,1,Small,0,Hotel,DIST_W_03,Moderate
OUT_00907,2025-05,53.15199216441594,3,Small,0,Hotel,DIST_W_03,Un-Favorable
OUT_00907,2025-06,47.85414851661432,1,Small,0,Hotel,DIST_W_03,Un-Favorable
OUT_00907,2025-08,24.45516819526844,1,Small,0,Hotel,DIST_W_03,Moderate
OUT_00924,2023-01,79.95846718922527,3,Medium,2,Pharmacy,DIST_W_01,Moderate
OUT_00924,2023-02,161.43873143960926,3,Medium,2,Pharmacy,DIST_W_01,Moderate
OUT_00924,2023-03,88.92557414070718,1,Medium,2,Pharmacy,DIST_W_01,Moderate
OUT_00924,2023-04,58.20811531273412,4,Medium,2,Pharmacy,DIST_W_01,Favorable
OUT_00924,2023-06,37.86536433402773,1,Medium,2,Pharmacy,DIST_W_01,Un-Favorable
OUT_00924,2023-07,110.26076054467404,1,Medium,2,Pharmacy,DIST_W_01,Moderate
OUT_00924,2023-08,105.7834329986624,2,Medium,2,Pharmacy,DIST_W_01,Moderate
OUT_00924,2023-09,83.21237254023222,2,Medium,2,Pharmacy,DIST_W_01,Moderate
OUT_00924,2023-10,38.97863811110537,1,Medium,2,Pharmacy,DIST_W_01,Moderate
OUT_00924,2023-12,114.62485049452351,2,Medium,2,Pharmacy,DIST_W_01,Favorable
OUT_00924,2024-03,185.08578005995096,3,Medium,2,Pharmacy,DIST_W_01,Moderate
OUT_00924,2024-04,151.2122282895816,7,Medium,2,Pharmacy,DIST_W_01,Favorable
OUT_00924,2024-05,117.04511062635228,3,Medium,2,Pharmacy,DIST_W_01,Un-Favorable
OUT_00924,2024-06,151.723470361822,2,Medium,2,Pharmacy,DIST_W_01,Un-Favorable
OUT_00924,2024-07,168.17632678834175,1,Medium,2,Pharmacy,DIST_W_01,Moderate
OUT_00924,2024-08,28.28025902552013,1,Medium,2,Pharmacy,DIST_W_01,Moderate
OUT_00924,2024-11,174.2893745678824,1,Medium,2,Pharmacy,DIST_W_01,Moderate
OUT_00924,2025-01,98.3164770460344,2,Medium,2,Pharmacy,DIST_W_01,Moderate
OUT_00924,2025-02,93.4956859758106,2,Medium,2,Pharmacy,DIST_W_01,Moderate
OUT_00924,2025-03,192.38553293577704,1,Medium,2,Pharmacy,DIST_W_01,Moderate
OUT_00924,2025-04,-70.30157324323854,5,Medium,2,Pharmacy,DIST_W_01,Favorable
OUT_00924,2025-06,31.665031210383884,1,Medium,2,Pharmacy,DIST_W_01,Un-Favorable
OUT_00924,2025-07,147.40662556037933,1,Medium,2,Pharmacy,DIST_W_01,Moderate
OUT_00924,2025-08,85.67970946435503,1,Medium,2,Pharmacy,DIST_W_01,Moderate
OUT_00924,2025-09,212.3385585231821,2,Medium,2,Pharmacy,DIST_W_01,Moderate
OUT_00924,2025-11,202.96863751003937,1,Medium,2,Pharmacy,DIST_W_01,Moderate
OUT_00951,2023-01,36.54076197183262,3,Medium,1,Bakery,DIST_W_02,Moderate
OUT_00951,2023-03,89.94526940762145,1,Medium,1,Bakery,DIST_W_02,Moderate
OUT_00951,2023-04,145.36606475872134,4,Medium,1,Bakery,DIST_W_02,Favorable
OUT_00951,2023-07,116.3558504546805,1,Medium,1,Bakery,DIST_W_02,Moderate
OUT_00951,2023-08,149.41224852412563,2,Medium,1,Bakery,DIST_W_02,Moderate
OUT_00951,2023-09,224.48731047458244,2,Medium,1,Bakery,DIST_W_02,Moderate
OUT_00951,2023-10,124.68951149842732,1,Medium,1,Bakery,DIST_W_02,Moderate
OUT_00951,2023-11,215.06230411116465,1,Medium,1,Bakery,DIST_W_02,Moderate
OUT_00951,2023-12,217.5732489415212,2,Medium,1,Bakery,DIST_W_02,Favorable
OUT_00951,2024-01,218.9541333191752,2,Medium,1,Bakery,DIST_W_02,Moderate
OUT_00951,2024-02,162.8449923264724,3,Medium,1,Bakery,DIST_W_02,Moderate
OUT_00951,2024-03,178.03570945994264,3,Medium,1,Bakery,DIST_W_02,Moderate
OUT_00951,2024-04,34.20098744458325,7,Medium,1,Bakery,DIST_W_02,Favorable
OUT_00951,2024-05,38.32523173770503,3,Medium,1,Bakery,DIST_W_02,Un-Favorable
OUT_00951,2024-06,70.11799551925132,2,Medium,1,Bakery,DIST_W_02,Un-Favorable
OUT_00951,2024-07,84.14347377273637,1,Medium,1,Bakery,DIST_W_02,Moderate
OUT_00951,2024-08,167.71813723624504,1,Medium,1,Bakery,DIST_W_02,Moderate
OUT_00951,2024-09,247.3821753163391,2,Medium,1,Bakery,DIST_W_02,Moderate
OUT_00951,2024-10,38.13634583165605,2,Medium,1,Bakery,DIST_W_02,Moderate
OUT_00951,2025-01,42.49749565357644,2,Medium,1,Bakery,DIST_W_02,Moderate
OUT_00951,2025-03,85.35696987540653,1,Medium,1,Bakery,DIST_W_02,Moderate
OUT_00951,2025-04,269.9667356889343,5,Medium,1,Bakery,DIST_W_02,Favorable
OUT_00951,2025-05,68.1094445441035,3,Medium,1,Bakery,DIST_W_02,Un-Favorable
OUT_00951,2025-07,82.9818961675559,1,Medium,1,Bakery,DIST_W_02,Moderate
OUT_00951,2025-09,90.31083328778288,2,Medium,1,Bakery,DIST_W_02,Moderate
OUT_00951,2025-10,49.62678159533397,1,Medium,1,Bakery,DIST_W_02,Moderate
OUT_00951,2025-11,187.004637837581,1,Medium,1,Bakery,DIST_W_02,Moderate
OUT_00951,2025-12,48.324790952050805,2,Medium,1,Bakery,DIST_W_02,Favorable
OUT_01094,2023-08,16.947577555027372,2,Small,1,Grocery,DIST_W_02,Moderate
OUT_01094,2023-09,82.57379678786766,2,Small,1,Grocery,DIST_W_02,Moderate
OUT_01094,2023-10,76.1428151253637,1,Small,1,Grocery,DIST_W_02,Moderate
OUT_01094,2023-12,16.659586873869408,2,Small,1,Grocery,DIST_W_02,Favorable
OUT_01094,2024-01,102.56316272369446,2,Small,1,Grocery,DIST_W_02,Moderate
OUT_01094,2024-04,28.226795549033955,7,Small,1,Grocery,DIST_W_02,Favorable
OUT_01094,2024-06,60.590261710864304,2,Small,1,Grocery,DIST_W_02,Un-Favorable
OUT_01094,2024-08,93.4804453908406,1,Small,1,Grocery,DIST_W_02,Moderate
OUT_01094,2024-12,104.58943474675644,2,Small,1,Grocery,DIST_W_02,Favorable
OUT_01094,2025-01,10.759295082260373,2,Small,1,Grocery,DIST_W_02,Moderate
OUT_01094,2025-04,45.6705265792235,5,Small,1,Grocery,DIST_W_02,Favorable
OUT_01094,2025-05,14.211660825028163,3,Small,1,Grocery,DIST_W_02,Un-Favorable
OUT_01094,2025-06,26.948061295368,1,Small,1,Grocery,DIST_W_02,Un-Favorable
OUT_01094,2025-08,84.21181900876596,1,Small,1,Grocery,DIST_W_02,Moderate
OUT_01094,2025-11,7.894455303832666,1,Small,1,Grocery,DIST_W_02,Moderate
OUT_01094,2025-12,50.76254702066083,2,Small,1,Grocery,DIST_W_02,Favorable
OUT_01244,2023-03,17.849915366474157,1,Small,0,Pharmacy,DIST_W_03,Moderate
OUT_01244,2023-07,101.03847595386706,1,Small,0,Pharmacy,DIST_W_03,Moderate
OUT_01244,2024-06,47.21896444804466,2,Small,0,Pharmacy,DIST_W_03,Un-Favorable
OUT_01244,2024-08,8.010177611927807,1,Small,0,Pharmacy,DIST_W_03,Moderate
OUT_01244,2024-10,8.947253210645826,2,Small,0,Pharmacy,DIST_W_03,Moderate
OUT_01244,2024-11,37.2694234049872,1,Small,0,Pharmacy,DIST_W_03,Moderate
OUT_01244,2024-12,42.206902614339405,2,Small,0,Pharmacy,DIST_W_03,Favorable
OUT_01244,2025-01,29.35924986693567,2,Small,0,Pharmacy,DIST_W_03,Moderate
OUT_01244,2025-03,63.165324061676685,1,Small,0,Pharmacy,DIST_W_03,Moderate
OUT_01244,2025-04,105.6182116767226,5,Small,0,Pharmacy,DIST_W_03,Favorable
OUT_01244,2025-06,35.20625617441567,1,Small,0,Pharmacy,DIST_W_03,Un-Favorable
OUT_01244,2025-09,46.65407276139333,2,Small,0,Pharmacy,DIST_W_03,Moderate
OUT_01244,2025-10,82.84329658626268,1,Small,0,Pharmacy,DIST_W_03,Moderate
OUT_01244,2025-11,68.68294436996271,1,Small,0,Pharmacy,DIST_W_03,Moderate
OUT_01244,2025-12,97.55209353394748,2,Small,0,Pharmacy,DIST_W_03,Favorable
OUT_01283,2023-02,16.57094608711682,3,Small,0,Grocry,DIST_W_01,Moderate
OUT_01283,2023-05,23.43036762772284,4,Small,0,Grocry,DIST_W_01,Un-Favorable
OUT_01283,2023-06,2.5114319273145727,1,Small,0,Grocry,DIST_W_01,Un-Favorable
OUT_01283,2023-09,88.02427223500837,2,Small,0,Grocry,DIST_W_01,Moderate
OUT_01283,2023-10,18.18352287934615,1,Small,0,Grocry,DIST_W_01,Moderate
OUT_01283,2024-01,35.577114969779814,2,Small,0,Grocry,DIST_W_01,Moderate
OUT_01283,2024-02,15.204758057445549,3,Small,0,Grocry,DIST_W_01,Moderate
OUT_01283,2024-05,20.676981440064708,3,Small,0,Grocry,DIST_W_01,Un-Favorable
OUT_01283,2024-10,101.70464786165148,2,Small,0,Grocry,DIST_W_01,Moderate
OUT_01283,2024-11,10.73748167950991,1,Small,0,Grocry,DIST_W_01,Moderate
OUT_01283,2024-12,22.13363006054918,2,Small,0,Grocry,DIST_W_01,Favorable
OUT_01283,2025-03,36.09569288973681,1,Small,0,Grocry,DIST_W_01,Moderate
OUT_01283,2025-04,42.33331981181499,5,Small,0,Grocry,DIST_W_01,Favorable
OUT_01283,2025-12,29.51492013701935,2,Small,0,Grocry,DIST_W_01,Favorable
OUT_01477,2023-03,43.29259977630026,1,Small,0,Grocery,DIST_W_01,Moderate
OUT_01477,2023-04,42.464778745162434,4,Small,0,Grocery,DIST_W_01,Favorable
OUT_01477,2023-05,6.87046133746902,4,Small,0,Grocery,DIST_W_01,Un-Favorable
OUT_01477,2023-06,11.193723580008315,1,Small,0,Grocery,DIST_W_01,Un-Favorable
OUT_01477,2023-10,102.44818429490286,1,Small,0,Grocery,DIST_W_01,Moderate
OUT_01477,2023-11,13.540248708827402,1,Small,0,Grocery,DIST_W_01,Moderate
OUT_01477,2024-02,85.85704476377373,3,Small,0,Grocery,DIST_W_01,Moderate
OUT_01477,2024-04,11.109501605622976,7,Small,0,Grocery,DIST_W_01,Favorable
OUT_01477,2024-05,28.097491301080662,3,Small,0,Grocery,DIST_W_01,Un-Favorable
OUT_01477,2024-06,51.00782880974552,2,Small,0,Grocery,DIST_W_01,Un-Favorable
OUT_01477,2024-07,33.272196515348305,1,Small,0,Grocery,DIST_W_01,Moderate
OUT_01477,2024-08,23.81383701737332,1,Small,0,Grocery,DIST_W_01,Moderate
OUT_01477,2024-09,74.2847466268883,2,Small,0,Grocery,DIST_W_01,Moderate
OUT_01477,2024-11,8.95454015188939,1,Small,0,Grocery,DIST_W_01,Moderate
OUT_01477,2025-03,36.55896958618485,1,Small,0,Grocery,DIST_W_01,Moderate
OUT_01477,2025-04,139.2015639507475,5,Small,0,Grocery,DIST_W_01,Favorable
OUT_01477,2025-06,9.07007804770824,1,Small,0,Grocery,DIST_W_01,Un-Favorable
OUT_01477,2025-10,75.4185235044931,1,Small,0,Grocery,DIST_W_01,Moderate
OUT_01495,2023-01,74.17112613829342,3,Medium,2,Kiosk,DIST_W_01,Moderate
OUT_01495,2023-03,71.702950278586,1,Medium,2,Kiosk,DIST_W_01,Moderate
OUT_01495,2023-04,65.45213002854501,4,Medium,2,Kiosk,DIST_W_01,Favorable
OUT_01495,2023-05,18.833229643556265,4,Medium,2,Kiosk,DIST_W_01,Un-Favorable
OUT_01495,2023-06,23.07128225312548,1,Medium,2,Kiosk,DIST_W_01,Un-Favorable
OUT_01495,2023-08,78.53142992989036,2,Medium,2,Kiosk,DIST_W_01,Moderate
OUT_01495,2023-09,50.99441572653336,2,Medium,2,Kiosk,DIST_W_01,Moderate
OUT_01495,2023-10,84.79383226414512,1,Medium,2,Kiosk,DIST_W_01,Moderate
OUT_01495,2023-11,179.4080000543515,1,Medium,2,Kiosk,DIST_W_01,Moderate
OUT_01495,2024-02,228.1991930395156,3,Medium,2,Kiosk,DIST_W_01,Moderate
OUT_01495,2024-04,224.87340152867924,7,Medium,2,Kiosk,DIST_W_01,Favorable
OUT_01495,2024-06,39.443570363971936,2,Medium,2,Kiosk,DIST_W_01,Un-Favorable
OUT_01495,2024-08,56.25744240629556,1,Medium,2,Kiosk,DIST_W_01,Moderate
OUT_01495,2024-09,40.23606596224283,2,Medium,2,Kiosk,DIST_W_01,Moderate
OUT_01495,2024-10,160.47312082991192,2,Medium,2,Kiosk,DIST_W_01,Moderate
OUT_01495,2024-11,186.65417762750351,1,Medium,2,Kiosk,DIST_W_01,Moderate
OUT_01495,2024-12,96.6654455012536,2,Medium,2,Kiosk,DIST_W_01,Favorable
OUT_01495,2025-01,238.91813526853772,2,Medium,2,Kiosk,DIST_W_01,Moderate
OUT_01495,2025-02,85.14263351965917,2,Medium,2,Kiosk,DIST_W_01,Moderate
OUT_01495,2025-03,207.27664309286808,1,Medium,2,Kiosk,DIST_W_01,Moderate
OUT_01495,2025-04,90.86229748599474,5,Medium,2,Kiosk,DIST_W_01,Favorable
OUT_01495,2025-05,125.2430117608284,3,Medium,2,Kiosk,DIST_W_01,Un-Favorable
OUT_01495,2025-06,50.05402860562636,1,Medium,2,Kiosk,DIST_W_01,Un-Favorable
OUT_01495,2025-07,141.7110267411285,1,Medium,2,Kiosk,DIST_W_01,Moderate
OUT_01495,2025-08,169.98218847409382,1,Medium,2,Kiosk,DIST_W_01,Moderate
OUT_01495,2025-09,77.1974282347559,2,Medium,2,Kiosk,DIST_W_01,Moderate
OUT_01495,2025-12,84.86310300895691,2,Medium,2,Kiosk,DIST_W_01,Favorable
OUT_01499,2023-02,213.9441402634609,3,Medium,2,Grocery,DIST_W_02,Moderate
OUT_01499,2023-03,162.2630251422529,1,Medium,2,Grocery,DIST_W_02,Moderate
OUT_01499,2023-07,44.18750185673349,1,Medium,2,Grocery,DIST_W_02,Moderate
OUT_01499,2023-08,95.46786106649836,2,Medium,2,Grocery,DIST_W_02,Moderate
OUT_01499,2023-09,71.61029274137356,2,Medium,2,Grocery,DIST_W_02,Moderate
OUT_01499,2023-12,302.491334013618,2,Medium,2,Grocery,DIST_W_02,Favorable
OUT_01499,2024-03,180.1638540757799,3,Medium,2,Grocery,DIST_W_02,Moderate
OUT_01499,2024-04,99.55150112898352,7,Medium,2,Grocery,DIST_W_02,Favorable
OUT_01499,2024-05,69.44512561264179,3,Medium,2,Grocery,DIST_W_02,Un-Favorable
OUT_01499,2024-08,153.19490070276598,1,Medium,2,Grocery,DIST_W_02,Moderate
OUT_01499,2024-09,146.5215762614033,2,Medium,2,Grocery,DIST_W_02,Moderate
OUT_01499,2024-10,188.1093856070488,2,Medium,2,Grocery,DIST_W_02,Moderate
OUT_01499,2024-11,27.24450851823449,1,Medium,2,Grocery,DIST_W_02,Moderate
OUT_01499,2024-12,93.29834004061384,2,Medium,2,Grocery,DIST_W_02,Favorable
OUT_01499,2025-02,158.29967621516283,2,Medium,2,Grocery,DIST_W_02,Moderate
OUT_01499,2025-03,91.54111680569616,1,Medium,2,Grocery,DIST_W_02,Moderate
OUT_01499,2025-06,49.682225053573575,1,Medium,2,Grocery,DIST_W_02,Un-Favorable
OUT_01499,2025-07,90.64580791579688,1,Medium,2,Grocery,DIST_W_02,Moderate
OUT_01499,2025-08,212.87124548386927,1,Medium,2,Grocery,DIST_W_02,Moderate
OUT_01499,2025-09,223.4388308751525,2,Medium,2,Grocery,DIST_W_02,Moderate
OUT_01499,2025-10,210.6096013664452,1,Medium,2,Grocery,DIST_W_02,Moderate
OUT_01660,2023-01,50.28273556198168,3,Medium,1,Pharmacy,DIST_W_03,Moderate
OUT_01660,2023-02,80.86945274086985,3,Medium,1,Pharmacy,DIST_W_03,Moderate
OUT_01660,2023-03,213.2601182474781,1,Medium,1,Pharmacy,DIST_W_03,Moderate
OUT_01660,2023-04,38.920835789065976,4,Medium,1,Pharmacy,DIST_W_03,Favorable
OUT_01660,2023-07,225.727313831179,1,Medium,1,Pharmacy,DIST_W_03,Moderate
OUT_01660,2023-08,187.17493918352773,2,Medium,1,Pharmacy,DIST_W_03,Moderate
OUT_01660,2023-09,66.11241815421374,2,Medium,1,Pharmacy,DIST_W_03,Moderate
OUT_01660,2023-10,29.96424473764581,1,Medium,1,Pharmacy,DIST_W_03,Moderate
OUT_01660,2023-11,101.08364104967872,1,Medium,1,Pharmacy,DIST_W_03,Moderate
OUT_01660,2023-12,212.49391896249372,2,Medium,1,Pharmacy,DIST_W_03,Favorable
OUT_01660,2024-02,69.27569373531924,3,Medium,1,Pharmacy,DIST_W_03,Moderate
OUT_01660,2024-03,222.48021221578173,3,Medium,1,Pharmacy,DIST_W_03,Moderate
OUT_01660,2024-04,63.51851172497121,7,Medium,1,Pharmacy,DIST_W_03,Favorable
OUT_01660,2024-05,143.8792935522291,3,Medium,1,Pharmacy,DIST_W_03,Un-Favorable
OUT_01660,2024-06,83.00144594042156,2,Medium,1,Pharmacy,DIST_W_03,Un-Favorable
OUT_01660,2024-08,70.63457619918522,1,Medium,1,Pharmacy,DIST_W_03,Moderate
OUT_01660,2024-09,208.33071260851776,2,Medium,1,Pharmacy,DIST_W_03,Moderate
OUT_01660,2024-10,90.43363365079192,2,Medium,1,Pharmacy,DIST_W_03,Moderate
OUT_01660,2025-02,244.8673447018916,2,Medium,1,Pharmacy,DIST_W_03,Moderate
OUT_01660,2025-03,107.290915806277,1,Medium,1,Pharmacy,DIST_W_03,Moderate
OUT_01660,2025-05,62.88317280141352,3,Medium,1,Pharmacy,DIST_W_03,Un-Favorable
OUT_01660,2025-06,38.06886369344303,1,Medium,1,Pharmacy,DIST_W_03,Un-Favorable
OUT_01660,2025-07,180.0504738835382,1,Medium,1,Pharmacy,DIST_W_03,Moderate
OUT_01660,2025-09,40.42583342344359,2,Medium,1,Pharmacy,DIST_W_03,Moderate
OUT_01660,2025-11,126.93835424470916,1,Medium,1,Pharmacy,DIST_W_03,Moderate
OUT_01660,2025-12,227.60305589573017,2,Medium,1,Pharmacy,DIST_W_03,Favorable
OUT_01747,2023-01,82.5672621383834,3,Small,0,SMMT,DIST_W_02,Moderate
OUT_01747,2023-05,12.676542016408906,4,Small,0,SMMT,DIST_W_02,Un-Favorable
OUT_01747,2023-06,54.69396531477462,1,Small,0,SMMT,DIST_W_02,Un-Favorable
OUT_01747,2023-08,26.36374983494671,2,Small,0,SMMT,DIST_W_02,Moderate
OUT_01747,2023-09,80.23918875622775,2,Small,0,SMMT,DIST_W_02,Moderate
OUT_01747,2023-10,15.582065531358236,1,Small,0,SMMT,DIST_W_02,Moderate
OUT_01747,2023-11,103.45913046473552,1,Small,0,SMMT,DIST_W_02,Moderate
OUT_01747,2023-12,35.93944542358274,2,Small,0,SMMT,DIST_W_02,Favorable
OUT_01747,2024-08,25.87242133597502,1,Small,0,SMMT,DIST_W_02,Moderate
OUT_01747,2024-12,8.785583487364717,2,Small,0,SMMT,DIST_W_02,Favorable
OUT_01747,2025-02,27.52508327846703,2,Small,0,SMMT,DIST_W_02,Moderate
OUT_01747,2025-05,22.02718705589629,3,Small,0,SMMT,DIST_W_02,Un-Favorable
OUT_01747,2025-06,9.700010649209837,1,Small,0,SMMT,DIST_W_02,Un-Favorable
OUT_01747,2025-07,71.27584243341921,1,Small,0,SMMT,DIST_W_02,Moderate
OUT_01784,2023-02,20.51383538837823,3,Small,0,Grocery,DIST_W_01,Moderate
OUT_01784,2023-03,47.685664037396286,1,Small,0,Grocery,DIST_W_01,Moderate
OUT_01784,2023-07,8.664078492594346,1,Small,0,Grocery,DIST_W_01,Moderate
OUT_01784,2023-12,52.23587694546281,2,Small,0,Grocery,DIST_W_01,Favorable
OUT_01784,2024-01,91.79186003590544,2,Small,0,Grocery,DIST_W_01,Moderate
OUT_01784,2024-02,42.61645561215866,3,Small,0,Grocery,DIST_W_01,Moderate
OUT_01784,2024-03,25.56726168128693,3,Small,0,Grocery,DIST_W_01,Moderate
OUT_01784,2024-08,18.194781702912525,1,Small,0,Grocery,DIST_W_01,Moderate
OUT_01784,2024-11,5.215932105868285,1,Small,0,Grocery,DIST_W_01,Moderate
OUT_01784,2025-03,71.79916838599928,1,Small,0,Grocery,DIST_W_01,Moderate
OUT_01784,2025-04,163.65244359091506,5,Small,0,Grocery,DIST_W_01,Favorable
OUT_01784,2025-05,14.517913329572536,3,Small,0,Grocery,DIST_W_01,Un-Favorable
OUT_01784,2025-08,25.857287406356743,1,Small,0,Grocery,DIST_W_01,Moderate
OUT_01784,2025-12,108.07939990512835,2,Small,0,Grocery,DIST_W_01,Favorable
OUT_01878,2023-01,614.3000643689095,3,Large,3,Hotel,DIST_W_03,Moderate
OUT_01878,2023-02,546.231136522342,3,Large,3,Hotel,DIST_W_03,Moderate
OUT_01878,2023-04,369.2662331385312,4,Large,3,Hotel,DIST_W_03,Favorable
OUT_01878,2023-05,341.0153220137709,4,Large,3,Hotel,DIST_W_03,Un-Favorable
OUT_01878,2023-06,351.4837607990145,1,Large,3,Hotel,DIST_W_03,Un-Favorable
OUT_01878,2023-07,608.2003134943465,1,Large,3,Hotel,DIST_W_03,Moderate
OUT_01878,2023-08,606.4836323510448,2,Large,3,Hotel,DIST_W_03,Moderate
OUT_01878,2023-09,687.7576673324969,2,Large,3,Hotel,DIST_W_03,Moderate
OUT_01878,2023-10,540.186948871024,1,Large,3,Hotel,DIST_W_03,Moderate
OUT_01878,2023-11,327.975977065566,1,Large,3,Hotel,DIST_W_03,Moderate
OUT_01878,2023-12,475.5709850061689,2,Large,3,Hotel,DIST_W_03,Favorable
OUT_01878,2024-01,327.26073638076286,2,Large,3,Hotel,DIST_W_03,Moderate
OUT_01878,2024-02,458.86826486050126,3,Large,3,Hotel,DIST_W_03,Moderate
OUT_01878,2024-03,634.5778974436896,3,Large,3,Hotel,DIST_W_03,Moderate
OUT_01878,2024-05,75.76745375632217,3,Large,3,Hotel,DIST_W_03,Un-Favorable
OUT_01878,2024-06,320.07374135354934,2,Large,3,Hotel,DIST_W_03,Un-Favorable
OUT_01878,2024-07,570.2218807209622,1,Large,3,Hotel,DIST_W_03,Moderate
OUT_01878,2024-08,704.8679744583959,1,Large,3,Hotel,DIST_W_03,Moderate
OUT_01878,2024-09,561.6766139886777,2,Large,3,Hotel,DIST_W_03,Moderate
OUT_01878,2024-10,681.386771920892,2,Large,3,Hotel,DIST_W_03,Moderate
OUT_01878,2024-11,562.2686692324753,1,Large,3,Hotel,DIST_W_03,Moderate
OUT_01878,2024-12,974.1437165828722,2,Large,3,Hotel,DIST_W_03,Favorable
OUT_01878,2025-01,511.30841455533385,2,Large,3,Hotel,DIST_W_03,Moderate
OUT_01878,2025-02,274.1889925717531,2,Large,3,Hotel,DIST_W_03,Moderate
OUT_01878,2025-03,337.27408460743334,1,Large,3,Hotel,DIST_W_03,Moderate
OUT_01878,2025-04,827.5370373887285,5,Large,3,Hotel,DIST_W_03,Favorable
OUT_01878,2025-05,378.41512361244384,3,Large,3,Hotel,DIST_W_03,Un-Favorable
OUT_01878,2025-06,373.3354083694578,1,Large,3,Hotel,DIST_W_03,Un-Favorable
OUT_01878,2025-07,628.8664554406026,1,Large,3,Hotel,DIST_W_03,Moderate
OUT_01878,2025-08,350.2614957753391,1,Large,3,Hotel,DIST_W_03,Moderate
OUT_01878,2025-09,582.9933560539131,2,Large,3,Hotel,DIST_W_03,Moderate
OUT_01878,2025-10,673.6005196569996,1,Large,3,Hotel,DIST_W_03,Moderate
OUT_01878,2025-11,678.602619520827,1,Large,3,Hotel,DIST_W_03,Moderate
OUT_01886,2023-03,22.15513437827746,1,Small,0,Grocery,DIST_W_01,Moderate
OUT_01886,2023-07,41.52109123504808,1,Small,0,Grocery,DIST_W_01,Moderate
OUT_01886,2023-10,62.30841775657988,1,Small,0,Grocery,DIST_W_01,Moderate
OUT_01886,2023-11,19.284952233661738,1,Small,0,Grocery,DIST_W_01,Moderate
OUT_01886,2023-12,67.9597921728265,2,Small,0,Grocery,DIST_W_01,Favorable
OUT_01886,2024-06,67.69179100393838,2,Small,0,Grocery,DIST_W_01,Un-Favorable
OUT_01886,2024-08,32.7528503358732,1,Small,0,Grocery,DIST_W_01,Moderate
OUT_01886,2024-09,9.10605427887888,2,Small,0,Grocery,DIST_W_01,Moderate
OUT_01886,2024-10,98.1809605642428,2,Small,0,Grocery,DIST_W_01,Moderate
OUT_01886,2024-11,19.801263423342064,1,Small,0,Grocery,DIST_W_01,Moderate
OUT_01886,2025-01,18.519218949661965,2,Small,0,Grocery,DIST_W_01,Moderate
OUT_01886,2025-05,54.21383485685422,3,Small,0,Grocery,DIST_W_01,Un-Favorable
OUT_01886,2025-07,84.92696202701879,1,Small,0,Grocery,DIST_W_01,Moderate
OUT_01886,2025-08,16.060536704836103,1,Small,0,Grocery,DIST_W_01,Moderate
OUT_01886,2025-09,6.452252604719893,2,Small,0,Grocery,DIST_W_01,Moderate
OUT_01932,2023-01,174.0553324887394,3,Medium,1,Eatery,DIST_W_02,Moderate
OUT_01932,2023-02,193.93579451584256,3,Medium,1,Eatery,DIST_W_02,Moderate
OUT_01932,2023-04,53.71107935888714,4,Medium,1,Eatery,DIST_W_02,Favorable
OUT_01932,2023-05,120.35846588015517,4,Medium,1,Eatery,DIST_W_02,Un-Favorable
OUT_01932,2023-07,64.2478083090916,1,Medium,1,Eatery,DIST_W_02,Moderate
OUT_01932,2023-08,244.76595940743252,2,Medium,1,Eatery,DIST_W_02,Moderate
OUT_01932,2023-09,165.48031397611763,2,Medium,1,Eatery,DIST_W_02,Moderate
OUT_01932,2023-10,61.54697390573495,1,Medium,1,Eatery,DIST_W_02,Moderate
OUT_01932,2024-01,115.32013252298344,2,Medium,1,Eatery,DIST_W_02,Moderate
OUT_01932,2024-02,69.52989619645179,3,Medium,1,Eatery,DIST_W_02,Moderate
OUT_01932,2024-03,228.0114315344017,3,Medium,1,Eatery,DIST_W_02,Moderate
OUT_01932,2024-04,198.46873723134348,7,Medium,1,Eatery,DIST_W_02,Favorable
OUT_01932,2024-05,119.94039517531635,3,Medium,1,Eatery,DIST_W_02,Un-Favorable
OUT_01932,2024-06,22.62429549832808,2,Medium,1,Eatery,DIST_W_02,Un-Favorable
OUT_01932,2024-08,157.56431856850838,1,Medium,1,Eatery,DIST_W_02,Moderate
OUT_01932,2024-09,87.89439737642343,2,Medium,1,Eatery,DIST_W_02,Moderate
OUT_01932,2024-10,133.62811168526423,2,Medium,1,Eatery,DIST_W_02,Moderate
OUT_01932,2024-11,172.57400483398982,1,Medium,1,Eatery,DIST_W_02,Moderate
OUT_01932,2025-02,209.6939302637673,2,Medium,1,Eatery,DIST_W_02,Moderate
OUT_01932,2025-07,92.49786058467404,1,Medium,1,Eatery,DIST_W_02,Moderate
OUT_01932,2025-09,2.895427318556332,2,Medium,1,Eatery,DIST_W_02,Moderate
OUT_02028,2023-01,151.9653300057737,3,Medium,1,SMMT,DIST_W_01,Moderate
OUT_02028,2023-02,100.21874124988568,3,Medium,1,SMMT,DIST_W_01,Moderate
OUT_02028,2023-03,102.2738822186147,1,Medium,1,SMMT,DIST_W_01,Moderate
OUT_02028,2023-04,264.717568985494,4,Medium,1,SMMT,DIST_W_01,Favorable
OUT_02028,2023-05,143.9924877658895,4,Medium,1,SMMT,DIST_W_01,Un-Favorable
OUT_02028,2023-06,47.71015124056037,1,Medium,1,SMMT,DIST_W_01,Un-Favorable
OUT_02028,2023-07,38.26719330807013,1,Medium,1,SMMT,DIST_W_01,Moderate
OUT_02028,2023-08,248.42074401466536,2,Medium,1,SMMT,DIST_W_01,Moderate
OUT_02028,2023-09,56.9862042401847,2,Medium,1,SMMT,DIST_W_01,Moderate
OUT_02028,2023-10,213.22560857822592,1,Medium,1,SMMT,DIST_W_01,Moderate
OUT_02028,2023-12,135.63322138267972,2,Medium,1,SMMT,DIST_W_01,Favorable
OUT_02028,2024-02,167.27790931255632,3,Medium,1,SMMT,DIST_W_01,Moderate
OUT_02028,2024-03,237.42013530903645,3,Medium,1,SMMT,DIST_W_01,Moderate
OUT_02028,2024-05,63.71501353342889,3,Medium,1,SMMT,DIST_W_01,Un-Favorable
OUT_02028,2024-06,57.65936609886408,2,Medium,1,SMMT,DIST_W_01,Un-Favorable
OUT_02028,2024-08,186.82531109388523,1,Medium,1,SMMT,DIST_W_01,Moderate
OUT_02028,2024-10,26.059237661697047,2,Medium,1,SMMT,DIST_W_01,Moderate
OUT_02028,2024-11,53.05793082048309,1,Medium,1,SMMT,DIST_W_01,Moderate
OUT_02028,2024-12,234.9633854188063,2,Medium,1,SMMT,DIST_W_01,Favorable
OUT_02028,2025-03,234.29835340861325,1,Medium,1,SMMT,DIST_W_01,Moderate
OUT_02028,2025-06,125.20083167772512,1,Medium,1,SMMT,DIST_W_01,Un-Favorable
OUT_02028,2025-07,194.40544404229647,1,Medium,1,SMMT,DIST_W_01,Moderate
OUT_02028,2025-08,47.54172897342617,1,Medium,1,SMMT,DIST_W_01,Moderate
OUT_02028,2025-09,235.7284542328329,2,Medium,1,SMMT,DIST_W_01,Moderate
OUT_02028,2025-11,206.6874664631201,1,Medium,1,SMMT,DIST_W_01,Moderate
OUT_02028,2025-12,257.9184563980996,2,Medium,1,SMMT,DIST_W_01,Favorable
OUT_02034,2023-01,1200.8826893154276,3,Extra Large,5,Grocery,DIST_W_01,Moderate
OUT_02034,2023-02,1342.6525560632815,3,Extra Large,5,Grocery,DIST_W_01,Moderate
OUT_02034,2023-03,1286.0579484394975,1,Extra Large,5,Grocery,DIST_W_01,Moderate
OUT_02034,2023-04,1852.0120472205576,4,Extra Large,5,Grocery,DIST_W_01,Favorable
OUT_02034,2023-05,879.6432618153707,4,Extra Large,5,Grocery,DIST_W_01,Un-Favorable
OUT_02034,2023-06,871.2671559091084,1,Extra Large,5,Grocery,DIST_W_01,Un-Favorable
OUT_02034,2023-07,1240.111235455017,1,Extra Large,5,Grocery,DIST_W_01,Moderate
OUT_02034,2023-08,1374.910504361004,2,Extra Large,5,Grocery,DIST_W_01,Moderate
OUT_02034,2023-09,1313.2186288346456,2,Extra Large,5,Grocery,DIST_W_01,Moderate
OUT_02034,2023-10,1307.9031117624309,1,Extra Large,5,Grocery,DIST_W_01,Moderate
OUT_02034,2023-11,1368.2902576128888,1,Extra Large,5,Grocery,DIST_W_01,Moderate
OUT_02034,2023-12,1856.39363166684,2,Extra Large,5,Grocery,DIST_W_01,Favorable
OUT_02034,2024-01,1315.1275605700594,2,Extra Large,5,Grocery,DIST_W_01,Moderate
OUT_02034,2024-02,1237.4542881746513,3,Extra Large,5,Grocery,DIST_W_01,Moderate
OUT_02034,2024-03,1240.0891965120627,3,Extra Large,5,Grocery,DIST_W_01,Moderate
OUT_02034,2024-04,1995.8417591362368,7,Extra Large,5,Grocery,DIST_W_01,Favorable
OUT_02034,2024-05,791.3233716716411,3,Extra Large,5,Grocery,DIST_W_01,Un-Favorable
OUT_02034,2024-06,849.4803465297638,2,Extra Large,5,Grocery,DIST_W_01,Un-Favorable
OUT_02034,2024-07,1355.027283490993,1,Extra Large,5,Grocery,DIST_W_01,Moderate
OUT_02034,2024-08,1260.821232299406,1,Extra Large,5,Grocery,DIST_W_01,Moderate
OUT_02034,2024-10,1392.3012472213095,2,Extra Large,5,Grocery,DIST_W_01,Moderate
OUT_02034,2024-11,1282.89509180473,1,Extra Large,5,Grocery,DIST_W_01,Moderate
OUT_02034,2024-12,1721.1907021533375,2,Extra Large,5,Grocery,DIST_W_01,Favorable
OUT_02034,2025-01,1496.5219037573163,2,Extra Large,5,Grocery,DIST_W_01,Moderate
OUT_02034,2025-02,1328.459063156683,2,Extra Large,5,Grocery,DIST_W_01,Moderate
OUT_02034,2025-03,1335.618920345025,1,Extra Large,5,Grocery,DIST_W_01,Moderate
OUT_02034,2025-04,1853.8393836265584,5,Extra Large,5,Grocery,DIST_W_01,Favorable
OUT_02034,2025-05,808.0344148306731,3,Extra Large,5,Grocery,DIST_W_01,Un-Favorable
OUT_02034,2025-06,839.1882775111608,1,Extra Large,5,Grocery,DIST_W_01,Un-Favorable
OUT_02034,2025-07,1101.825773372204,1,Extra Large,5,Grocery,DIST_W_01,Moderate
OUT_02034,2025-08,1439.3113678033596,1,Extra Large,5,Grocery,DIST_W_01,Moderate
OUT_02034,2025-09,1391.3111591570148,2,Extra Large,5,Grocery,DIST_W_01,Moderate
OUT_02034,2025-10,1248.7298549060874,1,Extra Large,5,Grocery,DIST_W_01,Moderate
OUT_02034,2025-11,1345.2318619819218,1,Extra Large,5,Grocery,DIST_W_01,Moderate
OUT_02034,2025-12,1940.1807825455865,2,Extra Large,5,Grocery,DIST_W_01,Favorable
OUT_02046,2023-01,27.871525441539468,3,Small,0,Kiosk,DIST_W_03,Moderate
OUT_02046,2023-05,61.06205860968946,4,Small,0,Kiosk,DIST_W_03,Un-Favorable
OUT_02046,2023-08,13.974934640964758,2,Small,0,Kiosk,DIST_W_03,Moderate
OUT_02046,2023-09,20.76818756862588,2,Small,0,Kiosk,DIST_W_03,Moderate
OUT_02046,2023-11,66.69432907088286,1,Small,0,Kiosk,DIST_W_03,Moderate
OUT_02046,2024-01,15.783670433433304,2,Small,0,Kiosk,DIST_W_03,Moderate
OUT_02046,2024-05,7.302891019593515,3,Small,0,Kiosk,DIST_W_03,Un-Favorable
OUT_02046,2024-08,9.77986400779276,1,Small,0,Kiosk,DIST_W_03,Moderate
OUT_02046,2024-09,107.27137992247802,2,Small,0,Kiosk,DIST_W_03,Moderate
OUT_02046,2024-10,13.547567589484943,2,Small,0,Kiosk,DIST_W_03,Moderate
OUT_02046,2024-11,86.85966929221873,1,Small,0,Kiosk,DIST_W_03,Moderate
OUT_02046,2024-12,31.343251674525217,2,Small,0,Kiosk,DIST_W_03,Favorable
OUT_02046,2025-02,6.989919195170897,2,Small,0,Kiosk,DIST_W_03,Moderate
OUT_02046,2025-03,71.93953715792578,1,Small,0,Kiosk,DIST_W_03,Moderate
OUT_02046,2025-04,100.4029741097918,5,Small,0,Kiosk,DIST_W_03,Favorable
OUT_02046,2025-05,56.69213506773886,3,Small,0,Kiosk,DIST_W_03,Un-Favorable
OUT_02046,2025-06,9.1013663462647,1,Small,0,Kiosk,DIST_W_03,Un-Favorable
OUT_02046,2025-07,4.35990722145235,1,Small,0,Kiosk,DIST_W_03,Moderate
OUT_02046,2025-09,13.675326300300668,2,Small,0,Kiosk,DIST_W_03,Moderate
OUT_02046,2025-10,73.86974468462816,1,Small,0,Kiosk,DIST_W_03,Moderate
OUT_02046,2025-11,107.67624845519624,1,Small,0,Kiosk,DIST_W_03,Moderate
OUT_02135,2023-02,106.37074270139952,3,Medium,2,Eatery,DIST_W_02,Moderate
OUT_02135,2023-04,324.3580192279985,4,Medium,2,Eatery,DIST_W_02,Favorable
OUT_02135,2023-05,38.89662042419499,4,Medium,2,Eatery,DIST_W_02,Un-Favorable
OUT_02135,2023-06,90.82445023595132,1,Medium,2,Eatery,DIST_W_02,Un-Favorable
OUT_02135,2023-07,217.04079385141088,1,Medium,2,Eatery,DIST_W_02,Moderate
OUT_02135,2023-08,97.1000439576585,2,Medium,2,Eatery,DIST_W_02,Moderate
OUT_02135,2023-10,68.59074835636648,1,Medium,2,Eatery,DIST_W_02,Moderate
OUT_02135,2023-11,34.37871415226688,1,Medium,2,Eatery,DIST_W_02,Moderate
OUT_02135,2024-01,9.574288371878122,2,Medium,2,Eatery,DIST_W_02,Moderate
OUT_02135,2024-02,174.58000614641838,3,Medium,2,Eatery,DIST_W_02,Moderate
OUT_02135,2024-05,125.45032190003994,3,Medium,2,Eatery,DIST_W_02,Un-Favorable
OUT_02135,2024-08,192.4216517131329,1,Medium,2,Eatery,DIST_W_02,Moderate
OUT_02135,2024-10,208.05100526586355,2,Medium,2,Eatery,DIST_W_02,Moderate
OUT_02135,2024-11,241.08159185280385,1,Medium,2,Eatery,DIST_W_02,Moderate
OUT_02135,2025-01,194.0425215468603,2,Medium,2,Eatery,DIST_W_02,Moderate
OUT_02135,2025-04,245.86440222249627,5,Medium,2,Eatery,DIST_W_02,Favorable
OUT_02135,2025-05,123.95117485857033,3,Medium,2,Eatery,DIST_W_02,Un-Favorable
OUT_02135,2025-06,45.45576223167362,1,Medium,2,Eatery,DIST_W_02,Un-Favorable
OUT_02135,2025-09,222.0197603382984,2,Medium,2,Eatery,DIST_W_02,Moderate
OUT_02135,2025-11,179.45766515009316,1,Medium,2,Eatery,DIST_W_02,Moderate
OUT_02135,2025-12,63.56588251951912,2,Medium,2,Eatery,DIST_W_02,Favorable
OUT_02243,2023-01,565.107137528496,3,Large,4,Kiosk,DIST_W_02,Moderate
OUT_02243,2023-03,626.2463700127638,1,Large,4,Kiosk,DIST_W_02,Moderate
OUT_02243,2023-04,727.2346991006267,4,Large,4,Kiosk,DIST_W_02,Favorable
OUT_02243,2023-05,179.5580866409894,4,Large,4,Kiosk,DIST_W_02,Un-Favorable
OUT_02243,2023-06,347.4689065986397,1,Large,4,Kiosk,DIST_W_02,Un-Favorable
OUT_02243,2023-08,570.3756136560429,2,Large,4,Kiosk,DIST_W_02,Moderate
OUT_02243,2023-10,644.9828217168647,1,Large,4,Kiosk,DIST_W_02,Moderate
OUT_02243,2023-11,629.6651834612254,1,Large,4,Kiosk,DIST_W_02,Moderate
OUT_02243,2023-12,790.9325149894653,2,Large,4,Kiosk,DIST_W_02,Favorable
OUT_02243,2024-01,192.1226579540608,2,Large,4,Kiosk,DIST_W_02,Moderate
OUT_02243,2024-04,907.352993317724,7,Large,4,Kiosk,DIST_W_02,Favorable
OUT_02243,2024-05,214.3422774845581,3,Large,4,Kiosk,DIST_W_02,Un-Favorable
OUT_02243,2024-06,354.80967149946844,2,Large,4,Kiosk,DIST_W_02,Un-Favorable
OUT_02243,2024-07,601.34365423486,1,Large,4,Kiosk,DIST_W_02,Moderate
OUT_02243,2024-09,361.5427475991632,2,Large,4,Kiosk,DIST_W_02,Moderate
OUT_02243,2024-10,302.3568025793444,2,Large,4,Kiosk,DIST_W_02,Moderate
OUT_02243,2024-11,490.36089801731526,1,Large,4,Kiosk,DIST_W_02,Moderate
OUT_02243,2024-12,475.3960720961827,2,Large,4,Kiosk,DIST_W_02,Favorable
OUT_02243,2025-01,612.6748112027553,2,Large,4,Kiosk,DIST_W_02,Moderate
OUT_02243,2025-02,472.3099847219647,2,Large,4,Kiosk,DIST_W_02,Moderate
OUT_02243,2025-03,476.5416708544595,1,Large,4,Kiosk,DIST_W_02,Moderate
OUT_02243,2025-04,828.1498271448776,5,Large,4,Kiosk,DIST_W_02,Favorable
OUT_02243,2025-05,356.2373229297476,3,Large,4,Kiosk,DIST_W_02,Un-Favorable
OUT_02243,2025-06,233.69964875648893,1,Large,4,Kiosk,DIST_W_02,Un-Favorable
OUT_02243,2025-07,683.5403302126748,1,Large,4,Kiosk,DIST_W_02,Moderate
OUT_02243,2025-08,514.1184293839967,1,Large,4,Kiosk,DIST_W_02,Moderate
OUT_02243,2025-09,537.4136826026703,2,Large,4,Kiosk,DIST_W_02,Moderate
OUT_02243,2025-10,595.4901580975732,1,Large,4,Kiosk,DIST_W_02,Moderate
OUT_02243,2025-11,358.37139504093744,1,Large,4,Kiosk,DIST_W_02,Moderate
OUT_02243,2025-12,852.4629835705216,2,Large,4,Kiosk,DIST_W_02,Favorable
OUT_02276,2023-02,21.741045215410413,3,Small,0,Eatery,DIST_W_01,Moderate
OUT_02276,2023-07,58.18466141242104,1,Small,0,Eatery,DIST_W_01,Moderate
OUT_02276,2023-09,18.36253034103176,2,Small,0,Eatery,DIST_W_01,Moderate
OUT_02276,2023-10,35.29688451422586,1,Small,0,Eatery,DIST_W_01,Moderate
OUT_02276,2023-12,49.20471731436291,2,Small,0,Eatery,DIST_W_01,Favorable
OUT_02276,2024-01,39.43387660831738,2,Small,0,Eatery,DIST_W_01,Moderate
OUT_02276,2024-03,25.32625583731752,3,Small,0,Eatery,DIST_W_01,Moderate
OUT_02276,2024-05,41.39905336756655,3,Small,0,Eatery,DIST_W_01,Un-Favorable
OUT_02276,2024-08,11.678022631898838,1,Small,0,Eatery,DIST_W_01,Moderate
OUT_02276,2024-09,79.18984820205074,2,Small,0,Eatery,DIST_W_01,Moderate
OUT_02276,2024-11,16.48457822381971,1,Small,0,Eatery,DIST_W_01,Moderate
OUT_02276,2025-01,3.798047879015921,2,Small,0,Eatery,DIST_W_01,Moderate
OUT_02276,2025-02,39.51331033477568,2,Small,0,Eatery,DIST_W_01,Moderate
OUT_02276,2025-05,22.04605309052645,3,Small,0,Eatery,DIST_W_01,Un-Favorable
OUT_02276,2025-06,3.0472207662007658,1,Small,0,Eatery,DIST_W_01,Un-Favorable
OUT_02276,2025-10,29.339525239803933,1,Small,0,Eatery,DIST_W_01,Moderate
OUT_02276,2025-11,84.6982506659222,1,Small,0,Eatery,DIST_W_01,Moderate
OUT_02276,2025-12,56.83365744081716,2,Small,0,Eatery,DIST_W_01,Favorable
OUT_02351,2023-01,1211.904953453745,3,Extra Large,5,Eatery,DIST_W_01,Moderate
OUT_02351,2023-02,1424.2783508412394,3,Extra Large,5,Eatery,DIST_W_01,Moderate
OUT_02351,2023-03,1220.0871290013754,1,Extra Large,5,Eatery,DIST_W_01,Moderate
OUT_02351,2023-04,1920.4094375123827,4,Extra Large,5,Eatery,DIST_W_01,Favorable
OUT_02351,2023-05,860.9908054490525,4,Extra Large,5,Eatery,DIST_W_01,Un-Favorable
OUT_02351,2023-06,778.1388681710732,1,Extra Large,5,Eatery,DIST_W_01,Un-Favorable
OUT_02351,2023-07,1471.2714030448533,1,Extra Large,5,Eatery,DIST_W_01,Moderate
OUT_02351,2023-08,1215.5531577000718,2,Extra Large,5,Eatery,DIST_W_01,Moderate
OUT_02351,2023-09,1352.2416470269477,2,Extra Large,5,Eatery,DIST_W_01,Moderate
OUT_02351,2023-10,1315.4057695869178,1,Extra Large,5,Eatery,DIST_W_01,Moderate
OUT_02351,2023-11,1189.2603806608593,1,Extra Large,5,Eatery,DIST_W_01,Moderate
OUT_02351,2023-12,1956.51165501054,2,Extra Large,5,Eatery,DIST_W_01,Favorable
OUT_02351,2024-01,1461.1954515164052,2,Extra Large,5,Eatery,DIST_W_01,Moderate
OUT_02351,2024-02,1310.3954981348877,3,Extra Large,5,Eatery,DIST_W_01,Moderate
OUT_02351,2024-03,1329.002391923359,3,Extra Large,5,Eatery,DIST_W_01,Moderate
OUT_02351,2024-04,1973.190838136544,7,Extra Large,5,Eatery,DIST_W_01,Favorable
OUT_02351,2024-05,780.3632178148257,3,Extra Large,5,Eatery,DIST_W_01,Un-Favorable
OUT_02351,2024-06,708.7379519352709,2,Extra Large,5,Eatery,DIST_W_01,Un-Favorable
OUT_02351,2024-07,1296.0696870808993,1,Extra Large,5,Eatery,DIST_W_01,Moderate
OUT_02351,2024-08,1265.4203943945454,1,Extra Large,5,Eatery,DIST_W_01,Moderate
OUT_02351,2024-09,1388.7440380706546,2,Extra Large,5,Eatery,DIST_W_01,Moderate
OUT_02351,2024-10,1348.990995346277,2,Extra Large,5,Eatery,DIST_W_01,Moderate
OUT_02351,2024-11,1292.34235965006,1,Extra Large,5,Eatery,DIST_W_01,Moderate
OUT_02351,2024-12,1841.875352972053,2,Extra Large,5,Eatery,DIST_W_01,Favorable
OUT_02351,2025-01,1290.521494068157,2,Extra Large,5,Eatery,DIST_W_01,Moderate
OUT_02351,2025-02,1241.2443467997748,2,Extra Large,5,Eatery,DIST_W_01,Moderate
OUT_02351,2025-03,1402.5166376027876,1,Extra Large,5,Eatery,DIST_W_01,Moderate
OUT_02351,2025-04,1827.008212221545,5,Extra Large,5,Eatery,DIST_W_01,Favorable
OUT_02351,2025-05,789.2161212102244,3,Extra Large,5,Eatery,DIST_W_01,Un-Favorable
OUT_02351,2025-06,886.1624525607771,1,Extra Large,5,Eatery,DIST_W_01,Un-Favorable
OUT_02351,2025-07,1288.8614537889482,1,Extra Large,5,Eatery,DIST_W_01,Moderate
OUT_02351,2025-08,1230.3659877582008,1,Extra Large,5,Eatery,DIST_W_01,Moderate
OUT_02351,2025-09,1245.7621444940037,2,Extra Large,5,Eatery,DIST_W_01,Moderate
OUT_02351,2025-10,1381.904827385729,1,Extra Large,5,Eatery,DIST_W_01,Moderate
OUT_02351,2025-11,1397.101356725007,1,Extra Large,5,Eatery,DIST_W_01,Moderate
OUT_02351,2025-12,1831.6935152601804,2,Extra Large,5,Eatery,DIST_W_01,Favorable
OUT_02376,2023-01,101.56687537145206,3,Small,0,Hotel,DIST_W_03,Moderate
OUT_02376,2023-03,22.38927924625845,1,Small,0,Hotel,DIST_W_03,Moderate
OUT_02376,2023-05,56.40187852381162,4,Small,0,Hotel,DIST_W_03,Un-Favorable
OUT_02376,2023-06,52.96561799936626,1,Small,0,Hotel,DIST_W_03,Un-Favorable
OUT_02376,2023-07,82.41032192524159,1,Small,0,Hotel,DIST_W_03,Moderate
OUT_02376,2023-08,84.73232401974454,2,Small,0,Hotel,DIST_W_03,Moderate
OUT_02376,2023-09,84.66576008911485,2,Small,0,Hotel,DIST_W_03,Moderate
OUT_02376,2023-11,94.44185839506332,1,Small,0,Hotel,DIST_W_03,Moderate
OUT_02376,2023-12,53.99056846170763,2,Small,0,Hotel,DIST_W_03,Favorable
OUT_02376,2024-04,33.24214606129191,7,Small,0,Hotel,DIST_W_03,Favorable
OUT_02376,2024-08,22.46213301099709,1,Small,0,Hotel,DIST_W_03,Moderate
OUT_02376,2024-10,42.61386647969127,2,Small,0,Hotel,DIST_W_03,Moderate
OUT_02376,2024-12,34.7020767013627,2,Small,0,Hotel,DIST_W_03,Favorable
OUT_02376,2025-02,10.510968428160346,2,Small,0,Hotel,DIST_W_03,Moderate
OUT_02376,2025-03,75.45189547914376,1,Small,0,Hotel,DIST_W_03,Moderate
OUT_02376,2025-04,84.11946123002659,5,Small,0,Hotel,DIST_W_03,Favorable
OUT_02376,2025-05,15.851314294385164,3,Small,0,Hotel,DIST_W_03,Un-Favorable
OUT_02376,2025-06,20.84431571421392,1,Small,0,Hotel,DIST_W_03,Un-Favorable
OUT_02376,2025-07,33.07360331410221,1,Small,0,Hotel,DIST_W_03,Moderate
OUT_02376,2025-08,22.622443597407816,1,Small,0,Hotel,DIST_W_03,Moderate
OUT_02376,2025-11,34.64568208914509,1,Small,0,Hotel,DIST_W_03,Moderate
OUT_02376,2025-12,29.05720049995821,2,Small,0,Hotel,DIST_W_03,Favorable
OUT_02392,2023-02,11.560878208968743,3,Small,0,Kiosk,DIST_W_03,Moderate
OUT_02392,2023-03,4.912360061018767,1,Small,0,Kiosk,DIST_W_03,Moderate
OUT_02392,2023-05,63.85640344800608,4,Small,0,Kiosk,DIST_W_03,Un-Favorable
OUT_02392,2023-11,30.98131705927352,1,Small,0,Kiosk,DIST_W_03,Moderate
OUT_02392,2024-04,132.38611358033188,7,Small,0,Kiosk,DIST_W_03,Favorable
OUT_02392,2024-05,16.371022931945102,3,Small,0,Kiosk,DIST_W_03,Un-Favorable
OUT_02392,2024-08,3.878653697150742,1,Small,0,Kiosk,DIST_W_03,Moderate
OUT_02392,2024-09,11.465717224180525,2,Small,0,Kiosk,DIST_W_03,Moderate
OUT_02392,2024-11,13.643505663993494,1,Small,0,Kiosk,DIST_W_03,Moderate
OUT_02392,2024-12,165.95407251165508,2,Small,0,Kiosk,DIST_W_03,Favorable
OUT_02392,2025-01,50.535284546257024,2,Small,0,Kiosk,DIST_W_03,Moderate
OUT_02392,2025-03,31.04742214487185,1,Small,0,Kiosk,DIST_W_03,Moderate
OUT_02392,2025-04,6.738315114635618,5,Small,0,Kiosk,DIST_W_03,Favorable
OUT_02392,2025-05,7.88732335606637,3,Small,0,Kiosk,DIST_W_03,Un-Favorable
OUT_02392,2025-07,11.548185966240478,1,Small,0,Kiosk,DIST_W_03,Moderate
OUT_02392,2025-11,42.7589877043835,1,Small,0,Kiosk,DIST_W_03,Moderate
OUT_02392,2025-12,106.78353368486472,2,Small,0,Kiosk,DIST_W_03,Favorable
OUT_02427,2023-01,44.55765529801375,3,Medium,2,Bakery,DIST_W_01,Moderate
OUT_02427,2023-02,101.04809337815554,3,Medium,2,Bakery,DIST_W_01,Moderate
OUT_02427,2023-03,42.557855186657264,1,Medium,2,Bakery,DIST_W_01,Moderate
OUT_02427,2023-04,244.68481448204045,4,Medium,2,Bakery,DIST_W_01,Favorable
OUT_02427,2023-05,119.24697930551804,4,Medium,2,Bakery,DIST_W_01,Un-Favorable
OUT_02427,2023-07,56.67372645106545,1,Medium,2,Bakery,DIST_W_01,Moderate
OUT_02427,2023-10,99.08326665216156,1,Medium,2,Bakery,DIST_W_01,Moderate
OUT_02427,2023-11,143.8108831563577,1,Medium,2,Bakery,DIST_W_01,Moderate
OUT_02427,2023-12,319.4864281050018,2,Medium,2,Bakery,DIST_W_01,Favorable
OUT_02427,2024-01,143.90154002747997,2,Medium,2,Bakery,DIST_W_01,Moderate
OUT_02427,2024-02,246.720146981894,3,Medium,2,Bakery,DIST_W_01,Moderate
OUT_02427,2024-03,62.955437606318085,3,Medium,2,Bakery,DIST_W_01,Moderate
OUT_02427,2024-06,24.863453565815025,2,Medium,2,Bakery,DIST_W_01,Un-Favorable
OUT_02427,2024-07,245.3269630357996,1,Medium,2,Bakery,DIST_W_01,Moderate
OUT_02427,2025-02,61.91825048753704,2,Medium,2,Bakery,DIST_W_01,Moderate
OUT_02427,2025-03,156.5011394431006,1,Medium,2,Bakery,DIST_W_01,Moderate
OUT_02427,2025-04,326.2165252696144,5,Medium,2,Bakery,DIST_W_01,Favorable
OUT_02427,2025-05,45.44661933956122,3,Medium,2,Bakery,DIST_W_01,Un-Favorable
OUT_02427,2025-06,98.73100180359548,1,Medium,2,Bakery,DIST_W_01,Un-Favorable
OUT_02427,2025-07,45.93420251936146,1,Medium,2,Bakery,DIST_W_01,Moderate
OUT_02427,2025-08,48.13490234151348,1,Medium,2,Bakery,DIST_W_01,Moderate
OUT_02427,2025-09,47.50016189752794,2,Medium,2,Bakery,DIST_W_01,Moderate
OUT_02427,2025-10,167.01089883052066,1,Medium,2,Bakery,DIST_W_01,Moderate
OUT_02427,2025-11,202.9175175706845,1,Medium,2,Bakery,DIST_W_01,Moderate
OUT_02445,2023-01,135.51413867944223,3,Medium,1,Grocery,DIST_W_02,Moderate
OUT_02445,2023-02,204.1778667085472,3,Medium,1,Grocery,DIST_W_02,Moderate
OUT_02445,2023-03,201.84424070457345,1,Medium,1,Grocery,DIST_W_02,Moderate
OUT_02445,2023-04,290.2877658839511,4,Medium,1,Grocery,DIST_W_02,Favorable
OUT_02445,2023-06,24.832604009874974,1,Medium,1,Grocery,DIST_W_02,Un-Favorable
OUT_02445,2023-07,240.8872669812837,1,Medium,1,Grocery,DIST_W_02,Moderate
OUT_02445,2023-08,157.40713462343862,2,Medium,1,Grocery,DIST_W_02,Moderate
OUT_02445,2023-09,40.78311109042624,2,Medium,1,Grocery,DIST_W_02,Moderate
OUT_02445,2023-10,120.61202843508404,1,Medium,1,Grocery,DIST_W_02,Moderate
OUT_02445,2023-11,183.0497269487941,1,Medium,1,Grocery,DIST_W_02,Moderate
OUT_02445,2023-12,97.94282942449502,2,Medium,1,Grocery,DIST_W_02,Favorable
OUT_02445,2024-01,102.10939405511232,2,Medium,1,Grocery,DIST_W_02,Moderate
OUT_02445,2024-02,181.95711610491307,3,Medium,1,Grocery,DIST_W_02,Moderate
OUT_02445,2024-03,174.4297476292549,3,Medium,1,Grocery,DIST_W_02,Moderate
OUT_02445,2024-04,303.46197091038283,7,Medium,1,Grocery,DIST_W_02,Favorable
OUT_02445,2024-05,155.00505046187783,3,Medium,1,Grocery,DIST_W_02,Un-Favorable
OUT_02445,2024-06,127.92600727631373,2,Medium,1,Grocery,DIST_W_02,Un-Favorable
OUT_02445,2024-07,195.57369610035704,1,Medium,1,Grocery,DIST_W_02,Moderate
OUT_02445,2024-08,210.51965348624057,1,Medium,1,Grocery,DIST_W_02,Moderate
OUT_02445,2024-09,30.21166460757257,2,Medium,1,Grocery,DIST_W_02,Moderate
OUT_02445,2024-10,109.83070641931889,2,Medium,1,Grocery,DIST_W_02,Moderate
OUT_02445,2024-11,221.02005433427388,1,Medium,1,Grocery,DIST_W_02,Moderate
OUT_02445,2024-12,111.61402830009588,2,Medium,1,Grocery,DIST_W_02,Favorable
OUT_02445,2025-01,22.778118286059883,2,Medium,1,Grocery,DIST_W_02,Moderate
OUT_02445,2025-02,121.83092082862414,2,Medium,1,Grocery,DIST_W_02,Moderate
OUT_02445,2025-03,73.04008019762365,1,Medium,1,Grocery,DIST_W_02,Moderate
OUT_02445,2025-05,33.6455667783564,3,Medium,1,Grocery,DIST_W_02,Un-Favorable
OUT_02445,2025-06,109.57426928311426,1,Medium,1,Grocery,DIST_W_02,Un-Favorable
OUT_02445,2025-08,226.2941726424167,1,Medium,1,Grocery,DIST_W_02,Moderate
OUT_02445,2025-09,52.17185094373331,2,Medium,1,Grocery,DIST_W_02,Moderate
OUT_02445,2025-11,169.32780842718668,1,Medium,1,Grocery,DIST_W_02,Moderate
OUT_02523,2023-01,247.46733223752145,3,Medium,2,Hotel,DIST_W_02,Moderate
OUT_02523,2023-02,132.91206435819544,3,Medium,2,Hotel,DIST_W_02,Moderate
OUT_02523,2023-03,210.2564531364292,1,Medium,2,Hotel,DIST_W_02,Moderate
OUT_02523,2023-04,104.3662328253409,4,Medium,2,Hotel,DIST_W_02,Favorable
OUT_02523,2023-05,38.18389747198123,4,Medium,2,Hotel,DIST_W_02,Un-Favorable
OUT_02523,2023-06,91.74878100413734,1,Medium,2,Hotel,DIST_W_02,Un-Favorable
OUT_02523,2023-07,119.64711362210184,1,Medium,2,Hotel,DIST_W_02,Moderate
OUT_02523,2023-08,209.79029500205831,2,Medium,2,Hotel,DIST_W_02,Moderate
OUT_02523,2023-09,210.2577295730364,2,Medium,2,Hotel,DIST_W_02,Moderate
OUT_02523,2023-10,36.393528311285934,1,Medium,2,Hotel,DIST_W_02,Moderate
OUT_02523,2023-11,192.65631499553783,1,Medium,2,Hotel,DIST_W_02,Moderate
OUT_02523,2023-12,276.6950183591276,2,Medium,2,Hotel,DIST_W_02,Favorable
OUT_02523,2024-01,48.04939492747516,2,Medium,2,Hotel,DIST_W_02,Moderate
OUT_02523,2024-04,139.4646829320129,7,Medium,2,Hotel,DIST_W_02,Favorable
OUT_02523,2024-05,112.78356292900465,3,Medium,2,Hotel,DIST_W_02,Un-Favorable
OUT_02523,2024-06,31.642735839017064,2,Medium,2,Hotel,DIST_W_02,Un-Favorable
OUT_02523,2024-07,185.9802600673843,1,Medium,2,Hotel,DIST_W_02,Moderate
OUT_02523,2024-08,29.572554749896863,1,Medium,2,Hotel,DIST_W_02,Moderate
OUT_02523,2024-10,286.8503384583021,2,Medium,2,Hotel,DIST_W_02,Moderate
OUT_02523,2024-11,51.3480041480057,1,Medium,2,Hotel,DIST_W_02,Moderate
OUT_02523,2024-12,135.13932767862764,2,Medium,2,Hotel,DIST_W_02,Favorable
OUT_02523,2025-01,196.6684634134348,2,Medium,2,Hotel,DIST_W_02,Moderate
OUT_02523,2025-02,86.56249421662329,2,Medium,2,Hotel,DIST_W_02,Moderate
OUT_02523,2025-03,204.22561963881063,1,Medium,2,Hotel,DIST_W_02,Moderate
OUT_02523,2025-04,114.51579318936156,5,Medium,2,Hotel,DIST_W_02,Favorable
OUT_02523,2025-05,36.013545832522006,3,Medium,2,Hotel,DIST_W_02,Un-Favorable
OUT_02523,2025-06,140.27431814678016,1,Medium,2,Hotel,DIST_W_02,Un-Favorable
OUT_02523,2025-07,98.17560251986735,1,Medium,2,Hotel,DIST_W_02,Moderate
OUT_02523,2025-08,169.52382821739258,1,Medium,2,Hotel,DIST_W_02,Moderate
OUT_02523,2025-10,77.99601661334601,1,Medium,2,Hotel,DIST_W_02,Moderate
OUT_02523,2025-11,97.03914057711457,1,Medium,2,Hotel,DIST_W_02,Moderate
OUT_02523,2025-12,319.53192522221894,2,Medium,2,Hotel,DIST_W_02,Favorable
OUT_02546,2023-01,30.98654942573405,3,Small,0,Eatery,DIST_W_01,Moderate
OUT_02546,2023-02,32.64121453083261,3,Small,0,Eatery,DIST_W_01,Moderate
OUT_02546,2023-09,25.156647762786207,2,Small,0,Eatery,DIST_W_01,Moderate
OUT_02546,2023-10,97.2825805964478,1,Small,0,Eatery,DIST_W_01,Moderate
OUT_02546,2023-11,52.55904772236575,1,Small,0,Eatery,DIST_W_01,Moderate
OUT_02546,2023-12,28.40452325446552,2,Small,0,Eatery,DIST_W_01,Favorable
OUT_02546,2024-01,73.91122585715927,2,Small,0,Eatery,DIST_W_01,Moderate
OUT_02546,2024-03,62.48691448573226,3,Small,0,Eatery,DIST_W_01,Moderate
OUT_02546,2024-04,56.45771595754134,7,Small,0,Eatery,DIST_W_01,Favorable
OUT_02546,2024-06,4.616453762841059,2,Small,0,Eatery,DIST_W_01,Un-Favorable
OUT_02546,2024-08,5.19613123322136,1,Small,0,Eatery,DIST_W_01,Moderate
OUT_02546,2024-10,28.50232990265686,2,Small,0,Eatery,DIST_W_01,Moderate
OUT_02546,2024-11,65.80520339592594,1,Small,0,Eatery,DIST_W_01,Moderate
OUT_02546,2025-02,80.04494154450279,2,Small,0,Eatery,DIST_W_01,Moderate
OUT_02546,2025-03,97.9141937230161,1,Small,0,Eatery,DIST_W_01,Moderate
OUT_02546,2025-05,19.70597255001455,3,Small,0,Eatery,DIST_W_01,Un-Favorable
OUT_02546,2025-07,26.656332700030315,1,Small,0,Eatery,DIST_W_01,Moderate
OUT_02546,2025-08,28.69068255978004,1,Small,0,Eatery,DIST_W_01,Moderate
OUT_02546,2025-09,36.18347985716912,2,Small,0,Eatery,DIST_W_01,Moderate
OUT_02546,2025-10,82.54113438914611,1,Small,0,Eatery,DIST_W_01,Moderate
OUT_02546,2025-12,4.391738020336754,2,Small,0,Eatery,DIST_W_01,Favorable
OUT_02740,2023-01,134.9372942476134,3,Medium,2,Grocery,DIST_W_01,Moderate
OUT_02740,2023-02,41.24501318173026,3,Medium,2,Grocery,DIST_W_01,Moderate
OUT_02740,2023-03,220.4039147855449,1,Medium,2,Grocery,DIST_W_01,Moderate
OUT_02740,2023-04,250.10811550842664,4,Medium,2,Grocery,DIST_W_01,Favorable
OUT_02740,2023-05,23.86474468734403,4,Medium,2,Grocery,DIST_W_01,Un-Favorable
OUT_02740,2023-06,43.83543197517955,1,Medium,2,Grocery,DIST_W_01,Un-Favorable
OUT_02740,2023-07,124.3379324815566,1,Medium,2,Grocery,DIST_W_01,Moderate
OUT_02740,2023-08,101.25053788112268,2,Medium,2,Grocery,DIST_W_01,Moderate
OUT_02740,2023-09,176.08656909547477,2,Medium,2,Grocery,DIST_W_01,Moderate
OUT_02740,2023-10,236.7463800645524,1,Medium,2,Grocery,DIST_W_01,Moderate
OUT_02740,2023-11,101.8685318744077,1,Medium,2,Grocery,DIST_W_01,Moderate
OUT_02740,2023-12,418.62119389586906,2,Medium,2,Grocery,DIST_W_01,Favorable
OUT_02740,2024-01,69.65979983711881,2,Medium,2,Grocery,DIST_W_01,Moderate
OUT_02740,2024-02,194.2653432913043,3,Medium,2,Grocery,DIST_W_01,Moderate
OUT_02740,2024-05,56.30531999036032,3,Medium,2,Grocery,DIST_W_01,Un-Favorable
OUT_02740,2024-06,101.31235421216108,2,Medium,2,Grocery,DIST_W_01,Un-Favorable
OUT_02740,2024-07,40.8966140915613,1,Medium,2,Grocery,DIST_W_01,Moderate
OUT_02740,2024-09,116.7893219268406,2,Medium,2,Grocery,DIST_W_01,Moderate
OUT_02740,2024-10,220.16705417138616,2,Medium,2,Grocery,DIST_W_01,Moderate
OUT_02740,2025-01,214.97951665583903,2,Medium,2,Grocery,DIST_W_01,Moderate
OUT_02740,2025-02,137.17330860112062,2,Medium,2,Grocery,DIST_W_01,Moderate
OUT_02740,2025-04,372.7838146721665,5,Medium,2,Grocery,DIST_W_01,Favorable
OUT_02740,2025-07,38.17549263944285,1,Medium,2,Grocery,DIST_W_01,Moderate
OUT_02740,2025-08,191.94516491411764,1,Medium,2,Grocery,DIST_W_01,Moderate
OUT_02740,2025-09,120.68332615483578,2,Medium,2,Grocery,DIST_W_01,Moderate
OUT_02740,2025-10,23.963469227330634,1,Medium,2,Grocery,DIST_W_01,Moderate
OUT_02740,2025-11,36.99094628233025,1,Medium,2,Grocery,DIST_W_01,Moderate
OUT_02745,2023-04,19.264550402730613,4,Small,0,Bakery,DIST_W_01,Favorable
OUT_02745,2023-05,57.60146935682376,4,Small,0,Bakery,DIST_W_01,Un-Favorable
OUT_02745,2023-06,53.95122271937839,1,Small,0,Bakery,DIST_W_01,Un-Favorable
OUT_02745,2023-08,24.15513575435645,2,Small,0,Bakery,DIST_W_01,Moderate
OUT_02745,2023-10,8.689443682728534,1,Small,0,Bakery,DIST_W_01,Moderate
OUT_02745,2023-11,27.542533813355377,1,Small,0,Bakery,DIST_W_01,Moderate
OUT_02745,2023-12,99.7308879164664,2,Small,0,Bakery,DIST_W_01,Favorable
OUT_02745,2024-03,35.9948774417486,3,Small,0,Bakery,DIST_W_01,Moderate
OUT_02745,2024-05,72.27798949181455,3,Small,0,Bakery,DIST_W_01,Un-Favorable
OUT_02745,2024-06,30.344607907773828,2,Small,0,Bakery,DIST_W_01,Un-Favorable
OUT_02745,2024-08,10.113389647557772,1,Small,0,Bakery,DIST_W_01,Moderate
OUT_02745,2024-10,6.372647263234619,2,Small,0,Bakery,DIST_W_01,Moderate
OUT_02745,2024-11,5.258029212131797,1,Small,0,Bakery,DIST_W_01,Moderate
OUT_02745,2024-12,28.238878752486272,2,Small,0,Bakery,DIST_W_01,Favorable
OUT_02745,2025-02,57.39212189243055,2,Small,0,Bakery,DIST_W_01,Moderate
OUT_02745,2025-05,5.323463596911864,3,Small,0,Bakery,DIST_W_01,Un-Favorable
OUT_02745,2025-06,17.098498036693844,1,Small,0,Bakery,DIST_W_01,Un-Favorable
OUT_02745,2025-08,30.137530668828624,1,Small,0,Bakery,DIST_W_01,Moderate
OUT_02745,2025-09,81.93261024305357,2,Small,0,Bakery,DIST_W_01,Moderate
OUT_02745,2025-12,50.7216309245242,2,Small,0,Bakery,DIST_W_01,Favorable
OUT_02761,2023-02,80.67253362774707,3,Small,1,Pharmacy,DIST_W_01,Moderate
OUT_02761,2023-03,82.3273289021296,1,Small,1,Pharmacy,DIST_W_01,Moderate
OUT_02761,2023-04,19.8190120811244,4,Small,1,Pharmacy,DIST_W_01,Favorable
OUT_02761,2023-06,21.636812618764623,1,Small,1,Pharmacy,DIST_W_01,Un-Favorable
OUT_02761,2023-07,20.566149891029674,1,Small,1,Pharmacy,DIST_W_01,Moderate
OUT_02761,2023-08,31.48481489027339,2,Small,1,Pharmacy,DIST_W_01,Moderate
OUT_02761,2023-11,49.38509670228998,1,Small,1,Pharmacy,DIST_W_01,Moderate
OUT_02761,2024-03,18.862089948800623,3,Small,1,Pharmacy,DIST_W_01,Moderate
OUT_02761,2024-04,92.37514125363816,7,Small,1,Pharmacy,DIST_W_01,Favorable
OUT_02761,2024-08,4.983194648524599,1,Small,1,Pharmacy,DIST_W_01,Moderate
OUT_02761,2024-09,22.050094093869458,2,Small,1,Pharmacy,DIST_W_01,Moderate
OUT_02761,2024-10,15.692525934344294,2,Small,1,Pharmacy,DIST_W_01,Moderate
OUT_02761,2024-12,4.453860620051927,2,Small,1,Pharmacy,DIST_W_01,Favorable
OUT_02761,2025-01,64.1553559903611,2,Small,1,Pharmacy,DIST_W_01,Moderate
OUT_02761,2025-02,70.74544148489822,2,Small,1,Pharmacy,DIST_W_01,Moderate
OUT_02761,2025-03,51.95911600276539,1,Small,1,Pharmacy,DIST_W_01,Moderate
OUT_02761,2025-10,19.09687727638717,1,Small,1,Pharmacy,DIST_W_01,Moderate
OUT_02800,2023-01,81.33438312389849,3,Medium,1,Hotel,DIST_W_01,Moderate
OUT_02800,2023-03,36.23498768302208,1,Medium,1,Hotel,DIST_W_01,Moderate
OUT_02800,2023-04,141.37005538850653,4,Medium,1,Hotel,DIST_W_01,Favorable
OUT_02800,2023-05,132.06430068406505,4,Medium,1,Hotel,DIST_W_01,Un-Favorable
OUT_02800,2023-07,185.45110406131545,1,Medium,1,Hotel,DIST_W_01,Moderate
OUT_02800,2023-08,153.076050649922,2,Medium,1,Hotel,DIST_W_01,Moderate
OUT_02800,2023-09,77.20330619717615,2,Medium,1,Hotel,DIST_W_01,Moderate
OUT_02800,2023-10,209.91286651650563,1,Medium,1,Hotel,DIST_W_01,Moderate
OUT_02800,2024-01,68.06108707109078,2,Medium,1,Hotel,DIST_W_01,Moderate
OUT_02800,2024-02,80.44788442792056,3,Medium,1,Hotel,DIST_W_01,Moderate
OUT_02800,2024-04,50.86234158538586,7,Medium,1,Hotel,DIST_W_01,Favorable
OUT_02800,2024-05,12.25926709541612,3,Medium,1,Hotel,DIST_W_01,Un-Favorable
OUT_02800,2024-09,87.99829823572068,2,Medium,1,Hotel,DIST_W_01,Moderate
OUT_02800,2024-10,81.08031514630636,2,Medium,1,Hotel,DIST_W_01,Moderate
OUT_02800,2024-11,72.23348705217873,1,Medium,1,Hotel,DIST_W_01,Moderate
OUT_02800,2025-01,71.3691705466142,2,Medium,1,Hotel,DIST_W_01,Moderate
OUT_02800,2025-02,179.58123824980055,2,Medium,1,Hotel,DIST_W_01,Moderate
OUT_02800,2025-04,342.84954327132186,5,Medium,1,Hotel,DIST_W_01,Favorable
OUT_02800,2025-05,25.674435655523297,3,Medium,1,Hotel,DIST_W_01,Un-Favorable
OUT_02800,2025-06,150.02111450534295,1,Medium,1,Hotel,DIST_W_01,Un-Favorable
OUT_02800,2025-07,173.48301718406574,1,Medium,1,Hotel,DIST_W_01,Moderate
OUT_02800,2025-08,175.1247869385361,1,Medium,1,Hotel,DIST_W_01,Moderate
OUT_02800,2025-10,90.27447312789108,1,Medium,1,Hotel,DIST_W_01,Moderate
OUT_02800,2025-11,164.86857819469944,1,Medium,1,Hotel,DIST_W_01,Moderate
OUT_02800,2025-12,296.39497601882704,2,Medium,1,Hotel,DIST_W_01,Favorable
OUT_03101,2023-01,3.327162069414533,3,Small,0,Eatery,DIST_W_03,Moderate
OUT_03101,2023-04,55.93908048050192,4,Small,0,Eatery,DIST_W_03,Favorable
OUT_03101,2023-06,8.64673060575949,1,Small,0,Eatery,DIST_W_03,Un-Favorable
OUT_03101,2023-07,12.970354454568104,1,Small,0,Eatery,DIST_W_03,Moderate
OUT_03101,2023-08,62.5049444026664,2,Small,0,Eatery,DIST_W_03,Moderate
OUT_03101,2023-09,94.33666031206816,2,Small,0,Eatery,DIST_W_03,Moderate
OUT_03101,2024-02,8.551376338982443,3,Small,0,Eatery,DIST_W_03,Moderate
OUT_03101,2024-04,98.67243706588714,7,Small,0,Eatery,DIST_W_03,Favorable
OUT_03101,2024-09,99.49240909756372,2,Small,0,Eatery,DIST_W_03,Moderate
OUT_03101,2024-10,46.02744690573334,2,Small,0,Eatery,DIST_W_03,Moderate
OUT_03101,2025-01,81.11631435251643,2,Small,0,Eatery,DIST_W_03,Moderate
OUT_03101,2025-02,73.28507540925897,2,Small,0,Eatery,DIST_W_03,Moderate
OUT_03101,2025-03,21.09212037568605,1,Small,0,Eatery,DIST_W_03,Moderate
OUT_03101,2025-07,15.700760274032802,1,Small,0,Eatery,DIST_W_03,Moderate
OUT_03101,2025-08,94.6937021621965,1,Small,0,Eatery,DIST_W_03,Moderate
OUT_03133,2023-02,18.92369355414161,3,Small,0,Grocery,DIST_W_02,Moderate
OUT_03133,2023-03,27.33477573407101,1,Small,0,Grocery,DIST_W_02,Moderate
OUT_03133,2023-06,48.00602966133479,1,Small,0,Grocery,DIST_W_02,Un-Favorable
OUT_03133,2023-08,31.77105159522694,2,Small,0,Grocery,DIST_W_02,Moderate
OUT_03133,2023-10,22.99051714442042,1,Small,0,Grocery,DIST_W_02,Moderate
OUT_03133,2023-11,27.53417048759787,1,Small,0,Grocery,DIST_W_02,Moderate
OUT_03133,2023-12,97.2531792297336,2,Small,0,Grocery,DIST_W_02,Favorable
OUT_03133,2024-01,66.51399763121526,2,Small,0,Grocery,DIST_W_02,Moderate
OUT_03133,2024-03,23.26966466486218,3,Small,0,Grocery,DIST_W_02,Moderate
OUT_03133,2024-08,46.03221021228418,1,Small,0,Grocery,DIST_W_02,Moderate
OUT_03133,2024-09,40.87011006575421,2,Small,0,Grocery,DIST_W_02,Moderate
OUT_03133,2025-01,68.17786327875295,2,Small,0,Grocery,DIST_W_02,Moderate
OUT_03133,2025-02,18.62850683768971,2,Small,0,Grocery,DIST_W_02,Moderate
OUT_03133,2025-03,94.77572145677608,1,Small,0,Grocery,DIST_W_02,Moderate
OUT_03133,2025-04,4.805045572786336,5,Small,0,Grocery,DIST_W_02,Favorable
OUT_03133,2025-07,94.33975283137188,1,Small,0,Grocery,DIST_W_02,Moderate
OUT_03133,2025-09,32.44452878059719,2,Small,0,Grocery,DIST_W_02,Moderate
OUT_03133,2025-11,9.04462772171406,1,Small,0,Grocery,DIST_W_02,Moderate
OUT_03133,2025-12,10.541038707668378,2,Small,0,Grocery,DIST_W_02,Favorable
OUT_03174,2023-01,23.93001571890339,3,Small,1,Eatery,DIST_W_02,Moderate
OUT_03174,2023-04,139.29950020390532,4,Small,1,Eatery,DIST_W_02,Favorable
OUT_03174,2023-05,10.437011367830916,4,Small,1,Eatery,DIST_W_02,Un-Favorable
OUT_03174,2023-06,50.96210050545612,1,Small,1,Eatery,DIST_W_02,Un-Favorable
OUT_03174,2023-11,10.996263393015532,1,Small,1,Eatery,DIST_W_02,Moderate
OUT_03174,2024-01,65.88324312872928,2,Small,1,Eatery,DIST_W_02,Moderate
OUT_03174,2024-03,19.674729459308505,3,Small,1,Eatery,DIST_W_02,Moderate
OUT_03174,2024-04,61.36955404359688,7,Small,1,Eatery,DIST_W_02,Favorable
OUT_03174,2024-05,20.067903948214617,3,Small,1,Eatery,DIST_W_02,Un-Favorable
OUT_03174,2024-07,42.40003442721538,1,Small,1,Eatery,DIST_W_02,Moderate
OUT_03174,2024-08,76.10190630609627,1,Small,1,Eatery,DIST_W_02,Moderate
OUT_03174,2024-09,3.4920871070780803,2,Small,1,Eatery,DIST_W_02,Moderate
OUT_03174,2024-11,24.21089924908904,1,Small,1,Eatery,DIST_W_02,Moderate
OUT_03174,2024-12,54.06070806287656,2,Small,1,Eatery,DIST_W_02,Favorable
OUT_03174,2025-02,129.90430893052977,2,Small,1,Eatery,DIST_W_02,Moderate
OUT_03174,2025-03,86.58141780147898,1,Small,1,Eatery,DIST_W_02,Moderate
OUT_03174,2025-04,42.55115134020317,5,Small,1,Eatery,DIST_W_02,Favorable
OUT_03174,2025-07,5.174904343814915,1,Small,1,Eatery,DIST_W_02,Moderate
OUT_03174,2025-08,17.221420401659483,1,Small,1,Eatery,DIST_W_02,Moderate
OUT_03174,2025-09,31.138192519172605,2,Small,1,Eatery,DIST_W_02,Moderate
OUT_03174,2025-10,95.81456642342704,1,Small,1,Eatery,DIST_W_02,Moderate
OUT_03174,2025-11,38.22188507068447,1,Small,1,Eatery,DIST_W_02,Moderate
OUT_03174,2025-12,24.92479786365765,2,Small,1,Eatery,DIST_W_02,Favorable
OUT_03219,2023-01,78.08964532533199,3,Small,1,Pharmacy,DIST_W_01,Moderate
OUT_03219,2023-02,90.13955919790664,3,Small,1,Pharmacy,DIST_W_01,Moderate
OUT_03219,2023-03,23.23859657813037,1,Small,1,Pharmacy,DIST_W_01,Moderate
OUT_03219,2023-04,82.39764204092964,4,Small,1,Pharmacy,DIST_W_01,Favorable
OUT_03219,2023-06,48.9282087410997,1,Small,1,Pharmacy,DIST_W_01,Un-Favorable
OUT_03219,2023-07,88.32980848950368,1,Small,1,Pharmacy,DIST_W_01,Moderate
OUT_03219,2023-08,29.765166624773045,2,Small,1,Pharmacy,DIST_W_01,Moderate
OUT_03219,2023-11,23.95124306313553,1,Small,1,Pharmacy,DIST_W_01,Moderate
OUT_03219,2024-01,43.82124439216481,2,Small,1,Pharmacy,DIST_W_01,Moderate
OUT_03219,2024-02,73.85506574856807,3,Small,1,Pharmacy,DIST_W_01,Moderate
OUT_03219,2024-06,2.654874848204806,2,Small,1,Pharmacy,DIST_W_01,Un-Favorable
OUT_03219,2024-07,15.1312744260445,1,Small,1,Pharmacy,DIST_W_01,Moderate
OUT_03219,2024-11,32.36470612404568,1,Small,1,Pharmacy,DIST_W_01,Moderate
OUT_03219,2025-01,26.25583022729332,2,Small,1,Pharmacy,DIST_W_01,Moderate
OUT_03219,2025-04,56.91362831403411,5,Small,1,Pharmacy,DIST_W_01,Favorable
OUT_03219,2025-05,7.829121096570368,3,Small,1,Pharmacy,DIST_W_01,Un-Favorable
OUT_03219,2025-06,10.985998138567249,1,Small,1,Pharmacy,DIST_W_01,Un-Favorable
OUT_03219,2025-07,15.98603904075129,1,Small,1,Pharmacy,DIST_W_01,Moderate
OUT_03219,2025-11,29.0351091557554,1,Small,1,Pharmacy,DIST_W_01,Moderate
OUT_03370,2023-02,186.23451383892456,3,Medium,1,Eatery,DIST_W_02,Moderate
OUT_03370,2023-03,230.7466454274806,1,Medium,1,Eatery,DIST_W_02,Moderate
OUT_03370,2023-04,299.5700057488357,4,Medium,1,Eatery,DIST_W_02,Favorable
OUT_03370,2023-05,130.55557000249237,4,Medium,1,Eatery,DIST_W_02,Un-Favorable
OUT_03370,2023-06,134.50420330372214,1,Medium,1,Eatery,DIST_W_02,Un-Favorable
OUT_03370,2023-07,149.68023212233,1,Medium,1,Eatery,DIST_W_02,Moderate
OUT_03370,2023-08,71.79710304787666,2,Medium,1,Eatery,DIST_W_02,Moderate
OUT_03370,2023-09,182.9905810295489,2,Medium,1,Eatery,DIST_W_02,Moderate
OUT_03370,2023-10,172.49466636264432,1,Medium,1,Eatery,DIST_W_02,Moderate
OUT_03370,2023-12,137.79964996419915,2,Medium,1,Eatery,DIST_W_02,Favorable
OUT_03370,2024-01,211.35376596997028,2,Medium,1,Eatery,DIST_W_02,Moderate
OUT_03370,2024-03,120.30003184976516,3,Medium,1,Eatery,DIST_W_02,Moderate
OUT_03370,2024-04,136.21094623462926,7,Medium,1,Eatery,DIST_W_02,Favorable
OUT_03370,2024-05,22.251853734972705,3,Medium,1,Eatery,DIST_W_02,Un-Favorable
OUT_03370,2024-07,198.17466388693205,1,Medium,1,Eatery,DIST_W_02,Moderate
OUT_03370,2024-09,107.523285180995,2,Medium,1,Eatery,DIST_W_02,Moderate
OUT_03370,2024-11,67.82674349784796,1,Medium,1,Eatery,DIST_W_02,Moderate
OUT_03370,2024-12,354.7403856715041,2,Medium,1,Eatery,DIST_W_02,Favorable
OUT_03370,2025-01,97.31103716235548,2,Medium,1,Eatery,DIST_W_02,Moderate
OUT_03370,2025-02,41.75966150913241,2,Medium,1,Eatery,DIST_W_02,Moderate
OUT_03370,2025-03,47.3807060123019,1,Medium,1,Eatery,DIST_W_02,Moderate
OUT_03370,2025-06,18.527974368925648,1,Medium,1,Eatery,DIST_W_02,Un-Favorable
OUT_03370,2025-07,18.73869871613864,1,Medium,1,Eatery,DIST_W_02,Moderate
OUT_03370,2025-08,109.84884797238,1,Medium,1,Eatery,DIST_W_02,Moderate
OUT_03370,2025-09,232.5943368078336,2,Medium,1,Eatery,DIST_W_02,Moderate
OUT_03370,2025-10,96.03042018848718,1,Medium,1,Eatery,DIST_W_02,Moderate
OUT_03370,2025-12,85.81328650836792,2,Medium,1,Eatery,DIST_W_02,Favorable
OUT_03451,2023-01,541.3532346485089,3,Large,4,SMMT,DIST_W_03,Moderate
OUT_03451,2023-02,596.07840915268,3,Large,4,SMMT,DIST_W_03,Moderate
OUT_03451,2023-03,127.18408828990742,1,Large,4,SMMT,DIST_W_03,Moderate
OUT_03451,2023-04,963.9975787152156,4,Large,4,SMMT,DIST_W_03,Favorable
OUT_03451,2023-05,338.0971723900638,4,Large,4,SMMT,DIST_W_03,Un-Favorable
OUT_03451,2023-06,420.6413116915807,1,Large,4,SMMT,DIST_W_03,Un-Favorable
OUT_03451,2023-07,267.6932197246024,1,Large,4,SMMT,DIST_W_03,Moderate
OUT_03451,2023-08,182.2972838431142,2,Large,4,SMMT,DIST_W_03,Moderate
OUT_03451,2023-10,457.4218026749792,1,Large,4,SMMT,DIST_W_03,Moderate
OUT_03451,2023-11,458.2931029166212,1,Large,4,SMMT,DIST_W_03,Moderate
OUT_03451,2023-12,918.212547905158,2,Large,4,SMMT,DIST_W_03,Favorable
OUT_03451,2024-01,248.0404453130934,2,Large,4,SMMT,DIST_W_03,Moderate
OUT_03451,2024-02,666.7288860566848,3,Large,4,SMMT,DIST_W_03,Moderate
OUT_03451,2024-03,255.9128848526515,3,Large,4,SMMT,DIST_W_03,Moderate
OUT_03451,2024-05,395.40618908485806,3,Large,4,SMMT,DIST_W_03,Un-Favorable
OUT_03451,2024-06,386.72599943319074,2,Large,4,SMMT,DIST_W_03,Un-Favorable
OUT_03451,2024-07,639.8134277480525,1,Large,4,SMMT,DIST_W_03,Moderate
OUT_03451,2024-08,540.9405655973563,1,Large,4,SMMT,DIST_W_03,Moderate
OUT_03451,2024-09,325.8926554809421,2,Large,4,SMMT,DIST_W_03,Moderate
OUT_03451,2024-10,306.920786801242,2,Large,4,SMMT,DIST_W_03,Moderate
OUT_03451,2024-11,585.5533924499889,1,Large,4,SMMT,DIST_W_03,Moderate
OUT_03451,2025-01,608.8390359742646,2,Large,4,SMMT,DIST_W_03,Moderate
OUT_03451,2025-02,346.69359683681284,2,Large,4,SMMT,DIST_W_03,Moderate
OUT_03451,2025-04,420.90054327182247,5,Large,4,SMMT,DIST_W_03,Favorable
OUT_03451,2025-06,409.2850177681845,1,Large,4,SMMT,DIST_W_03,Un-Favorable
OUT_03451,2025-08,515.6523353136464,1,Large,4,SMMT,DIST_W_03,Moderate
OUT_03451,2025-09,351.65960031276006,2,Large,4,SMMT,DIST_W_03,Moderate
OUT_03451,2025-10,614.9352182251023,1,Large,4,SMMT,DIST_W_03,Moderate
OUT_03451,2025-11,618.998909364582,1,Large,4,SMMT,DIST_W_03,Moderate
OUT_03451,2025-12,798.1616976106743,2,Large,4,SMMT,DIST_W_03,Favorable
OUT_03564,2023-01,173.41723427814037,3,Medium,2,Pharmacy,DIST_W_03,Moderate
OUT_03564,2023-02,54.4775703185249,3,Medium,2,Pharmacy,DIST_W_03,Moderate
OUT_03564,2023-03,182.40557057030884,1,Medium,2,Pharmacy,DIST_W_03,Moderate
OUT_03564,2023-04,109.70505448860628,4,Medium,2,Pharmacy,DIST_W_03,Favorable
OUT_03564,2023-05,144.47203220891066,4,Medium,2,Pharmacy,DIST_W_03,Un-Favorable
OUT_03564,2023-06,50.80676615698683,1,Medium,2,Pharmacy,DIST_W_03,Un-Favorable
OUT_03564,2023-07,106.69398584156768,1,Medium,2,Pharmacy,DIST_W_03,Moderate
OUT_03564,2023-08,40.9655285205063,2,Medium,2,Pharmacy,DIST_W_03,Moderate
OUT_03564,2023-09,78.02714028638763,2,Medium,2,Pharmacy,DIST_W_03,Moderate
OUT_03564,2023-12,256.51248063671795,2,Medium,2,Pharmacy,DIST_W_03,Favorable
OUT_03564,2024-02,194.6414428655287,3,Medium,2,Pharmacy,DIST_W_03,Moderate
OUT_03564,2024-03,168.6177926261602,3,Medium,2,Pharmacy,DIST_W_03,Moderate
OUT_03564,2024-04,29.36956845365713,7,Medium,2,Pharmacy,DIST_W_03,Favorable
OUT_03564,2024-05,27.065609099500406,3,Medium,2,Pharmacy,DIST_W_03,Un-Favorable
OUT_03564,2024-06,102.57584390048837,2,Medium,2,Pharmacy,DIST_W_03,Un-Favorable
OUT_03564,2024-07,168.65976725110525,1,Medium,2,Pharmacy,DIST_W_03,Moderate
OUT_03564,2024-08,207.65272814433968,1,Medium,2,Pharmacy,DIST_W_03,Moderate
OUT_03564,2024-09,160.65592104434873,2,Medium,2,Pharmacy,DIST_W_03,Moderate
OUT_03564,2024-10,68.59754712989735,2,Medium,2,Pharmacy,DIST_W_03,Moderate
OUT_03564,2024-11,103.9575372458114,1,Medium,2,Pharmacy,DIST_W_03,Moderate
OUT_03564,2024-12,237.58311281406785,2,Medium,2,Pharmacy,DIST_W_03,Favorable
OUT_03564,2025-01,74.9067976017138,2,Medium,2,Pharmacy,DIST_W_03,Moderate
OUT_03564,2025-03,235.47446984960905,1,Medium,2,Pharmacy,DIST_W_03,Moderate
OUT_03564,2025-04,304.33800961836386,5,Medium,2,Pharmacy,DIST_W_03,Favorable
OUT_03564,2025-05,83.48791301801819,3,Medium,2,Pharmacy,DIST_W_03,Un-Favorable
OUT_03564,2025-06,53.70289490895355,1,Medium,2,Pharmacy,DIST_W_03,Un-Favorable
OUT_03564,2025-07,52.58272408269914,1,Medium,2,Pharmacy,DIST_W_03,Moderate
OUT_03564,2025-08,232.8271985805087,1,Medium,2,Pharmacy,DIST_W_03,Moderate
OUT_03564,2025-10,37.589621736022224,1,Medium,2,Pharmacy,DIST_W_03,Moderate
OUT_03564,2025-12,143.46942126098276,2,Medium,2,Pharmacy,DIST_W_03,Favorable
OUT_03705,2023-02,87.69385392364916,3,Small,1,SMMT,DIST_W_01,Moderate
OUT_03705,2023-06,17.07908977795405,1,Small,1,SMMT,DIST_W_01,Un-Favorable
OUT_03705,2023-07,87.86225479632085,1,Small,1,SMMT,DIST_W_01,Moderate
OUT_03705,2023-09,39.22838575668429,2,Small,1,SMMT,DIST_W_01,Moderate
OUT_03705,2023-11,16.191293107721137,1,Small,1,SMMT,DIST_W_01,Moderate
OUT_03705,2024-02,73.8383129079112,3,Small,1,SMMT,DIST_W_01,Moderate
OUT_03705,2024-03,25.63586865454282,3,Small,1,SMMT,DIST_W_01,Moderate
OUT_03705,2024-04,25.82027498532564,7,Small,1,SMMT,DIST_W_01,Favorable
OUT_03705,2024-05,12.040074909952354,3,Small,1,SMMT,DIST_W_01,Un-Favorable
OUT_03705,2024-06,45.70049806631414,2,Small,1,SMMT,DIST_W_01,Un-Favorable
OUT_03705,2024-10,9.314272406758043,2,Small,1,SMMT,DIST_W_01,Moderate
OUT_03705,2024-12,130.1133780177287,2,Small,1,SMMT,DIST_W_01,Favorable
OUT_03705,2025-02,79.15878654027392,2,Small,1,SMMT,DIST_W_01,Moderate
OUT_03705,2025-07,36.6286498255311,1,Small,1,SMMT,DIST_W_01,Moderate
OUT_03705,2025-12,115.83376208912804,2,Small,1,SMMT,DIST_W_01,Favorable
OUT_03891,2023-05,5.795870967420555,4,Medium,1,Kiosk,DIST_W_01,Un-Favorable
OUT_03891,2023-06,34.13017320800713,1,Medium,1,Kiosk,DIST_W_01,Un-Favorable
OUT_03891,2023-07,157.3466329100733,1,Medium,1,Kiosk,DIST_W_01,Moderate
OUT_03891,2023-08,142.63056398685907,2,Medium,1,Kiosk,DIST_W_01,Moderate
OUT_03891,2023-09,61.15421660235581,2,Medium,1,Kiosk,DIST_W_01,Moderate
OUT_03891,2023-11,103.47453154310278,1,Medium,1,Kiosk,DIST_W_01,Moderate
OUT_03891,2023-12,297.8887547438155,2,Medium,1,Kiosk,DIST_W_01,Favorable
OUT_03891,2024-03,119.28673588918932,3,Medium,1,Kiosk,DIST_W_01,Moderate
OUT_03891,2024-04,53.52059863824245,7,Medium,1,Kiosk,DIST_W_01,Favorable
OUT_03891,2024-05,26.21291372108968,3,Medium,1,Kiosk,DIST_W_01,Un-Favorable
OUT_03891,2024-06,30.42194905092241,2,Medium,1,Kiosk,DIST_W_01,Un-Favorable
OUT_03891,2024-09,37.5866993016415,2,Medium,1,Kiosk,DIST_W_01,Moderate
OUT_03891,2024-10,33.71527803447725,2,Medium,1,Kiosk,DIST_W_01,Moderate
OUT_03891,2024-11,191.7624476836872,1,Medium,1,Kiosk,DIST_W_01,Moderate
OUT_03891,2024-12,121.86724059819235,2,Medium,1,Kiosk,DIST_W_01,Favorable
OUT_03891,2025-01,69.83141582723239,2,Medium,1,Kiosk,DIST_W_01,Moderate
OUT_03891,2025-02,163.00333551242562,2,Medium,1,Kiosk,DIST_W_01,Moderate
OUT_03891,2025-04,109.70829752039172,5,Medium,1,Kiosk,DIST_W_01,Favorable
OUT_03891,2025-07,202.72979079427785,1,Medium,1,Kiosk,DIST_W_01,Moderate
OUT_03891,2025-09,179.73231225039387,2,Medium,1,Kiosk,DIST_W_01,Moderate
OUT_03891,2025-11,107.32277667529571,1,Medium,1,Kiosk,DIST_W_01,Moderate
OUT_03891,2025-12,298.89512193492544,2,Medium,1,Kiosk,DIST_W_01,Favorable
OUT_03932,2023-01,87.01041084013298,3,Medium,2,Eatery,DIST_W_03,Moderate
OUT_03932,2023-02,178.73274304731422,3,Medium,2,Eatery,DIST_W_03,Moderate
OUT_03932,2023-03,90.4430734493843,1,Medium,2,Eatery,DIST_W_03,Moderate
OUT_03932,2023-04,73.36003555776283,4,Medium,2,Eatery,DIST_W_03,Favorable
OUT_03932,2023-05,16.836200094397014,4,Medium,2,Eatery,DIST_W_03,Un-Favorable
OUT_03932,2023-07,152.4637020552718,1,Medium,2,Eatery,DIST_W_03,Moderate
OUT_03932,2023-08,231.3191588026841,2,Medium,2,Eatery,DIST_W_03,Moderate
OUT_03932,2023-09,149.25882861223988,2,Medium,2,Eatery,DIST_W_03,Moderate
OUT_03932,2023-10,111.93312805346558,1,Medium,2,Eatery,DIST_W_03,Moderate
OUT_03932,2024-01,168.98377732170135,2,Medium,2,Eatery,DIST_W_03,Moderate
OUT_03932,2024-02,142.6351791325315,3,Medium,2,Eatery,DIST_W_03,Moderate
OUT_03932,2024-03,83.51144174614923,3,Medium,2,Eatery,DIST_W_03,Moderate
OUT_03932,2024-07,-78.08274620202417,1,Medium,2,Eatery,DIST_W_03,Moderate
OUT_03932,2024-08,225.13388105846124,1,Medium,2,Eatery,DIST_W_03,Moderate
OUT_03932,2024-09,92.5981153377895,2,Medium,2,Eatery,DIST_W_03,Moderate
OUT_03932,2024-10,88.79420805538254,2,Medium,2,Eatery,DIST_W_03,Moderate
OUT_03932,2024-11,71.72324575937122,1,Medium,2,Eatery,DIST_W_03,Moderate
OUT_03932,2024-12,323.75432709771343,2,Medium,2,Eatery,DIST_W_03,Favorable
OUT_03932,2025-01,168.16989483911948,2,Medium,2,Eatery,DIST_W_03,Moderate
OUT_03932,2025-02,193.91160301283813,2,Medium,2,Eatery,DIST_W_03,Moderate
OUT_03932,2025-05,128.2889801858977,3,Medium,2,Eatery,DIST_W_03,Un-Favorable
OUT_03932,2025-06,46.430703150315786,1,Medium,2,Eatery,DIST_W_03,Un-Favorable
OUT_03932,2025-07,38.117549180342095,1,Medium,2,Eatery,DIST_W_03,Moderate
OUT_03932,2025-09,92.83075949376156,2,Medium,2,Eatery,DIST_W_03,Moderate
OUT_03932,2025-10,190.41912503876105,1,Medium,2,Eatery,DIST_W_03,Moderate
OUT_03932,2025-11,203.06315086616632,1,Medium,2,Eatery,DIST_W_03,Moderate
OUT_03932,2025-12,192.09648312826016,2,Medium,2,Eatery,DIST_W_03,Favorable
OUT_04061,2023-01,305.8519340080465,3,Large,5,Kiosk,DIST_W_02,Moderate
OUT_04061,2023-02,643.8310793452378,3,Large,5,Kiosk,DIST_W_02,Moderate
OUT_04061,2023-03,530.9169775462501,1,Large,5,Kiosk,DIST_W_02,Moderate
OUT_04061,2023-04,952.2935281984052,4,Large,5,Kiosk,DIST_W_02,Favorable
OUT_04061,2023-06,412.47470925138896,1,Large,5,Kiosk,DIST_W_02,Un-Favorable
OUT_04061,2023-07,582.9680804950344,1,Large,5,Kiosk,DIST_W_02,Moderate
OUT_04061,2023-08,520.5531312277265,2,Large,5,Kiosk,DIST_W_02,Moderate
OUT_04061,2023-09,634.0760241404405,2,Large,5,Kiosk,DIST_W_02,Moderate
OUT_04061,2023-10,589.7641433111156,1,Large,5,Kiosk,DIST_W_02,Moderate
OUT_04061,2023-11,591.6334593153288,1,Large,5,Kiosk,DIST_W_02,Moderate
OUT_04061,2024-01,536.2755879883413,2,Large,5,Kiosk,DIST_W_02,Moderate
OUT_04061,2024-02,456.0792139425453,3,Large,5,Kiosk,DIST_W_02,Moderate
OUT_04061,2024-03,616.5202050554881,3,Large,5,Kiosk,DIST_W_02,Moderate
OUT_04061,2024-04,820.2883193610962,7,Large,5,Kiosk,DIST_W_02,Favorable
OUT_04061,2024-05,402.1127384786052,3,Large,5,Kiosk,DIST_W_02,Un-Favorable
OUT_04061,2024-06,423.04975616977504,2,Large,5,Kiosk,DIST_W_02,Un-Favorable
OUT_04061,2024-07,354.6218626542029,1,Large,5,Kiosk,DIST_W_02,Moderate
OUT_04061,2024-08,251.7881116758757,1,Large,5,Kiosk,DIST_W_02,Moderate
OUT_04061,2024-11,244.50523134908732,1,Large,5,Kiosk,DIST_W_02,Moderate
OUT_04061,2024-12,846.3866460455324,2,Large,5,Kiosk,DIST_W_02,Favorable
OUT_04061,2025-01,595.011839059826,2,Large,5,Kiosk,DIST_W_02,Moderate
OUT_04061,2025-02,618.9646896199001,2,Large,5,Kiosk,DIST_W_02,Moderate
OUT_04061,2025-03,640.2318940128757,1,Large,5,Kiosk,DIST_W_02,Moderate
OUT_04061,2025-04,635.2116561476503,5,Large,5,Kiosk,DIST_W_02,Favorable
OUT_04061,2025-05,481.0337893289188,3,Large,5,Kiosk,DIST_W_02,Un-Favorable
OUT_04061,2025-06,354.93433579003914,1,Large,5,Kiosk,DIST_W_02,Un-Favorable
OUT_04061,2025-07,665.2745593740254,1,Large,5,Kiosk,DIST_W_02,Moderate
OUT_04061,2025-08,552.0589720372601,1,Large,5,Kiosk,DIST_W_02,Moderate
OUT_04061,2025-09,609.1153819516366,2,Large,5,Kiosk,DIST_W_02,Moderate
OUT_04061,2025-10,612.5441885630081,1,Large,5,Kiosk,DIST_W_02,Moderate
OUT_04061,2025-12,883.2245048515135,2,Large,5,Kiosk,DIST_W_02,Favorable
OUT_04062,2023-01,572.4667003995901,3,Large,2,Kiosk,DIST_W_02,Moderate
OUT_04062,2023-02,291.15493685881785,3,Large,2,Kiosk,DIST_W_02,Moderate
OUT_04062,2023-03,665.8315249972155,1,Large,2,Kiosk,DIST_W_02,Moderate
OUT_04062,2023-04,966.4046145033352,4,Large,2,Kiosk,DIST_W_02,Favorable
OUT_04062,2023-05,316.0380313960249,4,Large,2,Kiosk,DIST_W_02,Un-Favorable
OUT_04062,2023-06,373.0739998951658,1,Large,2,Kiosk,DIST_W_02,Un-Favorable
OUT_04062,2023-07,607.1638395421387,1,Large,2,Kiosk,DIST_W_02,Moderate
OUT_04062,2023-08,532.1130887626457,2,Large,2,Kiosk,DIST_W_02,Moderate
OUT_04062,2023-09,665.1771826987392,2,Large,2,Kiosk,DIST_W_02,Moderate
OUT_04062,2023-10,614.123336895268,1,Large,2,Kiosk,DIST_W_02,Moderate
OUT_04062,2023-11,539.274610685599,1,Large,2,Kiosk,DIST_W_02,Moderate
OUT_04062,2023-12,808.2339001263464,2,Large,2,Kiosk,DIST_W_02,Favorable
OUT_04062,2024-01,563.3373397758419,2,Large,2,Kiosk,DIST_W_02,Moderate
OUT_04062,2024-02,314.93956364078554,3,Large,2,Kiosk,DIST_W_02,Moderate
OUT_04062,2024-04,925.7557422308688,7,Large,2,Kiosk,DIST_W_02,Favorable
OUT_04062,2024-05,387.9535323287756,3,Large,2,Kiosk,DIST_W_02,Un-Favorable
OUT_04062,2024-06,294.8164180828744,2,Large,2,Kiosk,DIST_W_02,Un-Favorable
OUT_04062,2024-07,453.8328603748445,1,Large,2,Kiosk,DIST_W_02,Moderate
OUT_04062,2024-08,598.341959447769,1,Large,2,Kiosk,DIST_W_02,Moderate
OUT_04062,2024-09,614.3932785703274,2,Large,2,Kiosk,DIST_W_02,Moderate
OUT_04062,2024-11,673.6644677602269,1,Large,2,Kiosk,DIST_W_02,Moderate
OUT_04062,2024-12,802.1710438858712,2,Large,2,Kiosk,DIST_W_02,Favorable
OUT_04062,2025-02,309.8458473043986,2,Large,2,Kiosk,DIST_W_02,Moderate
OUT_04062,2025-05,356.4059252275935,3,Large,2,Kiosk,DIST_W_02,Un-Favorable
OUT_04062,2025-06,385.076935216994,1,Large,2,Kiosk,DIST_W_02,Un-Favorable
OUT_04062,2025-07,539.3235383273525,1,Large,2,Kiosk,DIST_W_02,Moderate
OUT_04062,2025-08,686.3774986081227,1,Large,2,Kiosk,DIST_W_02,Moderate
OUT_04062,2025-09,497.1833359878798,2,Large,2,Kiosk,DIST_W_02,Moderate
OUT_04062,2025-10,333.2974347330409,1,Large,2,Kiosk,DIST_W_02,Moderate
OUT_04062,2025-11,581.8369106269241,1,Large,2,Kiosk,DIST_W_02,Moderate
OUT_04249,2023-03,207.16010675551024,1,Medium,1,Eatery,DIST_W_01,Moderate
OUT_04249,2023-04,290.1523191528595,4,Medium,1,Eatery,DIST_W_01,Favorable
OUT_04249,2023-05,109.0809795179104,4,Medium,1,Eatery,DIST_W_01,Un-Favorable
OUT_04249,2023-06,111.7188661964398,1,Medium,1,Eatery,DIST_W_01,Un-Favorable
OUT_04249,2023-07,53.36863141511241,1,Medium,1,Eatery,DIST_W_01,Moderate
OUT_04249,2023-11,204.75026506316152,1,Medium,1,Eatery,DIST_W_01,Moderate
OUT_04249,2024-02,238.8215870163882,3,Medium,1,Eatery,DIST_W_01,Moderate
OUT_04249,2024-05,137.2746656773053,3,Medium,1,Eatery,DIST_W_01,Un-Favorable
OUT_04249,2024-06,60.678077311355615,2,Medium,1,Eatery,DIST_W_01,Un-Favorable
OUT_04249,2024-07,238.5926082287287,1,Medium,1,Eatery,DIST_W_01,Moderate
OUT_04249,2024-08,193.906692075142,1,Medium,1,Eatery,DIST_W_01,Moderate
OUT_04249,2024-09,197.55882503363296,2,Medium,1,Eatery,DIST_W_01,Moderate
OUT_04249,2024-11,57.38130048185785,1,Medium,1,Eatery,DIST_W_01,Moderate
OUT_04249,2024-12,150.37654292382342,2,Medium,1,Eatery,DIST_W_01,Favorable
OUT_04249,2025-01,63.06114854817949,2,Medium,1,Eatery,DIST_W_01,Moderate
OUT_04249,2025-02,139.54792168465394,2,Medium,1,Eatery,DIST_W_01,Moderate
OUT_04249,2025-03,111.98163197430192,1,Medium,1,Eatery,DIST_W_01,Moderate
OUT_04249,2025-04,125.9579287523996,5,Medium,1,Eatery,DIST_W_01,Favorable
OUT_04249,2025-06,45.32151662311072,1,Medium,1,Eatery,DIST_W_01,Un-Favorable
OUT_04249,2025-07,41.861419593642616,1,Medium,1,Eatery,DIST_W_01,Moderate
OUT_04249,2025-09,93.90989372477632,2,Medium,1,Eatery,DIST_W_01,Moderate
OUT_04249,2025-10,102.92219148691434,1,Medium,1,Eatery,DIST_W_01,Moderate
OUT_04249,2025-11,78.48166025388348,1,Medium,1,Eatery,DIST_W_01,Moderate
OUT_04249,2025-12,262.0639382937048,2,Medium,1,Eatery,DIST_W_01,Favorable
OUT_04364,2023-02,67.04856224086353,3,Small,0,Hotel,DIST_W_01,Moderate
OUT_04364,2023-03,12.80113146121685,1,Small,0,Hotel,DIST_W_01,Moderate
OUT_04364,2023-04,40.01279501122498,4,Small,0,Hotel,DIST_W_01,Favorable
OUT_04364,2023-05,21.353824948080256,4,Small,0,Hotel,DIST_W_01,Un-Favorable
OUT_04364,2023-06,49.65495310538003,1,Small,0,Hotel,DIST_W_01,Un-Favorable
OUT_04364,2023-08,102.86497679002238,2,Small,0,Hotel,DIST_W_01,Moderate
OUT_04364,2023-09,70.04888337266543,2,Small,0,Hotel,DIST_W_01,Moderate
OUT_04364,2023-10,43.8112510456652,1,Small,0,Hotel,DIST_W_01,Moderate
OUT_04364,2023-11,4.940004618987776,1,Small,0,Hotel,DIST_W_01,Moderate
OUT_04364,2024-02,94.64638601908956,3,Small,0,Hotel,DIST_W_01,Moderate
OUT_04364,2024-04,11.450792186591872,7,Small,0,Hotel,DIST_W_01,Favorable
OUT_04364,2024-05,5.016926050855818,3,Small,0,Hotel,DIST_W_01,Un-Favorable
OUT_04364,2024-07,54.832562330930514,1,Small,0,Hotel,DIST_W_01,Moderate
OUT_04364,2024-09,25.22015492800996,2,Small,0,Hotel,DIST_W_01,Moderate
OUT_04364,2024-10,75.63072073977847,2,Small,0,Hotel,DIST_W_01,Moderate
OUT_04364,2024-11,44.09725226448389,1,Small,0,Hotel,DIST_W_01,Moderate
OUT_04364,2025-01,36.91084683732906,2,Small,0,Hotel,DIST_W_01,Moderate
OUT_04364,2025-03,15.225249485336054,1,Small,0,Hotel,DIST_W_01,Moderate
OUT_04364,2025-04,16.38137354141542,5,Small,0,Hotel,DIST_W_01,Favorable
OUT_04364,2025-05,61.8016579119582,3,Small,0,Hotel,DIST_W_01,Un-Favorable
OUT_04364,2025-07,24.43889953992779,1,Small,0,Hotel,DIST_W_01,Moderate
OUT_04364,2025-09,32.64476031800608,2,Small,0,Hotel,DIST_W_01,Moderate
OUT_04372,2023-02,11.53860514013423,3,Small,0,Hotel,DIST_W_01,Moderate
OUT_04372,2023-03,83.83461413850122,1,Small,0,Hotel,DIST_W_01,Moderate
OUT_04372,2024-01,12.359017004527896,2,Small,0,Hotel,DIST_W_01,Moderate
OUT_04372,2024-02,14.032328733657112,3,Small,0,Hotel,DIST_W_01,Moderate
OUT_04372,2024-03,66.82883875531188,3,Small,0,Hotel,DIST_W_01,Moderate
OUT_04372,2024-08,23.20348529618075,1,Small,0,Hotel,DIST_W_01,Moderate
OUT_04372,2024-10,81.57026586764334,2,Small,0,Hotel,DIST_W_01,Moderate
OUT_04372,2025-03,41.07379572346868,1,Small,0,Hotel,DIST_W_01,Moderate
OUT_04372,2025-05,47.99991175033705,3,Small,0,Hotel,DIST_W_01,Un-Favorable
OUT_04372,2025-10,26.23974549141747,1,Small,0,Hotel,DIST_W_01,Moderate
OUT_04372,2025-12,42.953546312145846,2,Small,0,Hotel,DIST_W_01,Favorable
OUT_04425,2023-01,16.759027530736226,3,Small,0,Eatery,DIST_W_02,Moderate
OUT_04425,2023-04,145.99886676972142,4,Small,0,Eatery,DIST_W_02,Favorable
OUT_04425,2023-06,15.045844114329544,1,Small,0,Eatery,DIST_W_02,Un-Favorable
OUT_04425,2023-07,17.27821403069902,1,Small,0,Eatery,DIST_W_02,Moderate
OUT_04425,2023-08,37.32860414629525,2,Small,0,Eatery,DIST_W_02,Moderate
OUT_04425,2023-09,25.345410730922183,2,Small,0,Eatery,DIST_W_02,Moderate
OUT_04425,2023-11,2.871631971355664,1,Small,0,Eatery,DIST_W_02,Moderate
OUT_04425,2023-12,40.07099640099845,2,Small,0,Eatery,DIST_W_02,Favorable
OUT_04425,2024-01,65.59111961581085,2,Small,0,Eatery,DIST_W_02,Moderate
OUT_04425,2024-02,18.24133704454955,3,Small,0,Eatery,DIST_W_02,Moderate
OUT_04425,2024-03,23.070199990450448,3,Small,0,Eatery,DIST_W_02,Moderate
OUT_04425,2024-04,41.213492237420645,7,Small,0,Eatery,DIST_W_02,Favorable
OUT_04425,2024-07,26.29525698916787,1,Small,0,Eatery,DIST_W_02,Moderate
OUT_04425,2024-08,18.054448601741434,1,Small,0,Eatery,DIST_W_02,Moderate
OUT_04425,2024-11,18.06789360845395,1,Small,0,Eatery,DIST_W_02,Moderate
OUT_04425,2025-01,13.063612584235113,2,Small,0,Eatery,DIST_W_02,Moderate
OUT_04425,2025-02,30.50757668069059,2,Small,0,Eatery,DIST_W_02,Moderate
OUT_04425,2025-03,53.94544978454285,1,Small,0,Eatery,DIST_W_02,Moderate
OUT_04425,2025-05,4.750686379566274,3,Small,0,Eatery,DIST_W_02,Un-Favorable
OUT_04425,2025-07,6.027726886072054,1,Small,0,Eatery,DIST_W_02,Moderate
OUT_04425,2025-08,10.592836016019552,1,Small,0,Eatery,DIST_W_02,Moderate
OUT_04425,2025-09,39.86524869470384,2,Small,0,Eatery,DIST_W_02,Moderate
OUT_04425,2025-10,11.449802596097111,1,Small,0,Eatery,DIST_W_02,Moderate
OUT_04425,2025-11,78.94054781436976,1,Small,0,Eatery,DIST_W_02,Moderate
OUT_04425,2025-12,38.91711774470752,2,Small,0,Eatery,DIST_W_02,Favorable
OUT_04477,2023-01,39.60910647784978,3,,0,Kiosk,DIST_W_03,Moderate
OUT_04477,2023-02,74.32552939656638,3,,0,Kiosk,DIST_W_03,Moderate
OUT_04477,2023-03,19.918593883241908,1,,0,Kiosk,DIST_W_03,Moderate
OUT_04477,2023-04,54.03418958318168,4,,0,Kiosk,DIST_W_03,Favorable
OUT_04477,2023-05,37.8149126918247,4,,0,Kiosk,DIST_W_03,Un-Favorable
OUT_04477,2023-08,21.35699491250233,2,,0,Kiosk,DIST_W_03,Moderate
OUT_04477,2023-10,7.192453008825553,1,,0,Kiosk,DIST_W_03,Moderate
OUT_04477,2024-01,17.38913619327565,2,,0,Kiosk,DIST_W_03,Moderate
OUT_04477,2024-03,73.16515376951547,3,,0,Kiosk,DIST_W_03,Moderate
OUT_04477,2025-02,4.463868366650476,2,,0,Kiosk,DIST_W_03,Moderate
OUT_04477,2025-05,22.43343048152786,3,,0,Kiosk,DIST_W_03,Un-Favorable
OUT_04477,2025-06,74.84046327415697,1,,0,Kiosk,DIST_W_03,Un-Favorable
OUT_04477,2025-10,37.04425509340053,1,,0,Kiosk,DIST_W_03,Moderate
OUT_04477,2025-11,2.8166257002186006,1,,0,Kiosk,DIST_W_03,Moderate
OUT_04477,2025-12,31.12106394531696,2,,0,Kiosk,DIST_W_03,Favorable
OUT_04605,2023-06,51.3425773578842,1,Small,0,Kiosk,DIST_W_03,Un-Favorable
OUT_04605,2023-08,87.12788680808289,2,Small,0,Kiosk,DIST_W_03,Moderate
OUT_04605,2023-10,16.421741140072776,1,Small,0,Kiosk,DIST_W_03,Moderate
OUT_04605,2023-11,85.43579889270389,1,Small,0,Kiosk,DIST_W_03,Moderate
OUT_04605,2023-12,55.122854451314446,2,Small,0,Kiosk,DIST_W_03,Favorable
OUT_04605,2024-04,145.6425353026691,7,Small,0,Kiosk,DIST_W_03,Favorable
OUT_04605,2024-05,15.579575640675008,3,Small,0,Kiosk,DIST_W_03,Un-Favorable
OUT_04605,2025-02,10.270199057872835,2,Small,0,Kiosk,DIST_W_03,Moderate
OUT_04605,2025-04,38.6153532637326,5,Small,0,Kiosk,DIST_W_03,Favorable
OUT_04605,2025-06,23.08470457476728,1,Small,0,Kiosk,DIST_W_03,Un-Favorable
OUT_04605,2025-07,29.89478507869554,1,Small,0,Kiosk,DIST_W_03,Moderate
OUT_04605,2025-08,17.964238060926736,1,Small,0,Kiosk,DIST_W_03,Moderate
OUT_04605,2025-10,42.10101580404259,1,Small,0,Kiosk,DIST_W_03,Moderate
OUT_04702,2023-01,97.57502011194916,3,Medium,2,Bakery,DIST_W_02,Moderate
OUT_04702,2023-03,177.15957206332683,1,Medium,2,Bakery,DIST_W_02,Moderate
OUT_04702,2023-04,272.4525547379965,4,Medium,2,Bakery,DIST_W_02,Favorable
OUT_04702,2023-05,94.54461776213148,4,Medium,2,Bakery,DIST_W_02,Un-Favorable
OUT_04702,2023-06,34.38080942055266,1,Medium,2,Bakery,DIST_W_02,Un-Favorable
OUT_04702,2023-07,52.30278181865125,1,Medium,2,Bakery,DIST_W_02,Moderate
OUT_04702,2023-08,54.133092803703,2,Medium,2,Bakery,DIST_W_02,Moderate
OUT_04702,2023-09,238.0169686042185,2,Medium,2,Bakery,DIST_W_02,Moderate
OUT_04702,2023-10,97.73414536887324,1,Medium,2,Bakery,DIST_W_02,Moderate
OUT_04702,2023-11,70.83366367434195,1,Medium,2,Bakery,DIST_W_02,Moderate
OUT_04702,2023-12,219.5201889248675,2,Medium,2,Bakery,DIST_W_02,Favorable
OUT_04702,2024-01,190.16940255614097,2,Medium,2,Bakery,DIST_W_02,Moderate
OUT_04702,2024-03,115.0206041518889,3,Medium,2,Bakery,DIST_W_02,Moderate
OUT_04702,2024-04,325.2759064612815,7,Medium,2,Bakery,DIST_W_02,Favorable
OUT_04702,2024-05,74.78303273428634,3,Medium,2,Bakery,DIST_W_02,Un-Favorable
OUT_04702,2024-07,227.56213550539456,1,Medium,2,Bakery,DIST_W_02,Moderate
OUT_04702,2024-08,71.02663649129042,1,Medium,2,Bakery,DIST_W_02,Moderate
OUT_04702,2024-12,312.14698176641,2,Medium,2,Bakery,DIST_W_02,Favorable
OUT_04702,2025-03,130.28812122215191,1,Medium,2,Bakery,DIST_W_02,Moderate
OUT_04702,2025-05,76.2198314537887,3,Medium,2,Bakery,DIST_W_02,Un-Favorable
OUT_04702,2025-07,186.06472726451813,1,Medium,2,Bakery,DIST_W_02,Moderate
OUT_04702,2025-08,62.21637917234427,1,Medium,2,Bakery,DIST_W_02,Moderate
OUT_04702,2025-09,61.350661994895226,2,Medium,2,Bakery,DIST_W_02,Moderate
OUT_04702,2025-12,346.51358974927723,2,Medium,2,Bakery,DIST_W_02,Favorable
OUT_04708,2023-04,34.062710614125336,4,Small,1,Bakery,DIST_W_01,Favorable
OUT_04708,2023-10,62.08614938184658,1,Small,1,Bakery,DIST_W_01,Moderate
OUT_04708,2023-11,14.926109247748805,1,Small,1,Bakery,DIST_W_01,Moderate
OUT_04708,2023-12,127.1210344121441,2,Small,1,Bakery,DIST_W_01,Favorable
OUT_04708,2024-03,58.642547486872935,3,Small,1,Bakery,DIST_W_01,Moderate
OUT_04708,2024-05,45.632838607376776,3,Small,1,Bakery,DIST_W_01,Un-Favorable
OUT_04708,2024-09,22.918655315951675,2,Small,1,Bakery,DIST_W_01,Moderate
OUT_04708,2024-10,58.969125768017285,2,Small,1,Bakery,DIST_W_01,Moderate
OUT_04708,2024-12,56.1151572806893,2,Small,1,Bakery,DIST_W_01,Favorable
OUT_04708,2025-05,1.6480214149688677,3,Small,1,Bakery,DIST_W_01,Un-Favorable
OUT_04708,2025-06,6.753370629215412,1,Small,1,Bakery,DIST_W_01,Un-Favorable
OUT_04708,2025-07,24.447529673216483,1,Small,1,Bakery,DIST_W_01,Moderate
OUT_04708,2025-10,87.94339517572811,1,Small,1,Bakery,DIST_W_01,Moderate
OUT_04708,2025-12,32.882352489120684,2,Small,1,Bakery,DIST_W_01,Favorable
OUT_04720,2023-01,15.487655724369963,3,Small,1,Grocery,DIST_W_01,Moderate
OUT_04720,2023-02,84.83885305820789,3,Small,1,Grocery,DIST_W_01,Moderate
OUT_04720,2023-03,80.0409550452554,1,Small,1,Grocery,DIST_W_01,Moderate
OUT_04720,2023-05,3.738905286591811,4,Small,1,Grocery,DIST_W_01,Un-Favorable
OUT_04720,2023-06,6.5149237929547255,1,Small,1,Grocery,DIST_W_01,Un-Favorable
OUT_04720,2023-08,4.123558959167617,2,Small,1,Grocery,DIST_W_01,Moderate
OUT_04720,2023-10,107.4662203117449,1,Small,1,Grocery,DIST_W_01,Moderate
OUT_04720,2023-11,100.4658273960078,1,Small,1,Grocery,DIST_W_01,Moderate
OUT_04720,2024-01,80.61321097872724,2,Small,1,Grocery,DIST_W_01,Moderate
OUT_04720,2024-02,12.825585334842325,3,Small,1,Grocery,DIST_W_01,Moderate
OUT_04720,2024-04,28.267692476220205,7,Small,1,Grocery,DIST_W_01,Favorable
OUT_04720,2024-05,15.879054144205895,3,Small,1,Grocery,DIST_W_01,Un-Favorable
OUT_04720,2024-07,26.94188595262596,1,Small,1,Grocery,DIST_W_01,Moderate
OUT_04720,2024-08,31.36430070200977,1,Small,1,Grocery,DIST_W_01,Moderate
OUT_04720,2024-09,78.90000745429046,2,Small,1,Grocery,DIST_W_01,Moderate
OUT_04720,2025-01,33.13299319545203,2,Small,1,Grocery,DIST_W_01,Moderate
OUT_04720,2025-02,60.64086582904614,2,Small,1,Grocery,DIST_W_01,Moderate
OUT_04720,2025-03,49.10993891136747,1,Small,1,Grocery,DIST_W_01,Moderate
OUT_04720,2025-04,137.71617735818086,5,Small,1,Grocery,DIST_W_01,Favorable
OUT_04720,2025-06,50.643729772277496,1,Small,1,Grocery,DIST_W_01,Un-Favorable
OUT_04720,2025-07,21.848083584629222,1,Small,1,Grocery,DIST_W_01,Moderate
OUT_04720,2025-10,10.726503757488462,1,Small,1,Grocery,DIST_W_01,Moderate
OUT_04720,2025-12,96.33593600117663,2,Small,1,Grocery,DIST_W_01,Favorable
OUT_04817,2023-01,55.86941068031116,3,Small,1,Pharmacy,DIST_W_03,Moderate
OUT_04817,2023-04,113.93383043054116,4,Small,1,Pharmacy,DIST_W_03,Favorable
OUT_04817,2023-05,64.62126850169878,4,Small,1,Pharmacy,DIST_W_03,Un-Favorable
OUT_04817,2023-06,15.93601178172156,1,Small,1,Pharmacy,DIST_W_03,Un-Favorable
OUT_04817,2023-07,32.29890505041354,1,Small,1,Pharmacy,DIST_W_03,Moderate
OUT_04817,2023-08,67.25881386281341,2,Small,1,Pharmacy,DIST_W_03,Moderate
OUT_04817,2024-01,71.34360121845152,2,Small,1,Pharmacy,DIST_W_03,Moderate
OUT_04817,2024-03,41.30734764387693,3,Small,1,Pharmacy,DIST_W_03,Moderate
OUT_04817,2024-04,16.989208378958185,7,Small,1,Pharmacy,DIST_W_03,Favorable
OUT_04817,2024-05,11.873585937254772,3,Small,1,Pharmacy,DIST_W_03,Un-Favorable
OUT_04817,2024-06,21.143212186761616,2,Small,1,Pharmacy,DIST_W_03,Un-Favorable
OUT_04817,2024-09,56.746647280147975,2,Small,1,Pharmacy,DIST_W_03,Moderate
OUT_04817,2024-10,98.43413158366008,2,Small,1,Pharmacy,DIST_W_03,Moderate
OUT_04817,2024-12,68.96050732133062,2,Small,1,Pharmacy,DIST_W_03,Favorable
OUT_04817,2025-01,21.801325585833226,2,Small,1,Pharmacy,DIST_W_03,Moderate
OUT_04817,2025-02,17.96446184307638,2,Small,1,Pharmacy,DIST_W_03,Moderate
OUT_04817,2025-06,47.645584512134064,1,Small,1,Pharmacy,DIST_W_03,Un-Favorable
OUT_04817,2025-08,33.737613490376205,1,Small,1,Pharmacy,DIST_W_03,Moderate
OUT_04817,2025-10,55.46179018472064,1,Small,1,Pharmacy,DIST_W_03,Moderate
OUT_04817,2025-11,30.56355088099609,1,Small,1,Pharmacy,DIST_W_03,Moderate
OUT_04817,2025-12,93.67917026644513,2,Small,1,Pharmacy,DIST_W_03,Favorable
OUT_04846,2023-01,23.20866107956596,3,Small,1,Pharmacy,DIST_W_03,Moderate
OUT_04846,2023-02,19.81620518343277,3,Small,1,Pharmacy,DIST_W_03,Moderate
OUT_04846,2023-04,113.72263911378964,4,Small,1,Pharmacy,DIST_W_03,Favorable
OUT_04846,2023-06,36.60766129721118,1,Small,1,Pharmacy,DIST_W_03,Un-Favorable
OUT_04846,2023-07,17.35173982710269,1,Small,1,Pharmacy,DIST_W_03,Moderate
OUT_04846,2023-10,38.10295999172959,1,Small,1,Pharmacy,DIST_W_03,Moderate
OUT_04846,2023-12,27.177783268249616,2,Small,1,Pharmacy,DIST_W_03,Favorable
OUT_04846,2024-03,5.821627474896872,3,Small,1,Pharmacy,DIST_W_03,Moderate
OUT_04846,2024-04,6.063598542645029,7,Small,1,Pharmacy,DIST_W_03,Favorable
OUT_04846,2024-05,60.7418791484855,3,Small,1,Pharmacy,DIST_W_03,Un-Favorable
OUT_04846,2024-07,11.567115290441349,1,Small,1,Pharmacy,DIST_W_03,Moderate
OUT_04846,2024-08,20.793637166096627,1,Small,1,Pharmacy,DIST_W_03,Moderate
OUT_04846,2024-09,7.833494852342861,2,Small,1,Pharmacy,DIST_W_03,Moderate
OUT_04846,2024-11,24.079573140087188,1,Small,1,Pharmacy,DIST_W_03,Moderate
OUT_04846,2024-12,38.82673747348606,2,Small,1,Pharmacy,DIST_W_03,Favorable
OUT_04846,2025-02,14.393058476106996,2,Small,1,Pharmacy,DIST_W_03,Moderate
OUT_04846,2025-03,33.06276921346954,1,Small,1,Pharmacy,DIST_W_03,Moderate
OUT_04846,2025-05,14.80431860034911,3,Small,1,Pharmacy,DIST_W_03,Un-Favorable
OUT_04846,2025-09,6.695867172398792,2,Small,1,Pharmacy,DIST_W_03,Moderate
OUT_04846,2025-10,51.69663133382936,1,Small,1,Pharmacy,DIST_W_03,Moderate
OUT_04846,2025-11,37.78814301291587,1,Small,1,Pharmacy,DIST_W_03,Moderate
OUT_04888,2023-02,-2.034844763273103,3,Small,1,Kiosk,DIST_W_02,Moderate
OUT_04888,2023-04,103.24866754698266,4,Small,1,Kiosk,DIST_W_02,Favorable
OUT_04888,2023-05,14.24081613335171,4,Small,1,Kiosk,DIST_W_02,Un-Favorable
OUT_04888,2023-06,3.4809966464276814,1,Small,1,Kiosk,DIST_W_02,Un-Favorable
OUT_04888,2023-09,13.641733525123076,2,Small,1,Kiosk,DIST_W_02,Moderate
OUT_04888,2023-10,53.61685312658317,1,Small,1,Kiosk,DIST_W_02,Moderate
OUT_04888,2024-02,58.607197657501935,3,Small,1,Kiosk,DIST_W_02,Moderate
OUT_04888,2024-04,33.53139943853347,7,Small,1,Kiosk,DIST_W_02,Favorable
OUT_04888,2024-07,75.49840071770156,1,Small,1,Kiosk,DIST_W_02,Moderate
OUT_04888,2024-08,22.596210779989967,1,Small,1,Kiosk,DIST_W_02,Moderate
OUT_04888,2024-09,11.250859681779607,2,Small,1,Kiosk,DIST_W_02,Moderate
OUT_04888,2024-10,12.413545604572974,2,Small,1,Kiosk,DIST_W_02,Moderate
OUT_04888,2024-11,43.83251724812892,1,Small,1,Kiosk,DIST_W_02,Moderate
OUT_04888,2024-12,42.187517984357214,2,Small,1,Kiosk,DIST_W_02,Favorable
OUT_04888,2025-01,11.407719060423126,2,Small,1,Kiosk,DIST_W_02,Moderate
OUT_04888,2025-04,62.00025986298539,5,Small,1,Kiosk,DIST_W_02,Favorable
OUT_04888,2025-06,46.62859645168396,1,Small,1,Kiosk,DIST_W_02,Un-Favorable
OUT_04888,2025-07,21.51626993757415,1,Small,1,Kiosk,DIST_W_02,Moderate
OUT_04888,2025-08,9.676562706253932,1,Small,1,Kiosk,DIST_W_02,Moderate
OUT_04888,2025-12,20.71306357854244,2,Small,1,Kiosk,DIST_W_02,Favorable
OUT_04903,2023-01,59.164332418374045,3,Medium,2,Pharmacy,DIST_W_02,Moderate
OUT_04903,2023-02,78.01213441744777,3,Medium,2,Pharmacy,DIST_W_02,Moderate
OUT_04903,2023-03,214.4658851602831,1,Medium,2,Pharmacy,DIST_W_02,Moderate
OUT_04903,2023-04,108.27706417183124,4,Medium,2,Pharmacy,DIST_W_02,Favorable
OUT_04903,2023-05,46.881290115665934,4,Medium,2,Pharmacy,DIST_W_02,Un-Favorable
OUT_04903,2023-06,115.93361741713724,1,Medium,2,Pharmacy,DIST_W_02,Un-Favorable
OUT_04903,2023-07,216.5485541097825,1,Medium,2,Pharmacy,DIST_W_02,Moderate
OUT_04903,2023-09,199.6740813747776,2,Medium,2,Pharmacy,DIST_W_02,Moderate
OUT_04903,2023-10,143.9742800567554,1,Medium,2,Pharmacy,DIST_W_02,Moderate
OUT_04903,2023-11,131.67311685622286,1,Medium,2,Pharmacy,DIST_W_02,Moderate
OUT_04903,2023-12,59.41097775229965,2,Medium,2,Pharmacy,DIST_W_02,Favorable
OUT_04903,2024-01,75.96557206485964,2,Medium,2,Pharmacy,DIST_W_02,Moderate
OUT_04903,2024-02,94.77957390519504,3,Medium,2,Pharmacy,DIST_W_02,Moderate
OUT_04903,2024-03,195.0490265282841,3,Medium,2,Pharmacy,DIST_W_02,Moderate
OUT_04903,2024-04,73.27724451285899,7,Medium,2,Pharmacy,DIST_W_02,Favorable
OUT_04903,2024-05,165.76437492764194,3,Medium,2,Pharmacy,DIST_W_02,Un-Favorable
OUT_04903,2024-06,124.08551365632096,2,Medium,2,Pharmacy,DIST_W_02,Un-Favorable
OUT_04903,2024-07,63.30188630458949,1,Medium,2,Pharmacy,DIST_W_02,Moderate
OUT_04903,2024-09,162.09422410564412,2,Medium,2,Pharmacy,DIST_W_02,Moderate
OUT_04903,2024-10,168.85821244291446,2,Medium,2,Pharmacy,DIST_W_02,Moderate
OUT_04903,2024-11,165.59522809540292,1,Medium,2,Pharmacy,DIST_W_02,Moderate
OUT_04903,2025-02,217.9722202515776,2,Medium,2,Pharmacy,DIST_W_02,Moderate
OUT_04903,2025-03,75.12422960904117,1,Medium,2,Pharmacy,DIST_W_02,Moderate
OUT_04903,2025-04,291.1268339474116,5,Medium,2,Pharmacy,DIST_W_02,Favorable
OUT_04903,2025-06,99.92997493986805,1,Medium,2,Pharmacy,DIST_W_02,Un-Favorable
OUT_04903,2025-08,73.33077473289195,1,Medium,2,Pharmacy,DIST_W_02,Moderate
OUT_04903,2025-09,165.5207692648181,2,Medium,2,Pharmacy,DIST_W_02,Moderate
OUT_04903,2025-10,201.79303302304623,1,Medium,2,Pharmacy,DIST_W_02,Moderate
OUT_04903,2025-11,118.83970850533434,1,Medium,2,Pharmacy,DIST_W_02,Moderate
OUT_04903,2025-12,154.06665300029204,2,Medium,2,Pharmacy,DIST_W_02,Favorable
OUT_04939,2023-01,15.033172282290495,3,Small,0,SMMT,DIST_W_02,Moderate
OUT_04939,2023-03,18.16552984604383,1,Small,0,SMMT,DIST_W_02,Moderate
OUT_04939,2023-05,10.654800143092675,4,Small,0,SMMT,DIST_W_02,Un-Favorable
OUT_04939,2023-06,9.193313812261568,1,Small,0,SMMT,DIST_W_02,Un-Favorable
OUT_04939,2023-08,80.20375995949269,2,Small,0,SMMT,DIST_W_02,Moderate
OUT_04939,2023-09,21.3736001153042,2,Small,0,SMMT,DIST_W_02,Moderate
OUT_04939,2023-11,18.828099848600267,1,Small,0,SMMT,DIST_W_02,Moderate
OUT_04939,2024-01,9.82219843065181,2,Small,0,SMMT,DIST_W_02,Moderate
OUT_04939,2024-02,43.168997186756656,3,Small,0,SMMT,DIST_W_02,Moderate
OUT_04939,2024-03,3.149240007751505,3,Small,0,SMMT,DIST_W_02,Moderate
OUT_04939,2024-05,49.35633058006255,3,Small,0,SMMT,DIST_W_02,Un-Favorable
OUT_04939,2024-07,80.97966890048276,1,Small,0,SMMT,DIST_W_02,Moderate
OUT_04939,2024-10,45.8837337837328,2,Small,0,SMMT,DIST_W_02,Moderate
OUT_04939,2024-11,37.71635101007154,1,Small,0,SMMT,DIST_W_02,Moderate
OUT_04939,2024-12,145.92596059271094,2,Small,0,SMMT,DIST_W_02,Favorable
OUT_04939,2025-01,88.43168015166133,2,Small,0,SMMT,DIST_W_02,Moderate
OUT_04939,2025-03,146.3215953388046,1,Small,0,SMMT,DIST_W_02,Moderate
OUT_04939,2025-10,17.312195989021756,1,Small,0,SMMT,DIST_W_02,Moderate
OUT_04939,2025-11,22.50403113212248,1,Small,0,SMMT,DIST_W_02,Moderate
OUT_05025,2023-01,16.528565247535504,3,Small,0,SMMT,DIST_W_03,Moderate
OUT_05025,2023-02,21.8994118320711,3,Small,0,SMMT,DIST_W_03,Moderate
OUT_05025,2023-04,57.90043113146954,4,Small,0,SMMT,DIST_W_03,Favorable
OUT_05025,2023-08,22.99102887995914,2,Small,0,SMMT,DIST_W_03,Moderate
OUT_05025,2023-09,103.46779145086415,2,Small,0,SMMT,DIST_W_03,Moderate
OUT_05025,2023-12,22.74257541640883,2,Small,0,SMMT,DIST_W_03,Favorable
OUT_05025,2024-01,54.45506674501874,2,Small,0,SMMT,DIST_W_03,Moderate
OUT_05025,2024-02,86.83623568719912,3,Small,0,SMMT,DIST_W_03,Moderate
OUT_05025,2024-08,122.29920998503434,1,Small,0,SMMT,DIST_W_03,Moderate
OUT_05025,2024-09,5.496869400488067,2,Small,0,SMMT,DIST_W_03,Moderate
OUT_05025,2024-11,9.3572780933429,1,Small,0,SMMT,DIST_W_03,Moderate
OUT_05025,2025-01,31.14022686408732,2,Small,0,SMMT,DIST_W_03,Moderate
OUT_05025,2025-02,13.964921410819167,2,Small,0,SMMT,DIST_W_03,Moderate
OUT_05025,2025-03,4.777520869687996,1,Small,0,SMMT,DIST_W_03,Moderate
OUT_05025,2025-04,100.17994554899494,5,Small,0,SMMT,DIST_W_03,Favorable
OUT_05025,2025-07,34.59163433891229,1,Small,0,SMMT,DIST_W_03,Moderate
OUT_05025,2025-08,30.094076791154137,1,Small,0,SMMT,DIST_W_03,Moderate
OUT_05025,2025-09,88.90955971769547,2,Small,0,SMMT,DIST_W_03,Moderate
OUT_05025,2025-12,45.482700247729824,2,Small,0,SMMT,DIST_W_03,Favorable
OUT_05029,2023-04,286.01786391335094,4,Medium,2,SMMT,DIST_W_02,Favorable
OUT_05029,2023-05,13.483538336837926,4,Medium,2,SMMT,DIST_W_02,Un-Favorable
OUT_05029,2023-07,159.31452950633098,1,Medium,2,SMMT,DIST_W_02,Moderate
OUT_05029,2023-08,50.46491381034136,2,Medium,2,SMMT,DIST_W_02,Moderate
OUT_05029,2023-09,93.5171040098144,2,Medium,2,SMMT,DIST_W_02,Moderate
OUT_05029,2023-10,187.67221613471187,1,Medium,2,SMMT,DIST_W_02,Moderate
OUT_05029,2023-11,67.41111310627515,1,Medium,2,SMMT,DIST_W_02,Moderate
OUT_05029,2023-12,26.268255133483343,2,Medium,2,SMMT,DIST_W_02,Favorable
OUT_05029,2024-01,56.719442734993,2,Medium,2,SMMT,DIST_W_02,Moderate
OUT_05029,2024-02,70.82150967316578,3,Medium,2,SMMT,DIST_W_02,Moderate
OUT_05029,2024-05,107.62338873468022,3,Medium,2,SMMT,DIST_W_02,Un-Favorable
OUT_05029,2024-06,122.35608609419845,2,Medium,2,SMMT,DIST_W_02,Un-Favorable
OUT_05029,2024-07,75.69594085596401,1,Medium,2,SMMT,DIST_W_02,Moderate
OUT_05029,2024-08,191.56401182619928,1,Medium,2,SMMT,DIST_W_02,Moderate
OUT_05029,2024-09,29.52795958634793,2,Medium,2,SMMT,DIST_W_02,Moderate
OUT_05029,2024-11,76.1739825438726,1,Medium,2,SMMT,DIST_W_02,Moderate
OUT_05029,2025-01,42.974597956195446,2,Medium,2,SMMT,DIST_W_02,Moderate
OUT_05029,2025-02,215.90095585860405,2,Medium,2,SMMT,DIST_W_02,Moderate
OUT_05029,2025-03,60.272165555640704,1,Medium,2,SMMT,DIST_W_02,Moderate
OUT_05029,2025-06,148.3447081803685,1,Medium,2,SMMT,DIST_W_02,Un-Favorable
OUT_05029,2025-08,268.5983627512253,1,Medium,2,SMMT,DIST_W_02,Moderate
OUT_05029,2025-09,72.58153813371348,2,Medium,2,SMMT,DIST_W_02,Moderate
OUT_05029,2025-10,188.8268152886969,1,Medium,2,SMMT,DIST_W_02,Moderate
OUT_05248,2023-04,287.9255169599017,4,Medium,1,Eatery,DIST_W_02,Favorable
OUT_05248,2023-05,133.09091730121827,4,Medium,1,Eatery,DIST_W_02,Un-Favorable
OUT_05248,2023-07,56.78325556295634,1,Medium,1,Eatery,DIST_W_02,Moderate
OUT_05248,2023-08,226.9955284973118,2,Medium,1,Eatery,DIST_W_02,Moderate
OUT_05248,2023-09,126.27136916457532,2,Medium,1,Eatery,DIST_W_02,Moderate
OUT_05248,2023-10,232.7179233294159,1,Medium,1,Eatery,DIST_W_02,Moderate
OUT_05248,2023-11,64.73968089550874,1,Medium,1,Eatery,DIST_W_02,Moderate
OUT_05248,2024-01,53.297516223992176,2,Medium,1,Eatery,DIST_W_02,Moderate
OUT_05248,2024-03,83.13265292865947,3,Medium,1,Eatery,DIST_W_02,Moderate
OUT_05248,2024-05,128.01079699227486,3,Medium,1,Eatery,DIST_W_02,Un-Favorable
OUT_05248,2024-06,158.62024339440688,2,Medium,1,Eatery,DIST_W_02,Un-Favorable
OUT_05248,2024-08,141.68220147589187,1,Medium,1,Eatery,DIST_W_02,Moderate
OUT_05248,2024-09,-15.32337562815406,2,Medium,1,Eatery,DIST_W_02,Moderate
OUT_05248,2024-10,163.46638855175797,2,Medium,1,Eatery,DIST_W_02,Moderate
OUT_05248,2024-11,57.17422838493308,1,Medium,1,Eatery,DIST_W_02,Moderate
OUT_05248,2024-12,276.47766973536864,2,Medium,1,Eatery,DIST_W_02,Favorable
OUT_05248,2025-01,67.65167679685962,2,Medium,1,Eatery,DIST_W_02,Moderate
OUT_05248,2025-02,44.074323282355245,2,Medium,1,Eatery,DIST_W_02,Moderate
OUT_05248,2025-03,91.33056328133544,1,Medium,1,Eatery,DIST_W_02,Moderate
OUT_05248,2025-04,136.1735977976807,5,Medium,1,Eatery,DIST_W_02,Favorable
OUT_05248,2025-05,37.33603324802318,3,Medium,1,Eatery,DIST_W_02,Un-Favorable
OUT_05248,2025-07,179.47454812451943,1,Medium,1,Eatery,DIST_W_02,Moderate
OUT_05248,2025-08,30.46852299877665,1,Medium,1,Eatery,DIST_W_02,Moderate
OUT_05248,2025-09,188.94705147447928,2,Medium,1,Eatery,DIST_W_02,Moderate
OUT_05248,2025-10,89.97010157197386,1,Medium,1,Eatery,DIST_W_02,Moderate
OUT_05248,2025-11,81.62186166389522,1,Medium,1,Eatery,DIST_W_02,Moderate
OUT_05406,2023-01,181.8885677448916,3,Medium,1,Grocery,DIST_W_03,Moderate
OUT_05406,2023-03,198.9662695433116,1,Medium,1,Grocery,DIST_W_03,Moderate
OUT_05406,2023-04,114.35235162294576,4,Medium,1,Grocery,DIST_W_03,Favorable
OUT_05406,2023-06,-5.042821625073199,1,Medium,1,Grocery,DIST_W_03,Un-Favorable
OUT_05406,2023-07,158.21648439011267,1,Medium,1,Grocery,DIST_W_03,Moderate
OUT_05406,2023-08,154.32318701325147,2,Medium,1,Grocery,DIST_W_03,Moderate
OUT_05406,2023-10,165.65321038772788,1,Medium,1,Grocery,DIST_W_03,Moderate
OUT_05406,2023-12,260.64788183420023,2,Medium,1,Grocery,DIST_W_03,Favorable
OUT_05406,2024-01,104.70001105840107,2,Medium,1,Grocery,DIST_W_03,Moderate
OUT_05406,2024-02,178.02360196814777,3,Medium,1,Grocery,DIST_W_03,Moderate
OUT_05406,2024-03,37.26231161355722,3,Medium,1,Grocery,DIST_W_03,Moderate
OUT_05406,2024-06,87.10639458319562,2,Medium,1,Grocery,DIST_W_03,Un-Favorable
OUT_05406,2024-07,78.65546311171643,1,Medium,1,Grocery,DIST_W_03,Moderate
OUT_05406,2024-08,76.1393308947169,1,Medium,1,Grocery,DIST_W_03,Moderate
OUT_05406,2024-09,79.63752499461035,2,Medium,1,Grocery,DIST_W_03,Moderate
OUT_05406,2024-10,224.1018919834107,2,Medium,1,Grocery,DIST_W_03,Moderate
OUT_05406,2024-11,73.9820851464359,1,Medium,1,Grocery,DIST_W_03,Moderate
OUT_05406,2025-01,223.6099387702704,2,Medium,1,Grocery,DIST_W_03,Moderate
OUT_05406,2025-02,56.6965417429306,2,Medium,1,Grocery,DIST_W_03,Moderate
OUT_05406,2025-04,125.43320406900568,5,Medium,1,Grocery,DIST_W_03,Favorable
OUT_05406,2025-05,94.38745804298796,3,Medium,1,Grocery,DIST_W_03,Un-Favorable
OUT_05406,2025-07,43.47047513073952,1,Medium,1,Grocery,DIST_W_03,Moderate
OUT_05406,2025-09,190.89536672984,2,Medium,1,Grocery,DIST_W_03,Moderate
OUT_05406,2025-11,237.9652191653987,1,Medium,1,Grocery,DIST_W_03,Moderate
OUT_05406,2025-12,276.6705068492683,2,Medium,1,Grocery,DIST_W_03,Favorable
OUT_05455,2023-01,9.428992849096634,3,Small,1,Kiosk,DIST_W_02,Moderate
OUT_05455,2023-04,110.75986610372892,4,Small,1,Kiosk,DIST_W_02,Favorable
OUT_05455,2023-06,8.977158238663394,1,Small,1,Kiosk,DIST_W_02,Un-Favorable
OUT_05455,2023-08,25.326267212687505,2,Small,1,Kiosk,DIST_W_02,Moderate
OUT_05455,2023-10,3.093814521444149,1,Small,1,Kiosk,DIST_W_02,Moderate
OUT_05455,2023-12,171.38043355491155,2,Small,1,Kiosk,DIST_W_02,Favorable
OUT_05455,2024-01,21.11765251893684,2,Small,1,Kiosk,DIST_W_02,Moderate
OUT_05455,2024-02,24.355889387420643,3,Small,1,Kiosk,DIST_W_02,Moderate
OUT_05455,2024-04,125.04200983111438,7,Small,1,Kiosk,DIST_W_02,Favorable
OUT_05455,2024-06,52.97363076370946,2,Small,1,Kiosk,DIST_W_02,Un-Favorable
OUT_05455,2024-07,31.145073418565527,1,Small,1,Kiosk,DIST_W_02,Moderate
OUT_05455,2024-10,39.12331996110287,2,Small,1,Kiosk,DIST_W_02,Moderate
OUT_05455,2024-11,83.9526735085098,1,Small,1,Kiosk,DIST_W_02,Moderate
OUT_05455,2025-04,98.47538130348524,5,Small,1,Kiosk,DIST_W_02,Favorable
OUT_05455,2025-08,21.7063662072268,1,Small,1,Kiosk,DIST_W_02,Moderate
OUT_05455,2025-12,119.3406454382554,2,Small,1,Kiosk,DIST_W_02,Favorable
OUT_05540,2023-01,164.83396195931053,3,Large,3,Kiosk,DIST_W_01,Moderate
OUT_05540,2023-02,540.1525390322328,3,Large,3,Kiosk,DIST_W_01,Moderate
OUT_05540,2023-03,257.18300996202504,1,Large,3,Kiosk,DIST_W_01,Moderate
OUT_05540,2023-04,975.504509300095,4,Large,3,Kiosk,DIST_W_01,Favorable
OUT_05540,2023-05,402.51564623440464,4,Large,3,Kiosk,DIST_W_01,Un-Favorable
OUT_05540,2023-06,388.1765358827226,1,Large,3,Kiosk,DIST_W_01,Un-Favorable
OUT_05540,2023-07,177.06371739234302,1,Large,3,Kiosk,DIST_W_01,Moderate
OUT_05540,2023-08,555.208907198494,2,Large,3,Kiosk,DIST_W_01,Moderate
OUT_05540,2023-09,570.7908150422587,2,Large,3,Kiosk,DIST_W_01,Moderate
OUT_05540,2023-10,631.9253720770165,1,Large,3,Kiosk,DIST_W_01,Moderate
OUT_05540,2023-11,607.513155618785,1,Large,3,Kiosk,DIST_W_01,Moderate
OUT_05540,2023-12,831.4038962991408,2,Large,3,Kiosk,DIST_W_01,Favorable
OUT_05540,2024-01,668.2555528514362,2,Large,3,Kiosk,DIST_W_01,Moderate
OUT_05540,2024-02,536.5944125068133,3,Large,3,Kiosk,DIST_W_01,Moderate
OUT_05540,2024-03,347.3729131768714,3,Large,3,Kiosk,DIST_W_01,Moderate
OUT_05540,2024-04,825.3424877049068,7,Large,3,Kiosk,DIST_W_01,Favorable
OUT_05540,2024-05,372.480300250866,3,Large,3,Kiosk,DIST_W_01,Un-Favorable
OUT_05540,2024-06,322.92463181294164,2,Large,3,Kiosk,DIST_W_01,Un-Favorable
OUT_05540,2024-07,403.0945874251513,1,Large,3,Kiosk,DIST_W_01,Moderate
OUT_05540,2024-08,644.7795631012104,1,Large,3,Kiosk,DIST_W_01,Moderate
OUT_05540,2024-09,289.3169008967605,2,Large,3,Kiosk,DIST_W_01,Moderate
OUT_05540,2024-10,474.89445619136336,2,Large,3,Kiosk,DIST_W_01,Moderate
OUT_05540,2024-11,603.1055795900816,1,Large,3,Kiosk,DIST_W_01,Moderate
OUT_05540,2024-12,970.0298584547606,2,Large,3,Kiosk,DIST_W_01,Favorable
OUT_05540,2025-01,575.2923698251192,2,Large,3,Kiosk,DIST_W_01,Moderate
OUT_05540,2025-02,621.2145277553556,2,Large,3,Kiosk,DIST_W_01,Moderate
OUT_05540,2025-03,569.2909721376357,1,Large,3,Kiosk,DIST_W_01,Moderate
OUT_05540,2025-04,769.7461787487001,5,Large,3,Kiosk,DIST_W_01,Favorable
OUT_05540,2025-05,278.17887479295905,3,Large,3,Kiosk,DIST_W_01,Un-Favorable
OUT_05540,2025-07,604.3093873010173,1,Large,3,Kiosk,DIST_W_01,Moderate
OUT_05540,2025-08,594.0338674933691,1,Large,3,Kiosk,DIST_W_01,Moderate
OUT_05540,2025-09,457.1913002843712,2,Large,3,Kiosk,DIST_W_01,Moderate
OUT_05540,2025-10,470.24707439592646,1,Large,3,Kiosk,DIST_W_01,Moderate
OUT_05540,2025-11,630.9883139305565,1,Large,3,Kiosk,DIST_W_01,Moderate
OUT_05623,2023-02,20.412686945337427,3,Small,1,Bakery,DIST_W_01,Moderate
OUT_05623,2023-03,88.98789207672456,1,Small,1,Bakery,DIST_W_01,Moderate
OUT_05623,2023-05,2.803325165213141,4,Small,1,Bakery,DIST_W_01,Un-Favorable
OUT_05623,2023-07,22.210293072401925,1,Small,1,Bakery,DIST_W_01,Moderate
OUT_05623,2023-10,18.218155191572468,1,Small,1,Bakery,DIST_W_01,Moderate
OUT_05623,2023-12,71.83433128140197,2,Small,1,Bakery,DIST_W_01,Favorable
OUT_05623,2024-02,35.462871160615904,3,Small,1,Bakery,DIST_W_01,Moderate
OUT_05623,2024-04,131.08297174343346,7,Small,1,Bakery,DIST_W_01,Favorable
OUT_05623,2024-06,15.378084797104204,2,Small,1,Bakery,DIST_W_01,Un-Favorable
OUT_05623,2024-07,18.307841956927646,1,Small,1,Bakery,DIST_W_01,Moderate
OUT_05623,2024-10,4.009732202233973,2,Small,1,Bakery,DIST_W_01,Moderate
OUT_05623,2024-11,38.39786139136824,1,Small,1,Bakery,DIST_W_01,Moderate
OUT_05623,2024-12,10.80184407791466,2,Small,1,Bakery,DIST_W_01,Favorable
OUT_05623,2025-02,43.86184555237412,2,Small,1,Bakery,DIST_W_01,Moderate
OUT_05623,2025-03,36.34652730508816,1,Small,1,Bakery,DIST_W_01,Moderate
OUT_05623,2025-04,41.16559615533343,5,Small,1,Bakery,DIST_W_01,Favorable
OUT_05623,2025-05,46.8396119160998,3,Small,1,Bakery,DIST_W_01,Un-Favorable
OUT_05623,2025-06,7.699454031826072,1,Small,1,Bakery,DIST_W_01,Un-Favorable
OUT_05623,2025-07,23.37666955089336,1,Small,1,Bakery,DIST_W_01,Moderate
OUT_05623,2025-09,35.678543655700565,2,Small,1,Bakery,DIST_W_01,Moderate
OUT_05623,2025-11,64.3504731765217,1,Small,1,Bakery,DIST_W_01,Moderate
OUT_05623,2025-12,135.70025507243255,2,Small,1,Bakery,DIST_W_01,Favorable
OUT_05759,2023-01,57.004756567721344,3,Small,0,Eatery,DIST_W_01,Moderate
OUT_05759,2023-02,15.463637251077436,3,Small,0,Eatery,DIST_W_01,Moderate
OUT_05759,2023-03,34.97200570632717,1,Small,0,Eatery,DIST_W_01,Moderate
OUT_05759,2023-04,18.373623461197468,4,Small,0,Eatery,DIST_W_01,Favorable
OUT_05759,2023-05,41.92722223604444,4,Small,0,Eatery,DIST_W_01,Un-Favorable
OUT_05759,2023-06,25.097085690719524,1,Small,0,Eatery,DIST_W_01,Un-Favorable
OUT_05759,2023-07,19.257075179354032,1,Small,0,Eatery,DIST_W_01,Moderate
OUT_05759,2023-09,7.296691339545788,2,Small,0,Eatery,DIST_W_01,Moderate
OUT_05759,2023-10,60.79103639943328,1,Small,0,Eatery,DIST_W_01,Moderate
OUT_05759,2024-05,67.11374337780299,3,Small,0,Eatery,DIST_W_01,Un-Favorable
OUT_05759,2024-07,9.275748156483166,1,Small,0,Eatery,DIST_W_01,Moderate
OUT_05759,2024-08,24.61554796737345,1,Small,0,Eatery,DIST_W_01,Moderate
OUT_05759,2024-12,41.10335994060433,2,Small,0,Eatery,DIST_W_01,Favorable
OUT_05759,2025-02,14.563785141504583,2,Small,0,Eatery,DIST_W_01,Moderate
OUT_05759,2025-04,22.388741081497365,5,Small,0,Eatery,DIST_W_01,Favorable
OUT_05759,2025-08,10.531759973937044,1,Small,0,Eatery,DIST_W_01,Moderate
OUT_05759,2025-09,10.914353386757783,2,Small,0,Eatery,DIST_W_01,Moderate
OUT_05759,2025-10,96.74751795106954,1,Small,0,Eatery,DIST_W_01,Moderate
OUT_05759,2025-12,125.12128542527584,2,Small,0,Eatery,DIST_W_01,Favorable
OUT_05914,2023-02,23.8049064923846,3,Small,0,Pharmacy,DIST_W_03,Moderate
OUT_05914,2023-03,4.768760391824337,1,Small,0,Pharmacy,DIST_W_03,Moderate
OUT_05914,2023-05,43.52672087890297,4,Small,0,Pharmacy,DIST_W_03,Un-Favorable
OUT_05914,2023-07,5.799860355617824,1,Small,0,Pharmacy,DIST_W_03,Moderate
OUT_05914,2023-09,65.5303218977576,2,Small,0,Pharmacy,DIST_W_03,Moderate
OUT_05914,2023-10,95.90504476552466,1,Small,0,Pharmacy,DIST_W_03,Moderate
OUT_05914,2023-12,8.306238319587932,2,Small,0,Pharmacy,DIST_W_03,Favorable
OUT_05914,2024-01,4.11628493080823,2,Small,0,Pharmacy,DIST_W_03,Moderate
OUT_05914,2024-02,10.59141265886356,3,Small,0,Pharmacy,DIST_W_03,Moderate
OUT_05914,2024-10,29.112344696412897,2,Small,0,Pharmacy,DIST_W_03,Moderate
OUT_05914,2024-11,21.109547876609952,1,Small,0,Pharmacy,DIST_W_03,Moderate
OUT_05914,2024-12,34.364409249677834,2,Small,0,Pharmacy,DIST_W_03,Favorable
OUT_05914,2025-01,12.632138074465908,2,Small,0,Pharmacy,DIST_W_03,Moderate
OUT_05914,2025-05,16.084153756943426,3,Small,0,Pharmacy,DIST_W_03,Un-Favorable
OUT_05914,2025-08,82.2055066976633,1,Small,0,Pharmacy,DIST_W_03,Moderate
OUT_05914,2025-10,16.13702056357628,1,Small,0,Pharmacy,DIST_W_03,Moderate
OUT_05914,2025-12,38.89555465904682,2,Small,0,Pharmacy,DIST_W_03,Favorable
OUT_06127,2023-02,85.27368205262859,3,Medium,1,Hotel,DIST_W_03,Moderate
OUT_06127,2023-03,240.5883599373713,1,Medium,1,Hotel,DIST_W_03,Moderate
OUT_06127,2023-04,122.03993447459726,4,Medium,1,Hotel,DIST_W_03,Favorable
OUT_06127,2023-05,129.04251768797707,4,Medium,1,Hotel,DIST_W_03,Un-Favorable
OUT_06127,2023-06,127.09547186250192,1,Medium,1,Hotel,DIST_W_03,Un-Favorable
OUT_06127,2023-07,182.8813789478754,1,Medium,1,Hotel,DIST_W_03,Moderate
OUT_06127,2023-09,180.595042153375,2,Medium,1,Hotel,DIST_W_03,Moderate
OUT_06127,2023-10,116.74956860247732,1,Medium,1,Hotel,DIST_W_03,Moderate
OUT_06127,2023-11,231.0539273272907,1,Medium,1,Hotel,DIST_W_03,Moderate
OUT_06127,2023-12,156.13929588054583,2,Medium,1,Hotel,DIST_W_03,Favorable
OUT_06127,2024-02,34.84966333214049,3,Medium,1,Hotel,DIST_W_03,Moderate
OUT_06127,2024-03,77.85145049869023,3,Medium,1,Hotel,DIST_W_03,Moderate
OUT_06127,2024-06,59.88768353884679,2,Medium,1,Hotel,DIST_W_03,Un-Favorable
OUT_06127,2024-07,192.15981000727004,1,Medium,1,Hotel,DIST_W_03,Moderate
OUT_06127,2024-10,181.46768998542143,2,Medium,1,Hotel,DIST_W_03,Moderate
OUT_06127,2024-12,113.92590052312632,2,Medium,1,Hotel,DIST_W_03,Favorable
OUT_06127,2025-01,157.64399511444975,2,Medium,1,Hotel,DIST_W_03,Moderate
OUT_06127,2025-02,245.77323269942443,2,Medium,1,Hotel,DIST_W_03,Moderate
OUT_06127,2025-03,164.55697083148743,1,Medium,1,Hotel,DIST_W_03,Moderate
OUT_06127,2025-04,210.75107175884108,5,Medium,1,Hotel,DIST_W_03,Favorable
OUT_06127,2025-06,41.315101294023634,1,Medium,1,Hotel,DIST_W_03,Un-Favorable
OUT_06127,2025-07,46.50489594010186,1,Medium,1,Hotel,DIST_W_03,Moderate
OUT_06127,2025-09,55.82274491694015,2,Medium,1,Hotel,DIST_W_03,Moderate
OUT_06127,2025-10,196.5230126046412,1,Medium,1,Hotel,DIST_W_03,Moderate
OUT_06153,2023-02,34.532918610684945,3,Small,0,Eatery,DIST_W_02,Moderate
OUT_06153,2023-06,17.375615773725137,1,Small,0,Eatery,DIST_W_02,Un-Favorable
OUT_06153,2023-09,89.52364129382363,2,Small,0,Eatery,DIST_W_02,Moderate
OUT_06153,2023-10,89.12371716468844,1,Small,0,Eatery,DIST_W_02,Moderate
OUT_06153,2023-11,17.80114731402984,1,Small,0,Eatery,DIST_W_02,Moderate
OUT_06153,2023-12,27.08359107097433,2,Small,0,Eatery,DIST_W_02,Favorable
OUT_06153,2024-01,71.75374525714737,2,Small,0,Eatery,DIST_W_02,Moderate
OUT_06153,2024-04,37.38096136838988,7,Small,0,Eatery,DIST_W_02,Favorable
OUT_06153,2024-05,38.11620728305372,3,Small,0,Eatery,DIST_W_02,Un-Favorable
OUT_06153,2024-06,27.38337704326055,2,Small,0,Eatery,DIST_W_02,Un-Favorable
OUT_06153,2024-09,4.880489068026697,2,Small,0,Eatery,DIST_W_02,Moderate
OUT_06153,2024-11,28.515600308683407,1,Small,0,Eatery,DIST_W_02,Moderate
OUT_06153,2024-12,13.68205135136005,2,Small,0,Eatery,DIST_W_02,Favorable
OUT_06153,2025-01,48.75289335602999,2,Small,0,Eatery,DIST_W_02,Moderate
OUT_06153,2025-04,56.78616067349356,5,Small,0,Eatery,DIST_W_02,Favorable
OUT_06153,2025-05,16.848124579254744,3,Small,0,Eatery,DIST_W_02,Un-Favorable
OUT_06153,2025-07,73.06725718050782,1,Small,0,Eatery,DIST_W_02,Moderate
OUT_06153,2025-08,15.802355821111538,1,Small,0,Eatery,DIST_W_02,Moderate
OUT_06153,2025-10,38.57903971680135,1,Small,0,Eatery,DIST_W_02,Moderate
OUT_06153,2025-11,8.395583985536412,1,Small,0,Eatery,DIST_W_02,Moderate
OUT_06176,2023-02,61.28521934513045,3,Medium,1,Bakery,DIST_W_02,Moderate
OUT_06176,2023-03,9.760751098768472,1,Medium,1,Bakery,DIST_W_02,Moderate
OUT_06176,2023-04,76.85928503403716,4,Medium,1,Bakery,DIST_W_02,Favorable
OUT_06176,2023-05,47.63699557749079,4,Medium,1,Bakery,DIST_W_02,Un-Favorable
OUT_06176,2023-07,37.82402062239439,1,Medium,1,Bakery,DIST_W_02,Moderate
OUT_06176,2023-08,84.0218984438261,2,Medium,1,Bakery,DIST_W_02,Moderate
OUT_06176,2023-10,102.03625170275988,1,Medium,1,Bakery,DIST_W_02,Moderate
OUT_06176,2023-11,168.3220191341731,1,Medium,1,Bakery,DIST_W_02,Moderate
OUT_06176,2023-12,318.1372612458109,2,Medium,1,Bakery,DIST_W_02,Favorable
OUT_06176,2024-01,152.94874465367033,2,Medium,1,Bakery,DIST_W_02,Moderate
OUT_06176,2024-02,213.8835285122697,3,Medium,1,Bakery,DIST_W_02,Moderate
OUT_06176,2024-03,171.71939810200558,3,Medium,1,Bakery,DIST_W_02,Moderate
OUT_06176,2024-05,142.00502931385716,3,Medium,1,Bakery,DIST_W_02,Un-Favorable
OUT_06176,2024-06,62.66202600530819,2,Medium,1,Bakery,DIST_W_02,Un-Favorable
OUT_06176,2024-07,131.32043119443563,1,Medium,1,Bakery,DIST_W_02,Moderate
OUT_06176,2024-08,166.45163394361802,1,Medium,1,Bakery,DIST_W_02,Moderate
OUT_06176,2024-10,164.83323154952166,2,Medium,1,Bakery,DIST_W_02,Moderate
OUT_06176,2024-12,272.41128830607886,2,Medium,1,Bakery,DIST_W_02,Favorable
OUT_06176,2025-01,181.041732897164,2,Medium,1,Bakery,DIST_W_02,Moderate
OUT_06176,2025-03,167.3880956666318,1,Medium,1,Bakery,DIST_W_02,Moderate
OUT_06176,2025-04,78.95380514542177,5,Medium,1,Bakery,DIST_W_02,Favorable
OUT_06176,2025-06,95.84419602551982,1,Medium,1,Bakery,DIST_W_02,Un-Favorable
OUT_06176,2025-08,9.627772691083926,1,Medium,1,Bakery,DIST_W_02,Moderate
OUT_06176,2025-09,216.6509817816153,2,Medium,1,Bakery,DIST_W_02,Moderate
OUT_06176,2025-10,208.9687847400085,1,Medium,1,Bakery,DIST_W_02,Moderate
OUT_06176,2025-11,39.30779086187079,1,Medium,1,Bakery,DIST_W_02,Moderate
OUT_06176,2025-12,163.9225644466448,2,Medium,1,Bakery,DIST_W_02,Favorable
OUT_06212,2023-01,232.4766822885988,3,Medium,2,Hotel,DIST_W_03,Moderate
OUT_06212,2023-05,113.92805729329456,4,Medium,2,Hotel,DIST_W_03,Un-Favorable
OUT_06212,2023-06,102.933740679882,1,Medium,2,Hotel,DIST_W_03,Un-Favorable
OUT_06212,2023-09,82.48856602841602,2,Medium,2,Hotel,DIST_W_03,Moderate
OUT_06212,2023-10,123.84795506181732,1,Medium,2,Hotel,DIST_W_03,Moderate
OUT_06212,2023-11,145.76247226776218,1,Medium,2,Hotel,DIST_W_03,Moderate
OUT_06212,2023-12,27.42313477099131,2,Medium,2,Hotel,DIST_W_03,Favorable
OUT_06212,2024-01,243.16867310489044,2,Medium,2,Hotel,DIST_W_03,Moderate
OUT_06212,2024-02,192.574436116865,3,Medium,2,Hotel,DIST_W_03,Moderate
OUT_06212,2024-03,22.372214627531807,3,Medium,2,Hotel,DIST_W_03,Moderate
OUT_06212,2024-04,73.70380280109688,7,Medium,2,Hotel,DIST_W_03,Favorable
OUT_06212,2024-06,52.81285327861121,2,Medium,2,Hotel,DIST_W_03,Un-Favorable
OUT_06212,2024-07,42.82310675417892,1,Medium,2,Hotel,DIST_W_03,Moderate
OUT_06212,2024-08,167.29565958806262,1,Medium,2,Hotel,DIST_W_03,Moderate
OUT_06212,2024-10,78.0490179143433,2,Medium,2,Hotel,DIST_W_03,Moderate
OUT_06212,2024-11,38.960702303887,1,Medium,2,Hotel,DIST_W_03,Moderate
OUT_06212,2024-12,120.95312845249788,2,Medium,2,Hotel,DIST_W_03,Favorable
OUT_06212,2025-04,204.6401705289232,5,Medium,2,Hotel,DIST_W_03,Favorable
OUT_06212,2025-05,30.629731894452707,3,Medium,2,Hotel,DIST_W_03,Un-Favorable
OUT_06212,2025-06,138.10476028969063,1,Medium,2,Hotel,DIST_W_03,Un-Favorable
OUT_06212,2025-07,162.01742069632363,1,Medium,2,Hotel,DIST_W_03,Moderate
OUT_06212,2025-08,235.34428349613432,1,Medium,2,Hotel,DIST_W_03,Moderate
OUT_06212,2025-09,74.29545382049226,2,Medium,2,Hotel,DIST_W_03,Moderate
OUT_06212,2025-11,179.74500194272724,1,Medium,2,Hotel,DIST_W_03,Moderate
OUT_06265,2023-02,36.68079711144616,3,Small,1,Hotel,DIST_W_01,Moderate
OUT_06265,2023-06,50.37323278906425,1,Small,1,Hotel,DIST_W_01,Un-Favorable
OUT_06265,2023-07,8.944441798617698,1,Small,1,Hotel,DIST_W_01,Moderate
OUT_06265,2023-12,50.58345058483651,2,Small,1,Hotel,DIST_W_01,Favorable
OUT_06265,2024-01,14.882299183701107,2,Small,1,Hotel,DIST_W_01,Moderate
OUT_06265,2024-07,15.3078629092515,1,Small,1,Hotel,DIST_W_01,Moderate
OUT_06265,2024-12,52.28096908813088,2,Small,1,Hotel,DIST_W_01,Favorable
OUT_06265,2025-03,14.120550257034914,1,Small,1,Hotel,DIST_W_01,Moderate
OUT_06265,2025-05,42.479499839558216,3,Small,1,Hotel,DIST_W_01,Un-Favorable
OUT_06265,2025-07,84.21817732361907,1,Small,1,Hotel,DIST_W_01,Moderate
OUT_06265,2025-08,12.701296100532533,1,Small,1,Hotel,DIST_W_01,Moderate
OUT_06268,2023-04,28.7769021439194,4,Small,0,Grocery,DIST_W_01,Favorable
OUT_06268,2023-06,10.004702930289165,1,Small,0,Grocery,DIST_W_01,Un-Favorable
OUT_06268,2023-10,61.03685148734011,1,Small,0,Grocery,DIST_W_01,Moderate
OUT_06268,2023-11,85.21324187452761,1,Small,0,Grocery,DIST_W_01,Moderate
OUT_06268,2024-02,95.11925062139156,3,Small,0,Grocery,DIST_W_01,Moderate
OUT_06268,2024-05,36.65223213132018,3,Small,0,Grocery,DIST_W_01,Un-Favorable
OUT_06268,2024-08,82.21969029969473,1,Small,0,Grocery,DIST_W_01,Moderate
OUT_06268,2024-09,106.9853626695483,2,Small,0,Grocery,DIST_W_01,Moderate
OUT_06268,2024-10,12.676721713495288,2,Small,0,Grocery,DIST_W_01,Moderate
OUT_06268,2025-02,72.03765016662683,2,Small,0,Grocery,DIST_W_01,Moderate
OUT_06268,2025-03,87.34394444638038,1,Small,0,Grocery,DIST_W_01,Moderate
OUT_06268,2025-08,69.62461382948086,1,Small,0,Grocery,DIST_W_01,Moderate
OUT_06268,2025-09,31.761992575153684,2,Small,0,Grocery,DIST_W_01,Moderate
OUT_06268,2025-10,87.96166264438754,1,Small,0,Grocery,DIST_W_01,Moderate
OUT_06285,2023-01,17.92252168422976,3,Small,1,Bakery,DIST_W_03,Moderate
OUT_06285,2023-02,18.45701911062328,3,Small,1,Bakery,DIST_W_03,Moderate
OUT_06285,2023-03,16.466894518657764,1,Small,1,Bakery,DIST_W_03,Moderate
OUT_06285,2023-04,67.8553092298698,4,Small,1,Bakery,DIST_W_03,Favorable
OUT_06285,2023-05,9.729655066380952,4,Small,1,Bakery,DIST_W_03,Un-Favorable
OUT_06285,2023-06,52.77812504520715,1,Small,1,Bakery,DIST_W_03,Un-Favorable
OUT_06285,2023-07,36.06357929701314,1,Small,1,Bakery,DIST_W_03,Moderate
OUT_06285,2023-10,36.07959895958955,1,Small,1,Bakery,DIST_W_03,Moderate
OUT_06285,2024-01,5.43941474075284,2,Small,1,Bakery,DIST_W_03,Moderate
OUT_06285,2024-03,10.42170282891758,3,Small,1,Bakery,DIST_W_03,Moderate
OUT_06285,2024-05,21.902584316579446,3,Small,1,Bakery,DIST_W_03,Un-Favorable
OUT_06285,2024-09,21.38346885288831,2,Small,1,Bakery,DIST_W_03,Moderate
OUT_06285,2024-12,66.04008106943351,2,Small,1,Bakery,DIST_W_03,Favorable
OUT_06285,2025-01,29.01917893118217,2,Small,1,Bakery,DIST_W_03,Moderate
OUT_06285,2025-03,71.0495136149705,1,Small,1,Bakery,DIST_W_03,Moderate
OUT_06285,2025-04,121.55101058750168,5,Small,1,Bakery,DIST_W_03,Favorable
OUT_06285,2025-06,30.39015770394932,1,Small,1,Bakery,DIST_W_03,Un-Favorable
OUT_06285,2025-07,34.992066518586256,1,Small,1,Bakery,DIST_W_03,Moderate
OUT_06285,2025-09,73.13466572880631,2,Small,1,Bakery,DIST_W_03,Moderate
OUT_06433,2023-01,59.17536008876151,3,Medium,1,SMMT,DIST_W_03,Moderate
OUT_06433,2023-02,53.05860754805855,3,Medium,1,SMMT,DIST_W_03,Moderate
OUT_06433,2023-03,48.16088806932684,1,Medium,1,SMMT,DIST_W_03,Moderate
OUT_06433,2023-04,96.89452209665566,4,Medium,1,SMMT,DIST_W_03,Favorable
OUT_06433,2023-06,37.09906208174274,1,Medium,1,SMMT,DIST_W_03,Un-Favorable
OUT_06433,2023-07,177.94880185870315,1,Medium,1,SMMT,DIST_W_03,Moderate
OUT_06433,2023-09,115.37797790399549,2,Medium,1,SMMT,DIST_W_03,Moderate
OUT_06433,2023-11,18.392585307472253,1,Medium,1,SMMT,DIST_W_03,Moderate
OUT_06433,2023-12,358.2036665240364,2,Medium,1,SMMT,DIST_W_03,Favorable
OUT_06433,2024-02,101.1312708523743,3,Medium,1,SMMT,DIST_W_03,Moderate
OUT_06433,2024-03,62.38000270660342,3,Medium,1,SMMT,DIST_W_03,Moderate
OUT_06433,2024-05,102.55198839786976,3,Medium,1,SMMT,DIST_W_03,Un-Favorable
OUT_06433,2024-06,58.02152113174849,2,Medium,1,SMMT,DIST_W_03,Un-Favorable
OUT_06433,2024-07,38.99515746120478,1,Medium,1,SMMT,DIST_W_03,Moderate
OUT_06433,2024-08,65.39075433859271,1,Medium,1,SMMT,DIST_W_03,Moderate
OUT_06433,2024-10,45.82589958411335,2,Medium,1,SMMT,DIST_W_03,Moderate
OUT_06433,2024-12,49.737659004152775,2,Medium,1,SMMT,DIST_W_03,Favorable
OUT_06433,2025-01,41.49652742175935,2,Medium,1,SMMT,DIST_W_03,Moderate
OUT_06433,2025-04,98.16621012201912,5,Medium,1,SMMT,DIST_W_03,Favorable
OUT_06433,2025-05,39.20287562887557,3,Medium,1,SMMT,DIST_W_03,Un-Favorable
OUT_06433,2025-06,38.08370747896163,1,Medium,1,SMMT,DIST_W_03,Un-Favorable
OUT_06433,2025-07,155.5572030342562,1,Medium,1,SMMT,DIST_W_03,Moderate
OUT_06433,2025-08,220.72131667610904,1,Medium,1,SMMT,DIST_W_03,Moderate
OUT_06433,2025-09,178.42930919736057,2,Medium,1,SMMT,DIST_W_03,Moderate
OUT_06485,2023-01,63.54160032280812,3,Small,0,Eatery,DIST_W_02,Moderate
OUT_06485,2023-02,44.4527318562802,3,Small,0,Eatery,DIST_W_02,Moderate
OUT_06485,2023-03,23.463205419655235,1,Small,0,Eatery,DIST_W_02,Moderate
OUT_06485,2023-05,36.84625833618672,4,Small,0,Eatery,DIST_W_02,Un-Favorable
OUT_06485,2023-06,29.147595548607185,1,Small,0,Eatery,DIST_W_02,Un-Favorable
OUT_06485,2023-09,2.7666196324922727,2,Small,0,Eatery,DIST_W_02,Moderate
OUT_06485,2023-10,92.92035514339656,1,Small,0,Eatery,DIST_W_02,Moderate
OUT_06485,2023-11,71.50467455933004,1,Small,0,Eatery,DIST_W_02,Moderate
OUT_06485,2024-01,85.71799073454802,2,Small,0,Eatery,DIST_W_02,Moderate
OUT_06485,2024-02,10.755234666673912,3,Small,0,Eatery,DIST_W_02,Moderate
OUT_06485,2024-03,5.936240959057649,3,Small,0,Eatery,DIST_W_02,Moderate
OUT_06485,2024-04,17.054018744486786,7,Small,0,Eatery,DIST_W_02,Favorable
OUT_06485,2024-06,3.103271519164929,2,Small,0,Eatery,DIST_W_02,Un-Favorable
OUT_06485,2024-09,22.01012617397732,2,Small,0,Eatery,DIST_W_02,Moderate
OUT_06485,2024-12,68.5124756136532,2,Small,0,Eatery,DIST_W_02,Favorable
OUT_06485,2025-03,33.98878770464875,1,Small,0,Eatery,DIST_W_02,Moderate
OUT_06485,2025-05,75.46941334650586,3,Small,0,Eatery,DIST_W_02,Un-Favorable
OUT_06485,2025-07,81.95430640570925,1,Small,0,Eatery,DIST_W_02,Moderate
OUT_06485,2025-09,10.016076576121185,2,Small,0,Eatery,DIST_W_02,Moderate
OUT_06485,2025-10,31.648752370503946,1,Small,0,Eatery,DIST_W_02,Moderate
OUT_06568,2023-01,226.1019211854961,3,Medium,2,Grocry,DIST_W_02,Moderate
OUT_06568,2023-04,276.4642606378122,4,Medium,2,Grocry,DIST_W_02,Favorable
OUT_06568,2023-05,63.328980783563416,4,Medium,2,Grocry,DIST_W_02,Un-Favorable
OUT_06568,2023-06,84.75010245530669,1,Medium,2,Grocry,DIST_W_02,Un-Favorable
OUT_06568,2023-07,81.38208396600373,1,Medium,2,Grocry,DIST_W_02,Moderate
OUT_06568,2023-08,191.46779817037643,2,Medium,2,Grocry,DIST_W_02,Moderate
OUT_06568,2023-10,172.52355314299697,1,Medium,2,Grocry,DIST_W_02,Moderate
OUT_06568,2023-11,34.834301646863594,1,Medium,2,Grocry,DIST_W_02,Moderate
OUT_06568,2024-01,37.86915022163134,2,Medium,2,Grocry,DIST_W_02,Moderate
OUT_06568,2024-02,234.39089359386867,3,Medium,2,Grocry,DIST_W_02,Moderate
OUT_06568,2024-04,295.5285835419712,7,Medium,2,Grocry,DIST_W_02,Favorable
OUT_06568,2024-06,57.09075314958245,2,Medium,2,Grocry,DIST_W_02,Un-Favorable
OUT_06568,2024-07,92.76694796120606,1,Medium,2,Grocry,DIST_W_02,Moderate
OUT_06568,2024-08,113.92438437187762,1,Medium,2,Grocry,DIST_W_02,Moderate
OUT_06568,2024-11,150.07068676975453,1,Medium,2,Grocry,DIST_W_02,Moderate
OUT_06568,2024-12,193.1788583003949,2,Medium,2,Grocry,DIST_W_02,Favorable
OUT_06568,2025-01,32.79040213693212,2,Medium,2,Grocry,DIST_W_02,Moderate
OUT_06568,2025-03,132.26010447430335,1,Medium,2,Grocry,DIST_W_02,Moderate
OUT_06568,2025-04,177.52922089485892,5,Medium,2,Grocry,DIST_W_02,Favorable
OUT_06568,2025-06,55.938528387299726,1,Medium,2,Grocry,DIST_W_02,Un-Favorable
OUT_06568,2025-07,262.41452075036227,1,Medium,2,Grocry,DIST_W_02,Moderate
OUT_06568,2025-08,10.79606583440561,1,Medium,2,Grocry,DIST_W_02,Moderate
OUT_06568,2025-09,72.49641471727804,2,Medium,2,Grocry,DIST_W_02,Moderate
OUT_06568,2025-11,138.1602188018096,1,Medium,2,Grocry,DIST_W_02,Moderate
OUT_06568,2025-12,12.944119267299293,2,Medium,2,Grocry,DIST_W_02,Favorable
OUT_06586,2023-01,75.50803377934083,3,Medium,1,Eatery,DIST_W_02,Moderate
OUT_06586,2023-05,48.96312092168105,4,Medium,1,Eatery,DIST_W_02,Un-Favorable
OUT_06586,2023-06,119.66034500900524,1,Medium,1,Eatery,DIST_W_02,Un-Favorable
OUT_06586,2023-07,119.98104483433394,1,Medium,1,Eatery,DIST_W_02,Moderate
OUT_06586,2023-08,135.00098659119854,2,Medium,1,Eatery,DIST_W_02,Moderate
OUT_06586,2023-09,56.779734922715605,2,Medium,1,Eatery,DIST_W_02,Moderate
OUT_06586,2023-10,61.01059564915087,1,Medium,1,Eatery,DIST_W_02,Moderate
OUT_06586,2023-11,206.4145681801949,1,Medium,1,Eatery,DIST_W_02,Moderate
OUT_06586,2023-12,75.34832956810249,2,Medium,1,Eatery,DIST_W_02,Favorable
OUT_06586,2024-01,254.32889294562705,2,Medium,1,Eatery,DIST_W_02,Moderate
OUT_06586,2024-02,82.5829806252338,3,Medium,1,Eatery,DIST_W_02,Moderate
OUT_06586,2024-04,69.66233693521825,7,Medium,1,Eatery,DIST_W_02,Favorable
OUT_06586,2024-05,126.78967635097906,3,Medium,1,Eatery,DIST_W_02,Un-Favorable
OUT_06586,2024-06,140.31512945116722,2,Medium,1,Eatery,DIST_W_02,Un-Favorable
OUT_06586,2024-08,70.31313999228256,1,Medium,1,Eatery,DIST_W_02,Moderate
OUT_06586,2024-09,63.35495988226026,2,Medium,1,Eatery,DIST_W_02,Moderate
OUT_06586,2024-11,87.02143421102606,1,Medium,1,Eatery,DIST_W_02,Moderate
OUT_06586,2025-01,207.46241073035705,2,Medium,1,Eatery,DIST_W_02,Moderate
OUT_06586,2025-03,48.13752638336597,1,Medium,1,Eatery,DIST_W_02,Moderate
OUT_06586,2025-05,164.2611689598239,3,Medium,1,Eatery,DIST_W_02,Un-Favorable
OUT_06586,2025-06,50.81642853295876,1,Medium,1,Eatery,DIST_W_02,Un-Favorable
OUT_06586,2025-07,87.528298799224,1,Medium,1,Eatery,DIST_W_02,Moderate
OUT_06586,2025-10,43.39939941161421,1,Medium,1,Eatery,DIST_W_02,Moderate
OUT_06586,2025-11,72.26847493195149,1,Medium,1,Eatery,DIST_W_02,Moderate
OUT_06586,2025-12,57.24113532138401,2,Medium,1,Eatery,DIST_W_02,Favorable
OUT_06602,2023-01,7.975133807275275,3,Small,0,SMMT,DIST_W_01,Moderate
OUT_06602,2023-04,10.030427353439444,4,Small,0,SMMT,DIST_W_01,Favorable
OUT_06602,2023-07,74.22964637677381,1,Small,0,SMMT,DIST_W_01,Moderate
OUT_06602,2023-10,23.48369507657292,1,Small,0,SMMT,DIST_W_01,Moderate
OUT_06602,2024-01,31.41111980626144,2,Small,0,SMMT,DIST_W_01,Moderate
OUT_06602,2024-03,25.524362672927225,3,Small,0,SMMT,DIST_W_01,Moderate
OUT_06602,2024-05,19.654201156109647,3,Small,0,SMMT,DIST_W_01,Un-Favorable
OUT_06602,2024-06,12.457314906683903,2,Small,0,SMMT,DIST_W_01,Un-Favorable
OUT_06602,2024-07,23.705941259831345,1,Small,0,SMMT,DIST_W_01,Moderate
OUT_06602,2024-11,24.35232202357322,1,Small,0,SMMT,DIST_W_01,Moderate
OUT_06602,2025-02,14.845097144043176,2,Small,0,SMMT,DIST_W_01,Moderate
OUT_06602,2025-03,5.443056703989331,1,Small,0,SMMT,DIST_W_01,Moderate
OUT_06602,2025-04,22.7325387593118,5,Small,0,SMMT,DIST_W_01,Favorable
OUT_06602,2025-05,23.398334288879447,3,Small,0,SMMT,DIST_W_01,Un-Favorable
OUT_06602,2025-06,37.54864597300432,1,Small,0,SMMT,DIST_W_01,Un-Favorable
OUT_06602,2025-07,62.76836266560933,1,Small,0,SMMT,DIST_W_01,Moderate
OUT_06602,2025-08,12.05707953594823,1,Small,0,SMMT,DIST_W_01,Moderate
OUT_06602,2025-09,9.604638449368473,2,Small,0,SMMT,DIST_W_01,Moderate
OUT_06647,2023-01,66.4011846332711,3,Medium,1,Eatery,DIST_W_01,Moderate
OUT_06647,2023-02,160.18730144245427,3,Medium,1,Eatery,DIST_W_01,Moderate
OUT_06647,2023-07,215.58356311514112,1,Medium,1,Eatery,DIST_W_01,Moderate
OUT_06647,2023-08,156.1842662325601,2,Medium,1,Eatery,DIST_W_01,Moderate
OUT_06647,2023-10,85.49224663462809,1,Medium,1,Eatery,DIST_W_01,Moderate
OUT_06647,2023-11,28.407140067969014,1,Medium,1,Eatery,DIST_W_01,Moderate
OUT_06647,2024-01,177.53853882899898,2,Medium,1,Eatery,DIST_W_01,Moderate
OUT_06647,2024-02,58.26550194633039,3,Medium,1,Eatery,DIST_W_01,Moderate
OUT_06647,2024-04,95.9899089446354,7,Medium,1,Eatery,DIST_W_01,Favorable
OUT_06647,2024-05,134.8559493261476,3,Medium,1,Eatery,DIST_W_01,Un-Favorable
OUT_06647,2024-07,213.9430588929714,1,Medium,1,Eatery,DIST_W_01,Moderate
OUT_06647,2024-08,226.43482843016332,1,Medium,1,Eatery,DIST_W_01,Moderate
OUT_06647,2024-09,173.00117064532046,2,Medium,1,Eatery,DIST_W_01,Moderate
OUT_06647,2024-11,225.4274154926592,1,Medium,1,Eatery,DIST_W_01,Moderate
OUT_06647,2024-12,279.12706883168187,2,Medium,1,Eatery,DIST_W_01,Favorable
OUT_06647,2025-01,26.12429414083256,2,Medium,1,Eatery,DIST_W_01,Moderate
OUT_06647,2025-03,217.3630332072575,1,Medium,1,Eatery,DIST_W_01,Moderate
OUT_06647,2025-04,299.75747874282456,5,Medium,1,Eatery,DIST_W_01,Favorable
OUT_06647,2025-06,101.91022937083432,1,Medium,1,Eatery,DIST_W_01,Un-Favorable
OUT_06647,2025-07,166.8208841293907,1,Medium,1,Eatery,DIST_W_01,Moderate
OUT_06647,2025-09,170.75482897606486,2,Medium,1,Eatery,DIST_W_01,Moderate
OUT_06647,2025-10,203.47208627146392,1,Medium,1,Eatery,DIST_W_01,Moderate
OUT_06647,2025-11,80.13964002285735,1,Medium,1,Eatery,DIST_W_01,Moderate
OUT_06647,2025-12,24.041869346581173,2,Medium,1,Eatery,DIST_W_01,Favorable
OUT_06650,2023-01,25.42689969154949,3,Small,0,Pharmacy,DIST_W_01,Moderate
OUT_06650,2023-02,80.57722406696101,3,Small,0,Pharmacy,DIST_W_01,Moderate
OUT_06650,2023-06,15.254377798822215,1,Small,0,Pharmacy,DIST_W_01,Un-Favorable
OUT_06650,2023-10,65.7096118211298,1,Small,0,Pharmacy,DIST_W_01,Moderate
OUT_06650,2023-11,22.765771329059508,1,Small,0,Pharmacy,DIST_W_01,Moderate
OUT_06650,2023-12,124.11823117044904,2,Small,0,Pharmacy,DIST_W_01,Favorable
OUT_06650,2024-02,21.30513707748802,3,Small,0,Pharmacy,DIST_W_01,Moderate
OUT_06650,2024-05,32.20852343227483,3,Small,0,Pharmacy,DIST_W_01,Un-Favorable
OUT_06650,2024-07,79.5382977247487,1,Small,0,Pharmacy,DIST_W_01,Moderate
OUT_06650,2025-03,94.84590207472108,1,Small,0,Pharmacy,DIST_W_01,Moderate
OUT_06650,2025-05,15.550682887868629,3,Small,0,Pharmacy,DIST_W_01,Un-Favorable
OUT_06650,2025-06,15.084832211977515,1,Small,0,Pharmacy,DIST_W_01,Un-Favorable
OUT_06650,2025-07,5.337977441461019,1,Small,0,Pharmacy,DIST_W_01,Moderate
OUT_06650,2025-10,21.464614138821386,1,Small,0,Pharmacy,DIST_W_01,Moderate
OUT_06718,2023-01,700.0475116734572,3,Large,5,Eatery,DIST_W_01,Moderate
OUT_06718,2023-04,790.6359022244724,4,Large,5,Eatery,DIST_W_01,Favorable
OUT_06718,2023-05,413.75536579215327,4,Large,5,Eatery,DIST_W_01,Un-Favorable
OUT_06718,2023-06,340.8651822850428,1,Large,5,Eatery,DIST_W_01,Un-Favorable
OUT_06718,2023-08,481.2170861108619,2,Large,5,Eatery,DIST_W_01,Moderate
OUT_06718,2023-11,468.1416454742345,1,Large,5,Eatery,DIST_W_01,Moderate
OUT_06718,2023-12,418.3672891049933,2,Large,5,Eatery,DIST_W_01,Favorable
OUT_06718,2024-01,562.9307316287117,2,Large,5,Eatery,DIST_W_01,Moderate
OUT_06718,2024-02,565.1153624681922,3,Large,5,Eatery,DIST_W_01,Moderate
OUT_06718,2024-04,807.6820625539924,7,Large,5,Eatery,DIST_W_01,Favorable
OUT_06718,2024-05,379.9426629179909,3,Large,5,Eatery,DIST_W_01,Un-Favorable
OUT_06718,2024-06,363.9757561334399,2,Large,5,Eatery,DIST_W_01,Un-Favorable
OUT_06718,2024-07,232.729502726516,1,Large,5,Eatery,DIST_W_01,Moderate
OUT_06718,2024-08,196.4622294072082,1,Large,5,Eatery,DIST_W_01,Moderate
OUT_06718,2024-09,590.0704992914972,2,Large,5,Eatery,DIST_W_01,Moderate
OUT_06718,2024-10,575.3064051528172,2,Large,5,Eatery,DIST_W_01,Moderate
OUT_06718,2024-11,735.9632032483133,1,Large,5,Eatery,DIST_W_01,Moderate
OUT_06718,2024-12,989.2762689233222,2,Large,5,Eatery,DIST_W_01,Favorable
OUT_06718,2025-01,507.9402369590565,2,Large,5,Eatery,DIST_W_01,Moderate
OUT_06718,2025-03,584.217960005997,1,Large,5,Eatery,DIST_W_01,Moderate
OUT_06718,2025-04,480.1803097001849,5,Large,5,Eatery,DIST_W_01,Favorable
OUT_06718,2025-05,373.1807633159861,3,Large,5,Eatery,DIST_W_01,Un-Favorable
OUT_06718,2025-08,565.9664398615209,1,Large,5,Eatery,DIST_W_01,Moderate
OUT_06718,2025-09,358.62472408416545,2,Large,5,Eatery,DIST_W_01,Moderate
OUT_06718,2025-11,544.4509301679492,1,Large,5,Eatery,DIST_W_01,Moderate
OUT_06718,2025-12,900.0466097999758,2,Large,5,Eatery,DIST_W_01,Favorable
OUT_06860,2023-01,555.4410626411366,3,Large,5,Eatery,DIST_W_02,Moderate
OUT_06860,2023-02,665.0983863459969,3,Large,5,Eatery,DIST_W_02,Moderate
OUT_06860,2023-03,506.99022274724666,1,Large,5,Eatery,DIST_W_02,Moderate
OUT_06860,2023-04,825.796320611081,4,Large,5,Eatery,DIST_W_02,Favorable
OUT_06860,2023-05,374.0568184370214,4,Large,5,Eatery,DIST_W_02,Un-Favorable
OUT_06860,2023-06,200.97751868647816,1,Large,5,Eatery,DIST_W_02,Un-Favorable
OUT_06860,2023-07,441.2366423697606,1,Large,5,Eatery,DIST_W_02,Moderate
OUT_06860,2023-08,505.1880995944815,2,Large,5,Eatery,DIST_W_02,Moderate
OUT_06860,2023-10,573.2126038677751,1,Large,5,Eatery,DIST_W_02,Moderate
OUT_06860,2023-11,562.5955638605417,1,Large,5,Eatery,DIST_W_02,Moderate
OUT_06860,2023-12,347.86463081562204,2,Large,5,Eatery,DIST_W_02,Favorable
OUT_06860,2024-02,502.05675854900426,3,Large,5,Eatery,DIST_W_02,Moderate
OUT_06860,2024-04,911.4843962203764,7,Large,5,Eatery,DIST_W_02,Favorable
OUT_06860,2024-06,205.2897709875113,2,Large,5,Eatery,DIST_W_02,Un-Favorable
OUT_06860,2024-07,554.6392402319178,1,Large,5,Eatery,DIST_W_02,Moderate
OUT_06860,2024-08,587.2112546092862,1,Large,5,Eatery,DIST_W_02,Moderate
OUT_06860,2024-09,571.7303154327135,2,Large,5,Eatery,DIST_W_02,Moderate
OUT_06860,2024-10,532.5535507442064,2,Large,5,Eatery,DIST_W_02,Moderate
OUT_06860,2024-11,564.1914549790997,1,Large,5,Eatery,DIST_W_02,Moderate
OUT_06860,2024-12,734.4427984408735,2,Large,5,Eatery,DIST_W_02,Favorable
OUT_06860,2025-01,540.6643245946137,2,Large,5,Eatery,DIST_W_02,Moderate
OUT_06860,2025-02,590.960014464865,2,Large,5,Eatery,DIST_W_02,Moderate
OUT_06860,2025-03,441.5184603572329,1,Large,5,Eatery,DIST_W_02,Moderate
OUT_06860,2025-05,184.47862217178056,3,Large,5,Eatery,DIST_W_02,Un-Favorable
OUT_06860,2025-06,407.4208495476712,1,Large,5,Eatery,DIST_W_02,Un-Favorable
OUT_06860,2025-07,517.8393406121492,1,Large,5,Eatery,DIST_W_02,Moderate
OUT_06860,2025-08,469.0534445373534,1,Large,5,Eatery,DIST_W_02,Moderate
OUT_06860,2025-10,219.0108918884615,1,Large,5,Eatery,DIST_W_02,Moderate
OUT_06860,2025-11,602.6081913899479,1,Large,5,Eatery,DIST_W_02,Moderate
OUT_06860,2025-12,944.6809326993828,2,Large,5,Eatery,DIST_W_02,Favorable
OUT_07235,2023-01,233.5441090335285,3,Medium,1,Grocery,DIST_W_02,Moderate
OUT_07235,2023-03,195.26669234268385,1,Medium,1,Grocery,DIST_W_02,Moderate
OUT_07235,2023-04,266.2748625495568,4,Medium,1,Grocery,DIST_W_02,Favorable
OUT_07235,2023-06,55.31587155799304,1,Medium,1,Grocery,DIST_W_02,Un-Favorable
OUT_07235,2023-07,119.02644557640971,1,Medium,1,Grocery,DIST_W_02,Moderate
OUT_07235,2023-10,55.038670901957325,1,Medium,1,Grocery,DIST_W_02,Moderate
OUT_07235,2023-11,82.08004902407357,1,Medium,1,Grocery,DIST_W_02,Moderate
OUT_07235,2023-12,281.0948268776341,2,Medium,1,Grocery,DIST_W_02,Favorable
OUT_07235,2024-01,183.6969971664961,2,Medium,1,Grocery,DIST_W_02,Moderate
OUT_07235,2024-03,59.85684702448945,3,Medium,1,Grocery,DIST_W_02,Moderate
OUT_07235,2024-04,36.481718809212445,7,Medium,1,Grocery,DIST_W_02,Favorable
OUT_07235,2024-05,55.20001388167335,3,Medium,1,Grocery,DIST_W_02,Un-Favorable
OUT_07235,2024-06,121.25659042764052,2,Medium,1,Grocery,DIST_W_02,Un-Favorable
OUT_07235,2024-07,206.7322104143175,1,Medium,1,Grocery,DIST_W_02,Moderate
OUT_07235,2024-08,224.3204458750536,1,Medium,1,Grocery,DIST_W_02,Moderate
OUT_07235,2024-09,200.0964301941384,2,Medium,1,Grocery,DIST_W_02,Moderate
OUT_07235,2024-11,92.88585793394664,1,Medium,1,Grocery,DIST_W_02,Moderate
OUT_07235,2025-02,39.657400200582224,2,Medium,1,Grocery,DIST_W_02,Moderate
OUT_07235,2025-03,187.8289176962924,1,Medium,1,Grocery,DIST_W_02,Moderate
OUT_07235,2025-04,336.7877531349583,5,Medium,1,Grocery,DIST_W_02,Favorable
OUT_07235,2025-06,57.25020288642475,1,Medium,1,Grocery,DIST_W_02,Un-Favorable
OUT_07235,2025-07,88.99964651258786,1,Medium,1,Grocery,DIST_W_02,Moderate
OUT_07235,2025-08,203.34229934332384,1,Medium,1,Grocery,DIST_W_02,Moderate
OUT_07235,2025-09,56.88931560766692,2,Medium,1,Grocery,DIST_W_02,Moderate
OUT_07302,2023-01,113.29838227764918,3,Medium,1,Eatery,DIST_W_03,Moderate
OUT_07302,2023-02,51.28080689294573,3,Medium,1,Eatery,DIST_W_03,Moderate
OUT_07302,2023-03,249.58059547700083,1,Medium,1,Eatery,DIST_W_03,Moderate
OUT_07302,2023-05,122.97273346565628,4,Medium,1,Eatery,DIST_W_03,Un-Favorable
OUT_07302,2023-06,33.09380209626386,1,Medium,1,Eatery,DIST_W_03,Un-Favorable
OUT_07302,2023-07,33.60584389139213,1,Medium,1,Eatery,DIST_W_03,Moderate
OUT_07302,2023-09,62.80438546896423,2,Medium,1,Eatery,DIST_W_03,Moderate
OUT_07302,2023-10,188.75100310920783,1,Medium,1,Eatery,DIST_W_03,Moderate
OUT_07302,2024-01,58.568452519125415,2,Medium,1,Eatery,DIST_W_03,Moderate
OUT_07302,2024-02,19.828660469113583,3,Medium,1,Eatery,DIST_W_03,Moderate
OUT_07302,2024-03,58.01246436529971,3,Medium,1,Eatery,DIST_W_03,Moderate
OUT_07302,2024-05,130.3685979806828,3,Medium,1,Eatery,DIST_W_03,Un-Favorable
OUT_07302,2024-06,122.25462468851264,2,Medium,1,Eatery,DIST_W_03,Un-Favorable
OUT_07302,2024-07,65.50926029928961,1,Medium,1,Eatery,DIST_W_03,Moderate
OUT_07302,2024-08,301.5953331420924,1,Medium,1,Eatery,DIST_W_03,Moderate
OUT_07302,2024-09,194.7847838732899,2,Medium,1,Eatery,DIST_W_03,Moderate
OUT_07302,2024-10,33.70255302381986,2,Medium,1,Eatery,DIST_W_03,Moderate
OUT_07302,2024-11,45.97502229282638,1,Medium,1,Eatery,DIST_W_03,Moderate
OUT_07302,2024-12,273.6416475924559,2,Medium,1,Eatery,DIST_W_03,Favorable
OUT_07302,2025-01,84.44948407255735,2,Medium,1,Eatery,DIST_W_03,Moderate
OUT_07302,2025-02,79.38850449814439,2,Medium,1,Eatery,DIST_W_03,Moderate
OUT_07302,2025-03,211.18068440317668,1,Medium,1,Eatery,DIST_W_03,Moderate
OUT_07302,2025-06,101.32601344716478,1,Medium,1,Eatery,DIST_W_03,Un-Favorable
OUT_07302,2025-07,183.5015643471665,1,Medium,1,Eatery,DIST_W_03,Moderate
OUT_07302,2025-08,41.64756412164216,1,Medium,1,Eatery,DIST_W_03,Moderate
OUT_07302,2025-09,150.75319718527737,2,Medium,1,Eatery,DIST_W_03,Moderate
OUT_07302,2025-10,226.3524234249379,1,Medium,1,Eatery,DIST_W_03,Moderate
OUT_07302,2025-12,260.6874302356054,2,Medium,1,Eatery,DIST_W_03,Favorable
OUT_07362,2023-02,168.46650266942436,3,Medium,2,Eatery,DIST_W_03,Moderate
OUT_07362,2023-03,174.5544126425735,1,Medium,2,Eatery,DIST_W_03,Moderate
OUT_07362,2023-04,320.9876686835147,4,Medium,2,Eatery,DIST_W_03,Favorable
OUT_07362,2023-05,14.173159140085664,4,Medium,2,Eatery,DIST_W_03,Un-Favorable
OUT_07362,2023-06,58.26053345104496,1,Medium,2,Eatery,DIST_W_03,Un-Favorable
OUT_07362,2023-09,99.1763911700461,2,Medium,2,Eatery,DIST_W_03,Moderate
OUT_07362,2023-10,11.24320513269276,1,Medium,2,Eatery,DIST_W_03,Moderate
OUT_07362,2023-11,131.69009960323984,1,Medium,2,Eatery,DIST_W_03,Moderate
OUT_07362,2023-12,100.35718859699249,2,Medium,2,Eatery,DIST_W_03,Favorable
OUT_07362,2024-01,90.86901720290112,2,Medium,2,Eatery,DIST_W_03,Moderate
OUT_07362,2024-02,169.23869708085303,3,Medium,2,Eatery,DIST_W_03,Moderate
OUT_07362,2024-03,166.62303797188736,3,Medium,2,Eatery,DIST_W_03,Moderate
OUT_07362,2024-04,90.90725629619016,7,Medium,2,Eatery,DIST_W_03,Favorable
OUT_07362,2024-05,13.438299780492102,3,Medium,2,Eatery,DIST_W_03,Un-Favorable
OUT_07362,2024-06,129.67681745654062,2,Medium,2,Eatery,DIST_W_03,Un-Favorable
OUT_07362,2024-07,60.55953065879383,1,Medium,2,Eatery,DIST_W_03,Moderate
OUT_07362,2024-09,205.15484701018312,2,Medium,2,Eatery,DIST_W_03,Moderate
OUT_07362,2024-11,86.70548376230035,1,Medium,2,Eatery,DIST_W_03,Moderate
OUT_07362,2025-01,155.5299401030605,2,Medium,2,Eatery,DIST_W_03,Moderate
OUT_07362,2025-02,36.20582142824383,2,Medium,2,Eatery,DIST_W_03,Moderate
OUT_07362,2025-03,189.7203553073208,1,Medium,2,Eatery,DIST_W_03,Moderate
OUT_07362,2025-04,127.7394660703822,5,Medium,2,Eatery,DIST_W_03,Favorable
OUT_07362,2025-08,30.14663655660209,1,Medium,2,Eatery,DIST_W_03,Moderate
OUT_07362,2025-10,90.61939783685548,1,Medium,2,Eatery,DIST_W_03,Moderate
OUT_07362,2025-11,51.01642690865788,1,Medium,2,Eatery,DIST_W_03,Moderate
OUT_07362,2025-12,344.9635114226702,2,Medium,2,Eatery,DIST_W_03,Favorable
OUT_07414,2023-02,34.894207699187135,3,Medium,2,Grocery,DIST_W_02,Moderate
OUT_07414,2023-03,66.47824577679515,1,Medium,2,Grocery,DIST_W_02,Moderate
OUT_07414,2023-06,28.28797891423733,1,Medium,2,Grocery,DIST_W_02,Un-Favorable
OUT_07414,2023-07,59.51906884022768,1,Medium,2,Grocery,DIST_W_02,Moderate
OUT_07414,2023-08,224.8038022825804,2,Medium,2,Grocery,DIST_W_02,Moderate
OUT_07414,2023-09,181.0063167547616,2,Medium,2,Grocery,DIST_W_02,Moderate
OUT_07414,2023-10,61.976023832318496,1,Medium,2,Grocery,DIST_W_02,Moderate
OUT_07414,2023-11,102.3597120910004,1,Medium,2,Grocery,DIST_W_02,Moderate
OUT_07414,2023-12,42.87299072173405,2,Medium,2,Grocery,DIST_W_02,Favorable
OUT_07414,2024-01,184.467827813901,2,Medium,2,Grocery,DIST_W_02,Moderate
OUT_07414,2024-02,117.5195611389939,3,Medium,2,Grocery,DIST_W_02,Moderate
OUT_07414,2024-07,190.0116498304345,1,Medium,2,Grocery,DIST_W_02,Moderate
OUT_07414,2024-08,158.01246578000635,1,Medium,2,Grocery,DIST_W_02,Moderate
OUT_07414,2024-09,250.73048397777097,2,Medium,2,Grocery,DIST_W_02,Moderate
OUT_07414,2024-11,196.8057879004935,1,Medium,2,Grocery,DIST_W_02,Moderate
OUT_07414,2024-12,120.4672659162898,2,Medium,2,Grocery,DIST_W_02,Favorable
OUT_07414,2025-01,213.54942520735904,2,Medium,2,Grocery,DIST_W_02,Moderate
OUT_07414,2025-04,251.1653155319878,5,Medium,2,Grocery,DIST_W_02,Favorable
OUT_07414,2025-05,127.44476872361712,3,Medium,2,Grocery,DIST_W_02,Un-Favorable
OUT_07414,2025-06,54.65610206834837,1,Medium,2,Grocery,DIST_W_02,Un-Favorable
OUT_07414,2025-07,260.1627974174506,1,Medium,2,Grocery,DIST_W_02,Moderate
OUT_07414,2025-08,180.48085589135425,1,Medium,2,Grocery,DIST_W_02,Moderate
OUT_07414,2025-10,113.05286719653805,1,Medium,2,Grocery,DIST_W_02,Moderate
OUT_07440,2023-01,76.25785672159418,3,Medium,2,Eatery,DIST_W_01,Moderate
OUT_07440,2023-02,202.4826723043531,3,Medium,2,Eatery,DIST_W_01,Moderate
OUT_07440,2023-03,52.9535303302853,1,Medium,2,Eatery,DIST_W_01,Moderate
OUT_07440,2023-04,87.10390917567236,4,Medium,2,Eatery,DIST_W_01,Favorable
OUT_07440,2023-06,136.92118113754816,1,Medium,2,Eatery,DIST_W_01,Un-Favorable
OUT_07440,2023-08,101.26039349188864,2,Medium,2,Eatery,DIST_W_01,Moderate
OUT_07440,2023-09,181.3542442972283,2,Medium,2,Eatery,DIST_W_01,Moderate
OUT_07440,2023-11,81.56381051903048,1,Medium,2,Eatery,DIST_W_01,Moderate
OUT_07440,2023-12,416.0753231998424,2,Medium,2,Eatery,DIST_W_01,Favorable
OUT_07440,2024-01,92.39476877024347,2,Medium,2,Eatery,DIST_W_01,Moderate
OUT_07440,2024-03,43.70065739399518,3,Medium,2,Eatery,DIST_W_01,Moderate
OUT_07440,2024-05,51.239029986572575,3,Medium,2,Eatery,DIST_W_01,Un-Favorable
OUT_07440,2024-07,186.8820611605407,1,Medium,2,Eatery,DIST_W_01,Moderate
OUT_07440,2024-09,36.38845418023877,2,Medium,2,Eatery,DIST_W_01,Moderate
OUT_07440,2024-10,177.31755798595253,2,Medium,2,Eatery,DIST_W_01,Moderate
OUT_07440,2024-12,232.7669691922628,2,Medium,2,Eatery,DIST_W_01,Favorable
OUT_07440,2025-01,185.27202353857012,2,Medium,2,Eatery,DIST_W_01,Moderate
OUT_07440,2025-02,175.5945110545616,2,Medium,2,Eatery,DIST_W_01,Moderate
OUT_07440,2025-03,25.97955711789741,1,Medium,2,Eatery,DIST_W_01,Moderate
OUT_07440,2025-04,304.33200736362886,5,Medium,2,Eatery,DIST_W_01,Favorable
OUT_07440,2025-07,63.203246583447175,1,Medium,2,Eatery,DIST_W_01,Moderate
OUT_07440,2025-09,196.0491055130069,2,Medium,2,Eatery,DIST_W_01,Moderate
OUT_07440,2025-10,123.2466915150046,1,Medium,2,Eatery,DIST_W_01,Moderate
OUT_07527,2023-02,57.76539385060327,3,small,2,Hotel,DIST_W_02,Moderate
OUT_07527,2023-03,17.564014531148352,1,small,2,Hotel,DIST_W_02,Moderate
OUT_07527,2023-06,44.10906652326052,1,small,2,Hotel,DIST_W_02,Un-Favorable
OUT_07527,2023-07,57.84252693015512,1,small,2,Hotel,DIST_W_02,Moderate
OUT_07527,2023-08,18.507080251460543,2,small,2,Hotel,DIST_W_02,Moderate
OUT_07527,2023-09,38.740093471983016,2,small,2,Hotel,DIST_W_02,Moderate
OUT_07527,2023-12,142.00030806037546,2,small,2,Hotel,DIST_W_02,Favorable
OUT_07527,2024-02,93.70231462538533,3,small,2,Hotel,DIST_W_02,Moderate
OUT_07527,2024-03,16.798260993614043,3,small,2,Hotel,DIST_W_02,Moderate
OUT_07527,2024-05,6.707235247125756,3,small,2,Hotel,DIST_W_02,Un-Favorable
OUT_07527,2024-06,7.393034410827703,2,small,2,Hotel,DIST_W_02,Un-Favorable
OUT_07527,2024-12,33.415352704512216,2,small,2,Hotel,DIST_W_02,Favorable
OUT_07527,2025-05,64.38345167786954,3,small,2,Hotel,DIST_W_02,Un-Favorable
OUT_07527,2025-07,15.738185740687143,1,small,2,Hotel,DIST_W_02,Moderate
OUT_07527,2025-10,51.07431416195842,1,small,2,Hotel,DIST_W_02,Moderate
OUT_07527,2025-11,25.86876146128257,1,small,2,Hotel,DIST_W_02,Moderate
OUT_07582,2023-05,3.052128736044924,4,Small,1,Hotel,DIST_W_02,Un-Favorable
OUT_07582,2023-06,20.09731866670037,1,Small,1,Hotel,DIST_W_02,Un-Favorable
OUT_07582,2023-10,73.25458993785263,1,Small,1,Hotel,DIST_W_02,Moderate
OUT_07582,2023-11,15.458515229755593,1,Small,1,Hotel,DIST_W_02,Moderate
OUT_07582,2023-12,19.08338662957358,2,Small,1,Hotel,DIST_W_02,Favorable
OUT_07582,2024-02,110.27096570620594,3,Small,1,Hotel,DIST_W_02,Moderate
OUT_07582,2024-05,33.26871860383341,3,Small,1,Hotel,DIST_W_02,Un-Favorable
OUT_07582,2025-02,80.15441956187269,2,Small,1,Hotel,DIST_W_02,Moderate
OUT_07582,2025-04,46.73715223490034,5,Small,1,Hotel,DIST_W_02,Favorable
OUT_07582,2025-05,15.35808255935179,3,Small,1,Hotel,DIST_W_02,Un-Favorable
OUT_07582,2025-06,2.1689989163866543,1,Small,1,Hotel,DIST_W_02,Un-Favorable
OUT_07582,2025-07,30.208951409161216,1,Small,1,Hotel,DIST_W_02,Moderate
OUT_07582,2025-08,22.77511652579976,1,Small,1,Hotel,DIST_W_02,Moderate
OUT_07582,2025-09,32.586143127033345,2,Small,1,Hotel,DIST_W_02,Moderate
OUT_07582,2025-10,19.883034342424647,1,Small,1,Hotel,DIST_W_02,Moderate
OUT_07582,2025-11,17.979875948552056,1,Small,1,Hotel,DIST_W_02,Moderate
OUT_07596,2023-03,90.14628581955168,1,Small,0,Grocry,DIST_W_03,Moderate
OUT_07596,2023-04,34.74401260889982,4,Small,0,Grocry,DIST_W_03,Favorable
OUT_07596,2023-10,61.94494714961216,1,Small,0,Grocry,DIST_W_03,Moderate
OUT_07596,2023-12,85.50964901115728,2,Small,0,Grocry,DIST_W_03,Favorable
OUT_07596,2024-04,19.97475238840959,7,Small,0,Grocry,DIST_W_03,Favorable
OUT_07596,2024-05,13.662583361921367,3,Small,0,Grocry,DIST_W_03,Un-Favorable
OUT_07596,2024-08,74.34979033966269,1,Small,0,Grocry,DIST_W_03,Moderate
OUT_07596,2024-11,5.728447493469117,1,Small,0,Grocry,DIST_W_03,Moderate
OUT_07596,2024-12,34.13331406653316,2,Small,0,Grocry,DIST_W_03,Favorable
OUT_07596,2025-02,36.38580667700938,2,Small,0,Grocry,DIST_W_03,Moderate
OUT_07596,2025-04,56.96000046693464,5,Small,0,Grocry,DIST_W_03,Favorable
OUT_07596,2025-07,17.03106292931751,1,Small,0,Grocry,DIST_W_03,Moderate
OUT_07596,2025-09,75.23203851012445,2,Small,0,Grocry,DIST_W_03,Moderate
OUT_07596,2025-11,79.86858170461014,1,Small,0,Grocry,DIST_W_03,Moderate
OUT_07596,2025-12,11.729078352792955,2,Small,0,Grocry,DIST_W_03,Favorable
OUT_07600,2023-01,519.2050205225808,3,Large,5,Eatery,DIST_W_03,Moderate
OUT_07600,2023-02,322.96372628023744,3,Large,5,Eatery,DIST_W_03,Moderate
OUT_07600,2023-04,912.9254543389708,4,Large,5,Eatery,DIST_W_03,Favorable
OUT_07600,2023-05,196.70534923144325,4,Large,5,Eatery,DIST_W_03,Un-Favorable
OUT_07600,2023-06,376.0301424626188,1,Large,5,Eatery,DIST_W_03,Un-Favorable
OUT_07600,2023-08,631.8853131981974,2,Large,5,Eatery,DIST_W_03,Moderate
OUT_07600,2023-09,658.5739647892909,2,Large,5,Eatery,DIST_W_03,Moderate
OUT_07600,2023-10,621.0097953414031,1,Large,5,Eatery,DIST_W_03,Moderate
OUT_07600,2023-12,905.854073327528,2,Large,5,Eatery,DIST_W_03,Favorable
OUT_07600,2024-01,595.4042415820777,2,Large,5,Eatery,DIST_W_03,Moderate
OUT_07600,2024-02,585.3566867418825,3,Large,5,Eatery,DIST_W_03,Moderate
OUT_07600,2024-03,503.4868832471856,3,Large,5,Eatery,DIST_W_03,Moderate
OUT_07600,2024-05,131.7449435860904,3,Large,5,Eatery,DIST_W_03,Un-Favorable
OUT_07600,2024-06,391.1505924040792,2,Large,5,Eatery,DIST_W_03,Un-Favorable
OUT_07600,2024-07,486.3660486332867,1,Large,5,Eatery,DIST_W_03,Moderate
OUT_07600,2024-08,250.99873301103747,1,Large,5,Eatery,DIST_W_03,Moderate
OUT_07600,2024-09,497.437442258052,2,Large,5,Eatery,DIST_W_03,Moderate
OUT_07600,2024-10,519.4131082698426,2,Large,5,Eatery,DIST_W_03,Moderate
OUT_07600,2024-11,615.0061731511737,1,Large,5,Eatery,DIST_W_03,Moderate
OUT_07600,2024-12,795.6518892705515,2,Large,5,Eatery,DIST_W_03,Favorable
OUT_07600,2025-01,513.624584268506,2,Large,5,Eatery,DIST_W_03,Moderate
OUT_07600,2025-02,493.89339158614695,2,Large,5,Eatery,DIST_W_03,Moderate
OUT_07600,2025-04,867.1941381599881,5,Large,5,Eatery,DIST_W_03,Favorable
OUT_07600,2025-05,392.6895315362556,3,Large,5,Eatery,DIST_W_03,Un-Favorable
OUT_07600,2025-06,211.71191973759872,1,Large,5,Eatery,DIST_W_03,Un-Favorable
OUT_07600,2025-07,577.5911058576448,1,Large,5,Eatery,DIST_W_03,Moderate
OUT_07600,2025-08,580.563570587571,1,Large,5,Eatery,DIST_W_03,Moderate
OUT_07600,2025-10,-73.09303959952533,1,Large,5,Eatery,DIST_W_03,Moderate
OUT_07600,2025-11,582.5190915415475,1,Large,5,Eatery,DIST_W_03,Moderate
OUT_07600,2025-12,982.4235505220328,2,Large,5,Eatery,DIST_W_03,Favorable
OUT_07626,2023-04,107.47832183703504,4,Small,0,Kiosk,DIST_W_01,Favorable
OUT_07626,2023-05,14.60905488385614,4,Small,0,Kiosk,DIST_W_01,Un-Favorable
OUT_07626,2023-06,11.504235504328737,1,Small,0,Kiosk,DIST_W_01,Un-Favorable
OUT_07626,2023-12,38.36957623493311,2,Small,0,Kiosk,DIST_W_01,Favorable
OUT_07626,2024-02,17.57319112924689,3,Small,0,Kiosk,DIST_W_01,Moderate
OUT_07626,2024-03,21.88718975314098,3,Small,0,Kiosk,DIST_W_01,Moderate
OUT_07626,2024-05,11.908634105237136,3,Small,0,Kiosk,DIST_W_01,Un-Favorable
OUT_07626,2024-10,36.332734636508015,2,Small,0,Kiosk,DIST_W_01,Moderate
OUT_07626,2025-01,18.507550970395474,2,Small,0,Kiosk,DIST_W_01,Moderate
OUT_07626,2025-03,9.680652288035269,1,Small,0,Kiosk,DIST_W_01,Moderate
OUT_07626,2025-05,5.283685087040824,3,Small,0,Kiosk,DIST_W_01,Un-Favorable
OUT_07626,2025-07,5.404517771643957,1,Small,0,Kiosk,DIST_W_01,Moderate
OUT_07626,2025-09,14.166202197120173,2,Small,0,Kiosk,DIST_W_01,Moderate
OUT_07927,2023-05,6.479794243565372,4,Small,0,Eatery,DIST_W_02,Un-Favorable
OUT_07927,2023-06,18.99101099351202,1,Small,0,Eatery,DIST_W_02,Un-Favorable
OUT_07927,2024-01,19.05154289760807,2,Small,0,Eatery,DIST_W_02,Moderate
OUT_07927,2024-04,7.00036954660461,7,Small,0,Eatery,DIST_W_02,Favorable
OUT_07927,2024-05,3.157057553012378,3,Small,0,Eatery,DIST_W_02,Un-Favorable
OUT_07927,2024-07,33.0674922281283,1,Small,0,Eatery,DIST_W_02,Moderate
OUT_07927,2024-09,85.26915060788515,2,Small,0,Eatery,DIST_W_02,Moderate
OUT_07927,2025-01,82.04505425584716,2,Small,0,Eatery,DIST_W_02,Moderate
OUT_07927,2025-02,17.479265416565333,2,Small,0,Eatery,DIST_W_02,Moderate
OUT_07927,2025-03,5.886940433749491,1,Small,0,Eatery,DIST_W_02,Moderate
OUT_07927,2025-04,56.06009440184842,5,Small,0,Eatery,DIST_W_02,Favorable
OUT_07927,2025-07,70.985082560405,1,Small,0,Eatery,DIST_W_02,Moderate
OUT_07927,2025-08,83.45737592867363,1,Small,0,Eatery,DIST_W_02,Moderate
OUT_07927,2025-10,22.990937639393053,1,Small,0,Eatery,DIST_W_02,Moderate
OUT_07927,2025-11,93.2662798110756,1,Small,0,Eatery,DIST_W_02,Moderate
OUT_07927,2025-12,114.84256781366308,2,Small,0,Eatery,DIST_W_02,Favorable
OUT_07940,2023-02,9.977964931539615,3,Small,0,Pharmacy,DIST_W_03,Moderate
OUT_07940,2023-04,25.15259026640937,4,Small,0,Pharmacy,DIST_W_03,Favorable
OUT_07940,2023-06,7.736466385968157,1,Small,0,Pharmacy,DIST_W_03,Un-Favorable
OUT_07940,2023-09,32.32077304600341,2,Small,0,Pharmacy,DIST_W_03,Moderate
OUT_07940,2024-01,6.393241252308005,2,Small,0,Pharmacy,DIST_W_03,Moderate
OUT_07940,2024-02,6.224413382768218,3,Small,0,Pharmacy,DIST_W_03,Moderate
OUT_07940,2024-03,37.02749607094305,3,Small,0,Pharmacy,DIST_W_03,Moderate
OUT_07940,2024-04,110.89795689454732,7,Small,0,Pharmacy,DIST_W_03,Favorable
OUT_07940,2024-06,16.23884471066917,2,Small,0,Pharmacy,DIST_W_03,Un-Favorable
OUT_07940,2024-08,28.555302735376024,1,Small,0,Pharmacy,DIST_W_03,Moderate
OUT_07940,2024-09,15.410978994021452,2,Small,0,Pharmacy,DIST_W_03,Moderate
OUT_07940,2024-11,2.4621446731492624,1,Small,0,Pharmacy,DIST_W_03,Moderate
OUT_07940,2024-12,137.6819644462598,2,Small,0,Pharmacy,DIST_W_03,Favorable
OUT_07940,2025-03,34.727603753185114,1,Small,0,Pharmacy,DIST_W_03,Moderate
OUT_07940,2025-04,115.75010904381284,5,Small,0,Pharmacy,DIST_W_03,Favorable
OUT_07940,2025-06,29.401493252702537,1,Small,0,Pharmacy,DIST_W_03,Un-Favorable
OUT_07940,2025-09,28.054500612607743,2,Small,0,Pharmacy,DIST_W_03,Moderate
OUT_07940,2025-10,9.646749893848028,1,Small,0,Pharmacy,DIST_W_03,Moderate
OUT_07940,2025-12,42.0178470581038,2,Small,0,Pharmacy,DIST_W_03,Favorable
OUT_07944,2023-01,5.690345138182487,3,Small,0,Bakery,DIST_W_01,Moderate
OUT_07944,2023-07,16.684497547199626,1,Small,0,Bakery,DIST_W_01,Moderate
OUT_07944,2023-08,5.594587724193794,2,Small,0,Bakery,DIST_W_01,Moderate
OUT_07944,2023-09,70.62267713328663,2,Small,0,Bakery,DIST_W_01,Moderate
OUT_07944,2023-10,96.45055298194156,1,Small,0,Bakery,DIST_W_01,Moderate
OUT_07944,2023-12,14.254909050466964,2,Small,0,Bakery,DIST_W_01,Favorable
OUT_07944,2024-04,41.60784078474436,7,Small,0,Bakery,DIST_W_01,Favorable
OUT_07944,2024-05,16.332787545042873,3,Small,0,Bakery,DIST_W_01,Un-Favorable
OUT_07944,2024-06,18.89255979495393,2,Small,0,Bakery,DIST_W_01,Un-Favorable
OUT_07944,2024-07,36.14510799676432,1,Small,0,Bakery,DIST_W_01,Moderate
OUT_07944,2024-10,73.29801710859581,2,Small,0,Bakery,DIST_W_01,Moderate
OUT_07944,2024-11,4.986022784993235,1,Small,0,Bakery,DIST_W_01,Moderate
OUT_07944,2024-12,107.23312814505394,2,Small,0,Bakery,DIST_W_01,Favorable
OUT_07944,2025-01,17.020880147252516,2,Small,0,Bakery,DIST_W_01,Moderate
OUT_07944,2025-06,20.50030743738128,1,Small,0,Bakery,DIST_W_01,Un-Favorable
OUT_07944,2025-07,21.402226003440347,1,Small,0,Bakery,DIST_W_01,Moderate
OUT_07944,2025-08,14.13205047633945,1,Small,0,Bakery,DIST_W_01,Moderate
OUT_07944,2025-09,25.745778417256385,2,Small,0,Bakery,DIST_W_01,Moderate
OUT_07944,2025-10,69.9463730622814,1,Small,0,Bakery,DIST_W_01,Moderate
OUT_07944,2025-11,62.28470518961245,1,Small,0,Bakery,DIST_W_01,Moderate
OUT_07956,2023-01,67.94665063574345,3,Medium,2,Grocery,DIST_W_02,Moderate
OUT_07956,2023-02,163.9962994933293,3,Medium,2,Grocery,DIST_W_02,Moderate
OUT_07956,2023-07,73.52279960610885,1,Medium,2,Grocery,DIST_W_02,Moderate
OUT_07956,2023-08,73.77671038124141,2,Medium,2,Grocery,DIST_W_02,Moderate
OUT_07956,2023-09,72.81476788187497,2,Medium,2,Grocery,DIST_W_02,Moderate
OUT_07956,2023-10,15.986934641671548,1,Medium,2,Grocery,DIST_W_02,Moderate
OUT_07956,2023-11,96.30407495067792,1,Medium,2,Grocery,DIST_W_02,Moderate
OUT_07956,2023-12,63.92063338360247,2,Medium,2,Grocery,DIST_W_02,Favorable
OUT_07956,2024-01,49.713916106411446,2,Medium,2,Grocery,DIST_W_02,Moderate
OUT_07956,2024-03,58.09178430746428,3,Medium,2,Grocery,DIST_W_02,Moderate
OUT_07956,2024-04,148.21876777402457,7,Medium,2,Grocery,DIST_W_02,Favorable
OUT_07956,2024-05,56.67307222463734,3,Medium,2,Grocery,DIST_W_02,Un-Favorable
OUT_07956,2024-06,142.22935210432036,2,Medium,2,Grocery,DIST_W_02,Un-Favorable
OUT_07956,2024-07,169.1894508452034,1,Medium,2,Grocery,DIST_W_02,Moderate
OUT_07956,2024-10,98.73086163175655,2,Medium,2,Grocery,DIST_W_02,Moderate
OUT_07956,2024-12,52.02809980355296,2,Medium,2,Grocery,DIST_W_02,Favorable
OUT_07956,2025-04,124.1913302684987,5,Medium,2,Grocery,DIST_W_02,Favorable
OUT_07956,2025-06,122.70328564901274,1,Medium,2,Grocery,DIST_W_02,Un-Favorable
OUT_07956,2025-10,46.03528801487214,1,Medium,2,Grocery,DIST_W_02,Moderate
OUT_07956,2025-11,234.0663482637616,1,Medium,2,Grocery,DIST_W_02,Moderate
OUT_07967,2023-01,582.8271546875075,3,Large,4,Hotel,DIST_W_01,Moderate
OUT_07967,2023-02,610.4332053091526,3,Large,4,Hotel,DIST_W_01,Moderate
OUT_07967,2023-03,472.6452818658615,1,Large,4,Hotel,DIST_W_01,Moderate
OUT_07967,2023-04,819.0288104404435,4,Large,4,Hotel,DIST_W_01,Favorable
OUT_07967,2023-06,296.30927865839413,1,Large,4,Hotel,DIST_W_01,Un-Favorable
OUT_07967,2023-07,605.3447082114691,1,Large,4,Hotel,DIST_W_01,Moderate
OUT_07967,2023-08,524.8761008907823,2,Large,4,Hotel,DIST_W_01,Moderate
OUT_07967,2023-09,566.5233130780899,2,Large,4,Hotel,DIST_W_01,Moderate
OUT_07967,2023-11,704.0959641444218,1,Large,4,Hotel,DIST_W_01,Moderate
OUT_07967,2023-12,868.7542880878685,2,Large,4,Hotel,DIST_W_01,Favorable
OUT_07967,2024-01,348.3364830811682,2,Large,4,Hotel,DIST_W_01,Moderate
OUT_07967,2024-02,665.8005339449195,3,Large,4,Hotel,DIST_W_01,Moderate
OUT_07967,2024-03,284.37860877998577,3,Large,4,Hotel,DIST_W_01,Moderate
OUT_07967,2024-04,421.049084982898,7,Large,4,Hotel,DIST_W_01,Favorable
OUT_07967,2024-05,346.2045927685464,3,Large,4,Hotel,DIST_W_01,Un-Favorable
OUT_07967,2024-07,593.4881568453296,1,Large,4,Hotel,DIST_W_01,Moderate
OUT_07967,2024-08,683.2360656913107,1,Large,4,Hotel,DIST_W_01,Moderate
OUT_07967,2024-09,239.72976284425985,2,Large,4,Hotel,DIST_W_01,Moderate
OUT_07967,2024-10,543.0242313460693,2,Large,4,Hotel,DIST_W_01,Moderate
OUT_07967,2024-11,608.634847609247,1,Large,4,Hotel,DIST_W_01,Moderate
OUT_07967,2024-12,844.3071773105116,2,Large,4,Hotel,DIST_W_01,Favorable
OUT_07967,2025-01,620.1782312524955,2,Large,4,Hotel,DIST_W_01,Moderate
OUT_07967,2025-03,533.3856059625459,1,Large,4,Hotel,DIST_W_01,Moderate
OUT_07967,2025-04,806.0518407594842,5,Large,4,Hotel,DIST_W_01,Favorable
OUT_07967,2025-05,203.12120992144108,3,Large,4,Hotel,DIST_W_01,Un-Favorable
OUT_07967,2025-06,364.1158531034967,1,Large,4,Hotel,DIST_W_01,Un-Favorable
OUT_07967,2025-07,531.9978386588848,1,Large,4,Hotel,DIST_W_01,Moderate
OUT_07967,2025-08,529.6075959254699,1,Large,4,Hotel,DIST_W_01,Moderate
OUT_07967,2025-09,653.848198255705,2,Large,4,Hotel,DIST_W_01,Moderate
OUT_07967,2025-10,388.00292503332525,1,Large,4,Hotel,DIST_W_01,Moderate
OUT_07967,2025-11,543.498700265557,1,Large,4,Hotel,DIST_W_01,Moderate
OUT_07967,2025-12,346.972753527029,2,Large,4,Hotel,DIST_W_01,Favorable
OUT_08061,2023-04,122.50071871708704,4,Small,0,Eatery,DIST_W_01,Favorable
OUT_08061,2023-05,27.86335980369436,4,Small,0,Eatery,DIST_W_01,Un-Favorable
OUT_08061,2023-06,7.611306935324995,1,Small,0,Eatery,DIST_W_01,Un-Favorable
OUT_08061,2023-07,15.9161149499296,1,Small,0,Eatery,DIST_W_01,Moderate
OUT_08061,2023-08,21.12411439765236,2,Small,0,Eatery,DIST_W_01,Moderate
OUT_08061,2023-10,15.114524496411,1,Small,0,Eatery,DIST_W_01,Moderate
OUT_08061,2023-11,20.164782919041738,1,Small,0,Eatery,DIST_W_01,Moderate
OUT_08061,2023-12,90.36818616095252,2,Small,0,Eatery,DIST_W_01,Favorable
OUT_08061,2024-01,9.561359340214622,2,Small,0,Eatery,DIST_W_01,Moderate
OUT_08061,2024-07,24.790026489537468,1,Small,0,Eatery,DIST_W_01,Moderate
OUT_08061,2024-08,95.4828010887336,1,Small,0,Eatery,DIST_W_01,Moderate
OUT_08061,2024-09,33.645147692232186,2,Small,0,Eatery,DIST_W_01,Moderate
OUT_08061,2024-10,11.946328660430618,2,Small,0,Eatery,DIST_W_01,Moderate
OUT_08061,2024-11,32.879985622165584,1,Small,0,Eatery,DIST_W_01,Moderate
OUT_08061,2024-12,21.548958058568672,2,Small,0,Eatery,DIST_W_01,Favorable
OUT_08061,2025-02,79.07242867612679,2,Small,0,Eatery,DIST_W_01,Moderate
OUT_08061,2025-05,7.821085866950136,3,Small,0,Eatery,DIST_W_01,Un-Favorable
OUT_08061,2025-06,17.63156807525049,1,Small,0,Eatery,DIST_W_01,Un-Favorable
OUT_08061,2025-10,7.377709074902404,1,Small,0,Eatery,DIST_W_01,Moderate
OUT_08061,2025-11,18.571072039495363,1,Small,0,Eatery,DIST_W_01,Moderate
OUT_08061,2025-12,136.39283257430833,2,Small,0,Eatery,DIST_W_01,Favorable
OUT_08081,2023-04,108.78026025263824,4,Small,0,SMMT,DIST_W_01,Favorable
OUT_08081,2023-05,10.73052136660456,4,Small,0,SMMT,DIST_W_01,Un-Favorable
OUT_08081,2023-06,15.51063157626257,1,Small,0,SMMT,DIST_W_01,Un-Favorable
OUT_08081,2023-07,12.127587737234055,1,Small,0,SMMT,DIST_W_01,Moderate
OUT_08081,2023-10,76.98563986595477,1,Small,0,SMMT,DIST_W_01,Moderate
OUT_08081,2024-01,26.54648999672929,2,Small,0,SMMT,DIST_W_01,Moderate
OUT_08081,2024-05,14.565153342066749,3,Small,0,SMMT,DIST_W_01,Un-Favorable
OUT_08081,2024-09,24.145951411753543,2,Small,0,SMMT,DIST_W_01,Moderate
OUT_08081,2024-10,98.38468755956826,2,Small,0,SMMT,DIST_W_01,Moderate
OUT_08081,2024-11,23.050263890164345,1,Small,0,SMMT,DIST_W_01,Moderate
OUT_08081,2024-12,11.78502010259959,2,Small,0,SMMT,DIST_W_01,Favorable
OUT_08081,2025-01,73.91737711479519,2,Small,0,SMMT,DIST_W_01,Moderate
OUT_08081,2025-03,61.843913840985216,1,Small,0,SMMT,DIST_W_01,Moderate
OUT_08081,2025-07,24.926723385714272,1,Small,0,SMMT,DIST_W_01,Moderate
OUT_08081,2025-08,68.77425666964785,1,Small,0,SMMT,DIST_W_01,Moderate
OUT_08081,2025-09,112.1618761071378,2,Small,0,SMMT,DIST_W_01,Moderate
OUT_08169,2023-01,15.042890897095496,3,Small,0,Bakery,DIST_W_02,Moderate
OUT_08169,2023-03,19.36474708721438,1,Small,0,Bakery,DIST_W_02,Moderate
OUT_08169,2023-05,24.783911210688387,4,Small,0,Bakery,DIST_W_02,Un-Favorable
OUT_08169,2023-06,44.26275866791255,1,Small,0,Bakery,DIST_W_02,Un-Favorable
OUT_08169,2023-08,4.475186036110934,2,Small,0,Bakery,DIST_W_02,Moderate
OUT_08169,2023-09,67.44816581429372,2,Small,0,Bakery,DIST_W_02,Moderate
OUT_08169,2024-02,98.29873366697284,3,Small,0,Bakery,DIST_W_02,Moderate
OUT_08169,2024-05,46.08067698729448,3,Small,0,Bakery,DIST_W_02,Un-Favorable
OUT_08169,2024-06,21.31785892233076,2,Small,0,Bakery,DIST_W_02,Un-Favorable
OUT_08169,2024-07,23.30559454361086,1,Small,0,Bakery,DIST_W_02,Moderate
OUT_08169,2024-09,19.10219175122831,2,Small,0,Bakery,DIST_W_02,Moderate
OUT_08169,2024-10,82.78087960107787,2,Small,0,Bakery,DIST_W_02,Moderate
OUT_08169,2025-01,37.56952163216321,2,Small,0,Bakery,DIST_W_02,Moderate
OUT_08169,2025-02,79.98951252141158,2,Small,0,Bakery,DIST_W_02,Moderate
OUT_08169,2025-04,118.55642818040675,5,Small,0,Bakery,DIST_W_02,Favorable
OUT_08169,2025-07,88.58956256487392,1,Small,0,Bakery,DIST_W_02,Moderate
OUT_08169,2025-12,55.051390804945456,2,Small,0,Bakery,DIST_W_02,Favorable
OUT_08333,2023-01,12.799831661718883,3,Small,0,Pharmacy,DIST_W_03,Moderate
OUT_08333,2023-03,9.118089412699788,1,Small,0,Pharmacy,DIST_W_03,Moderate
OUT_08333,2023-04,61.06073194443021,4,Small,0,Pharmacy,DIST_W_03,Favorable
OUT_08333,2023-05,9.96330598513573,4,Small,0,Pharmacy,DIST_W_03,Un-Favorable
OUT_08333,2023-06,2.8665547002630216,1,Small,0,Pharmacy,DIST_W_03,Un-Favorable
OUT_08333,2023-07,88.43414794669506,1,Small,0,Pharmacy,DIST_W_03,Moderate
OUT_08333,2023-11,78.2395159377251,1,Small,0,Pharmacy,DIST_W_03,Moderate
OUT_08333,2023-12,30.546243566732613,2,Small,0,Pharmacy,DIST_W_03,Favorable
OUT_08333,2024-02,7.857281500381001,3,Small,0,Pharmacy,DIST_W_03,Moderate
OUT_08333,2024-03,76.77326710666956,3,Small,0,Pharmacy,DIST_W_03,Moderate
OUT_08333,2024-06,30.561932207092426,2,Small,0,Pharmacy,DIST_W_03,Un-Favorable
OUT_08333,2024-09,14.814015132130656,2,Small,0,Pharmacy,DIST_W_03,Moderate
OUT_08333,2024-11,75.71854808909762,1,Small,0,Pharmacy,DIST_W_03,Moderate
OUT_08333,2025-02,13.181305375650693,2,Small,0,Pharmacy,DIST_W_03,Moderate
OUT_08333,2025-05,55.61606776603716,3,Small,0,Pharmacy,DIST_W_03,Un-Favorable
OUT_08333,2025-09,25.01216468776396,2,Small,0,Pharmacy,DIST_W_03,Moderate
OUT_08333,2025-11,76.34987006157411,1,Small,0,Pharmacy,DIST_W_03,Moderate
OUT_08333,2025-12,5.231501743883578,2,Small,0,Pharmacy,DIST_W_03,Favorable
OUT_08355,2023-01,559.8187283142335,3,Large,2,Eatery,DIST_W_02,Moderate
OUT_08355,2023-02,565.8267055390039,3,Large,2,Eatery,DIST_W_02,Moderate
OUT_08355,2023-03,586.5227813790798,1,Large,2,Eatery,DIST_W_02,Moderate
OUT_08355,2023-04,790.280034809439,4,Large,2,Eatery,DIST_W_02,Favorable
OUT_08355,2023-05,393.5397347718661,4,Large,2,Eatery,DIST_W_02,Un-Favorable
OUT_08355,2023-07,662.7098808999363,1,Large,2,Eatery,DIST_W_02,Moderate
OUT_08355,2023-08,343.09842270591184,2,Large,2,Eatery,DIST_W_02,Moderate
OUT_08355,2023-09,474.5954884421672,2,Large,2,Eatery,DIST_W_02,Moderate
OUT_08355,2023-10,478.7252245836489,1,Large,2,Eatery,DIST_W_02,Moderate
OUT_08355,2023-12,671.5608508647292,2,Large,2,Eatery,DIST_W_02,Favorable
OUT_08355,2024-01,600.3093199634307,2,Large,2,Eatery,DIST_W_02,Moderate
OUT_08355,2024-02,332.6342812927836,3,Large,2,Eatery,DIST_W_02,Moderate
OUT_08355,2024-03,624.0722562145131,3,Large,2,Eatery,DIST_W_02,Moderate
OUT_08355,2024-05,415.99883432160834,3,Large,2,Eatery,DIST_W_02,Un-Favorable
OUT_08355,2024-06,409.9081465793161,2,Large,2,Eatery,DIST_W_02,Un-Favorable
OUT_08355,2024-08,572.1177553261962,1,Large,2,Eatery,DIST_W_02,Moderate
OUT_08355,2024-09,436.1509920567469,2,Large,2,Eatery,DIST_W_02,Moderate
OUT_08355,2024-10,619.1151344905893,2,Large,2,Eatery,DIST_W_02,Moderate
OUT_08355,2024-11,186.12246705477727,1,Large,2,Eatery,DIST_W_02,Moderate
OUT_08355,2024-12,640.2696865792248,2,Large,2,Eatery,DIST_W_02,Favorable
OUT_08355,2025-01,405.3782446418744,2,Large,2,Eatery,DIST_W_02,Moderate
OUT_08355,2025-02,246.11806584143727,2,Large,2,Eatery,DIST_W_02,Moderate
OUT_08355,2025-03,243.2527544993288,1,Large,2,Eatery,DIST_W_02,Moderate
OUT_08355,2025-04,952.1406038830636,5,Large,2,Eatery,DIST_W_02,Favorable
OUT_08355,2025-05,410.8480807741736,3,Large,2,Eatery,DIST_W_02,Un-Favorable
OUT_08355,2025-06,212.84903760884032,1,Large,2,Eatery,DIST_W_02,Un-Favorable
OUT_08355,2025-07,625.1695570779636,1,Large,2,Eatery,DIST_W_02,Moderate
OUT_08355,2025-08,149.13636631559686,1,Large,2,Eatery,DIST_W_02,Moderate
OUT_08355,2025-09,611.0094410097431,2,Large,2,Eatery,DIST_W_02,Moderate
OUT_08355,2025-10,541.4731203469028,1,Large,2,Eatery,DIST_W_02,Moderate
OUT_08355,2025-11,574.2771686097094,1,Large,2,Eatery,DIST_W_02,Moderate
OUT_08355,2025-12,913.2520075510334,2,Large,2,Eatery,DIST_W_02,Favorable
OUT_08368,2023-02,82.28311783453825,3,Small,0,Eatery,DIST_W_03,Moderate
OUT_08368,2023-04,36.93085477654788,4,Small,0,Eatery,DIST_W_03,Favorable
OUT_08368,2023-08,39.216242456652246,2,Small,0,Eatery,DIST_W_03,Moderate
OUT_08368,2023-10,14.46335050533181,1,Small,0,Eatery,DIST_W_03,Moderate
OUT_08368,2023-11,10.139153635261982,1,Small,0,Eatery,DIST_W_03,Moderate
OUT_08368,2024-02,69.14710506732555,3,Small,0,Eatery,DIST_W_03,Moderate
OUT_08368,2024-03,3.163264281492584,3,Small,0,Eatery,DIST_W_03,Moderate
OUT_08368,2024-09,24.9116856466579,2,Small,0,Eatery,DIST_W_03,Moderate
OUT_08368,2024-12,5.256419346792566,2,Small,0,Eatery,DIST_W_03,Favorable
OUT_08368,2025-01,21.52273339974641,2,Small,0,Eatery,DIST_W_03,Moderate
OUT_08368,2025-04,37.07625560283666,5,Small,0,Eatery,DIST_W_03,Favorable
OUT_08368,2025-06,11.1083551652163,1,Small,0,Eatery,DIST_W_03,Un-Favorable
OUT_08368,2025-08,17.57745435489931,1,Small,0,Eatery,DIST_W_03,Moderate
OUT_08368,2025-10,20.676722617891663,1,Small,0,Eatery,DIST_W_03,Moderate
OUT_08368,2025-11,32.822436969415826,1,Small,0,Eatery,DIST_W_03,Moderate
OUT_08541,2023-02,33.457441536544934,3,Medium,2,Kiosk,DIST_W_01,Moderate
OUT_08541,2023-03,154.7221048749372,1,Medium,2,Kiosk,DIST_W_01,Moderate
OUT_08541,2023-04,40.15879858670673,4,Medium,2,Kiosk,DIST_W_01,Favorable
OUT_08541,2023-05,111.7364269914484,4,Medium,2,Kiosk,DIST_W_01,Un-Favorable
OUT_08541,2023-07,196.01962435858164,1,Medium,2,Kiosk,DIST_W_01,Moderate
OUT_08541,2023-08,35.79861596727041,2,Medium,2,Kiosk,DIST_W_01,Moderate
OUT_08541,2023-09,230.79265800808213,2,Medium,2,Kiosk,DIST_W_01,Moderate
OUT_08541,2023-10,174.7228749918133,1,Medium,2,Kiosk,DIST_W_01,Moderate
OUT_08541,2023-11,24.675634988419176,1,Medium,2,Kiosk,DIST_W_01,Moderate
OUT_08541,2023-12,384.4084936369464,2,Medium,2,Kiosk,DIST_W_01,Favorable
OUT_08541,2024-02,205.4447628711293,3,Medium,2,Kiosk,DIST_W_01,Moderate
OUT_08541,2024-04,48.648003950040575,7,Medium,2,Kiosk,DIST_W_01,Favorable
OUT_08541,2024-06,150.23401292001984,2,Medium,2,Kiosk,DIST_W_01,Un-Favorable
OUT_08541,2024-08,57.24630474889225,1,Medium,2,Kiosk,DIST_W_01,Moderate
OUT_08541,2024-10,183.24748794592784,2,Medium,2,Kiosk,DIST_W_01,Moderate
OUT_08541,2024-12,325.7585016484274,2,Medium,2,Kiosk,DIST_W_01,Favorable
OUT_08541,2025-01,172.14982056326394,2,Medium,2,Kiosk,DIST_W_01,Moderate
OUT_08541,2025-02,63.83964149018456,2,Medium,2,Kiosk,DIST_W_01,Moderate
OUT_08541,2025-03,155.28634385951725,1,Medium,2,Kiosk,DIST_W_01,Moderate
OUT_08541,2025-04,65.2818564089952,5,Medium,2,Kiosk,DIST_W_01,Favorable
OUT_08541,2025-05,45.52522426453122,3,Medium,2,Kiosk,DIST_W_01,Un-Favorable
OUT_08541,2025-06,46.65663208598606,1,Medium,2,Kiosk,DIST_W_01,Un-Favorable
OUT_08541,2025-08,237.10792517730656,1,Medium,2,Kiosk,DIST_W_01,Moderate
OUT_08541,2025-09,59.54059732773995,2,Medium,2,Kiosk,DIST_W_01,Moderate
OUT_08541,2025-11,218.83059120715265,1,Medium,2,Kiosk,DIST_W_01,Moderate
OUT_08541,2025-12,97.65888753545964,2,Medium,2,Kiosk,DIST_W_01,Favorable
OUT_08953,2023-03,12.474533038811126,1,Small,0,Bakery,DIST_W_01,Moderate
OUT_08953,2023-10,53.07447787382435,1,Small,0,Bakery,DIST_W_01,Moderate
OUT_08953,2024-01,21.73296686090332,2,Small,0,Bakery,DIST_W_01,Moderate
OUT_08953,2024-02,70.72665517470705,3,Small,0,Bakery,DIST_W_01,Moderate
OUT_08953,2024-04,22.237056524978023,7,Small,0,Bakery,DIST_W_01,Favorable
OUT_08953,2024-05,10.552817621083443,3,Small,0,Bakery,DIST_W_01,Un-Favorable
OUT_08953,2024-06,11.95528643252607,2,Small,0,Bakery,DIST_W_01,Un-Favorable
OUT_08953,2024-07,68.16675995321472,1,Small,0,Bakery,DIST_W_01,Moderate
OUT_08953,2024-08,15.87382701715772,1,Small,0,Bakery,DIST_W_01,Moderate
OUT_08953,2024-09,59.86154175887057,2,Small,0,Bakery,DIST_W_01,Moderate
OUT_08953,2024-10,78.04861127145492,2,Small,0,Bakery,DIST_W_01,Moderate
OUT_08953,2025-02,23.10128331986118,2,Small,0,Bakery,DIST_W_01,Moderate
OUT_08953,2025-03,14.888321633765209,1,Small,0,Bakery,DIST_W_01,Moderate
OUT_08956,2023-03,74.01204238674335,1,Small,0,Pharmacy,DIST_W_03,Moderate
OUT_08956,2023-06,22.108795025563467,1,Small,0,Pharmacy,DIST_W_03,Un-Favorable
OUT_08956,2023-07,16.820458134229703,1,Small,0,Pharmacy,DIST_W_03,Moderate
OUT_08956,2023-09,27.88737047618336,2,Small,0,Pharmacy,DIST_W_03,Moderate
OUT_08956,2023-12,26.50174138449958,2,Small,0,Pharmacy,DIST_W_03,Favorable
OUT_08956,2024-02,50.08686261030825,3,Small,0,Pharmacy,DIST_W_03,Moderate
OUT_08956,2024-03,16.335610190930524,3,Small,0,Pharmacy,DIST_W_03,Moderate
OUT_08956,2024-04,119.50443618133346,7,Small,0,Pharmacy,DIST_W_03,Favorable
OUT_08956,2024-05,61.35844678269426,3,Small,0,Pharmacy,DIST_W_03,Un-Favorable
OUT_08956,2024-06,25.19095324636019,2,Small,0,Pharmacy,DIST_W_03,Un-Favorable
OUT_08956,2024-09,138.91167210923663,2,Small,0,Pharmacy,DIST_W_03,Moderate
OUT_08956,2025-02,68.16266238421915,2,Small,0,Pharmacy,DIST_W_03,Moderate
OUT_08956,2025-04,103.19127446730523,5,Small,0,Pharmacy,DIST_W_03,Favorable
OUT_08956,2025-08,66.35623596964064,1,Small,0,Pharmacy,DIST_W_03,Moderate
OUT_08956,2025-11,79.25285314285622,1,Small,0,Pharmacy,DIST_W_03,Moderate
