Outlet_ID,year_month,Volume_Liters_Sum,monthly_holiday_count,Outlet_Size,Cooler_Count,Outlet_Type,Distributor_ID,Seasonality_Index
OUT_00040,2023-03,1398.2965895380655,1,Large,4,SMMT,DIST_W_01,Moderate
OUT_00040,2023-04,401.4688905970731,4,Large,4,SMMT,DIST_W_01,Favorable
OUT_00040,2023-05,180.34787702614028,4,Large,4,SMMT,DIST_W_01,Un-Favorable
OUT_00040,2023-06,388.6530999263451,1,Large,4,SMMT,DIST_W_01,Un-Favorable
OUT_00040,2023-07,131.59530640514072,1,Large,4,SMMT,DIST_W_01,Moderate
OUT_00040,2023-08,622.3409029628751,2,Large,4,SMMT,DIST_W_01,Moderate
OUT_00040,2023-09,194.74593453978432,2,Large,4,SMMT,DIST_W_01,Moderate
OUT_00040,2023-11,587.0943633778279,1,Large,4,SMMT,DIST_W_01,Moderate
OUT_00040,2023-12,488.6082991982231,2,Large,4,SMMT,DIST_W_01,Favorable
OUT_00040,2024-03,1827.778784416992,3,Large,4,SMMT,DIST_W_01,Moderate
OUT_00040,2024-04,906.9031464084836,7,Large,4,SMMT,DIST_W_01,Favorable
OUT_00040,2024-05,423.8381154920019,3,Large,4,SMMT,DIST_W_01,Un-Favorable
OUT_00040,2024-07,306.4915896577593,1,Large,4,SMMT,DIST_W_01,Moderate
OUT_00040,2024-08,236.2940066161425,1,Large,4,SMMT,DIST_W_01,Moderate
OUT_00040,2024-10,700.9980561886794,2,Large,4,SMMT,DIST_W_01,Moderate
OUT_00040,2024-11,601.3068352865689,1,Large,4,SMMT,DIST_W_01,Moderate
OUT_00040,2024-12,203.4665659534,2,Large,4,SMMT,DIST_W_01,Favorable
OUT_00040,2025-03,1845.004866029393,1,Large,4,SMMT,DIST_W_01,Moderate
OUT_00040,2025-04,892.0669680246987,5,Large,4,SMMT,DIST_W_01,Favorable
OUT_00040,2025-05,299.45317015340765,3,Large,4,SMMT,DIST_W_01,Un-Favorable
OUT_00040,2025-06,214.06327133689857,1,Large,4,SMMT,DIST_W_01,Un-Favorable
OUT_00040,2025-07,340.24275173301515,1,Large,4,SMMT,DIST_W_01,Moderate
OUT_00040,2025-09,643.7125082815726,2,Large,4,SMMT,DIST_W_01,Moderate
OUT_00040,2025-10,473.31989527457824,1,Large,4,SMMT,DIST_W_01,Moderate
OUT_00040,2025-11,619.5950191482561,1,Large,4,SMMT,DIST_W_01,Moderate
OUT_00040,2025-12,958.4493947200648,2,Large,4,SMMT,DIST_W_01,Favorable
OUT_00044,2023-03,1527.3496031417924,1,Small,1,Grocery,DIST_W_01,Moderate
OUT_00044,2023-04,792.4153202976337,4,Small,1,Grocery,DIST_W_01,Favorable
OUT_00044,2023-05,348.96420268765786,4,Small,1,Grocery,DIST_W_01,Un-Favorable
OUT_00044,2023-06,394.9820567301844,1,Small,1,Grocery,DIST_W_01,Un-Favorable
OUT_00044,2023-07,597.704663246061,1,Small,1,Grocery,DIST_W_01,Moderate
OUT_00044,2023-08,344.6653781202777,2,Small,1,Grocery,DIST_W_01,Moderate
OUT_00044,2023-09,335.427428019416,2,Small,1,Grocery,DIST_W_01,Moderate
OUT_00044,2023-11,544.7719765212066,1,Small,1,Grocery,DIST_W_01,Moderate
OUT_00044,2023-12,449.7587509665808,2,Small,1,Grocery,DIST_W_01,Favorable
OUT_00044,2024-03,1078.9059029986847,3,Small,1,Grocery,DIST_W_01,Moderate
OUT_00044,2024-04,920.9950043723592,7,Small,1,Grocery,DIST_W_01,Favorable
OUT_00044,2024-05,377.4679364490624,3,Small,1,Grocery,DIST_W_01,Un-Favorable
OUT_00044,2024-06,383.8394467076676,2,Small,1,Grocery,DIST_W_01,Un-Favorable
OUT_00044,2024-07,618.9002672558565,1,Small,1,Grocery,DIST_W_01,Moderate
OUT_00044,2024-08,552.4214189663537,1,Small,1,Grocery,DIST_W_01,Moderate
OUT_00044,2024-09,283.2120335621476,2,Small,1,Grocery,DIST_W_01,Moderate
OUT_00044,2024-10,672.6516828485732,2,Small,1,Grocery,DIST_W_01,Moderate
OUT_00044,2024-11,632.182021531168,1,Small,1,Grocery,DIST_W_01,Moderate
OUT_00044,2024-12,1507.2574622627576,2,Small,1,Grocery,DIST_W_01,Favorable
OUT_00044,2025-03,1107.705516645248,1,Small,1,Grocery,DIST_W_01,Moderate
OUT_00044,2025-05,154.14809038819624,3,Small,1,Grocery,DIST_W_01,Un-Favorable
OUT_00044,2025-06,385.8063110012338,1,Small,1,Grocery,DIST_W_01,Un-Favorable
OUT_00044,2025-07,643.7796962741214,1,Small,1,Grocery,DIST_W_01,Moderate
OUT_00044,2025-08,779.7080870061932,1,Small,1,Grocery,DIST_W_01,Moderate
OUT_00044,2025-10,579.6491967917094,1,Small,1,Grocery,DIST_W_01,Moderate
OUT_00044,2025-11,236.93519544329715,1,Small,1,Grocery,DIST_W_01,Moderate
OUT_00044,2025-12,771.1744799402171,2,Small,1,Grocery,DIST_W_01,Favorable
OUT_00074,2023-01,596.8643054053499,3,Large,5,Eatery,DIST_W_03,Moderate
OUT_00074,2023-02,602.1014395218211,3,Large,5,Eatery,DIST_W_03,Moderate
OUT_00074,2023-03,479.6642270964505,1,Large,5,Eatery,DIST_W_03,Moderate
OUT_00074,2023-07,441.680647188072,1,Large,5,Eatery,DIST_W_03,Moderate
OUT_00074,2023-08,537.1649535682318,2,Large,5,Eatery,DIST_W_03,Moderate
OUT_00074,2023-09,635.5756713426915,2,Large,5,Eatery,DIST_W_03,Moderate
OUT_00074,2023-11,237.10026657239712,1,Large,5,Eatery,DIST_W_03,Moderate
OUT_00074,2023-12,992.980402354154,2,Large,5,Eatery,DIST_W_03,Favorable
OUT_00074,2024-01,641.0241783941916,2,Large,5,Eatery,DIST_W_03,Moderate
OUT_00074,2024-02,699.2504627542532,3,Large,5,Eatery,DIST_W_03,Moderate
OUT_00074,2024-03,518.5320644802579,3,Large,5,Eatery,DIST_W_03,Moderate
OUT_00074,2024-04,917.8325440216738,7,Large,5,Eatery,DIST_W_03,Favorable
OUT_00074,2024-05,329.2165051617455,3,Large,5,Eatery,DIST_W_03,Un-Favorable
OUT_00074,2024-06,142.9540528770873,2,Large,5,Eatery,DIST_W_03,Un-Favorable
OUT_00074,2024-07,554.1338469043154,1,Large,5,Eatery,DIST_W_03,Moderate
OUT_00074,2024-08,582.2077803002743,1,Large,5,Eatery,DIST_W_03,Moderate
OUT_00074,2024-09,569.0745663842936,2,Large,5,Eatery,DIST_W_03,Moderate
OUT_00074,2024-10,617.4653884796289,2,Large,5,Eatery,DIST_W_03,Moderate
OUT_00074,2024-11,539.5400485443542,1,Large,5,Eatery,DIST_W_03,Moderate
OUT_00074,2024-12,1028.254852104739,2,Large,5,Eatery,DIST_W_03,Favorable
OUT_00074,2025-01,522.1810152982092,2,Large,5,Eatery,DIST_W_03,Moderate
OUT_00074,2025-02,666.0846776342551,2,Large,5,Eatery,DIST_W_03,Moderate
OUT_00074,2025-03,220.3376613148285,1,Large,5,Eatery,DIST_W_03,Moderate
OUT_00074,2025-04,745.7563270337611,5,Large,5,Eatery,DIST_W_03,Favorable
OUT_00074,2025-05,413.8336954267777,3,Large,5,Eatery,DIST_W_03,Un-Favorable
OUT_00074,2025-06,379.7690765142671,1,Large,5,Eatery,DIST_W_03,Un-Favorable
OUT_00074,2025-07,575.9279074915996,1,Large,5,Eatery,DIST_W_03,Moderate
OUT_00074,2025-08,475.1686298829137,1,Large,5,Eatery,DIST_W_03,Moderate
OUT_00074,2025-09,655.3667474623574,2,Large,5,Eatery,DIST_W_03,Moderate
OUT_00074,2025-10,574.5669231783246,1,Large,5,Eatery,DIST_W_03,Moderate
OUT_00074,2025-11,665.8673852165301,1,Large,5,Eatery,DIST_W_03,Moderate
OUT_00074,2025-12,894.4066582009747,2,Large,5,Eatery,DIST_W_03,Favorable
OUT_00078,2023-01,599.9219297948831,3,Extra Large,5,Eatery,DIST_W_01,Moderate
OUT_00078,2023-02,445.09222036672327,3,Extra Large,5,Eatery,DIST_W_01,Moderate
OUT_00078,2023-03,447.2129400712757,1,Extra Large,5,Eatery,DIST_W_01,Moderate
OUT_00078,2023-04,901.5020522147817,4,Extra Large,5,Eatery,DIST_W_01,Favorable
OUT_00078,2023-05,354.67895729244844,4,Extra Large,5,Eatery,DIST_W_01,Un-Favorable
OUT_00078,2023-06,318.8459747816902,1,Extra Large,5,Eatery,DIST_W_01,Un-Favorable
OUT_00078,2023-07,240.58077798149083,1,Extra Large,5,Eatery,DIST_W_01,Moderate
OUT_00078,2023-08,600.6293788176437,2,Extra Large,5,Eatery,DIST_W_01,Moderate
OUT_00078,2023-10,538.7558977591756,1,Extra Large,5,Eatery,DIST_W_01,Moderate
OUT_00078,2023-11,646.4802091865915,1,Extra Large,5,Eatery,DIST_W_01,Moderate
OUT_00078,2023-12,628.7263460511499,2,Extra Large,5,Eatery,DIST_W_01,Favorable
OUT_00078,2024-01,621.0459288263145,2,Extra Large,5,Eatery,DIST_W_01,Moderate
OUT_00078,2024-02,620.3580972824298,3,Extra Large,5,Eatery,DIST_W_01,Moderate
OUT_00078,2024-03,460.07987389244727,3,Extra Large,5,Eatery,DIST_W_01,Moderate
OUT_00078,2024-04,909.7110326984838,7,Extra Large,5,Eatery,DIST_W_01,Favorable
OUT_00078,2024-05,369.7902924661768,3,Extra Large,5,Eatery,DIST_W_01,Un-Favorable
OUT_00078,2024-06,433.5240050716488,2,Extra Large,5,Eatery,DIST_W_01,Un-Favorable
OUT_00078,2024-07,537.5468272694998,1,Extra Large,5,Eatery,DIST_W_01,Moderate
OUT_00078,2024-08,642.7465165010401,1,Extra Large,5,Eatery,DIST_W_01,Moderate
OUT_00078,2024-09,627.7906729939946,2,Extra Large,5,Eatery,DIST_W_01,Moderate
OUT_00078,2024-10,576.8003348370279,2,Extra Large,5,Eatery,DIST_W_01,Moderate
OUT_00078,2024-11,538.6595927702824,1,Extra Large,5,Eatery,DIST_W_01,Moderate
OUT_00078,2024-12,708.7183652007141,2,Extra Large,5,Eatery,DIST_W_01,Favorable
OUT_00078,2025-01,597.7651603487878,2,Extra Large,5,Eatery,DIST_W_01,Moderate
OUT_00078,2025-02,469.7397067232958,2,Extra Large,5,Eatery,DIST_W_01,Moderate
OUT_00078,2025-03,534.7683663011793,1,Extra Large,5,Eatery,DIST_W_01,Moderate
OUT_00078,2025-05,313.62084059726016,3,Extra Large,5,Eatery,DIST_W_01,Un-Favorable
OUT_00078,2025-06,373.6470532395284,1,Extra Large,5,Eatery,DIST_W_01,Un-Favorable
OUT_00078,2025-07,597.8371344388738,1,Extra Large,5,Eatery,DIST_W_01,Moderate
OUT_00078,2025-08,596.3230308856198,1,Extra Large,5,Eatery,DIST_W_01,Moderate
OUT_00078,2025-09,554.456964121909,2,Extra Large,5,Eatery,DIST_W_01,Moderate
OUT_00078,2025-11,621.185568285162,1,Extra Large,5,Eatery,DIST_W_01,Moderate
OUT_00078,2025-12,892.2755805043331,2,Extra Large,5,Eatery,DIST_W_01,Favorable
OUT_00094,2023-01,289.9226222497438,3,Medium,2,Grocery,DIST_W_03,Moderate
OUT_00094,2023-02,372.6421251293668,3,Medium,2,Grocery,DIST_W_03,Moderate
OUT_00094,2023-03,288.4208301876984,1,Medium,2,Grocery,DIST_W_03,Moderate
OUT_00094,2023-05,337.0147589227893,4,Medium,2,Grocery,DIST_W_03,Un-Favorable
OUT_00094,2023-06,442.1718138686622,1,Medium,2,Grocery,DIST_W_03,Un-Favorable
OUT_00094,2023-07,613.8757328783477,1,Medium,2,Grocery,DIST_W_03,Moderate
OUT_00094,2023-09,472.59933330203927,2,Medium,2,Grocery,DIST_W_03,Moderate
OUT_00094,2023-10,624.6309144585159,1,Medium,2,Grocery,DIST_W_03,Moderate
OUT_00094,2023-11,497.4144869467024,1,Medium,2,Grocery,DIST_W_03,Moderate
OUT_00094,2024-01,137.64179103555298,2,Medium,2,Grocery,DIST_W_03,Moderate
OUT_00094,2024-02,656.1228339584242,3,Medium,2,Grocery,DIST_W_03,Moderate
OUT_00094,2024-03,612.7485863102527,3,Medium,2,Grocery,DIST_W_03,Moderate
OUT_00094,2024-05,326.821472320524,3,Medium,2,Grocery,DIST_W_03,Un-Favorable
OUT_00094,2024-06,304.1653166794373,2,Medium,2,Grocery,DIST_W_03,Un-Favorable
OUT_00094,2024-07,543.2601585470468,1,Medium,2,Grocery,DIST_W_03,Moderate
OUT_00094,2024-08,607.2909145407579,1,Medium,2,Grocery,DIST_W_03,Moderate
OUT_00094,2024-09,517.2606861305222,2,Medium,2,Grocery,DIST_W_03,Moderate
OUT_00094,2024-10,298.6394048919112,2,Medium,2,Grocery,DIST_W_03,Moderate
OUT_00094,2024-12,884.6584487263751,2,Medium,2,Grocery,DIST_W_03,Favorable
OUT_00094,2025-01,604.116820455389,2,Medium,2,Grocery,DIST_W_03,Moderate
OUT_00094,2025-02,590.1895566933451,2,Medium,2,Grocery,DIST_W_03,Moderate
OUT_00094,2025-03,560.808998856025,1,Medium,2,Grocery,DIST_W_03,Moderate
OUT_00094,2025-04,891.4273877941157,5,Medium,2,Grocery,DIST_W_03,Favorable
OUT_00094,2025-05,137.1724448648364,3,Medium,2,Grocery,DIST_W_03,Un-Favorable
OUT_00094,2025-06,315.1818248100928,1,Medium,2,Grocery,DIST_W_03,Un-Favorable
OUT_00094,2025-07,582.7535092621466,1,Medium,2,Grocery,DIST_W_03,Moderate
OUT_00094,2025-08,503.88052966518046,1,Medium,2,Grocery,DIST_W_03,Moderate
OUT_00094,2025-09,306.5758142071609,2,Medium,2,Grocery,DIST_W_03,Moderate
OUT_00094,2025-10,622.8083275090523,1,Medium,2,Grocery,DIST_W_03,Moderate
OUT_00094,2025-11,600.9978908947559,1,Medium,2,Grocery,DIST_W_03,Moderate
OUT_00094,2025-12,751.8376055549394,2,Medium,2,Grocery,DIST_W_03,Favorable
OUT_00100,2023-01,568.3299242400142,3,Small,0,Eatery,DIST_W_02,Moderate
OUT_00100,2023-02,319.6308200920242,3,Small,0,Eatery,DIST_W_02,Moderate
OUT_00100,2023-03,222.3809706409837,1,Small,0,Eatery,DIST_W_02,Moderate
OUT_00100,2023-04,766.9032029240744,4,Small,0,Eatery,DIST_W_02,Favorable
OUT_00100,2023-05,125.83205556699126,4,Small,0,Eatery,DIST_W_02,Un-Favorable
OUT_00100,2023-06,113.81778661199522,1,Small,0,Eatery,DIST_W_02,Un-Favorable
OUT_00100,2023-07,635.3505754097264,1,Small,0,Eatery,DIST_W_02,Moderate
OUT_00100,2023-09,423.5145966767084,2,Small,0,Eatery,DIST_W_02,Moderate
OUT_00100,2023-10,572.8643541421478,1,Small,0,Eatery,DIST_W_02,Moderate
OUT_00100,2023-11,336.05257581019504,1,Small,0,Eatery,DIST_W_02,Moderate
OUT_00100,2023-12,479.50725607599134,2,Small,0,Eatery,DIST_W_02,Favorable
OUT_00100,2024-01,250.42772902872224,2,Small,0,Eatery,DIST_W_02,Moderate
OUT_00100,2024-04,714.6388129543411,7,Small,0,Eatery,DIST_W_02,Favorable
OUT_00100,2024-05,403.90540845690185,3,Small,0,Eatery,DIST_W_02,Un-Favorable
OUT_00100,2024-06,264.9904086433692,2,Small,0,Eatery,DIST_W_02,Un-Favorable
OUT_00100,2024-07,589.928929104652,1,Small,0,Eatery,DIST_W_02,Moderate
OUT_00100,2024-08,711.553748361569,1,Small,0,Eatery,DIST_W_02,Moderate
OUT_00100,2024-09,673.5844315587138,2,Small,0,Eatery,DIST_W_02,Moderate
OUT_00100,2024-11,530.8298600087379,1,Small,0,Eatery,DIST_W_02,Moderate
OUT_00100,2025-01,550.0073989993343,2,Small,0,Eatery,DIST_W_02,Moderate
OUT_00100,2025-03,609.3779676223944,1,Small,0,Eatery,DIST_W_02,Moderate
OUT_00100,2025-04,462.61363933945927,5,Small,0,Eatery,DIST_W_02,Favorable
OUT_00100,2025-05,422.7116035232313,3,Small,0,Eatery,DIST_W_02,Un-Favorable
OUT_00100,2025-06,360.39848632038286,1,Small,0,Eatery,DIST_W_02,Un-Favorable
OUT_00100,2025-07,655.1808224220629,1,Small,0,Eatery,DIST_W_02,Moderate
OUT_00100,2025-09,503.3475081349724,2,Small,0,Eatery,DIST_W_02,Moderate
OUT_00100,2025-10,764.3390020695904,1,Small,0,Eatery,DIST_W_02,Moderate
OUT_00100,2025-11,583.7429560760204,1,Small,0,Eatery,DIST_W_02,Moderate
OUT_00100,2025-12,947.808071149896,2,Small,0,Eatery,DIST_W_02,Favorable
OUT_00104,2023-01,640.1497873477545,3,Large,2,Hotel,DIST_W_02,Moderate
OUT_00104,2023-04,936.3038565036192,4,Large,2,Hotel,DIST_W_02,Favorable
OUT_00104,2023-05,207.00438010961696,4,Large,2,Hotel,DIST_W_02,Un-Favorable
OUT_00104,2023-06,320.86976196511523,1,Large,2,Hotel,DIST_W_02,Un-Favorable
OUT_00104,2023-07,703.256847821634,1,Large,2,Hotel,DIST_W_02,Moderate
OUT_00104,2023-08,527.6765175646159,2,Large,2,Hotel,DIST_W_02,Moderate
OUT_00104,2023-09,239.1674463367972,2,Large,2,Hotel,DIST_W_02,Moderate
OUT_00104,2023-10,560.3571155586791,1,Large,2,Hotel,DIST_W_02,Moderate
OUT_00104,2023-11,574.70069786317,1,Large,2,Hotel,DIST_W_02,Moderate
OUT_00104,2023-12,819.3079102996544,2,Large,2,Hotel,DIST_W_02,Favorable
OUT_00104,2024-01,315.76820681720807,2,Large,2,Hotel,DIST_W_02,Moderate
OUT_00104,2024-02,536.5490298211611,3,Large,2,Hotel,DIST_W_02,Moderate
OUT_00104,2024-03,597.9165908460797,3,Large,2,Hotel,DIST_W_02,Moderate
OUT_00104,2024-04,855.8864251595487,7,Large,2,Hotel,DIST_W_02,Favorable
OUT_00104,2024-05,362.6066942117503,3,Large,2,Hotel,DIST_W_02,Un-Favorable
OUT_00104,2024-06,314.7185466096957,2,Large,2,Hotel,DIST_W_02,Un-Favorable
OUT_00104,2024-08,592.0754431073431,1,Large,2,Hotel,DIST_W_02,Moderate
OUT_00104,2024-09,645.9335006522441,2,Large,2,Hotel,DIST_W_02,Moderate
OUT_00104,2024-10,355.4309186027094,2,Large,2,Hotel,DIST_W_02,Moderate
OUT_00104,2024-11,491.22415668717326,1,Large,2,Hotel,DIST_W_02,Moderate
OUT_00104,2025-01,404.317371534608,2,Large,2,Hotel,DIST_W_02,Moderate
OUT_00104,2025-02,658.5123039228826,2,Large,2,Hotel,DIST_W_02,Moderate
OUT_00104,2025-03,512.9175634280205,1,Large,2,Hotel,DIST_W_02,Moderate
OUT_00104,2025-04,567.075138991952,5,Large,2,Hotel,DIST_W_02,Favorable
OUT_00104,2025-05,356.1752604617132,3,Large,2,Hotel,DIST_W_02,Un-Favorable
OUT_00104,2025-06,118.412093631028,1,Large,2,Hotel,DIST_W_02,Un-Favorable
OUT_00104,2025-07,626.7916000046986,1,Large,2,Hotel,DIST_W_02,Moderate
OUT_00104,2025-08,535.9857514529541,1,Large,2,Hotel,DIST_W_02,Moderate
OUT_00104,2025-09,615.3339472999836,2,Large,2,Hotel,DIST_W_02,Moderate
OUT_00104,2025-10,506.5619576909016,1,Large,2,Hotel,DIST_W_02,Moderate
OUT_00104,2025-12,931.2489518440522,2,Large,2,Hotel,DIST_W_02,Favorable
OUT_00113,2023-01,668.0330192726357,3,Small,1,Hotel,DIST_W_03,Moderate
OUT_00113,2023-02,638.3922133576599,3,Small,1,Hotel,DIST_W_03,Moderate
OUT_00113,2023-04,1000.5775643480072,4,Small,1,Hotel,DIST_W_03,Favorable
OUT_00113,2023-05,368.4613865120872,4,Small,1,Hotel,DIST_W_03,Un-Favorable
OUT_00113,2023-06,419.5798031554275,1,Small,1,Hotel,DIST_W_03,Un-Favorable
OUT_00113,2023-07,562.682174618883,1,Small,1,Hotel,DIST_W_03,Moderate
OUT_00113,2023-08,543.0463447389563,2,Small,1,Hotel,DIST_W_03,Moderate
OUT_00113,2023-09,515.4649285159365,2,Small,1,Hotel,DIST_W_03,Moderate
OUT_00113,2023-11,511.8617981380413,1,Small,1,Hotel,DIST_W_03,Moderate
OUT_00113,2023-12,920.2054401482452,2,Small,1,Hotel,DIST_W_03,Favorable
OUT_00113,2024-01,583.8718398563843,2,Small,1,Hotel,DIST_W_03,Moderate
OUT_00113,2024-02,631.7104275564278,3,Small,1,Hotel,DIST_W_03,Moderate
OUT_00113,2024-03,357.3476904781795,3,Small,1,Hotel,DIST_W_03,Moderate
OUT_00113,2024-04,978.9542452259076,7,Small,1,Hotel,DIST_W_03,Favorable
OUT_00113,2024-05,424.4030316696144,3,Small,1,Hotel,DIST_W_03,Un-Favorable
OUT_00113,2024-07,313.2578590390321,1,Small,1,Hotel,DIST_W_03,Moderate
OUT_00113,2024-08,509.4010750574511,1,Small,1,Hotel,DIST_W_03,Moderate
OUT_00113,2024-09,587.7456343382061,2,Small,1,Hotel,DIST_W_03,Moderate
OUT_00113,2024-10,701.1138253952623,2,Small,1,Hotel,DIST_W_03,Moderate
OUT_00113,2024-11,584.7718118050898,1,Small,1,Hotel,DIST_W_03,Moderate
OUT_00113,2024-12,541.7268724295932,2,Small,1,Hotel,DIST_W_03,Favorable
OUT_00113,2025-01,610.6243492830836,2,Small,1,Hotel,DIST_W_03,Moderate
OUT_00113,2025-02,550.1399975874197,2,Small,1,Hotel,DIST_W_03,Moderate
OUT_00113,2025-03,536.0725196032178,1,Small,1,Hotel,DIST_W_03,Moderate
OUT_00113,2025-04,881.7376311757253,5,Small,1,Hotel,DIST_W_03,Favorable
OUT_00113,2025-05,340.2175701559102,3,Small,1,Hotel,DIST_W_03,Un-Favorable
OUT_00113,2025-08,573.4584721996395,1,Small,1,Hotel,DIST_W_03,Moderate
OUT_00113,2025-09,631.4809920958736,2,Small,1,Hotel,DIST_W_03,Moderate
OUT_00113,2025-10,701.5582405669039,1,Small,1,Hotel,DIST_W_03,Moderate
OUT_00113,2025-11,552.9424458071444,1,Small,1,Hotel,DIST_W_03,Moderate
OUT_00113,2025-12,1033.330769726423,2,Small,1,Hotel,DIST_W_03,Favorable
OUT_00130,2023-01,668.3168556009591,3,Small,0,Eatery,DIST_W_03,Moderate
OUT_00130,2023-02,636.0967037167659,3,Small,0,Eatery,DIST_W_03,Moderate
OUT_00130,2023-03,528.0544576452253,1,Small,0,Eatery,DIST_W_03,Moderate
OUT_00130,2023-04,666.5484517927827,4,Small,0,Eatery,DIST_W_03,Favorable
OUT_00130,2023-05,323.4258364696868,4,Small,0,Eatery,DIST_W_03,Un-Favorable
OUT_00130,2023-06,312.2411907076408,1,Small,0,Eatery,DIST_W_03,Un-Favorable
OUT_00130,2023-07,637.4212124144473,1,Small,0,Eatery,DIST_W_03,Moderate
OUT_00130,2023-09,605.3765550372086,2,Small,0,Eatery,DIST_W_03,Moderate
OUT_00130,2023-10,542.7680586833432,1,Small,0,Eatery,DIST_W_03,Moderate
OUT_00130,2023-11,427.4004982163384,1,Small,0,Eatery,DIST_W_03,Moderate
OUT_00130,2023-12,801.9588558478393,2,Small,0,Eatery,DIST_W_03,Favorable
OUT_00130,2024-02,659.7377273362029,3,Small,0,Eatery,DIST_W_03,Moderate
OUT_00130,2024-03,588.6350728133261,3,Small,0,Eatery,DIST_W_03,Moderate
OUT_00130,2024-04,784.9654816672102,7,Small,0,Eatery,DIST_W_03,Favorable
OUT_00130,2024-05,405.3648088291205,3,Small,0,Eatery,DIST_W_03,Un-Favorable
OUT_00130,2024-06,428.9405533807363,2,Small,0,Eatery,DIST_W_03,Un-Favorable
OUT_00130,2024-07,688.2594132466456,1,Small,0,Eatery,DIST_W_03,Moderate
OUT_00130,2024-08,533.9736571641419,1,Small,0,Eatery,DIST_W_03,Moderate
OUT_00130,2024-09,515.6658336780085,2,Small,0,Eatery,DIST_W_03,Moderate
OUT_00130,2024-10,669.524371405646,2,Small,0,Eatery,DIST_W_03,Moderate
OUT_00130,2024-12,273.85372915144194,2,Small,0,Eatery,DIST_W_03,Favorable
OUT_00130,2025-03,502.5913274488578,1,Small,0,Eatery,DIST_W_03,Moderate
OUT_00130,2025-04,934.7334374942592,5,Small,0,Eatery,DIST_W_03,Favorable
OUT_00130,2025-05,442.9098164415989,3,Small,0,Eatery,DIST_W_03,Un-Favorable
OUT_00130,2025-06,221.61133613828807,1,Small,0,Eatery,DIST_W_03,Un-Favorable
OUT_00130,2025-07,615.4838365102736,1,Small,0,Eatery,DIST_W_03,Moderate
OUT_00130,2025-08,564.6696588710013,1,Small,0,Eatery,DIST_W_03,Moderate
OUT_00130,2025-09,575.8359601675395,2,Small,0,Eatery,DIST_W_03,Moderate
OUT_00130,2025-10,586.6790198412912,1,Small,0,Eatery,DIST_W_03,Moderate
OUT_00130,2025-11,626.20736002177,1,Small,0,Eatery,DIST_W_03,Moderate
OUT_00130,2025-12,704.4393287515536,2,Small,0,Eatery,DIST_W_03,Favorable
OUT_00135,2023-01,569.8480203923393,3,Small,0,Pharmacy,DIST_W_02,Moderate
OUT_00135,2023-02,631.2878157930407,3,Small,0,Pharmacy,DIST_W_02,Moderate
OUT_00135,2023-03,610.2166061519946,1,Small,0,Pharmacy,DIST_W_02,Moderate
OUT_00135,2023-04,890.0703409517864,4,Small,0,Pharmacy,DIST_W_02,Favorable
OUT_00135,2023-05,380.6182381739391,4,Small,0,Pharmacy,DIST_W_02,Un-Favorable
OUT_00135,2023-06,422.7511915911161,1,Small,0,Pharmacy,DIST_W_02,Un-Favorable
OUT_00135,2023-08,585.2404125474042,2,Small,0,Pharmacy,DIST_W_02,Moderate
OUT_00135,2023-10,589.5182029454941,1,Small,0,Pharmacy,DIST_W_02,Moderate
OUT_00135,2023-12,709.4113688033796,2,Small,0,Pharmacy,DIST_W_02,Favorable
OUT_00135,2024-01,624.5647603985292,2,Small,0,Pharmacy,DIST_W_02,Moderate
OUT_00135,2024-02,564.9111572686014,3,Small,0,Pharmacy,DIST_W_02,Moderate
OUT_00135,2024-03,577.8219927942952,3,Small,0,Pharmacy,DIST_W_02,Moderate
OUT_00135,2024-05,340.95452917162856,3,Small,0,Pharmacy,DIST_W_02,Un-Favorable
OUT_00135,2024-06,383.90540876600505,2,Small,0,Pharmacy,DIST_W_02,Un-Favorable
OUT_00135,2024-08,653.6549330364084,1,Small,0,Pharmacy,DIST_W_02,Moderate
OUT_00135,2024-09,529.2261080710377,2,Small,0,Pharmacy,DIST_W_02,Moderate
OUT_00135,2024-10,546.8822531553724,2,Small,0,Pharmacy,DIST_W_02,Moderate
OUT_00135,2024-11,572.016897995207,1,Small,0,Pharmacy,DIST_W_02,Moderate
OUT_00135,2024-12,856.5672809893205,2,Small,0,Pharmacy,DIST_W_02,Favorable
OUT_00135,2025-01,670.6085190599293,2,Small,0,Pharmacy,DIST_W_02,Moderate
OUT_00135,2025-02,494.29979462767386,2,Small,0,Pharmacy,DIST_W_02,Moderate
OUT_00135,2025-03,521.3425898156448,1,Small,0,Pharmacy,DIST_W_02,Moderate
OUT_00135,2025-04,758.3152049379739,5,Small,0,Pharmacy,DIST_W_02,Favorable
OUT_00135,2025-05,313.2051707464466,3,Small,0,Pharmacy,DIST_W_02,Un-Favorable
OUT_00135,2025-06,342.7474656291954,1,Small,0,Pharmacy,DIST_W_02,Un-Favorable
OUT_00135,2025-07,543.7273457649826,1,Small,0,Pharmacy,DIST_W_02,Moderate
OUT_00135,2025-09,622.7825275585662,2,Small,0,Pharmacy,DIST_W_02,Moderate
OUT_00135,2025-10,620.0479520082525,1,Small,0,Pharmacy,DIST_W_02,Moderate
OUT_00135,2025-11,650.0776518222528,1,Small,0,Pharmacy,DIST_W_02,Moderate
OUT_00135,2025-12,819.9164575271783,2,Small,0,Pharmacy,DIST_W_02,Favorable
OUT_00190,2023-02,625.7396385731388,3,Small,0,Hotel,DIST_W_03,Moderate
OUT_00190,2023-04,961.205929154744,4,Small,0,Hotel,DIST_W_03,Favorable
OUT_00190,2023-05,437.6750416155113,4,Small,0,Hotel,DIST_W_03,Un-Favorable
OUT_00190,2023-06,213.3601657225279,1,Small,0,Hotel,DIST_W_03,Un-Favorable
OUT_00190,2023-07,490.4045002871442,1,Small,0,Hotel,DIST_W_03,Moderate
OUT_00190,2023-08,331.3287999713731,2,Small,0,Hotel,DIST_W_03,Moderate
OUT_00190,2023-09,610.0771555753465,2,Small,0,Hotel,DIST_W_03,Moderate
OUT_00190,2023-12,854.4893601783649,2,Small,0,Hotel,DIST_W_03,Favorable
OUT_00190,2024-01,657.9126499797387,2,Small,0,Hotel,DIST_W_03,Moderate
OUT_00190,2024-02,578.2430798818266,3,Small,0,Hotel,DIST_W_03,Moderate
OUT_00190,2024-04,219.2925633205383,7,Small,0,Hotel,DIST_W_03,Favorable
OUT_00190,2024-05,382.1129768501408,3,Small,0,Hotel,DIST_W_03,Un-Favorable
OUT_00190,2024-06,398.42294388047225,2,Small,0,Hotel,DIST_W_03,Un-Favorable
OUT_00190,2024-07,949.9309173340012,1,Small,0,Hotel,DIST_W_03,Moderate
OUT_00190,2024-08,612.0599598976219,1,Small,0,Hotel,DIST_W_03,Moderate
OUT_00190,2024-09,466.0381983031524,2,Small,0,Hotel,DIST_W_03,Moderate
OUT_00190,2024-10,522.5854031390479,2,Small,0,Hotel,DIST_W_03,Moderate
OUT_00190,2024-11,224.03147440991745,1,Small,0,Hotel,DIST_W_03,Moderate
OUT_00190,2024-12,606.2829045407217,2,Small,0,Hotel,DIST_W_03,Favorable
OUT_00190,2025-01,567.7813722013005,2,Small,0,Hotel,DIST_W_03,Moderate
OUT_00190,2025-02,549.8635605034814,2,Small,0,Hotel,DIST_W_03,Moderate
OUT_00190,2025-03,496.5310234936295,1,Small,0,Hotel,DIST_W_03,Moderate
OUT_00190,2025-04,890.8277576217753,5,Small,0,Hotel,DIST_W_03,Favorable
OUT_00190,2025-05,167.50275432292824,3,Small,0,Hotel,DIST_W_03,Un-Favorable
OUT_00190,2025-06,401.5797501395424,1,Small,0,Hotel,DIST_W_03,Un-Favorable
OUT_00190,2025-07,560.3038036087171,1,Small,0,Hotel,DIST_W_03,Moderate
OUT_00190,2025-08,521.2728796465445,1,Small,0,Hotel,DIST_W_03,Moderate
OUT_00190,2025-09,446.42373794456216,2,Small,0,Hotel,DIST_W_03,Moderate
OUT_00190,2025-10,575.904168731887,1,Small,0,Hotel,DIST_W_03,Moderate
OUT_00190,2025-11,505.3444587676959,1,Small,0,Hotel,DIST_W_03,Moderate
OUT_00190,2025-12,774.5167717420518,2,Small,0,Hotel,DIST_W_03,Favorable
OUT_00196,2023-02,892.1421366473053,3,Small,1,Hotel,DIST_W_03,Moderate
OUT_00196,2023-03,226.8974024368989,1,Small,1,Hotel,DIST_W_03,Moderate
OUT_00196,2023-04,859.304297270706,4,Small,1,Hotel,DIST_W_03,Favorable
OUT_00196,2023-05,355.2352851198415,4,Small,1,Hotel,DIST_W_03,Un-Favorable
OUT_00196,2023-07,627.5816623659703,1,Small,1,Hotel,DIST_W_03,Moderate
OUT_00196,2023-09,499.27129454371067,2,Small,1,Hotel,DIST_W_03,Moderate
OUT_00196,2023-10,657.7239120935114,1,Small,1,Hotel,DIST_W_03,Moderate
OUT_00196,2023-11,459.7903984805469,1,Small,1,Hotel,DIST_W_03,Moderate
OUT_00196,2023-12,724.907924213552,2,Small,1,Hotel,DIST_W_03,Favorable
OUT_00196,2024-01,651.646376254058,2,Small,1,Hotel,DIST_W_03,Moderate
OUT_00196,2024-02,550.8487951877114,3,Small,1,Hotel,DIST_W_03,Moderate
OUT_00196,2024-03,527.092400090962,3,Small,1,Hotel,DIST_W_03,Moderate
OUT_00196,2024-04,814.9388827835224,7,Small,1,Hotel,DIST_W_03,Favorable
OUT_00196,2024-06,341.107182658889,2,Small,1,Hotel,DIST_W_03,Un-Favorable
OUT_00196,2024-07,182.3117820969982,1,Small,1,Hotel,DIST_W_03,Moderate
OUT_00196,2024-08,62.52191060801497,1,Small,1,Hotel,DIST_W_03,Moderate
OUT_00196,2024-09,568.470025528085,2,Small,1,Hotel,DIST_W_03,Moderate
OUT_00196,2024-10,658.2163226442325,2,Small,1,Hotel,DIST_W_03,Moderate
OUT_00196,2024-12,969.1515635197864,2,Small,1,Hotel,DIST_W_03,Favorable
OUT_00196,2025-01,599.1820325281689,2,Small,1,Hotel,DIST_W_03,Moderate
OUT_00196,2025-02,199.1618288570028,2,Small,1,Hotel,DIST_W_03,Moderate
OUT_00196,2025-03,611.3976966858727,1,Small,1,Hotel,DIST_W_03,Moderate
OUT_00196,2025-05,383.64450589894415,3,Small,1,Hotel,DIST_W_03,Un-Favorable
OUT_00196,2025-06,433.02694847642886,1,Small,1,Hotel,DIST_W_03,Un-Favorable
OUT_00196,2025-08,626.7369906215181,1,Small,1,Hotel,DIST_W_03,Moderate
OUT_00196,2025-09,562.1990971656516,2,Small,1,Hotel,DIST_W_03,Moderate
OUT_00196,2025-10,642.569603009638,1,Small,1,Hotel,DIST_W_03,Moderate
OUT_00196,2025-12,902.747344132504,2,Small,1,Hotel,DIST_W_03,Favorable
OUT_00255,2023-01,270.7938235700119,3,Small,0,Kiosk,DIST_W_02,Moderate
OUT_00255,2023-02,570.433653452428,3,Small,0,Kiosk,DIST_W_02,Moderate
OUT_00255,2023-03,491.1478472874891,1,Small,0,Kiosk,DIST_W_02,Moderate
OUT_00255,2023-04,734.80231534942,4,Small,0,Kiosk,DIST_W_02,Favorable
OUT_00255,2023-05,190.1874402703048,4,Small,0,Kiosk,DIST_W_02,Un-Favorable
OUT_00255,2023-06,160.5175311766454,1,Small,0,Kiosk,DIST_W_02,Un-Favorable
OUT_00255,2023-07,710.0688584469711,1,Small,0,Kiosk,DIST_W_02,Moderate
OUT_00255,2023-08,306.84991779376776,2,Small,0,Kiosk,DIST_W_02,Moderate
OUT_00255,2023-09,618.2730772114537,2,Small,0,Kiosk,DIST_W_02,Moderate
OUT_00255,2023-12,892.7699379493363,2,Small,0,Kiosk,DIST_W_02,Favorable
OUT_00255,2024-01,677.3336039099028,2,Small,0,Kiosk,DIST_W_02,Moderate
OUT_00255,2024-02,545.9491131030264,3,Small,0,Kiosk,DIST_W_02,Moderate
OUT_00255,2024-04,920.504763664298,7,Small,0,Kiosk,DIST_W_02,Favorable
OUT_00255,2024-05,342.2913045430556,3,Small,0,Kiosk,DIST_W_02,Un-Favorable
OUT_00255,2024-06,343.7816371469545,2,Small,0,Kiosk,DIST_W_02,Un-Favorable
OUT_00255,2024-07,652.2890506837034,1,Small,0,Kiosk,DIST_W_02,Moderate
OUT_00255,2024-08,515.5491592742723,1,Small,0,Kiosk,DIST_W_02,Moderate
OUT_00255,2024-09,651.854684943175,2,Small,0,Kiosk,DIST_W_02,Moderate
OUT_00255,2024-10,639.5784852298189,2,Small,0,Kiosk,DIST_W_02,Moderate
OUT_00255,2024-11,635.1714619069664,1,Small,0,Kiosk,DIST_W_02,Moderate
OUT_00255,2024-12,857.8869992557117,2,Small,0,Kiosk,DIST_W_02,Favorable
OUT_00255,2025-01,605.5659813614895,2,Small,0,Kiosk,DIST_W_02,Moderate
OUT_00255,2025-04,838.4017762811807,5,Small,0,Kiosk,DIST_W_02,Favorable
OUT_00255,2025-05,166.26033617383231,3,Small,0,Kiosk,DIST_W_02,Un-Favorable
OUT_00255,2025-06,363.2252851459035,1,Small,0,Kiosk,DIST_W_02,Un-Favorable
OUT_00255,2025-07,587.4268184269895,1,Small,0,Kiosk,DIST_W_02,Moderate
OUT_00255,2025-08,612.2937768126974,1,Small,0,Kiosk,DIST_W_02,Moderate
OUT_00255,2025-09,599.7863308686116,2,Small,0,Kiosk,DIST_W_02,Moderate
OUT_00255,2025-10,703.5262838783187,1,Small,0,Kiosk,DIST_W_02,Moderate
OUT_00255,2025-11,576.5430553873045,1,Small,0,Kiosk,DIST_W_02,Moderate
OUT_00255,2025-12,922.416323597392,2,Small,0,Kiosk,DIST_W_02,Favorable
OUT_00276,2023-01,634.9769755183507,3,Medium,2,Pharmacy,DIST_W_02,Moderate
OUT_00276,2023-02,659.5677663685939,3,Medium,2,Pharmacy,DIST_W_02,Moderate
OUT_00276,2023-03,479.9945987680495,1,Medium,2,Pharmacy,DIST_W_02,Moderate
OUT_00276,2023-05,304.23692291348846,4,Medium,2,Pharmacy,DIST_W_02,Un-Favorable
OUT_00276,2023-06,345.4974767630736,1,Medium,2,Pharmacy,DIST_W_02,Un-Favorable
OUT_00276,2023-07,638.7087449848636,1,Medium,2,Pharmacy,DIST_W_02,Moderate
OUT_00276,2023-08,470.7572786469158,2,Medium,2,Pharmacy,DIST_W_02,Moderate
OUT_00276,2023-09,651.9252525918711,2,Medium,2,Pharmacy,DIST_W_02,Moderate
OUT_00276,2023-10,532.1390281298567,1,Medium,2,Pharmacy,DIST_W_02,Moderate
OUT_00276,2023-11,326.6562264384476,1,Medium,2,Pharmacy,DIST_W_02,Moderate
OUT_00276,2024-01,516.3411885714336,2,Medium,2,Pharmacy,DIST_W_02,Moderate
OUT_00276,2024-02,229.32315120070783,3,Medium,2,Pharmacy,DIST_W_02,Moderate
OUT_00276,2024-03,630.049246421896,3,Medium,2,Pharmacy,DIST_W_02,Moderate
OUT_00276,2024-04,826.0386257161747,7,Medium,2,Pharmacy,DIST_W_02,Favorable
OUT_00276,2024-05,235.733485637133,3,Medium,2,Pharmacy,DIST_W_02,Un-Favorable
OUT_00276,2024-06,185.87842208886832,2,Medium,2,Pharmacy,DIST_W_02,Un-Favorable
OUT_00276,2024-07,508.413633627056,1,Medium,2,Pharmacy,DIST_W_02,Moderate
OUT_00276,2024-08,671.8245957310248,1,Medium,2,Pharmacy,DIST_W_02,Moderate
OUT_00276,2024-09,483.806411712418,2,Medium,2,Pharmacy,DIST_W_02,Moderate
OUT_00276,2024-10,205.7930565286416,2,Medium,2,Pharmacy,DIST_W_02,Moderate
OUT_00276,2024-11,458.4075748395672,1,Medium,2,Pharmacy,DIST_W_02,Moderate
OUT_00276,2024-12,392.9938305161327,2,Medium,2,Pharmacy,DIST_W_02,Favorable
OUT_00276,2025-01,550.2473269581619,2,Medium,2,Pharmacy,DIST_W_02,Moderate
OUT_00276,2025-02,640.8897819910742,2,Medium,2,Pharmacy,DIST_W_02,Moderate
OUT_00276,2025-03,276.14491886129986,1,Medium,2,Pharmacy,DIST_W_02,Moderate
OUT_00276,2025-04,813.99239282369,5,Medium,2,Pharmacy,DIST_W_02,Favorable
OUT_00276,2025-05,98.25136158088222,3,Medium,2,Pharmacy,DIST_W_02,Un-Favorable
OUT_00276,2025-06,365.532412347492,1,Medium,2,Pharmacy,DIST_W_02,Un-Favorable
OUT_00276,2025-07,589.2822089878491,1,Medium,2,Pharmacy,DIST_W_02,Moderate
OUT_00276,2025-08,638.4260923493152,1,Medium,2,Pharmacy,DIST_W_02,Moderate
OUT_00276,2025-09,518.8935593625494,2,Medium,2,Pharmacy,DIST_W_02,Moderate
OUT_00276,2025-10,628.5390174472077,1,Medium,2,Pharmacy,DIST_W_02,Moderate
OUT_00276,2025-12,461.272986826505,2,Medium,2,Pharmacy,DIST_W_02,Favorable
OUT_00284,2023-01,596.5703908729533,3,Medium,1,Grocery,DIST_W_02,Moderate
OUT_00284,2023-02,700.8517303865452,3,Medium,1,Grocery,DIST_W_02,Moderate
OUT_00284,2023-03,579.341782998797,1,Medium,1,Grocery,DIST_W_02,Moderate
OUT_00284,2023-04,525.7734115882926,4,Medium,1,Grocery,DIST_W_02,Favorable
OUT_00284,2023-05,439.0838085246816,4,Medium,1,Grocery,DIST_W_02,Un-Favorable
OUT_00284,2023-06,313.5841013295963,1,Medium,1,Grocery,DIST_W_02,Un-Favorable
OUT_00284,2023-07,611.3826990882941,1,Medium,1,Grocery,DIST_W_02,Moderate
OUT_00284,2023-08,597.9101041846984,2,Medium,1,Grocery,DIST_W_02,Moderate
OUT_00284,2023-09,412.16899710623,2,Medium,1,Grocery,DIST_W_02,Moderate
OUT_00284,2023-10,590.1751691373967,1,Medium,1,Grocery,DIST_W_02,Moderate
OUT_00284,2023-11,480.4024713345042,1,Medium,1,Grocery,DIST_W_02,Moderate
OUT_00284,2024-01,289.7338832926593,2,Medium,1,Grocery,DIST_W_02,Moderate
OUT_00284,2024-03,513.052096085108,3,Medium,1,Grocery,DIST_W_02,Moderate
OUT_00284,2024-04,450.1375099971374,7,Medium,1,Grocery,DIST_W_02,Favorable
OUT_00284,2024-05,354.68797266509205,3,Medium,1,Grocery,DIST_W_02,Un-Favorable
OUT_00284,2024-06,158.18220721362354,2,Medium,1,Grocery,DIST_W_02,Un-Favorable
OUT_00284,2024-07,521.0806064725055,1,Medium,1,Grocery,DIST_W_02,Moderate
OUT_00284,2024-08,669.1740308597413,1,Medium,1,Grocery,DIST_W_02,Moderate
OUT_00284,2024-09,652.0465615231558,2,Medium,1,Grocery,DIST_W_02,Moderate
OUT_00284,2024-10,679.1115189572694,2,Medium,1,Grocery,DIST_W_02,Moderate
OUT_00284,2024-11,369.5125497293756,1,Medium,1,Grocery,DIST_W_02,Moderate
OUT_00284,2024-12,875.6545377590191,2,Medium,1,Grocery,DIST_W_02,Favorable
OUT_00284,2025-01,300.4091750954197,2,Medium,1,Grocery,DIST_W_02,Moderate
OUT_00284,2025-02,621.8260047786825,2,Medium,1,Grocery,DIST_W_02,Moderate
OUT_00284,2025-03,659.5862998141574,1,Medium,1,Grocery,DIST_W_02,Moderate
OUT_00284,2025-04,350.25338803242835,5,Medium,1,Grocery,DIST_W_02,Favorable
OUT_00284,2025-05,354.47619175267454,3,Medium,1,Grocery,DIST_W_02,Un-Favorable
OUT_00284,2025-06,119.79567464449217,1,Medium,1,Grocery,DIST_W_02,Un-Favorable
OUT_00284,2025-07,399.168692953915,1,Medium,1,Grocery,DIST_W_02,Moderate
OUT_00284,2025-08,589.4084489126038,1,Medium,1,Grocery,DIST_W_02,Moderate
OUT_00284,2025-09,621.5695668586202,2,Medium,1,Grocery,DIST_W_02,Moderate
OUT_00284,2025-10,533.5123230814085,1,Medium,1,Grocery,DIST_W_02,Moderate
OUT_00284,2025-11,617.3446623338269,1,Medium,1,Grocery,DIST_W_02,Moderate
OUT_00284,2025-12,865.3947939158924,2,Medium,1,Grocery,DIST_W_02,Favorable
OUT_00310,2023-01,168.8827606405421,3,Small,0,Pharmacy,DIST_W_01,Moderate
OUT_00310,2023-02,573.0777016030856,3,Small,0,Pharmacy,DIST_W_01,Moderate
OUT_00310,2023-03,592.6485761197291,1,Small,0,Pharmacy,DIST_W_01,Moderate
OUT_00310,2023-04,829.4330390408029,4,Small,0,Pharmacy,DIST_W_01,Favorable
OUT_00310,2023-06,408.547332687099,1,Small,0,Pharmacy,DIST_W_01,Un-Favorable
OUT_00310,2023-07,669.817817115811,1,Small,0,Pharmacy,DIST_W_01,Moderate
OUT_00310,2023-10,616.4914097397418,1,Small,0,Pharmacy,DIST_W_01,Moderate
OUT_00310,2023-11,593.9443243620822,1,Small,0,Pharmacy,DIST_W_01,Moderate
OUT_00310,2023-12,840.1730594721572,2,Small,0,Pharmacy,DIST_W_01,Favorable
OUT_00310,2024-01,592.6173085650512,2,Small,0,Pharmacy,DIST_W_01,Moderate
OUT_00310,2024-02,482.869443111153,3,Small,0,Pharmacy,DIST_W_01,Moderate
OUT_00310,2024-03,479.8134540952324,3,Small,0,Pharmacy,DIST_W_01,Moderate
OUT_00310,2024-04,944.8666417787896,7,Small,0,Pharmacy,DIST_W_01,Favorable
OUT_00310,2024-06,399.7357953746911,2,Small,0,Pharmacy,DIST_W_01,Un-Favorable
OUT_00310,2024-07,509.8192334595337,1,Small,0,Pharmacy,DIST_W_01,Moderate
OUT_00310,2024-08,593.3828320807272,1,Small,0,Pharmacy,DIST_W_01,Moderate
OUT_00310,2024-09,646.7795861393857,2,Small,0,Pharmacy,DIST_W_01,Moderate
OUT_00310,2024-10,580.2470590359233,2,Small,0,Pharmacy,DIST_W_01,Moderate
OUT_00310,2024-11,566.9611120993698,1,Small,0,Pharmacy,DIST_W_01,Moderate
OUT_00310,2024-12,908.0990506922516,2,Small,0,Pharmacy,DIST_W_01,Favorable
OUT_00310,2025-01,570.9685073690083,2,Small,0,Pharmacy,DIST_W_01,Moderate
OUT_00310,2025-04,322.0378585083532,5,Small,0,Pharmacy,DIST_W_01,Favorable
OUT_00310,2025-05,331.9871658814512,3,Small,0,Pharmacy,DIST_W_01,Un-Favorable
OUT_00310,2025-06,421.2676454171363,1,Small,0,Pharmacy,DIST_W_01,Un-Favorable
OUT_00310,2025-08,560.3348052169491,1,Small,0,Pharmacy,DIST_W_01,Moderate
OUT_00310,2025-09,584.7189538708835,2,Small,0,Pharmacy,DIST_W_01,Moderate
OUT_00310,2025-10,531.428757228121,1,Small,0,Pharmacy,DIST_W_01,Moderate
OUT_00328,2023-01,687.8475815573064,3,Small,0,Bakery,DIST_W_01,Moderate
OUT_00328,2023-02,551.003264293242,3,Small,0,Bakery,DIST_W_01,Moderate
OUT_00328,2023-03,593.4451654727153,1,Small,0,Bakery,DIST_W_01,Moderate
OUT_00328,2023-04,453.12041880925466,4,Small,0,Bakery,DIST_W_01,Favorable
OUT_00328,2023-05,371.6362023552607,4,Small,0,Bakery,DIST_W_01,Un-Favorable
OUT_00328,2023-07,320.838565006694,1,Small,0,Bakery,DIST_W_01,Moderate
OUT_00328,2023-08,676.5050467187551,2,Small,0,Bakery,DIST_W_01,Moderate
OUT_00328,2023-09,269.73974504436177,2,Small,0,Bakery,DIST_W_01,Moderate
OUT_00328,2023-10,682.147025382927,1,Small,0,Bakery,DIST_W_01,Moderate
OUT_00328,2023-11,572.673342834476,1,Small,0,Bakery,DIST_W_01,Moderate
OUT_00328,2023-12,915.7346564702568,2,Small,0,Bakery,DIST_W_01,Favorable
OUT_00328,2024-01,744.8565003927067,2,Small,0,Bakery,DIST_W_01,Moderate
OUT_00328,2024-03,620.9354089406228,3,Small,0,Bakery,DIST_W_01,Moderate
OUT_00328,2024-04,457.6770863672927,7,Small,0,Bakery,DIST_W_01,Favorable
OUT_00328,2024-05,393.9877271357855,3,Small,0,Bakery,DIST_W_01,Un-Favorable
OUT_00328,2024-06,345.33475742086165,2,Small,0,Bakery,DIST_W_01,Un-Favorable
OUT_00328,2024-07,647.0679596041891,1,Small,0,Bakery,DIST_W_01,Moderate
OUT_00328,2024-09,350.4382875813756,2,Small,0,Bakery,DIST_W_01,Moderate
OUT_00328,2024-10,644.4696804436421,2,Small,0,Bakery,DIST_W_01,Moderate
OUT_00328,2024-11,629.6485716008674,1,Small,0,Bakery,DIST_W_01,Moderate
OUT_00328,2024-12,896.8815603296796,2,Small,0,Bakery,DIST_W_01,Favorable
OUT_00328,2025-01,255.4742101098825,2,Small,0,Bakery,DIST_W_01,Moderate
OUT_00328,2025-03,336.98293900208483,1,Small,0,Bakery,DIST_W_01,Moderate
OUT_00328,2025-04,889.2787385612321,5,Small,0,Bakery,DIST_W_01,Favorable
OUT_00328,2025-05,416.5642127315047,3,Small,0,Bakery,DIST_W_01,Un-Favorable
OUT_00328,2025-06,393.1116618766725,1,Small,0,Bakery,DIST_W_01,Un-Favorable
OUT_00328,2025-07,621.9228432273204,1,Small,0,Bakery,DIST_W_01,Moderate
OUT_00328,2025-08,557.3928118151373,1,Small,0,Bakery,DIST_W_01,Moderate
OUT_00328,2025-09,336.6084530554649,2,Small,0,Bakery,DIST_W_01,Moderate
OUT_00328,2025-11,623.6457071252382,1,Small,0,Bakery,DIST_W_01,Moderate
OUT_00328,2025-12,888.3246923982372,2,Small,0,Bakery,DIST_W_01,Favorable
OUT_00358,2023-01,544.3147924150735,3,Small,0,SMMT,DIST_W_01,Moderate
OUT_00358,2023-02,579.4467652713987,3,Small,0,SMMT,DIST_W_01,Moderate
OUT_00358,2023-03,538.1587947540338,1,Small,0,SMMT,DIST_W_01,Moderate
OUT_00358,2023-04,892.10221094468,4,Small,0,SMMT,DIST_W_01,Favorable
OUT_00358,2023-05,400.0114989541364,4,Small,0,SMMT,DIST_W_01,Un-Favorable
OUT_00358,2023-07,656.5506832608252,1,Small,0,SMMT,DIST_W_01,Moderate
OUT_00358,2023-09,575.070554793045,2,Small,0,SMMT,DIST_W_01,Moderate
OUT_00358,2023-10,682.5086349517106,1,Small,0,SMMT,DIST_W_01,Moderate
OUT_00358,2024-01,556.0901550452709,2,Small,0,SMMT,DIST_W_01,Moderate
OUT_00358,2024-02,317.19475068872583,3,Small,0,SMMT,DIST_W_01,Moderate
OUT_00358,2024-03,479.9768499066317,3,Small,0,SMMT,DIST_W_01,Moderate
OUT_00358,2024-04,365.3984770775786,7,Small,0,SMMT,DIST_W_01,Favorable
OUT_00358,2024-05,352.72898659057506,3,Small,0,SMMT,DIST_W_01,Un-Favorable
OUT_00358,2024-07,585.5125757677923,1,Small,0,SMMT,DIST_W_01,Moderate
OUT_00358,2024-08,342.3025828418265,1,Small,0,SMMT,DIST_W_01,Moderate
OUT_00358,2024-09,569.5042766457714,2,Small,0,SMMT,DIST_W_01,Moderate
OUT_00358,2024-10,516.678654143885,2,Small,0,SMMT,DIST_W_01,Moderate
OUT_00358,2024-11,259.11525808465734,1,Small,0,SMMT,DIST_W_01,Moderate
OUT_00358,2024-12,876.1939995389282,2,Small,0,SMMT,DIST_W_01,Favorable
OUT_00358,2025-01,521.9973044448066,2,Small,0,SMMT,DIST_W_01,Moderate
OUT_00358,2025-02,227.1089284788286,2,Small,0,SMMT,DIST_W_01,Moderate
OUT_00358,2025-03,289.12964574576046,1,Small,0,SMMT,DIST_W_01,Moderate
OUT_00358,2025-04,859.1073705622211,5,Small,0,SMMT,DIST_W_01,Favorable
OUT_00358,2025-05,173.33205878440722,3,Small,0,SMMT,DIST_W_01,Un-Favorable
OUT_00358,2025-06,431.1989324417679,1,Small,0,SMMT,DIST_W_01,Un-Favorable
OUT_00358,2025-07,517.7099276377845,1,Small,0,SMMT,DIST_W_01,Moderate
OUT_00358,2025-08,305.3299004520716,1,Small,0,SMMT,DIST_W_01,Moderate
OUT_00358,2025-09,411.3551557830775,2,Small,0,SMMT,DIST_W_01,Moderate
OUT_00358,2025-10,483.1118210753992,1,Small,0,SMMT,DIST_W_01,Moderate
OUT_00358,2025-11,651.5191511467882,1,Small,0,SMMT,DIST_W_01,Moderate
OUT_00358,2025-12,519.9562587677002,2,Small,0,SMMT,DIST_W_01,Favorable
OUT_00374,2023-02,576.2806274411926,3,Medium,2,Grocery,DIST_W_03,Moderate
OUT_00374,2023-03,594.6543041954654,1,Medium,2,Grocery,DIST_W_03,Moderate
OUT_00374,2023-04,918.4784879381234,4,Medium,2,Grocery,DIST_W_03,Favorable
OUT_00374,2023-05,341.9094388706789,4,Medium,2,Grocery,DIST_W_03,Un-Favorable
OUT_00374,2023-07,644.9969212479723,1,Medium,2,Grocery,DIST_W_03,Moderate
OUT_00374,2023-08,611.4713720025626,2,Medium,2,Grocery,DIST_W_03,Moderate
OUT_00374,2023-09,428.9327843694678,2,Medium,2,Grocery,DIST_W_03,Moderate
OUT_00374,2023-10,581.2832647320448,1,Medium,2,Grocery,DIST_W_03,Moderate
OUT_00374,2023-12,480.19289022973504,2,Medium,2,Grocery,DIST_W_03,Favorable
OUT_00374,2024-01,584.276773260292,2,Medium,2,Grocery,DIST_W_03,Moderate
OUT_00374,2024-02,560.9242335225011,3,Medium,2,Grocery,DIST_W_03,Moderate
OUT_00374,2024-03,209.34998082828056,3,Medium,2,Grocery,DIST_W_03,Moderate
OUT_00374,2024-06,314.5678717385595,2,Medium,2,Grocery,DIST_W_03,Un-Favorable
OUT_00374,2024-07,539.4024961354804,1,Medium,2,Grocery,DIST_W_03,Moderate
OUT_00374,2024-08,223.36897496129905,1,Medium,2,Grocery,DIST_W_03,Moderate
OUT_00374,2024-09,572.7138708452186,2,Medium,2,Grocery,DIST_W_03,Moderate
OUT_00374,2024-11,565.9870548023039,1,Medium,2,Grocery,DIST_W_03,Moderate
OUT_00374,2024-12,501.93334388097855,2,Medium,2,Grocery,DIST_W_03,Favorable
OUT_00374,2025-01,622.0480198630983,2,Medium,2,Grocery,DIST_W_03,Moderate
OUT_00374,2025-02,623.8985449232778,2,Medium,2,Grocery,DIST_W_03,Moderate
OUT_00374,2025-03,666.1874648363648,1,Medium,2,Grocery,DIST_W_03,Moderate
OUT_00374,2025-06,318.9263018468306,1,Medium,2,Grocery,DIST_W_03,Un-Favorable
OUT_00374,2025-07,780.9120426507588,1,Medium,2,Grocery,DIST_W_03,Moderate
OUT_00374,2025-08,542.5187927964067,1,Medium,2,Grocery,DIST_W_03,Moderate
OUT_00374,2025-10,594.3775680195494,1,Medium,2,Grocery,DIST_W_03,Moderate
OUT_00374,2025-11,347.7908363971602,1,Medium,2,Grocery,DIST_W_03,Moderate
OUT_00374,2025-12,729.6161369270311,2,Medium,2,Grocery,DIST_W_03,Favorable
OUT_00381,2023-01,457.5752066677948,3,Small,1,Grocery,DIST_W_01,Moderate
OUT_00381,2023-02,586.1938004193466,3,Small,1,Grocery,DIST_W_01,Moderate
OUT_00381,2023-03,499.0567264170647,1,Small,1,Grocery,DIST_W_01,Moderate
OUT_00381,2023-04,253.7217741758096,4,Small,1,Grocery,DIST_W_01,Favorable
OUT_00381,2023-05,332.5561001339771,4,Small,1,Grocery,DIST_W_01,Un-Favorable
OUT_00381,2023-06,410.3231669676406,1,Small,1,Grocery,DIST_W_01,Un-Favorable
OUT_00381,2023-07,675.2487437154558,1,Small,1,Grocery,DIST_W_01,Moderate
OUT_00381,2023-08,640.3820176119916,2,Small,1,Grocery,DIST_W_01,Moderate
OUT_00381,2023-09,714.9796019756446,2,Small,1,Grocery,DIST_W_01,Moderate
OUT_00381,2023-10,639.6968326285213,1,Small,1,Grocery,DIST_W_01,Moderate
OUT_00381,2023-11,665.5134164982306,1,Small,1,Grocery,DIST_W_01,Moderate
OUT_00381,2023-12,890.8502960182681,2,Small,1,Grocery,DIST_W_01,Favorable
OUT_00381,2024-01,540.9587786429304,2,Small,1,Grocery,DIST_W_01,Moderate
OUT_00381,2024-02,587.26183810498,3,Small,1,Grocery,DIST_W_01,Moderate
OUT_00381,2024-03,507.3344181991116,3,Small,1,Grocery,DIST_W_01,Moderate
OUT_00381,2024-04,798.6343040994041,7,Small,1,Grocery,DIST_W_01,Favorable
OUT_00381,2024-05,439.14281377339887,3,Small,1,Grocery,DIST_W_01,Un-Favorable
OUT_00381,2024-06,390.98064754209145,2,Small,1,Grocery,DIST_W_01,Un-Favorable
OUT_00381,2024-07,550.4672586957946,1,Small,1,Grocery,DIST_W_01,Moderate
OUT_00381,2024-08,199.30411291556948,1,Small,1,Grocery,DIST_W_01,Moderate
OUT_00381,2024-09,645.2899258830608,2,Small,1,Grocery,DIST_W_01,Moderate
OUT_00381,2024-10,665.399621642999,2,Small,1,Grocery,DIST_W_01,Moderate
OUT_00381,2024-12,967.588306352233,2,Small,1,Grocery,DIST_W_01,Favorable
OUT_00381,2025-01,673.757702802764,2,Small,1,Grocery,DIST_W_01,Moderate
OUT_00381,2025-02,501.7687081930291,2,Small,1,Grocery,DIST_W_01,Moderate
OUT_00381,2025-03,971.1137716965468,1,Small,1,Grocery,DIST_W_01,Moderate
OUT_00381,2025-04,761.0872251485624,5,Small,1,Grocery,DIST_W_01,Favorable
OUT_00381,2025-05,383.2862363286182,3,Small,1,Grocery,DIST_W_01,Un-Favorable
OUT_00381,2025-06,318.85971699025026,1,Small,1,Grocery,DIST_W_01,Un-Favorable
OUT_00381,2025-07,643.8785146950542,1,Small,1,Grocery,DIST_W_01,Moderate
OUT_00381,2025-08,638.5445695680991,1,Small,1,Grocery,DIST_W_01,Moderate
OUT_00381,2025-10,521.2983462055415,1,Small,1,Grocery,DIST_W_01,Moderate
OUT_00381,2025-11,700.0157721433771,1,Small,1,Grocery,DIST_W_01,Moderate
OUT_00381,2025-12,958.2786332196264,2,Small,1,Grocery,DIST_W_01,Favorable
OUT_00389,2023-02,395.4505500877753,3,Large,4,Eatery,DIST_W_02,Moderate
OUT_00389,2023-03,613.0895692221974,1,Large,4,Eatery,DIST_W_02,Moderate
OUT_00389,2023-05,654.7199351300083,4,Large,4,Eatery,DIST_W_02,Un-Favorable
OUT_00389,2023-06,367.2021930737892,1,Large,4,Eatery,DIST_W_02,Un-Favorable
OUT_00389,2023-07,548.8545998340354,1,Large,4,Eatery,DIST_W_02,Moderate
OUT_00389,2023-08,499.95935273234335,2,Large,4,Eatery,DIST_W_02,Moderate
OUT_00389,2023-09,561.1612063698365,2,Large,4,Eatery,DIST_W_02,Moderate
OUT_00389,2023-11,660.9871740428223,1,Large,4,Eatery,DIST_W_02,Moderate
OUT_00389,2023-12,713.2776263114794,2,Large,4,Eatery,DIST_W_02,Favorable
OUT_00389,2024-01,609.0735134999732,2,Large,4,Eatery,DIST_W_02,Moderate
OUT_00389,2024-02,437.622869190074,3,Large,4,Eatery,DIST_W_02,Moderate
OUT_00389,2024-04,343.7510136299037,7,Large,4,Eatery,DIST_W_02,Favorable
OUT_00389,2024-05,291.7134074493166,3,Large,4,Eatery,DIST_W_02,Un-Favorable
OUT_00389,2024-06,307.126725311659,2,Large,4,Eatery,DIST_W_02,Un-Favorable
OUT_00389,2024-07,309.1904966971183,1,Large,4,Eatery,DIST_W_02,Moderate
OUT_00389,2024-08,626.445416862784,1,Large,4,Eatery,DIST_W_02,Moderate
OUT_00389,2024-09,346.41894234077444,2,Large,4,Eatery,DIST_W_02,Moderate
OUT_00389,2024-10,500.2828476745221,2,Large,4,Eatery,DIST_W_02,Moderate
OUT_00389,2024-11,444.8514118851661,1,Large,4,Eatery,DIST_W_02,Moderate
OUT_00389,2024-12,925.8397657660606,2,Large,4,Eatery,DIST_W_02,Favorable
OUT_00389,2025-01,585.3288886680019,2,Large,4,Eatery,DIST_W_02,Moderate
OUT_00389,2025-02,624.6368937968983,2,Large,4,Eatery,DIST_W_02,Moderate
OUT_00389,2025-03,645.350525240377,1,Large,4,Eatery,DIST_W_02,Moderate
OUT_00389,2025-06,372.9681731856728,1,Large,4,Eatery,DIST_W_02,Un-Favorable
OUT_00389,2025-08,435.6403512346373,1,Large,4,Eatery,DIST_W_02,Moderate
OUT_00389,2025-09,646.1987339355137,2,Large,4,Eatery,DIST_W_02,Moderate
OUT_00389,2025-10,458.5869784682865,1,Large,4,Eatery,DIST_W_02,Moderate
OUT_00389,2025-11,669.1481055232774,1,Large,4,Eatery,DIST_W_02,Moderate
OUT_00399,2023-01,645.8979143370179,3,Medium,1,Kiosk,DIST_W_02,Moderate
OUT_00399,2023-02,540.0120946923705,3,Medium,1,Kiosk,DIST_W_02,Moderate
OUT_00399,2023-03,325.47475733127374,1,Medium,1,Kiosk,DIST_W_02,Moderate
OUT_00399,2023-04,866.5056966973178,4,Medium,1,Kiosk,DIST_W_02,Favorable
OUT_00399,2023-05,391.8840269605189,4,Medium,1,Kiosk,DIST_W_02,Un-Favorable
OUT_00399,2023-06,347.2823696657617,1,Medium,1,Kiosk,DIST_W_02,Un-Favorable
OUT_00399,2023-08,226.3930210982517,2,Medium,1,Kiosk,DIST_W_02,Moderate
OUT_00399,2023-10,616.8317412707694,1,Medium,1,Kiosk,DIST_W_02,Moderate
OUT_00399,2023-11,583.3374464600628,1,Medium,1,Kiosk,DIST_W_02,Moderate
OUT_00399,2023-12,717.3234076870432,2,Medium,1,Kiosk,DIST_W_02,Favorable
OUT_00399,2024-02,623.211499178185,3,Medium,1,Kiosk,DIST_W_02,Moderate
OUT_00399,2024-05,402.3059177096291,3,Medium,1,Kiosk,DIST_W_02,Un-Favorable
OUT_00399,2024-06,259.86819810851915,2,Medium,1,Kiosk,DIST_W_02,Un-Favorable
OUT_00399,2024-07,571.666910160036,1,Medium,1,Kiosk,DIST_W_02,Moderate
OUT_00399,2024-08,612.8130096371839,1,Medium,1,Kiosk,DIST_W_02,Moderate
OUT_00399,2024-09,705.4240521176587,2,Medium,1,Kiosk,DIST_W_02,Moderate
OUT_00399,2024-10,651.4219737325521,2,Medium,1,Kiosk,DIST_W_02,Moderate
OUT_00399,2024-11,247.53599541698463,1,Medium,1,Kiosk,DIST_W_02,Moderate
OUT_00399,2025-01,531.714327576309,2,Medium,1,Kiosk,DIST_W_02,Moderate
OUT_00399,2025-02,543.0972705566633,2,Medium,1,Kiosk,DIST_W_02,Moderate
OUT_00399,2025-03,359.2424269157562,1,Medium,1,Kiosk,DIST_W_02,Moderate
OUT_00399,2025-04,898.3152530890724,5,Medium,1,Kiosk,DIST_W_02,Favorable
OUT_00399,2025-05,367.83849796609417,3,Medium,1,Kiosk,DIST_W_02,Un-Favorable
OUT_00399,2025-07,586.3083061664152,1,Medium,1,Kiosk,DIST_W_02,Moderate
OUT_00399,2025-08,152.3309126283189,1,Medium,1,Kiosk,DIST_W_02,Moderate
OUT_00399,2025-09,592.9976412178848,2,Medium,1,Kiosk,DIST_W_02,Moderate
OUT_00399,2025-10,606.9570910948559,1,Medium,1,Kiosk,DIST_W_02,Moderate
OUT_00399,2025-11,567.5363545934296,1,Medium,1,Kiosk,DIST_W_02,Moderate
OUT_00442,2023-03,49.23289920923112,1,Small,1,SMMT,DIST_W_03,Moderate
OUT_00442,2023-04,50.877250719530174,4,Small,1,SMMT,DIST_W_03,Favorable
OUT_00442,2023-05,10.233175735477172,4,Small,1,SMMT,DIST_W_03,Un-Favorable
OUT_00442,2023-06,12.23333425795456,1,Small,1,SMMT,DIST_W_03,Un-Favorable
OUT_00442,2023-07,16.90486603894467,1,Small,1,SMMT,DIST_W_03,Moderate
OUT_00442,2023-09,82.68186229807904,2,Small,1,SMMT,DIST_W_03,Moderate
OUT_00442,2023-10,12.16405721960263,1,Small,1,SMMT,DIST_W_03,Moderate
OUT_00442,2023-11,5.320245286057358,1,Small,1,SMMT,DIST_W_03,Moderate
OUT_00442,2023-12,136.51213243043154,2,Small,1,SMMT,DIST_W_03,Favorable
OUT_00442,2024-04,23.378638470831334,7,Small,1,SMMT,DIST_W_03,Favorable
OUT_00442,2024-05,59.77918848632096,3,Small,1,SMMT,DIST_W_03,Un-Favorable
OUT_00442,2024-07,30.40646951323367,1,Small,1,SMMT,DIST_W_03,Moderate
OUT_00442,2024-11,70.45397127958216,1,Small,1,SMMT,DIST_W_03,Moderate
OUT_00442,2024-12,88.01555144671353,2,Small,1,SMMT,DIST_W_03,Favorable
OUT_00442,2025-03,29.200573689466875,1,Small,1,SMMT,DIST_W_03,Moderate
OUT_00442,2025-05,31.596549699447195,3,Small,1,SMMT,DIST_W_03,Un-Favorable
OUT_00442,2025-07,26.863622790902475,1,Small,1,SMMT,DIST_W_03,Moderate
OUT_00442,2025-10,8.824456989157843,1,Small,1,SMMT,DIST_W_03,Moderate
OUT_00442,2025-11,4.2868259631954455,1,Small,1,SMMT,DIST_W_03,Moderate
OUT_00454,2023-01,176.13922546058444,3,Medium,2,Grocery,DIST_W_03,Moderate
OUT_00454,2023-02,205.74903333818776,3,Medium,2,Grocery,DIST_W_03,Moderate
OUT_00454,2023-03,198.56619600684343,1,Medium,2,Grocery,DIST_W_03,Moderate
OUT_00454,2023-04,242.89511239157068,4,Medium,2,Grocery,DIST_W_03,Favorable
OUT_00454,2023-06,89.39161178906478,1,Medium,2,Grocery,DIST_W_03,Un-Favorable
OUT_00454,2023-07,90.67112109172366,1,Medium,2,Grocery,DIST_W_03,Moderate
OUT_00454,2023-08,210.5667298248061,2,Medium,2,Grocery,DIST_W_03,Moderate
OUT_00454,2023-11,51.75205462285631,1,Medium,2,Grocery,DIST_W_03,Moderate
OUT_00454,2023-12,114.48853934032108,2,Medium,2,Grocery,DIST_W_03,Favorable
OUT_00454,2024-01,214.23983787177005,2,Medium,2,Grocery,DIST_W_03,Moderate
OUT_00454,2024-02,202.06379346685216,3,Medium,2,Grocery,DIST_W_03,Moderate
OUT_00454,2024-05,58.83915317799685,3,Medium,2,Grocery,DIST_W_03,Un-Favorable
OUT_00454,2024-06,30.291395705613464,2,Medium,2,Grocery,DIST_W_03,Un-Favorable
OUT_00454,2024-07,196.86918243629165,1,Medium,2,Grocery,DIST_W_03,Moderate
OUT_00454,2024-09,161.62202720255485,2,Medium,2,Grocery,DIST_W_03,Moderate
OUT_00454,2024-10,162.99670936940413,2,Medium,2,Grocery,DIST_W_03,Moderate
OUT_00454,2024-11,156.0158651122844,1,Medium,2,Grocery,DIST_W_03,Moderate
OUT_00454,2024-12,116.3032030012246,2,Medium,2,Grocery,DIST_W_03,Favorable
OUT_00454,2025-02,51.54320508760634,2,Medium,2,Grocery,DIST_W_03,Moderate
OUT_00454,2025-04,88.92849148382714,5,Medium,2,Grocery,DIST_W_03,Favorable
OUT_00454,2025-07,230.4572276616246,1,Medium,2,Grocery,DIST_W_03,Moderate
OUT_00454,2025-09,70.46948583819278,2,Medium,2,Grocery,DIST_W_03,Moderate
OUT_00454,2025-10,9.296538031585628,1,Medium,2,Grocery,DIST_W_03,Moderate
OUT_00454,2025-11,17.90645806418206,1,Medium,2,Grocery,DIST_W_03,Moderate
OUT_00454,2025-12,308.70116899828867,2,Medium,2,Grocery,DIST_W_03,Favorable
OUT_00483,2023-03,3.36519674337797,1,Small,0,Grocery,DIST_W_03,Moderate
OUT_00483,2023-04,35.43294347973027,4,Small,0,Grocery,DIST_W_03,Favorable
OUT_00483,2023-08,10.672833478653072,2,Small,0,Grocery,DIST_W_03,Moderate
OUT_00483,2023-11,74.1801499872464,1,Small,0,Grocery,DIST_W_03,Moderate
OUT_00483,2023-12,33.547936078479474,2,Small,0,Grocery,DIST_W_03,Favorable
OUT_00483,2024-01,4.405653955043327,2,Small,0,Grocery,DIST_W_03,Moderate
OUT_00483,2024-02,89.87730834402082,3,Small,0,Grocery,DIST_W_03,Moderate
OUT_00483,2024-05,46.823580582171424,3,Small,0,Grocery,DIST_W_03,Un-Favorable
OUT_00483,2024-08,67.23934843058377,1,Small,0,Grocery,DIST_W_03,Moderate
OUT_00483,2024-11,13.15804143247264,1,Small,0,Grocery,DIST_W_03,Moderate
OUT_00483,2024-12,9.54608946527325,2,Small,0,Grocery,DIST_W_03,Favorable
OUT_00483,2025-03,14.262725926285103,1,Small,0,Grocery,DIST_W_03,Moderate
OUT_00483,2025-05,14.434851561900338,3,Small,0,Grocery,DIST_W_03,Un-Favorable
OUT_00483,2025-06,56.15077943629193,1,Small,0,Grocery,DIST_W_03,Un-Favorable
OUT_00483,2025-07,99.07322287458082,1,Small,0,Grocery,DIST_W_03,Moderate
OUT_00483,2025-09,83.5009704966355,2,Small,0,Grocery,DIST_W_03,Moderate
OUT_00483,2025-10,75.66606085839697,1,Small,0,Grocery,DIST_W_03,Moderate
OUT_00483,2025-11,83.79652741119068,1,Small,0,Grocery,DIST_W_03,Moderate
OUT_00504,2023-01,204.5194769557993,3,Medium,2,Kiosk,DIST_W_02,Moderate
OUT_00504,2023-03,49.89961382396146,1,Medium,2,Kiosk,DIST_W_02,Moderate
OUT_00504,2023-04,164.60974692077164,4,Medium,2,Kiosk,DIST_W_02,Favorable
OUT_00504,2023-05,114.44444606212,4,Medium,2,Kiosk,DIST_W_02,Un-Favorable
OUT_00504,2023-06,38.9929317160265,1,Medium,2,Kiosk,DIST_W_02,Un-Favorable
OUT_00504,2023-08,56.81981674851853,2,Medium,2,Kiosk,DIST_W_02,Moderate
OUT_00504,2023-09,187.71011623808903,2,Medium,2,Kiosk,DIST_W_02,Moderate
OUT_00504,2023-10,48.82705670489965,1,Medium,2,Kiosk,DIST_W_02,Moderate
OUT_00504,2023-11,32.03809001726803,1,Medium,2,Kiosk,DIST_W_02,Moderate
OUT_00504,2023-12,212.18199758293187,2,Medium,2,Kiosk,DIST_W_02,Favorable
OUT_00504,2024-01,196.30578339045653,2,Medium,2,Kiosk,DIST_W_02,Moderate
OUT_00504,2024-02,88.9147024561503,3,Medium,2,Kiosk,DIST_W_02,Moderate
OUT_00504,2024-03,174.23030386343234,3,Medium,2,Kiosk,DIST_W_02,Moderate
OUT_00504,2024-04,46.33767226338207,7,Medium,2,Kiosk,DIST_W_02,Favorable
OUT_00504,2024-08,47.65757736304258,1,Medium,2,Kiosk,DIST_W_02,Moderate
OUT_00504,2024-09,91.18109323503045,2,Medium,2,Kiosk,DIST_W_02,Moderate
OUT_00504,2025-02,196.36037862595828,2,Medium,2,Kiosk,DIST_W_02,Moderate
OUT_00504,2025-04,210.0374144554034,5,Medium,2,Kiosk,DIST_W_02,Favorable
OUT_00504,2025-05,107.5487558472447,3,Medium,2,Kiosk,DIST_W_02,Un-Favorable
OUT_00504,2025-06,116.76332438724648,1,Medium,2,Kiosk,DIST_W_02,Un-Favorable
OUT_00504,2025-08,221.33941355207395,1,Medium,2,Kiosk,DIST_W_02,Moderate
OUT_00504,2025-10,161.526967089736,1,Medium,2,Kiosk,DIST_W_02,Moderate
OUT_00504,2025-11,239.50609383672648,1,Medium,2,Kiosk,DIST_W_02,Moderate
OUT_00504,2025-12,14.596905475292573,2,Medium,2,Kiosk,DIST_W_02,Favorable
OUT_00551,2023-02,326.2645221576873,3,Large,4,Grocery,DIST_W_03,Moderate
OUT_00551,2023-03,647.1375630044992,1,Large,4,Grocery,DIST_W_03,Moderate
OUT_00551,2023-04,919.1837208298914,4,Large,4,Grocery,DIST_W_03,Favorable
OUT_00551,2023-05,160.3893441205177,4,Large,4,Grocery,DIST_W_03,Un-Favorable
OUT_00551,2023-06,374.7586370945903,1,Large,4,Grocery,DIST_W_03,Un-Favorable
OUT_00551,2023-07,265.6675382193556,1,Large,4,Grocery,DIST_W_03,Moderate
OUT_00551,2023-09,526.9914226032955,2,Large,4,Grocery,DIST_W_03,Moderate
OUT_00551,2023-10,539.2210468193255,1,Large,4,Grocery,DIST_W_03,Moderate
OUT_00551,2023-12,894.9133051212646,2,Large,4,Grocery,DIST_W_03,Favorable
OUT_00551,2024-01,326.4211556714587,2,Large,4,Grocery,DIST_W_03,Moderate
OUT_00551,2024-02,621.8988532681335,3,Large,4,Grocery,DIST_W_03,Moderate
OUT_00551,2024-03,612.6580386375297,3,Large,4,Grocery,DIST_W_03,Moderate
OUT_00551,2024-04,920.0448477732338,7,Large,4,Grocery,DIST_W_03,Favorable
OUT_00551,2024-05,426.1224347107849,3,Large,4,Grocery,DIST_W_03,Un-Favorable
OUT_00551,2024-07,649.7551898508633,1,Large,4,Grocery,DIST_W_03,Moderate
OUT_00551,2024-08,201.72039464241567,1,Large,4,Grocery,DIST_W_03,Moderate
OUT_00551,2024-10,656.2058560892765,2,Large,4,Grocery,DIST_W_03,Moderate
OUT_00551,2024-11,525.9150942529828,1,Large,4,Grocery,DIST_W_03,Moderate
OUT_00551,2024-12,856.8843216501722,2,Large,4,Grocery,DIST_W_03,Favorable
OUT_00551,2025-01,357.7198540121205,2,Large,4,Grocery,DIST_W_03,Moderate
OUT_00551,2025-02,570.1966327592983,2,Large,4,Grocery,DIST_W_03,Moderate
OUT_00551,2025-04,952.7129272570136,5,Large,4,Grocery,DIST_W_03,Favorable
OUT_00551,2025-05,401.92533287085774,3,Large,4,Grocery,DIST_W_03,Un-Favorable
OUT_00551,2025-06,413.08023666491647,1,Large,4,Grocery,DIST_W_03,Un-Favorable
OUT_00551,2025-07,605.6150074339275,1,Large,4,Grocery,DIST_W_03,Moderate
OUT_00551,2025-09,454.1383504982595,2,Large,4,Grocery,DIST_W_03,Moderate
OUT_00551,2025-10,255.3377283824828,1,Large,4,Grocery,DIST_W_03,Moderate
OUT_00551,2025-11,635.8833692406943,1,Large,4,Grocery,DIST_W_03,Moderate
OUT_00551,2025-12,440.1253134446805,2,Large,4,Grocery,DIST_W_03,Favorable
OUT_00579,2023-01,1343.3049929119054,3,Extra Large,2,Bakery,DIST_W_01,Moderate
OUT_00579,2023-02,1292.1240302321685,3,Extra Large,2,Bakery,DIST_W_01,Moderate
OUT_00579,2023-03,1347.3339389449857,1,Extra Large,2,Bakery,DIST_W_01,Moderate
OUT_00579,2023-04,1859.249846576652,4,Extra Large,2,Bakery,DIST_W_01,Favorable
OUT_00579,2023-05,851.6256938820968,4,Extra Large,2,Bakery,DIST_W_01,Un-Favorable
OUT_00579,2023-06,846.9946808318933,1,Extra Large,2,Bakery,DIST_W_01,Un-Favorable
OUT_00579,2023-08,1337.4500618371612,2,Extra Large,2,Bakery,DIST_W_01,Moderate
OUT_00579,2023-10,1245.4764600771318,1,Extra Large,2,Bakery,DIST_W_01,Moderate
OUT_00579,2023-11,1292.3592372053197,1,Extra Large,2,Bakery,DIST_W_01,Moderate
OUT_00579,2023-12,1940.729343161293,2,Extra Large,2,Bakery,DIST_W_01,Favorable
OUT_00579,2024-01,1297.8325083985264,2,Extra Large,2,Bakery,DIST_W_01,Moderate
OUT_00579,2024-03,1320.5538336055251,3,Extra Large,2,Bakery,DIST_W_01,Moderate
OUT_00579,2024-04,1938.1813839097288,7,Extra Large,2,Bakery,DIST_W_01,Favorable
OUT_00579,2024-07,1347.068591000073,1,Extra Large,2,Bakery,DIST_W_01,Moderate
OUT_00579,2024-08,1307.2625826880155,1,Extra Large,2,Bakery,DIST_W_01,Moderate
OUT_00579,2024-09,1347.703215029749,2,Extra Large,2,Bakery,DIST_W_01,Moderate
OUT_00579,2024-10,1308.4392258257258,2,Extra Large,2,Bakery,DIST_W_01,Moderate
OUT_00579,2024-11,1314.5235929329274,1,Extra Large,2,Bakery,DIST_W_01,Moderate
OUT_00579,2024-12,1895.8879261969648,2,Extra Large,2,Bakery,DIST_W_01,Favorable
OUT_00579,2025-01,1351.1717970056336,2,Extra Large,2,Bakery,DIST_W_01,Moderate
OUT_00579,2025-02,1346.318151702215,2,Extra Large,2,Bakery,DIST_W_01,Moderate
OUT_00579,2025-03,1227.1081968758408,1,Extra Large,2,Bakery,DIST_W_01,Moderate
OUT_00579,2025-04,2073.4261214686235,5,Extra Large,2,Bakery,DIST_W_01,Favorable
OUT_00579,2025-05,837.8387698889255,3,Extra Large,2,Bakery,DIST_W_01,Un-Favorable
OUT_00579,2025-07,1396.9192051565444,1,Extra Large,2,Bakery,DIST_W_01,Moderate
OUT_00579,2025-08,1340.111271783048,1,Extra Large,2,Bakery,DIST_W_01,Moderate
OUT_00579,2025-09,1433.9011549127842,2,Extra Large,2,Bakery,DIST_W_01,Moderate
OUT_00579,2025-10,1368.7456404476188,1,Extra Large,2,Bakery,DIST_W_01,Moderate
OUT_00579,2025-11,1278.0692086214372,1,Extra Large,2,Bakery,DIST_W_01,Moderate
OUT_00579,2025-12,1943.32393330772,2,Extra Large,2,Bakery,DIST_W_01,Favorable
OUT_00589,2023-01,594.0963085621499,3,Large,3,SMMT,DIST_W_03,Moderate
OUT_00589,2023-03,614.4710560684563,1,Large,3,SMMT,DIST_W_03,Moderate
OUT_00589,2023-04,997.0841399299026,4,Large,3,SMMT,DIST_W_03,Favorable
OUT_00589,2023-05,443.9675309368331,4,Large,3,SMMT,DIST_W_03,Un-Favorable
OUT_00589,2023-06,302.3475323018708,1,Large,3,SMMT,DIST_W_03,Un-Favorable
OUT_00589,2023-07,306.10482055983545,1,Large,3,SMMT,DIST_W_03,Moderate
OUT_00589,2023-08,464.9542245071148,2,Large,3,SMMT,DIST_W_03,Moderate
OUT_00589,2023-09,568.6709980804911,2,Large,3,SMMT,DIST_W_03,Moderate
OUT_00589,2023-10,689.4965283486333,1,Large,3,SMMT,DIST_W_03,Moderate
OUT_00589,2023-11,477.5117436257992,1,Large,3,SMMT,DIST_W_03,Moderate
OUT_00589,2023-12,907.3007005444672,2,Large,3,SMMT,DIST_W_03,Favorable
OUT_00589,2024-01,979.6207099121784,2,Large,3,SMMT,DIST_W_03,Moderate
OUT_00589,2024-02,469.53293786106303,3,Large,3,SMMT,DIST_W_03,Moderate
OUT_00589,2024-03,673.8194629223952,3,Large,3,SMMT,DIST_W_03,Moderate
OUT_00589,2024-04,957.815127464015,7,Large,3,SMMT,DIST_W_03,Favorable
OUT_00589,2024-05,346.3490694476924,3,Large,3,SMMT,DIST_W_03,Un-Favorable
OUT_00589,2024-06,269.1810911487768,2,Large,3,SMMT,DIST_W_03,Un-Favorable
OUT_00589,2024-08,544.5359901858878,1,Large,3,SMMT,DIST_W_03,Moderate
OUT_00589,2024-09,270.04465976980185,2,Large,3,SMMT,DIST_W_03,Moderate
OUT_00589,2024-10,471.3900625505413,2,Large,3,SMMT,DIST_W_03,Moderate
OUT_00589,2024-11,503.7985484665675,1,Large,3,SMMT,DIST_W_03,Moderate
OUT_00589,2024-12,828.48560064982,2,Large,3,SMMT,DIST_W_03,Favorable
OUT_00589,2025-01,309.3542815770868,2,Large,3,SMMT,DIST_W_03,Moderate
OUT_00589,2025-02,686.5387298896321,2,Large,3,SMMT,DIST_W_03,Moderate
OUT_00589,2025-03,579.2881174022401,1,Large,3,SMMT,DIST_W_03,Moderate
OUT_00589,2025-04,838.1578541745754,5,Large,3,SMMT,DIST_W_03,Favorable
OUT_00589,2025-05,381.7262082206356,3,Large,3,SMMT,DIST_W_03,Un-Favorable
OUT_00589,2025-06,183.7922431264704,1,Large,3,SMMT,DIST_W_03,Un-Favorable
OUT_00589,2025-07,506.44975448789626,1,Large,3,SMMT,DIST_W_03,Moderate
OUT_00589,2025-08,542.5148950257085,1,Large,3,SMMT,DIST_W_03,Moderate
OUT_00589,2025-09,606.9397432245582,2,Large,3,SMMT,DIST_W_03,Moderate
OUT_00589,2025-11,283.0504466594855,1,Large,3,SMMT,DIST_W_03,Moderate
OUT_00589,2025-12,884.4642655194342,2,Large,3,SMMT,DIST_W_03,Favorable
OUT_00604,2023-01,94.45104476870104,3,Medium,1,Bakery,DIST_W_02,Moderate
OUT_00604,2023-02,46.85003406935472,3,Medium,1,Bakery,DIST_W_02,Moderate
OUT_00604,2023-03,228.8183847064353,1,Medium,1,Bakery,DIST_W_02,Moderate
OUT_00604,2023-04,104.7069980422958,4,Medium,1,Bakery,DIST_W_02,Favorable
OUT_00604,2023-05,13.374650113739072,4,Medium,1,Bakery,DIST_W_02,Un-Favorable
OUT_00604,2023-06,136.73341941818566,1,Medium,1,Bakery,DIST_W_02,Un-Favorable
OUT_00604,2023-07,77.03387196193628,1,Medium,1,Bakery,DIST_W_02,Moderate
OUT_00604,2023-09,33.22529574092336,2,Medium,1,Bakery,DIST_W_02,Moderate
OUT_00604,2023-10,233.5558112453921,1,Medium,1,Bakery,DIST_W_02,Moderate
OUT_00604,2023-11,62.01665424416625,1,Medium,1,Bakery,DIST_W_02,Moderate
OUT_00604,2023-12,144.5474747478095,2,Medium,1,Bakery,DIST_W_02,Favorable
OUT_00604,2024-02,37.12337241983087,3,Medium,1,Bakery,DIST_W_02,Moderate
OUT_00604,2024-05,134.2434066913965,3,Medium,1,Bakery,DIST_W_02,Un-Favorable
OUT_00604,2024-06,64.24316889067505,2,Medium,1,Bakery,DIST_W_02,Un-Favorable
OUT_00604,2024-07,62.52275094718086,1,Medium,1,Bakery,DIST_W_02,Moderate
OUT_00604,2024-08,135.31410177058223,1,Medium,1,Bakery,DIST_W_02,Moderate
OUT_00604,2024-10,172.89590542283187,2,Medium,1,Bakery,DIST_W_02,Moderate
OUT_00604,2024-12,151.15903799549585,2,Medium,1,Bakery,DIST_W_02,Favorable
OUT_00604,2025-01,171.68840495943894,2,Medium,1,Bakery,DIST_W_02,Moderate
OUT_00604,2025-02,23.050385248079387,2,Medium,1,Bakery,DIST_W_02,Moderate
OUT_00604,2025-03,246.3361625200857,1,Medium,1,Bakery,DIST_W_02,Moderate
OUT_00604,2025-04,329.3010405380068,5,Medium,1,Bakery,DIST_W_02,Favorable
OUT_00604,2025-05,42.93063765187081,3,Medium,1,Bakery,DIST_W_02,Un-Favorable
OUT_00604,2025-06,35.97441746325479,1,Medium,1,Bakery,DIST_W_02,Un-Favorable
OUT_00604,2025-07,284.95352982969115,1,Medium,1,Bakery,DIST_W_02,Moderate
OUT_00604,2025-09,205.5358539187455,2,Medium,1,Bakery,DIST_W_02,Moderate
OUT_00604,2025-10,161.10366199614387,1,Medium,1,Bakery,DIST_W_02,Moderate
OUT_00604,2025-12,233.5407136648197,2,Medium,1,Bakery,DIST_W_02,Favorable
OUT_00634,2023-01,59.38082271210797,3,Medium,1,Eatery,DIST_W_01,Moderate
OUT_00634,2023-04,249.2901242955721,4,Medium,1,Eatery,DIST_W_01,Favorable
OUT_00634,2023-05,142.33386203897908,4,Medium,1,Eatery,DIST_W_01,Un-Favorable
OUT_00634,2023-06,133.58534717891055,1,Medium,1,Eatery,DIST_W_01,Un-Favorable
OUT_00634,2023-07,42.01598486976924,1,Medium,1,Eatery,DIST_W_01,Moderate
OUT_00634,2023-08,87.0221409219776,2,Medium,1,Eatery,DIST_W_01,Moderate
OUT_00634,2023-11,194.7361876819069,1,Medium,1,Eatery,DIST_W_01,Moderate
OUT_00634,2023-12,297.3670464564932,2,Medium,1,Eatery,DIST_W_01,Favorable
OUT_00634,2024-01,135.150463277597,2,Medium,1,Eatery,DIST_W_01,Moderate
OUT_00634,2024-02,232.75521199078048,3,Medium,1,Eatery,DIST_W_01,Moderate
OUT_00634,2024-03,60.91573054686524,3,Medium,1,Eatery,DIST_W_01,Moderate
OUT_00634,2024-04,249.33755231017489,7,Medium,1,Eatery,DIST_W_01,Favorable
OUT_00634,2024-05,43.1992847363024,3,Medium,1,Eatery,DIST_W_01,Un-Favorable
OUT_00634,2024-07,108.11338160825318,1,Medium,1,Eatery,DIST_W_01,Moderate
OUT_00634,2024-08,153.40964345841422,1,Medium,1,Eatery,DIST_W_01,Moderate
OUT_00634,2024-09,120.18651160722116,2,Medium,1,Eatery,DIST_W_01,Moderate
OUT_00634,2024-10,209.7026895906962,2,Medium,1,Eatery,DIST_W_01,Moderate
OUT_00634,2024-12,333.75470123909605,2,Medium,1,Eatery,DIST_W_01,Favorable
OUT_00634,2025-01,48.25760831261864,2,Medium,1,Eatery,DIST_W_01,Moderate
OUT_00634,2025-02,61.64415217040956,2,Medium,1,Eatery,DIST_W_01,Moderate
OUT_00634,2025-03,198.77472007480264,1,Medium,1,Eatery,DIST_W_01,Moderate
OUT_00634,2025-04,323.8672336447077,5,Medium,1,Eatery,DIST_W_01,Favorable
OUT_00634,2025-05,113.05318474726948,3,Medium,1,Eatery,DIST_W_01,Un-Favorable
OUT_00634,2025-07,38.67217444322229,1,Medium,1,Eatery,DIST_W_01,Moderate
OUT_00634,2025-09,123.26853769523976,2,Medium,1,Eatery,DIST_W_01,Moderate
OUT_00634,2025-10,181.76576792111504,1,Medium,1,Eatery,DIST_W_01,Moderate
OUT_00634,2025-11,159.56223327185415,1,Medium,1,Eatery,DIST_W_01,Moderate
OUT_00634,2025-12,169.41947507581884,2,Medium,1,Eatery,DIST_W_01,Favorable
OUT_00645,2023-01,192.14136006996813,3,Medium,1,Grocery,DIST_W_03,Moderate
OUT_00645,2023-03,68.22512522894385,1,Medium,1,Grocery,DIST_W_03,Moderate
OUT_00645,2023-04,131.0111341446178,4,Medium,1,Grocery,DIST_W_03,Favorable
OUT_00645,2023-05,53.39802796199825,4,Medium,1,Grocery,DIST_W_03,Un-Favorable
OUT_00645,2023-06,66.08808433053903,1,Medium,1,Grocery,DIST_W_03,Un-Favorable
OUT_00645,2023-08,82.75969924422127,2,Medium,1,Grocery,DIST_W_03,Moderate
OUT_00645,2023-09,88.53358034619198,2,Medium,1,Grocery,DIST_W_03,Moderate
OUT_00645,2023-10,105.88035682406,1,Medium,1,Grocery,DIST_W_03,Moderate
OUT_00645,2023-12,99.355997905619,2,Medium,1,Grocery,DIST_W_03,Favorable
OUT_00645,2024-03,163.27652868877135,3,Medium,1,Grocery,DIST_W_03,Moderate
OUT_00645,2024-04,94.31645764655848,7,Medium,1,Grocery,DIST_W_03,Favorable
OUT_00645,2024-05,126.9259067123597,3,Medium,1,Grocery,DIST_W_03,Un-Favorable
OUT_00645,2024-07,120.62698077203116,1,Medium,1,Grocery,DIST_W_03,Moderate
OUT_00645,2024-08,57.01569084733092,1,Medium,1,Grocery,DIST_W_03,Moderate
OUT_00645,2024-11,192.47137201490585,1,Medium,1,Grocery,DIST_W_03,Moderate
OUT_00645,2025-01,171.19151601614877,2,Medium,1,Grocery,DIST_W_03,Moderate
OUT_00645,2025-03,185.441072154619,1,Medium,1,Grocery,DIST_W_03,Moderate
OUT_00645,2025-04,238.6154388861591,5,Medium,1,Grocery,DIST_W_03,Favorable
OUT_00645,2025-05,139.0280999245673,3,Medium,1,Grocery,DIST_W_03,Un-Favorable
OUT_00645,2025-06,130.16150749451947,1,Medium,1,Grocery,DIST_W_03,Un-Favorable
OUT_00645,2025-07,39.41384128646602,1,Medium,1,Grocery,DIST_W_03,Moderate
OUT_00645,2025-10,156.27353237817826,1,Medium,1,Grocery,DIST_W_03,Moderate
OUT_00645,2025-11,173.64047221353238,1,Medium,1,Grocery,DIST_W_03,Moderate
OUT_00645,2025-12,226.86220188669984,2,Medium,1,Grocery,DIST_W_03,Favorable
OUT_00664,2023-01,14.224230561833592,3,Small,0,SMMT,DIST_W_03,Moderate
OUT_00664,2023-06,11.109920976988882,1,Small,0,SMMT,DIST_W_03,Un-Favorable
OUT_00664,2023-08,4.901889127349695,2,Small,0,SMMT,DIST_W_03,Moderate
OUT_00664,2023-09,62.33403606866345,2,Small,0,SMMT,DIST_W_03,Moderate
OUT_00664,2023-11,28.411168721229465,1,Small,0,SMMT,DIST_W_03,Moderate
OUT_00664,2023-12,98.22000749739942,2,Small,0,SMMT,DIST_W_03,Favorable
OUT_00664,2024-01,88.05680033472555,2,Small,0,SMMT,DIST_W_03,Moderate
OUT_00664,2024-02,5.368026256199412,3,Small,0,SMMT,DIST_W_03,Moderate
OUT_00664,2024-03,37.4203857789422,3,Small,0,SMMT,DIST_W_03,Moderate
OUT_00664,2024-06,14.61891671739802,2,Small,0,SMMT,DIST_W_03,Un-Favorable
OUT_00664,2024-07,74.56851890603996,1,Small,0,SMMT,DIST_W_03,Moderate
OUT_00664,2024-09,72.57005085373403,2,Small,0,SMMT,DIST_W_03,Moderate
OUT_00664,2025-02,75.62750840763299,2,Small,0,SMMT,DIST_W_03,Moderate
OUT_00664,2025-04,89.96645258672189,5,Small,0,SMMT,DIST_W_03,Favorable
OUT_00664,2025-05,11.873496199208692,3,Small,0,SMMT,DIST_W_03,Un-Favorable
OUT_00664,2025-07,6.678081098496957,1,Small,0,SMMT,DIST_W_03,Moderate
OUT_00664,2025-08,19.770199581113268,1,Small,0,SMMT,DIST_W_03,Moderate
OUT_00664,2025-09,15.957859847280854,2,Small,0,SMMT,DIST_W_03,Moderate
OUT_00677,2023-01,159.7564042181009,3,Medium,2,Eatery,DIST_W_01,Moderate
OUT_00677,2023-02,62.8191506265457,3,Medium,2,Eatery,DIST_W_01,Moderate
OUT_00677,2023-03,189.65263057670813,1,Medium,2,Eatery,DIST_W_01,Moderate
OUT_00677,2023-04,263.64816784516023,4,Medium,2,Eatery,DIST_W_01,Favorable
OUT_00677,2023-05,130.83192357676364,4,Medium,2,Eatery,DIST_W_01,Un-Favorable
OUT_00677,2023-06,110.84669514443272,1,Medium,2,Eatery,DIST_W_01,Un-Favorable
OUT_00677,2023-07,23.045884825150218,1,Medium,2,Eatery,DIST_W_01,Moderate
OUT_00677,2023-09,53.11740128719327,2,Medium,2,Eatery,DIST_W_01,Moderate
OUT_00677,2023-10,216.2490938925108,1,Medium,2,Eatery,DIST_W_01,Moderate
OUT_00677,2023-11,167.38462100064103,1,Medium,2,Eatery,DIST_W_01,Moderate
OUT_00677,2024-03,171.4824343024518,3,Medium,2,Eatery,DIST_W_01,Moderate
OUT_00677,2024-04,138.32974251278685,7,Medium,2,Eatery,DIST_W_01,Favorable
OUT_00677,2024-05,34.71550219563401,3,Medium,2,Eatery,DIST_W_01,Un-Favorable
OUT_00677,2024-06,107.86766513255851,2,Medium,2,Eatery,DIST_W_01,Un-Favorable
OUT_00677,2024-07,221.2407305745232,1,Medium,2,Eatery,DIST_W_01,Moderate
OUT_00677,2024-08,232.57467752218264,1,Medium,2,Eatery,DIST_W_01,Moderate
OUT_00677,2024-09,100.20711834168912,2,Medium,2,Eatery,DIST_W_01,Moderate
OUT_00677,2024-12,330.9621782993864,2,Medium,2,Eatery,DIST_W_01,Favorable
OUT_00677,2025-01,84.12140083324688,2,Medium,2,Eatery,DIST_W_01,Moderate
OUT_00677,2025-02,175.27890435872504,2,Medium,2,Eatery,DIST_W_01,Moderate
OUT_00677,2025-03,30.744223722925373,1,Medium,2,Eatery,DIST_W_01,Moderate
OUT_00677,2025-04,263.46500989701553,5,Medium,2,Eatery,DIST_W_01,Favorable
OUT_00677,2025-05,119.0471342075093,3,Medium,2,Eatery,DIST_W_01,Un-Favorable
OUT_00677,2025-06,149.034793208338,1,Medium,2,Eatery,DIST_W_01,Un-Favorable
OUT_00677,2025-07,186.28435473300587,1,Medium,2,Eatery,DIST_W_01,Moderate
OUT_00677,2025-08,141.63247194213358,1,Medium,2,Eatery,DIST_W_01,Moderate
OUT_00677,2025-09,87.95070421741235,2,Medium,2,Eatery,DIST_W_01,Moderate
OUT_00677,2025-10,67.32118680151157,1,Medium,2,Eatery,DIST_W_01,Moderate
OUT_00677,2025-11,196.21396958150888,1,Medium,2,Eatery,DIST_W_01,Moderate
OUT_00677,2025-12,164.95503581027396,2,Medium,2,Eatery,DIST_W_01,Favorable
OUT_00682,2023-01,11.859393594030749,3,Small,0,Kiosk,DIST_W_01,Moderate
OUT_00682,2023-03,25.155695332306227,1,Small,0,Kiosk,DIST_W_01,Moderate
OUT_00682,2023-04,108.46933347162374,4,Small,0,Kiosk,DIST_W_01,Favorable
OUT_00682,2023-06,46.62047849236298,1,Small,0,Kiosk,DIST_W_01,Un-Favorable
OUT_00682,2023-07,56.28651172731243,1,Small,0,Kiosk,DIST_W_01,Moderate
OUT_00682,2023-09,27.63077959105321,2,Small,0,Kiosk,DIST_W_01,Moderate
OUT_00682,2024-07,23.40862612580138,1,Small,0,Kiosk,DIST_W_01,Moderate
OUT_00682,2024-11,6.760947865871848,1,Small,0,Kiosk,DIST_W_01,Moderate
OUT_00682,2024-12,101.16178621660744,2,Small,0,Kiosk,DIST_W_01,Favorable
OUT_00682,2025-01,21.85533297163618,2,Small,0,Kiosk,DIST_W_01,Moderate
OUT_00682,2025-08,81.29763735344338,1,Small,0,Kiosk,DIST_W_01,Moderate
OUT_00682,2025-09,33.60337295281727,2,Small,0,Kiosk,DIST_W_01,Moderate
OUT_00682,2025-10,23.15234704400753,1,Small,0,Kiosk,DIST_W_01,Moderate
OUT_00682,2025-11,71.99127685969552,1,Small,0,Kiosk,DIST_W_01,Moderate
OUT_00694,2023-01,589.3346409218047,3,Large,2,Hotel,DIST_W_03,Moderate
OUT_00694,2023-02,593.965045916966,3,Large,2,Hotel,DIST_W_03,Moderate
OUT_00694,2023-03,633.1382507766228,1,Large,2,Hotel,DIST_W_03,Moderate
OUT_00694,2023-04,911.386327150524,4,Large,2,Hotel,DIST_W_03,Favorable
OUT_00694,2023-05,369.4154172128872,4,Large,2,Hotel,DIST_W_03,Un-Favorable
OUT_00694,2023-06,163.9152196677391,1,Large,2,Hotel,DIST_W_03,Un-Favorable
OUT_00694,2023-07,288.4800571503179,1,Large,2,Hotel,DIST_W_03,Moderate
OUT_00694,2023-08,183.07732610654955,2,Large,2,Hotel,DIST_W_03,Moderate
OUT_00694,2023-10,211.9192609007476,1,Large,2,Hotel,DIST_W_03,Moderate
OUT_00694,2023-11,595.068205530408,1,Large,2,Hotel,DIST_W_03,Moderate
OUT_00694,2023-12,849.6279516304851,2,Large,2,Hotel,DIST_W_03,Favorable
OUT_00694,2024-01,623.9344284324276,2,Large,2,Hotel,DIST_W_03,Moderate
OUT_00694,2024-03,680.4609070260622,3,Large,2,Hotel,DIST_W_03,Moderate
OUT_00694,2024-04,921.3044652895976,7,Large,2,Hotel,DIST_W_03,Favorable
OUT_00694,2024-05,189.16192561449253,3,Large,2,Hotel,DIST_W_03,Un-Favorable
OUT_00694,2024-06,368.4558027741188,2,Large,2,Hotel,DIST_W_03,Un-Favorable
OUT_00694,2024-07,261.9679289592285,1,Large,2,Hotel,DIST_W_03,Moderate
OUT_00694,2024-08,621.2275754910129,1,Large,2,Hotel,DIST_W_03,Moderate
OUT_00694,2024-09,527.5461372856336,2,Large,2,Hotel,DIST_W_03,Moderate
OUT_00694,2024-10,612.0164616509588,2,Large,2,Hotel,DIST_W_03,Moderate
OUT_00694,2024-11,656.0827193095311,1,Large,2,Hotel,DIST_W_03,Moderate
OUT_00694,2024-12,930.8094743101065,2,Large,2,Hotel,DIST_W_03,Favorable
OUT_00694,2025-01,578.3464096981475,2,Large,2,Hotel,DIST_W_03,Moderate
OUT_00694,2025-02,607.1072944899128,2,Large,2,Hotel,DIST_W_03,Moderate
OUT_00694,2025-03,709.8603778110986,1,Large,2,Hotel,DIST_W_03,Moderate
OUT_00694,2025-04,967.1529988915922,5,Large,2,Hotel,DIST_W_03,Favorable
OUT_00694,2025-05,350.2644143562555,3,Large,2,Hotel,DIST_W_03,Un-Favorable
OUT_00694,2025-06,354.45354375309495,1,Large,2,Hotel,DIST_W_03,Un-Favorable
OUT_00694,2025-07,601.9108426919618,1,Large,2,Hotel,DIST_W_03,Moderate
OUT_00694,2025-08,649.1306247527154,1,Large,2,Hotel,DIST_W_03,Moderate
OUT_00694,2025-09,590.8950406847865,2,Large,2,Hotel,DIST_W_03,Moderate
OUT_00694,2025-10,593.678928973684,1,Large,2,Hotel,DIST_W_03,Moderate
OUT_00694,2025-11,459.2739443121704,1,Large,2,Hotel,DIST_W_03,Moderate
OUT_00694,2025-12,951.9786188168964,2,Large,2,Hotel,DIST_W_03,Favorable
OUT_00741,2023-01,77.92829757195392,3,Small,0,Pharmacy,DIST_W_03,Moderate
OUT_00741,2023-03,5.626205316742817,1,Small,0,Pharmacy,DIST_W_03,Moderate
OUT_00741,2023-06,8.689771369019406,1,Small,0,Pharmacy,DIST_W_03,Un-Favorable
OUT_00741,2023-07,17.833026966133186,1,Small,0,Pharmacy,DIST_W_03,Moderate
OUT_00741,2023-10,68.29977555552756,1,Small,0,Pharmacy,DIST_W_03,Moderate
OUT_00741,2023-12,123.0852387714646,2,Small,0,Pharmacy,DIST_W_03,Favorable
OUT_00741,2024-02,39.8999415981312,3,Small,0,Pharmacy,DIST_W_03,Moderate
OUT_00741,2024-04,119.98682606595084,7,Small,0,Pharmacy,DIST_W_03,Favorable
OUT_00741,2024-06,71.81566686287367,2,Small,0,Pharmacy,DIST_W_03,Un-Favorable
OUT_00741,2024-11,23.57814693613319,1,Small,0,Pharmacy,DIST_W_03,Moderate
OUT_00741,2024-12,139.4092751023427,2,Small,0,Pharmacy,DIST_W_03,Favorable
OUT_00741,2025-01,29.245082695208485,2,Small,0,Pharmacy,DIST_W_03,Moderate
OUT_00741,2025-02,29.10180433634092,2,Small,0,Pharmacy,DIST_W_03,Moderate
OUT_00741,2025-03,17.55896312917431,1,Small,0,Pharmacy,DIST_W_03,Moderate
OUT_00741,2025-05,56.96123982172258,3,Small,0,Pharmacy,DIST_W_03,Un-Favorable
OUT_00741,2025-07,78.1402243750078,1,Small,0,Pharmacy,DIST_W_03,Moderate
OUT_00741,2025-10,69.55063185270924,1,Small,0,Pharmacy,DIST_W_03,Moderate
OUT_00741,2025-11,41.65323062127296,1,Small,0,Pharmacy,DIST_W_03,Moderate
OUT_00741,2025-12,98.33452944424889,2,Small,0,Pharmacy,DIST_W_03,Favorable
OUT_00756,2023-02,178.19191368465488,3,Medium,2,Eatery,DIST_W_01,Moderate
OUT_00756,2023-04,66.32864515077017,4,Medium,2,Eatery,DIST_W_01,Favorable
OUT_00756,2023-05,50.8737527868977,4,Medium,2,Eatery,DIST_W_01,Un-Favorable
OUT_00756,2023-07,199.00415682443932,1,Medium,2,Eatery,DIST_W_01,Moderate
OUT_00756,2023-08,36.81929563833617,2,Medium,2,Eatery,DIST_W_01,Moderate
OUT_00756,2023-09,81.56506891477781,2,Medium,2,Eatery,DIST_W_01,Moderate
OUT_00756,2024-01,79.47451813214911,2,Medium,2,Eatery,DIST_W_01,Moderate
OUT_00756,2024-02,102.56482749547348,3,Medium,2,Eatery,DIST_W_01,Moderate
OUT_00756,2024-03,152.0983152291571,3,Medium,2,Eatery,DIST_W_01,Moderate
OUT_00756,2024-04,119.23728025811953,7,Medium,2,Eatery,DIST_W_01,Favorable
OUT_00756,2024-06,31.14415758460316,2,Medium,2,Eatery,DIST_W_01,Un-Favorable
OUT_00756,2024-07,176.8327934268538,1,Medium,2,Eatery,DIST_W_01,Moderate
OUT_00756,2024-09,54.14275530993668,2,Medium,2,Eatery,DIST_W_01,Moderate
OUT_00756,2024-10,143.93812431988636,2,Medium,2,Eatery,DIST_W_01,Moderate
OUT_00756,2024-11,167.92291455375923,1,Medium,2,Eatery,DIST_W_01,Moderate
OUT_00756,2025-01,164.4591298395597,2,Medium,2,Eatery,DIST_W_01,Moderate
OUT_00756,2025-02,52.693947319300015,2,Medium,2,Eatery,DIST_W_01,Moderate
OUT_00756,2025-04,48.55727017628006,5,Medium,2,Eatery,DIST_W_01,Favorable
OUT_00756,2025-05,122.41525218229616,3,Medium,2,Eatery,DIST_W_01,Un-Favorable
OUT_00756,2025-06,64.17242230009786,1,Medium,2,Eatery,DIST_W_01,Un-Favorable
OUT_00756,2025-07,158.1343895580508,1,Medium,2,Eatery,DIST_W_01,Moderate
OUT_00756,2025-08,200.22919130838267,1,Medium,2,Eatery,DIST_W_01,Moderate
OUT_00756,2025-11,79.34162930031107,1,Medium,2,Eatery,DIST_W_01,Moderate
OUT_00756,2025-12,42.07753126446639,2,Medium,2,Eatery,DIST_W_01,Favorable
OUT_00762,2023-01,5.946478021385,3,Small,0,Grocery,DIST_W_03,Moderate
OUT_00762,2023-04,40.15807602643179,4,Small,0,Grocery,DIST_W_03,Favorable
OUT_00762,2023-06,18.948082184460336,1,Small,0,Grocery,DIST_W_03,Un-Favorable
OUT_00762,2023-08,51.25616776516642,2,Small,0,Grocery,DIST_W_03,Moderate
OUT_00762,2023-09,5.972720426983208,2,Small,0,Grocery,DIST_W_03,Moderate
OUT_00762,2024-06,8.73130828178536,2,Small,0,Grocery,DIST_W_03,Un-Favorable
OUT_00762,2024-08,90.60201928808928,1,Small,0,Grocery,DIST_W_03,Moderate
OUT_00762,2024-11,69.50179636306358,1,Small,0,Grocery,DIST_W_03,Moderate
OUT_00762,2025-01,106.64676283628695,2,Small,0,Grocery,DIST_W_03,Moderate
OUT_00762,2025-02,30.64241369399824,2,Small,0,Grocery,DIST_W_03,Moderate
OUT_00762,2025-04,60.86847697889302,5,Small,0,Grocery,DIST_W_03,Favorable
OUT_00762,2025-05,21.06134023271976,3,Small,0,Grocery,DIST_W_03,Un-Favorable
OUT_00762,2025-06,40.187443955477335,1,Small,0,Grocery,DIST_W_03,Un-Favorable
OUT_00762,2025-10,98.9965938870818,1,Small,0,Grocery,DIST_W_03,Moderate
OUT_00764,2023-01,186.2440460024141,3,Medium,1,Bakery,DIST_W_03,Moderate
OUT_00764,2023-02,213.2992649645748,3,Medium,1,Bakery,DIST_W_03,Moderate
OUT_00764,2023-06,10.501146849518417,1,Medium,1,Bakery,DIST_W_03,Un-Favorable
OUT_00764,2023-07,55.18745566493131,1,Medium,1,Bakery,DIST_W_03,Moderate
OUT_00764,2023-08,167.8477813289397,2,Medium,1,Bakery,DIST_W_03,Moderate
OUT_00764,2023-11,70.63990033389712,1,Medium,1,Bakery,DIST_W_03,Moderate
OUT_00764,2023-12,293.1219087903557,2,Medium,1,Bakery,DIST_W_03,Favorable
OUT_00764,2024-02,89.70521089255247,3,Medium,1,Bakery,DIST_W_03,Moderate
OUT_00764,2024-03,216.69213427724503,3,Medium,1,Bakery,DIST_W_03,Moderate
OUT_00764,2024-04,331.88862226915035,7,Medium,1,Bakery,DIST_W_03,Favorable
OUT_00764,2024-05,26.49207581414176,3,Medium,1,Bakery,DIST_W_03,Un-Favorable
OUT_00764,2024-07,166.56276364527776,1,Medium,1,Bakery,DIST_W_03,Moderate
OUT_00764,2024-08,193.54320580330327,1,Medium,1,Bakery,DIST_W_03,Moderate
OUT_00764,2024-10,69.15337263307862,2,Medium,1,Bakery,DIST_W_03,Moderate
OUT_00764,2024-11,203.7320436791684,1,Medium,1,Bakery,DIST_W_03,Moderate
OUT_00764,2024-12,288.91873859419616,2,Medium,1,Bakery,DIST_W_03,Favorable
OUT_00764,2025-01,71.61812891627527,2,Medium,1,Bakery,DIST_W_03,Moderate
OUT_00764,2025-02,174.1062505744082,2,Medium,1,Bakery,DIST_W_03,Moderate
OUT_00764,2025-03,182.48613662295185,1,Medium,1,Bakery,DIST_W_03,Moderate
OUT_00764,2025-04,212.7771748502612,5,Medium,1,Bakery,DIST_W_03,Favorable
OUT_00764,2025-05,42.97215531514772,3,Medium,1,Bakery,DIST_W_03,Un-Favorable
OUT_00764,2025-06,151.71570914323658,1,Medium,1,Bakery,DIST_W_03,Un-Favorable
OUT_00764,2025-07,76.52860350555133,1,Medium,1,Bakery,DIST_W_03,Moderate
OUT_00764,2025-08,227.1894870047881,1,Medium,1,Bakery,DIST_W_03,Moderate
OUT_00764,2025-09,143.84407113812415,2,Medium,1,Bakery,DIST_W_03,Moderate
OUT_00764,2025-12,240.63300878947985,2,Medium,1,Bakery,DIST_W_03,Favorable
OUT_00770,2023-01,33.36814753378991,3,Small,0,Kiosk,DIST_W_02,Moderate
OUT_00770,2023-02,4.002385350660371,3,Small,0,Kiosk,DIST_W_02,Moderate
OUT_00770,2023-04,44.96108968695847,4,Small,0,Kiosk,DIST_W_02,Favorable
OUT_00770,2023-05,23.859307229633977,4,Small,0,Kiosk,DIST_W_02,Un-Favorable
OUT_00770,2023-08,70.57110374546954,2,Small,0,Kiosk,DIST_W_02,Moderate
OUT_00770,2023-09,61.614527337476034,2,Small,0,Kiosk,DIST_W_02,Moderate
OUT_00770,2024-01,5.532083199908634,2,Small,0,Kiosk,DIST_W_02,Moderate
OUT_00770,2024-06,1.9997738524063653,2,Small,0,Kiosk,DIST_W_02,Un-Favorable
OUT_00770,2024-08,13.15750756338518,1,Small,0,Kiosk,DIST_W_02,Moderate
OUT_00770,2024-10,26.578103338776344,2,Small,0,Kiosk,DIST_W_02,Moderate
OUT_00770,2024-12,49.70563300052852,2,Small,0,Kiosk,DIST_W_02,Favorable
OUT_00770,2025-01,69.69256288095615,2,Small,0,Kiosk,DIST_W_02,Moderate
OUT_00770,2025-02,19.559954607856216,2,Small,0,Kiosk,DIST_W_02,Moderate
OUT_00770,2025-08,97.46548544153688,1,Small,0,Kiosk,DIST_W_02,Moderate
OUT_00770,2025-09,28.29056030708304,2,Small,0,Kiosk,DIST_W_02,Moderate
OUT_00770,2025-10,22.88222812890068,1,Small,0,Kiosk,DIST_W_02,Moderate
OUT_00770,2025-11,31.450104797464945,1,Small,0,Kiosk,DIST_W_02,Moderate
OUT_00782,2023-07,24.628269403937523,1,small,2,Pharmacy,DIST_W_01,Moderate
OUT_00782,2023-10,24.172592627241155,1,small,2,Pharmacy,DIST_W_01,Moderate
OUT_00782,2023-11,11.48800793583063,1,small,2,Pharmacy,DIST_W_01,Moderate
OUT_00782,2024-01,100.46774791043434,2,small,2,Pharmacy,DIST_W_01,Moderate
OUT_00782,2024-03,27.05915190170599,3,small,2,Pharmacy,DIST_W_01,Moderate
OUT_00782,2024-06,2.7966337546357734,2,small,2,Pharmacy,DIST_W_01,Un-Favorable
OUT_00782,2024-07,21.295943113825835,1,small,2,Pharmacy,DIST_W_01,Moderate
OUT_00782,2024-08,25.233859720909507,1,small,2,Pharmacy,DIST_W_01,Moderate
OUT_00782,2024-10,22.322121502664825,2,small,2,Pharmacy,DIST_W_01,Moderate
OUT_00782,2024-11,89.23808540840919,1,small,2,Pharmacy,DIST_W_01,Moderate
OUT_00782,2024-12,2.8735833566575675,2,small,2,Pharmacy,DIST_W_01,Favorable
OUT_00782,2025-04,4.5829819203843885,5,small,2,Pharmacy,DIST_W_01,Favorable
OUT_00782,2025-07,18.10642282225273,1,small,2,Pharmacy,DIST_W_01,Moderate
OUT_00782,2025-08,6.663195576932977,1,small,2,Pharmacy,DIST_W_01,Moderate
OUT_00782,2025-09,11.439044457052171,2,small,2,Pharmacy,DIST_W_01,Moderate
OUT_00782,2025-10,16.19688494682352,1,small,2,Pharmacy,DIST_W_01,Moderate
OUT_00782,2025-11,20.71752938952089,1,small,2,Pharmacy,DIST_W_01,Moderate
OUT_00782,2025-12,16.667496885339997,2,small,2,Pharmacy,DIST_W_01,Favorable
OUT_00834,2023-01,112.83861338862413,3,Medium,1,Hotel,DIST_W_02,Moderate
OUT_00834,2023-03,169.32071786899198,1,Medium,1,Hotel,DIST_W_02,Moderate
OUT_00834,2023-04,267.1035804556019,4,Medium,1,Hotel,DIST_W_02,Favorable
OUT_00834,2023-06,115.5086442137896,1,Medium,1,Hotel,DIST_W_02,Un-Favorable
OUT_00834,2023-08,41.17506093944702,2,Medium,1,Hotel,DIST_W_02,Moderate
OUT_00834,2023-09,173.7631236360159,2,Medium,1,Hotel,DIST_W_02,Moderate
OUT_00834,2023-10,162.9993048923013,1,Medium,1,Hotel,DIST_W_02,Moderate
OUT_00834,2023-11,174.07795451413142,1,Medium,1,Hotel,DIST_W_02,Moderate
OUT_00834,2024-03,199.2965276169386,3,Medium,1,Hotel,DIST_W_02,Moderate
OUT_00834,2024-04,106.87734911943724,7,Medium,1,Hotel,DIST_W_02,Favorable
OUT_00834,2024-05,54.306742493818525,3,Medium,1,Hotel,DIST_W_02,Un-Favorable
OUT_00834,2024-06,123.5618969688336,2,Medium,1,Hotel,DIST_W_02,Un-Favorable
OUT_00834,2024-07,163.47327225099198,1,Medium,1,Hotel,DIST_W_02,Moderate
OUT_00834,2024-08,243.7876253603472,1,Medium,1,Hotel,DIST_W_02,Moderate
OUT_00834,2024-09,182.2262470862885,2,Medium,1,Hotel,DIST_W_02,Moderate
OUT_00834,2024-10,46.1017518709222,2,Medium,1,Hotel,DIST_W_02,Moderate
OUT_00834,2024-11,46.72911616541949,1,Medium,1,Hotel,DIST_W_02,Moderate
OUT_00834,2024-12,330.1323314731372,2,Medium,1,Hotel,DIST_W_02,Favorable
OUT_00834,2025-01,186.5222176097252,2,Medium,1,Hotel,DIST_W_02,Moderate
OUT_00834,2025-02,74.06865855673331,2,Medium,1,Hotel,DIST_W_02,Moderate
OUT_00834,2025-03,172.505582593095,1,Medium,1,Hotel,DIST_W_02,Moderate
OUT_00834,2025-04,254.2050396482313,5,Medium,1,Hotel,DIST_W_02,Favorable
OUT_00834,2025-05,135.41090988905802,3,Medium,1,Hotel,DIST_W_02,Un-Favorable
OUT_00834,2025-07,162.3320258759923,1,Medium,1,Hotel,DIST_W_02,Moderate
OUT_00834,2025-09,197.2072596373348,2,Medium,1,Hotel,DIST_W_02,Moderate
OUT_00834,2025-10,20.833462256042864,1,Medium,1,Hotel,DIST_W_02,Moderate
OUT_00834,2025-11,97.74646683134864,1,Medium,1,Hotel,DIST_W_02,Moderate
OUT_00865,2023-01,59.58376958147308,3,Medium,2,Grocery,DIST_W_03,Moderate
OUT_00865,2023-02,27.815634841039728,3,Medium,2,Grocery,DIST_W_03,Moderate
OUT_00865,2023-04,257.2570455778919,4,Medium,2,Grocery,DIST_W_03,Favorable
OUT_00865,2023-07,163.11992174644288,1,Medium,2,Grocery,DIST_W_03,Moderate
OUT_00865,2023-09,180.50413733177567,2,Medium,2,Grocery,DIST_W_03,Moderate
OUT_00865,2023-10,237.36464995053208,1,Medium,2,Grocery,DIST_W_03,Moderate
OUT_00865,2023-11,107.3959879628986,1,Medium,2,Grocery,DIST_W_03,Moderate
OUT_00865,2023-12,187.77892390541948,2,Medium,2,Grocery,DIST_W_03,Favorable
OUT_00865,2024-01,6.573099668294667,2,Medium,2,Grocery,DIST_W_03,Moderate
OUT_00865,2024-04,256.8085115216573,7,Medium,2,Grocery,DIST_W_03,Favorable
OUT_00865,2024-05,35.01440983521446,3,Medium,2,Grocery,DIST_W_03,Un-Favorable
OUT_00865,2024-06,50.16690673039607,2,Medium,2,Grocery,DIST_W_03,Un-Favorable
OUT_00865,2024-07,70.27649164866432,1,Medium,2,Grocery,DIST_W_03,Moderate
OUT_00865,2024-08,242.4486414256364,1,Medium,2,Grocery,DIST_W_03,Moderate
OUT_00865,2024-09,166.5736867820512,2,Medium,2,Grocery,DIST_W_03,Moderate
OUT_00865,2024-10,99.61626353635964,2,Medium,2,Grocery,DIST_W_03,Moderate
OUT_00865,2024-12,114.1374010859543,2,Medium,2,Grocery,DIST_W_03,Favorable
OUT_00865,2025-01,192.26943160717053,2,Medium,2,Grocery,DIST_W_03,Moderate
OUT_00865,2025-02,121.47415387231452,2,Medium,2,Grocery,DIST_W_03,Moderate
OUT_00865,2025-04,299.0616306877112,5,Medium,2,Grocery,DIST_W_03,Favorable
OUT_00865,2025-05,73.22163614107495,3,Medium,2,Grocery,DIST_W_03,Un-Favorable
OUT_00865,2025-06,96.72002527221652,1,Medium,2,Grocery,DIST_W_03,Un-Favorable
OUT_00865,2025-08,230.8527181046917,1,Medium,2,Grocery,DIST_W_03,Moderate
OUT_00865,2025-10,179.79546500508107,1,Medium,2,Grocery,DIST_W_03,Moderate
OUT_00865,2025-11,32.20650379214638,1,Medium,2,Grocery,DIST_W_03,Moderate
OUT_00865,2025-12,291.0441707530485,2,Medium,2,Grocery,DIST_W_03,Favorable
OUT_00870,2023-02,47.20257762082916,3,Medium,2,Pharmacy,DIST_W_03,Moderate
OUT_00870,2023-03,184.86142525577816,1,Medium,2,Pharmacy,DIST_W_03,Moderate
OUT_00870,2023-04,121.20770184276846,4,Medium,2,Pharmacy,DIST_W_03,Favorable
OUT_00870,2023-06,115.81817198629687,1,Medium,2,Pharmacy,DIST_W_03,Un-Favorable
OUT_00870,2023-07,256.10516562760745,1,Medium,2,Pharmacy,DIST_W_03,Moderate
OUT_00870,2023-09,194.8179033711793,2,Medium,2,Pharmacy,DIST_W_03,Moderate
OUT_00870,2023-11,51.7279352488443,1,Medium,2,Pharmacy,DIST_W_03,Moderate
OUT_00870,2024-04,146.8260433277006,7,Medium,2,Pharmacy,DIST_W_03,Favorable
OUT_00870,2024-06,44.46229335858864,2,Medium,2,Pharmacy,DIST_W_03,Un-Favorable
OUT_00870,2024-07,103.87541340288811,1,Medium,2,Pharmacy,DIST_W_03,Moderate
OUT_00870,2024-09,107.59776553140397,2,Medium,2,Pharmacy,DIST_W_03,Moderate
OUT_00870,2024-11,232.922730388632,1,Medium,2,Pharmacy,DIST_W_03,Moderate
OUT_00870,2024-12,219.37392160929264,2,Medium,2,Pharmacy,DIST_W_03,Favorable
OUT_00870,2025-01,103.94648063232076,2,Medium,2,Pharmacy,DIST_W_03,Moderate
OUT_00870,2025-03,50.43465964002608,1,Medium,2,Pharmacy,DIST_W_03,Moderate
OUT_00870,2025-04,274.5881585592141,5,Medium,2,Pharmacy,DIST_W_03,Favorable
OUT_00870,2025-05,44.930935920156,3,Medium,2,Pharmacy,DIST_W_03,Un-Favorable
OUT_00870,2025-06,124.32839455775128,1,Medium,2,Pharmacy,DIST_W_03,Un-Favorable
OUT_00870,2025-08,77.72238463533321,1,Medium,2,Pharmacy,DIST_W_03,Moderate
OUT_00870,2025-09,54.62573196021326,2,Medium,2,Pharmacy,DIST_W_03,Moderate
OUT_00870,2025-11,211.81561989748425,1,Medium,2,Pharmacy,DIST_W_03,Moderate
OUT_00905,2023-03,15.90744030696382,1,Small,0,SMMT,DIST_W_03,Moderate
OUT_00905,2023-05,8.316873884401726,4,Small,0,SMMT,DIST_W_03,Un-Favorable
OUT_00905,2023-07,37.95039516951904,1,Small,0,SMMT,DIST_W_03,Moderate
OUT_00905,2023-09,10.421302081600723,2,Small,0,SMMT,DIST_W_03,Moderate
OUT_00905,2023-11,22.350967472930225,1,Small,0,SMMT,DIST_W_03,Moderate
OUT_00905,2023-12,108.0532068696874,2,Small,0,SMMT,DIST_W_03,Favorable
OUT_00905,2024-01,65.19260848550299,2,Small,0,SMMT,DIST_W_03,Moderate
OUT_00905,2024-02,9.39213927766978,3,Small,0,SMMT,DIST_W_03,Moderate
OUT_00905,2024-03,33.19053486204714,3,Small,0,SMMT,DIST_W_03,Moderate
OUT_00905,2024-05,34.51935717022097,3,Small,0,SMMT,DIST_W_03,Un-Favorable
OUT_00905,2024-08,17.049127049418217,1,Small,0,SMMT,DIST_W_03,Moderate
OUT_00905,2025-04,16.83958272378849,5,Small,0,SMMT,DIST_W_03,Favorable
OUT_00905,2025-05,39.45604687436534,3,Small,0,SMMT,DIST_W_03,Un-Favorable
OUT_00905,2025-09,15.323232771636448,2,Small,0,SMMT,DIST_W_03,Moderate
OUT_00905,2025-12,43.43748605631751,2,Small,0,SMMT,DIST_W_03,Favorable
OUT_00909,2023-02,10.51054711881379,3,Small,0,Grocery,DIST_W_01,Moderate
OUT_00909,2023-04,26.294317824637936,4,Small,0,Grocery,DIST_W_01,Favorable
OUT_00909,2023-05,10.284834216694335,4,Small,0,Grocery,DIST_W_01,Un-Favorable
OUT_00909,2023-11,11.333508758483402,1,Small,0,Grocery,DIST_W_01,Moderate
OUT_00909,2023-12,61.34582790006377,2,Small,0,Grocery,DIST_W_01,Favorable
OUT_00909,2024-01,69.01166948500884,2,Small,0,Grocery,DIST_W_01,Moderate
OUT_00909,2024-02,11.584090985410906,3,Small,0,Grocery,DIST_W_01,Moderate
OUT_00909,2024-03,19.044991885365445,3,Small,0,Grocery,DIST_W_01,Moderate
OUT_00909,2024-05,18.75976478976837,3,Small,0,Grocery,DIST_W_01,Un-Favorable
OUT_00909,2024-06,12.78146594395147,2,Small,0,Grocery,DIST_W_01,Un-Favorable
OUT_00909,2024-07,4.711840452648376,1,Small,0,Grocery,DIST_W_01,Moderate
OUT_00909,2024-11,7.03513581022084,1,Small,0,Grocery,DIST_W_01,Moderate
OUT_00909,2025-01,24.083616138576243,2,Small,0,Grocery,DIST_W_01,Moderate
OUT_00909,2025-02,86.53060152892739,2,Small,0,Grocery,DIST_W_01,Moderate
OUT_00909,2025-04,114.29035763521122,5,Small,0,Grocery,DIST_W_01,Favorable
OUT_00909,2025-05,16.134668371022435,3,Small,0,Grocery,DIST_W_01,Un-Favorable
OUT_00909,2025-06,64.16204040956372,1,Small,0,Grocery,DIST_W_01,Un-Favorable
OUT_00909,2025-08,54.779618929326354,1,Small,0,Grocery,DIST_W_01,Moderate
OUT_00909,2025-10,25.917169264930696,1,Small,0,Grocery,DIST_W_01,Moderate
OUT_00909,2025-11,18.442368363866017,1,Small,0,Grocery,DIST_W_01,Moderate
OUT_00909,2025-12,12.89315098180058,2,Small,0,Grocery,DIST_W_01,Favorable
OUT_00913,2023-01,216.87749594350208,3,Medium,2,Eatery,DIST_W_03,Moderate
OUT_00913,2023-02,183.23037044156632,3,Medium,2,Eatery,DIST_W_03,Moderate
OUT_00913,2023-03,209.23769373583056,1,Medium,2,Eatery,DIST_W_03,Moderate
OUT_00913,2023-04,240.59504365853056,4,Medium,2,Eatery,DIST_W_03,Favorable
OUT_00913,2023-06,39.23651444389439,1,Medium,2,Eatery,DIST_W_03,Un-Favorable
OUT_00913,2023-07,184.5336757245312,1,Medium,2,Eatery,DIST_W_03,Moderate
OUT_00913,2023-09,202.7272158949128,2,Medium,2,Eatery,DIST_W_03,Moderate
OUT_00913,2023-10,254.38823752871025,1,Medium,2,Eatery,DIST_W_03,Moderate
OUT_00913,2023-11,72.62532626579048,1,Medium,2,Eatery,DIST_W_03,Moderate
OUT_00913,2023-12,70.31807117155665,2,Medium,2,Eatery,DIST_W_03,Favorable
OUT_00913,2024-01,142.51785754915474,2,Medium,2,Eatery,DIST_W_03,Moderate
OUT_00913,2024-02,35.91021609831011,3,Medium,2,Eatery,DIST_W_03,Moderate
OUT_00913,2024-03,187.04769671815097,3,Medium,2,Eatery,DIST_W_03,Moderate
OUT_00913,2024-04,78.38630769468737,7,Medium,2,Eatery,DIST_W_03,Favorable
OUT_00913,2024-05,106.00306066991756,3,Medium,2,Eatery,DIST_W_03,Un-Favorable
OUT_00913,2024-09,202.95521011004607,2,Medium,2,Eatery,DIST_W_03,Moderate
OUT_00913,2024-10,62.99183064439211,2,Medium,2,Eatery,DIST_W_03,Moderate
OUT_00913,2025-02,212.1862916875692,2,Medium,2,Eatery,DIST_W_03,Moderate
OUT_00913,2025-03,217.49823662538623,1,Medium,2,Eatery,DIST_W_03,Moderate
OUT_00913,2025-05,38.768313847385535,3,Medium,2,Eatery,DIST_W_03,Un-Favorable
OUT_00913,2025-06,131.85571182563285,1,Medium,2,Eatery,DIST_W_03,Un-Favorable
OUT_00913,2025-07,140.13573015337778,1,Medium,2,Eatery,DIST_W_03,Moderate
OUT_00913,2025-09,143.22397240083035,2,Medium,2,Eatery,DIST_W_03,Moderate
OUT_00913,2025-10,190.7430818162092,1,Medium,2,Eatery,DIST_W_03,Moderate
OUT_00913,2025-11,166.08423017782317,1,Medium,2,Eatery,DIST_W_03,Moderate
OUT_00947,2023-03,87.78209772193647,1,Small,0,SMMT,DIST_W_01,Moderate
OUT_00947,2023-05,22.17033205574233,4,Small,0,SMMT,DIST_W_01,Un-Favorable
OUT_00947,2023-06,23.091733526433785,1,Small,0,SMMT,DIST_W_01,Un-Favorable
OUT_00947,2023-07,79.77189673013754,1,Small,0,SMMT,DIST_W_01,Moderate
OUT_00947,2023-09,88.34364166255642,2,Small,0,SMMT,DIST_W_01,Moderate
OUT_00947,2024-02,32.52050277991213,3,Small,0,SMMT,DIST_W_01,Moderate
OUT_00947,2024-03,10.981232131941477,3,Small,0,SMMT,DIST_W_01,Moderate
OUT_00947,2024-07,13.669253025662249,1,Small,0,SMMT,DIST_W_01,Moderate
OUT_00947,2024-08,44.0743909903664,1,Small,0,SMMT,DIST_W_01,Moderate
OUT_00947,2024-09,9.657555478699152,2,Small,0,SMMT,DIST_W_01,Moderate
OUT_00947,2024-10,21.874128872606462,2,Small,0,SMMT,DIST_W_01,Moderate
OUT_00947,2025-01,27.96997856146365,2,Small,0,SMMT,DIST_W_01,Moderate
OUT_00947,2025-02,19.06904801548707,2,Small,0,SMMT,DIST_W_01,Moderate
OUT_00947,2025-06,7.219601867036493,1,Small,0,SMMT,DIST_W_01,Un-Favorable
OUT_00947,2025-08,98.6632168319257,1,Small,0,SMMT,DIST_W_01,Moderate
OUT_00947,2025-11,34.98653231197888,1,Small,0,SMMT,DIST_W_01,Moderate
OUT_00971,2023-03,73.4223130360404,1,Small,1,Kiosk,DIST_W_01,Moderate
OUT_00971,2023-06,16.71478149929258,1,Small,1,Kiosk,DIST_W_01,Un-Favorable
OUT_00971,2023-08,72.63686498976118,2,Small,1,Kiosk,DIST_W_01,Moderate
OUT_00971,2023-09,24.75233577144264,2,Small,1,Kiosk,DIST_W_01,Moderate
OUT_00971,2023-12,33.13351767085581,2,Small,1,Kiosk,DIST_W_01,Favorable
OUT_00971,2024-01,83.20423785533896,2,Small,1,Kiosk,DIST_W_01,Moderate
OUT_00971,2024-06,10.941485306646694,2,Small,1,Kiosk,DIST_W_01,Un-Favorable
OUT_00971,2024-09,90.35484781159748,2,Small,1,Kiosk,DIST_W_01,Moderate
OUT_00971,2024-10,50.00355371816481,2,Small,1,Kiosk,DIST_W_01,Moderate
OUT_00971,2024-12,95.622095153779,2,Small,1,Kiosk,DIST_W_01,Favorable
OUT_00971,2025-01,42.70065312703853,2,Small,1,Kiosk,DIST_W_01,Moderate
OUT_00971,2025-02,105.58647951443886,2,Small,1,Kiosk,DIST_W_01,Moderate
OUT_00971,2025-05,13.778682455530268,3,Small,1,Kiosk,DIST_W_01,Un-Favorable
OUT_00971,2025-09,32.59359265344577,2,Small,1,Kiosk,DIST_W_01,Moderate
OUT_00974,2023-06,7.33254893786849,1,small,0,Pharmacy,DIST_W_02,Un-Favorable
OUT_00974,2023-08,33.08016818198726,2,small,0,Pharmacy,DIST_W_02,Moderate
OUT_00974,2023-09,21.64582080912368,2,small,0,Pharmacy,DIST_W_02,Moderate
OUT_00974,2023-10,81.3397042822825,1,small,0,Pharmacy,DIST_W_02,Moderate
OUT_00974,2024-01,40.13580025725124,2,small,0,Pharmacy,DIST_W_02,Moderate
OUT_00974,2024-02,35.173808825439764,3,small,0,Pharmacy,DIST_W_02,Moderate
OUT_00974,2024-03,34.6327290356038,3,small,0,Pharmacy,DIST_W_02,Moderate
OUT_00974,2024-04,113.34522149250044,7,small,0,Pharmacy,DIST_W_02,Favorable
OUT_00974,2024-07,17.15107424447225,1,small,0,Pharmacy,DIST_W_02,Moderate
OUT_00974,2024-08,19.93120735370677,1,small,0,Pharmacy,DIST_W_02,Moderate
OUT_00974,2024-10,14.52582028882112,2,small,0,Pharmacy,DIST_W_02,Moderate
OUT_00974,2024-11,2.7940555942133187,1,small,0,Pharmacy,DIST_W_02,Moderate
OUT_00974,2025-03,4.76528663495989,1,small,0,Pharmacy,DIST_W_02,Moderate
OUT_00974,2025-05,13.363556967595551,3,small,0,Pharmacy,DIST_W_02,Un-Favorable
OUT_00974,2025-06,13.753197525061283,1,small,0,Pharmacy,DIST_W_02,Un-Favorable
OUT_00974,2025-08,75.02811851029556,1,small,0,Pharmacy,DIST_W_02,Moderate
OUT_00974,2025-12,69.35754570521357,2,small,0,Pharmacy,DIST_W_02,Favorable
OUT_00991,2023-01,19.681529966497138,3,Small,1,Hotel,DIST_W_02,Moderate
OUT_00991,2023-04,48.99494726669559,4,Small,1,Hotel,DIST_W_02,Favorable
OUT_00991,2023-06,12.784450068778188,1,Small,1,Hotel,DIST_W_02,Un-Favorable
OUT_00991,2023-11,83.22305437341285,1,Small,1,Hotel,DIST_W_02,Moderate
OUT_00991,2023-12,144.6211132053199,2,Small,1,Hotel,DIST_W_02,Favorable
OUT_00991,2024-02,13.897494646144896,3,Small,1,Hotel,DIST_W_02,Moderate
OUT_00991,2024-04,114.09624950206312,7,Small,1,Hotel,DIST_W_02,Favorable
OUT_00991,2024-08,6.675065989888819,1,Small,1,Hotel,DIST_W_02,Moderate
OUT_00991,2024-09,22.59045288606829,2,Small,1,Hotel,DIST_W_02,Moderate
OUT_00991,2024-11,18.795640674564066,1,Small,1,Hotel,DIST_W_02,Moderate
OUT_00991,2025-01,54.295561868102126,2,Small,1,Hotel,DIST_W_02,Moderate
OUT_00991,2025-02,64.06675852471598,2,Small,1,Hotel,DIST_W_02,Moderate
OUT_00991,2025-04,13.326059913367033,5,Small,1,Hotel,DIST_W_02,Favorable
OUT_00991,2025-08,26.001559160595743,1,Small,1,Hotel,DIST_W_02,Moderate
OUT_00991,2025-11,19.09124618059513,1,Small,1,Hotel,DIST_W_02,Moderate
OUT_00991,2025-12,49.23961474311728,2,Small,1,Hotel,DIST_W_02,Favorable
OUT_01033,2023-01,86.20068329656222,3,Small,0,Hotel,DIST_W_01,Moderate
OUT_01033,2023-03,25.951911100920128,1,Small,0,Hotel,DIST_W_01,Moderate
OUT_01033,2023-05,5.244595849778792,4,Small,0,Hotel,DIST_W_01,Un-Favorable
OUT_01033,2023-07,89.1013130152978,1,Small,0,Hotel,DIST_W_01,Moderate
OUT_01033,2023-08,29.94945552152454,2,Small,0,Hotel,DIST_W_01,Moderate
OUT_01033,2023-10,13.83784488940815,1,Small,0,Hotel,DIST_W_01,Moderate
OUT_01033,2024-01,35.235542193597055,2,Small,0,Hotel,DIST_W_01,Moderate
OUT_01033,2024-03,16.001967703175517,3,Small,0,Hotel,DIST_W_01,Moderate
OUT_01033,2024-04,132.17415435509878,7,Small,0,Hotel,DIST_W_01,Favorable
OUT_01033,2024-05,29.49639596428146,3,Small,0,Hotel,DIST_W_01,Un-Favorable
OUT_01033,2024-08,100.42214608954498,1,Small,0,Hotel,DIST_W_01,Moderate
OUT_01033,2024-09,12.179788256989855,2,Small,0,Hotel,DIST_W_01,Moderate
OUT_01033,2024-11,26.564606984624703,1,Small,0,Hotel,DIST_W_01,Moderate
OUT_01033,2024-12,103.12899359940984,2,Small,0,Hotel,DIST_W_01,Favorable
OUT_01033,2025-03,23.765742283318502,1,Small,0,Hotel,DIST_W_01,Moderate
OUT_01033,2025-05,25.47023639918402,3,Small,0,Hotel,DIST_W_01,Un-Favorable
OUT_01033,2025-06,50.69959740930803,1,Small,0,Hotel,DIST_W_01,Un-Favorable
OUT_01033,2025-08,12.275663861768663,1,Small,0,Hotel,DIST_W_01,Moderate
OUT_01033,2025-10,31.99897718767341,1,Small,0,Hotel,DIST_W_01,Moderate
OUT_01033,2025-11,14.493548905002484,1,Small,0,Hotel,DIST_W_01,Moderate
OUT_01045,2023-01,4.5064295298218,3,Small,0,Kiosk,DIST_W_03,Moderate
OUT_01045,2023-02,21.244838774340884,3,Small,0,Kiosk,DIST_W_03,Moderate
OUT_01045,2023-04,131.35138537103794,4,Small,0,Kiosk,DIST_W_03,Favorable
OUT_01045,2023-07,81.28369534073508,1,Small,0,Kiosk,DIST_W_03,Moderate
OUT_01045,2023-08,24.68833107428932,2,Small,0,Kiosk,DIST_W_03,Moderate
OUT_01045,2023-09,19.108428571165582,2,Small,0,Kiosk,DIST_W_03,Moderate
OUT_01045,2023-10,12.529369346645035,1,Small,0,Kiosk,DIST_W_03,Moderate
OUT_01045,2023-11,78.34977825486848,1,Small,0,Kiosk,DIST_W_03,Moderate
OUT_01045,2024-01,69.63092202235248,2,Small,0,Kiosk,DIST_W_03,Moderate
OUT_01045,2024-04,41.55858997605809,7,Small,0,Kiosk,DIST_W_03,Favorable
OUT_01045,2024-07,4.349754372862311,1,Small,0,Kiosk,DIST_W_03,Moderate
OUT_01045,2024-09,4.114421110646404,2,Small,0,Kiosk,DIST_W_03,Moderate
OUT_01045,2024-12,126.68041777560616,2,Small,0,Kiosk,DIST_W_03,Favorable
OUT_01045,2025-01,26.503269756859527,2,Small,0,Kiosk,DIST_W_03,Moderate
OUT_01045,2025-07,25.82894886675208,1,Small,0,Kiosk,DIST_W_03,Moderate
OUT_01045,2025-09,11.027720854465777,2,Small,0,Kiosk,DIST_W_03,Moderate
OUT_01045,2025-10,123.0068897485585,1,Small,0,Kiosk,DIST_W_03,Moderate
OUT_01047,2023-05,15.160645334767,4,Small,1,Hotel,DIST_W_03,Un-Favorable
OUT_01047,2023-07,33.228132985634815,1,Small,1,Hotel,DIST_W_03,Moderate
OUT_01047,2023-08,55.71653963882352,2,Small,1,Hotel,DIST_W_03,Moderate
OUT_01047,2023-09,13.843283193718475,2,Small,1,Hotel,DIST_W_03,Moderate
OUT_01047,2023-11,9.104167058163473,1,Small,1,Hotel,DIST_W_03,Moderate
OUT_01047,2024-01,30.68785615820406,2,Small,1,Hotel,DIST_W_03,Moderate
OUT_01047,2024-04,63.3395092266892,7,Small,1,Hotel,DIST_W_03,Favorable
OUT_01047,2024-06,20.15344965513449,2,Small,1,Hotel,DIST_W_03,Un-Favorable
OUT_01047,2024-12,59.23844543346752,2,Small,1,Hotel,DIST_W_03,Favorable
OUT_01047,2025-01,95.3622781093296,2,Small,1,Hotel,DIST_W_03,Moderate
OUT_01047,2025-05,11.283533842682042,3,Small,1,Hotel,DIST_W_03,Un-Favorable
OUT_01047,2025-07,69.18345934107776,1,Small,1,Hotel,DIST_W_03,Moderate
OUT_01047,2025-08,14.716854540009942,1,Small,1,Hotel,DIST_W_03,Moderate
OUT_01047,2025-11,22.095900254812328,1,Small,1,Hotel,DIST_W_03,Moderate
OUT_01078,2023-03,29.547060182186264,1,Small,1,SMMT,DIST_W_02,Moderate
OUT_01078,2023-04,22.147237490508143,4,Small,1,SMMT,DIST_W_02,Favorable
OUT_01078,2023-05,24.28078678798169,4,Small,1,SMMT,DIST_W_02,Un-Favorable
OUT_01078,2023-07,23.070872726612777,1,Small,1,SMMT,DIST_W_02,Moderate
OUT_01078,2023-09,8.271570123612776,2,Small,1,SMMT,DIST_W_02,Moderate
OUT_01078,2023-10,5.005702314024095,1,Small,1,SMMT,DIST_W_02,Moderate
OUT_01078,2024-02,6.329525511173795,3,Small,1,SMMT,DIST_W_02,Moderate
OUT_01078,2024-03,22.045080891663588,3,Small,1,SMMT,DIST_W_02,Moderate
OUT_01078,2024-04,36.66357530272358,7,Small,1,SMMT,DIST_W_02,Favorable
OUT_01078,2024-05,50.74565412387549,3,Small,1,SMMT,DIST_W_02,Un-Favorable
OUT_01078,2024-06,16.613861345813014,2,Small,1,SMMT,DIST_W_02,Un-Favorable
OUT_01078,2024-08,26.45635360076883,1,Small,1,SMMT,DIST_W_02,Moderate
OUT_01078,2024-09,2.88824932042597,2,Small,1,SMMT,DIST_W_02,Moderate
OUT_01078,2024-12,104.60532119396078,2,Small,1,SMMT,DIST_W_02,Favorable
OUT_01078,2025-02,70.52878303321704,2,Small,1,SMMT,DIST_W_02,Moderate
OUT_01078,2025-07,2.951440143696983,1,Small,1,SMMT,DIST_W_02,Moderate
OUT_01078,2025-09,78.6477978786539,2,Small,1,SMMT,DIST_W_02,Moderate
OUT_01101,2023-02,65.59410448276338,3,Small,1,Eatery,DIST_W_03,Moderate
OUT_01101,2023-06,13.16334011208253,1,Small,1,Eatery,DIST_W_03,Un-Favorable
OUT_01101,2023-08,5.640542558889627,2,Small,1,Eatery,DIST_W_03,Moderate
OUT_01101,2023-12,42.00106985093071,2,Small,1,Eatery,DIST_W_03,Favorable
OUT_01101,2024-01,101.29000122767772,2,Small,1,Eatery,DIST_W_03,Moderate
OUT_01101,2024-03,37.61659953202744,3,Small,1,Eatery,DIST_W_03,Moderate
OUT_01101,2024-04,108.01399869386124,7,Small,1,Eatery,DIST_W_03,Favorable
OUT_01101,2024-05,13.841612747084202,3,Small,1,Eatery,DIST_W_03,Un-Favorable
OUT_01101,2024-07,23.5794057121782,1,Small,1,Eatery,DIST_W_03,Moderate
OUT_01101,2024-10,10.68749829338946,2,Small,1,Eatery,DIST_W_03,Moderate
OUT_01101,2024-11,31.79574700888974,1,Small,1,Eatery,DIST_W_03,Moderate
OUT_01101,2025-01,89.83274449878573,2,Small,1,Eatery,DIST_W_03,Moderate
OUT_01101,2025-02,7.984582404035951,2,Small,1,Eatery,DIST_W_03,Moderate
OUT_01101,2025-03,11.208776641603508,1,Small,1,Eatery,DIST_W_03,Moderate
OUT_01101,2025-04,20.27445648583592,5,Small,1,Eatery,DIST_W_03,Favorable
OUT_01101,2025-05,13.437683785252505,3,Small,1,Eatery,DIST_W_03,Un-Favorable
OUT_01101,2025-07,34.49120084285583,1,Small,1,Eatery,DIST_W_03,Moderate
OUT_01101,2025-08,52.02686269636109,1,Small,1,Eatery,DIST_W_03,Moderate
OUT_01110,2023-02,66.08928702961633,3,Medium,1,Bakery,DIST_W_02,Moderate
OUT_01110,2023-05,138.01204476959848,4,Medium,1,Bakery,DIST_W_02,Un-Favorable
OUT_01110,2023-06,35.44323958223187,1,Medium,1,Bakery,DIST_W_02,Un-Favorable
OUT_01110,2023-07,96.88291842685832,1,Medium,1,Bakery,DIST_W_02,Moderate
OUT_01110,2023-08,82.43707110113823,2,Medium,1,Bakery,DIST_W_02,Moderate
OUT_01110,2023-09,127.5268906970474,2,Medium,1,Bakery,DIST_W_02,Moderate
OUT_01110,2023-10,191.90453117186624,1,Medium,1,Bakery,DIST_W_02,Moderate
OUT_01110,2023-11,62.67184990291047,1,Medium,1,Bakery,DIST_W_02,Moderate
OUT_01110,2024-01,206.9218198479526,2,Medium,1,Bakery,DIST_W_02,Moderate
OUT_01110,2024-02,18.73993986746692,3,Medium,1,Bakery,DIST_W_02,Moderate
OUT_01110,2024-03,70.81558384682428,3,Medium,1,Bakery,DIST_W_02,Moderate
OUT_01110,2024-04,322.02631230277825,7,Medium,1,Bakery,DIST_W_02,Favorable
OUT_01110,2024-05,128.8373263537601,3,Medium,1,Bakery,DIST_W_02,Un-Favorable
OUT_01110,2024-06,142.6014913881561,2,Medium,1,Bakery,DIST_W_02,Un-Favorable
OUT_01110,2024-07,229.75664626264,1,Medium,1,Bakery,DIST_W_02,Moderate
OUT_01110,2024-08,184.4882713246579,1,Medium,1,Bakery,DIST_W_02,Moderate
OUT_01110,2024-09,189.27001160063543,2,Medium,1,Bakery,DIST_W_02,Moderate
OUT_01110,2024-10,39.31907241463965,2,Medium,1,Bakery,DIST_W_02,Moderate
OUT_01110,2024-12,287.042245704286,2,Medium,1,Bakery,DIST_W_02,Favorable
OUT_01110,2025-01,193.0668472295023,2,Medium,1,Bakery,DIST_W_02,Moderate
OUT_01110,2025-02,83.10221884643161,2,Medium,1,Bakery,DIST_W_02,Moderate
OUT_01110,2025-03,196.3142806763933,1,Medium,1,Bakery,DIST_W_02,Moderate
OUT_01110,2025-04,86.16784455427171,5,Medium,1,Bakery,DIST_W_02,Favorable
OUT_01110,2025-05,119.2457368648558,3,Medium,1,Bakery,DIST_W_02,Un-Favorable
OUT_01110,2025-06,55.242565855580295,1,Medium,1,Bakery,DIST_W_02,Un-Favorable
OUT_01110,2025-07,94.76898871260512,1,Medium,1,Bakery,DIST_W_02,Moderate
OUT_01110,2025-08,62.24249467334417,1,Medium,1,Bakery,DIST_W_02,Moderate
OUT_01110,2025-10,189.32953920586863,1,Medium,1,Bakery,DIST_W_02,Moderate
OUT_01110,2025-11,161.17110526371738,1,Medium,1,Bakery,DIST_W_02,Moderate
OUT_01110,2025-12,268.1244738080791,2,Medium,1,Bakery,DIST_W_02,Favorable
OUT_01207,2023-01,1283.2878822068894,3,Extra Large,5,Bakry,DIST_W_01,Moderate
OUT_01207,2023-02,1335.4889893552522,3,Extra Large,5,Bakry,DIST_W_01,Moderate
OUT_01207,2023-03,1465.613221426768,1,Extra Large,5,Bakry,DIST_W_01,Moderate
OUT_01207,2023-04,1929.6458769038704,4,Extra Large,5,Bakry,DIST_W_01,Favorable
OUT_01207,2023-05,868.061187051843,4,Extra Large,5,Bakry,DIST_W_01,Un-Favorable
OUT_01207,2023-07,1271.1143104005089,1,Extra Large,5,Bakry,DIST_W_01,Moderate
OUT_01207,2023-08,1251.765540682371,2,Extra Large,5,Bakry,DIST_W_01,Moderate
OUT_01207,2023-09,1261.9114540397045,2,Extra Large,5,Bakry,DIST_W_01,Moderate
OUT_01207,2023-10,1349.6003673167413,1,Extra Large,5,Bakry,DIST_W_01,Moderate
OUT_01207,2023-11,1307.5796993727508,1,Extra Large,5,Bakry,DIST_W_01,Moderate
OUT_01207,2023-12,1599.7000666138067,2,Extra Large,5,Bakry,DIST_W_01,Favorable
OUT_01207,2024-01,1224.4672748240791,2,Extra Large,5,Bakry,DIST_W_01,Moderate
OUT_01207,2024-02,1276.997866776711,3,Extra Large,5,Bakry,DIST_W_01,Moderate
OUT_01207,2024-04,1973.1493485913663,7,Extra Large,5,Bakry,DIST_W_01,Favorable
OUT_01207,2024-05,905.9448941198204,3,Extra Large,5,Bakry,DIST_W_01,Un-Favorable
OUT_01207,2024-06,872.0145518651415,2,Extra Large,5,Bakry,DIST_W_01,Un-Favorable
OUT_01207,2024-07,1368.0828547941442,1,Extra Large,5,Bakry,DIST_W_01,Moderate
OUT_01207,2024-08,1298.587741111474,1,Extra Large,5,Bakry,DIST_W_01,Moderate
OUT_01207,2024-09,1500.6190759147337,2,Extra Large,5,Bakry,DIST_W_01,Moderate
OUT_01207,2024-10,1350.0727541693618,2,Extra Large,5,Bakry,DIST_W_01,Moderate
OUT_01207,2024-11,1285.836633861605,1,Extra Large,5,Bakry,DIST_W_01,Moderate
OUT_01207,2024-12,2026.173688462506,2,Extra Large,5,Bakry,DIST_W_01,Favorable
OUT_01207,2025-01,1174.1314037830782,2,Extra Large,5,Bakry,DIST_W_01,Moderate
OUT_01207,2025-02,1335.5549267180666,2,Extra Large,5,Bakry,DIST_W_01,Moderate
OUT_01207,2025-04,1763.2657889407988,5,Extra Large,5,Bakry,DIST_W_01,Favorable
OUT_01207,2025-05,839.7854667053005,3,Extra Large,5,Bakry,DIST_W_01,Un-Favorable
OUT_01207,2025-06,771.9590746276486,1,Extra Large,5,Bakry,DIST_W_01,Un-Favorable
OUT_01207,2025-07,1348.543884025814,1,Extra Large,5,Bakry,DIST_W_01,Moderate
OUT_01207,2025-08,1220.741276035098,1,Extra Large,5,Bakry,DIST_W_01,Moderate
OUT_01207,2025-09,1398.8920692625795,2,Extra Large,5,Bakry,DIST_W_01,Moderate
OUT_01207,2025-10,1259.1895008272472,1,Extra Large,5,Bakry,DIST_W_01,Moderate
OUT_01207,2025-11,1302.07239946271,1,Extra Large,5,Bakry,DIST_W_01,Moderate
OUT_01207,2025-12,2029.63157204195,2,Extra Large,5,Bakry,DIST_W_01,Favorable
OUT_01236,2023-01,611.936617941525,3,Large,2,SMMT,DIST_W_03,Moderate
OUT_01236,2023-02,370.5282772297701,3,Large,2,SMMT,DIST_W_03,Moderate
OUT_01236,2023-03,517.2213172698177,1,Large,2,SMMT,DIST_W_03,Moderate
OUT_01236,2023-04,814.6033078438103,4,Large,2,SMMT,DIST_W_03,Favorable
OUT_01236,2023-05,229.23006812775492,4,Large,2,SMMT,DIST_W_03,Un-Favorable
OUT_01236,2023-06,372.5336580946815,1,Large,2,SMMT,DIST_W_03,Un-Favorable
OUT_01236,2023-07,575.0566751921681,1,Large,2,SMMT,DIST_W_03,Moderate
OUT_01236,2023-08,310.33100292824605,2,Large,2,SMMT,DIST_W_03,Moderate
OUT_01236,2023-11,569.4871374888206,1,Large,2,SMMT,DIST_W_03,Moderate
OUT_01236,2023-12,851.2118694240946,2,Large,2,SMMT,DIST_W_03,Favorable
OUT_01236,2024-01,564.1234168275885,2,Large,2,SMMT,DIST_W_03,Moderate
OUT_01236,2024-02,440.4459458665237,3,Large,2,SMMT,DIST_W_03,Moderate
OUT_01236,2024-03,241.00245759604192,3,Large,2,SMMT,DIST_W_03,Moderate
OUT_01236,2024-04,760.8326119612861,7,Large,2,SMMT,DIST_W_03,Favorable
OUT_01236,2024-05,405.1822341617708,3,Large,2,SMMT,DIST_W_03,Un-Favorable
OUT_01236,2024-06,367.88824307670063,2,Large,2,SMMT,DIST_W_03,Un-Favorable
OUT_01236,2024-07,630.4534276756493,1,Large,2,SMMT,DIST_W_03,Moderate
OUT_01236,2024-08,692.3512705871541,1,Large,2,SMMT,DIST_W_03,Moderate
OUT_01236,2024-09,538.7387734262043,2,Large,2,SMMT,DIST_W_03,Moderate
OUT_01236,2024-11,602.9804260746654,1,Large,2,SMMT,DIST_W_03,Moderate
OUT_01236,2024-12,992.479008558064,2,Large,2,SMMT,DIST_W_03,Favorable
OUT_01236,2025-02,665.8324079313998,2,Large,2,SMMT,DIST_W_03,Moderate
OUT_01236,2025-03,664.9027029011556,1,Large,2,SMMT,DIST_W_03,Moderate
OUT_01236,2025-04,681.6992689647846,5,Large,2,SMMT,DIST_W_03,Favorable
OUT_01236,2025-05,268.17560140468413,3,Large,2,SMMT,DIST_W_03,Un-Favorable
OUT_01236,2025-06,366.6695490919564,1,Large,2,SMMT,DIST_W_03,Un-Favorable
OUT_01236,2025-07,483.0218001885336,1,Large,2,SMMT,DIST_W_03,Moderate
OUT_01236,2025-08,330.510470272891,1,Large,2,SMMT,DIST_W_03,Moderate
OUT_01236,2025-09,528.4544864734567,2,Large,2,SMMT,DIST_W_03,Moderate
OUT_01236,2025-10,609.518658064384,1,Large,2,SMMT,DIST_W_03,Moderate
OUT_01236,2025-11,637.6225061823158,1,Large,2,SMMT,DIST_W_03,Moderate
OUT_01236,2025-12,742.7897434362885,2,Large,2,SMMT,DIST_W_03,Favorable
OUT_01245,2023-02,95.23770402240352,3,Small,0,Grocery,DIST_W_03,Moderate
OUT_01245,2023-05,8.708272741438716,4,Small,0,Grocery,DIST_W_03,Un-Favorable
OUT_01245,2023-07,16.339867278850434,1,Small,0,Grocery,DIST_W_03,Moderate
OUT_01245,2024-01,15.977922708131246,2,Small,0,Grocery,DIST_W_03,Moderate
OUT_01245,2024-05,4.254033273235574,3,Small,0,Grocery,DIST_W_03,Un-Favorable
OUT_01245,2024-06,25.0262948918592,2,Small,0,Grocery,DIST_W_03,Un-Favorable
OUT_01245,2024-07,88.55507134149848,1,Small,0,Grocery,DIST_W_03,Moderate
OUT_01245,2024-10,86.03562929282339,2,Small,0,Grocery,DIST_W_03,Moderate
OUT_01245,2024-11,20.090173590188336,1,Small,0,Grocery,DIST_W_03,Moderate
OUT_01245,2025-01,14.715339589590302,2,Small,0,Grocery,DIST_W_03,Moderate
OUT_01245,2025-08,103.69543861994848,1,Small,0,Grocery,DIST_W_03,Moderate
OUT_01245,2025-09,34.54075718973404,2,Small,0,Grocery,DIST_W_03,Moderate
OUT_01245,2025-11,10.905236970793744,1,Small,0,Grocery,DIST_W_03,Moderate
OUT_01252,2023-01,84.2927239755168,3,Small,1,Kiosk,DIST_W_02,Moderate
OUT_01252,2023-02,45.84145134381031,3,Small,1,Kiosk,DIST_W_02,Moderate
OUT_01252,2023-04,120.01979922810922,4,Small,1,Kiosk,DIST_W_02,Favorable
OUT_01252,2023-05,10.36657332895214,4,Small,1,Kiosk,DIST_W_02,Un-Favorable
OUT_01252,2023-10,92.0880217839456,1,Small,1,Kiosk,DIST_W_02,Moderate
OUT_01252,2023-12,112.08869176669944,2,Small,1,Kiosk,DIST_W_02,Favorable
OUT_01252,2024-01,49.57770963646355,2,Small,1,Kiosk,DIST_W_02,Moderate
OUT_01252,2024-03,6.8606427729751,3,Small,1,Kiosk,DIST_W_02,Moderate
OUT_01252,2024-06,12.787952986008769,2,Small,1,Kiosk,DIST_W_02,Un-Favorable
OUT_01252,2024-07,14.137973427928134,1,Small,1,Kiosk,DIST_W_02,Moderate
OUT_01252,2024-10,17.988593253445153,2,Small,1,Kiosk,DIST_W_02,Moderate
OUT_01252,2024-11,21.51227176609257,1,Small,1,Kiosk,DIST_W_02,Moderate
OUT_01252,2025-02,16.77797918277483,2,Small,1,Kiosk,DIST_W_02,Moderate
OUT_01252,2025-03,19.31757835401062,1,Small,1,Kiosk,DIST_W_02,Moderate
OUT_01252,2025-04,12.6280054349922,5,Small,1,Kiosk,DIST_W_02,Favorable
OUT_01252,2025-05,53.20668478352793,3,Small,1,Kiosk,DIST_W_02,Un-Favorable
OUT_01252,2025-08,10.76814103893736,1,Small,1,Kiosk,DIST_W_02,Moderate
OUT_01252,2025-09,76.10141216955664,2,Small,1,Kiosk,DIST_W_02,Moderate
OUT_01252,2025-12,54.67900356401886,2,Small,1,Kiosk,DIST_W_02,Favorable
OUT_01261,2023-02,96.6108181891998,3,Small,0,Eatery,DIST_W_03,Moderate
OUT_01261,2023-04,17.91725688230541,4,Small,0,Eatery,DIST_W_03,Favorable
OUT_01261,2023-07,30.57138743320591,1,Small,0,Eatery,DIST_W_03,Moderate
OUT_01261,2023-08,103.1155090920324,2,Small,0,Eatery,DIST_W_03,Moderate
OUT_01261,2023-09,7.014394414024849,2,Small,0,Eatery,DIST_W_03,Moderate
OUT_01261,2023-10,33.645675231853645,1,Small,0,Eatery,DIST_W_03,Moderate
OUT_01261,2024-06,7.246658962603383,2,Small,0,Eatery,DIST_W_03,Un-Favorable
OUT_01261,2024-08,2.732193856833582,1,Small,0,Eatery,DIST_W_03,Moderate
OUT_01261,2024-11,9.10526377814112,1,Small,0,Eatery,DIST_W_03,Moderate
OUT_01261,2025-02,90.3831505758988,2,Small,0,Eatery,DIST_W_03,Moderate
OUT_01261,2025-04,15.597105803295705,5,Small,0,Eatery,DIST_W_03,Favorable
OUT_01261,2025-06,23.131563443231222,1,Small,0,Eatery,DIST_W_03,Un-Favorable
OUT_01261,2025-08,10.360004288578892,1,Small,0,Eatery,DIST_W_03,Moderate
OUT_01261,2025-09,63.22434477691561,2,Small,0,Eatery,DIST_W_03,Moderate
OUT_01261,2025-10,70.48197450608583,1,Small,0,Eatery,DIST_W_03,Moderate
OUT_01261,2025-11,21.86123847554315,1,Small,0,Eatery,DIST_W_03,Moderate
OUT_01266,2023-01,69.6454669810393,3,Medium,2,Kiosk,DIST_W_03,Moderate
OUT_01266,2023-02,212.00044870218383,3,Medium,2,Kiosk,DIST_W_03,Moderate
OUT_01266,2023-03,85.4187727414978,1,Medium,2,Kiosk,DIST_W_03,Moderate
OUT_01266,2023-04,104.07826469956214,4,Medium,2,Kiosk,DIST_W_03,Favorable
OUT_01266,2023-05,13.267091109094675,4,Medium,2,Kiosk,DIST_W_03,Un-Favorable
OUT_01266,2023-06,66.13678145714101,1,Medium,2,Kiosk,DIST_W_03,Un-Favorable
OUT_01266,2023-08,46.57400283067743,2,Medium,2,Kiosk,DIST_W_03,Moderate
OUT_01266,2023-09,185.4930516277253,2,Medium,2,Kiosk,DIST_W_03,Moderate
OUT_01266,2023-10,188.1471657636133,1,Medium,2,Kiosk,DIST_W_03,Moderate
OUT_01266,2023-12,266.5729408487775,2,Medium,2,Kiosk,DIST_W_03,Favorable
OUT_01266,2024-03,63.34348587297172,3,Medium,2,Kiosk,DIST_W_03,Moderate
OUT_01266,2024-05,60.70480930316289,3,Medium,2,Kiosk,DIST_W_03,Un-Favorable
OUT_01266,2024-06,84.47718471936969,2,Medium,2,Kiosk,DIST_W_03,Un-Favorable
OUT_01266,2024-08,219.9121291473868,1,Medium,2,Kiosk,DIST_W_03,Moderate
OUT_01266,2024-09,145.74419939590047,2,Medium,2,Kiosk,DIST_W_03,Moderate
OUT_01266,2024-10,169.3197389937403,2,Medium,2,Kiosk,DIST_W_03,Moderate
OUT_01266,2024-12,166.62072197490372,2,Medium,2,Kiosk,DIST_W_03,Favorable
OUT_01266,2025-01,220.3711263915092,2,Medium,2,Kiosk,DIST_W_03,Moderate
OUT_01266,2025-02,170.6814677360416,2,Medium,2,Kiosk,DIST_W_03,Moderate
OUT_01266,2025-03,26.51375580577858,1,Medium,2,Kiosk,DIST_W_03,Moderate
OUT_01266,2025-04,102.37303006861404,5,Medium,2,Kiosk,DIST_W_03,Favorable
OUT_01266,2025-06,48.025098627463855,1,Medium,2,Kiosk,DIST_W_03,Un-Favorable
OUT_01266,2025-08,15.180131963274668,1,Medium,2,Kiosk,DIST_W_03,Moderate
OUT_01266,2025-09,177.81582693948013,2,Medium,2,Kiosk,DIST_W_03,Moderate
OUT_01266,2025-11,93.02567671571391,1,Medium,2,Kiosk,DIST_W_03,Moderate
OUT_01266,2025-12,314.1308637300083,2,Medium,2,Kiosk,DIST_W_03,Favorable
OUT_01272,2023-01,158.0599495220113,3,Medium,1,Bakery,DIST_W_02,Moderate
OUT_01272,2023-02,257.44717352176895,3,Medium,1,Bakery,DIST_W_02,Moderate
OUT_01272,2023-03,35.47473418553909,1,Medium,1,Bakery,DIST_W_02,Moderate
OUT_01272,2023-04,137.54474949136184,4,Medium,1,Bakery,DIST_W_02,Favorable
OUT_01272,2023-05,135.85245477925406,4,Medium,1,Bakery,DIST_W_02,Un-Favorable
OUT_01272,2023-06,123.46663605857924,1,Medium,1,Bakery,DIST_W_02,Un-Favorable
OUT_01272,2023-07,47.45382042297935,1,Medium,1,Bakery,DIST_W_02,Moderate
OUT_01272,2023-09,126.20808302093072,2,Medium,1,Bakery,DIST_W_02,Moderate
OUT_01272,2023-10,192.4607389500497,1,Medium,1,Bakery,DIST_W_02,Moderate
OUT_01272,2023-12,86.80860989397507,2,Medium,1,Bakery,DIST_W_02,Favorable
OUT_01272,2024-02,134.2098337520186,3,Medium,1,Bakery,DIST_W_02,Moderate
OUT_01272,2024-03,208.35972340761083,3,Medium,1,Bakery,DIST_W_02,Moderate
OUT_01272,2024-04,130.16236836807093,7,Medium,1,Bakery,DIST_W_02,Favorable
OUT_01272,2024-05,15.372888628730967,3,Medium,1,Bakery,DIST_W_02,Un-Favorable
OUT_01272,2024-06,105.3118582171255,2,Medium,1,Bakery,DIST_W_02,Un-Favorable
OUT_01272,2024-08,40.76218224994393,1,Medium,1,Bakery,DIST_W_02,Moderate
OUT_01272,2024-09,129.56441144794056,2,Medium,1,Bakery,DIST_W_02,Moderate
OUT_01272,2024-10,115.6474163259414,2,Medium,1,Bakery,DIST_W_02,Moderate
OUT_01272,2024-11,184.5644706566608,1,Medium,1,Bakery,DIST_W_02,Moderate
OUT_01272,2024-12,27.295628400130298,2,Medium,1,Bakery,DIST_W_02,Favorable
OUT_01272,2025-02,198.6427185133369,2,Medium,1,Bakery,DIST_W_02,Moderate
OUT_01272,2025-03,74.71223286786656,1,Medium,1,Bakery,DIST_W_02,Moderate
OUT_01272,2025-04,327.9456568309593,5,Medium,1,Bakery,DIST_W_02,Favorable
OUT_01272,2025-06,69.25422958485262,1,Medium,1,Bakery,DIST_W_02,Un-Favorable
OUT_01272,2025-07,14.354981448701947,1,Medium,1,Bakery,DIST_W_02,Moderate
OUT_01272,2025-09,53.11985132780485,2,Medium,1,Bakery,DIST_W_02,Moderate
OUT_01272,2025-10,230.6414951558868,1,Medium,1,Bakery,DIST_W_02,Moderate
OUT_01272,2025-11,216.28547201156368,1,Medium,1,Bakery,DIST_W_02,Moderate
OUT_01272,2025-12,271.1494421824624,2,Medium,1,Bakery,DIST_W_02,Favorable
OUT_01277,2023-03,82.88911388298284,1,Small,0,Bakery,DIST_W_02,Moderate
OUT_01277,2023-04,126.10920505330051,4,Small,0,Bakery,DIST_W_02,Favorable
OUT_01277,2023-06,22.95101212095024,1,Small,0,Bakery,DIST_W_02,Un-Favorable
OUT_01277,2023-08,21.54630618051833,2,Small,0,Bakery,DIST_W_02,Moderate
OUT_01277,2023-09,4.647831350570264,2,Small,0,Bakery,DIST_W_02,Moderate
OUT_01277,2023-10,28.293099167825066,1,Small,0,Bakery,DIST_W_02,Moderate
OUT_01277,2023-12,110.46478793995615,2,Small,0,Bakery,DIST_W_02,Favorable
OUT_01277,2024-01,14.569831070980335,2,Small,0,Bakery,DIST_W_02,Moderate
OUT_01277,2024-03,20.184411326614736,3,Small,0,Bakery,DIST_W_02,Moderate
OUT_01277,2024-04,31.33050108124813,7,Small,0,Bakery,DIST_W_02,Favorable
OUT_01277,2024-11,52.631865440081086,1,Small,0,Bakery,DIST_W_02,Moderate
OUT_01277,2025-06,11.415576736555751,1,Small,0,Bakery,DIST_W_02,Un-Favorable
OUT_01277,2025-09,12.616284928471323,2,Small,0,Bakery,DIST_W_02,Moderate
OUT_01322,2023-03,26.02748769610106,1,Small,1,Pharmacy,DIST_W_01,Moderate
OUT_01322,2023-04,97.6748571037778,4,Small,1,Pharmacy,DIST_W_01,Favorable
OUT_01322,2023-05,45.41571008323638,4,Small,1,Pharmacy,DIST_W_01,Un-Favorable
OUT_01322,2023-07,64.77111259289362,1,Small,1,Pharmacy,DIST_W_01,Moderate
OUT_01322,2023-10,83.40346427591992,1,Small,1,Pharmacy,DIST_W_01,Moderate
OUT_01322,2023-11,16.779881589833444,1,Small,1,Pharmacy,DIST_W_01,Moderate
OUT_01322,2023-12,90.72244636757108,2,Small,1,Pharmacy,DIST_W_01,Favorable
OUT_01322,2024-01,16.388131339845117,2,Small,1,Pharmacy,DIST_W_01,Moderate
OUT_01322,2024-02,39.42462184673762,3,Small,1,Pharmacy,DIST_W_01,Moderate
OUT_01322,2024-04,23.26963272610265,7,Small,1,Pharmacy,DIST_W_01,Favorable
OUT_01322,2024-05,58.92290685974952,3,Small,1,Pharmacy,DIST_W_01,Un-Favorable
OUT_01322,2024-06,55.99767734840182,2,Small,1,Pharmacy,DIST_W_01,Un-Favorable
OUT_01322,2024-07,21.18925994439065,1,Small,1,Pharmacy,DIST_W_01,Moderate
OUT_01322,2024-10,15.79504741769545,2,Small,1,Pharmacy,DIST_W_01,Moderate
OUT_01322,2024-11,92.0425830213941,1,Small,1,Pharmacy,DIST_W_01,Moderate
OUT_01322,2024-12,8.410148360188197,2,Small,1,Pharmacy,DIST_W_01,Favorable
OUT_01322,2025-03,86.02814938840964,1,Small,1,Pharmacy,DIST_W_01,Moderate
OUT_01322,2025-07,10.27431205143618,1,Small,1,Pharmacy,DIST_W_01,Moderate
OUT_01322,2025-08,29.56339637738889,1,Small,1,Pharmacy,DIST_W_01,Moderate
OUT_01322,2025-09,69.9985384205797,2,Small,1,Pharmacy,DIST_W_01,Moderate
OUT_01322,2025-10,20.38872991518064,1,Small,1,Pharmacy,DIST_W_01,Moderate
OUT_01322,2025-12,21.579532251926512,2,Small,1,Pharmacy,DIST_W_01,Favorable
OUT_01346,2023-02,130.9216807857493,3,Medium,2,Hotel,DIST_W_03,Moderate
OUT_01346,2023-03,72.52186542821676,1,Medium,2,Hotel,DIST_W_03,Moderate
OUT_01346,2023-04,267.75645182449,4,Medium,2,Hotel,DIST_W_03,Favorable
OUT_01346,2023-05,141.09651777780093,4,Medium,2,Hotel,DIST_W_03,Un-Favorable
OUT_01346,2023-08,80.3037602723445,2,Medium,2,Hotel,DIST_W_03,Moderate
OUT_01346,2024-01,210.4782031604936,2,Medium,2,Hotel,DIST_W_03,Moderate
OUT_01346,2024-03,49.94515677803848,3,Medium,2,Hotel,DIST_W_03,Moderate
OUT_01346,2024-05,93.85397787063192,3,Medium,2,Hotel,DIST_W_03,Un-Favorable
OUT_01346,2024-06,63.91096287896342,2,Medium,2,Hotel,DIST_W_03,Un-Favorable
OUT_01346,2024-07,175.78603851458115,1,Medium,2,Hotel,DIST_W_03,Moderate
OUT_01346,2024-08,208.52574281768244,1,Medium,2,Hotel,DIST_W_03,Moderate
OUT_01346,2024-09,338.3375676844224,2,Medium,2,Hotel,DIST_W_03,Moderate
OUT_01346,2024-10,140.40994208858663,2,Medium,2,Hotel,DIST_W_03,Moderate
OUT_01346,2024-11,183.4185359431086,1,Medium,2,Hotel,DIST_W_03,Moderate
OUT_01346,2024-12,256.2376354631999,2,Medium,2,Hotel,DIST_W_03,Favorable
OUT_01346,2025-01,122.03313626137074,2,Medium,2,Hotel,DIST_W_03,Moderate
OUT_01346,2025-03,58.60678897189432,1,Medium,2,Hotel,DIST_W_03,Moderate
OUT_01346,2025-04,329.12744444017693,5,Medium,2,Hotel,DIST_W_03,Favorable
OUT_01346,2025-05,158.6123192556478,3,Medium,2,Hotel,DIST_W_03,Un-Favorable
OUT_01346,2025-06,153.5838115215645,1,Medium,2,Hotel,DIST_W_03,Un-Favorable
OUT_01346,2025-07,192.999727210176,1,Medium,2,Hotel,DIST_W_03,Moderate
OUT_01346,2025-08,195.0428085432208,1,Medium,2,Hotel,DIST_W_03,Moderate
OUT_01346,2025-09,177.0522033557972,2,Medium,2,Hotel,DIST_W_03,Moderate
OUT_01346,2025-10,71.62852007193663,1,Medium,2,Hotel,DIST_W_03,Moderate
OUT_01346,2025-11,170.72219626041257,1,Medium,2,Hotel,DIST_W_03,Moderate
OUT_01349,2023-02,29.33267482961931,3,Small,1,Pharmacy,DIST_W_03,Moderate
OUT_01349,2023-03,70.1489300088296,1,Small,1,Pharmacy,DIST_W_03,Moderate
OUT_01349,2023-04,25.817563476360377,4,Small,1,Pharmacy,DIST_W_03,Favorable
OUT_01349,2023-07,34.931880482987665,1,Small,1,Pharmacy,DIST_W_03,Moderate
OUT_01349,2023-11,78.9568851821119,1,Small,1,Pharmacy,DIST_W_03,Moderate
OUT_01349,2023-12,0.3903401394368906,2,Small,1,Pharmacy,DIST_W_03,Favorable
OUT_01349,2024-03,17.5896228198565,3,Small,1,Pharmacy,DIST_W_03,Moderate
OUT_01349,2024-04,129.5337503497541,7,Small,1,Pharmacy,DIST_W_03,Favorable
OUT_01349,2024-05,16.761831297520295,3,Small,1,Pharmacy,DIST_W_03,Un-Favorable
OUT_01349,2024-07,86.60599129450058,1,Small,1,Pharmacy,DIST_W_03,Moderate
OUT_01349,2024-08,12.068148542096328,1,Small,1,Pharmacy,DIST_W_03,Moderate
OUT_01349,2024-09,11.933733485685169,2,Small,1,Pharmacy,DIST_W_03,Moderate
OUT_01349,2024-10,77.54033704819986,2,Small,1,Pharmacy,DIST_W_03,Moderate
OUT_01349,2024-12,18.924195113815536,2,Small,1,Pharmacy,DIST_W_03,Favorable
OUT_01349,2025-01,74.21809500523136,2,Small,1,Pharmacy,DIST_W_03,Moderate
OUT_01349,2025-03,22.632188294152463,1,Small,1,Pharmacy,DIST_W_03,Moderate
OUT_01349,2025-04,121.78278497377929,5,Small,1,Pharmacy,DIST_W_03,Favorable
OUT_01349,2025-10,88.64509670494522,1,Small,1,Pharmacy,DIST_W_03,Moderate
OUT_01351,2023-04,125.56830347406571,4,Small,0, Eatery ,DIST_W_02,Favorable
OUT_01351,2023-08,70.33850170853556,2,Small,0, Eatery ,DIST_W_02,Moderate
OUT_01351,2023-10,29.73604196668255,1,Small,0, Eatery ,DIST_W_02,Moderate
OUT_01351,2023-11,81.47201441049968,1,Small,0, Eatery ,DIST_W_02,Moderate
OUT_01351,2023-12,34.589892833007745,2,Small,0, Eatery ,DIST_W_02,Favorable
OUT_01351,2024-01,4.836611624670061,2,Small,0, Eatery ,DIST_W_02,Moderate
OUT_01351,2024-06,48.89324734704059,2,Small,0, Eatery ,DIST_W_02,Un-Favorable
OUT_01351,2024-09,117.01191654339247,2,Small,0, Eatery ,DIST_W_02,Moderate
OUT_01351,2024-10,20.951657195377933,2,Small,0, Eatery ,DIST_W_02,Moderate
OUT_01351,2024-12,14.379931877672211,2,Small,0, Eatery ,DIST_W_02,Favorable
OUT_01351,2025-02,23.2447022686936,2,Small,0, Eatery ,DIST_W_02,Moderate
OUT_01351,2025-04,15.874284178227636,5,Small,0, Eatery ,DIST_W_02,Favorable
OUT_01352,2023-01,684.3714980107236,3,Large,2,Grocery,DIST_W_02,Moderate
OUT_01352,2023-02,513.4431154702728,3,Large,2,Grocery,DIST_W_02,Moderate
OUT_01352,2023-03,252.3347547849178,1,Large,2,Grocery,DIST_W_02,Moderate
OUT_01352,2023-04,849.4874409369695,4,Large,2,Grocery,DIST_W_02,Favorable
OUT_01352,2023-05,365.27482631597104,4,Large,2,Grocery,DIST_W_02,Un-Favorable
OUT_01352,2023-06,368.6137478754168,1,Large,2,Grocery,DIST_W_02,Un-Favorable
OUT_01352,2023-07,534.9872177019981,1,Large,2,Grocery,DIST_W_02,Moderate
OUT_01352,2023-08,526.9621099431852,2,Large,2,Grocery,DIST_W_02,Moderate
OUT_01352,2023-09,353.1632605748515,2,Large,2,Grocery,DIST_W_02,Moderate
OUT_01352,2023-10,504.4111992259977,1,Large,2,Grocery,DIST_W_02,Moderate
OUT_01352,2023-11,494.5993755274551,1,Large,2,Grocery,DIST_W_02,Moderate
OUT_01352,2023-12,944.2512224750296,2,Large,2,Grocery,DIST_W_02,Favorable
OUT_01352,2024-01,646.2773681845487,2,Large,2,Grocery,DIST_W_02,Moderate
OUT_01352,2024-02,634.4321753553916,3,Large,2,Grocery,DIST_W_02,Moderate
OUT_01352,2024-03,616.019977006049,3,Large,2,Grocery,DIST_W_02,Moderate
OUT_01352,2024-04,847.6994750300834,7,Large,2,Grocery,DIST_W_02,Favorable
OUT_01352,2024-05,424.61056384540245,3,Large,2,Grocery,DIST_W_02,Un-Favorable
OUT_01352,2024-06,305.9957729219843,2,Large,2,Grocery,DIST_W_02,Un-Favorable
OUT_01352,2024-07,627.4467487542885,1,Large,2,Grocery,DIST_W_02,Moderate
OUT_01352,2024-09,488.548339151848,2,Large,2,Grocery,DIST_W_02,Moderate
OUT_01352,2024-10,654.6020078486077,2,Large,2,Grocery,DIST_W_02,Moderate
OUT_01352,2024-11,302.56581173135714,1,Large,2,Grocery,DIST_W_02,Moderate
OUT_01352,2024-12,800.2057087384702,2,Large,2,Grocery,DIST_W_02,Favorable
OUT_01352,2025-01,524.2093181913688,2,Large,2,Grocery,DIST_W_02,Moderate
OUT_01352,2025-02,630.2981209565735,2,Large,2,Grocery,DIST_W_02,Moderate
OUT_01352,2025-03,669.7677345950175,1,Large,2,Grocery,DIST_W_02,Moderate
OUT_01352,2025-04,955.6766602101312,5,Large,2,Grocery,DIST_W_02,Favorable
OUT_01352,2025-06,271.07539586163966,1,Large,2,Grocery,DIST_W_02,Un-Favorable
OUT_01352,2025-07,570.163129190943,1,Large,2,Grocery,DIST_W_02,Moderate
OUT_01352,2025-08,581.5319902330023,1,Large,2,Grocery,DIST_W_02,Moderate
OUT_01352,2025-09,691.7882795610134,2,Large,2,Grocery,DIST_W_02,Moderate
OUT_01352,2025-10,260.6525451554062,1,Large,2,Grocery,DIST_W_02,Moderate
OUT_01352,2025-11,316.90315053737635,1,Large,2,Grocery,DIST_W_02,Moderate
OUT_01352,2025-12,490.0082152879743,2,Large,2,Grocery,DIST_W_02,Favorable
OUT_01357,2023-04,26.685298256931805,4,Small,0,Grocery,DIST_W_03,Favorable
OUT_01357,2023-05,46.20602770281102,4,Small,0,Grocery,DIST_W_03,Un-Favorable
OUT_01357,2023-07,8.895927189221966,1,Small,0,Grocery,DIST_W_03,Moderate
OUT_01357,2023-08,14.404263380182517,2,Small,0,Grocery,DIST_W_03,Moderate
OUT_01357,2023-09,76.06569069436556,2,Small,0,Grocery,DIST_W_03,Moderate
OUT_01357,2023-11,12.650087590489765,1,Small,0,Grocery,DIST_W_03,Moderate
OUT_01357,2024-02,40.46289738027939,3,Small,0,Grocery,DIST_W_03,Moderate
OUT_01357,2024-04,58.87105417535035,7,Small,0,Grocery,DIST_W_03,Favorable
OUT_01357,2024-05,14.754078807387016,3,Small,0,Grocery,DIST_W_03,Un-Favorable
OUT_01357,2024-09,92.09107629090332,2,Small,0,Grocery,DIST_W_03,Moderate
OUT_01357,2024-10,24.71911427213422,2,Small,0,Grocery,DIST_W_03,Moderate
OUT_01357,2024-11,12.477702072734722,1,Small,0,Grocery,DIST_W_03,Moderate
OUT_01357,2025-04,16.83023265962872,5,Small,0,Grocery,DIST_W_03,Favorable
OUT_01357,2025-07,18.166110843403537,1,Small,0,Grocery,DIST_W_03,Moderate
OUT_01357,2025-09,80.54765714500917,2,Small,0,Grocery,DIST_W_03,Moderate
OUT_01357,2025-10,60.60603827653395,1,Small,0,Grocery,DIST_W_03,Moderate
OUT_01357,2025-12,35.74938653676908,2,Small,0,Grocery,DIST_W_03,Favorable
OUT_01367,2023-01,218.62544333660847,3,Medium,1,Eatery,DIST_W_02,Moderate
OUT_01367,2023-02,160.0833340939026,3,Medium,1,Eatery,DIST_W_02,Moderate
OUT_01367,2023-03,77.35420599211355,1,Medium,1,Eatery,DIST_W_02,Moderate
OUT_01367,2023-04,335.9712598288825,4,Medium,1,Eatery,DIST_W_02,Favorable
OUT_01367,2023-05,115.45585991957778,4,Medium,1,Eatery,DIST_W_02,Un-Favorable
OUT_01367,2023-06,51.46542436735546,1,Medium,1,Eatery,DIST_W_02,Un-Favorable
OUT_01367,2023-07,172.02757319490863,1,Medium,1,Eatery,DIST_W_02,Moderate
OUT_01367,2023-11,202.2055810073904,1,Medium,1,Eatery,DIST_W_02,Moderate
OUT_01367,2023-12,232.61056982302043,2,Medium,1,Eatery,DIST_W_02,Favorable
OUT_01367,2024-01,72.44283290324478,2,Medium,1,Eatery,DIST_W_02,Moderate
OUT_01367,2024-02,167.20457594447288,3,Medium,1,Eatery,DIST_W_02,Moderate
OUT_01367,2024-03,111.61011276203934,3,Medium,1,Eatery,DIST_W_02,Moderate
OUT_01367,2024-04,140.86069451990062,7,Medium,1,Eatery,DIST_W_02,Favorable
OUT_01367,2024-06,147.39355481164688,2,Medium,1,Eatery,DIST_W_02,Un-Favorable
OUT_01367,2024-08,51.77990262367683,1,Medium,1,Eatery,DIST_W_02,Moderate
OUT_01367,2024-09,65.77362161027145,2,Medium,1,Eatery,DIST_W_02,Moderate
OUT_01367,2024-10,84.96370755730211,2,Medium,1,Eatery,DIST_W_02,Moderate
OUT_01367,2024-11,146.29788140009734,1,Medium,1,Eatery,DIST_W_02,Moderate
OUT_01367,2024-12,301.24828018021327,2,Medium,1,Eatery,DIST_W_02,Favorable
OUT_01367,2025-01,203.60142642847453,2,Medium,1,Eatery,DIST_W_02,Moderate
OUT_01367,2025-02,224.4706006060261,2,Medium,1,Eatery,DIST_W_02,Moderate
OUT_01367,2025-03,189.7628203222138,1,Medium,1,Eatery,DIST_W_02,Moderate
OUT_01367,2025-04,288.13065646404124,5,Medium,1,Eatery,DIST_W_02,Favorable
OUT_01367,2025-06,55.44389325520535,1,Medium,1,Eatery,DIST_W_02,Un-Favorable
OUT_01367,2025-09,150.70534463528134,2,Medium,1,Eatery,DIST_W_02,Moderate
OUT_01367,2025-12,89.79691253574387,2,Medium,1,Eatery,DIST_W_02,Favorable
OUT_01438,2023-01,16.96666963868296,3,Small,0,Eatery,DIST_W_01,Moderate
OUT_01438,2023-03,37.92693530958101,1,Small,0,Eatery,DIST_W_01,Moderate
OUT_01438,2023-05,56.867291688191,4,Small,0,Eatery,DIST_W_01,Un-Favorable
OUT_01438,2023-06,14.180201614329851,1,Small,0,Eatery,DIST_W_01,Un-Favorable
OUT_01438,2023-07,24.8479415025594,1,Small,0,Eatery,DIST_W_01,Moderate
OUT_01438,2023-08,33.07628284148972,2,Small,0,Eatery,DIST_W_01,Moderate
OUT_01438,2023-09,54.42315922526758,2,Small,0,Eatery,DIST_W_01,Moderate
OUT_01438,2023-10,61.62813752683222,1,Small,0,Eatery,DIST_W_01,Moderate
OUT_01438,2023-12,50.56008764746453,2,Small,0,Eatery,DIST_W_01,Favorable
OUT_01438,2024-06,52.18354179095702,2,Small,0,Eatery,DIST_W_01,Un-Favorable
OUT_01438,2024-08,10.54157438297126,1,Small,0,Eatery,DIST_W_01,Moderate
OUT_01438,2024-09,87.5792043688609,2,Small,0,Eatery,DIST_W_01,Moderate
OUT_01438,2024-10,48.05552427497636,2,Small,0,Eatery,DIST_W_01,Moderate
OUT_01438,2024-11,101.44590276025052,1,Small,0,Eatery,DIST_W_01,Moderate
OUT_01438,2024-12,69.0875112442003,2,Small,0,Eatery,DIST_W_01,Favorable
OUT_01438,2025-01,3.867065899062861,2,Small,0,Eatery,DIST_W_01,Moderate
OUT_01438,2025-02,69.19209468402978,2,Small,0,Eatery,DIST_W_01,Moderate
OUT_01438,2025-06,49.87423605358575,1,Small,0,Eatery,DIST_W_01,Un-Favorable
OUT_01438,2025-07,85.3115164274374,1,Small,0,Eatery,DIST_W_01,Moderate
OUT_01438,2025-10,10.768622224056486,1,Small,0,Eatery,DIST_W_01,Moderate
OUT_01438,2025-11,91.89524474107318,1,Small,0,Eatery,DIST_W_01,Moderate
OUT_01438,2025-12,55.17440922843927,2,Small,0,Eatery,DIST_W_01,Favorable
OUT_01448,2023-02,62.1709547588399,3,Medium,2,Bakry,DIST_W_02,Moderate
OUT_01448,2023-03,186.4464645307822,1,Medium,2,Bakry,DIST_W_02,Moderate
OUT_01448,2023-04,257.81640419221395,4,Medium,2,Bakry,DIST_W_02,Favorable
OUT_01448,2023-05,53.198920226754495,4,Medium,2,Bakry,DIST_W_02,Un-Favorable
OUT_01448,2023-06,124.91763360613074,1,Medium,2,Bakry,DIST_W_02,Un-Favorable
OUT_01448,2023-08,193.2389420893807,2,Medium,2,Bakry,DIST_W_02,Moderate
OUT_01448,2023-09,104.99425563689974,2,Medium,2,Bakry,DIST_W_02,Moderate
OUT_01448,2023-10,80.06899174543831,1,Medium,2,Bakry,DIST_W_02,Moderate
OUT_01448,2023-11,43.47903657367738,1,Medium,2,Bakry,DIST_W_02,Moderate
OUT_01448,2023-12,170.47370921826274,2,Medium,2,Bakry,DIST_W_02,Favorable
OUT_01448,2024-02,200.2419184115379,3,Medium,2,Bakry,DIST_W_02,Moderate
OUT_01448,2024-04,104.35118214641626,7,Medium,2,Bakry,DIST_W_02,Favorable
OUT_01448,2024-07,67.10074157193958,1,Medium,2,Bakry,DIST_W_02,Moderate
OUT_01448,2024-08,155.456044786486,1,Medium,2,Bakry,DIST_W_02,Moderate
OUT_01448,2024-10,184.91447342587395,2,Medium,2,Bakry,DIST_W_02,Moderate
OUT_01448,2024-12,308.1106447372276,2,Medium,2,Bakry,DIST_W_02,Favorable
OUT_01448,2025-01,36.75654701154359,2,Medium,2,Bakry,DIST_W_02,Moderate
OUT_01448,2025-05,56.20193639572606,3,Medium,2,Bakry,DIST_W_02,Un-Favorable
OUT_01448,2025-06,71.22053489339342,1,Medium,2,Bakry,DIST_W_02,Un-Favorable
OUT_01448,2025-07,43.60391984301072,1,Medium,2,Bakry,DIST_W_02,Moderate
OUT_01448,2025-10,88.35599458662634,1,Medium,2,Bakry,DIST_W_02,Moderate
OUT_01488,2023-01,11.33086807093785,3,Small,0,Bakery,DIST_W_02,Moderate
OUT_01488,2023-04,59.10450975608441,4,Small,0,Bakery,DIST_W_02,Favorable
OUT_01488,2023-07,8.746530881650544,1,Small,0,Bakery,DIST_W_02,Moderate
OUT_01488,2023-10,23.06801971125239,1,Small,0,Bakery,DIST_W_02,Moderate
OUT_01488,2024-01,26.859650797967653,2,Small,0,Bakery,DIST_W_02,Moderate
OUT_01488,2024-06,51.13220486830345,2,Small,0,Bakery,DIST_W_02,Un-Favorable
OUT_01488,2024-07,6.726708164975455,1,Small,0,Bakery,DIST_W_02,Moderate
OUT_01488,2024-08,29.14310337818788,1,Small,0,Bakery,DIST_W_02,Moderate
OUT_01488,2024-10,14.981756072441735,2,Small,0,Bakery,DIST_W_02,Moderate
OUT_01488,2024-12,90.51286443074618,2,Small,0,Bakery,DIST_W_02,Favorable
OUT_01488,2025-01,44.2209761280148,2,Small,0,Bakery,DIST_W_02,Moderate
OUT_01488,2025-03,6.317912758471946,1,Small,0,Bakery,DIST_W_02,Moderate
OUT_01488,2025-05,44.847743251620734,3,Small,0,Bakery,DIST_W_02,Un-Favorable
OUT_01488,2025-07,10.343147500539748,1,Small,0,Bakery,DIST_W_02,Moderate
OUT_01488,2025-09,25.032293181586383,2,Small,0,Bakery,DIST_W_02,Moderate
OUT_01488,2025-12,86.68502275502946,2,Small,0,Bakery,DIST_W_02,Favorable
OUT_01512,2023-06,54.550705263211306,1,Small,0,Pharmacy,DIST_W_03,Un-Favorable
OUT_01512,2023-07,68.24913806333312,1,Small,0,Pharmacy,DIST_W_03,Moderate
OUT_01512,2024-01,84.14160489358171,2,Small,0,Pharmacy,DIST_W_03,Moderate
OUT_01512,2024-06,3.125502469305641,2,Small,0,Pharmacy,DIST_W_03,Un-Favorable
OUT_01512,2024-08,15.219504168758927,1,Small,0,Pharmacy,DIST_W_03,Moderate
OUT_01512,2024-09,16.77421381408363,2,Small,0,Pharmacy,DIST_W_03,Moderate
OUT_01512,2024-10,11.414658529154696,2,Small,0,Pharmacy,DIST_W_03,Moderate
OUT_01512,2024-11,44.54769379329858,1,Small,0,Pharmacy,DIST_W_03,Moderate
OUT_01512,2024-12,80.83434811918669,2,Small,0,Pharmacy,DIST_W_03,Favorable
OUT_01512,2025-01,83.10890287728637,2,Small,0,Pharmacy,DIST_W_03,Moderate
OUT_01512,2025-05,14.508100191458148,3,Small,0,Pharmacy,DIST_W_03,Un-Favorable
OUT_01512,2025-07,98.6253079299544,1,Small,0,Pharmacy,DIST_W_03,Moderate
OUT_01512,2025-10,6.917749354350464,1,Small,0,Pharmacy,DIST_W_03,Moderate
OUT_01516,2023-03,9.444483190852903,1,Small,1,Eatery,DIST_W_01,Moderate
OUT_01516,2023-04,10.6167005845113,4,Small,1,Eatery,DIST_W_01,Favorable
OUT_01516,2023-05,7.167073416786233,4,Small,1,Eatery,DIST_W_01,Un-Favorable
OUT_01516,2023-08,31.18943876738372,2,Small,1,Eatery,DIST_W_01,Moderate
OUT_01516,2023-09,83.91720240841342,2,Small,1,Eatery,DIST_W_01,Moderate
OUT_01516,2023-10,81.81390045704067,1,Small,1,Eatery,DIST_W_01,Moderate
OUT_01516,2023-12,37.07732258579837,2,Small,1,Eatery,DIST_W_01,Favorable
OUT_01516,2024-01,29.407322266755035,2,Small,1,Eatery,DIST_W_01,Moderate
OUT_01516,2024-05,6.557065451699783,3,Small,1,Eatery,DIST_W_01,Un-Favorable
OUT_01516,2024-06,26.96517426169267,2,Small,1,Eatery,DIST_W_01,Un-Favorable
OUT_01516,2024-08,12.077048626438335,1,Small,1,Eatery,DIST_W_01,Moderate
OUT_01516,2024-09,19.155296146509784,2,Small,1,Eatery,DIST_W_01,Moderate
OUT_01516,2024-11,32.01100814387467,1,Small,1,Eatery,DIST_W_01,Moderate
OUT_01516,2024-12,122.6940660272293,2,Small,1,Eatery,DIST_W_01,Favorable
OUT_01516,2025-01,23.16979514102991,2,Small,1,Eatery,DIST_W_01,Moderate
OUT_01516,2025-02,15.144196869102192,2,Small,1,Eatery,DIST_W_01,Moderate
OUT_01516,2025-05,51.7744161168791,3,Small,1,Eatery,DIST_W_01,Un-Favorable
OUT_01516,2025-06,16.721560741180053,1,Small,1,Eatery,DIST_W_01,Un-Favorable
OUT_01516,2025-12,126.36210585511142,2,Small,1,Eatery,DIST_W_01,Favorable
OUT_01546,2023-01,17.327325346844592,3,Medium,1,Pharmacy,DIST_W_03,Moderate
OUT_01546,2023-03,99.34176103954265,1,Medium,1,Pharmacy,DIST_W_03,Moderate
OUT_01546,2023-04,332.7573851487607,4,Medium,1,Pharmacy,DIST_W_03,Favorable
OUT_01546,2023-05,74.6776184694579,4,Medium,1,Pharmacy,DIST_W_03,Un-Favorable
OUT_01546,2023-06,166.7597641414662,1,Medium,1,Pharmacy,DIST_W_03,Un-Favorable
OUT_01546,2023-07,187.7295612943995,1,Medium,1,Pharmacy,DIST_W_03,Moderate
OUT_01546,2023-09,41.33234334026484,2,Medium,1,Pharmacy,DIST_W_03,Moderate
OUT_01546,2023-12,305.75565144511336,2,Medium,1,Pharmacy,DIST_W_03,Favorable
OUT_01546,2024-01,95.7851163000887,2,Medium,1,Pharmacy,DIST_W_03,Moderate
OUT_01546,2024-02,225.6319864279452,3,Medium,1,Pharmacy,DIST_W_03,Moderate
OUT_01546,2024-03,191.12262512980448,3,Medium,1,Pharmacy,DIST_W_03,Moderate
OUT_01546,2024-05,67.49027648971523,3,Medium,1,Pharmacy,DIST_W_03,Un-Favorable
OUT_01546,2024-07,78.65158534728339,1,Medium,1,Pharmacy,DIST_W_03,Moderate
OUT_01546,2024-08,188.18442700624965,1,Medium,1,Pharmacy,DIST_W_03,Moderate
OUT_01546,2024-10,56.67580084947194,2,Medium,1,Pharmacy,DIST_W_03,Moderate
OUT_01546,2024-11,112.26114272050498,1,Medium,1,Pharmacy,DIST_W_03,Moderate
OUT_01546,2024-12,231.6114915839804,2,Medium,1,Pharmacy,DIST_W_03,Favorable
OUT_01546,2025-02,43.98834363965109,2,Medium,1,Pharmacy,DIST_W_03,Moderate
OUT_01546,2025-03,162.23050142419524,1,Medium,1,Pharmacy,DIST_W_03,Moderate
OUT_01546,2025-05,81.17753610827987,3,Medium,1,Pharmacy,DIST_W_03,Un-Favorable
OUT_01546,2025-06,116.91869334212552,1,Medium,1,Pharmacy,DIST_W_03,Un-Favorable
OUT_01546,2025-07,217.19671571790977,1,Medium,1,Pharmacy,DIST_W_03,Moderate
OUT_01546,2025-10,87.39988503152883,1,Medium,1,Pharmacy,DIST_W_03,Moderate
OUT_01546,2025-11,174.03285776355372,1,Medium,1,Pharmacy,DIST_W_03,Moderate
OUT_01546,2025-12,22.66366540848444,2,Medium,1,Pharmacy,DIST_W_03,Favorable
OUT_01593,2023-01,537.9138585582967,3,Large,2,Pharmacy,DIST_W_03,Moderate
OUT_01593,2023-02,531.5368328561154,3,Large,2,Pharmacy,DIST_W_03,Moderate
OUT_01593,2023-03,486.1894382435751,1,Large,2,Pharmacy,DIST_W_03,Moderate
OUT_01593,2023-04,788.2186869842163,4,Large,2,Pharmacy,DIST_W_03,Favorable
OUT_01593,2023-05,432.53236949470926,4,Large,2,Pharmacy,DIST_W_03,Un-Favorable
OUT_01593,2023-06,426.45725913259577,1,Large,2,Pharmacy,DIST_W_03,Un-Favorable
OUT_01593,2023-07,602.3608663176395,1,Large,2,Pharmacy,DIST_W_03,Moderate
OUT_01593,2023-09,590.4880469862051,2,Large,2,Pharmacy,DIST_W_03,Moderate
OUT_01593,2023-12,843.2745444153818,2,Large,2,Pharmacy,DIST_W_03,Favorable
OUT_01593,2024-01,316.471976226968,2,Large,2,Pharmacy,DIST_W_03,Moderate
OUT_01593,2024-02,498.8583879447892,3,Large,2,Pharmacy,DIST_W_03,Moderate
OUT_01593,2024-04,838.6817610241488,7,Large,2,Pharmacy,DIST_W_03,Favorable
OUT_01593,2024-05,313.4332264922053,3,Large,2,Pharmacy,DIST_W_03,Un-Favorable
OUT_01593,2024-07,670.247554892818,1,Large,2,Pharmacy,DIST_W_03,Moderate
OUT_01593,2024-08,602.5096907532045,1,Large,2,Pharmacy,DIST_W_03,Moderate
OUT_01593,2024-09,294.6253983777934,2,Large,2,Pharmacy,DIST_W_03,Moderate
OUT_01593,2024-10,645.2211220020225,2,Large,2,Pharmacy,DIST_W_03,Moderate
OUT_01593,2024-11,490.6977123732862,1,Large,2,Pharmacy,DIST_W_03,Moderate
OUT_01593,2024-12,884.007780161345,2,Large,2,Pharmacy,DIST_W_03,Favorable
OUT_01593,2025-02,441.7461917055389,2,Large,2,Pharmacy,DIST_W_03,Moderate
OUT_01593,2025-03,542.9892840061207,1,Large,2,Pharmacy,DIST_W_03,Moderate
OUT_01593,2025-04,827.9921019441979,5,Large,2,Pharmacy,DIST_W_03,Favorable
OUT_01593,2025-05,403.38730285149046,3,Large,2,Pharmacy,DIST_W_03,Un-Favorable
OUT_01593,2025-06,406.3268684308409,1,Large,2,Pharmacy,DIST_W_03,Un-Favorable
OUT_01593,2025-07,642.7508848960343,1,Large,2,Pharmacy,DIST_W_03,Moderate
OUT_01593,2025-08,324.2523129160683,1,Large,2,Pharmacy,DIST_W_03,Moderate
OUT_01593,2025-09,644.3555636012021,2,Large,2,Pharmacy,DIST_W_03,Moderate
OUT_01593,2025-10,631.9033869232856,1,Large,2,Pharmacy,DIST_W_03,Moderate
OUT_01593,2025-11,584.8716993443736,1,Large,2,Pharmacy,DIST_W_03,Moderate
OUT_01631,2023-01,38.781700639046335,3,Small,0,Grocry,DIST_W_02,Moderate
OUT_01631,2023-04,98.84684117387702,4,Small,0,Grocry,DIST_W_02,Favorable
OUT_01631,2023-07,92.64386603005892,1,Small,0,Grocry,DIST_W_02,Moderate
OUT_01631,2023-08,58.69285996728195,2,Small,0,Grocry,DIST_W_02,Moderate
OUT_01631,2024-01,50.75124915759939,2,Small,0,Grocry,DIST_W_02,Moderate
OUT_01631,2024-02,19.45901739458425,3,Small,0,Grocry,DIST_W_02,Moderate
OUT_01631,2024-03,69.59497509254726,3,Small,0,Grocry,DIST_W_02,Moderate
OUT_01631,2024-04,24.58430400064241,7,Small,0,Grocry,DIST_W_02,Favorable
OUT_01631,2024-10,15.08032984039646,2,Small,0,Grocry,DIST_W_02,Moderate
OUT_01631,2024-11,4.87677035016392,1,Small,0,Grocry,DIST_W_02,Moderate
OUT_01631,2024-12,25.601660665075507,2,Small,0,Grocry,DIST_W_02,Favorable
OUT_01631,2025-02,22.67352020425187,2,Small,0,Grocry,DIST_W_02,Moderate
OUT_01631,2025-03,29.88223557890124,1,Small,0,Grocry,DIST_W_02,Moderate
OUT_01631,2025-05,16.170330283318815,3,Small,0,Grocry,DIST_W_02,Un-Favorable
OUT_01631,2025-11,97.00365324225422,1,Small,0,Grocry,DIST_W_02,Moderate
OUT_01631,2025-12,69.28918891945652,2,Small,0,Grocry,DIST_W_02,Favorable
OUT_01643,2023-01,10.348974438833867,3,Small,1,SMMT,DIST_W_03,Moderate
OUT_01643,2023-04,59.67101843970719,4,Small,1,SMMT,DIST_W_03,Favorable
OUT_01643,2023-07,21.16700752151797,1,Small,1,SMMT,DIST_W_03,Moderate
OUT_01643,2023-09,94.71460709005716,2,Small,1,SMMT,DIST_W_03,Moderate
OUT_01643,2023-12,90.57685654905562,2,Small,1,SMMT,DIST_W_03,Favorable
OUT_01643,2024-01,99.02413294045694,2,Small,1,SMMT,DIST_W_03,Moderate
OUT_01643,2024-02,10.632381305033556,3,Small,1,SMMT,DIST_W_03,Moderate
OUT_01643,2024-04,129.90005547054628,7,Small,1,SMMT,DIST_W_03,Favorable
OUT_01643,2024-05,10.6688472118984,3,Small,1,SMMT,DIST_W_03,Un-Favorable
OUT_01643,2024-07,74.39318508817395,1,Small,1,SMMT,DIST_W_03,Moderate
OUT_01643,2024-08,32.37663856024063,1,Small,1,SMMT,DIST_W_03,Moderate
OUT_01643,2024-12,15.513911318594625,2,Small,1,SMMT,DIST_W_03,Favorable
OUT_01643,2025-04,12.83648813046788,5,Small,1,SMMT,DIST_W_03,Favorable
OUT_01643,2025-05,10.656604492434749,3,Small,1,SMMT,DIST_W_03,Un-Favorable
OUT_01643,2025-07,22.617774742408194,1,Small,1,SMMT,DIST_W_03,Moderate
OUT_01643,2025-11,5.03021689079488,1,Small,1,SMMT,DIST_W_03,Moderate
OUT_01643,2025-12,55.07012333512341,2,Small,1,SMMT,DIST_W_03,Favorable
OUT_01709,2023-02,14.297108939401504,3,Small,0,Grocery,DIST_W_01,Moderate
OUT_01709,2023-06,14.333956556764932,1,Small,0,Grocery,DIST_W_01,Un-Favorable
OUT_01709,2023-07,18.94071741746862,1,Small,0,Grocery,DIST_W_01,Moderate
OUT_01709,2023-08,17.905100045904287,2,Small,0,Grocery,DIST_W_01,Moderate
OUT_01709,2023-09,29.4572365019719,2,Small,0,Grocery,DIST_W_01,Moderate
OUT_01709,2023-11,17.00483296585625,1,Small,0,Grocery,DIST_W_01,Moderate
OUT_01709,2024-03,37.37329148749814,3,Small,0,Grocery,DIST_W_01,Moderate
OUT_01709,2024-04,17.38113281240518,7,Small,0,Grocery,DIST_W_01,Favorable
OUT_01709,2024-05,9.595803175395735,3,Small,0,Grocery,DIST_W_01,Un-Favorable
OUT_01709,2024-06,18.50645421414266,2,Small,0,Grocery,DIST_W_01,Un-Favorable
OUT_01709,2024-09,18.297321084541785,2,Small,0,Grocery,DIST_W_01,Moderate
OUT_01709,2024-10,18.209558659956013,2,Small,0,Grocery,DIST_W_01,Moderate
OUT_01709,2024-11,26.582221165346688,1,Small,0,Grocery,DIST_W_01,Moderate
OUT_01709,2024-12,31.508921888838152,2,Small,0,Grocery,DIST_W_01,Favorable
OUT_01709,2025-02,30.041667293808217,2,Small,0,Grocery,DIST_W_01,Moderate
OUT_01709,2025-03,26.04750857733318,1,Small,0,Grocery,DIST_W_01,Moderate
OUT_01709,2025-04,130.78452371792326,5,Small,0,Grocery,DIST_W_01,Favorable
OUT_01709,2025-05,5.802036981940267,3,Small,0,Grocery,DIST_W_01,Un-Favorable
OUT_01709,2025-08,9.770474229796868,1,Small,0,Grocery,DIST_W_01,Moderate
OUT_01709,2025-09,83.19136026312026,2,Small,0,Grocery,DIST_W_01,Moderate
OUT_01709,2025-10,90.75039587751648,1,Small,0,Grocery,DIST_W_01,Moderate
OUT_01709,2025-11,91.54025096467844,1,Small,0,Grocery,DIST_W_01,Moderate
OUT_01741,2023-02,173.72547587552185,3,Medium,1,Hotel,DIST_W_03,Moderate
OUT_01741,2023-04,92.66802644776756,4,Medium,1,Hotel,DIST_W_03,Favorable
OUT_01741,2023-05,21.47343381527066,4,Medium,1,Hotel,DIST_W_03,Un-Favorable
OUT_01741,2023-07,37.8509093015977,1,Medium,1,Hotel,DIST_W_03,Moderate
OUT_01741,2023-08,199.834712129868,2,Medium,1,Hotel,DIST_W_03,Moderate
OUT_01741,2023-09,169.39886146043307,2,Medium,1,Hotel,DIST_W_03,Moderate
OUT_01741,2023-10,157.49787772769398,1,Medium,1,Hotel,DIST_W_03,Moderate
OUT_01741,2023-11,154.73466277492375,1,Medium,1,Hotel,DIST_W_03,Moderate
OUT_01741,2023-12,258.5254745517737,2,Medium,1,Hotel,DIST_W_03,Favorable
OUT_01741,2024-04,217.1064893054237,7,Medium,1,Hotel,DIST_W_03,Favorable
OUT_01741,2024-05,43.907293248000336,3,Medium,1,Hotel,DIST_W_03,Un-Favorable
OUT_01741,2024-06,147.71891702650595,2,Medium,1,Hotel,DIST_W_03,Un-Favorable
OUT_01741,2024-07,43.63118894179985,1,Medium,1,Hotel,DIST_W_03,Moderate
OUT_01741,2024-08,11.539750208182545,1,Medium,1,Hotel,DIST_W_03,Moderate
OUT_01741,2024-09,184.10164201303323,2,Medium,1,Hotel,DIST_W_03,Moderate
OUT_01741,2024-10,24.66824104485618,2,Medium,1,Hotel,DIST_W_03,Moderate
OUT_01741,2025-01,70.09310050425528,2,Medium,1,Hotel,DIST_W_03,Moderate
OUT_01741,2025-02,140.52993410520804,2,Medium,1,Hotel,DIST_W_03,Moderate
OUT_01741,2025-03,175.59648790675533,1,Medium,1,Hotel,DIST_W_03,Moderate
OUT_01741,2025-04,246.423252777678,5,Medium,1,Hotel,DIST_W_03,Favorable
OUT_01741,2025-07,32.58521148884616,1,Medium,1,Hotel,DIST_W_03,Moderate
OUT_01741,2025-08,232.45326527744933,1,Medium,1,Hotel,DIST_W_03,Moderate
OUT_01741,2025-10,145.33128291757544,1,Medium,1,Hotel,DIST_W_03,Moderate
OUT_01741,2025-11,73.06552749083481,1,Medium,1,Hotel,DIST_W_03,Moderate
OUT_01741,2025-12,140.51711464125512,2,Medium,1,Hotel,DIST_W_03,Favorable
OUT_01753,2023-03,30.65646457760102,1,Small,0,Pharmacy,DIST_W_03,Moderate
OUT_01753,2023-04,24.27076005126243,4,Small,0,Pharmacy,DIST_W_03,Favorable
OUT_01753,2023-06,15.208535164485928,1,Small,0,Pharmacy,DIST_W_03,Un-Favorable
OUT_01753,2023-11,84.99973500838767,1,Small,0,Pharmacy,DIST_W_03,Moderate
OUT_01753,2024-02,36.44672433198726,3,Small,0,Pharmacy,DIST_W_03,Moderate
OUT_01753,2024-04,102.45575277943036,7,Small,0,Pharmacy,DIST_W_03,Favorable
OUT_01753,2024-09,22.647959933628087,2,Small,0,Pharmacy,DIST_W_03,Moderate
OUT_01753,2024-10,28.376524398594764,2,Small,0,Pharmacy,DIST_W_03,Moderate
OUT_01753,2024-11,9.06889111142895,1,Small,0,Pharmacy,DIST_W_03,Moderate
OUT_01753,2025-07,23.644635616143617,1,Small,0,Pharmacy,DIST_W_03,Moderate
OUT_01753,2025-08,46.486519306143855,1,Small,0,Pharmacy,DIST_W_03,Moderate
OUT_01753,2025-09,43.73698606968976,2,Small,0,Pharmacy,DIST_W_03,Moderate
OUT_01753,2025-10,64.01840731690227,1,Small,0,Pharmacy,DIST_W_03,Moderate
OUT_01764,2023-01,74.83626889145376,3,Small,0,Pharmacy,DIST_W_03,Moderate
OUT_01764,2023-03,107.82767318705388,1,Small,0,Pharmacy,DIST_W_03,Moderate
OUT_01764,2023-04,10.08766444878399,4,Small,0,Pharmacy,DIST_W_03,Favorable
OUT_01764,2023-05,8.987612513744693,4,Small,0,Pharmacy,DIST_W_03,Un-Favorable
OUT_01764,2023-06,15.683717699770082,1,Small,0,Pharmacy,DIST_W_03,Un-Favorable
OUT_01764,2023-12,124.56114555083772,2,Small,0,Pharmacy,DIST_W_03,Favorable
OUT_01764,2024-03,83.38338990494134,3,Small,0,Pharmacy,DIST_W_03,Moderate
OUT_01764,2024-04,38.10765870040412,7,Small,0,Pharmacy,DIST_W_03,Favorable
OUT_01764,2024-05,48.63007116322572,3,Small,0,Pharmacy,DIST_W_03,Un-Favorable
OUT_01764,2024-08,9.743766828194792,1,Small,0,Pharmacy,DIST_W_03,Moderate
OUT_01764,2024-09,91.4512072988325,2,Small,0,Pharmacy,DIST_W_03,Moderate
OUT_01764,2025-01,66.24137686857556,2,Small,0,Pharmacy,DIST_W_03,Moderate
OUT_01764,2025-05,36.78640836611595,3,Small,0,Pharmacy,DIST_W_03,Un-Favorable
OUT_01764,2025-07,84.15255141792169,1,Small,0,Pharmacy,DIST_W_03,Moderate
OUT_01764,2025-08,21.5477001100676,1,Small,0,Pharmacy,DIST_W_03,Moderate
OUT_01764,2025-09,95.55441125801096,2,Small,0,Pharmacy,DIST_W_03,Moderate
OUT_01765,2023-01,21.21050304306945,3,Small,0,Kiosk,DIST_W_03,Moderate
OUT_01765,2023-04,43.41251985142679,4,Small,0,Kiosk,DIST_W_03,Favorable
OUT_01765,2023-06,59.12917055504863,1,Small,0,Kiosk,DIST_W_03,Un-Favorable
OUT_01765,2023-07,24.83503685954292,1,Small,0,Kiosk,DIST_W_03,Moderate
OUT_01765,2023-08,72.49669538468432,2,Small,0,Kiosk,DIST_W_03,Moderate
OUT_01765,2023-09,19.87296026620558,2,Small,0,Kiosk,DIST_W_03,Moderate
OUT_01765,2023-11,79.13206521885942,1,Small,0,Kiosk,DIST_W_03,Moderate
OUT_01765,2024-03,12.178943929896338,3,Small,0,Kiosk,DIST_W_03,Moderate
OUT_01765,2024-04,42.52163336518825,7,Small,0,Kiosk,DIST_W_03,Favorable
OUT_01765,2024-05,19.95094502661605,3,Small,0,Kiosk,DIST_W_03,Un-Favorable
OUT_01765,2024-06,8.08071135359741,2,Small,0,Kiosk,DIST_W_03,Un-Favorable
OUT_01765,2024-07,41.9486658566472,1,Small,0,Kiosk,DIST_W_03,Moderate
OUT_01765,2024-09,9.295939993183572,2,Small,0,Kiosk,DIST_W_03,Moderate
OUT_01765,2024-10,42.470203386080655,2,Small,0,Kiosk,DIST_W_03,Moderate
OUT_01765,2024-12,97.07468059764985,2,Small,0,Kiosk,DIST_W_03,Favorable
OUT_01765,2025-01,26.250674714586065,2,Small,0,Kiosk,DIST_W_03,Moderate
OUT_01765,2025-03,79.87664079298595,1,Small,0,Kiosk,DIST_W_03,Moderate
OUT_01765,2025-04,6.407017202110751,5,Small,0,Kiosk,DIST_W_03,Favorable
OUT_01765,2025-07,71.45667570030079,1,Small,0,Kiosk,DIST_W_03,Moderate
OUT_01765,2025-08,125.8714654746215,1,Small,0,Kiosk,DIST_W_03,Moderate
OUT_01765,2025-10,6.708652491903185,1,Small,0,Kiosk,DIST_W_03,Moderate
OUT_01765,2025-11,4.395335182195189,1,Small,0,Kiosk,DIST_W_03,Moderate
OUT_01765,2025-12,102.02803491605624,2,Small,0,Kiosk,DIST_W_03,Favorable
OUT_01780,2023-01,68.25479193630876,3,Medium,1,Grocery,DIST_W_01,Moderate
OUT_01780,2023-02,64.71521344841463,3,Medium,1,Grocery,DIST_W_01,Moderate
OUT_01780,2023-03,70.30282053887208,1,Medium,1,Grocery,DIST_W_01,Moderate
OUT_01780,2023-04,180.74036998097148,4,Medium,1,Grocery,DIST_W_01,Favorable
OUT_01780,2023-05,43.22732964445382,4,Medium,1,Grocery,DIST_W_01,Un-Favorable
OUT_01780,2023-06,139.7374218401537,1,Medium,1,Grocery,DIST_W_01,Un-Favorable
OUT_01780,2023-07,229.60574292544567,1,Medium,1,Grocery,DIST_W_01,Moderate
OUT_01780,2023-08,202.58883837219332,2,Medium,1,Grocery,DIST_W_01,Moderate
OUT_01780,2023-09,68.60084227162805,2,Medium,1,Grocery,DIST_W_01,Moderate
OUT_01780,2023-10,204.02027503547416,1,Medium,1,Grocery,DIST_W_01,Moderate
OUT_01780,2023-11,241.26244659838585,1,Medium,1,Grocery,DIST_W_01,Moderate
OUT_01780,2024-04,55.66309049387253,7,Medium,1,Grocery,DIST_W_01,Favorable
OUT_01780,2024-05,49.768415901504056,3,Medium,1,Grocery,DIST_W_01,Un-Favorable
OUT_01780,2024-06,160.63744736724612,2,Medium,1,Grocery,DIST_W_01,Un-Favorable
OUT_01780,2024-07,87.04098109270691,1,Medium,1,Grocery,DIST_W_01,Moderate
OUT_01780,2024-09,91.89918157691312,2,Medium,1,Grocery,DIST_W_01,Moderate
OUT_01780,2024-11,159.75696514926412,1,Medium,1,Grocery,DIST_W_01,Moderate
OUT_01780,2024-12,325.61961109244635,2,Medium,1,Grocery,DIST_W_01,Favorable
OUT_01780,2025-01,194.0654760305214,2,Medium,1,Grocery,DIST_W_01,Moderate
OUT_01780,2025-02,198.03296335850067,2,Medium,1,Grocery,DIST_W_01,Moderate
OUT_01780,2025-03,117.77298244375488,1,Medium,1,Grocery,DIST_W_01,Moderate
OUT_01780,2025-04,31.66940429496468,5,Medium,1,Grocery,DIST_W_01,Favorable
OUT_01780,2025-05,71.0238234270395,3,Medium,1,Grocery,DIST_W_01,Un-Favorable
OUT_01780,2025-07,168.21155241718753,1,Medium,1,Grocery,DIST_W_01,Moderate
OUT_01780,2025-08,222.56939354548672,1,Medium,1,Grocery,DIST_W_01,Moderate
OUT_01780,2025-10,190.77453618090792,1,Medium,1,Grocery,DIST_W_01,Moderate
OUT_01780,2025-11,171.37134747487994,1,Medium,1,Grocery,DIST_W_01,Moderate
OUT_01780,2025-12,147.8458974549175,2,Medium,1,Grocery,DIST_W_01,Favorable
OUT_01796,2023-03,17.583228148895873,1,Small,1,Kiosk,DIST_W_03,Moderate
OUT_01796,2023-09,48.03819401056545,2,Small,1,Kiosk,DIST_W_03,Moderate
OUT_01796,2023-11,30.44953909569316,1,Small,1,Kiosk,DIST_W_03,Moderate
OUT_01796,2023-12,29.36699804553424,2,Small,1,Kiosk,DIST_W_03,Favorable
OUT_01796,2024-01,19.228783740427872,2,Small,1,Kiosk,DIST_W_03,Moderate
OUT_01796,2024-02,46.65734417422568,3,Small,1,Kiosk,DIST_W_03,Moderate
OUT_01796,2024-06,13.542146705174009,2,Small,1,Kiosk,DIST_W_03,Un-Favorable
OUT_01796,2024-07,33.84719661146043,1,Small,1,Kiosk,DIST_W_03,Moderate
OUT_01796,2024-08,4.618946395632286,1,Small,1,Kiosk,DIST_W_03,Moderate
OUT_01796,2024-12,70.9105661388775,2,Small,1,Kiosk,DIST_W_03,Favorable
OUT_01796,2025-02,46.673060589653886,2,Small,1,Kiosk,DIST_W_03,Moderate
OUT_01796,2025-03,4.984501352042594,1,Small,1,Kiosk,DIST_W_03,Moderate
OUT_01796,2025-04,7.142223653896588,5,Small,1,Kiosk,DIST_W_03,Favorable
OUT_01796,2025-07,80.14643774733156,1,Small,1,Kiosk,DIST_W_03,Moderate
OUT_01796,2025-08,15.90065716576262,1,Small,1,Kiosk,DIST_W_03,Moderate
OUT_01796,2025-09,9.095001568028566,2,Small,1,Kiosk,DIST_W_03,Moderate
OUT_01796,2025-11,31.972543224200614,1,Small,1,Kiosk,DIST_W_03,Moderate
OUT_01796,2025-12,31.74400892297617,2,Small,1,Kiosk,DIST_W_03,Favorable
OUT_01807,2023-01,74.02969472011257,3,Small,0,Grocery,DIST_W_03,Moderate
OUT_01807,2023-02,29.064639587507227,3,Small,0,Grocery,DIST_W_03,Moderate
OUT_01807,2023-03,9.373374155890136,1,Small,0,Grocery,DIST_W_03,Moderate
OUT_01807,2023-04,32.08823592764238,4,Small,0,Grocery,DIST_W_03,Favorable
OUT_01807,2023-07,88.80276121888826,1,Small,0,Grocery,DIST_W_03,Moderate
OUT_01807,2023-08,79.12049422851099,2,Small,0,Grocery,DIST_W_03,Moderate
OUT_01807,2023-09,76.32543482337991,2,Small,0,Grocery,DIST_W_03,Moderate
OUT_01807,2023-11,86.23497619508302,1,Small,0,Grocery,DIST_W_03,Moderate
OUT_01807,2023-12,33.3158103392916,2,Small,0,Grocery,DIST_W_03,Favorable
OUT_01807,2024-04,65.24514011179285,7,Small,0,Grocery,DIST_W_03,Favorable
OUT_01807,2024-05,23.76668789785751,3,Small,0,Grocery,DIST_W_03,Un-Favorable
OUT_01807,2024-07,86.83986832903683,1,Small,0,Grocery,DIST_W_03,Moderate
OUT_01807,2024-09,20.780735591323165,2,Small,0,Grocery,DIST_W_03,Moderate
OUT_01807,2024-12,132.6716817280929,2,Small,0,Grocery,DIST_W_03,Favorable
OUT_01807,2025-01,5.92640374607601,2,Small,0,Grocery,DIST_W_03,Moderate
OUT_01807,2025-05,6.558341658059383,3,Small,0,Grocery,DIST_W_03,Un-Favorable
OUT_01807,2025-06,57.29678343582838,1,Small,0,Grocery,DIST_W_03,Un-Favorable
OUT_01807,2025-09,56.94917990359629,2,Small,0,Grocery,DIST_W_03,Moderate
OUT_01807,2025-10,30.25093784596736,1,Small,0,Grocery,DIST_W_03,Moderate
OUT_01807,2025-11,82.96424804305512,1,Small,0,Grocery,DIST_W_03,Moderate
OUT_01807,2025-12,126.74613143822344,2,Small,0,Grocery,DIST_W_03,Favorable
OUT_01825,2023-01,628.7903148317051,3,Large,5,SMMT,DIST_W_03,Moderate
OUT_01825,2023-02,557.8244992307308,3,Large,5,SMMT,DIST_W_03,Moderate
OUT_01825,2023-03,581.2107268670675,1,Large,5,SMMT,DIST_W_03,Moderate
OUT_01825,2023-04,888.1052798798266,4,Large,5,SMMT,DIST_W_03,Favorable
OUT_01825,2023-07,570.492562960764,1,Large,5,SMMT,DIST_W_03,Moderate
OUT_01825,2023-10,613.1514897836297,1,Large,5,SMMT,DIST_W_03,Moderate
OUT_01825,2023-11,470.122598164431,1,Large,5,SMMT,DIST_W_03,Moderate
OUT_01825,2023-12,915.4838546887992,2,Large,5,SMMT,DIST_W_03,Favorable
OUT_01825,2024-01,674.3173872823505,2,Large,5,SMMT,DIST_W_03,Moderate
OUT_01825,2024-02,699.066657647163,3,Large,5,SMMT,DIST_W_03,Moderate
OUT_01825,2024-03,420.4992772794784,3,Large,5,SMMT,DIST_W_03,Moderate
OUT_01825,2024-05,375.727806023544,3,Large,5,SMMT,DIST_W_03,Un-Favorable
OUT_01825,2024-06,316.9234604333562,2,Large,5,SMMT,DIST_W_03,Un-Favorable
OUT_01825,2024-07,576.5535854946371,1,Large,5,SMMT,DIST_W_03,Moderate
OUT_01825,2024-10,629.7587615557578,2,Large,5,SMMT,DIST_W_03,Moderate
OUT_01825,2024-11,344.5278752840396,1,Large,5,SMMT,DIST_W_03,Moderate
OUT_01825,2024-12,983.3298933733108,2,Large,5,SMMT,DIST_W_03,Favorable
OUT_01825,2025-01,327.37459433201207,2,Large,5,SMMT,DIST_W_03,Moderate
OUT_01825,2025-02,285.57547097458087,2,Large,5,SMMT,DIST_W_03,Moderate
OUT_01825,2025-03,607.2987828234342,1,Large,5,SMMT,DIST_W_03,Moderate
OUT_01825,2025-04,961.9161699497644,5,Large,5,SMMT,DIST_W_03,Favorable
OUT_01825,2025-05,368.1636011970769,3,Large,5,SMMT,DIST_W_03,Un-Favorable
OUT_01825,2025-06,374.9465230871471,1,Large,5,SMMT,DIST_W_03,Un-Favorable
OUT_01825,2025-08,587.2563058597442,1,Large,5,SMMT,DIST_W_03,Moderate
OUT_01825,2025-09,528.8110852073947,2,Large,5,SMMT,DIST_W_03,Moderate
OUT_01825,2025-10,496.9374817540242,1,Large,5,SMMT,DIST_W_03,Moderate
OUT_01825,2025-11,649.6300218530663,1,Large,5,SMMT,DIST_W_03,Moderate
OUT_01825,2025-12,850.7279279217695,2,Large,5,SMMT,DIST_W_03,Favorable
OUT_01827,2023-01,272.80646784758505,3,Large,4,Hotel,DIST_W_03,Moderate
OUT_01827,2023-03,525.7014626938087,1,Large,4,Hotel,DIST_W_03,Moderate
OUT_01827,2023-04,932.0327705744944,4,Large,4,Hotel,DIST_W_03,Favorable
OUT_01827,2023-05,440.0549111719385,4,Large,4,Hotel,DIST_W_03,Un-Favorable
OUT_01827,2023-06,345.2009738345075,1,Large,4,Hotel,DIST_W_03,Un-Favorable
OUT_01827,2023-07,559.5485321660524,1,Large,4,Hotel,DIST_W_03,Moderate
OUT_01827,2023-08,631.8592993468349,2,Large,4,Hotel,DIST_W_03,Moderate
OUT_01827,2023-09,610.5730570007984,2,Large,4,Hotel,DIST_W_03,Moderate
OUT_01827,2023-10,621.8950482788285,1,Large,4,Hotel,DIST_W_03,Moderate
OUT_01827,2023-11,639.2168915234084,1,Large,4,Hotel,DIST_W_03,Moderate
OUT_01827,2023-12,740.6568671678372,2,Large,4,Hotel,DIST_W_03,Favorable
OUT_01827,2024-02,274.2642963408519,3,Large,4,Hotel,DIST_W_03,Moderate
OUT_01827,2024-03,226.1882529253044,3,Large,4,Hotel,DIST_W_03,Moderate
OUT_01827,2024-04,912.0324216204632,7,Large,4,Hotel,DIST_W_03,Favorable
OUT_01827,2024-05,432.20469736812737,3,Large,4,Hotel,DIST_W_03,Un-Favorable
OUT_01827,2024-06,331.84670106203686,2,Large,4,Hotel,DIST_W_03,Un-Favorable
OUT_01827,2024-07,611.5540523207458,1,Large,4,Hotel,DIST_W_03,Moderate
OUT_01827,2024-08,235.5802152633236,1,Large,4,Hotel,DIST_W_03,Moderate
OUT_01827,2024-09,707.7454357857714,2,Large,4,Hotel,DIST_W_03,Moderate
OUT_01827,2024-10,550.3249049482192,2,Large,4,Hotel,DIST_W_03,Moderate
OUT_01827,2024-11,579.2228269801985,1,Large,4,Hotel,DIST_W_03,Moderate
OUT_01827,2024-12,739.9341491314257,2,Large,4,Hotel,DIST_W_03,Favorable
OUT_01827,2025-02,689.9747540263181,2,Large,4,Hotel,DIST_W_03,Moderate
OUT_01827,2025-03,580.5679405352994,1,Large,4,Hotel,DIST_W_03,Moderate
OUT_01827,2025-04,890.4801641958328,5,Large,4,Hotel,DIST_W_03,Favorable
OUT_01827,2025-05,227.75161291296044,3,Large,4,Hotel,DIST_W_03,Un-Favorable
OUT_01827,2025-06,376.0192912350473,1,Large,4,Hotel,DIST_W_03,Un-Favorable
OUT_01827,2025-07,587.4790959790953,1,Large,4,Hotel,DIST_W_03,Moderate
OUT_01827,2025-08,704.2452324103949,1,Large,4,Hotel,DIST_W_03,Moderate
OUT_01827,2025-09,523.5460891094584,2,Large,4,Hotel,DIST_W_03,Moderate
OUT_01827,2025-10,562.1550067244447,1,Large,4,Hotel,DIST_W_03,Moderate
OUT_01827,2025-11,227.18368480486063,1,Large,4,Hotel,DIST_W_03,Moderate
OUT_01827,2025-12,971.5041212091857,2,Large,4,Hotel,DIST_W_03,Favorable
OUT_01838,2023-01,201.98928442523817,3,Medium,1,Kiosk,DIST_W_03,Moderate
OUT_01838,2023-03,51.67659256032186,1,Medium,1,Kiosk,DIST_W_03,Moderate
OUT_01838,2023-04,118.85131049424936,4,Medium,1,Kiosk,DIST_W_03,Favorable
OUT_01838,2023-05,33.3337992645416,4,Medium,1,Kiosk,DIST_W_03,Un-Favorable
OUT_01838,2023-06,60.163029481760944,1,Medium,1,Kiosk,DIST_W_03,Un-Favorable
OUT_01838,2023-08,132.01210553001218,2,Medium,1,Kiosk,DIST_W_03,Moderate
OUT_01838,2023-09,112.39094666986996,2,Medium,1,Kiosk,DIST_W_03,Moderate
OUT_01838,2023-10,83.44467762017877,1,Medium,1,Kiosk,DIST_W_03,Moderate
OUT_01838,2023-11,188.03724052617565,1,Medium,1,Kiosk,DIST_W_03,Moderate
OUT_01838,2023-12,107.40748160958978,2,Medium,1,Kiosk,DIST_W_03,Favorable
OUT_01838,2024-01,163.64615188998496,2,Medium,1,Kiosk,DIST_W_03,Moderate
OUT_01838,2024-03,168.1254762051444,3,Medium,1,Kiosk,DIST_W_03,Moderate
OUT_01838,2024-04,89.39124443464644,7,Medium,1,Kiosk,DIST_W_03,Favorable
OUT_01838,2024-05,34.04605362190155,3,Medium,1,Kiosk,DIST_W_03,Un-Favorable
OUT_01838,2024-07,187.7034701449783,1,Medium,1,Kiosk,DIST_W_03,Moderate
OUT_01838,2024-09,216.0730576553572,2,Medium,1,Kiosk,DIST_W_03,Moderate
OUT_01838,2024-11,95.31041010925485,1,Medium,1,Kiosk,DIST_W_03,Moderate
OUT_01838,2025-01,37.73666906340238,2,Medium,1,Kiosk,DIST_W_03,Moderate
OUT_01838,2025-03,209.65561088740608,1,Medium,1,Kiosk,DIST_W_03,Moderate
OUT_01838,2025-05,45.98325347488458,3,Medium,1,Kiosk,DIST_W_03,Un-Favorable
OUT_01838,2025-07,194.8589867900528,1,Medium,1,Kiosk,DIST_W_03,Moderate
OUT_01838,2025-08,235.411926088285,1,Medium,1,Kiosk,DIST_W_03,Moderate
OUT_01838,2025-09,145.30056063238487,2,Medium,1,Kiosk,DIST_W_03,Moderate
OUT_01838,2025-10,171.5700642911356,1,Medium,1,Kiosk,DIST_W_03,Moderate
OUT_01838,2025-11,40.45008348571548,1,Medium,1,Kiosk,DIST_W_03,Moderate
OUT_01838,2025-12,236.39088950987912,2,Medium,1,Kiosk,DIST_W_03,Favorable
OUT_01853,2023-02,117.00280756522972,3,Medium,1,SMMT,DIST_W_02,Moderate
OUT_01853,2023-04,212.50685922848623,4,Medium,1,SMMT,DIST_W_02,Favorable
OUT_01853,2023-06,30.36667929965581,1,Medium,1,SMMT,DIST_W_02,Un-Favorable
OUT_01853,2023-08,163.11985223895005,2,Medium,1,SMMT,DIST_W_02,Moderate
OUT_01853,2023-09,248.65938895946587,2,Medium,1,SMMT,DIST_W_02,Moderate
OUT_01853,2023-11,211.4649798694793,1,Medium,1,SMMT,DIST_W_02,Moderate
OUT_01853,2024-01,177.00924897416917,2,Medium,1,SMMT,DIST_W_02,Moderate
OUT_01853,2024-02,172.43246138952736,3,Medium,1,SMMT,DIST_W_02,Moderate
OUT_01853,2024-03,48.624939356505614,3,Medium,1,SMMT,DIST_W_02,Moderate
OUT_01853,2024-04,278.3013940025145,7,Medium,1,SMMT,DIST_W_02,Favorable
OUT_01853,2024-05,113.28547997177584,3,Medium,1,SMMT,DIST_W_02,Un-Favorable
OUT_01853,2024-06,41.72406835700629,2,Medium,1,SMMT,DIST_W_02,Un-Favorable
OUT_01853,2024-07,163.73389450444904,1,Medium,1,SMMT,DIST_W_02,Moderate
OUT_01853,2024-09,167.8874153947907,2,Medium,1,SMMT,DIST_W_02,Moderate
OUT_01853,2024-10,110.3711603286881,2,Medium,1,SMMT,DIST_W_02,Moderate
OUT_01853,2024-11,177.85712164456672,1,Medium,1,SMMT,DIST_W_02,Moderate
OUT_01853,2025-02,162.06919985419057,2,Medium,1,SMMT,DIST_W_02,Moderate
OUT_01853,2025-04,345.3919211703764,5,Medium,1,SMMT,DIST_W_02,Favorable
OUT_01853,2025-05,137.8461141306492,3,Medium,1,SMMT,DIST_W_02,Un-Favorable
OUT_01853,2025-06,90.41936986993603,1,Medium,1,SMMT,DIST_W_02,Un-Favorable
OUT_01853,2025-09,146.6184810822139,2,Medium,1,SMMT,DIST_W_02,Moderate
OUT_01853,2025-10,217.6711915424589,1,Medium,1,SMMT,DIST_W_02,Moderate
OUT_01853,2025-11,60.19092084816687,1,Medium,1,SMMT,DIST_W_02,Moderate
OUT_01853,2025-12,125.77154664159184,2,Medium,1,SMMT,DIST_W_02,Favorable
OUT_01857,2023-03,62.36631373906078,1,Small,0,Bakery,DIST_W_02,Moderate
OUT_01857,2023-05,65.40161946711065,4,Small,0,Bakery,DIST_W_02,Un-Favorable
OUT_01857,2023-11,31.29450289377225,1,Small,0,Bakery,DIST_W_02,Moderate
OUT_01857,2024-01,67.82338572899008,2,Small,0,Bakery,DIST_W_02,Moderate
OUT_01857,2024-02,44.15059980590331,3,Small,0,Bakery,DIST_W_02,Moderate
OUT_01857,2024-05,11.586833118554352,3,Small,0,Bakery,DIST_W_02,Un-Favorable
OUT_01857,2024-06,40.74783354848521,2,Small,0,Bakery,DIST_W_02,Un-Favorable
OUT_01857,2024-10,100.67563567636896,2,Small,0,Bakery,DIST_W_02,Moderate
OUT_01857,2024-11,19.777763673650472,1,Small,0,Bakery,DIST_W_02,Moderate
OUT_01857,2024-12,100.8501981328643,2,Small,0,Bakery,DIST_W_02,Favorable
OUT_01857,2025-01,68.50791508421757,2,Small,0,Bakery,DIST_W_02,Moderate
OUT_01857,2025-03,49.31793891445565,1,Small,0,Bakery,DIST_W_02,Moderate
OUT_01857,2025-04,93.34202885695431,5,Small,0,Bakery,DIST_W_02,Favorable
OUT_01857,2025-05,55.3868268653349,3,Small,0,Bakery,DIST_W_02,Un-Favorable
OUT_01857,2025-06,3.4741737867306224,1,Small,0,Bakery,DIST_W_02,Un-Favorable
OUT_01857,2025-07,17.219409503130947,1,Small,0,Bakery,DIST_W_02,Moderate
OUT_01857,2025-09,15.77207314967112,2,Small,0,Bakery,DIST_W_02,Moderate
OUT_01857,2025-11,16.392716049139914,1,Small,0,Bakery,DIST_W_02,Moderate
OUT_01875,2023-02,31.53964916769682,3,Medium,1,SMMT,DIST_W_02,Moderate
OUT_01875,2023-03,226.21659695384992,1,Medium,1,SMMT,DIST_W_02,Moderate
OUT_01875,2023-05,110.05857492749638,4,Medium,1,SMMT,DIST_W_02,Un-Favorable
OUT_01875,2023-06,21.69862124027623,1,Medium,1,SMMT,DIST_W_02,Un-Favorable
OUT_01875,2023-07,138.25448142294758,1,Medium,1,SMMT,DIST_W_02,Moderate
OUT_01875,2023-09,236.5549681388434,2,Medium,1,SMMT,DIST_W_02,Moderate
OUT_01875,2023-10,203.51335146140443,1,Medium,1,SMMT,DIST_W_02,Moderate
OUT_01875,2023-11,93.89185150726324,1,Medium,1,SMMT,DIST_W_02,Moderate
OUT_01875,2023-12,82.63700371614422,2,Medium,1,SMMT,DIST_W_02,Favorable
OUT_01875,2024-02,23.52599528288542,3,Medium,1,SMMT,DIST_W_02,Moderate
OUT_01875,2024-03,210.8270834074545,3,Medium,1,SMMT,DIST_W_02,Moderate
OUT_01875,2024-04,221.5143897010916,7,Medium,1,SMMT,DIST_W_02,Favorable
OUT_01875,2024-06,42.83646447134323,2,Medium,1,SMMT,DIST_W_02,Un-Favorable
OUT_01875,2024-08,60.13374521117497,1,Medium,1,SMMT,DIST_W_02,Moderate
OUT_01875,2024-09,138.26684051769584,2,Medium,1,SMMT,DIST_W_02,Moderate
OUT_01875,2024-11,190.47684518264532,1,Medium,1,SMMT,DIST_W_02,Moderate
OUT_01875,2024-12,289.0552544459325,2,Medium,1,SMMT,DIST_W_02,Favorable
OUT_01875,2025-01,157.12152950147785,2,Medium,1,SMMT,DIST_W_02,Moderate
OUT_01875,2025-03,67.3063080875576,1,Medium,1,SMMT,DIST_W_02,Moderate
OUT_01875,2025-04,168.12747769246087,5,Medium,1,SMMT,DIST_W_02,Favorable
OUT_01875,2025-05,140.5219550489182,3,Medium,1,SMMT,DIST_W_02,Un-Favorable
OUT_01875,2025-06,136.00886624428782,1,Medium,1,SMMT,DIST_W_02,Un-Favorable
OUT_01875,2025-07,143.79445261352285,1,Medium,1,SMMT,DIST_W_02,Moderate
OUT_01875,2025-10,54.50142930208584,1,Medium,1,SMMT,DIST_W_02,Moderate
OUT_01875,2025-11,50.991291379560536,1,Medium,1,SMMT,DIST_W_02,Moderate
OUT_01875,2025-12,41.43006134429663,2,Medium,1,SMMT,DIST_W_02,Favorable
OUT_01877,2023-01,497.01216201835047,3,Large,2,Bakery,DIST_W_03,Moderate
OUT_01877,2023-02,562.0320094722508,3,Large,2,Bakery,DIST_W_03,Moderate
OUT_01877,2023-06,318.73977883905275,1,Large,2,Bakery,DIST_W_03,Un-Favorable
OUT_01877,2023-08,619.2117221330901,2,Large,2,Bakery,DIST_W_03,Moderate
OUT_01877,2023-09,671.24069487741,2,Large,2,Bakery,DIST_W_03,Moderate
OUT_01877,2023-10,192.5117747518754,1,Large,2,Bakery,DIST_W_03,Moderate
OUT_01877,2023-11,652.0628990441845,1,Large,2,Bakery,DIST_W_03,Moderate
OUT_01877,2023-12,989.7673307611008,2,Large,2,Bakery,DIST_W_03,Favorable
OUT_01877,2024-01,242.4690417465414,2,Large,2,Bakery,DIST_W_03,Moderate
OUT_01877,2024-02,633.6203226830787,3,Large,2,Bakery,DIST_W_03,Moderate
OUT_01877,2024-03,622.2430568131684,3,Large,2,Bakery,DIST_W_03,Moderate
OUT_01877,2024-04,851.2162555121456,7,Large,2,Bakery,DIST_W_03,Favorable
OUT_01877,2024-05,325.84718518748866,3,Large,2,Bakery,DIST_W_03,Un-Favorable
OUT_01877,2024-06,383.8795890338285,2,Large,2,Bakery,DIST_W_03,Un-Favorable
OUT_01877,2024-07,644.4615590472257,1,Large,2,Bakery,DIST_W_03,Moderate
OUT_01877,2024-08,488.9174789801889,1,Large,2,Bakery,DIST_W_03,Moderate
OUT_01877,2024-09,330.2583107511994,2,Large,2,Bakery,DIST_W_03,Moderate
OUT_01877,2024-10,577.9319936284923,2,Large,2,Bakery,DIST_W_03,Moderate
OUT_01877,2024-11,266.3205431122159,1,Large,2,Bakery,DIST_W_03,Moderate
OUT_01877,2024-12,794.5057664806802,2,Large,2,Bakery,DIST_W_03,Favorable
OUT_01877,2025-01,360.9995798345692,2,Large,2,Bakery,DIST_W_03,Moderate
OUT_01877,2025-02,643.4481412052544,2,Large,2,Bakery,DIST_W_03,Moderate
OUT_01877,2025-03,486.6307482752133,1,Large,2,Bakery,DIST_W_03,Moderate
OUT_01877,2025-04,939.5137517023362,5,Large,2,Bakery,DIST_W_03,Favorable
OUT_01877,2025-05,425.9287376574498,3,Large,2,Bakery,DIST_W_03,Un-Favorable
OUT_01877,2025-06,377.330517951897,1,Large,2,Bakery,DIST_W_03,Un-Favorable
OUT_01877,2025-07,529.8050406953051,1,Large,2,Bakery,DIST_W_03,Moderate
OUT_01877,2025-08,234.51168429897788,1,Large,2,Bakery,DIST_W_03,Moderate
OUT_01877,2025-09,670.3946592935577,2,Large,2,Bakery,DIST_W_03,Moderate
OUT_01877,2025-10,589.6242946590289,1,Large,2,Bakery,DIST_W_03,Moderate
OUT_01877,2025-11,439.1968440922636,1,Large,2,Bakery,DIST_W_03,Moderate
OUT_01877,2025-12,317.35115218958424,2,Large,2,Bakery,DIST_W_03,Favorable
OUT_01887,2023-01,612.0087686145616,3,Large,3,Pharmacy,DIST_W_03,Moderate
OUT_01887,2023-02,503.2020794933251,3,Large,3,Pharmacy,DIST_W_03,Moderate
OUT_01887,2023-03,575.2675037532133,1,Large,3,Pharmacy,DIST_W_03,Moderate
OUT_01887,2023-04,901.8819638588368,4,Large,3,Pharmacy,DIST_W_03,Favorable
OUT_01887,2023-05,430.8832878735829,4,Large,3,Pharmacy,DIST_W_03,Un-Favorable
OUT_01887,2023-07,552.13168420419,1,Large,3,Pharmacy,DIST_W_03,Moderate
OUT_01887,2023-08,276.7886371623785,2,Large,3,Pharmacy,DIST_W_03,Moderate
OUT_01887,2023-09,162.2488754493572,2,Large,3,Pharmacy,DIST_W_03,Moderate
OUT_01887,2023-10,645.1632048106649,1,Large,3,Pharmacy,DIST_W_03,Moderate
OUT_01887,2023-11,635.4904263151174,1,Large,3,Pharmacy,DIST_W_03,Moderate
OUT_01887,2023-12,827.840874132013,2,Large,3,Pharmacy,DIST_W_03,Favorable
OUT_01887,2024-01,553.308310826257,2,Large,3,Pharmacy,DIST_W_03,Moderate
OUT_01887,2024-02,613.1727206949931,3,Large,3,Pharmacy,DIST_W_03,Moderate
OUT_01887,2024-04,964.4994436089768,7,Large,3,Pharmacy,DIST_W_03,Favorable
OUT_01887,2024-05,454.2164316349608,3,Large,3,Pharmacy,DIST_W_03,Un-Favorable
OUT_01887,2024-06,406.3621896918044,2,Large,3,Pharmacy,DIST_W_03,Un-Favorable
OUT_01887,2024-07,627.2455451048106,1,Large,3,Pharmacy,DIST_W_03,Moderate
OUT_01887,2024-09,645.1765102028588,2,Large,3,Pharmacy,DIST_W_03,Moderate
OUT_01887,2024-11,568.4587614862826,1,Large,3,Pharmacy,DIST_W_03,Moderate
OUT_01887,2025-01,710.3672599178345,2,Large,3,Pharmacy,DIST_W_03,Moderate
OUT_01887,2025-03,555.7832721991972,1,Large,3,Pharmacy,DIST_W_03,Moderate
OUT_01887,2025-04,834.241278990468,5,Large,3,Pharmacy,DIST_W_03,Favorable
OUT_01887,2025-05,365.9010599400079,3,Large,3,Pharmacy,DIST_W_03,Un-Favorable
OUT_01887,2025-06,374.16602708256113,1,Large,3,Pharmacy,DIST_W_03,Un-Favorable
OUT_01887,2025-07,614.5522086890867,1,Large,3,Pharmacy,DIST_W_03,Moderate
OUT_01887,2025-10,665.984054316879,1,Large,3,Pharmacy,DIST_W_03,Moderate
OUT_01887,2025-11,625.1544146050439,1,Large,3,Pharmacy,DIST_W_03,Moderate
OUT_01887,2025-12,751.1779893120199,2,Large,3,Pharmacy,DIST_W_03,Favorable
OUT_01912,2023-03,27.85538535884778,1,Small,0,SMMT,DIST_W_01,Moderate
OUT_01912,2023-05,8.813891910291808,4,Small,0,SMMT,DIST_W_01,Un-Favorable
OUT_01912,2023-08,36.78777555992661,2,Small,0,SMMT,DIST_W_01,Moderate
OUT_01912,2023-09,-38.0389712616093,2,Small,0,SMMT,DIST_W_01,Moderate
OUT_01912,2023-11,31.00859419654265,1,Small,0,SMMT,DIST_W_01,Moderate
OUT_01912,2024-03,12.948330671115771,3,Small,0,SMMT,DIST_W_01,Moderate
OUT_01912,2024-07,83.82615329077348,1,Small,0,SMMT,DIST_W_01,Moderate
OUT_01912,2024-08,100.09901617843184,1,Small,0,SMMT,DIST_W_01,Moderate
OUT_01912,2024-09,76.67130879153687,2,Small,0,SMMT,DIST_W_01,Moderate
OUT_01912,2024-12,9.708040872096564,2,Small,0,SMMT,DIST_W_01,Favorable
OUT_01912,2025-03,15.38409617537563,1,Small,0,SMMT,DIST_W_01,Moderate
OUT_01912,2025-04,112.50601067887033,5,Small,0,SMMT,DIST_W_01,Favorable
OUT_01912,2025-05,18.21807412160123,3,Small,0,SMMT,DIST_W_01,Un-Favorable
OUT_01912,2025-06,62.75834252008507,1,Small,0,SMMT,DIST_W_01,Un-Favorable
OUT_01912,2025-07,23.450194781609788,1,Small,0,SMMT,DIST_W_01,Moderate
OUT_01912,2025-09,5.50674074679821,2,Small,0,SMMT,DIST_W_01,Moderate
OUT_01912,2025-11,82.198166223603,1,Small,0,SMMT,DIST_W_01,Moderate
OUT_01912,2025-12,40.473517345572944,2,Small,0,SMMT,DIST_W_01,Favorable
OUT_01922,2023-02,3.655738078678223,3,Small,0,Kiosk,DIST_W_03,Moderate
OUT_01922,2023-03,73.42259409549753,1,Small,0,Kiosk,DIST_W_03,Moderate
OUT_01922,2023-09,19.428763390925443,2,Small,0,Kiosk,DIST_W_03,Moderate
OUT_01922,2023-10,2.781819324294014,1,Small,0,Kiosk,DIST_W_03,Moderate
OUT_01922,2023-11,31.684964373498072,1,Small,0,Kiosk,DIST_W_03,Moderate
OUT_01922,2024-01,11.104399962463775,2,Small,0,Kiosk,DIST_W_03,Moderate
OUT_01922,2024-03,38.37731188545999,3,Small,0,Kiosk,DIST_W_03,Moderate
OUT_01922,2024-05,7.006291535327964,3,Small,0,Kiosk,DIST_W_03,Un-Favorable
OUT_01922,2024-08,89.86058192569199,1,Small,0,Kiosk,DIST_W_03,Moderate
OUT_01922,2024-09,79.75682214420084,2,Small,0,Kiosk,DIST_W_03,Moderate
OUT_01922,2024-10,38.5731471791824,2,Small,0,Kiosk,DIST_W_03,Moderate
OUT_01922,2024-12,127.26939006271223,2,Small,0,Kiosk,DIST_W_03,Favorable
OUT_01922,2025-02,10.479111510140868,2,Small,0,Kiosk,DIST_W_03,Moderate
OUT_01922,2025-03,46.266294014727954,1,Small,0,Kiosk,DIST_W_03,Moderate
OUT_01922,2025-08,21.697816911612783,1,Small,0,Kiosk,DIST_W_03,Moderate
OUT_01922,2025-10,27.822002842285112,1,Small,0,Kiosk,DIST_W_03,Moderate
OUT_01922,2025-12,31.02597113120543,2,Small,0,Kiosk,DIST_W_03,Favorable
OUT_01930,2023-02,42.52511078380015,3,Small,0,Hotel,DIST_W_02,Moderate
OUT_01930,2023-04,126.5666967169738,4,Small,0,Hotel,DIST_W_02,Favorable
OUT_01930,2023-08,26.522134113012783,2,Small,0,Hotel,DIST_W_02,Moderate
OUT_01930,2023-09,32.482318760092724,2,Small,0,Hotel,DIST_W_02,Moderate
OUT_01930,2023-10,18.45683580339513,1,Small,0,Hotel,DIST_W_02,Moderate
OUT_01930,2024-01,27.256874624676307,2,Small,0,Hotel,DIST_W_02,Moderate
OUT_01930,2024-03,71.9809033209257,3,Small,0,Hotel,DIST_W_02,Moderate
OUT_01930,2024-05,6.109803041850372,3,Small,0,Hotel,DIST_W_02,Un-Favorable
OUT_01930,2024-08,82.97416201130554,1,Small,0,Hotel,DIST_W_02,Moderate
OUT_01930,2024-09,32.76050968039069,2,Small,0,Hotel,DIST_W_02,Moderate
OUT_01930,2024-11,25.58897995013064,1,Small,0,Hotel,DIST_W_02,Moderate
OUT_01930,2025-03,28.0137438454094,1,Small,0,Hotel,DIST_W_02,Moderate
OUT_01930,2025-05,4.641396381517996,3,Small,0,Hotel,DIST_W_02,Un-Favorable
OUT_01930,2025-07,71.34229969227948,1,Small,0,Hotel,DIST_W_02,Moderate
OUT_01930,2025-10,17.42593228173959,1,Small,0,Hotel,DIST_W_02,Moderate
OUT_01949,2023-05,23.027475484575763,4,Small,0,Hotel,DIST_W_03,Un-Favorable
OUT_01949,2023-06,71.24606344459049,1,Small,0,Hotel,DIST_W_03,Un-Favorable
OUT_01949,2023-09,99.4628261646072,2,Small,0,Hotel,DIST_W_03,Moderate
OUT_01949,2024-04,8.06011447344301,7,Small,0,Hotel,DIST_W_03,Favorable
OUT_01949,2024-05,1.905494680836605,3,Small,0,Hotel,DIST_W_03,Un-Favorable
OUT_01949,2024-06,10.91909687708242,2,Small,0,Hotel,DIST_W_03,Un-Favorable
OUT_01949,2024-08,43.99276503902557,1,Small,0,Hotel,DIST_W_03,Moderate
OUT_01949,2024-09,72.81260504419687,2,Small,0,Hotel,DIST_W_03,Moderate
OUT_01949,2024-10,71.38639471299356,2,Small,0,Hotel,DIST_W_03,Moderate
OUT_01949,2024-11,10.351407744018086,1,Small,0,Hotel,DIST_W_03,Moderate
OUT_01949,2025-01,85.33638481242593,2,Small,0,Hotel,DIST_W_03,Moderate
OUT_01949,2025-02,10.915207326949346,2,Small,0,Hotel,DIST_W_03,Moderate
OUT_01949,2025-07,26.92516183119813,1,Small,0,Hotel,DIST_W_03,Moderate
OUT_01949,2025-08,55.80704541840696,1,Small,0,Hotel,DIST_W_03,Moderate
OUT_01949,2025-09,79.5446853356975,2,Small,0,Hotel,DIST_W_03,Moderate
OUT_01949,2025-10,28.75647427512124,1,Small,0,Hotel,DIST_W_03,Moderate
OUT_01949,2025-12,6.489687088258691,2,Small,0,Hotel,DIST_W_03,Favorable
OUT_01965,2023-01,238.324022556406,3,Medium,2,Pharmacy,DIST_W_02,Moderate
OUT_01965,2023-02,64.561625316215,3,Medium,2,Pharmacy,DIST_W_02,Moderate
OUT_01965,2023-03,204.089052612206,1,Medium,2,Pharmacy,DIST_W_02,Moderate
OUT_01965,2023-04,92.48180981841593,4,Medium,2,Pharmacy,DIST_W_02,Favorable
OUT_01965,2023-06,40.481344764068936,1,Medium,2,Pharmacy,DIST_W_02,Un-Favorable
OUT_01965,2023-09,197.4788932137528,2,Medium,2,Pharmacy,DIST_W_02,Moderate
OUT_01965,2023-10,23.612727439139803,1,Medium,2,Pharmacy,DIST_W_02,Moderate
OUT_01965,2023-11,79.46477082486115,1,Medium,2,Pharmacy,DIST_W_02,Moderate
OUT_01965,2023-12,47.41669707495315,2,Medium,2,Pharmacy,DIST_W_02,Favorable
OUT_01965,2024-01,83.41691138059142,2,Medium,2,Pharmacy,DIST_W_02,Moderate
OUT_01965,2024-02,186.00695560732572,3,Medium,2,Pharmacy,DIST_W_02,Moderate
OUT_01965,2024-03,82.42357384067655,3,Medium,2,Pharmacy,DIST_W_02,Moderate
OUT_01965,2024-04,299.768109748035,7,Medium,2,Pharmacy,DIST_W_02,Favorable
OUT_01965,2024-05,165.9129013229627,3,Medium,2,Pharmacy,DIST_W_02,Un-Favorable
OUT_01965,2024-06,60.62458236883503,2,Medium,2,Pharmacy,DIST_W_02,Un-Favorable
OUT_01965,2024-07,227.1746857018714,1,Medium,2,Pharmacy,DIST_W_02,Moderate
OUT_01965,2024-08,28.34378425965023,1,Medium,2,Pharmacy,DIST_W_02,Moderate
OUT_01965,2024-09,135.87699646860582,2,Medium,2,Pharmacy,DIST_W_02,Moderate
OUT_01965,2024-12,140.20405255389025,2,Medium,2,Pharmacy,DIST_W_02,Favorable
OUT_01965,2025-03,48.84727316809366,1,Medium,2,Pharmacy,DIST_W_02,Moderate
OUT_01965,2025-04,32.67817843148974,5,Medium,2,Pharmacy,DIST_W_02,Favorable
OUT_01965,2025-07,138.41264885313024,1,Medium,2,Pharmacy,DIST_W_02,Moderate
OUT_01965,2025-08,92.66775758539352,1,Medium,2,Pharmacy,DIST_W_02,Moderate
OUT_01965,2025-09,69.66701441165785,2,Medium,2,Pharmacy,DIST_W_02,Moderate
OUT_01965,2025-11,66.4506898060215,1,Medium,2,Pharmacy,DIST_W_02,Moderate
OUT_01997,2023-01,538.214730580611,3,Large,3,Bakery,DIST_W_03,Moderate
OUT_01997,2023-02,179.2839365905434,3,Large,3,Bakery,DIST_W_03,Moderate
OUT_01997,2023-04,356.1996407815448,4,Large,3,Bakery,DIST_W_03,Favorable
OUT_01997,2023-05,433.0899490999648,4,Large,3,Bakery,DIST_W_03,Un-Favorable
OUT_01997,2023-06,292.45180484456694,1,Large,3,Bakery,DIST_W_03,Un-Favorable
OUT_01997,2023-07,487.15791986381225,1,Large,3,Bakery,DIST_W_03,Moderate
OUT_01997,2023-08,182.25303713705296,2,Large,3,Bakery,DIST_W_03,Moderate
OUT_01997,2023-09,629.2820773587525,2,Large,3,Bakery,DIST_W_03,Moderate
OUT_01997,2023-11,617.865377606533,1,Large,3,Bakery,DIST_W_03,Moderate
OUT_01997,2023-12,766.6995647206803,2,Large,3,Bakery,DIST_W_03,Favorable
OUT_01997,2024-01,243.2073836742468,2,Large,3,Bakery,DIST_W_03,Moderate
OUT_01997,2024-02,530.7550107902009,3,Large,3,Bakery,DIST_W_03,Moderate
OUT_01997,2024-03,508.5185942331711,3,Large,3,Bakery,DIST_W_03,Moderate
OUT_01997,2024-06,389.0455463739287,2,Large,3,Bakery,DIST_W_03,Un-Favorable
OUT_01997,2024-07,641.1504001400295,1,Large,3,Bakery,DIST_W_03,Moderate
OUT_01997,2024-08,528.9979964092206,1,Large,3,Bakery,DIST_W_03,Moderate
OUT_01997,2024-09,230.5515739887365,2,Large,3,Bakery,DIST_W_03,Moderate
OUT_01997,2024-10,576.8464588497409,2,Large,3,Bakery,DIST_W_03,Moderate
OUT_01997,2024-12,846.4811982418424,2,Large,3,Bakery,DIST_W_03,Favorable
OUT_01997,2025-01,295.3884166258247,2,Large,3,Bakery,DIST_W_03,Moderate
OUT_01997,2025-02,387.3708547447351,2,Large,3,Bakery,DIST_W_03,Moderate
OUT_01997,2025-03,606.1910788928744,1,Large,3,Bakery,DIST_W_03,Moderate
OUT_01997,2025-04,818.2526440778889,5,Large,3,Bakery,DIST_W_03,Favorable
OUT_01997,2025-05,332.0273027594264,3,Large,3,Bakery,DIST_W_03,Un-Favorable
OUT_01997,2025-06,406.33014648480463,1,Large,3,Bakery,DIST_W_03,Un-Favorable
OUT_01997,2025-07,650.969407801685,1,Large,3,Bakery,DIST_W_03,Moderate
OUT_01997,2025-08,548.8298896437644,1,Large,3,Bakery,DIST_W_03,Moderate
OUT_01997,2025-09,584.7726991972085,2,Large,3,Bakery,DIST_W_03,Moderate
OUT_01997,2025-10,633.7812686937658,1,Large,3,Bakery,DIST_W_03,Moderate
OUT_01997,2025-11,502.7456085745191,1,Large,3,Bakery,DIST_W_03,Moderate
OUT_01997,2025-12,840.7117081553148,2,Large,3,Bakery,DIST_W_03,Favorable
OUT_02018,2023-01,14.136685803468216,3,Medium,2,Pharmacy,DIST_W_03,Moderate
OUT_02018,2023-02,195.26181022584908,3,Medium,2,Pharmacy,DIST_W_03,Moderate
OUT_02018,2023-03,38.80644013405012,1,Medium,2,Pharmacy,DIST_W_03,Moderate
OUT_02018,2023-04,218.8651280326264,4,Medium,2,Pharmacy,DIST_W_03,Favorable
OUT_02018,2023-05,22.39624829828149,4,Medium,2,Pharmacy,DIST_W_03,Un-Favorable
OUT_02018,2023-06,111.12505558524003,1,Medium,2,Pharmacy,DIST_W_03,Un-Favorable
OUT_02018,2023-07,170.89321162654568,1,Medium,2,Pharmacy,DIST_W_03,Moderate
OUT_02018,2023-09,65.77326061908053,2,Medium,2,Pharmacy,DIST_W_03,Moderate
OUT_02018,2023-10,210.6929629145129,1,Medium,2,Pharmacy,DIST_W_03,Moderate
OUT_02018,2023-12,56.50559173635508,2,Medium,2,Pharmacy,DIST_W_03,Favorable
OUT_02018,2024-01,191.8905609202993,2,Medium,2,Pharmacy,DIST_W_03,Moderate
OUT_02018,2024-02,226.07579242939755,3,Medium,2,Pharmacy,DIST_W_03,Moderate
OUT_02018,2024-04,279.95046890722824,7,Medium,2,Pharmacy,DIST_W_03,Favorable
OUT_02018,2024-05,38.01719927623544,3,Medium,2,Pharmacy,DIST_W_03,Un-Favorable
OUT_02018,2024-06,150.12950067532068,2,Medium,2,Pharmacy,DIST_W_03,Un-Favorable
OUT_02018,2024-07,75.5833827883969,1,Medium,2,Pharmacy,DIST_W_03,Moderate
OUT_02018,2024-08,51.14260755994759,1,Medium,2,Pharmacy,DIST_W_03,Moderate
OUT_02018,2024-09,214.08421885031964,2,Medium,2,Pharmacy,DIST_W_03,Moderate
OUT_02018,2024-10,198.3701023672464,2,Medium,2,Pharmacy,DIST_W_03,Moderate
OUT_02018,2024-12,149.71314118539811,2,Medium,2,Pharmacy,DIST_W_03,Favorable
OUT_02018,2025-01,37.88367771236142,2,Medium,2,Pharmacy,DIST_W_03,Moderate
OUT_02018,2025-02,273.2546461467172,2,Medium,2,Pharmacy,DIST_W_03,Moderate
OUT_02018,2025-05,16.87041085611643,3,Medium,2,Pharmacy,DIST_W_03,Un-Favorable
OUT_02018,2025-06,24.73453211361533,1,Medium,2,Pharmacy,DIST_W_03,Un-Favorable
OUT_02018,2025-08,93.62019659128076,1,Medium,2,Pharmacy,DIST_W_03,Moderate
OUT_02018,2025-09,180.34126829850584,2,Medium,2,Pharmacy,DIST_W_03,Moderate
OUT_02018,2025-10,32.22177734121873,1,Medium,2,Pharmacy,DIST_W_03,Moderate
OUT_02018,2025-11,93.5113445799042,1,Medium,2,Pharmacy,DIST_W_03,Moderate
OUT_02026,2023-01,90.85541335160896,3,Medium,2,Eatery,DIST_W_01,Moderate
OUT_02026,2023-03,73.30083219084587,1,Medium,2,Eatery,DIST_W_01,Moderate
OUT_02026,2023-04,64.41988970263334,4,Medium,2,Eatery,DIST_W_01,Favorable
OUT_02026,2023-05,112.72136499747292,4,Medium,2,Eatery,DIST_W_01,Un-Favorable
OUT_02026,2023-06,55.20272422241592,1,Medium,2,Eatery,DIST_W_01,Un-Favorable
OUT_02026,2023-07,225.55433996336737,1,Medium,2,Eatery,DIST_W_01,Moderate
OUT_02026,2023-09,31.948092165272897,2,Medium,2,Eatery,DIST_W_01,Moderate
OUT_02026,2023-10,46.67563423443188,1,Medium,2,Eatery,DIST_W_01,Moderate
OUT_02026,2023-11,123.9235348683642,1,Medium,2,Eatery,DIST_W_01,Moderate
OUT_02026,2023-12,334.9683621166116,2,Medium,2,Eatery,DIST_W_01,Favorable
OUT_02026,2024-01,210.3755687938821,2,Medium,2,Eatery,DIST_W_01,Moderate
OUT_02026,2024-02,235.69343839490548,3,Medium,2,Eatery,DIST_W_01,Moderate
OUT_02026,2024-03,186.861086943636,3,Medium,2,Eatery,DIST_W_01,Moderate
OUT_02026,2024-04,180.53772744403125,7,Medium,2,Eatery,DIST_W_01,Favorable
OUT_02026,2024-05,141.22085290786973,3,Medium,2,Eatery,DIST_W_01,Un-Favorable
OUT_02026,2024-06,34.27535823953104,2,Medium,2,Eatery,DIST_W_01,Un-Favorable
OUT_02026,2024-08,184.0434850686684,1,Medium,2,Eatery,DIST_W_01,Moderate
OUT_02026,2024-09,170.0996621147804,2,Medium,2,Eatery,DIST_W_01,Moderate
OUT_02026,2024-12,95.45643717753951,2,Medium,2,Eatery,DIST_W_01,Favorable
OUT_02026,2025-01,257.7762599932321,2,Medium,2,Eatery,DIST_W_01,Moderate
OUT_02026,2025-02,23.10100656612312,2,Medium,2,Eatery,DIST_W_01,Moderate
OUT_02026,2025-03,41.15464010935774,1,Medium,2,Eatery,DIST_W_01,Moderate
OUT_02026,2025-04,366.4634030308523,5,Medium,2,Eatery,DIST_W_01,Favorable
OUT_02026,2025-05,10.657680798700502,3,Medium,2,Eatery,DIST_W_01,Un-Favorable
OUT_02026,2025-07,184.44199487929285,1,Medium,2,Eatery,DIST_W_01,Moderate
OUT_02026,2025-08,228.33001056412192,1,Medium,2,Eatery,DIST_W_01,Moderate
OUT_02026,2025-09,75.66740238311638,2,Medium,2,Eatery,DIST_W_01,Moderate
OUT_02026,2025-10,66.29851522822398,1,Medium,2,Eatery,DIST_W_01,Moderate
OUT_02026,2025-11,102.21825034536845,1,Medium,2,Eatery,DIST_W_01,Moderate
OUT_02026,2025-12,272.4278205776536,2,Medium,2,Eatery,DIST_W_01,Favorable
OUT_02042,2023-03,79.79171329281333,1,Small,0,Kiosk,DIST_W_03,Moderate
OUT_02042,2023-06,50.82946740442032,1,Small,0,Kiosk,DIST_W_03,Un-Favorable
OUT_02042,2023-08,4.128912598431159,2,Small,0,Kiosk,DIST_W_03,Moderate
OUT_02042,2023-10,31.467508121481345,1,Small,0,Kiosk,DIST_W_03,Moderate
OUT_02042,2023-11,86.15965734848518,1,Small,0,Kiosk,DIST_W_03,Moderate
OUT_02042,2024-01,67.36123125479872,2,Small,0,Kiosk,DIST_W_03,Moderate
OUT_02042,2024-04,13.00496622533046,7,Small,0,Kiosk,DIST_W_03,Favorable
OUT_02042,2024-10,46.43439335094559,2,Small,0,Kiosk,DIST_W_03,Moderate
OUT_02042,2024-11,76.1079973200428,1,Small,0,Kiosk,DIST_W_03,Moderate
OUT_02042,2024-12,41.186862783427394,2,Small,0,Kiosk,DIST_W_03,Favorable
OUT_02042,2025-01,87.46290917956598,2,Small,0,Kiosk,DIST_W_03,Moderate
OUT_02042,2025-02,31.226601291312388,2,Small,0,Kiosk,DIST_W_03,Moderate
OUT_02042,2025-03,36.12876249274894,1,Small,0,Kiosk,DIST_W_03,Moderate
OUT_02042,2025-07,21.847413487943808,1,Small,0,Kiosk,DIST_W_03,Moderate
OUT_02042,2025-08,82.61481019243551,1,Small,0,Kiosk,DIST_W_03,Moderate
OUT_02042,2025-11,7.34484759366177,1,Small,0,Kiosk,DIST_W_03,Moderate
OUT_02042,2025-12,31.065714662635067,2,Small,0,Kiosk,DIST_W_03,Favorable
OUT_02059,2023-02,68.11002405027308,3,Medium,1,SMMT,DIST_W_01,Moderate
OUT_02059,2023-03,71.87661963780889,1,Medium,1,SMMT,DIST_W_01,Moderate
OUT_02059,2023-05,128.0184274964572,4,Medium,1,SMMT,DIST_W_01,Un-Favorable
OUT_02059,2023-06,79.71741702463522,1,Medium,1,SMMT,DIST_W_01,Un-Favorable
OUT_02059,2023-07,201.19779263046053,1,Medium,1,SMMT,DIST_W_01,Moderate
OUT_02059,2023-08,81.78221785146714,2,Medium,1,SMMT,DIST_W_01,Moderate
OUT_02059,2023-10,61.5742452753878,1,Medium,1,SMMT,DIST_W_01,Moderate
OUT_02059,2023-11,96.5734829601734,1,Medium,1,SMMT,DIST_W_01,Moderate
OUT_02059,2024-02,9.449252883978987,3,Medium,1,SMMT,DIST_W_01,Moderate
OUT_02059,2024-03,57.45746405247437,3,Medium,1,SMMT,DIST_W_01,Moderate
OUT_02059,2024-05,61.14860667870787,3,Medium,1,SMMT,DIST_W_01,Un-Favorable
OUT_02059,2024-06,98.48458925012108,2,Medium,1,SMMT,DIST_W_01,Un-Favorable
OUT_02059,2024-07,61.11558814246704,1,Medium,1,SMMT,DIST_W_01,Moderate
OUT_02059,2024-08,258.3591367073486,1,Medium,1,SMMT,DIST_W_01,Moderate
OUT_02059,2024-09,158.26890499504344,2,Medium,1,SMMT,DIST_W_01,Moderate
OUT_02059,2024-10,220.1502339570023,2,Medium,1,SMMT,DIST_W_01,Moderate
OUT_02059,2024-11,171.82334554764086,1,Medium,1,SMMT,DIST_W_01,Moderate
OUT_02059,2024-12,78.41104987585868,2,Medium,1,SMMT,DIST_W_01,Favorable
OUT_02059,2025-02,172.93407917676453,2,Medium,1,SMMT,DIST_W_01,Moderate
OUT_02059,2025-03,178.01509152691955,1,Medium,1,SMMT,DIST_W_01,Moderate
OUT_02059,2025-06,52.09753525627729,1,Medium,1,SMMT,DIST_W_01,Un-Favorable
OUT_02059,2025-08,80.50695564904665,1,Medium,1,SMMT,DIST_W_01,Moderate
OUT_02059,2025-10,91.0334284663613,1,Medium,1,SMMT,DIST_W_01,Moderate
OUT_02077,2023-01,65.66366399585536,3,Small,1,Eatery,DIST_W_03,Moderate
OUT_02077,2023-03,57.89428810340973,1,Small,1,Eatery,DIST_W_03,Moderate
OUT_02077,2023-04,51.50989609617663,4,Small,1,Eatery,DIST_W_03,Favorable
OUT_02077,2023-05,24.13415592032599,4,Small,1,Eatery,DIST_W_03,Un-Favorable
OUT_02077,2023-07,18.46195819751464,1,Small,1,Eatery,DIST_W_03,Moderate
OUT_02077,2024-02,90.61064771029687,3,Small,1,Eatery,DIST_W_03,Moderate
OUT_02077,2024-03,21.414001195780266,3,Small,1,Eatery,DIST_W_03,Moderate
OUT_02077,2024-04,40.43965458206228,7,Small,1,Eatery,DIST_W_03,Favorable
OUT_02077,2024-05,56.57767082638268,3,Small,1,Eatery,DIST_W_03,Un-Favorable
OUT_02077,2024-07,13.131387547329398,1,Small,1,Eatery,DIST_W_03,Moderate
OUT_02077,2024-09,8.771843460108823,2,Small,1,Eatery,DIST_W_03,Moderate
OUT_02077,2024-10,39.8634120572733,2,Small,1,Eatery,DIST_W_03,Moderate
OUT_02077,2024-11,8.785621190210433,1,Small,1,Eatery,DIST_W_03,Moderate
OUT_02077,2025-02,69.26088697692587,2,Small,1,Eatery,DIST_W_03,Moderate
OUT_02077,2025-03,31.115875484805525,1,Small,1,Eatery,DIST_W_03,Moderate
OUT_02077,2025-04,24.61126815441845,5,Small,1,Eatery,DIST_W_03,Favorable
OUT_02077,2025-06,5.729240719068514,1,Small,1,Eatery,DIST_W_03,Un-Favorable
OUT_02077,2025-07,26.36488515961355,1,Small,1,Eatery,DIST_W_03,Moderate
OUT_02077,2025-11,45.09991799461105,1,Small,1,Eatery,DIST_W_03,Moderate
OUT_02077,2025-12,8.767045033497023,2,Small,1,Eatery,DIST_W_03,Favorable
OUT_02083,2023-01,1426.8245874954578,3,Extra Large,5,Kiosk,DIST_W_02,Moderate
OUT_02083,2023-02,1177.7255159525355,3,Extra Large,5,Kiosk,DIST_W_02,Moderate
OUT_02083,2023-03,1372.5072557126527,1,Extra Large,5,Kiosk,DIST_W_02,Moderate
OUT_02083,2023-04,1820.5760032164017,4,Extra Large,5,Kiosk,DIST_W_02,Favorable
OUT_02083,2023-05,838.0588774619868,4,Extra Large,5,Kiosk,DIST_W_02,Un-Favorable
OUT_02083,2023-06,888.4879088969656,1,Extra Large,5,Kiosk,DIST_W_02,Un-Favorable
OUT_02083,2023-07,1270.4915719409678,1,Extra Large,5,Kiosk,DIST_W_02,Moderate
OUT_02083,2023-08,1380.987462502635,2,Extra Large,5,Kiosk,DIST_W_02,Moderate
OUT_02083,2023-09,1370.7410341647087,2,Extra Large,5,Kiosk,DIST_W_02,Moderate
OUT_02083,2023-11,1276.0666592213977,1,Extra Large,5,Kiosk,DIST_W_02,Moderate
OUT_02083,2023-12,1944.7966438483488,2,Extra Large,5,Kiosk,DIST_W_02,Favorable
OUT_02083,2024-01,1193.658820895802,2,Extra Large,5,Kiosk,DIST_W_02,Moderate
OUT_02083,2024-02,1365.5181232429272,3,Extra Large,5,Kiosk,DIST_W_02,Moderate
OUT_02083,2024-03,1346.636704461376,3,Extra Large,5,Kiosk,DIST_W_02,Moderate
OUT_02083,2024-04,1855.127848569169,7,Extra Large,5,Kiosk,DIST_W_02,Favorable
OUT_02083,2024-05,813.3335266249674,3,Extra Large,5,Kiosk,DIST_W_02,Un-Favorable
OUT_02083,2024-06,831.385972607337,2,Extra Large,5,Kiosk,DIST_W_02,Un-Favorable
OUT_02083,2024-07,1309.3305440617903,1,Extra Large,5,Kiosk,DIST_W_02,Moderate
OUT_02083,2024-08,1283.8375073289417,1,Extra Large,5,Kiosk,DIST_W_02,Moderate
OUT_02083,2024-09,1298.6839844595856,2,Extra Large,5,Kiosk,DIST_W_02,Moderate
OUT_02083,2024-10,1297.0810791091849,2,Extra Large,5,Kiosk,DIST_W_02,Moderate
OUT_02083,2024-11,1461.0014203822304,1,Extra Large,5,Kiosk,DIST_W_02,Moderate
OUT_02083,2024-12,1841.6483835152408,2,Extra Large,5,Kiosk,DIST_W_02,Favorable
OUT_02083,2025-01,1254.4848392066592,2,Extra Large,5,Kiosk,DIST_W_02,Moderate
OUT_02083,2025-02,1429.6531448371954,2,Extra Large,5,Kiosk,DIST_W_02,Moderate
OUT_02083,2025-03,1419.4907502151802,1,Extra Large,5,Kiosk,DIST_W_02,Moderate
OUT_02083,2025-04,1845.317795912184,5,Extra Large,5,Kiosk,DIST_W_02,Favorable
OUT_02083,2025-05,887.6445073431734,3,Extra Large,5,Kiosk,DIST_W_02,Un-Favorable
OUT_02083,2025-06,875.1217395799724,1,Extra Large,5,Kiosk,DIST_W_02,Un-Favorable
OUT_02083,2025-07,1414.4147636038963,1,Extra Large,5,Kiosk,DIST_W_02,Moderate
OUT_02083,2025-08,1263.1187528738735,1,Extra Large,5,Kiosk,DIST_W_02,Moderate
OUT_02083,2025-09,1358.6305245590904,2,Extra Large,5,Kiosk,DIST_W_02,Moderate
OUT_02083,2025-10,1351.1166810804848,1,Extra Large,5,Kiosk,DIST_W_02,Moderate
OUT_02083,2025-11,1353.3062769078576,1,Extra Large,5,Kiosk,DIST_W_02,Moderate
OUT_02083,2025-12,1810.2848712113112,2,Extra Large,5,Kiosk,DIST_W_02,Favorable
OUT_02099,2023-01,100.09367920202196,3,Medium,2,SMMT,DIST_W_01,Moderate
OUT_02099,2023-04,114.05601092857,4,Medium,2,SMMT,DIST_W_01,Favorable
OUT_02099,2023-05,33.436462422426104,4,Medium,2,SMMT,DIST_W_01,Un-Favorable
OUT_02099,2023-06,118.69613496050452,1,Medium,2,SMMT,DIST_W_01,Un-Favorable
OUT_02099,2023-07,167.4202170406234,1,Medium,2,SMMT,DIST_W_01,Moderate
OUT_02099,2023-09,175.616814453606,2,Medium,2,SMMT,DIST_W_01,Moderate
OUT_02099,2023-10,59.79978610491148,1,Medium,2,SMMT,DIST_W_01,Moderate
OUT_02099,2023-11,43.55996456282867,1,Medium,2,SMMT,DIST_W_01,Moderate
OUT_02099,2023-12,70.13641837484539,2,Medium,2,SMMT,DIST_W_01,Favorable
OUT_02099,2024-01,190.17876793947312,2,Medium,2,SMMT,DIST_W_01,Moderate
OUT_02099,2024-02,161.5892155451073,3,Medium,2,SMMT,DIST_W_01,Moderate
OUT_02099,2024-04,318.60865526797505,7,Medium,2,SMMT,DIST_W_01,Favorable
OUT_02099,2024-07,260.1897194385525,1,Medium,2,SMMT,DIST_W_01,Moderate
OUT_02099,2024-08,145.40102091591416,1,Medium,2,SMMT,DIST_W_01,Moderate
OUT_02099,2024-09,150.5439661547226,2,Medium,2,SMMT,DIST_W_01,Moderate
OUT_02099,2024-10,171.00910107439583,2,Medium,2,SMMT,DIST_W_01,Moderate
OUT_02099,2024-11,90.34236615057604,1,Medium,2,SMMT,DIST_W_01,Moderate
OUT_02099,2024-12,48.95656590743406,2,Medium,2,SMMT,DIST_W_01,Favorable
OUT_02099,2025-01,152.44236384663571,2,Medium,2,SMMT,DIST_W_01,Moderate
OUT_02099,2025-06,153.06204022297808,1,Medium,2,SMMT,DIST_W_01,Un-Favorable
OUT_02099,2025-08,211.85188462421587,1,Medium,2,SMMT,DIST_W_01,Moderate
OUT_02099,2025-09,81.68778090213104,2,Medium,2,SMMT,DIST_W_01,Moderate
OUT_02099,2025-11,35.12486481260335,1,Medium,2,SMMT,DIST_W_01,Moderate
OUT_02099,2025-12,206.8916578192942,2,Medium,2,SMMT,DIST_W_01,Favorable
OUT_02104,2023-03,351.43302796929106,1,Medium,2,Eatery,DIST_W_02,Moderate
OUT_02104,2023-04,338.8294919060485,4,Medium,2,Eatery,DIST_W_02,Favorable
OUT_02104,2023-05,140.8671207914583,4,Medium,2,Eatery,DIST_W_02,Un-Favorable
OUT_02104,2023-07,186.2118161985493,1,Medium,2,Eatery,DIST_W_02,Moderate
OUT_02104,2023-08,76.2753058233767,2,Medium,2,Eatery,DIST_W_02,Moderate
OUT_02104,2023-10,259.014429539106,1,Medium,2,Eatery,DIST_W_02,Moderate
OUT_02104,2023-11,171.04598143064382,1,Medium,2,Eatery,DIST_W_02,Moderate
OUT_02104,2023-12,116.02264665379394,2,Medium,2,Eatery,DIST_W_02,Favorable
OUT_02104,2024-02,177.04727971725802,3,Medium,2,Eatery,DIST_W_02,Moderate
OUT_02104,2024-03,60.02527751458957,3,Medium,2,Eatery,DIST_W_02,Moderate
OUT_02104,2024-04,137.06101642711687,7,Medium,2,Eatery,DIST_W_02,Favorable
OUT_02104,2024-05,62.12591554280471,3,Medium,2,Eatery,DIST_W_02,Un-Favorable
OUT_02104,2024-07,158.55458426801218,1,Medium,2,Eatery,DIST_W_02,Moderate
OUT_02104,2024-08,192.0371899306481,1,Medium,2,Eatery,DIST_W_02,Moderate
OUT_02104,2024-09,182.28653981446485,2,Medium,2,Eatery,DIST_W_02,Moderate
OUT_02104,2024-10,82.15918545237861,2,Medium,2,Eatery,DIST_W_02,Moderate
OUT_02104,2024-11,153.155643421056,1,Medium,2,Eatery,DIST_W_02,Moderate
OUT_02104,2024-12,305.31390062545256,2,Medium,2,Eatery,DIST_W_02,Favorable
OUT_02104,2025-01,30.664160455478807,2,Medium,2,Eatery,DIST_W_02,Moderate
OUT_02104,2025-02,190.9909413446851,2,Medium,2,Eatery,DIST_W_02,Moderate
OUT_02104,2025-03,168.76099450813777,1,Medium,2,Eatery,DIST_W_02,Moderate
OUT_02104,2025-04,346.8563227253066,5,Medium,2,Eatery,DIST_W_02,Favorable
OUT_02104,2025-05,89.63429991166845,3,Medium,2,Eatery,DIST_W_02,Un-Favorable
OUT_02104,2025-06,54.085122086615215,1,Medium,2,Eatery,DIST_W_02,Un-Favorable
OUT_02104,2025-07,92.1771291007054,1,Medium,2,Eatery,DIST_W_02,Moderate
OUT_02104,2025-08,80.2898127285982,1,Medium,2,Eatery,DIST_W_02,Moderate
OUT_02104,2025-09,281.55809527676274,2,Medium,2,Eatery,DIST_W_02,Moderate
OUT_02104,2025-10,222.48238795897709,1,Medium,2,Eatery,DIST_W_02,Moderate
OUT_02104,2025-11,246.12943852322607,1,Medium,2,Eatery,DIST_W_02,Moderate
OUT_02181,2023-01,586.4887447470088,3,Large,2,Pharmacy,DIST_W_01,Moderate
OUT_02181,2023-02,656.8622810075901,3,Large,2,Pharmacy,DIST_W_01,Moderate
OUT_02181,2023-03,661.5256332677593,1,Large,2,Pharmacy,DIST_W_01,Moderate
OUT_02181,2023-04,819.6529414668917,4,Large,2,Pharmacy,DIST_W_01,Favorable
OUT_02181,2023-05,171.3839098715278,4,Large,2,Pharmacy,DIST_W_01,Un-Favorable
OUT_02181,2023-06,183.21224120765373,1,Large,2,Pharmacy,DIST_W_01,Un-Favorable
OUT_02181,2023-07,272.34850523743586,1,Large,2,Pharmacy,DIST_W_01,Moderate
OUT_02181,2023-08,664.8510276087588,2,Large,2,Pharmacy,DIST_W_01,Moderate
OUT_02181,2023-10,478.7344090003944,1,Large,2,Pharmacy,DIST_W_01,Moderate
OUT_02181,2023-12,770.5266528311353,2,Large,2,Pharmacy,DIST_W_01,Favorable
OUT_02181,2024-02,233.5314837941356,3,Large,2,Pharmacy,DIST_W_01,Moderate
OUT_02181,2024-03,546.7224327602686,3,Large,2,Pharmacy,DIST_W_01,Moderate
OUT_02181,2024-04,433.45507786447416,7,Large,2,Pharmacy,DIST_W_01,Favorable
OUT_02181,2024-05,309.8830956077985,3,Large,2,Pharmacy,DIST_W_01,Un-Favorable
OUT_02181,2024-06,171.03242152352942,2,Large,2,Pharmacy,DIST_W_01,Un-Favorable
OUT_02181,2024-08,299.4371688544352,1,Large,2,Pharmacy,DIST_W_01,Moderate
OUT_02181,2024-09,522.8076922469626,2,Large,2,Pharmacy,DIST_W_01,Moderate
OUT_02181,2024-10,593.3895349899692,2,Large,2,Pharmacy,DIST_W_01,Moderate
OUT_02181,2024-12,731.7743930208894,2,Large,2,Pharmacy,DIST_W_01,Favorable
OUT_02181,2025-02,519.393403452685,2,Large,2,Pharmacy,DIST_W_01,Moderate
OUT_02181,2025-03,610.1855712587366,1,Large,2,Pharmacy,DIST_W_01,Moderate
OUT_02181,2025-04,914.3825975090988,5,Large,2,Pharmacy,DIST_W_01,Favorable
OUT_02181,2025-05,313.3316478387171,3,Large,2,Pharmacy,DIST_W_01,Un-Favorable
OUT_02181,2025-06,382.8360317626582,1,Large,2,Pharmacy,DIST_W_01,Un-Favorable
OUT_02181,2025-07,306.45161230144555,1,Large,2,Pharmacy,DIST_W_01,Moderate
OUT_02181,2025-09,637.5385564574935,2,Large,2,Pharmacy,DIST_W_01,Moderate
OUT_02181,2025-11,680.3166783419972,1,Large,2,Pharmacy,DIST_W_01,Moderate
OUT_02186,2023-01,131.8631261447717,3,Small,0,Hotel,DIST_W_01,Moderate
OUT_02186,2023-03,77.9318350930285,1,Small,0,Hotel,DIST_W_01,Moderate
OUT_02186,2023-04,65.8758869259922,4,Small,0,Hotel,DIST_W_01,Favorable
OUT_02186,2023-06,16.826588487671224,1,Small,0,Hotel,DIST_W_01,Un-Favorable
OUT_02186,2023-09,84.56612926735707,2,Small,0,Hotel,DIST_W_01,Moderate
OUT_02186,2023-10,90.45038070629516,1,Small,0,Hotel,DIST_W_01,Moderate
OUT_02186,2023-12,59.41965735100134,2,Small,0,Hotel,DIST_W_01,Favorable
OUT_02186,2024-01,28.933945764889778,2,Small,0,Hotel,DIST_W_01,Moderate
OUT_02186,2024-06,32.57149767864377,2,Small,0,Hotel,DIST_W_01,Un-Favorable
OUT_02186,2024-08,73.35497054327404,1,Small,0,Hotel,DIST_W_01,Moderate
OUT_02186,2024-10,35.3447045635557,2,Small,0,Hotel,DIST_W_01,Moderate
OUT_02186,2025-01,41.73914889827845,2,Small,0,Hotel,DIST_W_01,Moderate
OUT_02186,2025-02,32.28681702552069,2,Small,0,Hotel,DIST_W_01,Moderate
OUT_02186,2025-06,15.396778518054411,1,Small,0,Hotel,DIST_W_01,Un-Favorable
OUT_02186,2025-07,96.93858524875618,1,Small,0,Hotel,DIST_W_01,Moderate
OUT_02186,2025-12,32.32507125254675,2,Small,0,Hotel,DIST_W_01,Favorable
OUT_02187,2023-01,210.95047045748564,3,Medium,2,SMMT,DIST_W_01,Moderate
OUT_02187,2023-02,212.26233405457788,3,Medium,2,SMMT,DIST_W_01,Moderate
OUT_02187,2023-03,221.8725238835204,1,Medium,2,SMMT,DIST_W_01,Moderate
OUT_02187,2023-05,57.01756309763783,4,Medium,2,SMMT,DIST_W_01,Un-Favorable
OUT_02187,2023-08,48.39732951611607,2,Medium,2,SMMT,DIST_W_01,Moderate
OUT_02187,2023-10,172.71206047058786,1,Medium,2,SMMT,DIST_W_01,Moderate
OUT_02187,2023-11,99.07812892950732,1,Medium,2,SMMT,DIST_W_01,Moderate
OUT_02187,2023-12,163.68861722740758,2,Medium,2,SMMT,DIST_W_01,Favorable
OUT_02187,2024-01,67.59231150046443,2,Medium,2,SMMT,DIST_W_01,Moderate
OUT_02187,2024-02,232.99693596724865,3,Medium,2,SMMT,DIST_W_01,Moderate
OUT_02187,2024-04,314.4792075155559,7,Medium,2,SMMT,DIST_W_01,Favorable
OUT_02187,2024-06,106.89516183825894,2,Medium,2,SMMT,DIST_W_01,Un-Favorable
OUT_02187,2024-10,140.77380528538183,2,Medium,2,SMMT,DIST_W_01,Moderate
OUT_02187,2024-12,118.83881630027224,2,Medium,2,SMMT,DIST_W_01,Favorable
OUT_02187,2025-02,98.8407774972408,2,Medium,2,SMMT,DIST_W_01,Moderate
OUT_02187,2025-03,96.47309249034734,1,Medium,2,SMMT,DIST_W_01,Moderate
OUT_02187,2025-05,110.29931648556902,3,Medium,2,SMMT,DIST_W_01,Un-Favorable
OUT_02187,2025-06,27.10034329610832,1,Medium,2,SMMT,DIST_W_01,Un-Favorable
OUT_02187,2025-12,12.769139385067556,2,Medium,2,SMMT,DIST_W_01,Favorable
OUT_02212,2023-01,163.59483211991403,3,Medium,1,Kiosk,DIST_W_02,Moderate
OUT_02212,2023-02,85.1740537204968,3,Medium,1,Kiosk,DIST_W_02,Moderate
OUT_02212,2023-03,41.127952761574704,1,Medium,1,Kiosk,DIST_W_02,Moderate
OUT_02212,2023-06,109.6641787386768,1,Medium,1,Kiosk,DIST_W_02,Un-Favorable
OUT_02212,2023-08,21.277317903706603,2,Medium,1,Kiosk,DIST_W_02,Moderate
OUT_02212,2023-10,58.35927197065138,1,Medium,1,Kiosk,DIST_W_02,Moderate
OUT_02212,2023-11,62.3335312438237,1,Medium,1,Kiosk,DIST_W_02,Moderate
OUT_02212,2023-12,345.4451633722768,2,Medium,1,Kiosk,DIST_W_02,Favorable
OUT_02212,2024-03,221.53101567157748,3,Medium,1,Kiosk,DIST_W_02,Moderate
OUT_02212,2024-05,32.56395384063534,3,Medium,1,Kiosk,DIST_W_02,Un-Favorable
OUT_02212,2024-06,52.74172818640863,2,Medium,1,Kiosk,DIST_W_02,Un-Favorable
OUT_02212,2024-08,163.9634394260738,1,Medium,1,Kiosk,DIST_W_02,Moderate
OUT_02212,2024-09,121.14597729332957,2,Medium,1,Kiosk,DIST_W_02,Moderate
OUT_02212,2024-11,53.12453346316144,1,Medium,1,Kiosk,DIST_W_02,Moderate
OUT_02212,2025-01,61.52568810145723,2,Medium,1,Kiosk,DIST_W_02,Moderate
OUT_02212,2025-02,85.56359451441688,2,Medium,1,Kiosk,DIST_W_02,Moderate
OUT_02212,2025-03,128.35847966268648,1,Medium,1,Kiosk,DIST_W_02,Moderate
OUT_02212,2025-04,153.60079507756083,5,Medium,1,Kiosk,DIST_W_02,Favorable
OUT_02212,2025-05,14.979491833453466,3,Medium,1,Kiosk,DIST_W_02,Un-Favorable
OUT_02212,2025-08,181.56142526645417,1,Medium,1,Kiosk,DIST_W_02,Moderate
OUT_02212,2025-10,217.3698399194758,1,Medium,1,Kiosk,DIST_W_02,Moderate
OUT_02212,2025-11,85.71182953584302,1,Medium,1,Kiosk,DIST_W_02,Moderate
OUT_02212,2025-12,377.5031452767371,2,Medium,1,Kiosk,DIST_W_02,Favorable
OUT_02225,2023-01,22.039692648238,3,Small,0,Pharmacy,DIST_W_01,Moderate
OUT_02225,2023-02,83.69488166863714,3,Small,0,Pharmacy,DIST_W_01,Moderate
OUT_02225,2023-03,12.205609049770914,1,Small,0,Pharmacy,DIST_W_01,Moderate
OUT_02225,2023-08,40.85579374346173,2,Small,0,Pharmacy,DIST_W_01,Moderate
OUT_02225,2023-11,79.74890377032582,1,Small,0,Pharmacy,DIST_W_01,Moderate
OUT_02225,2023-12,38.01148723454948,2,Small,0,Pharmacy,DIST_W_01,Favorable
OUT_02225,2024-01,103.64364636641524,2,Small,0,Pharmacy,DIST_W_01,Moderate
OUT_02225,2024-04,14.84874076271054,7,Small,0,Pharmacy,DIST_W_01,Favorable
OUT_02225,2024-06,5.970872267041297,2,Small,0,Pharmacy,DIST_W_01,Un-Favorable
OUT_02225,2024-08,22.619278429818007,1,Small,0,Pharmacy,DIST_W_01,Moderate
OUT_02225,2024-10,5.545763038345116,2,Small,0,Pharmacy,DIST_W_01,Moderate
OUT_02225,2024-11,7.740690111283147,1,Small,0,Pharmacy,DIST_W_01,Moderate
OUT_02225,2025-02,23.277666417363072,2,Small,0,Pharmacy,DIST_W_01,Moderate
OUT_02225,2025-03,6.885298367818795,1,Small,0,Pharmacy,DIST_W_01,Moderate
OUT_02225,2025-06,16.724891686490018,1,Small,0,Pharmacy,DIST_W_01,Un-Favorable
OUT_02225,2025-08,11.11342543775153,1,Small,0,Pharmacy,DIST_W_01,Moderate
OUT_02225,2025-10,33.55113173679581,1,Small,0,Pharmacy,DIST_W_01,Moderate
OUT_02225,2025-12,22.060971553109,2,Small,0,Pharmacy,DIST_W_01,Favorable
OUT_02231,2023-01,100.03868227646684,3,Small,1,Eatery,DIST_W_02,Moderate
OUT_02231,2023-03,64.87235363356518,1,Small,1,Eatery,DIST_W_02,Moderate
OUT_02231,2023-05,55.133915000038805,4,Small,1,Eatery,DIST_W_02,Un-Favorable
OUT_02231,2023-06,1.8889506415963224,1,Small,1,Eatery,DIST_W_02,Un-Favorable
OUT_02231,2023-07,20.881414505052785,1,Small,1,Eatery,DIST_W_02,Moderate
OUT_02231,2023-09,15.188172106504148,2,Small,1,Eatery,DIST_W_02,Moderate
OUT_02231,2023-12,40.462628344497936,2,Small,1,Eatery,DIST_W_02,Favorable
OUT_02231,2024-03,86.23179634160212,3,Small,1,Eatery,DIST_W_02,Moderate
OUT_02231,2024-04,106.39367575598848,7,Small,1,Eatery,DIST_W_02,Favorable
OUT_02231,2024-06,7.732021818033216,2,Small,1,Eatery,DIST_W_02,Un-Favorable
OUT_02231,2024-07,32.69646474856805,1,Small,1,Eatery,DIST_W_02,Moderate
OUT_02231,2024-08,34.752885653332406,1,Small,1,Eatery,DIST_W_02,Moderate
OUT_02231,2025-01,24.809287560110604,2,Small,1,Eatery,DIST_W_02,Moderate
OUT_02231,2025-04,12.118330974034691,5,Small,1,Eatery,DIST_W_02,Favorable
OUT_02231,2025-06,4.257757576338732,1,Small,1,Eatery,DIST_W_02,Un-Favorable
OUT_02231,2025-09,62.64422925523658,2,Small,1,Eatery,DIST_W_02,Moderate
OUT_02231,2025-11,23.98321659465728,1,Small,1,Eatery,DIST_W_02,Moderate
OUT_02256,2023-02,67.78184075244715,3,small,1,Kiosk,DIST_W_01,Moderate
OUT_02256,2023-04,35.36168251204391,4,small,1,Kiosk,DIST_W_01,Favorable
OUT_02256,2023-07,15.434040385320728,1,small,1,Kiosk,DIST_W_01,Moderate
OUT_02256,2023-09,10.961123101223016,2,small,1,Kiosk,DIST_W_01,Moderate
OUT_02256,2023-11,66.5563394488311,1,small,1,Kiosk,DIST_W_01,Moderate
OUT_02256,2024-01,27.546854844434524,2,small,1,Kiosk,DIST_W_01,Moderate
OUT_02256,2024-05,6.594865570850034,3,small,1,Kiosk,DIST_W_01,Un-Favorable
OUT_02256,2024-06,5.282568156567876,2,small,1,Kiosk,DIST_W_01,Un-Favorable
OUT_02256,2024-07,18.068854344470104,1,small,1,Kiosk,DIST_W_01,Moderate
OUT_02256,2024-10,92.7716845310018,2,small,1,Kiosk,DIST_W_01,Moderate
OUT_02256,2024-11,85.23452491504531,1,small,1,Kiosk,DIST_W_01,Moderate
OUT_02256,2024-12,7.421543392865785,2,small,1,Kiosk,DIST_W_01,Favorable
OUT_02256,2025-02,21.115485470867995,2,small,1,Kiosk,DIST_W_01,Moderate
OUT_02256,2025-03,30.112672501288863,1,small,1,Kiosk,DIST_W_01,Moderate
OUT_02256,2025-05,16.004313920701794,3,small,1,Kiosk,DIST_W_01,Un-Favorable
OUT_02256,2025-09,31.212191924835665,2,small,1,Kiosk,DIST_W_01,Moderate
OUT_02256,2025-11,13.145196532740652,1,small,1,Kiosk,DIST_W_01,Moderate
OUT_02312,2023-01,160.9766290895732,3,Medium,1,SMMT,DIST_W_02,Moderate
OUT_02312,2023-03,82.36953236100085,1,Medium,1,SMMT,DIST_W_02,Moderate
OUT_02312,2023-04,254.5991424321474,4,Medium,1,SMMT,DIST_W_02,Favorable
OUT_02312,2023-07,84.41633907927684,1,Medium,1,SMMT,DIST_W_02,Moderate
OUT_02312,2023-08,206.39000663325305,2,Medium,1,SMMT,DIST_W_02,Moderate
OUT_02312,2023-09,206.7085853676813,2,Medium,1,SMMT,DIST_W_02,Moderate
OUT_02312,2023-10,175.85991036296048,1,Medium,1,SMMT,DIST_W_02,Moderate
OUT_02312,2023-11,26.39720067237812,1,Medium,1,SMMT,DIST_W_02,Moderate
OUT_02312,2024-01,128.99678352915464,2,Medium,1,SMMT,DIST_W_02,Moderate
OUT_02312,2024-02,215.11449032815665,3,Medium,1,SMMT,DIST_W_02,Moderate
OUT_02312,2024-03,10.077008797640104,3,Medium,1,SMMT,DIST_W_02,Moderate
OUT_02312,2024-04,98.78765617925671,7,Medium,1,SMMT,DIST_W_02,Favorable
OUT_02312,2024-07,225.7041880517565,1,Medium,1,SMMT,DIST_W_02,Moderate
OUT_02312,2024-09,195.901917033972,2,Medium,1,SMMT,DIST_W_02,Moderate
OUT_02312,2024-12,203.43064708875107,2,Medium,1,SMMT,DIST_W_02,Favorable
OUT_02312,2025-01,211.13304492314933,2,Medium,1,SMMT,DIST_W_02,Moderate
OUT_02312,2025-03,60.000815025438754,1,Medium,1,SMMT,DIST_W_02,Moderate
OUT_02312,2025-04,280.9356719158858,5,Medium,1,SMMT,DIST_W_02,Favorable
OUT_02312,2025-07,214.2973839108083,1,Medium,1,SMMT,DIST_W_02,Moderate
OUT_02312,2025-08,61.16634318767748,1,Medium,1,SMMT,DIST_W_02,Moderate
OUT_02312,2025-10,53.56616760304505,1,Medium,1,SMMT,DIST_W_02,Moderate
OUT_02312,2025-11,73.99317707069582,1,Medium,1,SMMT,DIST_W_02,Moderate
OUT_02312,2025-12,24.526217565245545,2,Medium,1,SMMT,DIST_W_02,Favorable
OUT_02328,2023-01,77.88668678814743,3,Small,0,Hotel,DIST_W_01,Moderate
OUT_02328,2023-05,6.8289160540448846,4,Small,0,Hotel,DIST_W_01,Un-Favorable
OUT_02328,2023-06,17.073428300550287,1,Small,0,Hotel,DIST_W_01,Un-Favorable
OUT_02328,2023-07,31.6168457303106,1,Small,0,Hotel,DIST_W_01,Moderate
OUT_02328,2023-08,10.58538537986097,2,Small,0,Hotel,DIST_W_01,Moderate
OUT_02328,2023-09,107.94427413588232,2,Small,0,Hotel,DIST_W_01,Moderate
OUT_02328,2023-10,24.168883815546327,1,Small,0,Hotel,DIST_W_01,Moderate
OUT_02328,2023-11,4.357210721222769,1,Small,0,Hotel,DIST_W_01,Moderate
OUT_02328,2023-12,54.87917636314155,2,Small,0,Hotel,DIST_W_01,Favorable
OUT_02328,2024-03,54.93243276370387,3,Small,0,Hotel,DIST_W_01,Moderate
OUT_02328,2024-05,53.01519301627237,3,Small,0,Hotel,DIST_W_01,Un-Favorable
OUT_02328,2024-09,11.13768426486424,2,Small,0,Hotel,DIST_W_01,Moderate
OUT_02328,2024-10,44.381676340939066,2,Small,0,Hotel,DIST_W_01,Moderate
OUT_02328,2024-11,73.92006296951489,1,Small,0,Hotel,DIST_W_01,Moderate
OUT_02328,2025-01,25.94962794084991,2,Small,0,Hotel,DIST_W_01,Moderate
OUT_02328,2025-03,70.3743051863193,1,Small,0,Hotel,DIST_W_01,Moderate
OUT_02328,2025-04,116.16324612468864,5,Small,0,Hotel,DIST_W_01,Favorable
OUT_02328,2025-06,22.44201956516872,1,Small,0,Hotel,DIST_W_01,Un-Favorable
OUT_02328,2025-07,14.452234419249354,1,Small,0,Hotel,DIST_W_01,Moderate
OUT_02328,2025-08,86.81608843319418,1,Small,0,Hotel,DIST_W_01,Moderate
OUT_02328,2025-09,3.5283499108008707,2,Small,0,Hotel,DIST_W_01,Moderate
OUT_02328,2025-10,4.671591758577679,1,Small,0,Hotel,DIST_W_01,Moderate
OUT_02341,2023-01,189.8620319111531,3,Medium,2,Hotel,DIST_W_03,Moderate
OUT_02341,2023-02,73.82977380735954,3,Medium,2,Hotel,DIST_W_03,Moderate
OUT_02341,2023-03,230.2832190176361,1,Medium,2,Hotel,DIST_W_03,Moderate
OUT_02341,2023-05,156.11760700746817,4,Medium,2,Hotel,DIST_W_03,Un-Favorable
OUT_02341,2023-06,26.70069170724305,1,Medium,2,Hotel,DIST_W_03,Un-Favorable
OUT_02341,2023-07,226.951334947388,1,Medium,2,Hotel,DIST_W_03,Moderate
OUT_02341,2024-01,177.51692895911566,2,Medium,2,Hotel,DIST_W_03,Moderate
OUT_02341,2024-02,31.231423413122585,3,Medium,2,Hotel,DIST_W_03,Moderate
OUT_02341,2024-03,31.85017282145548,3,Medium,2,Hotel,DIST_W_03,Moderate
OUT_02341,2024-05,120.01722599387227,3,Medium,2,Hotel,DIST_W_03,Un-Favorable
OUT_02341,2024-06,112.0885119953894,2,Medium,2,Hotel,DIST_W_03,Un-Favorable
OUT_02341,2024-07,68.4542278464715,1,Medium,2,Hotel,DIST_W_03,Moderate
OUT_02341,2024-08,206.78149903589173,1,Medium,2,Hotel,DIST_W_03,Moderate
OUT_02341,2024-10,219.9449046870204,2,Medium,2,Hotel,DIST_W_03,Moderate
OUT_02341,2024-12,303.13393820714566,2,Medium,2,Hotel,DIST_W_03,Favorable
OUT_02341,2025-03,180.7069177929475,1,Medium,2,Hotel,DIST_W_03,Moderate
OUT_02341,2025-04,250.7413603156196,5,Medium,2,Hotel,DIST_W_03,Favorable
OUT_02341,2025-05,24.132074127037168,3,Medium,2,Hotel,DIST_W_03,Un-Favorable
OUT_02341,2025-07,229.9338126400136,1,Medium,2,Hotel,DIST_W_03,Moderate
OUT_02341,2025-08,137.87812685146045,1,Medium,2,Hotel,DIST_W_03,Moderate
OUT_02341,2025-09,65.76439198692444,2,Medium,2,Hotel,DIST_W_03,Moderate
OUT_02341,2025-10,226.82131974422907,1,Medium,2,Hotel,DIST_W_03,Moderate
OUT_02341,2025-11,199.627136936338,1,Medium,2,Hotel,DIST_W_03,Moderate
OUT_02367,2023-03,23.06170356632896,1,Small,1,Grocery,DIST_W_01,Moderate
OUT_02367,2023-07,28.676232938549205,1,Small,1,Grocery,DIST_W_01,Moderate
OUT_02367,2023-08,69.97701752845872,2,Small,1,Grocery,DIST_W_01,Moderate
OUT_02367,2023-10,10.776755765290543,1,Small,1,Grocery,DIST_W_01,Moderate
OUT_02367,2023-12,123.86739618420368,2,Small,1,Grocery,DIST_W_01,Favorable
OUT_02367,2024-01,25.314754886564465,2,Small,1,Grocery,DIST_W_01,Moderate
OUT_02367,2024-03,90.50123649722732,3,Small,1,Grocery,DIST_W_01,Moderate
OUT_02367,2024-05,21.27533199442796,3,Small,1,Grocery,DIST_W_01,Un-Favorable
OUT_02367,2024-07,70.9065257866057,1,Small,1,Grocery,DIST_W_01,Moderate
OUT_02367,2024-08,53.75271889860621,1,Small,1,Grocery,DIST_W_01,Moderate
OUT_02367,2024-10,88.87969068726946,2,Small,1,Grocery,DIST_W_01,Moderate
OUT_02367,2024-11,88.20794909817921,1,Small,1,Grocery,DIST_W_01,Moderate
OUT_02367,2024-12,4.007946038473223,2,Small,1,Grocery,DIST_W_01,Favorable
OUT_02367,2025-01,26.72544305807613,2,Small,1,Grocery,DIST_W_01,Moderate
OUT_02367,2025-03,89.4768685452265,1,Small,1,Grocery,DIST_W_01,Moderate
OUT_02367,2025-05,7.416868333479085,3,Small,1,Grocery,DIST_W_01,Un-Favorable
OUT_02367,2025-06,18.59351190807528,1,Small,1,Grocery,DIST_W_01,Un-Favorable
OUT_02367,2025-07,87.09228997911498,1,Small,1,Grocery,DIST_W_01,Moderate
OUT_02367,2025-09,67.49285577378959,2,Small,1,Grocery,DIST_W_01,Moderate
OUT_02374,2023-02,232.1296381297647,3,Medium,2,Grocry,DIST_W_01,Moderate
OUT_02374,2023-03,63.41700207576238,1,Medium,2,Grocry,DIST_W_01,Moderate
OUT_02374,2023-04,243.48815454512527,4,Medium,2,Grocry,DIST_W_01,Favorable
OUT_02374,2023-05,45.02451356466747,4,Medium,2,Grocry,DIST_W_01,Un-Favorable
OUT_02374,2023-06,36.56344236121841,1,Medium,2,Grocry,DIST_W_01,Un-Favorable
OUT_02374,2023-07,58.57198011908498,1,Medium,2,Grocry,DIST_W_01,Moderate
OUT_02374,2023-08,215.6738337480503,2,Medium,2,Grocry,DIST_W_01,Moderate
OUT_02374,2023-10,110.63706661846442,1,Medium,2,Grocry,DIST_W_01,Moderate
OUT_02374,2023-12,83.2160813956116,2,Medium,2,Grocry,DIST_W_01,Favorable
OUT_02374,2024-01,49.94496827495818,2,Medium,2,Grocry,DIST_W_01,Moderate
OUT_02374,2024-02,92.67262508346708,3,Medium,2,Grocry,DIST_W_01,Moderate
OUT_02374,2024-03,46.10614594238787,3,Medium,2,Grocry,DIST_W_01,Moderate
OUT_02374,2024-04,167.70781416967037,7,Medium,2,Grocry,DIST_W_01,Favorable
OUT_02374,2024-05,27.893906400120407,3,Medium,2,Grocry,DIST_W_01,Un-Favorable
OUT_02374,2024-06,93.27762771565352,2,Medium,2,Grocry,DIST_W_01,Un-Favorable
OUT_02374,2024-07,41.43585279664194,1,Medium,2,Grocry,DIST_W_01,Moderate
OUT_02374,2024-08,27.54221186607775,1,Medium,2,Grocry,DIST_W_01,Moderate
OUT_02374,2024-09,138.98475273642998,2,Medium,2,Grocry,DIST_W_01,Moderate
OUT_02374,2024-10,37.85069371306388,2,Medium,2,Grocry,DIST_W_01,Moderate
OUT_02374,2024-11,62.63940834244854,1,Medium,2,Grocry,DIST_W_01,Moderate
OUT_02374,2024-12,116.1352247518716,2,Medium,2,Grocry,DIST_W_01,Favorable
OUT_02374,2025-01,102.45569898075988,2,Medium,2,Grocry,DIST_W_01,Moderate
OUT_02374,2025-03,38.82109418810556,1,Medium,2,Grocry,DIST_W_01,Moderate
OUT_02374,2025-04,255.5263463637043,5,Medium,2,Grocry,DIST_W_01,Favorable
OUT_02374,2025-05,136.83482408101278,3,Medium,2,Grocry,DIST_W_01,Un-Favorable
OUT_02374,2025-06,100.49416411574948,1,Medium,2,Grocry,DIST_W_01,Un-Favorable
OUT_02374,2025-07,119.45341782386016,1,Medium,2,Grocry,DIST_W_01,Moderate
OUT_02374,2025-08,60.12744404262287,1,Medium,2,Grocry,DIST_W_01,Moderate
OUT_02374,2025-09,53.17398682373389,2,Medium,2,Grocry,DIST_W_01,Moderate
OUT_02374,2025-12,262.63801551024704,2,Medium,2,Grocry,DIST_W_01,Favorable
OUT_02434,2023-02,38.18496483530703,3,,0,Hotel,DIST_W_01,Moderate
OUT_02434,2023-03,10.71751114111482,1,,0,Hotel,DIST_W_01,Moderate
OUT_02434,2023-04,5.333691781559517,4,,0,Hotel,DIST_W_01,Favorable
OUT_02434,2023-09,22.309238977942105,2,,0,Hotel,DIST_W_01,Moderate
OUT_02434,2023-12,132.8128452115941,2,,0,Hotel,DIST_W_01,Favorable
OUT_02434,2024-02,9.94905369413298,3,,0,Hotel,DIST_W_01,Moderate
OUT_02434,2024-03,73.9458474023107,3,,0,Hotel,DIST_W_01,Moderate
OUT_02434,2024-04,57.63357814125948,7,,0,Hotel,DIST_W_01,Favorable
OUT_02434,2024-05,22.06774682617464,3,,0,Hotel,DIST_W_01,Un-Favorable
OUT_02434,2024-06,30.61450395092244,2,,0,Hotel,DIST_W_01,Un-Favorable
OUT_02434,2024-07,8.720613919265636,1,,0,Hotel,DIST_W_01,Moderate
OUT_02434,2024-12,28.79816074431044,2,,0,Hotel,DIST_W_01,Favorable
OUT_02434,2025-03,24.33729567296029,1,,0,Hotel,DIST_W_01,Moderate
OUT_02434,2025-07,77.43502412622725,1,,0,Hotel,DIST_W_01,Moderate
OUT_02434,2025-08,21.71459765293519,1,,0,Hotel,DIST_W_01,Moderate
OUT_02434,2025-10,25.35140161616672,1,,0,Hotel,DIST_W_01,Moderate
OUT_02481,2023-02,23.582411191472417,3,Small,0,Kiosk,DIST_W_01,Moderate
OUT_02481,2023-03,5.938548639170632,1,Small,0,Kiosk,DIST_W_01,Moderate
OUT_02481,2023-05,43.348560583341566,4,Small,0,Kiosk,DIST_W_01,Un-Favorable
OUT_02481,2023-07,48.49544409029129,1,Small,0,Kiosk,DIST_W_01,Moderate
OUT_02481,2023-09,39.90693873513629,2,Small,0,Kiosk,DIST_W_01,Moderate
OUT_02481,2024-01,20.328984441907068,2,Small,0,Kiosk,DIST_W_01,Moderate
OUT_02481,2024-04,7.779491469336606,7,Small,0,Kiosk,DIST_W_01,Favorable
OUT_02481,2024-06,21.38381094262418,2,Small,0,Kiosk,DIST_W_01,Un-Favorable
OUT_02481,2024-07,49.15376062706346,1,Small,0,Kiosk,DIST_W_01,Moderate
OUT_02481,2024-08,4.2579878048729976,1,Small,0,Kiosk,DIST_W_01,Moderate
OUT_02481,2024-09,11.079894990059676,2,Small,0,Kiosk,DIST_W_01,Moderate
OUT_02481,2024-11,76.59057478306102,1,Small,0,Kiosk,DIST_W_01,Moderate
OUT_02481,2024-12,139.72020176391345,2,Small,0,Kiosk,DIST_W_01,Favorable
OUT_02481,2025-01,70.36395122449245,2,Small,0,Kiosk,DIST_W_01,Moderate
OUT_02481,2025-04,38.662037096794,5,Small,0,Kiosk,DIST_W_01,Favorable
OUT_02481,2025-07,74.6035557939645,1,Small,0,Kiosk,DIST_W_01,Moderate
OUT_02481,2025-08,22.779702925353376,1,Small,0,Kiosk,DIST_W_01,Moderate
OUT_02481,2025-09,3.864017607164769,2,Small,0,Kiosk,DIST_W_01,Moderate
OUT_02481,2025-12,24.309040648707967,2,Small,0,Kiosk,DIST_W_01,Favorable
OUT_02515,2023-02,696.9836124724112,3,Large,2,Kiosk,DIST_W_03,Moderate
OUT_02515,2023-03,349.29072774159573,1,Large,2,Kiosk,DIST_W_03,Moderate
OUT_02515,2023-05,210.96326133791192,4,Large,2,Kiosk,DIST_W_03,Un-Favorable
OUT_02515,2023-06,127.7184516026817,1,Large,2,Kiosk,DIST_W_03,Un-Favorable
OUT_02515,2023-07,249.30340403599263,1,Large,2,Kiosk,DIST_W_03,Moderate
OUT_02515,2023-08,274.3617200932584,2,Large,2,Kiosk,DIST_W_03,Moderate
OUT_02515,2023-09,436.76969852240825,2,Large,2,Kiosk,DIST_W_03,Moderate
OUT_02515,2023-11,486.4830434320514,1,Large,2,Kiosk,DIST_W_03,Moderate
OUT_02515,2023-12,681.3452964926529,2,Large,2,Kiosk,DIST_W_03,Favorable
OUT_02515,2024-01,611.6637292492121,2,Large,2,Kiosk,DIST_W_03,Moderate
OUT_02515,2024-02,513.1526919506821,3,Large,2,Kiosk,DIST_W_03,Moderate
OUT_02515,2024-03,629.1338886103607,3,Large,2,Kiosk,DIST_W_03,Moderate
OUT_02515,2024-04,704.2301790818184,7,Large,2,Kiosk,DIST_W_03,Favorable
OUT_02515,2024-05,392.0830431344714,3,Large,2,Kiosk,DIST_W_03,Un-Favorable
OUT_02515,2024-06,433.7354117596738,2,Large,2,Kiosk,DIST_W_03,Un-Favorable
OUT_02515,2024-07,243.36755873314544,1,Large,2,Kiosk,DIST_W_03,Moderate
OUT_02515,2024-08,689.9836676348943,1,Large,2,Kiosk,DIST_W_03,Moderate
OUT_02515,2024-09,528.4206461544708,2,Large,2,Kiosk,DIST_W_03,Moderate
OUT_02515,2024-10,645.4230121046396,2,Large,2,Kiosk,DIST_W_03,Moderate
OUT_02515,2024-12,375.7738005807456,2,Large,2,Kiosk,DIST_W_03,Favorable
OUT_02515,2025-01,592.8557389022959,2,Large,2,Kiosk,DIST_W_03,Moderate
OUT_02515,2025-02,544.3958170620762,2,Large,2,Kiosk,DIST_W_03,Moderate
OUT_02515,2025-03,496.6247493481397,1,Large,2,Kiosk,DIST_W_03,Moderate
OUT_02515,2025-04,816.9344980918995,5,Large,2,Kiosk,DIST_W_03,Favorable
OUT_02515,2025-05,434.6721885041104,3,Large,2,Kiosk,DIST_W_03,Un-Favorable
OUT_02515,2025-06,181.5743484843131,1,Large,2,Kiosk,DIST_W_03,Un-Favorable
OUT_02515,2025-07,645.4139214797219,1,Large,2,Kiosk,DIST_W_03,Moderate
OUT_02515,2025-08,626.8512141440099,1,Large,2,Kiosk,DIST_W_03,Moderate
OUT_02515,2025-11,536.4374258836234,1,Large,2,Kiosk,DIST_W_03,Moderate
OUT_02515,2025-12,925.0068580943096,2,Large,2,Kiosk,DIST_W_03,Favorable
OUT_02541,2023-01,647.2800644771268,3,Large,4,Kiosk,DIST_W_01,Moderate
OUT_02541,2023-02,650.484555476594,3,Large,4,Kiosk,DIST_W_01,Moderate
OUT_02541,2023-03,642.1453626034137,1,Large,4,Kiosk,DIST_W_01,Moderate
OUT_02541,2023-04,802.1421650606247,4,Large,4,Kiosk,DIST_W_01,Favorable
OUT_02541,2023-06,333.0784533968998,1,Large,4,Kiosk,DIST_W_01,Un-Favorable
OUT_02541,2023-07,662.2521373361001,1,Large,4,Kiosk,DIST_W_01,Moderate
OUT_02541,2023-08,287.81625172246004,2,Large,4,Kiosk,DIST_W_01,Moderate
OUT_02541,2023-09,626.3878274223404,2,Large,4,Kiosk,DIST_W_01,Moderate
OUT_02541,2023-11,500.3103296577513,1,Large,4,Kiosk,DIST_W_01,Moderate
OUT_02541,2023-12,360.09883096037754,2,Large,4,Kiosk,DIST_W_01,Favorable
OUT_02541,2024-01,519.1367847416122,2,Large,4,Kiosk,DIST_W_01,Moderate
OUT_02541,2024-02,584.9100691215859,3,Large,4,Kiosk,DIST_W_01,Moderate
OUT_02541,2024-03,449.7141465700268,3,Large,4,Kiosk,DIST_W_01,Moderate
OUT_02541,2024-04,362.6654171372118,7,Large,4,Kiosk,DIST_W_01,Favorable
OUT_02541,2024-05,222.82776530561856,3,Large,4,Kiosk,DIST_W_01,Un-Favorable
OUT_02541,2024-06,415.81460083727455,2,Large,4,Kiosk,DIST_W_01,Un-Favorable
OUT_02541,2024-07,601.0637597599685,1,Large,4,Kiosk,DIST_W_01,Moderate
OUT_02541,2024-08,544.5280044575454,1,Large,4,Kiosk,DIST_W_01,Moderate
OUT_02541,2024-09,201.20032537962967,2,Large,4,Kiosk,DIST_W_01,Moderate
OUT_02541,2024-10,502.0949345371564,2,Large,4,Kiosk,DIST_W_01,Moderate
OUT_02541,2024-11,563.8338777513595,1,Large,4,Kiosk,DIST_W_01,Moderate
OUT_02541,2024-12,823.0081646846259,2,Large,4,Kiosk,DIST_W_01,Favorable
OUT_02541,2025-01,620.9034275436912,2,Large,4,Kiosk,DIST_W_01,Moderate
OUT_02541,2025-02,564.3403848923506,2,Large,4,Kiosk,DIST_W_01,Moderate
OUT_02541,2025-03,650.4934090915968,1,Large,4,Kiosk,DIST_W_01,Moderate
OUT_02541,2025-04,601.6511614337547,5,Large,4,Kiosk,DIST_W_01,Favorable
OUT_02541,2025-05,413.7462319775991,3,Large,4,Kiosk,DIST_W_01,Un-Favorable
OUT_02541,2025-06,452.0221035230836,1,Large,4,Kiosk,DIST_W_01,Un-Favorable
OUT_02541,2025-08,536.5930238186352,1,Large,4,Kiosk,DIST_W_01,Moderate
OUT_02541,2025-09,539.088976070895,2,Large,4,Kiosk,DIST_W_01,Moderate
OUT_02541,2025-10,679.423678284343,1,Large,4,Kiosk,DIST_W_01,Moderate
OUT_02541,2025-11,699.3123311756542,1,Large,4,Kiosk,DIST_W_01,Moderate
OUT_02541,2025-12,934.5532830283012,2,Large,4,Kiosk,DIST_W_01,Favorable
OUT_02562,2023-05,71.95400842250899,4,Small,0,Eatery,DIST_W_03,Un-Favorable
OUT_02562,2023-06,5.897922689864089,1,Small,0,Eatery,DIST_W_03,Un-Favorable
OUT_02562,2023-10,4.826470548192401,1,Small,0,Eatery,DIST_W_03,Moderate
OUT_02562,2023-12,21.990492595213265,2,Small,0,Eatery,DIST_W_03,Favorable
OUT_02562,2024-02,81.30515722654494,3,Small,0,Eatery,DIST_W_03,Moderate
OUT_02562,2024-04,43.35781737177467,7,Small,0,Eatery,DIST_W_03,Favorable
OUT_02562,2024-05,24.894317188420448,3,Small,0,Eatery,DIST_W_03,Un-Favorable
OUT_02562,2024-06,3.0171198035966498,2,Small,0,Eatery,DIST_W_03,Un-Favorable
OUT_02562,2024-07,14.602305356450485,1,Small,0,Eatery,DIST_W_03,Moderate
OUT_02562,2024-08,27.839692453685394,1,Small,0,Eatery,DIST_W_03,Moderate
OUT_02562,2024-11,20.36099394849105,1,Small,0,Eatery,DIST_W_03,Moderate
OUT_02562,2024-12,27.140115059023472,2,Small,0,Eatery,DIST_W_03,Favorable
OUT_02562,2025-03,11.956059854294312,1,Small,0,Eatery,DIST_W_03,Moderate
OUT_02562,2025-06,50.4678340408264,1,Small,0,Eatery,DIST_W_03,Un-Favorable
OUT_02562,2025-10,18.47379403900129,1,Small,0,Eatery,DIST_W_03,Moderate
OUT_02573,2023-03,11.90334339079717,1,Small,0,SMMT,DIST_W_02,Moderate
OUT_02573,2023-10,113.71500324780595,1,Small,0,SMMT,DIST_W_02,Moderate
OUT_02573,2023-11,87.83900252997032,1,Small,0,SMMT,DIST_W_02,Moderate
OUT_02573,2023-12,133.99794111017718,2,Small,0,SMMT,DIST_W_02,Favorable
OUT_02573,2024-02,20.20467780750867,3,Small,0,SMMT,DIST_W_02,Moderate
OUT_02573,2024-03,26.496954655986617,3,Small,0,SMMT,DIST_W_02,Moderate
OUT_02573,2024-05,12.633743142290871,3,Small,0,SMMT,DIST_W_02,Un-Favorable
OUT_02573,2024-12,8.337116536887969,2,Small,0,SMMT,DIST_W_02,Favorable
OUT_02573,2025-01,10.650828258654933,2,Small,0,SMMT,DIST_W_02,Moderate
OUT_02573,2025-03,97.91352423661483,1,Small,0,SMMT,DIST_W_02,Moderate
OUT_02573,2025-04,117.13408296485142,5,Small,0,SMMT,DIST_W_02,Favorable
OUT_02573,2025-06,5.453556746448889,1,Small,0,SMMT,DIST_W_02,Un-Favorable
OUT_02573,2025-09,7.463873623227139,2,Small,0,SMMT,DIST_W_02,Moderate
OUT_02573,2025-10,4.666466582105841,1,Small,0,SMMT,DIST_W_02,Moderate
OUT_02573,2025-11,18.150748065503045,1,Small,0,SMMT,DIST_W_02,Moderate
OUT_02601,2023-02,181.47885824667043,3,Medium,1,Eatery,DIST_W_02,Moderate
OUT_02601,2023-03,193.37251612388343,1,Medium,1,Eatery,DIST_W_02,Moderate
OUT_02601,2023-07,86.9193298380928,1,Medium,1,Eatery,DIST_W_02,Moderate
OUT_02601,2023-08,172.26774162482795,2,Medium,1,Eatery,DIST_W_02,Moderate
OUT_02601,2023-09,205.6250705142396,2,Medium,1,Eatery,DIST_W_02,Moderate
OUT_02601,2023-11,146.3294098803017,1,Medium,1,Eatery,DIST_W_02,Moderate
OUT_02601,2023-12,119.8242305325296,2,Medium,1,Eatery,DIST_W_02,Favorable
OUT_02601,2024-01,45.67035485991639,2,Medium,1,Eatery,DIST_W_02,Moderate
OUT_02601,2024-04,404.292869279729,7,Medium,1,Eatery,DIST_W_02,Favorable
OUT_02601,2024-06,20.661543249815864,2,Medium,1,Eatery,DIST_W_02,Un-Favorable
OUT_02601,2024-07,202.03295282501315,1,Medium,1,Eatery,DIST_W_02,Moderate
OUT_02601,2024-10,182.3553827176489,2,Medium,1,Eatery,DIST_W_02,Moderate
OUT_02601,2024-11,213.2475292293212,1,Medium,1,Eatery,DIST_W_02,Moderate
OUT_02601,2025-01,60.91716586943774,2,Medium,1,Eatery,DIST_W_02,Moderate
OUT_02601,2025-02,118.3938964842468,2,Medium,1,Eatery,DIST_W_02,Moderate
OUT_02601,2025-04,215.4866356748492,5,Medium,1,Eatery,DIST_W_02,Favorable
OUT_02601,2025-06,130.1010787931339,1,Medium,1,Eatery,DIST_W_02,Un-Favorable
OUT_02601,2025-08,179.34744396643282,1,Medium,1,Eatery,DIST_W_02,Moderate
OUT_02601,2025-09,165.4186769086653,2,Medium,1,Eatery,DIST_W_02,Moderate
OUT_02601,2025-10,112.24695730205876,1,Medium,1,Eatery,DIST_W_02,Moderate
OUT_02601,2025-11,157.09231366885746,1,Medium,1,Eatery,DIST_W_02,Moderate
OUT_02601,2025-12,28.08528033924004,2,Medium,1,Eatery,DIST_W_02,Favorable
OUT_02604,2023-02,38.940250708927735,3,Small,0,Kiosk,DIST_W_02,Moderate
OUT_02604,2023-03,121.31142790112412,1,Small,0,Kiosk,DIST_W_02,Moderate
OUT_02604,2023-04,9.089857726945862,4,Small,0,Kiosk,DIST_W_02,Favorable
OUT_02604,2023-05,8.516106623375764,4,Small,0,Kiosk,DIST_W_02,Un-Favorable
OUT_02604,2023-09,26.312333350658086,2,Small,0,Kiosk,DIST_W_02,Moderate
OUT_02604,2023-11,88.84933312778422,1,Small,0,Kiosk,DIST_W_02,Moderate
OUT_02604,2024-05,10.926632486079434,3,Small,0,Kiosk,DIST_W_02,Un-Favorable
OUT_02604,2024-08,23.93291301740331,1,Small,0,Kiosk,DIST_W_02,Moderate
OUT_02604,2024-12,42.22722266614286,2,Small,0,Kiosk,DIST_W_02,Favorable
OUT_02604,2025-02,8.480117464328456,2,Small,0,Kiosk,DIST_W_02,Moderate
OUT_02604,2025-04,12.078629226783512,5,Small,0,Kiosk,DIST_W_02,Favorable
OUT_02604,2025-05,3.714065372341129,3,Small,0,Kiosk,DIST_W_02,Un-Favorable
OUT_02604,2025-08,33.86925665245934,1,Small,0,Kiosk,DIST_W_02,Moderate
OUT_02604,2025-09,19.647484869768427,2,Small,0,Kiosk,DIST_W_02,Moderate
OUT_02604,2025-11,86.20483951944536,1,Small,0,Kiosk,DIST_W_02,Moderate
OUT_02604,2025-12,42.52172660844352,2,Small,0,Kiosk,DIST_W_02,Favorable
OUT_02623,2023-01,70.93195057176202,3,small,1,Grocery,DIST_W_01,Moderate
OUT_02623,2023-05,12.819121634390577,4,small,1,Grocery,DIST_W_01,Un-Favorable
OUT_02623,2023-10,30.3371268358824,1,small,1,Grocery,DIST_W_01,Moderate
OUT_02623,2023-12,40.01254682655887,2,small,1,Grocery,DIST_W_01,Favorable
OUT_02623,2024-01,7.92505986771127,2,small,1,Grocery,DIST_W_01,Moderate
OUT_02623,2024-02,97.51578490832794,3,small,1,Grocery,DIST_W_01,Moderate
OUT_02623,2024-03,90.0469868198379,3,small,1,Grocery,DIST_W_01,Moderate
OUT_02623,2024-08,60.250853067218415,1,small,1,Grocery,DIST_W_01,Moderate
OUT_02623,2024-09,53.57309113268863,2,small,1,Grocery,DIST_W_01,Moderate
OUT_02623,2024-10,88.07787854852032,2,small,1,Grocery,DIST_W_01,Moderate
OUT_02623,2024-12,25.73366610112561,2,small,1,Grocery,DIST_W_01,Favorable
OUT_02623,2025-01,16.060700123884054,2,small,1,Grocery,DIST_W_01,Moderate
OUT_02623,2025-02,21.38316756196497,2,small,1,Grocery,DIST_W_01,Moderate
OUT_02623,2025-05,13.235418528021167,3,small,1,Grocery,DIST_W_01,Un-Favorable
OUT_02623,2025-06,17.839060240860903,1,small,1,Grocery,DIST_W_01,Un-Favorable
OUT_02623,2025-07,27.19931575748932,1,small,1,Grocery,DIST_W_01,Moderate
OUT_02623,2025-09,3.3816161169007977,2,small,1,Grocery,DIST_W_01,Moderate
OUT_02623,2025-10,72.8267535226713,1,small,1,Grocery,DIST_W_01,Moderate
OUT_02623,2025-12,101.0265098978226,2,small,1,Grocery,DIST_W_01,Favorable
OUT_02647,2023-01,645.1903246923802,3,Large,4,Kiosk,DIST_W_01,Moderate
OUT_02647,2023-02,589.8750853181282,3,Large,4,Kiosk,DIST_W_01,Moderate
OUT_02647,2023-03,664.9597676153145,1,Large,4,Kiosk,DIST_W_01,Moderate
OUT_02647,2023-04,773.0369256437663,4,Large,4,Kiosk,DIST_W_01,Favorable
OUT_02647,2023-05,385.2484420197735,4,Large,4,Kiosk,DIST_W_01,Un-Favorable
OUT_02647,2023-06,396.51533068079175,1,Large,4,Kiosk,DIST_W_01,Un-Favorable
OUT_02647,2023-07,535.6359285404441,1,Large,4,Kiosk,DIST_W_01,Moderate
OUT_02647,2023-09,568.3785647313172,2,Large,4,Kiosk,DIST_W_01,Moderate
OUT_02647,2023-10,501.85274878788414,1,Large,4,Kiosk,DIST_W_01,Moderate
OUT_02647,2023-11,631.5136353657531,1,Large,4,Kiosk,DIST_W_01,Moderate
OUT_02647,2023-12,198.7380338785141,2,Large,4,Kiosk,DIST_W_01,Favorable
OUT_02647,2024-01,309.2472894539536,2,Large,4,Kiosk,DIST_W_01,Moderate
OUT_02647,2024-02,541.1502820002049,3,Large,4,Kiosk,DIST_W_01,Moderate
OUT_02647,2024-03,579.1017674404587,3,Large,4,Kiosk,DIST_W_01,Moderate
OUT_02647,2024-04,737.5050667642981,7,Large,4,Kiosk,DIST_W_01,Favorable
OUT_02647,2024-05,393.32480607263454,3,Large,4,Kiosk,DIST_W_01,Un-Favorable
OUT_02647,2024-06,375.4494542197697,2,Large,4,Kiosk,DIST_W_01,Un-Favorable
OUT_02647,2024-07,610.5654591645373,1,Large,4,Kiosk,DIST_W_01,Moderate
OUT_02647,2024-08,598.8839554277293,1,Large,4,Kiosk,DIST_W_01,Moderate
OUT_02647,2024-09,647.5665645700586,2,Large,4,Kiosk,DIST_W_01,Moderate
OUT_02647,2024-10,293.75625972862133,2,Large,4,Kiosk,DIST_W_01,Moderate
OUT_02647,2024-12,777.1972371964167,2,Large,4,Kiosk,DIST_W_01,Favorable
OUT_02647,2025-01,490.3298977652794,2,Large,4,Kiosk,DIST_W_01,Moderate
OUT_02647,2025-02,559.1391774247227,2,Large,4,Kiosk,DIST_W_01,Moderate
OUT_02647,2025-04,950.2934939119286,5,Large,4,Kiosk,DIST_W_01,Favorable
OUT_02647,2025-05,367.2816177025962,3,Large,4,Kiosk,DIST_W_01,Un-Favorable
OUT_02647,2025-06,223.3920003676535,1,Large,4,Kiosk,DIST_W_01,Un-Favorable
OUT_02647,2025-07,446.3774406830934,1,Large,4,Kiosk,DIST_W_01,Moderate
OUT_02647,2025-08,272.7653101622445,1,Large,4,Kiosk,DIST_W_01,Moderate
OUT_02647,2025-09,286.19604009188066,2,Large,4,Kiosk,DIST_W_01,Moderate
OUT_02647,2025-10,579.453102641675,1,Large,4,Kiosk,DIST_W_01,Moderate
OUT_02647,2025-11,620.5618229193863,1,Large,4,Kiosk,DIST_W_01,Moderate
OUT_02647,2025-12,948.6408426957186,2,Large,4,Kiosk,DIST_W_01,Favorable
OUT_02652,2023-01,13.78524526309607,3,Small,0,Bakery,DIST_W_02,Moderate
OUT_02652,2023-02,30.539259356958617,3,Small,0,Bakery,DIST_W_02,Moderate
OUT_02652,2023-04,125.222806655198,4,Small,0,Bakery,DIST_W_02,Favorable
OUT_02652,2023-05,53.41038710243076,4,Small,0,Bakery,DIST_W_02,Un-Favorable
OUT_02652,2024-01,3.3565945073380865,2,Small,0,Bakery,DIST_W_02,Moderate
OUT_02652,2024-06,8.33220533810336,2,Small,0,Bakery,DIST_W_02,Un-Favorable
OUT_02652,2024-08,95.95627126676224,1,Small,0,Bakery,DIST_W_02,Moderate
OUT_02652,2024-09,33.79535916485056,2,Small,0,Bakery,DIST_W_02,Moderate
OUT_02652,2024-10,18.57841799769209,2,Small,0,Bakery,DIST_W_02,Moderate
OUT_02652,2024-11,70.84112716073311,1,Small,0,Bakery,DIST_W_02,Moderate
OUT_02652,2024-12,72.44539230254958,2,Small,0,Bakery,DIST_W_02,Favorable
OUT_02652,2025-01,41.1668931291912,2,Small,0,Bakery,DIST_W_02,Moderate
OUT_02652,2025-02,4.862103037576043,2,Small,0,Bakery,DIST_W_02,Moderate
OUT_02652,2025-03,77.2879326332816,1,Small,0,Bakery,DIST_W_02,Moderate
OUT_02652,2025-04,75.6217647846746,5,Small,0,Bakery,DIST_W_02,Favorable
OUT_02652,2025-10,4.036003684789211,1,Small,0,Bakery,DIST_W_02,Moderate
OUT_02652,2025-11,101.51702109532084,1,Small,0,Bakery,DIST_W_02,Moderate
OUT_02667,2023-01,2.3787349055034235,3,Small,0,SMMT,DIST_W_01,Moderate
OUT_02667,2023-02,35.80107939688798,3,Small,0,SMMT,DIST_W_01,Moderate
OUT_02667,2023-03,5.8265169587280985,1,Small,0,SMMT,DIST_W_01,Moderate
OUT_02667,2023-04,15.047180848859492,4,Small,0,SMMT,DIST_W_01,Favorable
OUT_02667,2023-05,45.43284643251884,4,Small,0,SMMT,DIST_W_01,Un-Favorable
OUT_02667,2023-06,21.28963870382348,1,Small,0,SMMT,DIST_W_01,Un-Favorable
OUT_02667,2023-09,25.00359083176876,2,Small,0,SMMT,DIST_W_01,Moderate
OUT_02667,2023-12,153.1497428305673,2,Small,0,SMMT,DIST_W_01,Favorable
OUT_02667,2024-01,21.89912770054025,2,Small,0,SMMT,DIST_W_01,Moderate
OUT_02667,2024-04,40.216708659713404,7,Small,0,SMMT,DIST_W_01,Favorable
OUT_02667,2024-07,16.939857655512398,1,Small,0,SMMT,DIST_W_01,Moderate
OUT_02667,2024-09,22.36319817097189,2,Small,0,SMMT,DIST_W_01,Moderate
OUT_02667,2024-10,16.103780450631014,2,Small,0,SMMT,DIST_W_01,Moderate
OUT_02667,2024-12,7.280981942465932,2,Small,0,SMMT,DIST_W_01,Favorable
OUT_02667,2025-02,15.790244308326637,2,Small,0,SMMT,DIST_W_01,Moderate
OUT_02667,2025-03,48.23994408863191,1,Small,0,SMMT,DIST_W_01,Moderate
OUT_02667,2025-05,2.665905339137594,3,Small,0,SMMT,DIST_W_01,Un-Favorable
OUT_02667,2025-07,77.87810418303636,1,Small,0,SMMT,DIST_W_01,Moderate
OUT_02681,2023-03,41.81983241963827,1,Small,0,Hotel,DIST_W_02,Moderate
OUT_02681,2023-04,46.424775566887874,4,Small,0,Hotel,DIST_W_02,Favorable
OUT_02681,2023-05,13.144889856183616,4,Small,0,Hotel,DIST_W_02,Un-Favorable
OUT_02681,2023-07,91.48446418693062,1,Small,0,Hotel,DIST_W_02,Moderate
OUT_02681,2023-09,54.94366970212073,2,Small,0,Hotel,DIST_W_02,Moderate
OUT_02681,2023-12,5.818758179581332,2,Small,0,Hotel,DIST_W_02,Favorable
OUT_02681,2024-01,97.94143057005162,2,Small,0,Hotel,DIST_W_02,Moderate
OUT_02681,2024-03,25.30570253417728,3,Small,0,Hotel,DIST_W_02,Moderate
OUT_02681,2024-04,128.90584750002893,7,Small,0,Hotel,DIST_W_02,Favorable
OUT_02681,2024-05,50.88585142738041,3,Small,0,Hotel,DIST_W_02,Un-Favorable
OUT_02681,2024-10,117.21135984395598,2,Small,0,Hotel,DIST_W_02,Moderate
OUT_02681,2024-11,35.11638504185291,1,Small,0,Hotel,DIST_W_02,Moderate
OUT_02681,2025-02,8.147541846749565,2,Small,0,Hotel,DIST_W_02,Moderate
OUT_02681,2025-03,49.9202617939615,1,Small,0,Hotel,DIST_W_02,Moderate
OUT_02681,2025-05,14.455808847298991,3,Small,0,Hotel,DIST_W_02,Un-Favorable
OUT_02681,2025-06,37.98499488828129,1,Small,0,Hotel,DIST_W_02,Un-Favorable
OUT_02681,2025-10,47.477468705192,1,Small,0,Hotel,DIST_W_02,Moderate
OUT_02681,2025-12,14.972902019161198,2,Small,0,Hotel,DIST_W_02,Favorable
OUT_02684,2023-01,736.4519742420006,3,Large,2,Grocery,DIST_W_01,Moderate
OUT_02684,2023-02,214.37815431967925,3,Large,2,Grocery,DIST_W_01,Moderate
OUT_02684,2023-03,669.9044347663745,1,Large,2,Grocery,DIST_W_01,Moderate
OUT_02684,2023-04,549.3186925749985,4,Large,2,Grocery,DIST_W_01,Favorable
OUT_02684,2023-05,403.0958766543636,4,Large,2,Grocery,DIST_W_01,Un-Favorable
OUT_02684,2023-06,378.8041052798366,1,Large,2,Grocery,DIST_W_01,Un-Favorable
OUT_02684,2023-07,354.2079105300887,1,Large,2,Grocery,DIST_W_01,Moderate
OUT_02684,2023-08,618.393954195227,2,Large,2,Grocery,DIST_W_01,Moderate
OUT_02684,2023-09,445.8096770081388,2,Large,2,Grocery,DIST_W_01,Moderate
OUT_02684,2023-11,535.3646391670558,1,Large,2,Grocery,DIST_W_01,Moderate
OUT_02684,2023-12,836.9003608606736,2,Large,2,Grocery,DIST_W_01,Favorable
OUT_02684,2024-01,645.8860802128876,2,Large,2,Grocery,DIST_W_01,Moderate
OUT_02684,2024-02,512.4556788349486,3,Large,2,Grocery,DIST_W_01,Moderate
OUT_02684,2024-03,268.8598265685528,3,Large,2,Grocery,DIST_W_01,Moderate
OUT_02684,2024-04,354.226676586002,7,Large,2,Grocery,DIST_W_01,Favorable
OUT_02684,2024-05,552.3944143782276,3,Large,2,Grocery,DIST_W_01,Un-Favorable
OUT_02684,2024-06,183.6151785536195,2,Large,2,Grocery,DIST_W_01,Un-Favorable
OUT_02684,2024-07,583.4301466409183,1,Large,2,Grocery,DIST_W_01,Moderate
OUT_02684,2024-08,572.662735998954,1,Large,2,Grocery,DIST_W_01,Moderate
OUT_02684,2024-09,535.8117262825604,2,Large,2,Grocery,DIST_W_01,Moderate
OUT_02684,2024-11,295.0292313764488,1,Large,2,Grocery,DIST_W_01,Moderate
OUT_02684,2024-12,480.7820466716824,2,Large,2,Grocery,DIST_W_01,Favorable
OUT_02684,2025-02,379.8700235919463,2,Large,2,Grocery,DIST_W_01,Moderate
OUT_02684,2025-03,630.6026573811204,1,Large,2,Grocery,DIST_W_01,Moderate
OUT_02684,2025-04,214.14764052182664,5,Large,2,Grocery,DIST_W_01,Favorable
OUT_02684,2025-05,427.9117107313773,3,Large,2,Grocery,DIST_W_01,Un-Favorable
OUT_02684,2025-06,310.8334061363759,1,Large,2,Grocery,DIST_W_01,Un-Favorable
OUT_02684,2025-07,331.1385953028907,1,Large,2,Grocery,DIST_W_01,Moderate
OUT_02684,2025-08,573.8052978643657,1,Large,2,Grocery,DIST_W_01,Moderate
OUT_02684,2025-09,559.853503340635,2,Large,2,Grocery,DIST_W_01,Moderate
OUT_02684,2025-10,640.3547752937359,1,Large,2,Grocery,DIST_W_01,Moderate
OUT_02684,2025-11,67.1913443190558,1,Large,2,Grocery,DIST_W_01,Moderate
OUT_02684,2025-12,476.0176346027607,2,Large,2,Grocery,DIST_W_01,Favorable
OUT_02697,2023-01,75.43837259904889,3,Medium,2,Kiosk,DIST_W_03,Moderate
OUT_02697,2023-02,65.52797969294083,3,Medium,2,Kiosk,DIST_W_03,Moderate
OUT_02697,2023-04,151.12161754682802,4,Medium,2,Kiosk,DIST_W_03,Favorable
OUT_02697,2023-07,197.45114640492807,1,Medium,2,Kiosk,DIST_W_03,Moderate
OUT_02697,2023-08,180.81778277433705,2,Medium,2,Kiosk,DIST_W_03,Moderate
OUT_02697,2023-10,162.3519649989093,1,Medium,2,Kiosk,DIST_W_03,Moderate
OUT_02697,2023-12,121.33023912619714,2,Medium,2,Kiosk,DIST_W_03,Favorable
OUT_02697,2024-02,181.57878905490423,3,Medium,2,Kiosk,DIST_W_03,Moderate
OUT_02697,2024-03,206.76402100050964,3,Medium,2,Kiosk,DIST_W_03,Moderate
OUT_02697,2024-06,59.5457075057439,2,Medium,2,Kiosk,DIST_W_03,Un-Favorable
OUT_02697,2024-07,109.5597662538991,1,Medium,2,Kiosk,DIST_W_03,Moderate
OUT_02697,2024-08,205.4548616006996,1,Medium,2,Kiosk,DIST_W_03,Moderate
OUT_02697,2024-09,191.46840691172991,2,Medium,2,Kiosk,DIST_W_03,Moderate
OUT_02697,2024-10,38.60330257989146,2,Medium,2,Kiosk,DIST_W_03,Moderate
OUT_02697,2025-01,41.2413913376479,2,Medium,2,Kiosk,DIST_W_03,Moderate
OUT_02697,2025-02,233.18088113838,2,Medium,2,Kiosk,DIST_W_03,Moderate
OUT_02697,2025-04,364.4908610482551,5,Medium,2,Kiosk,DIST_W_03,Favorable
OUT_02697,2025-05,126.07065220511554,3,Medium,2,Kiosk,DIST_W_03,Un-Favorable
OUT_02697,2025-06,112.08478011496317,1,Medium,2,Kiosk,DIST_W_03,Un-Favorable
OUT_02697,2025-07,66.92491843995914,1,Medium,2,Kiosk,DIST_W_03,Moderate
OUT_02697,2025-08,213.6359374803516,1,Medium,2,Kiosk,DIST_W_03,Moderate
OUT_02697,2025-09,52.43406310004882,2,Medium,2,Kiosk,DIST_W_03,Moderate
OUT_02697,2025-10,214.1113049977953,1,Medium,2,Kiosk,DIST_W_03,Moderate
OUT_02697,2025-11,25.0826116216497,1,Medium,2,Kiosk,DIST_W_03,Moderate
OUT_02724,2023-01,93.36250205958612,3,Small,0,Eatery,DIST_W_01,Moderate
OUT_02724,2023-03,15.978547691651633,1,Small,0,Eatery,DIST_W_01,Moderate
OUT_02724,2023-06,24.58544189094696,1,Small,0,Eatery,DIST_W_01,Un-Favorable
OUT_02724,2023-09,35.334609499074986,2,Small,0,Eatery,DIST_W_01,Moderate
OUT_02724,2023-10,38.96876405084164,1,Small,0,Eatery,DIST_W_01,Moderate
OUT_02724,2023-11,14.979967900209015,1,Small,0,Eatery,DIST_W_01,Moderate
OUT_02724,2023-12,34.583335433852405,2,Small,0,Eatery,DIST_W_01,Favorable
OUT_02724,2024-09,57.30587008277218,2,Small,0,Eatery,DIST_W_01,Moderate
OUT_02724,2024-10,92.05069047735525,2,Small,0,Eatery,DIST_W_01,Moderate
OUT_02724,2024-12,23.281344499119143,2,Small,0,Eatery,DIST_W_01,Favorable
OUT_02724,2025-01,5.345966322401454,2,Small,0,Eatery,DIST_W_01,Moderate
OUT_02724,2025-02,69.49830791221177,2,Small,0,Eatery,DIST_W_01,Moderate
OUT_02724,2025-03,12.21643110564953,1,Small,0,Eatery,DIST_W_01,Moderate
OUT_02724,2025-05,43.45110269370138,3,Small,0,Eatery,DIST_W_01,Un-Favorable
OUT_02724,2025-06,4.028420469916044,1,Small,0,Eatery,DIST_W_01,Un-Favorable
OUT_02724,2025-11,34.07417387301595,1,Small,0,Eatery,DIST_W_01,Moderate
OUT_02758,2023-01,1331.9956202548012,3,Extra Large,5,Pharmacy,DIST_W_02,Moderate
OUT_02758,2023-02,1281.230218170443,3,Extra Large,5,Pharmacy,DIST_W_02,Moderate
OUT_02758,2023-03,1430.5013325054394,1,Extra Large,5,Pharmacy,DIST_W_02,Moderate
OUT_02758,2023-04,1708.655245576921,4,Extra Large,5,Pharmacy,DIST_W_02,Favorable
OUT_02758,2023-05,865.380488114886,4,Extra Large,5,Pharmacy,DIST_W_02,Un-Favorable
OUT_02758,2023-06,848.6705512774616,1,Extra Large,5,Pharmacy,DIST_W_02,Un-Favorable
OUT_02758,2023-07,1306.913712390255,1,Extra Large,5,Pharmacy,DIST_W_02,Moderate
OUT_02758,2023-08,1320.883335581659,2,Extra Large,5,Pharmacy,DIST_W_02,Moderate
OUT_02758,2023-09,1332.3739417513268,2,Extra Large,5,Pharmacy,DIST_W_02,Moderate
OUT_02758,2023-10,1188.9711820009643,1,Extra Large,5,Pharmacy,DIST_W_02,Moderate
OUT_02758,2023-11,1304.704197728802,1,Extra Large,5,Pharmacy,DIST_W_02,Moderate
OUT_02758,2023-12,2014.8858027635,2,Extra Large,5,Pharmacy,DIST_W_02,Favorable
OUT_02758,2024-01,1336.9161066734998,2,Extra Large,5,Pharmacy,DIST_W_02,Moderate
OUT_02758,2024-02,1400.122971051367,3,Extra Large,5,Pharmacy,DIST_W_02,Moderate
OUT_02758,2024-03,1289.967139894626,3,Extra Large,5,Pharmacy,DIST_W_02,Moderate
OUT_02758,2024-04,1947.8660950212227,7,Extra Large,5,Pharmacy,DIST_W_02,Favorable
OUT_02758,2024-05,761.6374702894061,3,Extra Large,5,Pharmacy,DIST_W_02,Un-Favorable
OUT_02758,2024-06,838.9513207358457,2,Extra Large,5,Pharmacy,DIST_W_02,Un-Favorable
OUT_02758,2024-07,2090.70325419825,1,Extra Large,5,Pharmacy,DIST_W_02,Moderate
OUT_02758,2024-08,1351.3606219687235,1,Extra Large,5,Pharmacy,DIST_W_02,Moderate
OUT_02758,2024-09,1271.511904929443,2,Extra Large,5,Pharmacy,DIST_W_02,Moderate
OUT_02758,2024-10,1211.8094547516491,2,Extra Large,5,Pharmacy,DIST_W_02,Moderate
OUT_02758,2024-11,1296.8767604227885,1,Extra Large,5,Pharmacy,DIST_W_02,Moderate
OUT_02758,2024-12,1994.9104231395704,2,Extra Large,5,Pharmacy,DIST_W_02,Favorable
OUT_02758,2025-01,1315.7611807883382,2,Extra Large,5,Pharmacy,DIST_W_02,Moderate
OUT_02758,2025-02,1329.850995612071,2,Extra Large,5,Pharmacy,DIST_W_02,Moderate
OUT_02758,2025-03,1226.181069498686,1,Extra Large,5,Pharmacy,DIST_W_02,Moderate
OUT_02758,2025-04,1887.7367135301947,5,Extra Large,5,Pharmacy,DIST_W_02,Favorable
OUT_02758,2025-05,806.5389304298708,3,Extra Large,5,Pharmacy,DIST_W_02,Un-Favorable
OUT_02758,2025-06,797.042032135553,1,Extra Large,5,Pharmacy,DIST_W_02,Un-Favorable
OUT_02758,2025-07,1303.5919402518784,1,Extra Large,5,Pharmacy,DIST_W_02,Moderate
OUT_02758,2025-09,1213.0912948112916,2,Extra Large,5,Pharmacy,DIST_W_02,Moderate
OUT_02758,2025-10,1222.5023957518197,1,Extra Large,5,Pharmacy,DIST_W_02,Moderate
OUT_02758,2025-11,1311.479662347535,1,Extra Large,5,Pharmacy,DIST_W_02,Moderate
OUT_02758,2025-12,1938.4018847578889,2,Extra Large,5,Pharmacy,DIST_W_02,Favorable
OUT_02759,2023-01,34.2462404473698,3,Small,0,Pharmacy,DIST_W_02,Moderate
OUT_02759,2023-02,66.86268449375531,3,Small,0,Pharmacy,DIST_W_02,Moderate
OUT_02759,2023-04,34.94354844544704,4,Small,0,Pharmacy,DIST_W_02,Favorable
OUT_02759,2023-06,38.1371836784066,1,Small,0,Pharmacy,DIST_W_02,Un-Favorable
OUT_02759,2023-07,36.715775960633664,1,Small,0,Pharmacy,DIST_W_02,Moderate
OUT_02759,2023-09,26.154482721153908,2,Small,0,Pharmacy,DIST_W_02,Moderate
OUT_02759,2023-10,62.81894727449503,1,Small,0,Pharmacy,DIST_W_02,Moderate
OUT_02759,2023-11,90.97714478823012,1,Small,0,Pharmacy,DIST_W_02,Moderate
OUT_02759,2024-01,4.54220775954257,2,Small,0,Pharmacy,DIST_W_02,Moderate
OUT_02759,2024-04,62.23793913013023,7,Small,0,Pharmacy,DIST_W_02,Favorable
OUT_02759,2024-06,2.9136326626186664,2,Small,0,Pharmacy,DIST_W_02,Un-Favorable
OUT_02759,2024-07,13.433680935515266,1,Small,0,Pharmacy,DIST_W_02,Moderate
OUT_02759,2024-11,5.152659138458347,1,Small,0,Pharmacy,DIST_W_02,Moderate
OUT_02759,2024-12,149.79827295689913,2,Small,0,Pharmacy,DIST_W_02,Favorable
OUT_02759,2025-04,50.84511091111008,5,Small,0,Pharmacy,DIST_W_02,Favorable
OUT_02759,2025-05,12.507037796130696,3,Small,0,Pharmacy,DIST_W_02,Un-Favorable
OUT_02759,2025-06,23.282361697686287,1,Small,0,Pharmacy,DIST_W_02,Un-Favorable
OUT_02759,2025-07,36.54038752064716,1,Small,0,Pharmacy,DIST_W_02,Moderate
OUT_02772,2023-01,27.18020370838109,3,Small,1,Pharmacy,DIST_W_03,Moderate
OUT_02772,2023-02,12.773004833037126,3,Small,1,Pharmacy,DIST_W_03,Moderate
OUT_02772,2023-03,56.345188323399086,1,Small,1,Pharmacy,DIST_W_03,Moderate
OUT_02772,2023-05,8.918464113088712,4,Small,1,Pharmacy,DIST_W_03,Un-Favorable
OUT_02772,2023-10,81.72959160898826,1,Small,1,Pharmacy,DIST_W_03,Moderate
OUT_02772,2024-02,20.08020064947988,3,Small,1,Pharmacy,DIST_W_03,Moderate
OUT_02772,2024-03,20.42700597177728,3,Small,1,Pharmacy,DIST_W_03,Moderate
OUT_02772,2024-04,68.07030173020264,7,Small,1,Pharmacy,DIST_W_03,Favorable
OUT_02772,2024-05,16.8844081955584,3,Small,1,Pharmacy,DIST_W_03,Un-Favorable
OUT_02772,2024-06,59.76490861227074,2,Small,1,Pharmacy,DIST_W_03,Un-Favorable
OUT_02772,2024-07,99.21738157506869,1,Small,1,Pharmacy,DIST_W_03,Moderate
OUT_02772,2024-08,85.76584296751878,1,Small,1,Pharmacy,DIST_W_03,Moderate
OUT_02772,2024-09,35.08817890331349,2,Small,1,Pharmacy,DIST_W_03,Moderate
OUT_02772,2024-10,74.06765456830476,2,Small,1,Pharmacy,DIST_W_03,Moderate
OUT_02772,2024-12,25.21086008742816,2,Small,1,Pharmacy,DIST_W_03,Favorable
OUT_02772,2025-03,52.38406165681974,1,Small,1,Pharmacy,DIST_W_03,Moderate
OUT_02772,2025-05,46.84277522823713,3,Small,1,Pharmacy,DIST_W_03,Un-Favorable
OUT_02772,2025-07,39.39136554656032,1,Small,1,Pharmacy,DIST_W_03,Moderate
OUT_02774,2023-02,111.15609087348848,3,Medium,1,Grocery,DIST_W_03,Moderate
OUT_02774,2023-03,57.92720015383637,1,Medium,1,Grocery,DIST_W_03,Moderate
OUT_02774,2023-04,130.93745410665454,4,Medium,1,Grocery,DIST_W_03,Favorable
OUT_02774,2023-05,61.495308206079066,4,Medium,1,Grocery,DIST_W_03,Un-Favorable
OUT_02774,2023-07,152.65866996202686,1,Medium,1,Grocery,DIST_W_03,Moderate
OUT_02774,2024-02,141.59848372827656,3,Medium,1,Grocery,DIST_W_03,Moderate
OUT_02774,2024-03,199.3862506487756,3,Medium,1,Grocery,DIST_W_03,Moderate
OUT_02774,2024-04,141.48156864875963,7,Medium,1,Grocery,DIST_W_03,Favorable
OUT_02774,2024-05,102.40949672624818,3,Medium,1,Grocery,DIST_W_03,Un-Favorable
OUT_02774,2024-06,160.41301362836896,2,Medium,1,Grocery,DIST_W_03,Un-Favorable
OUT_02774,2024-08,64.69204152059665,1,Medium,1,Grocery,DIST_W_03,Moderate
OUT_02774,2024-09,238.72355548717843,2,Medium,1,Grocery,DIST_W_03,Moderate
OUT_02774,2024-11,51.08296542320824,1,Medium,1,Grocery,DIST_W_03,Moderate
OUT_02774,2024-12,98.00758770530106,2,Medium,1,Grocery,DIST_W_03,Favorable
OUT_02774,2025-01,186.8172725691052,2,Medium,1,Grocery,DIST_W_03,Moderate
OUT_02774,2025-02,75.25346113319367,2,Medium,1,Grocery,DIST_W_03,Moderate
OUT_02774,2025-03,85.32525522965832,1,Medium,1,Grocery,DIST_W_03,Moderate
OUT_02774,2025-05,53.29379957056579,3,Medium,1,Grocery,DIST_W_03,Un-Favorable
OUT_02774,2025-06,124.66760553951596,1,Medium,1,Grocery,DIST_W_03,Un-Favorable
OUT_02774,2025-07,188.8780196166924,1,Medium,1,Grocery,DIST_W_03,Moderate
OUT_02774,2025-08,192.1865276995117,1,Medium,1,Grocery,DIST_W_03,Moderate
OUT_02774,2025-10,110.4975086544074,1,Medium,1,Grocery,DIST_W_03,Moderate
OUT_02774,2025-11,74.76902456164183,1,Medium,1,Grocery,DIST_W_03,Moderate
OUT_02774,2025-12,125.71825825948687,2,Medium,1,Grocery,DIST_W_03,Favorable
OUT_02804,2023-03,20.124226458660303,1,Small,1,Hotel,DIST_W_01,Moderate
OUT_02804,2023-04,11.83685591001404,4,Small,1,Hotel,DIST_W_01,Favorable
OUT_02804,2023-11,12.05281861186775,1,Small,1,Hotel,DIST_W_01,Moderate
OUT_02804,2024-02,15.794665216576549,3,Small,1,Hotel,DIST_W_01,Moderate
OUT_02804,2024-04,131.85711177555032,7,Small,1,Hotel,DIST_W_01,Favorable
OUT_02804,2024-06,50.70534832898518,2,Small,1,Hotel,DIST_W_01,Un-Favorable
OUT_02804,2024-07,48.93387515639421,1,Small,1,Hotel,DIST_W_01,Moderate
OUT_02804,2024-08,20.186132212527426,1,Small,1,Hotel,DIST_W_01,Moderate
OUT_02804,2024-09,80.69804658757003,2,Small,1,Hotel,DIST_W_01,Moderate
OUT_02804,2024-10,35.21679356708466,2,Small,1,Hotel,DIST_W_01,Moderate
OUT_02804,2025-02,31.806435636938776,2,Small,1,Hotel,DIST_W_01,Moderate
OUT_02804,2025-04,100.51979945895802,5,Small,1,Hotel,DIST_W_01,Favorable
OUT_02804,2025-07,75.90597321165986,1,Small,1,Hotel,DIST_W_01,Moderate
OUT_02804,2025-10,21.951435915825563,1,Small,1,Hotel,DIST_W_01,Moderate
OUT_02804,2025-12,51.33179962445278,2,Small,1,Hotel,DIST_W_01,Favorable
OUT_02824,2023-01,210.0294033689686,3,Medium,2,Hotel,DIST_W_01,Moderate
OUT_02824,2023-04,162.06027476491565,4,Medium,2,Hotel,DIST_W_01,Favorable
OUT_02824,2023-05,126.04475604476954,4,Medium,2,Hotel,DIST_W_01,Un-Favorable
OUT_02824,2023-06,63.01148123901784,1,Medium,2,Hotel,DIST_W_01,Un-Favorable
OUT_02824,2023-07,77.51190540819545,1,Medium,2,Hotel,DIST_W_01,Moderate
OUT_02824,2023-08,89.61368437122829,2,Medium,2,Hotel,DIST_W_01,Moderate
OUT_02824,2023-09,179.41918595916826,2,Medium,2,Hotel,DIST_W_01,Moderate
OUT_02824,2023-11,240.54642683147253,1,Medium,2,Hotel,DIST_W_01,Moderate
OUT_02824,2024-06,143.66295405509337,2,Medium,2,Hotel,DIST_W_01,Un-Favorable
OUT_02824,2024-08,49.158497636560085,1,Medium,2,Hotel,DIST_W_01,Moderate
OUT_02824,2024-10,233.97307302070408,2,Medium,2,Hotel,DIST_W_01,Moderate
OUT_02824,2024-11,44.044094834228815,1,Medium,2,Hotel,DIST_W_01,Moderate
OUT_02824,2024-12,255.85578395374213,2,Medium,2,Hotel,DIST_W_01,Favorable
OUT_02824,2025-01,173.25184082304165,2,Medium,2,Hotel,DIST_W_01,Moderate
OUT_02824,2025-03,138.53226801726126,1,Medium,2,Hotel,DIST_W_01,Moderate
OUT_02824,2025-04,79.99967247222679,5,Medium,2,Hotel,DIST_W_01,Favorable
OUT_02824,2025-05,53.26881979685398,3,Medium,2,Hotel,DIST_W_01,Un-Favorable
OUT_02824,2025-06,56.47267209969655,1,Medium,2,Hotel,DIST_W_01,Un-Favorable
OUT_02824,2025-07,66.97844555670264,1,Medium,2,Hotel,DIST_W_01,Moderate
OUT_02824,2025-10,207.0002326323976,1,Medium,2,Hotel,DIST_W_01,Moderate
OUT_02824,2025-12,348.0903789764431,2,Medium,2,Hotel,DIST_W_01,Favorable
OUT_02883,2023-01,1295.2752647427972,3,Extra Large,3,Grocery,DIST_W_03,Moderate
OUT_02883,2023-02,1363.1983059577144,3,Extra Large,3,Grocery,DIST_W_03,Moderate
OUT_02883,2023-03,1327.02833039463,1,Extra Large,3,Grocery,DIST_W_03,Moderate
OUT_02883,2023-04,1994.723419489044,4,Extra Large,3,Grocery,DIST_W_03,Favorable
OUT_02883,2023-05,817.568969282416,4,Extra Large,3,Grocery,DIST_W_03,Un-Favorable
OUT_02883,2023-06,844.7770484772007,1,Extra Large,3,Grocery,DIST_W_03,Un-Favorable
OUT_02883,2023-07,1349.3005263101843,1,Extra Large,3,Grocery,DIST_W_03,Moderate
OUT_02883,2023-08,1361.6221321478956,2,Extra Large,3,Grocery,DIST_W_03,Moderate
OUT_02883,2023-09,1305.7491376537,2,Extra Large,3,Grocery,DIST_W_03,Moderate
OUT_02883,2023-10,1074.366156195727,1,Extra Large,3,Grocery,DIST_W_03,Moderate
OUT_02883,2023-11,1283.4210649501867,1,Extra Large,3,Grocery,DIST_W_03,Moderate
OUT_02883,2023-12,1802.0636823402456,2,Extra Large,3,Grocery,DIST_W_03,Favorable
OUT_02883,2024-02,1360.444962147806,3,Extra Large,3,Grocery,DIST_W_03,Moderate
OUT_02883,2024-03,1295.1562103560825,3,Extra Large,3,Grocery,DIST_W_03,Moderate
OUT_02883,2024-04,1962.4944967429049,7,Extra Large,3,Grocery,DIST_W_03,Favorable
OUT_02883,2024-05,832.5829298023249,3,Extra Large,3,Grocery,DIST_W_03,Un-Favorable
OUT_02883,2024-06,873.4286442057758,2,Extra Large,3,Grocery,DIST_W_03,Un-Favorable
OUT_02883,2024-07,1403.750716116087,1,Extra Large,3,Grocery,DIST_W_03,Moderate
OUT_02883,2024-08,1283.9297218526851,1,Extra Large,3,Grocery,DIST_W_03,Moderate
OUT_02883,2024-09,1398.7342686254035,2,Extra Large,3,Grocery,DIST_W_03,Moderate
OUT_02883,2024-10,1251.7837123845236,2,Extra Large,3,Grocery,DIST_W_03,Moderate
OUT_02883,2024-11,1394.584729567398,1,Extra Large,3,Grocery,DIST_W_03,Moderate
OUT_02883,2024-12,1765.76656458124,2,Extra Large,3,Grocery,DIST_W_03,Favorable
OUT_02883,2025-01,1489.1761481727103,2,Extra Large,3,Grocery,DIST_W_03,Moderate
OUT_02883,2025-02,1289.4678920099666,2,Extra Large,3,Grocery,DIST_W_03,Moderate
OUT_02883,2025-03,1170.6597432248757,1,Extra Large,3,Grocery,DIST_W_03,Moderate
OUT_02883,2025-04,1849.681021447713,5,Extra Large,3,Grocery,DIST_W_03,Favorable
OUT_02883,2025-05,839.6272580324415,3,Extra Large,3,Grocery,DIST_W_03,Un-Favorable
OUT_02883,2025-06,903.0031016413324,1,Extra Large,3,Grocery,DIST_W_03,Un-Favorable
OUT_02883,2025-08,1298.1662374598818,1,Extra Large,3,Grocery,DIST_W_03,Moderate
OUT_02883,2025-09,1268.704954416604,2,Extra Large,3,Grocery,DIST_W_03,Moderate
OUT_02883,2025-10,1311.8643735452845,1,Extra Large,3,Grocery,DIST_W_03,Moderate
OUT_02883,2025-11,1366.4550286005342,1,Extra Large,3,Grocery,DIST_W_03,Moderate
OUT_02883,2025-12,1940.2804213363129,2,Extra Large,3,Grocery,DIST_W_03,Favorable
OUT_02902,2023-01,174.2440183486525,3,Medium,1,Pharmacy,DIST_W_02,Moderate
OUT_02902,2023-02,46.0976872240483,3,Medium,1,Pharmacy,DIST_W_02,Moderate
OUT_02902,2023-03,230.07687433630525,1,Medium,1,Pharmacy,DIST_W_02,Moderate
OUT_02902,2023-04,137.7807568830438,4,Medium,1,Pharmacy,DIST_W_02,Favorable
OUT_02902,2023-05,130.61700169920564,4,Medium,1,Pharmacy,DIST_W_02,Un-Favorable
OUT_02902,2023-08,254.9233348921235,2,Medium,1,Pharmacy,DIST_W_02,Moderate
OUT_02902,2023-09,117.64600529932991,2,Medium,1,Pharmacy,DIST_W_02,Moderate
OUT_02902,2023-10,99.27390970181052,1,Medium,1,Pharmacy,DIST_W_02,Moderate
OUT_02902,2023-11,94.81503347245486,1,Medium,1,Pharmacy,DIST_W_02,Moderate
OUT_02902,2023-12,82.83147851971835,2,Medium,1,Pharmacy,DIST_W_02,Favorable
OUT_02902,2024-02,210.25649720395205,3,Medium,1,Pharmacy,DIST_W_02,Moderate
OUT_02902,2024-03,248.72779649856247,3,Medium,1,Pharmacy,DIST_W_02,Moderate
OUT_02902,2024-04,89.88474209029567,7,Medium,1,Pharmacy,DIST_W_02,Favorable
OUT_02902,2024-05,163.1649818137813,3,Medium,1,Pharmacy,DIST_W_02,Un-Favorable
OUT_02902,2024-06,40.44674462953401,2,Medium,1,Pharmacy,DIST_W_02,Un-Favorable
OUT_02902,2024-07,234.3624895859764,1,Medium,1,Pharmacy,DIST_W_02,Moderate
OUT_02902,2024-08,22.077938399704,1,Medium,1,Pharmacy,DIST_W_02,Moderate
OUT_02902,2024-09,88.4010213678629,2,Medium,1,Pharmacy,DIST_W_02,Moderate
OUT_02902,2024-10,98.6101106589888,2,Medium,1,Pharmacy,DIST_W_02,Moderate
OUT_02902,2024-11,74.38641047247185,1,Medium,1,Pharmacy,DIST_W_02,Moderate
OUT_02902,2024-12,271.8846180043315,2,Medium,1,Pharmacy,DIST_W_02,Favorable
OUT_02902,2025-01,146.68034256950637,2,Medium,1,Pharmacy,DIST_W_02,Moderate
OUT_02902,2025-02,37.421802017848414,2,Medium,1,Pharmacy,DIST_W_02,Moderate
OUT_02902,2025-04,117.79705080411844,5,Medium,1,Pharmacy,DIST_W_02,Favorable
OUT_02902,2025-05,92.60989559020338,3,Medium,1,Pharmacy,DIST_W_02,Un-Favorable
OUT_02902,2025-06,142.72551423933947,1,Medium,1,Pharmacy,DIST_W_02,Un-Favorable
OUT_02902,2025-07,148.1091508293932,1,Medium,1,Pharmacy,DIST_W_02,Moderate
OUT_02902,2025-08,81.1286514980493,1,Medium,1,Pharmacy,DIST_W_02,Moderate
OUT_02902,2025-09,23.604363100846367,2,Medium,1,Pharmacy,DIST_W_02,Moderate
OUT_02902,2025-11,150.48692994631134,1,Medium,1,Pharmacy,DIST_W_02,Moderate
OUT_02902,2025-12,166.660668262489,2,Medium,1,Pharmacy,DIST_W_02,Favorable
OUT_02928,2023-01,32.13334681177779,3,Small,0,Hotel,DIST_W_03,Moderate
OUT_02928,2023-02,29.47332682814654,3,Small,0,Hotel,DIST_W_03,Moderate
OUT_02928,2023-03,31.308037985116485,1,Small,0,Hotel,DIST_W_03,Moderate
OUT_02928,2023-05,12.09346950801422,4,Small,0,Hotel,DIST_W_03,Un-Favorable
OUT_02928,2023-06,7.6992510508412035,1,Small,0,Hotel,DIST_W_03,Un-Favorable
OUT_02928,2023-08,19.76056328443312,2,Small,0,Hotel,DIST_W_03,Moderate
OUT_02928,2024-02,6.142158763185947,3,Small,0,Hotel,DIST_W_03,Moderate
OUT_02928,2024-04,149.63214661217995,7,Small,0,Hotel,DIST_W_03,Favorable
OUT_02928,2024-05,52.385881750188005,3,Small,0,Hotel,DIST_W_03,Un-Favorable
OUT_02928,2024-11,6.937725753104518,1,Small,0,Hotel,DIST_W_03,Moderate
OUT_02928,2024-12,11.133294120293485,2,Small,0,Hotel,DIST_W_03,Favorable
OUT_02928,2025-03,42.06473863906136,1,Small,0,Hotel,DIST_W_03,Moderate
OUT_02928,2025-04,10.53909911661514,5,Small,0,Hotel,DIST_W_03,Favorable
OUT_02928,2025-06,44.87447598090077,1,Small,0,Hotel,DIST_W_03,Un-Favorable
OUT_02928,2025-08,76.08413602436207,1,Small,0,Hotel,DIST_W_03,Moderate
OUT_02928,2025-12,136.29028463360743,2,Small,0,Hotel,DIST_W_03,Favorable
OUT_02943,2023-01,5.262458244111508,3,Small,0,Grocery,DIST_W_01,Moderate
OUT_02943,2023-02,23.59505832485568,3,Small,0,Grocery,DIST_W_01,Moderate
OUT_02943,2023-03,7.867568877010591,1,Small,0,Grocery,DIST_W_01,Moderate
OUT_02943,2023-04,40.35274545836661,4,Small,0,Grocery,DIST_W_01,Favorable
OUT_02943,2023-05,17.349573925775097,4,Small,0,Grocery,DIST_W_01,Un-Favorable
OUT_02943,2023-06,23.364664568634463,1,Small,0,Grocery,DIST_W_01,Un-Favorable
OUT_02943,2023-09,37.53674141951379,2,Small,0,Grocery,DIST_W_01,Moderate
OUT_02943,2023-12,122.54018753686849,2,Small,0,Grocery,DIST_W_01,Favorable
OUT_02943,2024-02,68.32337807006327,3,Small,0,Grocery,DIST_W_01,Moderate
OUT_02943,2024-05,7.011416411989876,3,Small,0,Grocery,DIST_W_01,Un-Favorable
OUT_02943,2024-08,19.12028364920309,1,Small,0,Grocery,DIST_W_01,Moderate
OUT_02943,2024-09,76.0618551286611,2,Small,0,Grocery,DIST_W_01,Moderate
OUT_02943,2024-12,27.73984580651959,2,Small,0,Grocery,DIST_W_01,Favorable
OUT_02943,2025-03,27.18971463812932,1,Small,0,Grocery,DIST_W_01,Moderate
OUT_02943,2025-04,53.41808806480402,5,Small,0,Grocery,DIST_W_01,Favorable
OUT_02943,2025-06,71.69952737343165,1,Small,0,Grocery,DIST_W_01,Un-Favorable
OUT_02943,2025-07,4.727574339509046,1,Small,0,Grocery,DIST_W_01,Moderate
OUT_02943,2025-08,16.150260447847895,1,Small,0,Grocery,DIST_W_01,Moderate
OUT_02943,2025-09,58.646182480670646,2,Small,0,Grocery,DIST_W_01,Moderate
OUT_02943,2025-10,14.023396514163732,1,Small,0,Grocery,DIST_W_01,Moderate
OUT_02943,2025-11,38.993442648581166,1,Small,0,Grocery,DIST_W_01,Moderate
OUT_02943,2025-12,28.544901142236625,2,Small,0,Grocery,DIST_W_01,Favorable
OUT_02944,2023-02,73.13866195320223,3,Small,0,Pharmacy,DIST_W_03,Moderate
OUT_02944,2023-09,32.95177086330523,2,Small,0,Pharmacy,DIST_W_03,Moderate
OUT_02944,2023-10,5.043813499082155,1,Small,0,Pharmacy,DIST_W_03,Moderate
OUT_02944,2024-01,91.04533584178418,2,Small,0,Pharmacy,DIST_W_03,Moderate
OUT_02944,2024-02,73.98451745383517,3,Small,0,Pharmacy,DIST_W_03,Moderate
OUT_02944,2024-03,28.04695816140798,3,Small,0,Pharmacy,DIST_W_03,Moderate
OUT_02944,2024-06,20.194967763533,2,Small,0,Pharmacy,DIST_W_03,Un-Favorable
OUT_02944,2024-07,88.99915741214834,1,Small,0,Pharmacy,DIST_W_03,Moderate
OUT_02944,2024-08,51.7170456564625,1,Small,0,Pharmacy,DIST_W_03,Moderate
OUT_02944,2024-09,67.55448154512158,2,Small,0,Pharmacy,DIST_W_03,Moderate
OUT_02944,2024-10,17.028554538770933,2,Small,0,Pharmacy,DIST_W_03,Moderate
OUT_02944,2024-11,25.067791698595407,1,Small,0,Pharmacy,DIST_W_03,Moderate
OUT_02944,2024-12,24.359407335734,2,Small,0,Pharmacy,DIST_W_03,Favorable
OUT_02944,2025-01,83.58965115912679,2,Small,0,Pharmacy,DIST_W_03,Moderate
OUT_02944,2025-04,44.41336179562463,5,Small,0,Pharmacy,DIST_W_03,Favorable
OUT_02944,2025-05,17.49715847866776,3,Small,0,Pharmacy,DIST_W_03,Un-Favorable
OUT_02944,2025-06,9.424178935448849,1,Small,0,Pharmacy,DIST_W_03,Un-Favorable
OUT_02944,2025-07,21.213790164327435,1,Small,0,Pharmacy,DIST_W_03,Moderate
OUT_02944,2025-08,63.998221088561614,1,Small,0,Pharmacy,DIST_W_03,Moderate
OUT_02956,2023-01,267.3412345622426,3,Large,4,SMMT,DIST_W_02,Moderate
OUT_02956,2023-02,620.4580345462689,3,Large,4,SMMT,DIST_W_02,Moderate
OUT_02956,2023-03,627.1768145043039,1,Large,4,SMMT,DIST_W_02,Moderate
OUT_02956,2023-04,906.2953877142676,4,Large,4,SMMT,DIST_W_02,Favorable
OUT_02956,2023-05,408.88289043697984,4,Large,4,SMMT,DIST_W_02,Un-Favorable
OUT_02956,2023-06,308.5033921409988,1,Large,4,SMMT,DIST_W_02,Un-Favorable
OUT_02956,2023-07,542.5841725135841,1,Large,4,SMMT,DIST_W_02,Moderate
OUT_02956,2023-09,525.3686175662901,2,Large,4,SMMT,DIST_W_02,Moderate
OUT_02956,2023-10,541.8154569433618,1,Large,4,SMMT,DIST_W_02,Moderate
OUT_02956,2023-11,608.7727932742619,1,Large,4,SMMT,DIST_W_02,Moderate
OUT_02956,2023-12,928.5439463285928,2,Large,4,SMMT,DIST_W_02,Favorable
OUT_02956,2024-01,519.6553211350622,2,Large,4,SMMT,DIST_W_02,Moderate
OUT_02956,2024-02,621.8237839916995,3,Large,4,SMMT,DIST_W_02,Moderate
OUT_02956,2024-03,301.43543887708347,3,Large,4,SMMT,DIST_W_02,Moderate
OUT_02956,2024-04,914.9851716438196,7,Large,4,SMMT,DIST_W_02,Favorable
OUT_02956,2024-05,456.5743412634144,3,Large,4,SMMT,DIST_W_02,Un-Favorable
OUT_02956,2024-06,387.6026006906879,2,Large,4,SMMT,DIST_W_02,Un-Favorable
OUT_02956,2024-07,338.43292754970554,1,Large,4,SMMT,DIST_W_02,Moderate
OUT_02956,2024-08,559.95993149013,1,Large,4,SMMT,DIST_W_02,Moderate
OUT_02956,2024-09,548.9557291795895,2,Large,4,SMMT,DIST_W_02,Moderate
OUT_02956,2024-11,540.7168835948899,1,Large,4,SMMT,DIST_W_02,Moderate
OUT_02956,2024-12,732.3251168573281,2,Large,4,SMMT,DIST_W_02,Favorable
OUT_02956,2025-01,588.2144945681997,2,Large,4,SMMT,DIST_W_02,Moderate
OUT_02956,2025-02,528.720833644959,2,Large,4,SMMT,DIST_W_02,Moderate
OUT_02956,2025-03,297.07832337842353,1,Large,4,SMMT,DIST_W_02,Moderate
OUT_02956,2025-04,1231.530553193269,5,Large,4,SMMT,DIST_W_02,Favorable
OUT_02956,2025-05,331.62188603991626,3,Large,4,SMMT,DIST_W_02,Un-Favorable
OUT_02956,2025-06,412.4808609419854,1,Large,4,SMMT,DIST_W_02,Un-Favorable
OUT_02956,2025-07,521.9793220466619,1,Large,4,SMMT,DIST_W_02,Moderate
OUT_02956,2025-08,626.9168524462654,1,Large,4,SMMT,DIST_W_02,Moderate
OUT_02956,2025-09,492.5278422200806,2,Large,4,SMMT,DIST_W_02,Moderate
OUT_02956,2025-11,417.56240731534143,1,Large,4,SMMT,DIST_W_02,Moderate
OUT_02956,2025-12,363.32359347828026,2,Large,4,SMMT,DIST_W_02,Favorable
OUT_02969,2023-01,435.8704189583301,3,Large,3,Grocery,DIST_W_02,Moderate
OUT_02969,2023-02,672.9756990632835,3,Large,3,Grocery,DIST_W_02,Moderate
OUT_02969,2023-03,346.589092337332,1,Large,3,Grocery,DIST_W_02,Moderate
OUT_02969,2023-04,936.914431788193,4,Large,3,Grocery,DIST_W_02,Favorable
OUT_02969,2023-06,353.9412927084226,1,Large,3,Grocery,DIST_W_02,Un-Favorable
OUT_02969,2023-07,349.84359109946416,1,Large,3,Grocery,DIST_W_02,Moderate
OUT_02969,2023-09,613.8503389094341,2,Large,3,Grocery,DIST_W_02,Moderate
OUT_02969,2023-11,586.8760843288144,1,Large,3,Grocery,DIST_W_02,Moderate
OUT_02969,2023-12,893.2383809413848,2,Large,3,Grocery,DIST_W_02,Favorable
OUT_02969,2024-01,112.76814521325905,2,Large,3,Grocery,DIST_W_02,Moderate
OUT_02969,2024-03,620.3283538673955,3,Large,3,Grocery,DIST_W_02,Moderate
OUT_02969,2024-04,523.3402153828662,7,Large,3,Grocery,DIST_W_02,Favorable
OUT_02969,2024-05,144.6327000963284,3,Large,3,Grocery,DIST_W_02,Un-Favorable
OUT_02969,2024-06,441.34365619031263,2,Large,3,Grocery,DIST_W_02,Un-Favorable
OUT_02969,2024-07,272.8427723100337,1,Large,3,Grocery,DIST_W_02,Moderate
OUT_02969,2024-08,146.70922468633873,1,Large,3,Grocery,DIST_W_02,Moderate
OUT_02969,2024-10,664.7167443287661,2,Large,3,Grocery,DIST_W_02,Moderate
OUT_02969,2024-11,566.2657483864562,1,Large,3,Grocery,DIST_W_02,Moderate
OUT_02969,2024-12,962.6009165052036,2,Large,3,Grocery,DIST_W_02,Favorable
OUT_02969,2025-01,589.6244473175213,2,Large,3,Grocery,DIST_W_02,Moderate
OUT_02969,2025-02,637.2274981348583,2,Large,3,Grocery,DIST_W_02,Moderate
OUT_02969,2025-03,327.5777913451972,1,Large,3,Grocery,DIST_W_02,Moderate
OUT_02969,2025-05,376.9412689078837,3,Large,3,Grocery,DIST_W_02,Un-Favorable
OUT_02969,2025-06,348.9719649851491,1,Large,3,Grocery,DIST_W_02,Un-Favorable
OUT_02969,2025-07,612.1996388324187,1,Large,3,Grocery,DIST_W_02,Moderate
OUT_02969,2025-08,328.9147738457419,1,Large,3,Grocery,DIST_W_02,Moderate
OUT_02969,2025-09,530.0380984710074,2,Large,3,Grocery,DIST_W_02,Moderate
OUT_02969,2025-10,625.9805932428326,1,Large,3,Grocery,DIST_W_02,Moderate
OUT_02969,2025-11,676.5183776352294,1,Large,3,Grocery,DIST_W_02,Moderate
OUT_02969,2025-12,846.5581551513256,2,Large,3,Grocery,DIST_W_02,Favorable
OUT_03092,2023-04,133.4178792062735,4,Small,0,Grocery,DIST_W_02,Favorable
OUT_03092,2023-08,32.20703476021016,2,Small,0,Grocery,DIST_W_02,Moderate
OUT_03092,2023-11,80.83454217460854,1,Small,0,Grocery,DIST_W_02,Moderate
OUT_03092,2023-12,16.070171900028807,2,Small,0,Grocery,DIST_W_02,Favorable
OUT_03092,2024-02,4.481428134851618,3,Small,0,Grocery,DIST_W_02,Moderate
OUT_03092,2024-04,25.51106445751269,7,Small,0,Grocery,DIST_W_02,Favorable
OUT_03092,2024-05,11.711471264834556,3,Small,0,Grocery,DIST_W_02,Un-Favorable
OUT_03092,2024-08,5.459948961886669,1,Small,0,Grocery,DIST_W_02,Moderate
OUT_03092,2024-10,32.01811860626752,2,Small,0,Grocery,DIST_W_02,Moderate
OUT_03092,2025-02,107.14167560919957,2,Small,0,Grocery,DIST_W_02,Moderate
OUT_03092,2025-03,9.494005202289149,1,Small,0,Grocery,DIST_W_02,Moderate
OUT_03092,2025-07,69.11897248222971,1,Small,0,Grocery,DIST_W_02,Moderate
OUT_03092,2025-08,25.07558646003189,1,Small,0,Grocery,DIST_W_02,Moderate
OUT_03092,2025-10,3.44848963439698,1,Small,0,Grocery,DIST_W_02,Moderate
OUT_03092,2025-11,31.055477406582405,1,Small,0,Grocery,DIST_W_02,Moderate
OUT_03092,2025-12,4.157475947778709,2,Small,0,Grocery,DIST_W_02,Favorable
OUT_03096,2023-01,3.0258358040007165,3,Small,1,SMMT,DIST_W_01,Moderate
OUT_03096,2023-02,19.305666490961578,3,Small,1,SMMT,DIST_W_01,Moderate
OUT_03096,2023-03,76.44408839228153,1,Small,1,SMMT,DIST_W_01,Moderate
OUT_03096,2023-05,54.55272017234838,4,Small,1,SMMT,DIST_W_01,Un-Favorable
OUT_03096,2023-06,61.38157672051864,1,Small,1,SMMT,DIST_W_01,Un-Favorable
OUT_03096,2023-09,33.69658939546396,2,Small,1,SMMT,DIST_W_01,Moderate
OUT_03096,2023-11,12.660311348479397,1,Small,1,SMMT,DIST_W_01,Moderate
OUT_03096,2023-12,133.42454965168324,2,Small,1,SMMT,DIST_W_01,Favorable
OUT_03096,2024-01,12.1210981544908,2,Small,1,SMMT,DIST_W_01,Moderate
OUT_03096,2024-07,74.97401887269169,1,Small,1,SMMT,DIST_W_01,Moderate
OUT_03096,2024-08,5.97918419308723,1,Small,1,SMMT,DIST_W_01,Moderate
OUT_03096,2024-09,35.34101927382228,2,Small,1,SMMT,DIST_W_01,Moderate
OUT_03096,2024-10,12.904929179300744,2,Small,1,SMMT,DIST_W_01,Moderate
OUT_03096,2024-12,21.875327738831643,2,Small,1,SMMT,DIST_W_01,Favorable
OUT_03096,2025-01,76.92986036934708,2,Small,1,SMMT,DIST_W_01,Moderate
OUT_03096,2025-02,21.984114679436708,2,Small,1,SMMT,DIST_W_01,Moderate
OUT_03096,2025-03,35.55463757201689,1,Small,1,SMMT,DIST_W_01,Moderate
OUT_03096,2025-08,19.40615616546582,1,Small,1,SMMT,DIST_W_01,Moderate
OUT_03096,2025-09,54.42411790790257,2,Small,1,SMMT,DIST_W_01,Moderate
OUT_03096,2025-12,17.535618964638875,2,Small,1,SMMT,DIST_W_01,Favorable
OUT_03119,2023-06,11.561018501536491,1,Small,0,Bakery,DIST_W_02,Un-Favorable
OUT_03119,2023-07,16.749814228182547,1,Small,0,Bakery,DIST_W_02,Moderate
OUT_03119,2023-08,33.859802535766974,2,Small,0,Bakery,DIST_W_02,Moderate
OUT_03119,2023-10,54.28380955970297,1,Small,0,Bakery,DIST_W_02,Moderate
OUT_03119,2023-11,24.932814911543755,1,Small,0,Bakery,DIST_W_02,Moderate
OUT_03119,2023-12,119.43630686961646,2,Small,0,Bakery,DIST_W_02,Favorable
OUT_03119,2024-01,56.75273068196455,2,Small,0,Bakery,DIST_W_02,Moderate
OUT_03119,2024-07,46.00139202137888,1,Small,0,Bakery,DIST_W_02,Moderate
OUT_03119,2024-09,18.70155756842583,2,Small,0,Bakery,DIST_W_02,Moderate
OUT_03119,2024-12,29.06025017434025,2,Small,0,Bakery,DIST_W_02,Favorable
OUT_03119,2025-01,33.61791056340625,2,Small,0,Bakery,DIST_W_02,Moderate
OUT_03119,2025-04,25.44418409945858,5,Small,0,Bakery,DIST_W_02,Favorable
OUT_03119,2025-05,54.66736198530874,3,Small,0,Bakery,DIST_W_02,Un-Favorable
OUT_03119,2025-06,17.075056573330563,1,Small,0,Bakery,DIST_W_02,Un-Favorable
OUT_03119,2025-07,95.86376295555804,1,Small,0,Bakery,DIST_W_02,Moderate
OUT_03119,2025-09,75.45156056393162,2,Small,0,Bakery,DIST_W_02,Moderate
OUT_03125,2023-01,97.70841668048514,3,Medium,2,Eatery,DIST_W_03,Moderate
OUT_03125,2023-02,165.8209093318157,3,Medium,2,Eatery,DIST_W_03,Moderate
OUT_03125,2023-03,73.84248997620115,1,Medium,2,Eatery,DIST_W_03,Moderate
OUT_03125,2023-04,167.2183433095058,4,Medium,2,Eatery,DIST_W_03,Favorable
OUT_03125,2023-05,111.77862615580062,4,Medium,2,Eatery,DIST_W_03,Un-Favorable
OUT_03125,2023-06,117.7785562074618,1,Medium,2,Eatery,DIST_W_03,Un-Favorable
OUT_03125,2023-09,158.45123663274785,2,Medium,2,Eatery,DIST_W_03,Moderate
OUT_03125,2023-11,103.89927032856389,1,Medium,2,Eatery,DIST_W_03,Moderate
OUT_03125,2023-12,45.38657225854263,2,Medium,2,Eatery,DIST_W_03,Favorable
OUT_03125,2024-01,187.2627030345448,2,Medium,2,Eatery,DIST_W_03,Moderate
OUT_03125,2024-02,215.0556819013601,3,Medium,2,Eatery,DIST_W_03,Moderate
OUT_03125,2024-04,134.76269473675296,7,Medium,2,Eatery,DIST_W_03,Favorable
OUT_03125,2024-05,138.9126491724384,3,Medium,2,Eatery,DIST_W_03,Un-Favorable
OUT_03125,2024-06,120.38921107518853,2,Medium,2,Eatery,DIST_W_03,Un-Favorable
OUT_03125,2024-07,171.6173546766065,1,Medium,2,Eatery,DIST_W_03,Moderate
OUT_03125,2024-08,18.218995704875645,1,Medium,2,Eatery,DIST_W_03,Moderate
OUT_03125,2024-09,151.62264624167736,2,Medium,2,Eatery,DIST_W_03,Moderate
OUT_03125,2024-12,345.3488820344111,2,Medium,2,Eatery,DIST_W_03,Favorable
OUT_03125,2025-01,231.5667680968936,2,Medium,2,Eatery,DIST_W_03,Moderate
OUT_03125,2025-03,205.7693612090634,1,Medium,2,Eatery,DIST_W_03,Moderate
OUT_03125,2025-04,217.78687888955125,5,Medium,2,Eatery,DIST_W_03,Favorable
OUT_03125,2025-05,143.3953575472819,3,Medium,2,Eatery,DIST_W_03,Un-Favorable
OUT_03125,2025-06,51.10977423024475,1,Medium,2,Eatery,DIST_W_03,Un-Favorable
OUT_03125,2025-07,125.89661565632412,1,Medium,2,Eatery,DIST_W_03,Moderate
OUT_03125,2025-08,101.49339474029048,1,Medium,2,Eatery,DIST_W_03,Moderate
OUT_03125,2025-10,181.4498600605813,1,Medium,2,Eatery,DIST_W_03,Moderate
OUT_03125,2025-11,54.61761023168509,1,Medium,2,Eatery,DIST_W_03,Moderate
OUT_03125,2025-12,141.75271459799424,2,Medium,2,Eatery,DIST_W_03,Favorable
OUT_03129,2023-01,339.17902043727065,3,Large,5,Hotel,DIST_W_01,Moderate
OUT_03129,2023-02,620.3799885699499,3,Large,5,Hotel,DIST_W_01,Moderate
OUT_03129,2023-04,383.6621582594315,4,Large,5,Hotel,DIST_W_01,Favorable
OUT_03129,2023-05,385.7279084618289,4,Large,5,Hotel,DIST_W_01,Un-Favorable
OUT_03129,2023-06,201.2849433036312,1,Large,5,Hotel,DIST_W_01,Un-Favorable
OUT_03129,2023-07,580.5911712974954,1,Large,5,Hotel,DIST_W_01,Moderate
OUT_03129,2023-08,485.5519890565763,2,Large,5,Hotel,DIST_W_01,Moderate
OUT_03129,2023-09,606.4506981424928,2,Large,5,Hotel,DIST_W_01,Moderate
OUT_03129,2023-10,538.811480261023,1,Large,5,Hotel,DIST_W_01,Moderate
OUT_03129,2023-11,613.7076968979004,1,Large,5,Hotel,DIST_W_01,Moderate
OUT_03129,2023-12,899.1272343002062,2,Large,5,Hotel,DIST_W_01,Favorable
OUT_03129,2024-02,543.64211775123,3,Large,5,Hotel,DIST_W_01,Moderate
OUT_03129,2024-03,623.2647707920953,3,Large,5,Hotel,DIST_W_01,Moderate
OUT_03129,2024-04,770.4988914238132,7,Large,5,Hotel,DIST_W_01,Favorable
OUT_03129,2024-05,373.28480740307634,3,Large,5,Hotel,DIST_W_01,Un-Favorable
OUT_03129,2024-06,354.063668712045,2,Large,5,Hotel,DIST_W_01,Un-Favorable
OUT_03129,2024-07,683.770007375595,1,Large,5,Hotel,DIST_W_01,Moderate
OUT_03129,2024-08,652.144298153945,1,Large,5,Hotel,DIST_W_01,Moderate
OUT_03129,2024-09,588.8084805804561,2,Large,5,Hotel,DIST_W_01,Moderate
OUT_03129,2024-10,495.3542596017688,2,Large,5,Hotel,DIST_W_01,Moderate
OUT_03129,2024-11,291.3060686078428,1,Large,5,Hotel,DIST_W_01,Moderate
OUT_03129,2024-12,692.411548249117,2,Large,5,Hotel,DIST_W_01,Favorable
OUT_03129,2025-01,474.3421845665464,2,Large,5,Hotel,DIST_W_01,Moderate
OUT_03129,2025-03,620.4735667344869,1,Large,5,Hotel,DIST_W_01,Moderate
OUT_03129,2025-04,434.0948019997602,5,Large,5,Hotel,DIST_W_01,Favorable
OUT_03129,2025-05,327.4154128496643,3,Large,5,Hotel,DIST_W_01,Un-Favorable
OUT_03129,2025-06,171.63633525426587,1,Large,5,Hotel,DIST_W_01,Un-Favorable
OUT_03129,2025-07,611.9626945419229,1,Large,5,Hotel,DIST_W_01,Moderate
OUT_03129,2025-08,466.1619460940824,1,Large,5,Hotel,DIST_W_01,Moderate
OUT_03129,2025-09,666.9548417871304,2,Large,5,Hotel,DIST_W_01,Moderate
OUT_03129,2025-10,669.5346398239246,1,Large,5,Hotel,DIST_W_01,Moderate
OUT_03129,2025-11,278.8802389264295,1,Large,5,Hotel,DIST_W_01,Moderate
OUT_03129,2025-12,464.9737615098801,2,Large,5,Hotel,DIST_W_01,Favorable
OUT_03175,2023-01,171.03620984846054,3,Medium,1,Bakery,DIST_W_03,Moderate
OUT_03175,2023-02,195.2562481705439,3,Medium,1,Bakery,DIST_W_03,Moderate
OUT_03175,2023-03,85.72753455501416,1,Medium,1,Bakery,DIST_W_03,Moderate
OUT_03175,2023-05,121.9397716967298,4,Medium,1,Bakery,DIST_W_03,Un-Favorable
OUT_03175,2023-09,78.87982857206414,2,Medium,1,Bakery,DIST_W_03,Moderate
OUT_03175,2023-10,220.6691351154227,1,Medium,1,Bakery,DIST_W_03,Moderate
OUT_03175,2023-11,161.13839551125403,1,Medium,1,Bakery,DIST_W_03,Moderate
OUT_03175,2024-01,48.33481657193996,2,Medium,1,Bakery,DIST_W_03,Moderate
OUT_03175,2024-04,61.86073741999432,7,Medium,1,Bakery,DIST_W_03,Favorable
OUT_03175,2024-05,133.97129086958248,3,Medium,1,Bakery,DIST_W_03,Un-Favorable
OUT_03175,2024-06,22.26802977465465,2,Medium,1,Bakery,DIST_W_03,Un-Favorable
OUT_03175,2024-07,228.6906010917317,1,Medium,1,Bakery,DIST_W_03,Moderate
OUT_03175,2024-08,263.8856067382853,1,Medium,1,Bakery,DIST_W_03,Moderate
OUT_03175,2024-10,72.7388930641773,2,Medium,1,Bakery,DIST_W_03,Moderate
OUT_03175,2024-11,175.88264043967408,1,Medium,1,Bakery,DIST_W_03,Moderate
OUT_03175,2025-01,245.18149041567705,2,Medium,1,Bakery,DIST_W_03,Moderate
OUT_03175,2025-02,175.61476701498069,2,Medium,1,Bakery,DIST_W_03,Moderate
OUT_03175,2025-04,27.812550958457333,5,Medium,1,Bakery,DIST_W_03,Favorable
OUT_03175,2025-05,58.60030566815342,3,Medium,1,Bakery,DIST_W_03,Un-Favorable
OUT_03175,2025-06,39.45943297879536,1,Medium,1,Bakery,DIST_W_03,Un-Favorable
OUT_03175,2025-08,111.75429816542974,1,Medium,1,Bakery,DIST_W_03,Moderate
OUT_03175,2025-09,219.41490939519537,2,Medium,1,Bakery,DIST_W_03,Moderate
OUT_03175,2025-10,184.1946296059333,1,Medium,1,Bakery,DIST_W_03,Moderate
OUT_03175,2025-11,85.33902425249862,1,Medium,1,Bakery,DIST_W_03,Moderate
OUT_03175,2025-12,280.2814536259663,2,Medium,1,Bakery,DIST_W_03,Favorable
OUT_03176,2023-07,28.35192512508176,1,Small,0,Hotel,DIST_W_02,Moderate
OUT_03176,2023-10,65.96039777365348,1,Small,0,Hotel,DIST_W_02,Moderate
OUT_03176,2023-12,8.580618412352248,2,Small,0,Hotel,DIST_W_02,Favorable
OUT_03176,2024-03,76.57408502010517,3,Small,0,Hotel,DIST_W_02,Moderate
OUT_03176,2024-05,7.611021015948544,3,Small,0,Hotel,DIST_W_02,Un-Favorable
OUT_03176,2024-07,65.36009530770077,1,Small,0,Hotel,DIST_W_02,Moderate
OUT_03176,2024-10,5.138976050978893,2,Small,0,Hotel,DIST_W_02,Moderate
OUT_03176,2024-12,18.58972674593228,2,Small,0,Hotel,DIST_W_02,Favorable
OUT_03176,2025-01,17.58583781232175,2,Small,0,Hotel,DIST_W_02,Moderate
OUT_03176,2025-02,43.23524139386132,2,Small,0,Hotel,DIST_W_02,Moderate
OUT_03176,2025-03,78.80319284234304,1,Small,0,Hotel,DIST_W_02,Moderate
OUT_03176,2025-06,2.2681469987720564,1,Small,0,Hotel,DIST_W_02,Un-Favorable
OUT_03176,2025-10,44.74743423367791,1,Small,0,Hotel,DIST_W_02,Moderate
OUT_03176,2025-11,89.09989768964856,1,Small,0,Hotel,DIST_W_02,Moderate
OUT_03176,2025-12,48.23219174644996,2,Small,0,Hotel,DIST_W_02,Favorable
OUT_03182,2023-01,25.672835843206563,3,Small,1,Eatery,DIST_W_02,Moderate
OUT_03182,2023-02,9.070689547692991,3,Small,1,Eatery,DIST_W_02,Moderate
OUT_03182,2023-03,62.59816256798768,1,Small,1,Eatery,DIST_W_02,Moderate
OUT_03182,2023-05,13.1161446889349,4,Small,1,Eatery,DIST_W_02,Un-Favorable
OUT_03182,2023-06,10.817380387665086,1,Small,1,Eatery,DIST_W_02,Un-Favorable
OUT_03182,2023-09,15.101666295182376,2,Small,1,Eatery,DIST_W_02,Moderate
OUT_03182,2023-12,104.3963155798256,2,Small,1,Eatery,DIST_W_02,Favorable
OUT_03182,2024-01,8.105251694852669,2,Small,1,Eatery,DIST_W_02,Moderate
OUT_03182,2024-02,29.17242290669491,3,Small,1,Eatery,DIST_W_02,Moderate
OUT_03182,2024-04,25.25363237179533,7,Small,1,Eatery,DIST_W_02,Favorable
OUT_03182,2024-06,2.6013508168424178,2,Small,1,Eatery,DIST_W_02,Un-Favorable
OUT_03182,2024-09,13.305883995235662,2,Small,1,Eatery,DIST_W_02,Moderate
OUT_03182,2024-10,24.13027177894718,2,Small,1,Eatery,DIST_W_02,Moderate
OUT_03182,2025-03,34.3761597824796,1,Small,1,Eatery,DIST_W_02,Moderate
OUT_03182,2025-05,19.25755192842581,3,Small,1,Eatery,DIST_W_02,Un-Favorable
OUT_03182,2025-06,1.9496580426993464,1,Small,1,Eatery,DIST_W_02,Un-Favorable
OUT_03182,2025-08,6.0216650531185785,1,Small,1,Eatery,DIST_W_02,Moderate
OUT_03182,2025-10,65.8462327190784,1,Small,1,Eatery,DIST_W_02,Moderate
OUT_03182,2025-11,11.298742567167338,1,Small,1,Eatery,DIST_W_02,Moderate
OUT_03182,2025-12,9.471490298384404,2,Small,1,Eatery,DIST_W_02,Favorable
OUT_03186,2023-01,65.33497962890583,3,Medium,1,Eatery,DIST_W_02,Moderate
OUT_03186,2023-06,139.34059345654384,1,Medium,1,Eatery,DIST_W_02,Un-Favorable
OUT_03186,2023-07,99.29496703689512,1,Medium,1,Eatery,DIST_W_02,Moderate
OUT_03186,2023-08,169.5367081189234,2,Medium,1,Eatery,DIST_W_02,Moderate
OUT_03186,2023-09,18.74601017744929,2,Medium,1,Eatery,DIST_W_02,Moderate
OUT_03186,2023-10,64.1183232298093,1,Medium,1,Eatery,DIST_W_02,Moderate
OUT_03186,2023-11,81.59099785661705,1,Medium,1,Eatery,DIST_W_02,Moderate
OUT_03186,2024-01,77.84421029666333,2,Medium,1,Eatery,DIST_W_02,Moderate
OUT_03186,2024-02,162.15313146145184,3,Medium,1,Eatery,DIST_W_02,Moderate
OUT_03186,2024-04,289.3997952603643,7,Medium,1,Eatery,DIST_W_02,Favorable
OUT_03186,2024-05,46.84629056153288,3,Medium,1,Eatery,DIST_W_02,Un-Favorable
OUT_03186,2024-06,52.56754397935707,2,Medium,1,Eatery,DIST_W_02,Un-Favorable
OUT_03186,2024-07,164.30321809437083,1,Medium,1,Eatery,DIST_W_02,Moderate
OUT_03186,2024-08,103.07223170646836,1,Medium,1,Eatery,DIST_W_02,Moderate
OUT_03186,2024-10,29.20379258824434,2,Medium,1,Eatery,DIST_W_02,Moderate
OUT_03186,2024-11,57.67330457761448,1,Medium,1,Eatery,DIST_W_02,Moderate
OUT_03186,2024-12,98.14035871801224,2,Medium,1,Eatery,DIST_W_02,Favorable
OUT_03186,2025-03,39.380859346920666,1,Medium,1,Eatery,DIST_W_02,Moderate
OUT_03186,2025-04,297.21202335697654,5,Medium,1,Eatery,DIST_W_02,Favorable
OUT_03186,2025-05,113.1326648857818,3,Medium,1,Eatery,DIST_W_02,Un-Favorable
OUT_03186,2025-06,121.63897828740906,1,Medium,1,Eatery,DIST_W_02,Un-Favorable
OUT_03186,2025-07,109.3716531163566,1,Medium,1,Eatery,DIST_W_02,Moderate
OUT_03186,2025-08,211.06900989168776,1,Medium,1,Eatery,DIST_W_02,Moderate
OUT_03186,2025-09,197.4542417928212,2,Medium,1,Eatery,DIST_W_02,Moderate
OUT_03186,2025-10,97.20435130733328,1,Medium,1,Eatery,DIST_W_02,Moderate
OUT_03186,2025-12,269.48023680206046,2,Medium,1,Eatery,DIST_W_02,Favorable
OUT_03203,2023-01,29.93886678707477,3,Small,0,Eatery,DIST_W_03,Moderate
OUT_03203,2023-02,92.5667424547972,3,Small,0,Eatery,DIST_W_03,Moderate
OUT_03203,2023-05,25.001397513656336,4,Small,0,Eatery,DIST_W_03,Un-Favorable
OUT_03203,2023-06,48.26131205118194,1,Small,0,Eatery,DIST_W_03,Un-Favorable
OUT_03203,2023-09,23.37196203293687,2,Small,0,Eatery,DIST_W_03,Moderate
OUT_03203,2023-11,71.18775118759744,1,Small,0,Eatery,DIST_W_03,Moderate
OUT_03203,2024-05,19.25177427046464,3,Small,0,Eatery,DIST_W_03,Un-Favorable
OUT_03203,2024-07,34.66408049460038,1,Small,0,Eatery,DIST_W_03,Moderate
OUT_03203,2024-08,76.14636937483523,1,Small,0,Eatery,DIST_W_03,Moderate
OUT_03203,2024-10,67.11475736426011,2,Small,0,Eatery,DIST_W_03,Moderate
OUT_03203,2024-12,59.80814018841142,2,Small,0,Eatery,DIST_W_03,Favorable
OUT_03203,2025-01,93.25111099517213,2,Small,0,Eatery,DIST_W_03,Moderate
OUT_03203,2025-03,76.21176621336983,1,Small,0,Eatery,DIST_W_03,Moderate
OUT_03203,2025-04,30.09223546813581,5,Small,0,Eatery,DIST_W_03,Favorable
OUT_03203,2025-05,19.99482509245441,3,Small,0,Eatery,DIST_W_03,Un-Favorable
OUT_03203,2025-09,83.9656476535649,2,Small,0,Eatery,DIST_W_03,Moderate
OUT_03203,2025-11,77.5344663591727,1,Small,0,Eatery,DIST_W_03,Moderate
OUT_03212,2023-01,84.88606775952366,3,Small,0,Pharmacy,DIST_W_02,Moderate
OUT_03212,2023-03,4.828475386559219,1,Small,0,Pharmacy,DIST_W_02,Moderate
OUT_03212,2023-04,14.532919826860669,4,Small,0,Pharmacy,DIST_W_02,Favorable
OUT_03212,2023-05,24.96215592047037,4,Small,0,Pharmacy,DIST_W_02,Un-Favorable
OUT_03212,2023-06,53.01700804420531,1,Small,0,Pharmacy,DIST_W_02,Un-Favorable
OUT_03212,2023-09,20.960497721082632,2,Small,0,Pharmacy,DIST_W_02,Moderate
OUT_03212,2023-10,18.48060650910115,1,Small,0,Pharmacy,DIST_W_02,Moderate
OUT_03212,2023-11,19.66925268568332,1,Small,0,Pharmacy,DIST_W_02,Moderate
OUT_03212,2023-12,107.54353581654114,2,Small,0,Pharmacy,DIST_W_02,Favorable
OUT_03212,2024-01,74.30787156043792,2,Small,0,Pharmacy,DIST_W_02,Moderate
OUT_03212,2024-05,19.8850127476094,3,Small,0,Pharmacy,DIST_W_02,Un-Favorable
OUT_03212,2024-06,8.670403280625884,2,Small,0,Pharmacy,DIST_W_02,Un-Favorable
OUT_03212,2024-07,21.84495227312452,1,Small,0,Pharmacy,DIST_W_02,Moderate
OUT_03212,2024-11,85.15557117667255,1,Small,0,Pharmacy,DIST_W_02,Moderate
OUT_03212,2024-12,16.201989094669493,2,Small,0,Pharmacy,DIST_W_02,Favorable
OUT_03212,2025-01,15.884341633725157,2,Small,0,Pharmacy,DIST_W_02,Moderate
OUT_03212,2025-03,33.494647183385645,1,Small,0,Pharmacy,DIST_W_02,Moderate
OUT_03212,2025-04,98.054659274678,5,Small,0,Pharmacy,DIST_W_02,Favorable
OUT_03212,2025-05,11.726858313603168,3,Small,0,Pharmacy,DIST_W_02,Un-Favorable
OUT_03212,2025-08,38.27990165532656,1,Small,0,Pharmacy,DIST_W_02,Moderate
OUT_03212,2025-11,116.20506088897967,1,Small,0,Pharmacy,DIST_W_02,Moderate
OUT_03213,2023-01,90.35371657959686,3,Medium,1,SMMT,DIST_W_01,Moderate
OUT_03213,2023-02,196.42142977659176,3,Medium,1,SMMT,DIST_W_01,Moderate
OUT_03213,2023-05,125.12530979543106,4,Medium,1,SMMT,DIST_W_01,Un-Favorable
OUT_03213,2023-06,142.86849028791346,1,Medium,1,SMMT,DIST_W_01,Un-Favorable
OUT_03213,2023-07,233.40011360223,1,Medium,1,SMMT,DIST_W_01,Moderate
OUT_03213,2023-10,230.84444888719736,1,Medium,1,SMMT,DIST_W_01,Moderate
OUT_03213,2023-12,86.72468464519903,2,Medium,1,SMMT,DIST_W_01,Favorable
OUT_03213,2024-02,186.19783498449573,3,Medium,1,SMMT,DIST_W_01,Moderate
OUT_03213,2024-03,154.31619466223745,3,Medium,1,SMMT,DIST_W_01,Moderate
OUT_03213,2024-04,192.0972546349041,7,Medium,1,SMMT,DIST_W_01,Favorable
OUT_03213,2024-05,14.30173653594308,3,Medium,1,SMMT,DIST_W_01,Un-Favorable
OUT_03213,2024-06,47.66039713362357,2,Medium,1,SMMT,DIST_W_01,Un-Favorable
OUT_03213,2024-07,55.74898398781173,1,Medium,1,SMMT,DIST_W_01,Moderate
OUT_03213,2024-08,153.44772772367378,1,Medium,1,SMMT,DIST_W_01,Moderate
OUT_03213,2024-09,104.21863729269909,2,Medium,1,SMMT,DIST_W_01,Moderate
OUT_03213,2024-10,52.999570056344986,2,Medium,1,SMMT,DIST_W_01,Moderate
OUT_03213,2024-11,30.27083593053588,1,Medium,1,SMMT,DIST_W_01,Moderate
OUT_03213,2025-05,125.9632925425388,3,Medium,1,SMMT,DIST_W_01,Un-Favorable
OUT_03213,2025-06,34.30590386841321,1,Medium,1,SMMT,DIST_W_01,Un-Favorable
OUT_03213,2025-08,57.9780139769856,1,Medium,1,SMMT,DIST_W_01,Moderate
OUT_03213,2025-09,213.9033550100624,2,Medium,1,SMMT,DIST_W_01,Moderate
OUT_03213,2025-10,96.17013431348208,1,Medium,1,SMMT,DIST_W_01,Moderate
OUT_03213,2025-11,62.78099761613932,1,Medium,1,SMMT,DIST_W_01,Moderate
OUT_03213,2025-12,146.4025530159032,2,Medium,1,SMMT,DIST_W_01,Favorable
OUT_03230,2023-02,95.63781790826684,3,Small,0,Pharmacy,DIST_W_02,Moderate
OUT_03230,2023-04,15.031379607607729,4,Small,0,Pharmacy,DIST_W_02,Favorable
OUT_03230,2023-10,21.76400050172244,1,Small,0,Pharmacy,DIST_W_02,Moderate
OUT_03230,2024-01,88.51834975051207,2,Small,0,Pharmacy,DIST_W_02,Moderate
OUT_03230,2024-02,11.388248185319124,3,Small,0,Pharmacy,DIST_W_02,Moderate
OUT_03230,2024-05,3.666249131662844,3,Small,0,Pharmacy,DIST_W_02,Un-Favorable
OUT_03230,2024-06,18.091123248319107,2,Small,0,Pharmacy,DIST_W_02,Un-Favorable
OUT_03230,2024-08,13.249971844990752,1,Small,0,Pharmacy,DIST_W_02,Moderate
OUT_03230,2024-10,63.9316837522809,2,Small,0,Pharmacy,DIST_W_02,Moderate
OUT_03230,2024-11,90.0740513568725,1,Small,0,Pharmacy,DIST_W_02,Moderate
OUT_03230,2024-12,62.33636446950742,2,Small,0,Pharmacy,DIST_W_02,Favorable
OUT_03230,2025-04,144.98291881834345,5,Small,0,Pharmacy,DIST_W_02,Favorable
OUT_03230,2025-08,92.3607894310516,1,Small,0,Pharmacy,DIST_W_02,Moderate
OUT_03230,2025-11,42.45721548924026,1,Small,0,Pharmacy,DIST_W_02,Moderate
OUT_03235,2023-03,14.298628554371732,1,Small,1,Bakery,DIST_W_02,Moderate
OUT_03235,2023-04,38.18709331513798,4,Small,1,Bakery,DIST_W_02,Favorable
OUT_03235,2023-08,72.22760905143168,2,Small,1,Bakery,DIST_W_02,Moderate
OUT_03235,2023-12,102.94694367685416,2,Small,1,Bakery,DIST_W_02,Favorable
OUT_03235,2024-03,71.08822352052883,3,Small,1,Bakery,DIST_W_02,Moderate
OUT_03235,2024-04,18.443708365224296,7,Small,1,Bakery,DIST_W_02,Favorable
OUT_03235,2024-05,11.167670832603168,3,Small,1,Bakery,DIST_W_02,Un-Favorable
OUT_03235,2024-06,50.88434111279096,2,Small,1,Bakery,DIST_W_02,Un-Favorable
OUT_03235,2024-07,93.76337932008154,1,Small,1,Bakery,DIST_W_02,Moderate
OUT_03235,2025-01,18.294297839376945,2,Small,1,Bakery,DIST_W_02,Moderate
OUT_03235,2025-04,35.549835974648616,5,Small,1,Bakery,DIST_W_02,Favorable
OUT_03235,2025-06,60.51210368267683,1,Small,1,Bakery,DIST_W_02,Un-Favorable
OUT_03235,2025-09,10.245169960105272,2,Small,1,Bakery,DIST_W_02,Moderate
OUT_03235,2025-10,77.21688895312302,1,Small,1,Bakery,DIST_W_02,Moderate
OUT_03235,2025-11,84.4792956317722,1,Small,1,Bakery,DIST_W_02,Moderate
OUT_03235,2025-12,90.2223223207198,2,Small,1,Bakery,DIST_W_02,Favorable
OUT_03239,2023-05,23.082997316953744,4,Small,0,Hotel,DIST_W_01,Un-Favorable
OUT_03239,2023-10,92.3332505781962,1,Small,0,Hotel,DIST_W_01,Moderate
OUT_03239,2023-11,3.9462098296550887,1,Small,0,Hotel,DIST_W_01,Moderate
OUT_03239,2023-12,127.61314825543398,2,Small,0,Hotel,DIST_W_01,Favorable
OUT_03239,2024-01,16.580868264979173,2,Small,0,Hotel,DIST_W_01,Moderate
OUT_03239,2024-02,25.71303270643814,3,Small,0,Hotel,DIST_W_01,Moderate
OUT_03239,2024-03,27.60424025703937,3,Small,0,Hotel,DIST_W_01,Moderate
OUT_03239,2024-05,16.190510717041665,3,Small,0,Hotel,DIST_W_01,Un-Favorable
OUT_03239,2024-07,101.34003888233218,1,Small,0,Hotel,DIST_W_01,Moderate
OUT_03239,2024-09,122.99426098756484,2,Small,0,Hotel,DIST_W_01,Moderate
OUT_03239,2024-10,86.21500796750773,2,Small,0,Hotel,DIST_W_01,Moderate
OUT_03239,2024-12,72.98494587987112,2,Small,0,Hotel,DIST_W_01,Favorable
OUT_03239,2025-01,4.105235537060152,2,Small,0,Hotel,DIST_W_01,Moderate
OUT_03239,2025-02,32.13482635707337,2,Small,0,Hotel,DIST_W_01,Moderate
OUT_03239,2025-12,26.014522198906946,2,Small,0,Hotel,DIST_W_01,Favorable
OUT_03254,2023-01,5.153359435399442,3,Small,0,Bakery,DIST_W_03,Moderate
OUT_03254,2023-02,84.28400948225914,3,Small,0,Bakery,DIST_W_03,Moderate
OUT_03254,2023-04,31.51703083744221,4,Small,0,Bakery,DIST_W_03,Favorable
OUT_03254,2023-05,4.893399361478078,4,Small,0,Bakery,DIST_W_03,Un-Favorable
OUT_03254,2023-06,10.220555654000153,1,Small,0,Bakery,DIST_W_03,Un-Favorable
OUT_03254,2023-08,25.42784198790971,2,Small,0,Bakery,DIST_W_03,Moderate
OUT_03254,2023-09,19.46270078275359,2,Small,0,Bakery,DIST_W_03,Moderate
OUT_03254,2023-12,33.51952717844276,2,Small,0,Bakery,DIST_W_03,Favorable
OUT_03254,2024-01,11.73896243891675,2,Small,0,Bakery,DIST_W_03,Moderate
OUT_03254,2024-02,15.877814391623724,3,Small,0,Bakery,DIST_W_03,Moderate
OUT_03254,2024-06,18.49824202448692,2,Small,0,Bakery,DIST_W_03,Un-Favorable
OUT_03254,2024-07,8.768106847230118,1,Small,0,Bakery,DIST_W_03,Moderate
OUT_03254,2024-09,27.083937255301173,2,Small,0,Bakery,DIST_W_03,Moderate
OUT_03254,2024-10,10.41440601048765,2,Small,0,Bakery,DIST_W_03,Moderate
OUT_03254,2024-12,106.68468892296411,2,Small,0,Bakery,DIST_W_03,Favorable
OUT_03254,2025-01,25.896277522203725,2,Small,0,Bakery,DIST_W_03,Moderate
OUT_03254,2025-04,124.1437162765711,5,Small,0,Bakery,DIST_W_03,Favorable
OUT_03254,2025-05,14.10209954919566,3,Small,0,Bakery,DIST_W_03,Un-Favorable
OUT_03254,2025-06,2.419749818190964,1,Small,0,Bakery,DIST_W_03,Un-Favorable
OUT_03254,2025-08,24.568559730018503,1,Small,0,Bakery,DIST_W_03,Moderate
OUT_03254,2025-09,39.67593600524557,2,Small,0,Bakery,DIST_W_03,Moderate
OUT_03288,2023-01,96.85513670099596,3,Medium,2,Grocery,DIST_W_02,Moderate
OUT_03288,2023-02,66.58456640286005,3,Medium,2,Grocery,DIST_W_02,Moderate
OUT_03288,2023-05,128.16583849633625,4,Medium,2,Grocery,DIST_W_02,Un-Favorable
OUT_03288,2023-06,68.5733702441494,1,Medium,2,Grocery,DIST_W_02,Un-Favorable
OUT_03288,2023-07,190.0269223432957,1,Medium,2,Grocery,DIST_W_02,Moderate
OUT_03288,2023-08,202.9892563413764,2,Medium,2,Grocery,DIST_W_02,Moderate
OUT_03288,2023-09,44.333441615440506,2,Medium,2,Grocery,DIST_W_02,Moderate
OUT_03288,2023-10,167.25292542740408,1,Medium,2,Grocery,DIST_W_02,Moderate
OUT_03288,2023-11,170.24265738203746,1,Medium,2,Grocery,DIST_W_02,Moderate
OUT_03288,2023-12,125.76185481418536,2,Medium,2,Grocery,DIST_W_02,Favorable
OUT_03288,2024-01,29.29358547224668,2,Medium,2,Grocery,DIST_W_02,Moderate
OUT_03288,2024-04,131.22676563047042,7,Medium,2,Grocery,DIST_W_02,Favorable
OUT_03288,2024-05,64.74728465749399,3,Medium,2,Grocery,DIST_W_02,Un-Favorable
OUT_03288,2024-08,126.11512354789753,1,Medium,2,Grocery,DIST_W_02,Moderate
OUT_03288,2024-11,83.77397052299978,1,Medium,2,Grocery,DIST_W_02,Moderate
OUT_03288,2024-12,69.75344882597655,2,Medium,2,Grocery,DIST_W_02,Favorable
OUT_03288,2025-01,149.7713527966877,2,Medium,2,Grocery,DIST_W_02,Moderate
OUT_03288,2025-03,187.268304291676,1,Medium,2,Grocery,DIST_W_02,Moderate
OUT_03288,2025-04,345.586649002757,5,Medium,2,Grocery,DIST_W_02,Favorable
OUT_03288,2025-05,4.4030495638344505,3,Medium,2,Grocery,DIST_W_02,Un-Favorable
OUT_03288,2025-07,97.12286108638168,1,Medium,2,Grocery,DIST_W_02,Moderate
OUT_03288,2025-09,157.39481386969132,2,Medium,2,Grocery,DIST_W_02,Moderate
OUT_03288,2025-10,29.181099324243046,1,Medium,2,Grocery,DIST_W_02,Moderate
OUT_03288,2025-11,148.03856254963395,1,Medium,2,Grocery,DIST_W_02,Moderate
OUT_03288,2025-12,83.17449669280633,2,Medium,2,Grocery,DIST_W_02,Favorable
OUT_03301,2023-01,215.7393287232712,3,Medium,1,Pharmacy,DIST_W_02,Moderate
OUT_03301,2023-03,75.1192761836667,1,Medium,1,Pharmacy,DIST_W_02,Moderate
OUT_03301,2023-04,39.666470046430206,4,Medium,1,Pharmacy,DIST_W_02,Favorable
OUT_03301,2023-05,138.68991034019277,4,Medium,1,Pharmacy,DIST_W_02,Un-Favorable
OUT_03301,2023-06,106.32492872895904,1,Medium,1,Pharmacy,DIST_W_02,Un-Favorable
OUT_03301,2023-07,186.57786728419325,1,Medium,1,Pharmacy,DIST_W_02,Moderate
OUT_03301,2023-08,82.00916074330328,2,Medium,1,Pharmacy,DIST_W_02,Moderate
OUT_03301,2023-10,32.761049623812184,1,Medium,1,Pharmacy,DIST_W_02,Moderate
OUT_03301,2023-11,220.3363155742269,1,Medium,1,Pharmacy,DIST_W_02,Moderate
OUT_03301,2023-12,124.0925754806112,2,Medium,1,Pharmacy,DIST_W_02,Favorable
OUT_03301,2024-02,65.78710133640517,3,Medium,1,Pharmacy,DIST_W_02,Moderate
OUT_03301,2024-03,207.057594199862,3,Medium,1,Pharmacy,DIST_W_02,Moderate
OUT_03301,2024-04,239.02660358638752,7,Medium,1,Pharmacy,DIST_W_02,Favorable
OUT_03301,2024-05,112.1693905033325,3,Medium,1,Pharmacy,DIST_W_02,Un-Favorable
OUT_03301,2024-06,48.23575881715726,2,Medium,1,Pharmacy,DIST_W_02,Un-Favorable
OUT_03301,2024-07,182.6941918516233,1,Medium,1,Pharmacy,DIST_W_02,Moderate
OUT_03301,2024-10,199.06221563171167,2,Medium,1,Pharmacy,DIST_W_02,Moderate
OUT_03301,2024-11,56.91934645970808,1,Medium,1,Pharmacy,DIST_W_02,Moderate
OUT_03301,2024-12,266.85048232788284,2,Medium,1,Pharmacy,DIST_W_02,Favorable
OUT_03301,2025-01,108.3306737988264,2,Medium,1,Pharmacy,DIST_W_02,Moderate
OUT_03301,2025-04,293.27478762276564,5,Medium,1,Pharmacy,DIST_W_02,Favorable
OUT_03301,2025-05,142.90065771704298,3,Medium,1,Pharmacy,DIST_W_02,Un-Favorable
OUT_03301,2025-06,51.04368274441624,1,Medium,1,Pharmacy,DIST_W_02,Un-Favorable
OUT_03301,2025-07,167.55100923168214,1,Medium,1,Pharmacy,DIST_W_02,Moderate
OUT_03301,2025-08,189.836916547814,1,Medium,1,Pharmacy,DIST_W_02,Moderate
OUT_03301,2025-10,61.386807763893145,1,Medium,1,Pharmacy,DIST_W_02,Moderate
OUT_03301,2025-12,28.894537531950093,2,Medium,1,Pharmacy,DIST_W_02,Favorable
OUT_03356,2023-03,7.328668628407044,1,Small,1,Grocery,DIST_W_01,Moderate
OUT_03356,2023-05,9.308203917495405,4,Small,1,Grocery,DIST_W_01,Un-Favorable
OUT_03356,2023-06,14.34906285719788,1,Small,1,Grocery,DIST_W_01,Un-Favorable
OUT_03356,2023-07,44.08145389268972,1,Small,1,Grocery,DIST_W_01,Moderate
OUT_03356,2023-08,2.880028346696579,2,Small,1,Grocery,DIST_W_01,Moderate
OUT_03356,2023-11,74.2298695751676,1,Small,1,Grocery,DIST_W_01,Moderate
OUT_03356,2024-06,22.00782215393024,2,Small,1,Grocery,DIST_W_01,Un-Favorable
OUT_03356,2024-09,24.28324603526582,2,Small,1,Grocery,DIST_W_01,Moderate
OUT_03356,2025-01,75.52434504641535,2,Small,1,Grocery,DIST_W_01,Moderate
OUT_03356,2025-03,70.09509688494303,1,Small,1,Grocery,DIST_W_01,Moderate
OUT_03356,2025-05,13.70522814773024,3,Small,1,Grocery,DIST_W_01,Un-Favorable
OUT_03356,2025-07,18.604581404501666,1,Small,1,Grocery,DIST_W_01,Moderate
OUT_03356,2025-08,65.25692900505632,1,Small,1,Grocery,DIST_W_01,Moderate
OUT_03356,2025-11,17.49426792806561,1,Small,1,Grocery,DIST_W_01,Moderate
OUT_03356,2025-12,15.43638478688434,2,Small,1,Grocery,DIST_W_01,Favorable
OUT_03373,2023-01,231.86673805248216,3,Medium,2,Bakery,DIST_W_03,Moderate
OUT_03373,2023-02,247.89503565646143,3,Medium,2,Bakery,DIST_W_03,Moderate
OUT_03373,2023-04,289.7707768241856,4,Medium,2,Bakery,DIST_W_03,Favorable
OUT_03373,2023-05,11.758931319763883,4,Medium,2,Bakery,DIST_W_03,Un-Favorable
OUT_03373,2023-06,129.93491646942726,1,Medium,2,Bakery,DIST_W_03,Un-Favorable
OUT_03373,2023-07,183.73120154986177,1,Medium,2,Bakery,DIST_W_03,Moderate
OUT_03373,2023-08,158.72891881177048,2,Medium,2,Bakery,DIST_W_03,Moderate
OUT_03373,2023-09,187.17528754499804,2,Medium,2,Bakery,DIST_W_03,Moderate
OUT_03373,2023-10,53.38029214510561,1,Medium,2,Bakery,DIST_W_03,Moderate
OUT_03373,2023-11,67.71465331064314,1,Medium,2,Bakery,DIST_W_03,Moderate
OUT_03373,2023-12,220.8850358901314,2,Medium,2,Bakery,DIST_W_03,Favorable
OUT_03373,2024-01,178.61191176925337,2,Medium,2,Bakery,DIST_W_03,Moderate
OUT_03373,2024-03,230.7261660458812,3,Medium,2,Bakery,DIST_W_03,Moderate
OUT_03373,2024-04,311.21367446989007,7,Medium,2,Bakery,DIST_W_03,Favorable
OUT_03373,2024-05,128.5109710782459,3,Medium,2,Bakery,DIST_W_03,Un-Favorable
OUT_03373,2024-07,200.14026904091872,1,Medium,2,Bakery,DIST_W_03,Moderate
OUT_03373,2024-09,66.06437438437908,2,Medium,2,Bakery,DIST_W_03,Moderate
OUT_03373,2024-10,72.834844083761,2,Medium,2,Bakery,DIST_W_03,Moderate
OUT_03373,2024-11,76.83150372330104,1,Medium,2,Bakery,DIST_W_03,Moderate
OUT_03373,2025-01,169.2458054269761,2,Medium,2,Bakery,DIST_W_03,Moderate
OUT_03373,2025-02,51.774119608679946,2,Medium,2,Bakery,DIST_W_03,Moderate
OUT_03373,2025-03,174.87008305743123,1,Medium,2,Bakery,DIST_W_03,Moderate
OUT_03373,2025-04,179.10565327553405,5,Medium,2,Bakery,DIST_W_03,Favorable
OUT_03373,2025-05,152.77437914203304,3,Medium,2,Bakery,DIST_W_03,Un-Favorable
OUT_03373,2025-06,50.39790411809349,1,Medium,2,Bakery,DIST_W_03,Un-Favorable
OUT_03373,2025-07,233.3731335692572,1,Medium,2,Bakery,DIST_W_03,Moderate
OUT_03373,2025-08,106.28354642122947,1,Medium,2,Bakery,DIST_W_03,Moderate
OUT_03373,2025-09,212.89843718868093,2,Medium,2,Bakery,DIST_W_03,Moderate
OUT_03373,2025-11,173.6695643673085,1,Medium,2,Bakery,DIST_W_03,Moderate
OUT_03373,2025-12,153.6239650005172,2,Medium,2,Bakery,DIST_W_03,Favorable
OUT_03386,2023-01,17.218227354458605,3,small,1,Bakery,DIST_W_02,Moderate
OUT_03386,2023-03,8.28058495404081,1,small,1,Bakery,DIST_W_02,Moderate
OUT_03386,2023-04,44.29545343508242,4,small,1,Bakery,DIST_W_02,Favorable
OUT_03386,2023-06,26.999152226147,1,small,1,Bakery,DIST_W_02,Un-Favorable
OUT_03386,2023-09,102.19897587242768,2,small,1,Bakery,DIST_W_02,Moderate
OUT_03386,2023-12,108.6737136629351,2,small,1,Bakery,DIST_W_02,Favorable
OUT_03386,2024-01,11.017892778064924,2,small,1,Bakery,DIST_W_02,Moderate
OUT_03386,2024-02,25.452331775684243,3,small,1,Bakery,DIST_W_02,Moderate
OUT_03386,2024-03,6.60337066393315,3,small,1,Bakery,DIST_W_02,Moderate
OUT_03386,2024-04,31.34512480964352,7,small,1,Bakery,DIST_W_02,Favorable
OUT_03386,2024-07,14.88418928390439,1,small,1,Bakery,DIST_W_02,Moderate
OUT_03386,2024-09,16.95109830536673,2,small,1,Bakery,DIST_W_02,Moderate
OUT_03386,2024-10,8.466608173335121,2,small,1,Bakery,DIST_W_02,Moderate
OUT_03386,2024-11,77.4129469553823,1,small,1,Bakery,DIST_W_02,Moderate
OUT_03386,2024-12,35.40723551230079,2,small,1,Bakery,DIST_W_02,Favorable
OUT_03386,2025-01,72.5502812683682,2,small,1,Bakery,DIST_W_02,Moderate
OUT_03386,2025-02,19.065506817127467,2,small,1,Bakery,DIST_W_02,Moderate
OUT_03386,2025-03,5.889711532411871,1,small,1,Bakery,DIST_W_02,Moderate
OUT_03386,2025-04,28.65967492313136,5,small,1,Bakery,DIST_W_02,Favorable
OUT_03386,2025-05,16.13194920399625,3,small,1,Bakery,DIST_W_02,Un-Favorable
OUT_03386,2025-06,54.53072578807911,1,small,1,Bakery,DIST_W_02,Un-Favorable
OUT_03386,2025-08,84.7950911818091,1,small,1,Bakery,DIST_W_02,Moderate
OUT_03386,2025-09,15.18949576454975,2,small,1,Bakery,DIST_W_02,Moderate
OUT_03386,2025-11,21.684976231313204,1,small,1,Bakery,DIST_W_02,Moderate
OUT_03386,2025-12,155.1083119061439,2,small,1,Bakery,DIST_W_02,Favorable
OUT_03390,2023-03,10.336397060174978,1,Small,0,SMMT,DIST_W_03,Moderate
OUT_03390,2023-05,59.19363586430619,4,Small,0,SMMT,DIST_W_03,Un-Favorable
OUT_03390,2023-06,18.586926547552203,1,Small,0,SMMT,DIST_W_03,Un-Favorable
OUT_03390,2023-09,19.00044981538131,2,Small,0,SMMT,DIST_W_03,Moderate
OUT_03390,2023-10,67.69773861363635,1,Small,0,SMMT,DIST_W_03,Moderate
OUT_03390,2023-11,11.112853925994433,1,Small,0,SMMT,DIST_W_03,Moderate
OUT_03390,2024-02,90.23151396186768,3,Small,0,SMMT,DIST_W_03,Moderate
OUT_03390,2024-03,31.88939656528965,3,Small,0,SMMT,DIST_W_03,Moderate
OUT_03390,2024-05,67.71433996789085,3,Small,0,SMMT,DIST_W_03,Un-Favorable
OUT_03390,2024-11,15.543302035159964,1,Small,0,SMMT,DIST_W_03,Moderate
OUT_03390,2025-01,49.0989562816348,2,Small,0,SMMT,DIST_W_03,Moderate
OUT_03390,2025-03,33.72216459041353,1,Small,0,SMMT,DIST_W_03,Moderate
OUT_03390,2025-06,45.259283646271285,1,Small,0,SMMT,DIST_W_03,Un-Favorable
OUT_03390,2025-07,97.19691598715028,1,Small,0,SMMT,DIST_W_03,Moderate
OUT_03390,2025-08,18.30693458492117,1,Small,0,SMMT,DIST_W_03,Moderate
OUT_03390,2025-09,84.40760423044559,2,Small,0,SMMT,DIST_W_03,Moderate
OUT_03390,2025-11,87.5725921265713,1,Small,0,SMMT,DIST_W_03,Moderate
OUT_03390,2025-12,9.068130000003842,2,Small,0,SMMT,DIST_W_03,Favorable
OUT_03435,2023-03,30.996017427818423,1,Small,0,Kiosk,DIST_W_01,Moderate
OUT_03435,2023-07,26.89655655241774,1,Small,0,Kiosk,DIST_W_01,Moderate
OUT_03435,2023-08,80.28203398975742,2,Small,0,Kiosk,DIST_W_01,Moderate
OUT_03435,2024-02,78.38610956615474,3,Small,0,Kiosk,DIST_W_01,Moderate
OUT_03435,2024-03,15.511980809649287,3,Small,0,Kiosk,DIST_W_01,Moderate
OUT_03435,2024-06,5.799350407002887,2,Small,0,Kiosk,DIST_W_01,Un-Favorable
OUT_03435,2024-07,7.259378443946424,1,Small,0,Kiosk,DIST_W_01,Moderate
OUT_03435,2024-09,76.01200839366425,2,Small,0,Kiosk,DIST_W_01,Moderate
OUT_03435,2024-12,59.5860587901285,2,Small,0,Kiosk,DIST_W_01,Favorable
OUT_03435,2025-03,26.98565135108097,1,Small,0,Kiosk,DIST_W_01,Moderate
OUT_03435,2025-04,161.83291879379053,5,Small,0,Kiosk,DIST_W_01,Favorable
OUT_03435,2025-06,22.536653954143684,1,Small,0,Kiosk,DIST_W_01,Un-Favorable
OUT_03435,2025-08,81.33203242446524,1,Small,0,Kiosk,DIST_W_01,Moderate
OUT_03435,2025-12,83.8539867924774,2,Small,0,Kiosk,DIST_W_01,Favorable
OUT_03454,2023-01,10.999649773016593,3,Small,0,Bakery,DIST_W_03,Moderate
OUT_03454,2023-05,7.003804655732441,4,Small,0,Bakery,DIST_W_03,Un-Favorable
OUT_03454,2023-11,63.56298237128257,1,Small,0,Bakery,DIST_W_03,Moderate
OUT_03454,2024-01,17.799210631198655,2,Small,0,Bakery,DIST_W_03,Moderate
OUT_03454,2024-04,16.408574606112328,7,Small,0,Bakery,DIST_W_03,Favorable
OUT_03454,2024-05,37.22130384429127,3,Small,0,Bakery,DIST_W_03,Un-Favorable
OUT_03454,2025-02,98.23797033770876,2,Small,0,Bakery,DIST_W_03,Moderate
OUT_03454,2025-03,17.89504219389878,1,Small,0,Bakery,DIST_W_03,Moderate
OUT_03454,2025-07,41.59463879601357,1,Small,0,Bakery,DIST_W_03,Moderate
OUT_03454,2025-11,59.87895444448232,1,Small,0,Bakery,DIST_W_03,Moderate
OUT_03454,2025-12,173.97585774334925,2,Small,0,Bakery,DIST_W_03,Favorable
OUT_03486,2023-01,38.69076109871699,3,Small,0,Kiosk,DIST_W_02,Moderate
OUT_03486,2023-03,51.48464008908685,1,Small,0,Kiosk,DIST_W_02,Moderate
OUT_03486,2023-04,86.08941486202619,4,Small,0,Kiosk,DIST_W_02,Favorable
OUT_03486,2023-07,77.54661475129033,1,Small,0,Kiosk,DIST_W_02,Moderate
OUT_03486,2023-09,12.8125722174058,2,Small,0,Kiosk,DIST_W_02,Moderate
OUT_03486,2023-10,74.21108299901653,1,Small,0,Kiosk,DIST_W_02,Moderate
OUT_03486,2023-11,73.8490290650815,1,Small,0,Kiosk,DIST_W_02,Moderate
OUT_03486,2024-02,70.63408408169549,3,Small,0,Kiosk,DIST_W_02,Moderate
OUT_03486,2024-07,57.75765190228836,1,Small,0,Kiosk,DIST_W_02,Moderate
OUT_03486,2024-09,66.66828407522317,2,Small,0,Kiosk,DIST_W_02,Moderate
OUT_03486,2024-10,89.99690395062763,2,Small,0,Kiosk,DIST_W_02,Moderate
OUT_03486,2024-11,87.2008779172328,1,Small,0,Kiosk,DIST_W_02,Moderate
OUT_03486,2025-04,151.14470583314886,5,Small,0,Kiosk,DIST_W_02,Favorable
OUT_03486,2025-07,62.16005128254309,1,Small,0,Kiosk,DIST_W_02,Moderate
OUT_03486,2025-09,24.1275405373575,2,Small,0,Kiosk,DIST_W_02,Moderate
OUT_03486,2025-10,71.5601339955358,1,Small,0,Kiosk,DIST_W_02,Moderate
OUT_03486,2025-11,45.57124002580864,1,Small,0,Kiosk,DIST_W_02,Moderate
OUT_03498,2023-01,124.94550389120724,3,Medium,1,Grocery,DIST_W_03,Moderate
OUT_03498,2023-02,145.44935848017786,3,Medium,1,Grocery,DIST_W_03,Moderate
OUT_03498,2023-05,121.1274232260007,4,Medium,1,Grocery,DIST_W_03,Un-Favorable
OUT_03498,2023-07,76.77775499059254,1,Medium,1,Grocery,DIST_W_03,Moderate
OUT_03498,2023-08,72.27042409957099,2,Medium,1,Grocery,DIST_W_03,Moderate
OUT_03498,2023-10,193.9109554733844,1,Medium,1,Grocery,DIST_W_03,Moderate
OUT_03498,2023-11,155.06143785463598,1,Medium,1,Grocery,DIST_W_03,Moderate
OUT_03498,2024-01,140.80780030277342,2,Medium,1,Grocery,DIST_W_03,Moderate
OUT_03498,2024-02,192.23859777395668,3,Medium,1,Grocery,DIST_W_03,Moderate
OUT_03498,2024-03,99.2967938431879,3,Medium,1,Grocery,DIST_W_03,Moderate
OUT_03498,2024-04,91.29466591409654,7,Medium,1,Grocery,DIST_W_03,Favorable
OUT_03498,2024-06,70.48498096932575,2,Medium,1,Grocery,DIST_W_03,Un-Favorable
OUT_03498,2024-07,20.269805908269973,1,Medium,1,Grocery,DIST_W_03,Moderate
OUT_03498,2024-08,171.7067395193028,1,Medium,1,Grocery,DIST_W_03,Moderate
OUT_03498,2024-09,56.71348219430051,2,Medium,1,Grocery,DIST_W_03,Moderate
OUT_03498,2024-10,109.30717640075224,2,Medium,1,Grocery,DIST_W_03,Moderate
OUT_03498,2024-11,168.5662899824346,1,Medium,1,Grocery,DIST_W_03,Moderate
OUT_03498,2025-01,74.38577618717328,2,Medium,1,Grocery,DIST_W_03,Moderate
OUT_03498,2025-02,203.8855687777917,2,Medium,1,Grocery,DIST_W_03,Moderate
OUT_03498,2025-03,72.58301275241907,1,Medium,1,Grocery,DIST_W_03,Moderate
OUT_03498,2025-05,73.39371899162383,3,Medium,1,Grocery,DIST_W_03,Un-Favorable
OUT_03498,2025-09,182.5999203028919,2,Medium,1,Grocery,DIST_W_03,Moderate
OUT_03498,2025-11,152.475113720935,1,Medium,1,Grocery,DIST_W_03,Moderate
OUT_03500,2023-01,16.225348057066117,3,Small,1,Hotel,DIST_W_03,Moderate
OUT_03500,2023-04,37.87002554983574,4,Small,1,Hotel,DIST_W_03,Favorable
OUT_03500,2023-07,73.79589981126713,1,Small,1,Hotel,DIST_W_03,Moderate
OUT_03500,2023-08,7.682988979172916,2,Small,1,Hotel,DIST_W_03,Moderate
OUT_03500,2023-09,6.455635677338489,2,Small,1,Hotel,DIST_W_03,Moderate
OUT_03500,2023-10,77.22616128466358,1,Small,1,Hotel,DIST_W_03,Moderate
OUT_03500,2023-12,114.52890489791297,2,Small,1,Hotel,DIST_W_03,Favorable
OUT_03500,2024-04,105.41627705207765,7,Small,1,Hotel,DIST_W_03,Favorable
OUT_03500,2024-05,17.135365312691544,3,Small,1,Hotel,DIST_W_03,Un-Favorable
OUT_03500,2024-11,37.52471383961537,1,Small,1,Hotel,DIST_W_03,Moderate
OUT_03500,2025-01,57.28311123007085,2,Small,1,Hotel,DIST_W_03,Moderate
OUT_03500,2025-02,14.218459016525689,2,Small,1,Hotel,DIST_W_03,Moderate
OUT_03500,2025-03,10.419760443650084,1,Small,1,Hotel,DIST_W_03,Moderate
OUT_03500,2025-08,107.82080107577691,1,Small,1,Hotel,DIST_W_03,Moderate
OUT_03500,2025-09,17.361896388029194,2,Small,1,Hotel,DIST_W_03,Moderate
OUT_03500,2025-10,24.392452360336165,1,Small,1,Hotel,DIST_W_03,Moderate
OUT_03500,2025-11,27.54459580227799,1,Small,1,Hotel,DIST_W_03,Moderate
OUT_03515,2023-03,38.40806862572147,1,Small,1,Pharmacy,DIST_W_02,Moderate
OUT_03515,2023-04,4.522088294698148,4,Small,1,Pharmacy,DIST_W_02,Favorable
OUT_03515,2023-05,15.64872953849122,4,Small,1,Pharmacy,DIST_W_02,Un-Favorable
OUT_03515,2023-09,10.656499085980688,2,Small,1,Pharmacy,DIST_W_02,Moderate
OUT_03515,2023-11,19.494140178353742,1,Small,1,Pharmacy,DIST_W_02,Moderate
OUT_03515,2024-01,22.46071834115235,2,Small,1,Pharmacy,DIST_W_02,Moderate
OUT_03515,2024-02,13.638932434680363,3,Small,1,Pharmacy,DIST_W_02,Moderate
OUT_03515,2024-05,47.57617261458857,3,Small,1,Pharmacy,DIST_W_02,Un-Favorable
OUT_03515,2024-07,14.909728753062724,1,Small,1,Pharmacy,DIST_W_02,Moderate
OUT_03515,2024-11,89.8515750658455,1,Small,1,Pharmacy,DIST_W_02,Moderate
OUT_03515,2024-12,-59.23441708723308,2,Small,1,Pharmacy,DIST_W_02,Favorable
OUT_03515,2025-01,18.80461178938051,2,Small,1,Pharmacy,DIST_W_02,Moderate
OUT_03515,2025-03,4.772763439080382,1,Small,1,Pharmacy,DIST_W_02,Moderate
OUT_03515,2025-04,29.946842450864978,5,Small,1,Pharmacy,DIST_W_02,Favorable
OUT_03515,2025-05,9.264366421363196,3,Small,1,Pharmacy,DIST_W_02,Un-Favorable
OUT_03515,2025-06,15.837535370906366,1,Small,1,Pharmacy,DIST_W_02,Un-Favorable
OUT_03515,2025-08,32.89252273733798,1,Small,1,Pharmacy,DIST_W_02,Moderate
OUT_03515,2025-09,23.601643795293352,2,Small,1,Pharmacy,DIST_W_02,Moderate
OUT_03515,2025-10,18.871752745935137,1,Small,1,Pharmacy,DIST_W_02,Moderate
OUT_03515,2025-11,101.62911337524552,1,Small,1,Pharmacy,DIST_W_02,Moderate
OUT_03515,2025-12,111.19603818589188,2,Small,1,Pharmacy,DIST_W_02,Favorable
OUT_03556,2023-01,1389.9419480065958,3,Extra Large,2,Hotel,DIST_W_03,Moderate
OUT_03556,2023-02,1316.6105973670296,3,Extra Large,2,Hotel,DIST_W_03,Moderate
OUT_03556,2023-03,1365.8525943983157,1,Extra Large,2,Hotel,DIST_W_03,Moderate
OUT_03556,2023-04,2020.2408706905928,4,Extra Large,2,Hotel,DIST_W_03,Favorable
OUT_03556,2023-05,838.9069860960276,4,Extra Large,2,Hotel,DIST_W_03,Un-Favorable
OUT_03556,2023-06,954.2913604623652,1,Extra Large,2,Hotel,DIST_W_03,Un-Favorable
OUT_03556,2023-07,1306.349344903051,1,Extra Large,2,Hotel,DIST_W_03,Moderate
OUT_03556,2023-08,1194.883155282111,2,Extra Large,2,Hotel,DIST_W_03,Moderate
OUT_03556,2023-09,1241.3220672323223,2,Extra Large,2,Hotel,DIST_W_03,Moderate
OUT_03556,2023-10,1298.9941632381338,1,Extra Large,2,Hotel,DIST_W_03,Moderate
OUT_03556,2023-11,1305.4420964361775,1,Extra Large,2,Hotel,DIST_W_03,Moderate
OUT_03556,2023-12,1994.895340623955,2,Extra Large,2,Hotel,DIST_W_03,Favorable
OUT_03556,2024-01,1235.2456159320527,2,Extra Large,2,Hotel,DIST_W_03,Moderate
OUT_03556,2024-03,1349.3475997040464,3,Extra Large,2,Hotel,DIST_W_03,Moderate
OUT_03556,2024-04,1687.8677880266823,7,Extra Large,2,Hotel,DIST_W_03,Favorable
OUT_03556,2024-05,754.4782777847822,3,Extra Large,2,Hotel,DIST_W_03,Un-Favorable
OUT_03556,2024-06,796.2949691117296,2,Extra Large,2,Hotel,DIST_W_03,Un-Favorable
OUT_03556,2024-07,1291.2979806130654,1,Extra Large,2,Hotel,DIST_W_03,Moderate
OUT_03556,2024-08,1257.7171024661793,1,Extra Large,2,Hotel,DIST_W_03,Moderate
OUT_03556,2024-09,1266.2993657396858,2,Extra Large,2,Hotel,DIST_W_03,Moderate
OUT_03556,2024-10,1342.5130361782094,2,Extra Large,2,Hotel,DIST_W_03,Moderate
OUT_03556,2024-11,1180.6024142191145,1,Extra Large,2,Hotel,DIST_W_03,Moderate
OUT_03556,2024-12,1951.958885157189,2,Extra Large,2,Hotel,DIST_W_03,Favorable
OUT_03556,2025-01,1262.1917731162905,2,Extra Large,2,Hotel,DIST_W_03,Moderate
OUT_03556,2025-02,1306.0601029616207,2,Extra Large,2,Hotel,DIST_W_03,Moderate
OUT_03556,2025-03,1207.915220457296,1,Extra Large,2,Hotel,DIST_W_03,Moderate
OUT_03556,2025-05,770.4467685027151,3,Extra Large,2,Hotel,DIST_W_03,Un-Favorable
OUT_03556,2025-06,831.0268859842308,1,Extra Large,2,Hotel,DIST_W_03,Un-Favorable
OUT_03556,2025-07,1256.3551487459183,1,Extra Large,2,Hotel,DIST_W_03,Moderate
OUT_03556,2025-08,1366.824485728772,1,Extra Large,2,Hotel,DIST_W_03,Moderate
OUT_03556,2025-09,1355.9508781244815,2,Extra Large,2,Hotel,DIST_W_03,Moderate
OUT_03556,2025-10,1430.2438192578811,1,Extra Large,2,Hotel,DIST_W_03,Moderate
OUT_03556,2025-11,1199.3122879269654,1,Extra Large,2,Hotel,DIST_W_03,Moderate
OUT_03556,2025-12,1692.949930529049,2,Extra Large,2,Hotel,DIST_W_03,Favorable
OUT_03577,2023-01,1252.2499056087254,3,Extra Large,3,Eatery,DIST_W_02,Moderate
OUT_03577,2023-02,1341.878857377048,3,Extra Large,3,Eatery,DIST_W_02,Moderate
OUT_03577,2023-03,1324.8492023861836,1,Extra Large,3,Eatery,DIST_W_02,Moderate
OUT_03577,2023-04,1876.5472039640024,4,Extra Large,3,Eatery,DIST_W_02,Favorable
OUT_03577,2023-05,888.5420807872049,4,Extra Large,3,Eatery,DIST_W_02,Un-Favorable
OUT_03577,2023-06,833.1711363905262,1,Extra Large,3,Eatery,DIST_W_02,Un-Favorable
OUT_03577,2023-07,1328.6987107899145,1,Extra Large,3,Eatery,DIST_W_02,Moderate
OUT_03577,2023-08,1356.0948191114487,2,Extra Large,3,Eatery,DIST_W_02,Moderate
OUT_03577,2023-09,1321.5719513836557,2,Extra Large,3,Eatery,DIST_W_02,Moderate
OUT_03577,2023-10,1266.230907326311,1,Extra Large,3,Eatery,DIST_W_02,Moderate
OUT_03577,2023-11,1265.232206543917,1,Extra Large,3,Eatery,DIST_W_02,Moderate
OUT_03577,2023-12,2082.7251690150733,2,Extra Large,3,Eatery,DIST_W_02,Favorable
OUT_03577,2024-01,1318.7482521345778,2,Extra Large,3,Eatery,DIST_W_02,Moderate
OUT_03577,2024-03,1298.3547097920873,3,Extra Large,3,Eatery,DIST_W_02,Moderate
OUT_03577,2024-04,1910.6407364510728,7,Extra Large,3,Eatery,DIST_W_02,Favorable
OUT_03577,2024-05,859.7478246650134,3,Extra Large,3,Eatery,DIST_W_02,Un-Favorable
OUT_03577,2024-06,852.0854530844974,2,Extra Large,3,Eatery,DIST_W_02,Un-Favorable
OUT_03577,2024-07,1385.8916487010945,1,Extra Large,3,Eatery,DIST_W_02,Moderate
OUT_03577,2024-08,1361.0826443810188,1,Extra Large,3,Eatery,DIST_W_02,Moderate
OUT_03577,2024-09,1310.6500320757282,2,Extra Large,3,Eatery,DIST_W_02,Moderate
OUT_03577,2024-10,1265.6206978683413,2,Extra Large,3,Eatery,DIST_W_02,Moderate
OUT_03577,2024-11,1287.7370523165723,1,Extra Large,3,Eatery,DIST_W_02,Moderate
OUT_03577,2024-12,1850.3852475431936,2,Extra Large,3,Eatery,DIST_W_02,Favorable
OUT_03577,2025-01,1279.637650348013,2,Extra Large,3,Eatery,DIST_W_02,Moderate
OUT_03577,2025-02,1362.4410810772506,2,Extra Large,3,Eatery,DIST_W_02,Moderate
OUT_03577,2025-03,1254.958521243393,1,Extra Large,3,Eatery,DIST_W_02,Moderate
OUT_03577,2025-04,1932.572656645692,5,Extra Large,3,Eatery,DIST_W_02,Favorable
OUT_03577,2025-05,909.154728734386,3,Extra Large,3,Eatery,DIST_W_02,Un-Favorable
OUT_03577,2025-06,860.9443495405335,1,Extra Large,3,Eatery,DIST_W_02,Un-Favorable
OUT_03577,2025-07,1298.8334265895342,1,Extra Large,3,Eatery,DIST_W_02,Moderate
OUT_03577,2025-08,1260.799793743377,1,Extra Large,3,Eatery,DIST_W_02,Moderate
OUT_03577,2025-09,1220.3551703998114,2,Extra Large,3,Eatery,DIST_W_02,Moderate
OUT_03577,2025-10,1313.703445603736,1,Extra Large,3,Eatery,DIST_W_02,Moderate
OUT_03577,2025-11,1296.535231754427,1,Extra Large,3,Eatery,DIST_W_02,Moderate
OUT_03577,2025-12,1804.9337704742325,2,Extra Large,3,Eatery,DIST_W_02,Favorable
OUT_03580,2023-03,20.505869073462136,1,Small,0,Grocery,DIST_W_01,Moderate
OUT_03580,2023-04,28.69996425121697,4,Small,0,Grocery,DIST_W_01,Favorable
OUT_03580,2023-05,21.18433412784898,4,Small,0,Grocery,DIST_W_01,Un-Favorable
OUT_03580,2023-06,49.94836130884055,1,Small,0,Grocery,DIST_W_01,Un-Favorable
OUT_03580,2023-09,19.84924561138068,2,Small,0,Grocery,DIST_W_01,Moderate
OUT_03580,2023-10,38.97708444289929,1,Small,0,Grocery,DIST_W_01,Moderate
OUT_03580,2023-11,33.46854806042847,1,Small,0,Grocery,DIST_W_01,Moderate
OUT_03580,2023-12,59.45806823769295,2,Small,0,Grocery,DIST_W_01,Favorable
OUT_03580,2024-01,27.26279736202208,2,Small,0,Grocery,DIST_W_01,Moderate
OUT_03580,2024-03,19.2887226023172,3,Small,0,Grocery,DIST_W_01,Moderate
OUT_03580,2024-06,9.121712183069684,2,Small,0,Grocery,DIST_W_01,Un-Favorable
OUT_03580,2024-08,105.72390663814616,1,Small,0,Grocery,DIST_W_01,Moderate
OUT_03580,2024-09,6.030075545797097,2,Small,0,Grocery,DIST_W_01,Moderate
OUT_03580,2024-11,21.75351097674649,1,Small,0,Grocery,DIST_W_01,Moderate
OUT_03580,2025-01,31.45712864447818,2,Small,0,Grocery,DIST_W_01,Moderate
OUT_03580,2025-04,12.540155755171032,5,Small,0,Grocery,DIST_W_01,Favorable
OUT_03580,2025-05,17.464750314913264,3,Small,0,Grocery,DIST_W_01,Un-Favorable
OUT_03580,2025-08,31.50548321462432,1,Small,0,Grocery,DIST_W_01,Moderate
OUT_03580,2025-09,38.50531347527747,2,Small,0,Grocery,DIST_W_01,Moderate
OUT_03580,2025-10,85.96783264550453,1,Small,0,Grocery,DIST_W_01,Moderate
OUT_03592,2023-01,11.165643194938356,3,Small,0,Bakery,DIST_W_02,Moderate
OUT_03592,2023-04,34.18514714264762,4,Small,0,Bakery,DIST_W_02,Favorable
OUT_03592,2023-06,18.753010316856624,1,Small,0,Bakery,DIST_W_02,Un-Favorable
OUT_03592,2023-07,10.837870381323082,1,Small,0,Bakery,DIST_W_02,Moderate
OUT_03592,2023-09,15.826157030090531,2,Small,0,Bakery,DIST_W_02,Moderate
OUT_03592,2023-11,73.65598179388434,1,Small,0,Bakery,DIST_W_02,Moderate
OUT_03592,2023-12,47.339302426129024,2,Small,0,Bakery,DIST_W_02,Favorable
OUT_03592,2024-01,77.84689445918016,2,Small,0,Bakery,DIST_W_02,Moderate
OUT_03592,2024-02,24.21505977305714,3,Small,0,Bakery,DIST_W_02,Moderate
OUT_03592,2024-08,40.2124966314402,1,Small,0,Bakery,DIST_W_02,Moderate
OUT_03592,2024-11,10.476385391363204,1,Small,0,Bakery,DIST_W_02,Moderate
OUT_03592,2025-01,70.7027024188846,2,Small,0,Bakery,DIST_W_02,Moderate
OUT_03592,2025-03,33.59921115084632,1,Small,0,Bakery,DIST_W_02,Moderate
OUT_03592,2025-10,13.02507264691273,1,Small,0,Bakery,DIST_W_02,Moderate
OUT_03592,2025-11,14.965296244853686,1,Small,0,Bakery,DIST_W_02,Moderate
OUT_03592,2025-12,120.33220723572336,2,Small,0,Bakery,DIST_W_02,Favorable
OUT_03610,2023-02,19.04742532124552,3,Small,0,Kiosk,DIST_W_02,Moderate
OUT_03610,2023-03,76.19649449624194,1,Small,0,Kiosk,DIST_W_02,Moderate
OUT_03610,2023-04,25.830328524872588,4,Small,0,Kiosk,DIST_W_02,Favorable
OUT_03610,2023-05,15.83719579410895,4,Small,0,Kiosk,DIST_W_02,Un-Favorable
OUT_03610,2023-06,45.07765481609902,1,Small,0,Kiosk,DIST_W_02,Un-Favorable
OUT_03610,2023-07,12.622403458835445,1,Small,0,Kiosk,DIST_W_02,Moderate
OUT_03610,2023-09,15.640510786871973,2,Small,0,Kiosk,DIST_W_02,Moderate
OUT_03610,2023-10,68.49644972068401,1,Small,0,Kiosk,DIST_W_02,Moderate
OUT_03610,2023-11,35.988304218536044,1,Small,0,Kiosk,DIST_W_02,Moderate
OUT_03610,2023-12,117.3246868331673,2,Small,0,Kiosk,DIST_W_02,Favorable
OUT_03610,2024-01,8.98463602622876,2,Small,0,Kiosk,DIST_W_02,Moderate
OUT_03610,2024-03,26.434348720873288,3,Small,0,Kiosk,DIST_W_02,Moderate
OUT_03610,2024-04,27.77834902444019,7,Small,0,Kiosk,DIST_W_02,Favorable
OUT_03610,2024-05,18.38376661202924,3,Small,0,Kiosk,DIST_W_02,Un-Favorable
OUT_03610,2024-06,2.7064423150142787,2,Small,0,Kiosk,DIST_W_02,Un-Favorable
OUT_03610,2024-08,31.6300712728107,1,Small,0,Kiosk,DIST_W_02,Moderate
OUT_03610,2024-09,22.82730522893528,2,Small,0,Kiosk,DIST_W_02,Moderate
OUT_03610,2024-10,32.247784309964075,2,Small,0,Kiosk,DIST_W_02,Moderate
OUT_03610,2024-12,15.098006037065431,2,Small,0,Kiosk,DIST_W_02,Favorable
OUT_03610,2025-03,70.14067715083071,1,Small,0,Kiosk,DIST_W_02,Moderate
OUT_03610,2025-04,56.71727469734911,5,Small,0,Kiosk,DIST_W_02,Favorable
OUT_03610,2025-06,23.23080018732928,1,Small,0,Kiosk,DIST_W_02,Un-Favorable
OUT_03610,2025-08,18.5325416202156,1,Small,0,Kiosk,DIST_W_02,Moderate
OUT_03610,2025-09,68.8123021136008,2,Small,0,Kiosk,DIST_W_02,Moderate
OUT_03610,2025-12,42.48183360346871,2,Small,0,Kiosk,DIST_W_02,Favorable
OUT_03643,2023-02,211.5837171166613,3,Medium,2,Grocery,DIST_W_03,Moderate
OUT_03643,2023-03,80.30910940656568,1,Medium,2,Grocery,DIST_W_03,Moderate
OUT_03643,2023-06,136.3942262413482,1,Medium,2,Grocery,DIST_W_03,Un-Favorable
OUT_03643,2023-07,113.4266402916916,1,Medium,2,Grocery,DIST_W_03,Moderate
OUT_03643,2023-09,165.07670114107162,2,Medium,2,Grocery,DIST_W_03,Moderate
OUT_03643,2023-11,74.60290695203594,1,Medium,2,Grocery,DIST_W_03,Moderate
OUT_03643,2023-12,216.20502568593216,2,Medium,2,Grocery,DIST_W_03,Favorable
OUT_03643,2024-01,247.9968698755408,2,Medium,2,Grocery,DIST_W_03,Moderate
OUT_03643,2024-02,214.50093240385488,3,Medium,2,Grocery,DIST_W_03,Moderate
OUT_03643,2024-03,145.29503143984664,3,Medium,2,Grocery,DIST_W_03,Moderate
OUT_03643,2024-04,374.7928905880823,7,Medium,2,Grocery,DIST_W_03,Favorable
OUT_03643,2024-05,31.96600464876297,3,Medium,2,Grocery,DIST_W_03,Un-Favorable
OUT_03643,2024-07,210.7836587422728,1,Medium,2,Grocery,DIST_W_03,Moderate
OUT_03643,2024-08,199.95214370397483,1,Medium,2,Grocery,DIST_W_03,Moderate
OUT_03643,2024-10,80.92235101440201,2,Medium,2,Grocery,DIST_W_03,Moderate
OUT_03643,2024-11,235.59209229631844,1,Medium,2,Grocery,DIST_W_03,Moderate
OUT_03643,2024-12,353.6778281115858,2,Medium,2,Grocery,DIST_W_03,Favorable
OUT_03643,2025-01,163.32941226927028,2,Medium,2,Grocery,DIST_W_03,Moderate
OUT_03643,2025-02,57.72164417224634,2,Medium,2,Grocery,DIST_W_03,Moderate
OUT_03643,2025-06,157.95249963621376,1,Medium,2,Grocery,DIST_W_03,Un-Favorable
OUT_03643,2025-07,205.62606407459464,1,Medium,2,Grocery,DIST_W_03,Moderate
OUT_03643,2025-08,46.29036918836563,1,Medium,2,Grocery,DIST_W_03,Moderate
OUT_03643,2025-11,183.2681130665644,1,Medium,2,Grocery,DIST_W_03,Moderate
OUT_03643,2025-12,239.99567090747863,2,Medium,2,Grocery,DIST_W_03,Favorable
OUT_03678,2023-01,65.2728977822446,3,Medium,2,SMMT,DIST_W_02,Moderate
OUT_03678,2023-03,80.25722646018536,1,Medium,2,SMMT,DIST_W_02,Moderate
OUT_03678,2023-04,89.80199352354748,4,Medium,2,SMMT,DIST_W_02,Favorable
OUT_03678,2023-05,24.50043461658796,4,Medium,2,SMMT,DIST_W_02,Un-Favorable
OUT_03678,2023-06,66.75285555633015,1,Medium,2,SMMT,DIST_W_02,Un-Favorable
OUT_03678,2023-07,136.31872443065703,1,Medium,2,SMMT,DIST_W_02,Moderate
OUT_03678,2023-08,211.6955394707425,2,Medium,2,SMMT,DIST_W_02,Moderate
OUT_03678,2023-09,44.73251946560315,2,Medium,2,SMMT,DIST_W_02,Moderate
OUT_03678,2023-10,90.9589991303808,1,Medium,2,SMMT,DIST_W_02,Moderate
OUT_03678,2023-12,82.42036050835137,2,Medium,2,SMMT,DIST_W_02,Favorable
OUT_03678,2024-01,151.4294604310929,2,Medium,2,SMMT,DIST_W_02,Moderate
OUT_03678,2024-05,61.76687094023798,3,Medium,2,SMMT,DIST_W_02,Un-Favorable
OUT_03678,2024-06,66.86891997473884,2,Medium,2,SMMT,DIST_W_02,Un-Favorable
OUT_03678,2024-07,228.41749057885653,1,Medium,2,SMMT,DIST_W_02,Moderate
OUT_03678,2024-08,85.30506913846264,1,Medium,2,SMMT,DIST_W_02,Moderate
OUT_03678,2024-09,45.80571904993364,2,Medium,2,SMMT,DIST_W_02,Moderate
OUT_03678,2025-01,32.406039725444856,2,Medium,2,SMMT,DIST_W_02,Moderate
OUT_03678,2025-03,227.8472116199281,1,Medium,2,SMMT,DIST_W_02,Moderate
OUT_03678,2025-04,245.44076917351435,5,Medium,2,SMMT,DIST_W_02,Favorable
OUT_03678,2025-06,24.968985119134,1,Medium,2,SMMT,DIST_W_02,Un-Favorable
OUT_03678,2025-08,177.8046885121834,1,Medium,2,SMMT,DIST_W_02,Moderate
OUT_03678,2025-09,42.11770105336993,2,Medium,2,SMMT,DIST_W_02,Moderate
OUT_03678,2025-11,127.43455145673568,1,Medium,2,SMMT,DIST_W_02,Moderate
OUT_03711,2023-01,46.00756568969853,3,Small,1,Bakery,DIST_W_02,Moderate
OUT_03711,2023-03,63.46104839905468,1,Small,1,Bakery,DIST_W_02,Moderate
OUT_03711,2023-04,16.964490453310525,4,Small,1,Bakery,DIST_W_02,Favorable
OUT_03711,2023-05,24.4097251017803,4,Small,1,Bakery,DIST_W_02,Un-Favorable
OUT_03711,2023-09,11.891868460943254,2,Small,1,Bakery,DIST_W_02,Moderate
OUT_03711,2023-12,30.18380823016117,2,Small,1,Bakery,DIST_W_02,Favorable
OUT_03711,2024-02,110.79662780485856,3,Small,1,Bakery,DIST_W_02,Moderate
OUT_03711,2024-03,12.42270567814622,3,Small,1,Bakery,DIST_W_02,Moderate
OUT_03711,2024-11,82.84572727250266,1,Small,1,Bakery,DIST_W_02,Moderate
OUT_03711,2024-12,24.35306251868598,2,Small,1,Bakery,DIST_W_02,Favorable
OUT_03711,2025-04,22.53034424538997,5,Small,1,Bakery,DIST_W_02,Favorable
OUT_03711,2025-06,8.200731734883696,1,Small,1,Bakery,DIST_W_02,Un-Favorable
OUT_03711,2025-07,107.24301054175794,1,Small,1,Bakery,DIST_W_02,Moderate
OUT_03711,2025-08,74.49630558578501,1,Small,1,Bakery,DIST_W_02,Moderate
OUT_03711,2025-09,78.67091109339621,2,Small,1,Bakery,DIST_W_02,Moderate
OUT_03711,2025-10,23.445581110864367,1,Small,1,Bakery,DIST_W_02,Moderate
OUT_03732,2023-04,74.22448814253116,4,Small,1,Pharmacy,DIST_W_01,Favorable
OUT_03732,2023-07,93.2797258136262,1,Small,1,Pharmacy,DIST_W_01,Moderate
OUT_03732,2023-08,8.752629950121815,2,Small,1,Pharmacy,DIST_W_01,Moderate
OUT_03732,2023-10,74.01101482538509,1,Small,1,Pharmacy,DIST_W_01,Moderate
OUT_03732,2024-02,25.17402431613936,3,Small,1,Pharmacy,DIST_W_01,Moderate
OUT_03732,2024-03,40.00637653969437,3,Small,1,Pharmacy,DIST_W_01,Moderate
OUT_03732,2024-09,93.48671589720774,2,Small,1,Pharmacy,DIST_W_01,Moderate
OUT_03732,2024-11,16.355140819351064,1,Small,1,Pharmacy,DIST_W_01,Moderate
OUT_03732,2025-01,2.560718494324788,2,Small,1,Pharmacy,DIST_W_01,Moderate
OUT_03732,2025-02,83.91444206483334,2,Small,1,Pharmacy,DIST_W_01,Moderate
OUT_03732,2025-03,22.32471787051876,1,Small,1,Pharmacy,DIST_W_01,Moderate
OUT_03732,2025-04,21.803725655213785,5,Small,1,Pharmacy,DIST_W_01,Favorable
OUT_03732,2025-08,18.001340996465704,1,Small,1,Pharmacy,DIST_W_01,Moderate
OUT_03732,2025-09,20.80320783336349,2,Small,1,Pharmacy,DIST_W_01,Moderate
OUT_03732,2025-10,23.268414284618007,1,Small,1,Pharmacy,DIST_W_01,Moderate
OUT_03732,2025-11,49.848259768136536,1,Small,1,Pharmacy,DIST_W_01,Moderate
OUT_03745,2023-03,4.594378939755821,1,Small,1,SMMT,DIST_W_03,Moderate
OUT_03745,2023-07,20.634118883951515,1,Small,1,SMMT,DIST_W_03,Moderate
OUT_03745,2023-08,32.84441362078011,2,Small,1,SMMT,DIST_W_03,Moderate
OUT_03745,2023-09,81.64113991651755,2,Small,1,SMMT,DIST_W_03,Moderate
OUT_03745,2023-10,17.438431027392685,1,Small,1,SMMT,DIST_W_03,Moderate
OUT_03745,2023-11,38.64124908742169,1,Small,1,SMMT,DIST_W_03,Moderate
OUT_03745,2023-12,14.33739566188181,2,Small,1,SMMT,DIST_W_03,Favorable
OUT_03745,2024-01,19.8164093572036,2,Small,1,SMMT,DIST_W_03,Moderate
OUT_03745,2024-02,77.77301647093161,3,Small,1,SMMT,DIST_W_03,Moderate
OUT_03745,2024-03,2.795135331714057,3,Small,1,SMMT,DIST_W_03,Moderate
OUT_03745,2024-04,48.598786516499295,7,Small,1,SMMT,DIST_W_03,Favorable
OUT_03745,2024-05,8.966679459599451,3,Small,1,SMMT,DIST_W_03,Un-Favorable
OUT_03745,2024-07,17.875810166803,1,Small,1,SMMT,DIST_W_03,Moderate
OUT_03745,2024-08,98.93936189887248,1,Small,1,SMMT,DIST_W_03,Moderate
OUT_03745,2024-09,18.882629340421943,2,Small,1,SMMT,DIST_W_03,Moderate
OUT_03745,2024-12,24.98234746410534,2,Small,1,SMMT,DIST_W_03,Favorable
OUT_03745,2025-02,25.95163626477769,2,Small,1,SMMT,DIST_W_03,Moderate
OUT_03745,2025-04,7.756938495854306,5,Small,1,SMMT,DIST_W_03,Favorable
OUT_03745,2025-10,13.408119611631228,1,Small,1,SMMT,DIST_W_03,Moderate
OUT_03745,2025-12,8.026451387471656,2,Small,1,SMMT,DIST_W_03,Favorable
OUT_03779,2023-01,38.36580470938868,3,Small,0,Bakery,DIST_W_02,Moderate
OUT_03779,2023-02,19.182234631795787,3,Small,0,Bakery,DIST_W_02,Moderate
OUT_03779,2023-05,10.827957327764576,4,Small,0,Bakery,DIST_W_02,Un-Favorable
OUT_03779,2023-11,69.83205157757692,1,Small,0,Bakery,DIST_W_02,Moderate
OUT_03779,2023-12,85.8678667072156,2,Small,0,Bakery,DIST_W_02,Favorable
OUT_03779,2024-02,82.10242542099456,3,Small,0,Bakery,DIST_W_02,Moderate
OUT_03779,2024-04,14.67697771670538,7,Small,0,Bakery,DIST_W_02,Favorable
OUT_03779,2024-07,89.51827157905711,1,Small,0,Bakery,DIST_W_02,Moderate
OUT_03779,2024-08,94.06734762246634,1,Small,0,Bakery,DIST_W_02,Moderate
OUT_03779,2024-09,3.605929518889552,2,Small,0,Bakery,DIST_W_02,Moderate
OUT_03779,2024-11,10.922351115227512,1,Small,0,Bakery,DIST_W_02,Moderate
OUT_03779,2024-12,37.34468386152047,2,Small,0,Bakery,DIST_W_02,Favorable
OUT_03779,2025-04,16.34129042507261,5,Small,0,Bakery,DIST_W_02,Favorable
OUT_03779,2025-07,38.321966499856686,1,Small,0,Bakery,DIST_W_02,Moderate
OUT_03779,2025-08,8.593461822008287,1,Small,0,Bakery,DIST_W_02,Moderate
OUT_03779,2025-09,21.873315462212787,2,Small,0,Bakery,DIST_W_02,Moderate
OUT_03779,2025-11,7.124358846471372,1,Small,0,Bakery,DIST_W_02,Moderate
OUT_03781,2023-01,207.54409189126625,3,Medium,2,Grocery,DIST_W_02,Moderate
OUT_03781,2023-02,60.23295271821302,3,Medium,2,Grocery,DIST_W_02,Moderate
OUT_03781,2023-04,159.39702031488122,4,Medium,2,Grocery,DIST_W_02,Favorable
OUT_03781,2023-07,197.6613907215195,1,Medium,2,Grocery,DIST_W_02,Moderate
OUT_03781,2023-09,194.37719289230907,2,Medium,2,Grocery,DIST_W_02,Moderate
OUT_03781,2023-10,147.60548720128293,1,Medium,2,Grocery,DIST_W_02,Moderate
OUT_03781,2023-11,93.51744848103766,1,Medium,2,Grocery,DIST_W_02,Moderate
OUT_03781,2024-01,43.019473152209,2,Medium,2,Grocery,DIST_W_02,Moderate
OUT_03781,2024-02,245.0046554689088,3,Medium,2,Grocery,DIST_W_02,Moderate
OUT_03781,2024-03,183.31818159555144,3,Medium,2,Grocery,DIST_W_02,Moderate
OUT_03781,2024-04,284.268087349091,7,Medium,2,Grocery,DIST_W_02,Favorable
OUT_03781,2024-07,107.84342953072432,1,Medium,2,Grocery,DIST_W_02,Moderate
OUT_03781,2024-09,193.65468465153748,2,Medium,2,Grocery,DIST_W_02,Moderate
OUT_03781,2024-10,192.3583656106829,2,Medium,2,Grocery,DIST_W_02,Moderate
OUT_03781,2024-11,26.30804560088293,1,Medium,2,Grocery,DIST_W_02,Moderate
OUT_03781,2024-12,354.91646905389126,2,Medium,2,Grocery,DIST_W_02,Favorable
OUT_03781,2025-01,74.58093166148535,2,Medium,2,Grocery,DIST_W_02,Moderate
OUT_03781,2025-02,170.58139182031255,2,Medium,2,Grocery,DIST_W_02,Moderate
OUT_03781,2025-03,45.18384354121446,1,Medium,2,Grocery,DIST_W_02,Moderate
OUT_03781,2025-04,147.43967200206998,5,Medium,2,Grocery,DIST_W_02,Favorable
OUT_03781,2025-05,131.6566152085324,3,Medium,2,Grocery,DIST_W_02,Un-Favorable
OUT_03781,2025-07,38.76603540619854,1,Medium,2,Grocery,DIST_W_02,Moderate
OUT_03781,2025-09,48.706610718701455,2,Medium,2,Grocery,DIST_W_02,Moderate
OUT_03781,2025-10,68.72769564213914,1,Medium,2,Grocery,DIST_W_02,Moderate
OUT_03781,2025-11,237.9040353028009,1,Medium,2,Grocery,DIST_W_02,Moderate
OUT_03781,2025-12,103.34153285208812,2,Medium,2,Grocery,DIST_W_02,Favorable
OUT_03809,2023-01,27.496898707796213,3,small,1,Pharmacy,DIST_W_03,Moderate
OUT_03809,2023-03,24.68839634642245,1,small,1,Pharmacy,DIST_W_03,Moderate
OUT_03809,2023-04,123.05450161312756,4,small,1,Pharmacy,DIST_W_03,Favorable
OUT_03809,2023-05,19.011102734139712,4,small,1,Pharmacy,DIST_W_03,Un-Favorable
OUT_03809,2023-06,25.104619888557263,1,small,1,Pharmacy,DIST_W_03,Un-Favorable
OUT_03809,2023-07,71.66712937654864,1,small,1,Pharmacy,DIST_W_03,Moderate
OUT_03809,2023-12,66.423471015406,2,small,1,Pharmacy,DIST_W_03,Favorable
OUT_03809,2024-01,42.01107029585141,2,small,1,Pharmacy,DIST_W_03,Moderate
OUT_03809,2024-03,9.685545060179669,3,small,1,Pharmacy,DIST_W_03,Moderate
OUT_03809,2024-06,10.817371085002264,2,small,1,Pharmacy,DIST_W_03,Un-Favorable
OUT_03809,2024-07,32.093044576315734,1,small,1,Pharmacy,DIST_W_03,Moderate
OUT_03809,2024-08,39.70552279071528,1,small,1,Pharmacy,DIST_W_03,Moderate
OUT_03809,2024-10,29.86353828847324,2,small,1,Pharmacy,DIST_W_03,Moderate
OUT_03809,2024-12,35.01189129443604,2,small,1,Pharmacy,DIST_W_03,Favorable
OUT_03809,2025-01,102.38303135690418,2,small,1,Pharmacy,DIST_W_03,Moderate
OUT_03809,2025-03,75.19320214502335,1,small,1,Pharmacy,DIST_W_03,Moderate
OUT_03809,2025-05,50.17228766648116,3,small,1,Pharmacy,DIST_W_03,Un-Favorable
OUT_03809,2025-06,63.538262883941066,1,small,1,Pharmacy,DIST_W_03,Un-Favorable
OUT_03816,2023-02,26.83942234662504,3,Small,0,Bakery,DIST_W_03,Moderate
OUT_03816,2023-03,3.0400408766557145,1,Small,0,Bakery,DIST_W_03,Moderate
OUT_03816,2023-05,21.629266225426427,4,Small,0,Bakery,DIST_W_03,Un-Favorable
OUT_03816,2023-10,15.806956434935392,1,Small,0,Bakery,DIST_W_03,Moderate
OUT_03816,2024-02,22.25002918927371,3,Small,0,Bakery,DIST_W_03,Moderate
OUT_03816,2024-04,27.95621318196804,7,Small,0,Bakery,DIST_W_03,Favorable
OUT_03816,2024-06,10.623910576161723,2,Small,0,Bakery,DIST_W_03,Un-Favorable
OUT_03816,2024-10,12.373858878632332,2,Small,0,Bakery,DIST_W_03,Moderate
OUT_03816,2025-01,23.1531836448346,2,Small,0,Bakery,DIST_W_03,Moderate
OUT_03816,2025-02,39.23515680121908,2,Small,0,Bakery,DIST_W_03,Moderate
OUT_03816,2025-04,24.148104953347143,5,Small,0,Bakery,DIST_W_03,Favorable
OUT_03816,2025-06,56.60812387327334,1,Small,0,Bakery,DIST_W_03,Un-Favorable
OUT_03816,2025-07,14.86119213501032,1,Small,0,Bakery,DIST_W_03,Moderate
OUT_03816,2025-08,90.20930954394107,1,Small,0,Bakery,DIST_W_03,Moderate
OUT_03816,2025-10,51.869268748626375,1,Small,0,Bakery,DIST_W_03,Moderate
OUT_03849,2023-01,589.82197414039,3,Large,4,Grocery,DIST_W_03,Moderate
OUT_03849,2023-02,534.4719177358356,3,Large,4,Grocery,DIST_W_03,Moderate
OUT_03849,2023-04,369.8610007486022,4,Large,4,Grocery,DIST_W_03,Favorable
OUT_03849,2023-05,238.54206926651327,4,Large,4,Grocery,DIST_W_03,Un-Favorable
OUT_03849,2023-06,203.62131643050265,1,Large,4,Grocery,DIST_W_03,Un-Favorable
OUT_03849,2023-07,382.69664131628514,1,Large,4,Grocery,DIST_W_03,Moderate
OUT_03849,2023-08,642.9850027521562,2,Large,4,Grocery,DIST_W_03,Moderate
OUT_03849,2023-09,670.4400548756225,2,Large,4,Grocery,DIST_W_03,Moderate
OUT_03849,2023-11,559.4575530850102,1,Large,4,Grocery,DIST_W_03,Moderate
OUT_03849,2023-12,787.3519684718844,2,Large,4,Grocery,DIST_W_03,Favorable
OUT_03849,2024-01,283.8243068267016,2,Large,4,Grocery,DIST_W_03,Moderate
OUT_03849,2024-02,541.0105189935341,3,Large,4,Grocery,DIST_W_03,Moderate
OUT_03849,2024-03,608.5660877195386,3,Large,4,Grocery,DIST_W_03,Moderate
OUT_03849,2024-04,850.9921152671144,7,Large,4,Grocery,DIST_W_03,Favorable
OUT_03849,2024-05,347.92387390890525,3,Large,4,Grocery,DIST_W_03,Un-Favorable
OUT_03849,2024-06,436.831581719308,2,Large,4,Grocery,DIST_W_03,Un-Favorable
OUT_03849,2024-07,686.0701771123279,1,Large,4,Grocery,DIST_W_03,Moderate
OUT_03849,2024-08,604.5919161599467,1,Large,4,Grocery,DIST_W_03,Moderate
OUT_03849,2024-10,621.5843193161897,2,Large,4,Grocery,DIST_W_03,Moderate
OUT_03849,2024-11,277.3931008704937,1,Large,4,Grocery,DIST_W_03,Moderate
OUT_03849,2024-12,275.1061421690691,2,Large,4,Grocery,DIST_W_03,Favorable
OUT_03849,2025-01,422.30332797433925,2,Large,4,Grocery,DIST_W_03,Moderate
OUT_03849,2025-02,556.803134020665,2,Large,4,Grocery,DIST_W_03,Moderate
OUT_03849,2025-04,910.9585745754466,5,Large,4,Grocery,DIST_W_03,Favorable
OUT_03849,2025-06,233.2760616519905,1,Large,4,Grocery,DIST_W_03,Un-Favorable
OUT_03849,2025-07,410.6936398705317,1,Large,4,Grocery,DIST_W_03,Moderate
OUT_03849,2025-08,518.0802634079422,1,Large,4,Grocery,DIST_W_03,Moderate
OUT_03849,2025-09,610.3338706752031,2,Large,4,Grocery,DIST_W_03,Moderate
OUT_03849,2025-10,614.7498459879217,1,Large,4,Grocery,DIST_W_03,Moderate
OUT_03849,2025-11,576.086255370938,1,Large,4,Grocery,DIST_W_03,Moderate
OUT_03849,2025-12,882.2697487317574,2,Large,4,Grocery,DIST_W_03,Favorable
OUT_03856,2023-02,83.46043137028295,3,Medium,2,Bakery,DIST_W_01,Moderate
OUT_03856,2023-04,133.6543549265275,4,Medium,2,Bakery,DIST_W_01,Favorable
OUT_03856,2023-05,142.1502962864069,4,Medium,2,Bakery,DIST_W_01,Un-Favorable
OUT_03856,2023-06,68.57729675014578,1,Medium,2,Bakery,DIST_W_01,Un-Favorable
OUT_03856,2023-07,59.899680542388815,1,Medium,2,Bakery,DIST_W_01,Moderate
OUT_03856,2023-08,188.0992472924545,2,Medium,2,Bakery,DIST_W_01,Moderate
OUT_03856,2023-09,168.35378095594683,2,Medium,2,Bakery,DIST_W_01,Moderate
OUT_03856,2023-10,64.70040801807232,1,Medium,2,Bakery,DIST_W_01,Moderate
OUT_03856,2023-11,230.43878645162368,1,Medium,2,Bakery,DIST_W_01,Moderate
OUT_03856,2024-01,83.38450067972835,2,Medium,2,Bakery,DIST_W_01,Moderate
OUT_03856,2024-02,157.1352056183834,3,Medium,2,Bakery,DIST_W_01,Moderate
OUT_03856,2024-04,243.6084783930052,7,Medium,2,Bakery,DIST_W_01,Favorable
OUT_03856,2024-05,114.7030315095922,3,Medium,2,Bakery,DIST_W_01,Un-Favorable
OUT_03856,2024-08,105.73273873682764,1,Medium,2,Bakery,DIST_W_01,Moderate
OUT_03856,2024-09,150.901102788278,2,Medium,2,Bakery,DIST_W_01,Moderate
OUT_03856,2024-11,51.05721692781864,1,Medium,2,Bakery,DIST_W_01,Moderate
OUT_03856,2025-02,126.01773526168964,2,Medium,2,Bakery,DIST_W_01,Moderate
OUT_03856,2025-06,103.33969226035929,1,Medium,2,Bakery,DIST_W_01,Un-Favorable
OUT_03856,2025-07,190.9283904204848,1,Medium,2,Bakery,DIST_W_01,Moderate
OUT_03856,2025-08,100.13345082076096,1,Medium,2,Bakery,DIST_W_01,Moderate
OUT_03856,2025-09,86.471762132118,2,Medium,2,Bakery,DIST_W_01,Moderate
OUT_03856,2025-10,228.10486592375304,1,Medium,2,Bakery,DIST_W_01,Moderate
OUT_03856,2025-11,171.210105808607,1,Medium,2,Bakery,DIST_W_01,Moderate
OUT_03856,2025-12,81.13229441213709,2,Medium,2,Bakery,DIST_W_01,Favorable
OUT_03859,2023-01,6.572192506520019,3,Small,0,Kiosk,DIST_W_03,Moderate
OUT_03859,2023-03,29.05359340442586,1,Small,0,Kiosk,DIST_W_03,Moderate
OUT_03859,2023-05,11.78484743684736,4,Small,0,Kiosk,DIST_W_03,Un-Favorable
OUT_03859,2023-07,19.56888218363273,1,Small,0,Kiosk,DIST_W_03,Moderate
OUT_03859,2023-10,21.411718690901985,1,Small,0,Kiosk,DIST_W_03,Moderate
OUT_03859,2023-12,50.24870486233439,2,Small,0,Kiosk,DIST_W_03,Favorable
OUT_03859,2024-01,85.88953067819195,2,Small,0,Kiosk,DIST_W_03,Moderate
OUT_03859,2024-03,26.286497830690355,3,Small,0,Kiosk,DIST_W_03,Moderate
OUT_03859,2024-04,41.38351801799936,7,Small,0,Kiosk,DIST_W_03,Favorable
OUT_03859,2024-06,18.1317181261531,2,Small,0,Kiosk,DIST_W_03,Un-Favorable
OUT_03859,2024-07,17.5936226829869,1,Small,0,Kiosk,DIST_W_03,Moderate
OUT_03859,2024-08,14.641371811698662,1,Small,0,Kiosk,DIST_W_03,Moderate
OUT_03859,2024-09,39.12222441813367,2,Small,0,Kiosk,DIST_W_03,Moderate
OUT_03859,2025-05,51.952781921890605,3,Small,0,Kiosk,DIST_W_03,Un-Favorable
OUT_03859,2025-06,60.18551557594967,1,Small,0,Kiosk,DIST_W_03,Un-Favorable
OUT_03859,2025-07,8.060606670103407,1,Small,0,Kiosk,DIST_W_03,Moderate
OUT_03859,2025-08,23.399097382363884,1,Small,0,Kiosk,DIST_W_03,Moderate
OUT_03859,2025-10,49.73063498073264,1,Small,0,Kiosk,DIST_W_03,Moderate
OUT_03859,2025-11,20.105426242619576,1,Small,0,Kiosk,DIST_W_03,Moderate
OUT_03869,2023-02,199.85128052377183,3,Medium,1,Kiosk,DIST_W_03,Moderate
OUT_03869,2023-04,57.5129991941187,4,Medium,1,Kiosk,DIST_W_03,Favorable
OUT_03869,2023-05,119.24112656857731,4,Medium,1,Kiosk,DIST_W_03,Un-Favorable
OUT_03869,2023-08,248.7957194367045,2,Medium,1,Kiosk,DIST_W_03,Moderate
OUT_03869,2023-09,39.47091152930694,2,Medium,1,Kiosk,DIST_W_03,Moderate
OUT_03869,2023-12,277.9268463091244,2,Medium,1,Kiosk,DIST_W_03,Favorable
OUT_03869,2024-01,155.3837441492966,2,Medium,1,Kiosk,DIST_W_03,Moderate
OUT_03869,2024-03,180.44911016728656,3,Medium,1,Kiosk,DIST_W_03,Moderate
OUT_03869,2024-05,36.67520728006498,3,Medium,1,Kiosk,DIST_W_03,Un-Favorable
OUT_03869,2024-07,172.52363577873075,1,Medium,1,Kiosk,DIST_W_03,Moderate
OUT_03869,2024-08,35.92346036004375,1,Medium,1,Kiosk,DIST_W_03,Moderate
OUT_03869,2024-11,101.46938214981304,1,Medium,1,Kiosk,DIST_W_03,Moderate
OUT_03869,2024-12,224.978273206322,2,Medium,1,Kiosk,DIST_W_03,Favorable
OUT_03869,2025-02,158.40044435326757,2,Medium,1,Kiosk,DIST_W_03,Moderate
OUT_03869,2025-03,166.72628108295828,1,Medium,1,Kiosk,DIST_W_03,Moderate
OUT_03869,2025-05,36.23217990898135,3,Medium,1,Kiosk,DIST_W_03,Un-Favorable
OUT_03869,2025-08,79.07769742335095,1,Medium,1,Kiosk,DIST_W_03,Moderate
OUT_03869,2025-11,190.12819454189352,1,Medium,1,Kiosk,DIST_W_03,Moderate
OUT_03869,2025-12,313.5312619328447,2,Medium,1,Kiosk,DIST_W_03,Favorable
OUT_03907,2023-01,215.0110215249825,3,Medium,1,Bakery,DIST_W_02,Moderate
OUT_03907,2023-06,11.214780266536003,1,Medium,1,Bakery,DIST_W_02,Un-Favorable
OUT_03907,2023-07,171.53344323510245,1,Medium,1,Bakery,DIST_W_02,Moderate
OUT_03907,2023-08,172.4895554610514,2,Medium,1,Bakery,DIST_W_02,Moderate
OUT_03907,2023-09,36.21953904832806,2,Medium,1,Bakery,DIST_W_02,Moderate
OUT_03907,2023-10,97.44523182449646,1,Medium,1,Bakery,DIST_W_02,Moderate
OUT_03907,2023-12,201.4798641881244,2,Medium,1,Bakery,DIST_W_02,Favorable
OUT_03907,2024-01,90.75176846260304,2,Medium,1,Bakery,DIST_W_02,Moderate
OUT_03907,2024-02,198.2944608427705,3,Medium,1,Bakery,DIST_W_02,Moderate
OUT_03907,2024-03,228.77682321870168,3,Medium,1,Bakery,DIST_W_02,Moderate
OUT_03907,2024-04,108.07867794525288,7,Medium,1,Bakery,DIST_W_02,Favorable
OUT_03907,2024-05,32.75636627316328,3,Medium,1,Bakery,DIST_W_02,Un-Favorable
OUT_03907,2024-06,95.08309481051468,2,Medium,1,Bakery,DIST_W_02,Un-Favorable
OUT_03907,2024-07,177.5210880992708,1,Medium,1,Bakery,DIST_W_02,Moderate
OUT_03907,2024-08,211.1118462478486,1,Medium,1,Bakery,DIST_W_02,Moderate
OUT_03907,2024-10,196.79702938975905,2,Medium,1,Bakery,DIST_W_02,Moderate
OUT_03907,2024-11,52.142471681539874,1,Medium,1,Bakery,DIST_W_02,Moderate
OUT_03907,2024-12,99.64850713389608,2,Medium,1,Bakery,DIST_W_02,Favorable
OUT_03907,2025-01,202.1530469541275,2,Medium,1,Bakery,DIST_W_02,Moderate
OUT_03907,2025-02,208.51123017473947,2,Medium,1,Bakery,DIST_W_02,Moderate
OUT_03907,2025-03,181.84712447729729,1,Medium,1,Bakery,DIST_W_02,Moderate
OUT_03907,2025-04,140.75296102894396,5,Medium,1,Bakery,DIST_W_02,Favorable
OUT_03907,2025-05,99.78270102352148,3,Medium,1,Bakery,DIST_W_02,Un-Favorable
OUT_03907,2025-06,125.21716591314326,1,Medium,1,Bakery,DIST_W_02,Un-Favorable
OUT_03907,2025-08,56.3763264374703,1,Medium,1,Bakery,DIST_W_02,Moderate
OUT_03907,2025-09,196.99984534290303,2,Medium,1,Bakery,DIST_W_02,Moderate
OUT_03907,2025-10,225.67849116259785,1,Medium,1,Bakery,DIST_W_02,Moderate
OUT_03907,2025-12,67.53483872271444,2,Medium,1,Bakery,DIST_W_02,Favorable
OUT_03910,2023-01,675.9398557167298,3,Large,2,Bakery,DIST_W_01,Moderate
OUT_03910,2023-02,398.02025455288,3,Large,2,Bakery,DIST_W_01,Moderate
OUT_03910,2023-03,643.5830142038515,1,Large,2,Bakery,DIST_W_01,Moderate
OUT_03910,2023-04,303.6473483192081,4,Large,2,Bakery,DIST_W_01,Favorable
OUT_03910,2023-05,419.2721402567553,4,Large,2,Bakery,DIST_W_01,Un-Favorable
OUT_03910,2023-06,417.0958876158746,1,Large,2,Bakery,DIST_W_01,Un-Favorable
OUT_03910,2023-07,610.2621208050599,1,Large,2,Bakery,DIST_W_01,Moderate
OUT_03910,2023-08,557.6732879914902,2,Large,2,Bakery,DIST_W_01,Moderate
OUT_03910,2023-09,817.5077916520212,2,Large,2,Bakery,DIST_W_01,Moderate
OUT_03910,2023-10,665.2962597998206,1,Large,2,Bakery,DIST_W_01,Moderate
OUT_03910,2023-11,625.4975265491186,1,Large,2,Bakery,DIST_W_01,Moderate
OUT_03910,2024-01,336.0986640995349,2,Large,2,Bakery,DIST_W_01,Moderate
OUT_03910,2024-02,530.7669381960831,3,Large,2,Bakery,DIST_W_01,Moderate
OUT_03910,2024-03,506.9158155439262,3,Large,2,Bakery,DIST_W_01,Moderate
OUT_03910,2024-04,952.4405213580084,7,Large,2,Bakery,DIST_W_01,Favorable
OUT_03910,2024-05,389.9390319570832,3,Large,2,Bakery,DIST_W_01,Un-Favorable
OUT_03910,2024-06,349.24283662865463,2,Large,2,Bakery,DIST_W_01,Un-Favorable
OUT_03910,2024-07,551.3961718955735,1,Large,2,Bakery,DIST_W_01,Moderate
OUT_03910,2024-08,282.2469782782207,1,Large,2,Bakery,DIST_W_01,Moderate
OUT_03910,2024-09,519.4301903307344,2,Large,2,Bakery,DIST_W_01,Moderate
OUT_03910,2024-10,552.0061005877952,2,Large,2,Bakery,DIST_W_01,Moderate
OUT_03910,2024-11,618.9745362324226,1,Large,2,Bakery,DIST_W_01,Moderate
OUT_03910,2024-12,693.462136071719,2,Large,2,Bakery,DIST_W_01,Favorable
OUT_03910,2025-01,607.1220280227634,2,Large,2,Bakery,DIST_W_01,Moderate
OUT_03910,2025-02,649.4357118421203,2,Large,2,Bakery,DIST_W_01,Moderate
OUT_03910,2025-03,636.0480222353424,1,Large,2,Bakery,DIST_W_01,Moderate
OUT_03910,2025-05,318.65807740469614,3,Large,2,Bakery,DIST_W_01,Un-Favorable
OUT_03910,2025-06,160.10387417399303,1,Large,2,Bakery,DIST_W_01,Un-Favorable
OUT_03910,2025-08,532.0637943698902,1,Large,2,Bakery,DIST_W_01,Moderate
OUT_03910,2025-09,301.0790102669308,2,Large,2,Bakery,DIST_W_01,Moderate
OUT_03910,2025-10,629.0195425210396,1,Large,2,Bakery,DIST_W_01,Moderate
OUT_03910,2025-11,504.1792145137957,1,Large,2,Bakery,DIST_W_01,Moderate
OUT_03910,2025-12,697.7725280247362,2,Large,2,Bakery,DIST_W_01,Favorable
OUT_03914,2023-02,33.871606341634404,3,Small,0,Kiosk,DIST_W_02,Moderate
OUT_03914,2023-07,5.863512478473989,1,Small,0,Kiosk,DIST_W_02,Moderate
OUT_03914,2023-08,17.052926980630968,2,Small,0,Kiosk,DIST_W_02,Moderate
OUT_03914,2023-11,109.02050937152636,1,Small,0,Kiosk,DIST_W_02,Moderate
OUT_03914,2023-12,111.6201692245114,2,Small,0,Kiosk,DIST_W_02,Favorable
OUT_03914,2024-02,85.58244459625163,3,Small,0,Kiosk,DIST_W_02,Moderate
OUT_03914,2024-03,29.12270529247486,3,Small,0,Kiosk,DIST_W_02,Moderate
OUT_03914,2024-06,12.063508910745584,2,Small,0,Kiosk,DIST_W_02,Un-Favorable
OUT_03914,2024-11,75.70761796933799,1,Small,0,Kiosk,DIST_W_02,Moderate
OUT_03914,2025-04,94.87731785116456,5,Small,0,Kiosk,DIST_W_02,Favorable
OUT_03914,2025-05,12.947903521168277,3,Small,0,Kiosk,DIST_W_02,Un-Favorable
OUT_03914,2025-08,24.032711509745923,1,Small,0,Kiosk,DIST_W_02,Moderate
OUT_03914,2025-09,40.57104151593997,2,Small,0,Kiosk,DIST_W_02,Moderate
OUT_03914,2025-12,85.86092363538614,2,Small,0,Kiosk,DIST_W_02,Favorable
OUT_03933,2023-01,14.247634471093567,3,Small,0,SMMT,DIST_W_01,Moderate
OUT_03933,2023-04,30.96020905659892,4,Small,0,SMMT,DIST_W_01,Favorable
OUT_03933,2023-05,8.042020992703454,4,Small,0,SMMT,DIST_W_01,Un-Favorable
OUT_03933,2023-07,11.26551519996088,1,Small,0,SMMT,DIST_W_01,Moderate
OUT_03933,2023-08,55.88642194050353,2,Small,0,SMMT,DIST_W_01,Moderate
OUT_03933,2023-09,35.65203936407157,2,Small,0,SMMT,DIST_W_01,Moderate
OUT_03933,2023-11,86.28279892913241,1,Small,0,SMMT,DIST_W_01,Moderate
OUT_03933,2024-01,16.819859044166737,2,Small,0,SMMT,DIST_W_01,Moderate
OUT_03933,2024-03,4.1284174616390645,3,Small,0,SMMT,DIST_W_01,Moderate
OUT_03933,2024-04,25.7437110578796,7,Small,0,SMMT,DIST_W_01,Favorable
OUT_03933,2024-05,14.974514348992612,3,Small,0,SMMT,DIST_W_01,Un-Favorable
OUT_03933,2024-06,47.73043001860087,2,Small,0,SMMT,DIST_W_01,Un-Favorable
OUT_03933,2024-08,34.29981129153283,1,Small,0,SMMT,DIST_W_01,Moderate
OUT_03933,2024-09,14.002179068203915,2,Small,0,SMMT,DIST_W_01,Moderate
OUT_03933,2025-01,70.23995347553375,2,Small,0,SMMT,DIST_W_01,Moderate
OUT_03933,2025-02,17.89650630674189,2,Small,0,SMMT,DIST_W_01,Moderate
OUT_03933,2025-05,13.74617586852477,3,Small,0,SMMT,DIST_W_01,Un-Favorable
OUT_03933,2025-06,20.080941808853964,1,Small,0,SMMT,DIST_W_01,Un-Favorable
OUT_03933,2025-07,19.27625151737368,1,Small,0,SMMT,DIST_W_01,Moderate
OUT_03933,2025-09,16.063891473941418,2,Small,0,SMMT,DIST_W_01,Moderate
OUT_03933,2025-10,4.527955836055168,1,Small,0,SMMT,DIST_W_01,Moderate
OUT_03964,2023-02,71.04889798250059,3,Medium,1,Grocry,DIST_W_01,Moderate
OUT_03964,2023-04,322.31756682235766,4,Medium,1,Grocry,DIST_W_01,Favorable
OUT_03964,2023-06,33.362045031173395,1,Medium,1,Grocry,DIST_W_01,Un-Favorable
OUT_03964,2023-08,39.61036663524048,2,Medium,1,Grocry,DIST_W_01,Moderate
OUT_03964,2023-10,49.80802264230308,1,Medium,1,Grocry,DIST_W_01,Moderate
OUT_03964,2023-11,187.6343233766292,1,Medium,1,Grocry,DIST_W_01,Moderate
OUT_03964,2023-12,215.47087538726635,2,Medium,1,Grocry,DIST_W_01,Favorable
OUT_03964,2024-01,203.4860568535304,2,Medium,1,Grocry,DIST_W_01,Moderate
OUT_03964,2024-02,199.2560303681269,3,Medium,1,Grocry,DIST_W_01,Moderate
OUT_03964,2024-03,206.3603741778917,3,Medium,1,Grocry,DIST_W_01,Moderate
OUT_03964,2024-04,117.1509466707568,7,Medium,1,Grocry,DIST_W_01,Favorable
OUT_03964,2024-05,48.06155938659255,3,Medium,1,Grocry,DIST_W_01,Un-Favorable
OUT_03964,2024-06,26.836684378171,2,Medium,1,Grocry,DIST_W_01,Un-Favorable
OUT_03964,2024-07,98.37950709386013,1,Medium,1,Grocry,DIST_W_01,Moderate
OUT_03964,2024-08,45.966566445004005,1,Medium,1,Grocry,DIST_W_01,Moderate
OUT_03964,2024-09,59.112348317083786,2,Medium,1,Grocry,DIST_W_01,Moderate
OUT_03964,2025-01,68.90336557709165,2,Medium,1,Grocry,DIST_W_01,Moderate
OUT_03964,2025-02,93.35092736138544,2,Medium,1,Grocry,DIST_W_01,Moderate
OUT_03964,2025-04,110.32944306928913,5,Medium,1,Grocry,DIST_W_01,Favorable
OUT_03964,2025-06,54.06806636916555,1,Medium,1,Grocry,DIST_W_01,Un-Favorable
OUT_03964,2025-07,48.42371430740383,1,Medium,1,Grocry,DIST_W_01,Moderate
OUT_03964,2025-08,74.70861807460466,1,Medium,1,Grocry,DIST_W_01,Moderate
OUT_03964,2025-09,199.0408184161532,2,Medium,1,Grocry,DIST_W_01,Moderate
OUT_03964,2025-11,216.20411688967772,1,Medium,1,Grocry,DIST_W_01,Moderate
OUT_03964,2025-12,273.6057824071866,2,Medium,1,Grocry,DIST_W_01,Favorable
OUT_03971,2023-01,77.90841601344188,3,Small,1,Eatery,DIST_W_01,Moderate
OUT_03971,2023-05,26.02438565433172,4,Small,1,Eatery,DIST_W_01,Un-Favorable
OUT_03971,2023-06,13.445268695369752,1,Small,1,Eatery,DIST_W_01,Un-Favorable
OUT_03971,2023-07,73.7165323322797,1,Small,1,Eatery,DIST_W_01,Moderate
OUT_03971,2023-08,11.59518391333768,2,Small,1,Eatery,DIST_W_01,Moderate
OUT_03971,2023-10,11.183137178690522,1,Small,1,Eatery,DIST_W_01,Moderate
OUT_03971,2023-12,29.32228534696383,2,Small,1,Eatery,DIST_W_01,Favorable
OUT_03971,2024-02,3.768512598577284,3,Small,1,Eatery,DIST_W_01,Moderate
OUT_03971,2024-03,3.2098390412211035,3,Small,1,Eatery,DIST_W_01,Moderate
OUT_03971,2024-05,48.53716073462075,3,Small,1,Eatery,DIST_W_01,Un-Favorable
OUT_03971,2024-06,56.19166976570712,2,Small,1,Eatery,DIST_W_01,Un-Favorable
OUT_03971,2024-07,31.756900265307006,1,Small,1,Eatery,DIST_W_01,Moderate
OUT_03971,2024-08,23.42560084396159,1,Small,1,Eatery,DIST_W_01,Moderate
OUT_03971,2025-02,7.917412846827123,2,Small,1,Eatery,DIST_W_01,Moderate
OUT_03971,2025-07,84.24885394562162,1,Small,1,Eatery,DIST_W_01,Moderate
OUT_03971,2025-12,35.55326930854707,2,Small,1,Eatery,DIST_W_01,Favorable
OUT_04020,2023-01,20.214700060350467,3,Small,0,Grocery,DIST_W_03,Moderate
OUT_04020,2023-03,10.274740538260188,1,Small,0,Grocery,DIST_W_03,Moderate
OUT_04020,2023-07,25.8618345208438,1,Small,0,Grocery,DIST_W_03,Moderate
OUT_04020,2024-01,74.67991665938354,2,Small,0,Grocery,DIST_W_03,Moderate
OUT_04020,2024-05,6.537188846932832,3,Small,0,Grocery,DIST_W_03,Un-Favorable
OUT_04020,2024-07,84.5062773648758,1,Small,0,Grocery,DIST_W_03,Moderate
OUT_04020,2024-10,26.112469687557816,2,Small,0,Grocery,DIST_W_03,Moderate
OUT_04020,2024-11,106.13976188151008,1,Small,0,Grocery,DIST_W_03,Moderate
OUT_04020,2025-04,22.71331657081443,5,Small,0,Grocery,DIST_W_03,Favorable
OUT_04020,2025-05,74.15778944280629,3,Small,0,Grocery,DIST_W_03,Un-Favorable
OUT_04020,2025-06,8.517410114571963,1,Small,0,Grocery,DIST_W_03,Un-Favorable
OUT_04020,2025-09,38.42648549121347,2,Small,0,Grocery,DIST_W_03,Moderate
OUT_04020,2025-10,15.13833622077654,1,Small,0,Grocery,DIST_W_03,Moderate
OUT_04028,2023-01,83.15932110734053,3,Small,1,SMMT,DIST_W_03,Moderate
OUT_04028,2023-03,35.66933173923124,1,Small,1,SMMT,DIST_W_03,Moderate
OUT_04028,2023-07,13.766841906871996,1,Small,1,SMMT,DIST_W_03,Moderate
OUT_04028,2023-11,25.218016851917312,1,Small,1,SMMT,DIST_W_03,Moderate
OUT_04028,2023-12,81.29166703665618,2,Small,1,SMMT,DIST_W_03,Favorable
OUT_04028,2024-02,45.56835684985282,3,Small,1,SMMT,DIST_W_03,Moderate
OUT_04028,2024-04,22.123792153577224,7,Small,1,SMMT,DIST_W_03,Favorable
OUT_04028,2024-05,43.78334963956108,3,Small,1,SMMT,DIST_W_03,Un-Favorable
OUT_04028,2024-07,82.12493517992198,1,Small,1,SMMT,DIST_W_03,Moderate
OUT_04028,2024-08,21.25935714273745,1,Small,1,SMMT,DIST_W_03,Moderate
OUT_04028,2024-09,14.462731962417564,2,Small,1,SMMT,DIST_W_03,Moderate
OUT_04028,2024-10,32.62354650491142,2,Small,1,SMMT,DIST_W_03,Moderate
OUT_04028,2024-11,89.68704794391633,1,Small,1,SMMT,DIST_W_03,Moderate
OUT_04028,2024-12,134.31518159607006,2,Small,1,SMMT,DIST_W_03,Favorable
OUT_04028,2025-01,64.3557829843976,2,Small,1,SMMT,DIST_W_03,Moderate
OUT_04028,2025-05,6.847859982607886,3,Small,1,SMMT,DIST_W_03,Un-Favorable
OUT_04028,2025-09,10.147663592223113,2,Small,1,SMMT,DIST_W_03,Moderate
OUT_04028,2025-11,64.61667469504027,1,Small,1,SMMT,DIST_W_03,Moderate
OUT_04028,2025-12,134.11914324754417,2,Small,1,SMMT,DIST_W_03,Favorable
OUT_04029,2023-01,12.399493048036993,3,Small,0,Pharmacy,DIST_W_02,Moderate
OUT_04029,2023-02,82.77738963398801,3,Small,0,Pharmacy,DIST_W_02,Moderate
OUT_04029,2023-04,53.707227014393645,4,Small,0,Pharmacy,DIST_W_02,Favorable
OUT_04029,2023-08,14.32538785098327,2,Small,0,Pharmacy,DIST_W_02,Moderate
OUT_04029,2023-09,61.8861769968116,2,Small,0,Pharmacy,DIST_W_02,Moderate
OUT_04029,2023-12,11.860001955921629,2,Small,0,Pharmacy,DIST_W_02,Favorable
OUT_04029,2024-02,90.93263289857154,3,Small,0,Pharmacy,DIST_W_02,Moderate
OUT_04029,2024-03,19.93099915249711,3,Small,0,Pharmacy,DIST_W_02,Moderate
OUT_04029,2024-04,14.146285780178008,7,Small,0,Pharmacy,DIST_W_02,Favorable
OUT_04029,2024-05,8.477776431949414,3,Small,0,Pharmacy,DIST_W_02,Un-Favorable
OUT_04029,2024-07,9.341598122910408,1,Small,0,Pharmacy,DIST_W_02,Moderate
OUT_04029,2024-08,22.340612891638223,1,Small,0,Pharmacy,DIST_W_02,Moderate
OUT_04029,2024-10,74.5271546175774,2,Small,0,Pharmacy,DIST_W_02,Moderate
OUT_04029,2025-01,21.34832528862431,2,Small,0,Pharmacy,DIST_W_02,Moderate
OUT_04029,2025-04,4.941932389849214,5,Small,0,Pharmacy,DIST_W_02,Favorable
OUT_04029,2025-06,17.3271496381966,1,Small,0,Pharmacy,DIST_W_02,Un-Favorable
OUT_04029,2025-07,37.61158016058316,1,Small,0,Pharmacy,DIST_W_02,Moderate
OUT_04029,2025-09,73.33746927036177,2,Small,0,Pharmacy,DIST_W_02,Moderate
OUT_04033,2023-01,65.81113671966438,3,Medium,1,SMMT,DIST_W_03,Moderate
OUT_04033,2023-02,247.247835247362,3,Medium,1,SMMT,DIST_W_03,Moderate
OUT_04033,2023-04,224.1291427413474,4,Medium,1,SMMT,DIST_W_03,Favorable
OUT_04033,2023-05,106.86620884306042,4,Medium,1,SMMT,DIST_W_03,Un-Favorable
OUT_04033,2023-06,63.89536394702452,1,Medium,1,SMMT,DIST_W_03,Un-Favorable
OUT_04033,2023-07,47.82092185801853,1,Medium,1,SMMT,DIST_W_03,Moderate
OUT_04033,2023-08,63.41967522996603,2,Medium,1,SMMT,DIST_W_03,Moderate
OUT_04033,2023-09,229.92768094521972,2,Medium,1,SMMT,DIST_W_03,Moderate
OUT_04033,2023-10,97.15053255262298,1,Medium,1,SMMT,DIST_W_03,Moderate
OUT_04033,2023-11,227.64155628439383,1,Medium,1,SMMT,DIST_W_03,Moderate
OUT_04033,2023-12,234.52363109512376,2,Medium,1,SMMT,DIST_W_03,Favorable
OUT_04033,2024-01,90.89928785663815,2,Medium,1,SMMT,DIST_W_03,Moderate
OUT_04033,2024-03,85.01175024377744,3,Medium,1,SMMT,DIST_W_03,Moderate
OUT_04033,2024-05,39.99283844370456,3,Medium,1,SMMT,DIST_W_03,Un-Favorable
OUT_04033,2024-07,195.9722315450972,1,Medium,1,SMMT,DIST_W_03,Moderate
OUT_04033,2024-08,168.4391239022029,1,Medium,1,SMMT,DIST_W_03,Moderate
OUT_04033,2024-09,203.55707809594512,2,Medium,1,SMMT,DIST_W_03,Moderate
OUT_04033,2024-12,355.81173620807874,2,Medium,1,SMMT,DIST_W_03,Favorable
OUT_04033,2025-01,72.69320418072579,2,Medium,1,SMMT,DIST_W_03,Moderate
OUT_04033,2025-02,70.24162394482593,2,Medium,1,SMMT,DIST_W_03,Moderate
OUT_04033,2025-03,53.38273815768194,1,Medium,1,SMMT,DIST_W_03,Moderate
OUT_04033,2025-04,96.84816014997732,5,Medium,1,SMMT,DIST_W_03,Favorable
OUT_04033,2025-06,50.05218684242514,1,Medium,1,SMMT,DIST_W_03,Un-Favorable
OUT_04033,2025-07,163.1880076763417,1,Medium,1,SMMT,DIST_W_03,Moderate
OUT_04033,2025-08,200.96187005054347,1,Medium,1,SMMT,DIST_W_03,Moderate
OUT_04033,2025-09,75.93030939331562,2,Medium,1,SMMT,DIST_W_03,Moderate
OUT_04033,2025-11,219.54506543929472,1,Medium,1,SMMT,DIST_W_03,Moderate
OUT_04058,2023-08,18.087552951348588,2,Small,0,Kiosk,DIST_W_03,Moderate
OUT_04058,2023-11,5.311466089455698,1,Small,0,Kiosk,DIST_W_03,Moderate
OUT_04058,2024-01,2.409823404943438,2,Small,0,Kiosk,DIST_W_03,Moderate
OUT_04058,2024-09,19.588598457103,2,Small,0,Kiosk,DIST_W_03,Moderate
OUT_04058,2025-01,12.355249860015276,2,Small,0,Kiosk,DIST_W_03,Moderate
OUT_04058,2025-02,85.03102079311269,2,Small,0,Kiosk,DIST_W_03,Moderate
OUT_04058,2025-05,12.390674268801517,3,Small,0,Kiosk,DIST_W_03,Un-Favorable
OUT_04058,2025-06,41.57881851836509,1,Small,0,Kiosk,DIST_W_03,Un-Favorable
OUT_04058,2025-07,21.182885940514225,1,Small,0,Kiosk,DIST_W_03,Moderate
OUT_04058,2025-10,86.50978861494086,1,Small,0,Kiosk,DIST_W_03,Moderate
OUT_04058,2025-11,15.440915208066388,1,Small,0,Kiosk,DIST_W_03,Moderate
OUT_04070,2023-01,37.47127063958378,3,Medium,1,Bakery,DIST_W_03,Moderate
OUT_04070,2023-02,214.50607070792725,3,Medium,1,Bakery,DIST_W_03,Moderate
OUT_04070,2023-04,100.61961184547012,4,Medium,1,Bakery,DIST_W_03,Favorable
OUT_04070,2023-06,49.776779758640366,1,Medium,1,Bakery,DIST_W_03,Un-Favorable
OUT_04070,2023-07,71.39235591482539,1,Medium,1,Bakery,DIST_W_03,Moderate
OUT_04070,2023-08,195.77663815626588,2,Medium,1,Bakery,DIST_W_03,Moderate
OUT_04070,2023-09,186.8058752186912,2,Medium,1,Bakery,DIST_W_03,Moderate
OUT_04070,2023-11,12.525915041989514,1,Medium,1,Bakery,DIST_W_03,Moderate
OUT_04070,2023-12,116.6072958086472,2,Medium,1,Bakery,DIST_W_03,Favorable
OUT_04070,2024-01,194.7330307794853,2,Medium,1,Bakery,DIST_W_03,Moderate
OUT_04070,2024-03,38.08285251553803,3,Medium,1,Bakery,DIST_W_03,Moderate
OUT_04070,2024-04,93.2035268510667,7,Medium,1,Bakery,DIST_W_03,Favorable
OUT_04070,2024-06,14.33065333462464,2,Medium,1,Bakery,DIST_W_03,Un-Favorable
OUT_04070,2024-07,34.393258931352825,1,Medium,1,Bakery,DIST_W_03,Moderate
OUT_04070,2024-08,44.24012128173955,1,Medium,1,Bakery,DIST_W_03,Moderate
OUT_04070,2024-09,210.29342732210475,2,Medium,1,Bakery,DIST_W_03,Moderate
OUT_04070,2024-10,151.87271017144292,2,Medium,1,Bakery,DIST_W_03,Moderate
OUT_04070,2024-11,40.45953388307779,1,Medium,1,Bakery,DIST_W_03,Moderate
OUT_04070,2024-12,349.53649188365426,2,Medium,1,Bakery,DIST_W_03,Favorable
OUT_04070,2025-01,254.1823165281551,2,Medium,1,Bakery,DIST_W_03,Moderate
OUT_04070,2025-02,200.9678733980614,2,Medium,1,Bakery,DIST_W_03,Moderate
OUT_04070,2025-03,185.8855296143913,1,Medium,1,Bakery,DIST_W_03,Moderate
OUT_04070,2025-05,133.53911240489805,3,Medium,1,Bakery,DIST_W_03,Un-Favorable
OUT_04070,2025-07,236.7692061058966,1,Medium,1,Bakery,DIST_W_03,Moderate
OUT_04070,2025-09,48.92992085754483,2,Medium,1,Bakery,DIST_W_03,Moderate
OUT_04070,2025-11,12.394454628904889,1,Medium,1,Bakery,DIST_W_03,Moderate
OUT_04070,2025-12,287.6113930224797,2,Medium,1,Bakery,DIST_W_03,Favorable
OUT_04091,2023-02,5.351633924900374,3,Small,0,Eatery,DIST_W_01,Moderate
OUT_04091,2023-06,8.3714348291718,1,Small,0,Eatery,DIST_W_01,Un-Favorable
OUT_04091,2023-08,16.41626831222667,2,Small,0,Eatery,DIST_W_01,Moderate
OUT_04091,2023-10,21.08490198304957,1,Small,0,Eatery,DIST_W_01,Moderate
OUT_04091,2024-03,27.071206667956627,3,Small,0,Eatery,DIST_W_01,Moderate
OUT_04091,2024-04,45.78770767601783,7,Small,0,Eatery,DIST_W_01,Favorable
OUT_04091,2024-09,68.00512650326414,2,Small,0,Eatery,DIST_W_01,Moderate
OUT_04091,2024-12,63.190436623487145,2,Small,0,Eatery,DIST_W_01,Favorable
OUT_04091,2025-02,66.98254484474896,2,Small,0,Eatery,DIST_W_01,Moderate
OUT_04091,2025-05,11.401366134074898,3,Small,0,Eatery,DIST_W_01,Un-Favorable
OUT_04091,2025-07,70.74799810131344,1,Small,0,Eatery,DIST_W_01,Moderate
OUT_04091,2025-08,13.99585728105371,1,Small,0,Eatery,DIST_W_01,Moderate
OUT_04091,2025-10,3.1507667853513883,1,Small,0,Eatery,DIST_W_01,Moderate
OUT_04091,2025-11,90.52612631197398,1,Small,0,Eatery,DIST_W_01,Moderate
OUT_04091,2025-12,56.212843247373584,2,Small,0,Eatery,DIST_W_01,Favorable
OUT_04092,2023-01,81.78427689807111,3,Medium,2,Grocery,DIST_W_03,Moderate
OUT_04092,2023-02,150.95518849426938,3,Medium,2,Grocery,DIST_W_03,Moderate
OUT_04092,2023-03,9.567652323477397,1,Medium,2,Grocery,DIST_W_03,Moderate
OUT_04092,2023-04,297.7397929408629,4,Medium,2,Grocery,DIST_W_03,Favorable
OUT_04092,2023-05,14.98702742382538,4,Medium,2,Grocery,DIST_W_03,Un-Favorable
OUT_04092,2023-07,66.47133558686203,1,Medium,2,Grocery,DIST_W_03,Moderate
OUT_04092,2023-09,161.6514071455332,2,Medium,2,Grocery,DIST_W_03,Moderate
OUT_04092,2023-10,104.3720145129613,1,Medium,2,Grocery,DIST_W_03,Moderate
OUT_04092,2023-11,188.1935884039095,1,Medium,2,Grocery,DIST_W_03,Moderate
OUT_04092,2023-12,132.727373226546,2,Medium,2,Grocery,DIST_W_03,Favorable
OUT_04092,2024-01,179.9747198765207,2,Medium,2,Grocery,DIST_W_03,Moderate
OUT_04092,2024-02,28.70130279344179,3,Medium,2,Grocery,DIST_W_03,Moderate
OUT_04092,2024-04,364.8390884046173,7,Medium,2,Grocery,DIST_W_03,Favorable
OUT_04092,2024-05,41.26806858743781,3,Medium,2,Grocery,DIST_W_03,Un-Favorable
OUT_04092,2024-06,133.22241590046696,2,Medium,2,Grocery,DIST_W_03,Un-Favorable
OUT_04092,2024-07,174.40273670748013,1,Medium,2,Grocery,DIST_W_03,Moderate
OUT_04092,2024-08,154.47949569046366,1,Medium,2,Grocery,DIST_W_03,Moderate
OUT_04092,2024-09,258.4051198408743,2,Medium,2,Grocery,DIST_W_03,Moderate
OUT_04092,2025-02,194.83925774571068,2,Medium,2,Grocery,DIST_W_03,Moderate
OUT_04092,2025-04,65.13703900742817,5,Medium,2,Grocery,DIST_W_03,Favorable
OUT_04092,2025-05,27.87431050578766,3,Medium,2,Grocery,DIST_W_03,Un-Favorable
OUT_04092,2025-06,36.57983991026205,1,Medium,2,Grocery,DIST_W_03,Un-Favorable
OUT_04092,2025-07,107.73957999102232,1,Medium,2,Grocery,DIST_W_03,Moderate
OUT_04092,2025-08,177.66861168890495,1,Medium,2,Grocery,DIST_W_03,Moderate
OUT_04092,2025-10,42.96115497969007,1,Medium,2,Grocery,DIST_W_03,Moderate
OUT_04092,2025-11,198.7337598889385,1,Medium,2,Grocery,DIST_W_03,Moderate
OUT_04092,2025-12,130.59957912598327,2,Medium,2,Grocery,DIST_W_03,Favorable
OUT_04104,2023-01,70.65282533174769,3,Small,0,Hotel,DIST_W_01,Moderate
OUT_04104,2023-02,77.92278584660933,3,Small,0,Hotel,DIST_W_01,Moderate
OUT_04104,2023-03,6.695283097223327,1,Small,0,Hotel,DIST_W_01,Moderate
OUT_04104,2023-04,34.77906466779857,4,Small,0,Hotel,DIST_W_01,Favorable
OUT_04104,2023-07,104.334650736972,1,Small,0,Hotel,DIST_W_01,Moderate
OUT_04104,2023-10,60.90393717394032,1,Small,0,Hotel,DIST_W_01,Moderate
OUT_04104,2024-01,22.650953682939694,2,Small,0,Hotel,DIST_W_01,Moderate
OUT_04104,2024-05,13.9258944394466,3,Small,0,Hotel,DIST_W_01,Un-Favorable
OUT_04104,2024-06,21.54976383790804,2,Small,0,Hotel,DIST_W_01,Un-Favorable
OUT_04104,2024-08,21.56482308899566,1,Small,0,Hotel,DIST_W_01,Moderate
OUT_04104,2024-10,15.88224945592556,2,Small,0,Hotel,DIST_W_01,Moderate
OUT_04104,2024-11,16.490914475153456,1,Small,0,Hotel,DIST_W_01,Moderate
OUT_04104,2024-12,151.39246334921083,2,Small,0,Hotel,DIST_W_01,Favorable
OUT_04104,2025-04,38.08659868746051,5,Small,0,Hotel,DIST_W_01,Favorable
OUT_04104,2025-05,44.40761081701541,3,Small,0,Hotel,DIST_W_01,Un-Favorable
OUT_04104,2025-06,11.770223609806616,1,Small,0,Hotel,DIST_W_01,Un-Favorable
OUT_04104,2025-10,100.08600821090243,1,Small,0,Hotel,DIST_W_01,Moderate
OUT_04104,2025-11,26.63969869866277,1,Small,0,Hotel,DIST_W_01,Moderate
OUT_04105,2023-01,89.56766615292298,3,Medium,2,Grocery,DIST_W_02,Moderate
OUT_04105,2023-02,209.96728946924696,3,Medium,2,Grocery,DIST_W_02,Moderate
OUT_04105,2023-04,93.57484507483444,4,Medium,2,Grocery,DIST_W_02,Favorable
OUT_04105,2023-05,41.52008913895504,4,Medium,2,Grocery,DIST_W_02,Un-Favorable
OUT_04105,2023-06,98.33347708453176,1,Medium,2,Grocery,DIST_W_02,Un-Favorable
OUT_04105,2023-07,193.03838579621865,1,Medium,2,Grocery,DIST_W_02,Moderate
OUT_04105,2023-08,201.39166364006627,2,Medium,2,Grocery,DIST_W_02,Moderate
OUT_04105,2023-09,35.11345629265032,2,Medium,2,Grocery,DIST_W_02,Moderate
OUT_04105,2023-10,83.3537467024909,1,Medium,2,Grocery,DIST_W_02,Moderate
OUT_04105,2023-11,197.94546309575009,1,Medium,2,Grocery,DIST_W_02,Moderate
OUT_04105,2024-03,186.362353030777,3,Medium,2,Grocery,DIST_W_02,Moderate
OUT_04105,2024-05,98.08819285021252,3,Medium,2,Grocery,DIST_W_02,Un-Favorable
OUT_04105,2024-06,62.96098999721164,2,Medium,2,Grocery,DIST_W_02,Un-Favorable
OUT_04105,2024-07,171.2148069397774,1,Medium,2,Grocery,DIST_W_02,Moderate
OUT_04105,2024-10,196.29917144160555,2,Medium,2,Grocery,DIST_W_02,Moderate
OUT_04105,2024-11,186.7119321183089,1,Medium,2,Grocery,DIST_W_02,Moderate
OUT_04105,2024-12,139.73200072987814,2,Medium,2,Grocery,DIST_W_02,Favorable
OUT_04105,2025-01,47.668963972133824,2,Medium,2,Grocery,DIST_W_02,Moderate
OUT_04105,2025-03,204.0949480113091,1,Medium,2,Grocery,DIST_W_02,Moderate
OUT_04105,2025-05,17.31356670843396,3,Medium,2,Grocery,DIST_W_02,Un-Favorable
OUT_04105,2025-06,38.308403096348144,1,Medium,2,Grocery,DIST_W_02,Un-Favorable
OUT_04105,2025-07,180.6251154663862,1,Medium,2,Grocery,DIST_W_02,Moderate
OUT_04105,2025-08,51.35726962730799,1,Medium,2,Grocery,DIST_W_02,Moderate
OUT_04105,2025-10,162.0971714220286,1,Medium,2,Grocery,DIST_W_02,Moderate
OUT_04105,2025-11,229.2359136681187,1,Medium,2,Grocery,DIST_W_02,Moderate
OUT_04105,2025-12,169.24443454650063,2,Medium,2,Grocery,DIST_W_02,Favorable
OUT_04108,2023-01,509.7924081856975,3,Large,3,Grocery,DIST_W_02,Moderate
OUT_04108,2023-02,623.1733483608938,3,Large,3,Grocery,DIST_W_02,Moderate
OUT_04108,2023-03,596.5920783002322,1,Large,3,Grocery,DIST_W_02,Moderate
OUT_04108,2023-04,431.86797385680177,4,Large,3,Grocery,DIST_W_02,Favorable
OUT_04108,2023-05,438.62002219750985,4,Large,3,Grocery,DIST_W_02,Un-Favorable
OUT_04108,2023-06,341.477415721483,1,Large,3,Grocery,DIST_W_02,Un-Favorable
OUT_04108,2023-07,544.1439350248972,1,Large,3,Grocery,DIST_W_02,Moderate
OUT_04108,2023-08,337.59896449063126,2,Large,3,Grocery,DIST_W_02,Moderate
OUT_04108,2023-09,441.43539894129657,2,Large,3,Grocery,DIST_W_02,Moderate
OUT_04108,2023-10,648.7536846496131,1,Large,3,Grocery,DIST_W_02,Moderate
OUT_04108,2023-11,624.1734998185376,1,Large,3,Grocery,DIST_W_02,Moderate
OUT_04108,2023-12,762.2504958422709,2,Large,3,Grocery,DIST_W_02,Favorable
OUT_04108,2024-01,569.5140502404013,2,Large,3,Grocery,DIST_W_02,Moderate
OUT_04108,2024-02,422.2602360765637,3,Large,3,Grocery,DIST_W_02,Moderate
OUT_04108,2024-03,540.983764191731,3,Large,3,Grocery,DIST_W_02,Moderate
OUT_04108,2024-04,361.00739591836106,7,Large,3,Grocery,DIST_W_02,Favorable
OUT_04108,2024-05,325.90012083429093,3,Large,3,Grocery,DIST_W_02,Un-Favorable
OUT_04108,2024-09,589.7066712292333,2,Large,3,Grocery,DIST_W_02,Moderate
OUT_04108,2024-10,217.362018820364,2,Large,3,Grocery,DIST_W_02,Moderate
OUT_04108,2024-12,380.1530879808784,2,Large,3,Grocery,DIST_W_02,Favorable
OUT_04108,2025-01,627.06341229802,2,Large,3,Grocery,DIST_W_02,Moderate
OUT_04108,2025-02,582.9368801284562,2,Large,3,Grocery,DIST_W_02,Moderate
OUT_04108,2025-03,607.3889711265949,1,Large,3,Grocery,DIST_W_02,Moderate
OUT_04108,2025-04,995.1542883422784,5,Large,3,Grocery,DIST_W_02,Favorable
OUT_04108,2025-05,348.9044193464215,3,Large,3,Grocery,DIST_W_02,Un-Favorable
OUT_04108,2025-09,387.2360176415049,2,Large,3,Grocery,DIST_W_02,Moderate
OUT_04108,2025-10,528.5266320408524,1,Large,3,Grocery,DIST_W_02,Moderate
OUT_04108,2025-11,719.2680117096161,1,Large,3,Grocery,DIST_W_02,Moderate
OUT_04108,2025-12,854.1399815035709,2,Large,3,Grocery,DIST_W_02,Favorable
OUT_04118,2023-02,74.67968249766136,3,Small,0,Grocery,DIST_W_02,Moderate
OUT_04118,2023-04,65.01620759528686,4,Small,0,Grocery,DIST_W_02,Favorable
OUT_04118,2023-06,57.713047673785255,1,Small,0,Grocery,DIST_W_02,Un-Favorable
OUT_04118,2023-07,27.302532410339268,1,Small,0,Grocery,DIST_W_02,Moderate
OUT_04118,2023-08,48.34681928966659,2,Small,0,Grocery,DIST_W_02,Moderate
OUT_04118,2023-10,90.3513799897422,1,Small,0,Grocery,DIST_W_02,Moderate
OUT_04118,2023-12,12.97758590263818,2,Small,0,Grocery,DIST_W_02,Favorable
OUT_04118,2024-01,34.89786718954949,2,Small,0,Grocery,DIST_W_02,Moderate
OUT_04118,2024-04,66.79838117451365,7,Small,0,Grocery,DIST_W_02,Favorable
OUT_04118,2024-05,48.74849153860436,3,Small,0,Grocery,DIST_W_02,Un-Favorable
OUT_04118,2024-06,5.153498324194151,2,Small,0,Grocery,DIST_W_02,Un-Favorable
OUT_04118,2024-07,94.14370247470724,1,Small,0,Grocery,DIST_W_02,Moderate
OUT_04118,2024-09,5.0397459951192864,2,Small,0,Grocery,DIST_W_02,Moderate
OUT_04118,2024-10,81.02357055825205,2,Small,0,Grocery,DIST_W_02,Moderate
OUT_04118,2025-03,4.089298077180924,1,Small,0,Grocery,DIST_W_02,Moderate
OUT_04118,2025-04,23.148694210743777,5,Small,0,Grocery,DIST_W_02,Favorable
OUT_04118,2025-05,65.88281736959995,3,Small,0,Grocery,DIST_W_02,Un-Favorable
OUT_04118,2025-07,63.49543788006348,1,Small,0,Grocery,DIST_W_02,Moderate
OUT_04118,2025-08,39.87619698646824,1,Small,0,Grocery,DIST_W_02,Moderate
OUT_04118,2025-09,7.478402369751468,2,Small,0,Grocery,DIST_W_02,Moderate
OUT_04118,2025-11,27.154872523324805,1,Small,0,Grocery,DIST_W_02,Moderate
OUT_04153,2023-02,34.86080412092835,3,Small,0,SMMT,DIST_W_02,Moderate
OUT_04153,2023-03,30.36270039661474,1,Small,0,SMMT,DIST_W_02,Moderate
OUT_04153,2023-04,36.61572675708069,4,Small,0,SMMT,DIST_W_02,Favorable
OUT_04153,2023-05,12.956603704971585,4,Small,0,SMMT,DIST_W_02,Un-Favorable
OUT_04153,2023-06,2.19897165763312,1,Small,0,SMMT,DIST_W_02,Un-Favorable
OUT_04153,2023-07,36.93304871156023,1,Small,0,SMMT,DIST_W_02,Moderate
OUT_04153,2023-08,88.21846480999005,2,Small,0,SMMT,DIST_W_02,Moderate
OUT_04153,2023-11,10.291126081458607,1,Small,0,SMMT,DIST_W_02,Moderate
OUT_04153,2024-01,70.96436721341848,2,Small,0,SMMT,DIST_W_02,Moderate
OUT_04153,2024-03,73.884535362507,3,Small,0,SMMT,DIST_W_02,Moderate
OUT_04153,2024-04,60.51546369959132,7,Small,0,SMMT,DIST_W_02,Favorable
OUT_04153,2024-07,17.57317798919606,1,Small,0,SMMT,DIST_W_02,Moderate
OUT_04153,2024-08,45.47784012492279,1,Small,0,SMMT,DIST_W_02,Moderate
OUT_04153,2024-09,17.885805586141114,2,Small,0,SMMT,DIST_W_02,Moderate
OUT_04153,2024-10,9.924546682223742,2,Small,0,SMMT,DIST_W_02,Moderate
OUT_04153,2025-03,21.48235987765256,1,Small,0,SMMT,DIST_W_02,Moderate
OUT_04153,2025-04,144.67747630658917,5,Small,0,SMMT,DIST_W_02,Favorable
OUT_04153,2025-10,70.62450320694455,1,Small,0,SMMT,DIST_W_02,Moderate
OUT_04153,2025-11,75.50860996832418,1,Small,0,SMMT,DIST_W_02,Moderate
OUT_04153,2025-12,54.09633194681981,2,Small,0,SMMT,DIST_W_02,Favorable
OUT_04158,2023-02,88.2774060734017,3,Small,0,Grocery,DIST_W_03,Moderate
OUT_04158,2023-04,113.52752549973738,4,Small,0,Grocery,DIST_W_03,Favorable
OUT_04158,2023-07,25.63114706258063,1,Small,0,Grocery,DIST_W_03,Moderate
OUT_04158,2023-08,15.351388852379133,2,Small,0,Grocery,DIST_W_03,Moderate
OUT_04158,2023-09,3.337905870624465,2,Small,0,Grocery,DIST_W_03,Moderate
OUT_04158,2023-10,29.499693155471004,1,Small,0,Grocery,DIST_W_03,Moderate
OUT_04158,2023-11,18.157604703127166,1,Small,0,Grocery,DIST_W_03,Moderate
OUT_04158,2023-12,148.51390742857177,2,Small,0,Grocery,DIST_W_03,Favorable
OUT_04158,2024-05,57.46646115802517,3,Small,0,Grocery,DIST_W_03,Un-Favorable
OUT_04158,2024-11,14.674164781276366,1,Small,0,Grocery,DIST_W_03,Moderate
OUT_04158,2024-12,18.4956112266831,2,Small,0,Grocery,DIST_W_03,Favorable
OUT_04158,2025-02,4.180711251995802,2,Small,0,Grocery,DIST_W_03,Moderate
OUT_04158,2025-03,31.107337933378112,1,Small,0,Grocery,DIST_W_03,Moderate
OUT_04158,2025-07,8.906456374199532,1,Small,0,Grocery,DIST_W_03,Moderate
OUT_04158,2025-08,89.12796905910778,1,Small,0,Grocery,DIST_W_03,Moderate
OUT_04158,2025-09,2.9601749600521656,2,Small,0,Grocery,DIST_W_03,Moderate
OUT_04158,2025-10,23.081725804161536,1,Small,0,Grocery,DIST_W_03,Moderate
OUT_04158,2025-12,49.3332185081005,2,Small,0,Grocery,DIST_W_03,Favorable
OUT_04160,2023-02,33.47525264293705,3,Small,1,Eatery,DIST_W_03,Moderate
OUT_04160,2023-03,78.05543504391828,1,Small,1,Eatery,DIST_W_03,Moderate
OUT_04160,2023-06,43.881912463431135,1,Small,1,Eatery,DIST_W_03,Un-Favorable
OUT_04160,2023-07,34.29321301413894,1,Small,1,Eatery,DIST_W_03,Moderate
OUT_04160,2023-08,40.47232853435128,2,Small,1,Eatery,DIST_W_03,Moderate
OUT_04160,2023-10,12.453639729248444,1,Small,1,Eatery,DIST_W_03,Moderate
OUT_04160,2023-11,20.06210231984244,1,Small,1,Eatery,DIST_W_03,Moderate
OUT_04160,2024-04,41.71953623528825,7,Small,1,Eatery,DIST_W_03,Favorable
OUT_04160,2024-05,14.425502803982956,3,Small,1,Eatery,DIST_W_03,Un-Favorable
OUT_04160,2024-06,59.45315065624637,2,Small,1,Eatery,DIST_W_03,Un-Favorable
OUT_04160,2024-07,32.99084781473165,1,Small,1,Eatery,DIST_W_03,Moderate
OUT_04160,2024-10,105.01372929639535,2,Small,1,Eatery,DIST_W_03,Moderate
OUT_04160,2024-12,55.894303887846405,2,Small,1,Eatery,DIST_W_03,Favorable
OUT_04160,2025-02,33.96848063225177,2,Small,1,Eatery,DIST_W_03,Moderate
OUT_04160,2025-03,26.690766571437045,1,Small,1,Eatery,DIST_W_03,Moderate
OUT_04160,2025-04,24.837756526897927,5,Small,1,Eatery,DIST_W_03,Favorable
OUT_04160,2025-05,10.54918662133291,3,Small,1,Eatery,DIST_W_03,Un-Favorable
OUT_04160,2025-06,60.41128300161608,1,Small,1,Eatery,DIST_W_03,Un-Favorable
OUT_04160,2025-08,32.80376537571146,1,Small,1,Eatery,DIST_W_03,Moderate
OUT_04160,2025-10,14.72115816582502,1,Small,1,Eatery,DIST_W_03,Moderate
OUT_04160,2025-11,16.182590804090296,1,Small,1,Eatery,DIST_W_03,Moderate
OUT_04163,2023-04,80.91771411856283,4,Small,0,Kiosk,DIST_W_03,Favorable
OUT_04163,2023-06,2.1213113016179324,1,Small,0,Kiosk,DIST_W_03,Un-Favorable
OUT_04163,2023-09,9.984704268987038,2,Small,0,Kiosk,DIST_W_03,Moderate
OUT_04163,2023-12,62.98451407518097,2,Small,0,Kiosk,DIST_W_03,Favorable
OUT_04163,2024-01,9.385488643020508,2,Small,0,Kiosk,DIST_W_03,Moderate
OUT_04163,2024-03,11.77177500112643,3,Small,0,Kiosk,DIST_W_03,Moderate
OUT_04163,2024-04,129.8904791818377,7,Small,0,Kiosk,DIST_W_03,Favorable
OUT_04163,2024-09,4.603672820045271,2,Small,0,Kiosk,DIST_W_03,Moderate
OUT_04163,2025-03,75.39301006966252,1,Small,0,Kiosk,DIST_W_03,Moderate
OUT_04163,2025-04,78.53556737289094,5,Small,0,Kiosk,DIST_W_03,Favorable
OUT_04163,2025-09,13.651157595943072,2,Small,0,Kiosk,DIST_W_03,Moderate
OUT_04163,2025-10,21.72792773158936,1,Small,0,Kiosk,DIST_W_03,Moderate
OUT_04183,2023-01,93.00841515237344,3,,1,Grocery,DIST_W_03,Moderate
OUT_04183,2023-02,28.34458698272836,3,,1,Grocery,DIST_W_03,Moderate
OUT_04183,2023-05,26.75869412825173,4,,1,Grocery,DIST_W_03,Un-Favorable
OUT_04183,2023-06,30.94836816083921,1,,1,Grocery,DIST_W_03,Un-Favorable
OUT_04183,2023-08,31.8535656575026,2,,1,Grocery,DIST_W_03,Moderate
OUT_04183,2023-11,96.94399199640311,1,,1,Grocery,DIST_W_03,Moderate
OUT_04183,2024-01,84.83518596357601,2,,1,Grocery,DIST_W_03,Moderate
OUT_04183,2024-04,128.0614257113979,7,,1,Grocery,DIST_W_03,Favorable
OUT_04183,2024-05,14.190877474559963,3,,1,Grocery,DIST_W_03,Un-Favorable
OUT_04183,2024-08,58.27776004562697,1,,1,Grocery,DIST_W_03,Moderate
OUT_04183,2024-11,65.70859009903361,1,,1,Grocery,DIST_W_03,Moderate
OUT_04183,2025-06,22.111272977619524,1,,1,Grocery,DIST_W_03,Un-Favorable
OUT_04183,2025-08,81.55596717686352,1,,1,Grocery,DIST_W_03,Moderate
OUT_04183,2025-09,66.14491236722789,2,,1,Grocery,DIST_W_03,Moderate
OUT_04183,2025-10,24.71606379664808,1,,1,Grocery,DIST_W_03,Moderate
OUT_04220,2023-01,20.982167401062227,3,,2,Pharmacy,DIST_W_01,Moderate
OUT_04220,2023-02,19.466413293679,3,,2,Pharmacy,DIST_W_01,Moderate
OUT_04220,2023-09,54.4065735022111,2,,2,Pharmacy,DIST_W_01,Moderate
OUT_04220,2023-11,105.19347862179096,1,,2,Pharmacy,DIST_W_01,Moderate
OUT_04220,2023-12,53.830924947459664,2,,2,Pharmacy,DIST_W_01,Favorable
OUT_04220,2024-01,22.38155922447392,2,,2,Pharmacy,DIST_W_01,Moderate
OUT_04220,2024-03,93.9583526041298,3,,2,Pharmacy,DIST_W_01,Moderate
OUT_04220,2024-07,73.0071357243217,1,,2,Pharmacy,DIST_W_01,Moderate
OUT_04220,2024-08,42.96196557783431,1,,2,Pharmacy,DIST_W_01,Moderate
OUT_04220,2024-10,13.421158202415088,2,,2,Pharmacy,DIST_W_01,Moderate
OUT_04220,2024-11,89.50624460473301,1,,2,Pharmacy,DIST_W_01,Moderate
OUT_04220,2024-12,26.57139177965519,2,,2,Pharmacy,DIST_W_01,Favorable
OUT_04220,2025-01,27.990240553890786,2,,2,Pharmacy,DIST_W_01,Moderate
OUT_04220,2025-02,21.74403726255951,2,,2,Pharmacy,DIST_W_01,Moderate
OUT_04220,2025-03,73.86287166275949,1,,2,Pharmacy,DIST_W_01,Moderate
OUT_04220,2025-05,9.398019433415495,3,,2,Pharmacy,DIST_W_01,Un-Favorable
OUT_04220,2025-06,23.897573092898696,1,,2,Pharmacy,DIST_W_01,Un-Favorable
OUT_04220,2025-07,20.42727548107986,1,,2,Pharmacy,DIST_W_01,Moderate
OUT_04220,2025-08,58.42160862104976,1,,2,Pharmacy,DIST_W_01,Moderate
OUT_04220,2025-10,13.771388619197277,1,,2,Pharmacy,DIST_W_01,Moderate
OUT_04220,2025-11,21.880326793658217,1,,2,Pharmacy,DIST_W_01,Moderate
OUT_04220,2025-12,13.299703850703882,2,,2,Pharmacy,DIST_W_01,Favorable
OUT_04236,2023-01,154.2574917833772,3,Medium,1,Pharmacy,DIST_W_02,Moderate
OUT_04236,2023-02,75.91611960880523,3,Medium,1,Pharmacy,DIST_W_02,Moderate
OUT_04236,2023-03,89.39592573804015,1,Medium,1,Pharmacy,DIST_W_02,Moderate
OUT_04236,2023-04,271.49184906005064,4,Medium,1,Pharmacy,DIST_W_02,Favorable
OUT_04236,2023-06,66.15482397998088,1,Medium,1,Pharmacy,DIST_W_02,Un-Favorable
OUT_04236,2023-08,50.5583083382935,2,Medium,1,Pharmacy,DIST_W_02,Moderate
OUT_04236,2023-10,106.41401703365322,1,Medium,1,Pharmacy,DIST_W_02,Moderate
OUT_04236,2023-11,47.50034146214617,1,Medium,1,Pharmacy,DIST_W_02,Moderate
OUT_04236,2024-01,130.15930809335322,2,Medium,1,Pharmacy,DIST_W_02,Moderate
OUT_04236,2024-02,31.494121623105624,3,Medium,1,Pharmacy,DIST_W_02,Moderate
OUT_04236,2024-03,76.7563991910404,3,Medium,1,Pharmacy,DIST_W_02,Moderate
OUT_04236,2024-04,43.481373056902974,7,Medium,1,Pharmacy,DIST_W_02,Favorable
OUT_04236,2024-05,97.9449812109269,3,Medium,1,Pharmacy,DIST_W_02,Un-Favorable
OUT_04236,2024-06,123.89763167140856,2,Medium,1,Pharmacy,DIST_W_02,Un-Favorable
OUT_04236,2024-07,205.2842163820604,1,Medium,1,Pharmacy,DIST_W_02,Moderate
OUT_04236,2024-08,222.5285922448144,1,Medium,1,Pharmacy,DIST_W_02,Moderate
OUT_04236,2024-09,77.12427189436974,2,Medium,1,Pharmacy,DIST_W_02,Moderate
OUT_04236,2024-10,63.92067285987388,2,Medium,1,Pharmacy,DIST_W_02,Moderate
OUT_04236,2024-11,55.97165364653957,1,Medium,1,Pharmacy,DIST_W_02,Moderate
OUT_04236,2024-12,73.70118006342109,2,Medium,1,Pharmacy,DIST_W_02,Favorable
OUT_04236,2025-01,108.36181610180893,2,Medium,1,Pharmacy,DIST_W_02,Moderate
OUT_04236,2025-02,75.41641882396505,2,Medium,1,Pharmacy,DIST_W_02,Moderate
OUT_04236,2025-03,39.679739626318295,1,Medium,1,Pharmacy,DIST_W_02,Moderate
OUT_04236,2025-04,53.94464885569988,5,Medium,1,Pharmacy,DIST_W_02,Favorable
OUT_04236,2025-05,56.8638107495841,3,Medium,1,Pharmacy,DIST_W_02,Un-Favorable
OUT_04236,2025-06,45.47668624317276,1,Medium,1,Pharmacy,DIST_W_02,Un-Favorable
OUT_04236,2025-07,137.35852077336716,1,Medium,1,Pharmacy,DIST_W_02,Moderate
OUT_04236,2025-09,69.67274086679089,2,Medium,1,Pharmacy,DIST_W_02,Moderate
OUT_04236,2025-10,44.73645493898804,1,Medium,1,Pharmacy,DIST_W_02,Moderate
OUT_04239,2023-01,1291.0349645695376,3,Extra Large,5,Hotel,DIST_W_01,Moderate
OUT_04239,2023-02,1316.3317858299297,3,Extra Large,5,Hotel,DIST_W_01,Moderate
OUT_04239,2023-03,1379.381029770604,1,Extra Large,5,Hotel,DIST_W_01,Moderate
OUT_04239,2023-04,1900.8222028266853,4,Extra Large,5,Hotel,DIST_W_01,Favorable
OUT_04239,2023-05,835.8319118820442,4,Extra Large,5,Hotel,DIST_W_01,Un-Favorable
OUT_04239,2023-07,1339.560617899914,1,Extra Large,5,Hotel,DIST_W_01,Moderate
OUT_04239,2023-08,1346.5235861313463,2,Extra Large,5,Hotel,DIST_W_01,Moderate
OUT_04239,2023-09,1213.3500068292617,2,Extra Large,5,Hotel,DIST_W_01,Moderate
OUT_04239,2023-10,1321.2730134173269,1,Extra Large,5,Hotel,DIST_W_01,Moderate
OUT_04239,2023-11,1325.779090748965,1,Extra Large,5,Hotel,DIST_W_01,Moderate
OUT_04239,2023-12,1634.9196845419392,2,Extra Large,5,Hotel,DIST_W_01,Favorable
OUT_04239,2024-01,1742.671636925475,2,Extra Large,5,Hotel,DIST_W_01,Moderate
OUT_04239,2024-02,1330.8945555199916,3,Extra Large,5,Hotel,DIST_W_01,Moderate
OUT_04239,2024-03,1344.1850861722546,3,Extra Large,5,Hotel,DIST_W_01,Moderate
OUT_04239,2024-04,1895.344856118562,7,Extra Large,5,Hotel,DIST_W_01,Favorable
OUT_04239,2024-05,851.3212075754561,3,Extra Large,5,Hotel,DIST_W_01,Un-Favorable
OUT_04239,2024-06,916.6846420214227,2,Extra Large,5,Hotel,DIST_W_01,Un-Favorable
OUT_04239,2024-07,1130.0478087398735,1,Extra Large,5,Hotel,DIST_W_01,Moderate
OUT_04239,2024-08,1290.6075067672457,1,Extra Large,5,Hotel,DIST_W_01,Moderate
OUT_04239,2024-09,1343.7723701431285,2,Extra Large,5,Hotel,DIST_W_01,Moderate
OUT_04239,2024-11,1331.533334008449,1,Extra Large,5,Hotel,DIST_W_01,Moderate
OUT_04239,2024-12,1884.450007679304,2,Extra Large,5,Hotel,DIST_W_01,Favorable
OUT_04239,2025-02,1229.9821271179487,2,Extra Large,5,Hotel,DIST_W_01,Moderate
OUT_04239,2025-03,1398.9146872711217,1,Extra Large,5,Hotel,DIST_W_01,Moderate
OUT_04239,2025-04,1812.683238349664,5,Extra Large,5,Hotel,DIST_W_01,Favorable
OUT_04239,2025-05,877.9398712742575,3,Extra Large,5,Hotel,DIST_W_01,Un-Favorable
OUT_04239,2025-06,833.5407340879649,1,Extra Large,5,Hotel,DIST_W_01,Un-Favorable
OUT_04239,2025-07,1271.6230662664825,1,Extra Large,5,Hotel,DIST_W_01,Moderate
OUT_04239,2025-08,1338.2049459199102,1,Extra Large,5,Hotel,DIST_W_01,Moderate
OUT_04239,2025-09,1366.2120568709277,2,Extra Large,5,Hotel,DIST_W_01,Moderate
OUT_04239,2025-10,1389.5781086109814,1,Extra Large,5,Hotel,DIST_W_01,Moderate
OUT_04239,2025-11,1295.0999554518055,1,Extra Large,5,Hotel,DIST_W_01,Moderate
OUT_04239,2025-12,1897.4285967384744,2,Extra Large,5,Hotel,DIST_W_01,Favorable
OUT_04276,2023-01,217.19588194838505,3,Medium,2,Bakery,DIST_W_02,Moderate
OUT_04276,2023-03,257.36238077887015,1,Medium,2,Bakery,DIST_W_02,Moderate
OUT_04276,2023-05,108.82963322093336,4,Medium,2,Bakery,DIST_W_02,Un-Favorable
OUT_04276,2023-08,76.28431498213682,2,Medium,2,Bakery,DIST_W_02,Moderate
OUT_04276,2023-09,51.13279482589992,2,Medium,2,Bakery,DIST_W_02,Moderate
OUT_04276,2023-11,110.81999869073508,1,Medium,2,Bakery,DIST_W_02,Moderate
OUT_04276,2023-12,199.6524474488266,2,Medium,2,Bakery,DIST_W_02,Favorable
OUT_04276,2024-02,97.52380681355504,3,Medium,2,Bakery,DIST_W_02,Moderate
OUT_04276,2024-04,292.67772478994254,7,Medium,2,Bakery,DIST_W_02,Favorable
OUT_04276,2024-05,39.28955862542851,3,Medium,2,Bakery,DIST_W_02,Un-Favorable
OUT_04276,2024-06,58.418259854385326,2,Medium,2,Bakery,DIST_W_02,Un-Favorable
OUT_04276,2024-07,25.51416392257857,1,Medium,2,Bakery,DIST_W_02,Moderate
OUT_04276,2024-09,92.62392960126536,2,Medium,2,Bakery,DIST_W_02,Moderate
OUT_04276,2024-10,249.5871572513199,2,Medium,2,Bakery,DIST_W_02,Moderate
OUT_04276,2024-11,198.3006872556854,1,Medium,2,Bakery,DIST_W_02,Moderate
OUT_04276,2024-12,194.2714533053665,2,Medium,2,Bakery,DIST_W_02,Favorable
OUT_04276,2025-02,136.9099105245306,2,Medium,2,Bakery,DIST_W_02,Moderate
OUT_04276,2025-03,119.70582356713966,1,Medium,2,Bakery,DIST_W_02,Moderate
OUT_04276,2025-05,112.99923726714532,3,Medium,2,Bakery,DIST_W_02,Un-Favorable
OUT_04276,2025-06,72.07728566975183,1,Medium,2,Bakery,DIST_W_02,Un-Favorable
OUT_04276,2025-07,192.23238638844407,1,Medium,2,Bakery,DIST_W_02,Moderate
OUT_04276,2025-08,187.45171883304727,1,Medium,2,Bakery,DIST_W_02,Moderate
OUT_04276,2025-09,139.07094057701173,2,Medium,2,Bakery,DIST_W_02,Moderate
OUT_04276,2025-10,69.39874859274599,1,Medium,2,Bakery,DIST_W_02,Moderate
OUT_04276,2025-11,182.46270628476003,1,Medium,2,Bakery,DIST_W_02,Moderate
OUT_04293,2023-01,697.2923339918797,3,Large,2,Hotel,DIST_W_02,Moderate
OUT_04293,2023-02,615.6857474945731,3,Large,2,Hotel,DIST_W_02,Moderate
OUT_04293,2023-03,194.58702599218543,1,Large,2,Hotel,DIST_W_02,Moderate
OUT_04293,2023-04,839.99750125132,4,Large,2,Hotel,DIST_W_02,Favorable
OUT_04293,2023-05,424.958245564464,4,Large,2,Hotel,DIST_W_02,Un-Favorable
OUT_04293,2023-06,344.6127090300112,1,Large,2,Hotel,DIST_W_02,Un-Favorable
OUT_04293,2023-07,602.3993405502033,1,Large,2,Hotel,DIST_W_02,Moderate
OUT_04293,2023-10,558.9332645497348,1,Large,2,Hotel,DIST_W_02,Moderate
OUT_04293,2023-11,538.0455098252974,1,Large,2,Hotel,DIST_W_02,Moderate
OUT_04293,2024-01,113.09306608032878,2,Large,2,Hotel,DIST_W_02,Moderate
OUT_04293,2024-02,580.7229621231477,3,Large,2,Hotel,DIST_W_02,Moderate
OUT_04293,2024-03,696.3650858354556,3,Large,2,Hotel,DIST_W_02,Moderate
OUT_04293,2024-04,814.7787368251334,7,Large,2,Hotel,DIST_W_02,Favorable
OUT_04293,2024-05,346.8309621498032,3,Large,2,Hotel,DIST_W_02,Un-Favorable
OUT_04293,2024-06,376.72074882494553,2,Large,2,Hotel,DIST_W_02,Un-Favorable
OUT_04293,2024-07,600.5122583750119,1,Large,2,Hotel,DIST_W_02,Moderate
OUT_04293,2024-08,193.7999957452072,1,Large,2,Hotel,DIST_W_02,Moderate
OUT_04293,2024-09,570.0075446135918,2,Large,2,Hotel,DIST_W_02,Moderate
OUT_04293,2024-10,554.7876116385645,2,Large,2,Hotel,DIST_W_02,Moderate
OUT_04293,2024-11,567.6450596523903,1,Large,2,Hotel,DIST_W_02,Moderate
OUT_04293,2024-12,483.79831549135343,2,Large,2,Hotel,DIST_W_02,Favorable
OUT_04293,2025-01,617.217545803579,2,Large,2,Hotel,DIST_W_02,Moderate
OUT_04293,2025-02,302.1070084766965,2,Large,2,Hotel,DIST_W_02,Moderate
OUT_04293,2025-03,636.3390661378925,1,Large,2,Hotel,DIST_W_02,Moderate
OUT_04293,2025-05,197.4140660533293,3,Large,2,Hotel,DIST_W_02,Un-Favorable
OUT_04293,2025-06,363.8250571717242,1,Large,2,Hotel,DIST_W_02,Un-Favorable
OUT_04293,2025-07,344.08363011790146,1,Large,2,Hotel,DIST_W_02,Moderate
OUT_04293,2025-08,490.3013022033392,1,Large,2,Hotel,DIST_W_02,Moderate
OUT_04293,2025-09,714.2457253532059,2,Large,2,Hotel,DIST_W_02,Moderate
OUT_04293,2025-10,633.217275343957,1,Large,2,Hotel,DIST_W_02,Moderate
OUT_04293,2025-11,567.4312353265723,1,Large,2,Hotel,DIST_W_02,Moderate
OUT_04293,2025-12,758.9382460491629,2,Large,2,Hotel,DIST_W_02,Favorable
OUT_04299,2023-02,219.65223382768065,3,Medium,2,Grocery,DIST_W_01,Moderate
OUT_04299,2023-04,349.98996410731536,4,Medium,2,Grocery,DIST_W_01,Favorable
OUT_04299,2023-05,148.849694457451,4,Medium,2,Grocery,DIST_W_01,Un-Favorable
OUT_04299,2023-07,49.16145837235154,1,Medium,2,Grocery,DIST_W_01,Moderate
OUT_04299,2023-09,43.33969691155539,2,Medium,2,Grocery,DIST_W_01,Moderate
OUT_04299,2023-10,161.11986823025018,1,Medium,2,Grocery,DIST_W_01,Moderate
OUT_04299,2023-11,214.7371475762988,1,Medium,2,Grocery,DIST_W_01,Moderate
OUT_04299,2024-01,172.01412551161118,2,Medium,2,Grocery,DIST_W_01,Moderate
OUT_04299,2024-02,100.30461210097168,3,Medium,2,Grocery,DIST_W_01,Moderate
OUT_04299,2024-03,37.08613397622258,3,Medium,2,Grocery,DIST_W_01,Moderate
OUT_04299,2024-06,121.67856548546004,2,Medium,2,Grocery,DIST_W_01,Un-Favorable
OUT_04299,2024-08,218.2883678966833,1,Medium,2,Grocery,DIST_W_01,Moderate
OUT_04299,2024-10,30.61553447628561,2,Medium,2,Grocery,DIST_W_01,Moderate
OUT_04299,2024-12,361.1680060124759,2,Medium,2,Grocery,DIST_W_01,Favorable
OUT_04299,2025-01,34.730035325791206,2,Medium,2,Grocery,DIST_W_01,Moderate
OUT_04299,2025-03,216.87747889829612,1,Medium,2,Grocery,DIST_W_01,Moderate
OUT_04299,2025-04,144.51687664745978,5,Medium,2,Grocery,DIST_W_01,Favorable
OUT_04299,2025-05,53.53043255631529,3,Medium,2,Grocery,DIST_W_01,Un-Favorable
OUT_04299,2025-06,158.89464255314087,1,Medium,2,Grocery,DIST_W_01,Un-Favorable
OUT_04299,2025-08,6.24270412241936,1,Medium,2,Grocery,DIST_W_01,Moderate
OUT_04299,2025-09,173.08525881125118,2,Medium,2,Grocery,DIST_W_01,Moderate
OUT_04299,2025-10,77.67586229397752,1,Medium,2,Grocery,DIST_W_01,Moderate
OUT_04299,2025-11,41.64922951949136,1,Medium,2,Grocery,DIST_W_01,Moderate
OUT_04299,2025-12,246.4184411715416,2,Medium,2,Grocery,DIST_W_01,Favorable
OUT_04342,2023-01,502.884499589422,3,Large,5,Bakery,DIST_W_02,Moderate
OUT_04342,2023-03,603.0307536630531,1,Large,5,Bakery,DIST_W_02,Moderate
OUT_04342,2023-05,382.4427275770357,4,Large,5,Bakery,DIST_W_02,Un-Favorable
OUT_04342,2023-07,247.347182218086,1,Large,5,Bakery,DIST_W_02,Moderate
OUT_04342,2023-08,550.4171669546038,2,Large,5,Bakery,DIST_W_02,Moderate
OUT_04342,2023-09,580.3129637804085,2,Large,5,Bakery,DIST_W_02,Moderate
OUT_04342,2023-10,393.8269187723311,1,Large,5,Bakery,DIST_W_02,Moderate
OUT_04342,2023-11,657.4481452751188,1,Large,5,Bakery,DIST_W_02,Moderate
OUT_04342,2023-12,648.8958435377498,2,Large,5,Bakery,DIST_W_02,Favorable
OUT_04342,2024-02,526.092558707613,3,Large,5,Bakery,DIST_W_02,Moderate
OUT_04342,2024-03,347.2346638326682,3,Large,5,Bakery,DIST_W_02,Moderate
OUT_04342,2024-04,855.7770980623648,7,Large,5,Bakery,DIST_W_02,Favorable
OUT_04342,2024-05,414.0120925182218,3,Large,5,Bakery,DIST_W_02,Un-Favorable
OUT_04342,2024-06,186.82159804191343,2,Large,5,Bakery,DIST_W_02,Un-Favorable
OUT_04342,2024-07,481.36927368818345,1,Large,5,Bakery,DIST_W_02,Moderate
OUT_04342,2024-08,574.7584634861084,1,Large,5,Bakery,DIST_W_02,Moderate
OUT_04342,2024-10,682.9122591481687,2,Large,5,Bakery,DIST_W_02,Moderate
OUT_04342,2024-11,597.9820864246265,1,Large,5,Bakery,DIST_W_02,Moderate
OUT_04342,2024-12,722.4403321659448,2,Large,5,Bakery,DIST_W_02,Favorable
OUT_04342,2025-01,586.9727594080484,2,Large,5,Bakery,DIST_W_02,Moderate
OUT_04342,2025-02,545.5247263777825,2,Large,5,Bakery,DIST_W_02,Moderate
OUT_04342,2025-03,436.5018332815108,1,Large,5,Bakery,DIST_W_02,Moderate
OUT_04342,2025-04,937.0301502099044,5,Large,5,Bakery,DIST_W_02,Favorable
OUT_04342,2025-05,412.9127982683999,3,Large,5,Bakery,DIST_W_02,Un-Favorable
OUT_04342,2025-07,632.7340216042714,1,Large,5,Bakery,DIST_W_02,Moderate
OUT_04342,2025-08,466.77527363445984,1,Large,5,Bakery,DIST_W_02,Moderate
OUT_04342,2025-09,606.417152971948,2,Large,5,Bakery,DIST_W_02,Moderate
OUT_04342,2025-11,586.1275551675336,1,Large,5,Bakery,DIST_W_02,Moderate
OUT_04342,2025-12,778.4477583915584,2,Large,5,Bakery,DIST_W_02,Favorable
OUT_04383,2023-01,48.661006903434696,3,small,5,Eatery,DIST_W_03,Moderate
OUT_04383,2023-02,67.91063762593433,3,small,5,Eatery,DIST_W_03,Moderate
OUT_04383,2023-04,39.862780789934845,4,small,5,Eatery,DIST_W_03,Favorable
OUT_04383,2023-09,16.243044533766508,2,small,5,Eatery,DIST_W_03,Moderate
OUT_04383,2024-02,21.726869910966165,3,small,5,Eatery,DIST_W_03,Moderate
OUT_04383,2024-03,65.21758099739017,3,small,5,Eatery,DIST_W_03,Moderate
OUT_04383,2024-05,14.390201077783171,3,small,5,Eatery,DIST_W_03,Un-Favorable
OUT_04383,2024-07,7.50978238189165,1,small,5,Eatery,DIST_W_03,Moderate
OUT_04383,2024-11,29.32536387168862,1,small,5,Eatery,DIST_W_03,Moderate
OUT_04383,2024-12,24.52803981019577,2,small,5,Eatery,DIST_W_03,Favorable
OUT_04383,2025-02,28.44337146663855,2,small,5,Eatery,DIST_W_03,Moderate
OUT_04383,2025-04,141.06403505382488,5,small,5,Eatery,DIST_W_03,Favorable
OUT_04383,2025-07,19.82738534305692,1,small,5,Eatery,DIST_W_03,Moderate
OUT_04383,2025-08,79.33185932302527,1,small,5,Eatery,DIST_W_03,Moderate
OUT_04383,2025-11,45.46431263154875,1,small,5,Eatery,DIST_W_03,Moderate
OUT_04383,2025-12,10.281144609966246,2,small,5,Eatery,DIST_W_03,Favorable
OUT_04384,2023-03,19.813183801150927,1,Small,0, Eatery ,DIST_W_01,Moderate
OUT_04384,2023-07,29.907794579886755,1,Small,0, Eatery ,DIST_W_01,Moderate
OUT_04384,2023-08,85.71370533194835,2,Small,0, Eatery ,DIST_W_01,Moderate
OUT_04384,2024-02,134.88401387742897,3,Small,0, Eatery ,DIST_W_01,Moderate
OUT_04384,2024-03,41.74500220038234,3,Small,0, Eatery ,DIST_W_01,Moderate
OUT_04384,2024-05,68.89459330426149,3,Small,0, Eatery ,DIST_W_01,Un-Favorable
OUT_04384,2024-07,2.735217847314076,1,Small,0, Eatery ,DIST_W_01,Moderate
OUT_04384,2024-09,33.257011634413416,2,Small,0, Eatery ,DIST_W_01,Moderate
OUT_04384,2025-04,120.65055969814384,5,Small,0, Eatery ,DIST_W_01,Favorable
OUT_04384,2025-07,30.46920752071792,1,Small,0, Eatery ,DIST_W_01,Moderate
OUT_04384,2025-09,76.49810092235964,2,Small,0, Eatery ,DIST_W_01,Moderate
OUT_04384,2025-10,34.43030670720017,1,Small,0, Eatery ,DIST_W_01,Moderate
OUT_04384,2025-11,84.0277524510657,1,Small,0, Eatery ,DIST_W_01,Moderate
OUT_04399,2023-01,613.1197628861561,3,Large,5,SMMT,DIST_W_02,Moderate
OUT_04399,2023-02,598.3032071923728,3,Large,5,SMMT,DIST_W_02,Moderate
OUT_04399,2023-04,356.0783780291598,4,Large,5,SMMT,DIST_W_02,Favorable
OUT_04399,2023-05,403.1790940335636,4,Large,5,SMMT,DIST_W_02,Un-Favorable
OUT_04399,2023-06,405.3914065982439,1,Large,5,SMMT,DIST_W_02,Un-Favorable
OUT_04399,2023-07,495.1984728230676,1,Large,5,SMMT,DIST_W_02,Moderate
OUT_04399,2023-09,590.6071941168697,2,Large,5,SMMT,DIST_W_02,Moderate
OUT_04399,2023-10,286.9195050212163,1,Large,5,SMMT,DIST_W_02,Moderate
OUT_04399,2023-12,1220.7320293476294,2,Large,5,SMMT,DIST_W_02,Favorable
OUT_04399,2024-01,515.5528843884468,2,Large,5,SMMT,DIST_W_02,Moderate
OUT_04399,2024-02,295.15536318385426,3,Large,5,SMMT,DIST_W_02,Moderate
OUT_04399,2024-03,233.0003963716181,3,Large,5,SMMT,DIST_W_02,Moderate
OUT_04399,2024-04,808.6271890335047,7,Large,5,SMMT,DIST_W_02,Favorable
OUT_04399,2024-05,336.47131966367255,3,Large,5,SMMT,DIST_W_02,Un-Favorable
OUT_04399,2024-06,388.3901232175104,2,Large,5,SMMT,DIST_W_02,Un-Favorable
OUT_04399,2024-08,657.2693304995109,1,Large,5,SMMT,DIST_W_02,Moderate
OUT_04399,2024-09,227.216091930934,2,Large,5,SMMT,DIST_W_02,Moderate
OUT_04399,2024-10,641.5907886120633,2,Large,5,SMMT,DIST_W_02,Moderate
OUT_04399,2024-11,517.9661086350407,1,Large,5,SMMT,DIST_W_02,Moderate
OUT_04399,2024-12,871.8759800267289,2,Large,5,SMMT,DIST_W_02,Favorable
OUT_04399,2025-01,503.6858010329376,2,Large,5,SMMT,DIST_W_02,Moderate
OUT_04399,2025-02,597.9897504243113,2,Large,5,SMMT,DIST_W_02,Moderate
OUT_04399,2025-03,536.3731912227519,1,Large,5,SMMT,DIST_W_02,Moderate
OUT_04399,2025-04,916.9313406374677,5,Large,5,SMMT,DIST_W_02,Favorable
OUT_04399,2025-05,429.1225834346406,3,Large,5,SMMT,DIST_W_02,Un-Favorable
OUT_04399,2025-06,375.2585757237597,1,Large,5,SMMT,DIST_W_02,Un-Favorable
OUT_04399,2025-07,452.91821386049503,1,Large,5,SMMT,DIST_W_02,Moderate
OUT_04399,2025-08,618.2089169347233,1,Large,5,SMMT,DIST_W_02,Moderate
OUT_04399,2025-09,570.0582988282359,2,Large,5,SMMT,DIST_W_02,Moderate
OUT_04399,2025-10,284.5249412720445,1,Large,5,SMMT,DIST_W_02,Moderate
OUT_04399,2025-11,502.1029991366168,1,Large,5,SMMT,DIST_W_02,Moderate
OUT_04414,2023-01,688.0884226356576,3,Large,3,Bakery,DIST_W_01,Moderate
OUT_04414,2023-02,384.7892107660674,3,Large,3,Bakery,DIST_W_01,Moderate
OUT_04414,2023-03,611.7088130070767,1,Large,3,Bakery,DIST_W_01,Moderate
OUT_04414,2023-04,961.8837429284032,4,Large,3,Bakery,DIST_W_01,Favorable
OUT_04414,2023-05,402.2607176940142,4,Large,3,Bakery,DIST_W_01,Un-Favorable
OUT_04414,2023-06,339.2528610682626,1,Large,3,Bakery,DIST_W_01,Un-Favorable
OUT_04414,2023-07,621.2385441794285,1,Large,3,Bakery,DIST_W_01,Moderate
OUT_04414,2023-08,615.9733736527883,2,Large,3,Bakery,DIST_W_01,Moderate
OUT_04414,2023-09,540.6956326471117,2,Large,3,Bakery,DIST_W_01,Moderate
OUT_04414,2023-10,617.836759926883,1,Large,3,Bakery,DIST_W_01,Moderate
OUT_04414,2023-11,688.9098832479922,1,Large,3,Bakery,DIST_W_01,Moderate
OUT_04414,2023-12,785.6273758167725,2,Large,3,Bakery,DIST_W_01,Favorable
OUT_04414,2024-01,241.6146144780149,2,Large,3,Bakery,DIST_W_01,Moderate
OUT_04414,2024-02,551.6388274922078,3,Large,3,Bakery,DIST_W_01,Moderate
OUT_04414,2024-04,826.3097250224519,7,Large,3,Bakery,DIST_W_01,Favorable
OUT_04414,2024-05,390.0015082775153,3,Large,3,Bakery,DIST_W_01,Un-Favorable
OUT_04414,2024-07,522.0349723266792,1,Large,3,Bakery,DIST_W_01,Moderate
OUT_04414,2024-08,623.3993474081536,1,Large,3,Bakery,DIST_W_01,Moderate
OUT_04414,2024-09,639.3404430962995,2,Large,3,Bakery,DIST_W_01,Moderate
OUT_04414,2024-11,508.1676193801735,1,Large,3,Bakery,DIST_W_01,Moderate
OUT_04414,2024-12,663.2609777446424,2,Large,3,Bakery,DIST_W_01,Favorable
OUT_04414,2025-02,554.0335026047574,2,Large,3,Bakery,DIST_W_01,Moderate
OUT_04414,2025-03,484.6301003773916,1,Large,3,Bakery,DIST_W_01,Moderate
OUT_04414,2025-04,435.3516676313334,5,Large,3,Bakery,DIST_W_01,Favorable
OUT_04414,2025-05,421.0799788817943,3,Large,3,Bakery,DIST_W_01,Un-Favorable
OUT_04414,2025-06,406.3924629620717,1,Large,3,Bakery,DIST_W_01,Un-Favorable
OUT_04414,2025-07,572.1759456187355,1,Large,3,Bakery,DIST_W_01,Moderate
OUT_04414,2025-08,556.7592606459463,1,Large,3,Bakery,DIST_W_01,Moderate
OUT_04414,2025-09,197.8794843240616,2,Large,3,Bakery,DIST_W_01,Moderate
OUT_04414,2025-10,566.6949334109444,1,Large,3,Bakery,DIST_W_01,Moderate
OUT_04414,2025-11,510.63583825933296,1,Large,3,Bakery,DIST_W_01,Moderate
OUT_04414,2025-12,807.5965241056831,2,Large,3,Bakery,DIST_W_01,Favorable
OUT_04423,2023-01,210.32490834414827,3,Medium,1,SMMT,DIST_W_02,Moderate
OUT_04423,2023-03,23.731578237541,1,Medium,1,SMMT,DIST_W_02,Moderate
OUT_04423,2023-04,214.8940349002144,4,Medium,1,SMMT,DIST_W_02,Favorable
OUT_04423,2023-05,22.34864807475288,4,Medium,1,SMMT,DIST_W_02,Un-Favorable
OUT_04423,2023-06,20.438730037671185,1,Medium,1,SMMT,DIST_W_02,Un-Favorable
OUT_04423,2023-07,188.84193559112617,1,Medium,1,SMMT,DIST_W_02,Moderate
OUT_04423,2023-08,97.287206890998,2,Medium,1,SMMT,DIST_W_02,Moderate
OUT_04423,2023-09,175.50063209477602,2,Medium,1,SMMT,DIST_W_02,Moderate
OUT_04423,2023-11,196.0556917507901,1,Medium,1,SMMT,DIST_W_02,Moderate
OUT_04423,2023-12,261.7705379908809,2,Medium,1,SMMT,DIST_W_02,Favorable
OUT_04423,2024-02,138.47733598867407,3,Medium,1,SMMT,DIST_W_02,Moderate
OUT_04423,2024-03,169.95693883393804,3,Medium,1,SMMT,DIST_W_02,Moderate
OUT_04423,2024-04,49.27118109293762,7,Medium,1,SMMT,DIST_W_02,Favorable
OUT_04423,2024-05,119.95708365168178,3,Medium,1,SMMT,DIST_W_02,Un-Favorable
OUT_04423,2024-06,55.28797382304742,2,Medium,1,SMMT,DIST_W_02,Un-Favorable
OUT_04423,2024-07,232.66761198639583,1,Medium,1,SMMT,DIST_W_02,Moderate
OUT_04423,2024-11,48.197673207587805,1,Medium,1,SMMT,DIST_W_02,Moderate
OUT_04423,2025-01,17.910893742461784,2,Medium,1,SMMT,DIST_W_02,Moderate
OUT_04423,2025-02,71.35959114653295,2,Medium,1,SMMT,DIST_W_02,Moderate
OUT_04423,2025-05,144.78389536950175,3,Medium,1,SMMT,DIST_W_02,Un-Favorable
OUT_04423,2025-06,104.71369596782324,1,Medium,1,SMMT,DIST_W_02,Un-Favorable
OUT_04423,2025-07,93.61949931632655,1,Medium,1,SMMT,DIST_W_02,Moderate
OUT_04423,2025-08,213.31324938607327,1,Medium,1,SMMT,DIST_W_02,Moderate
OUT_04423,2025-09,108.62283928742576,2,Medium,1,SMMT,DIST_W_02,Moderate
OUT_04423,2025-10,107.51709556561472,1,Medium,1,SMMT,DIST_W_02,Moderate
OUT_04449,2023-01,491.7897496635862,3,Large,2,Eatery,DIST_W_02,Moderate
OUT_04449,2023-03,326.8659164589494,1,Large,2,Eatery,DIST_W_02,Moderate
OUT_04449,2023-04,802.7528698498176,4,Large,2,Eatery,DIST_W_02,Favorable
OUT_04449,2023-05,231.72382651057345,4,Large,2,Eatery,DIST_W_02,Un-Favorable
OUT_04449,2023-07,636.329765256996,1,Large,2,Eatery,DIST_W_02,Moderate
OUT_04449,2023-08,529.1219032619312,2,Large,2,Eatery,DIST_W_02,Moderate
OUT_04449,2023-09,368.47075565622777,2,Large,2,Eatery,DIST_W_02,Moderate
OUT_04449,2023-10,537.0400168897702,1,Large,2,Eatery,DIST_W_02,Moderate
OUT_04449,2023-11,535.0328930965317,1,Large,2,Eatery,DIST_W_02,Moderate
OUT_04449,2023-12,977.6835405762116,2,Large,2,Eatery,DIST_W_02,Favorable
OUT_04449,2024-01,474.7331397819861,2,Large,2,Eatery,DIST_W_02,Moderate
OUT_04449,2024-02,558.6888995697173,3,Large,2,Eatery,DIST_W_02,Moderate
OUT_04449,2024-03,607.1028571722608,3,Large,2,Eatery,DIST_W_02,Moderate
OUT_04449,2024-04,889.1639636008217,7,Large,2,Eatery,DIST_W_02,Favorable
OUT_04449,2024-05,113.2534698947466,3,Large,2,Eatery,DIST_W_02,Un-Favorable
OUT_04449,2024-06,376.33540627955904,2,Large,2,Eatery,DIST_W_02,Un-Favorable
OUT_04449,2024-07,562.3311841533246,1,Large,2,Eatery,DIST_W_02,Moderate
OUT_04449,2024-08,501.083570314857,1,Large,2,Eatery,DIST_W_02,Moderate
OUT_04449,2024-09,663.073238924307,2,Large,2,Eatery,DIST_W_02,Moderate
OUT_04449,2024-10,569.4203247327305,2,Large,2,Eatery,DIST_W_02,Moderate
OUT_04449,2024-11,594.2433765784969,1,Large,2,Eatery,DIST_W_02,Moderate
OUT_04449,2024-12,857.3024958100145,2,Large,2,Eatery,DIST_W_02,Favorable
OUT_04449,2025-01,604.2377382213203,2,Large,2,Eatery,DIST_W_02,Moderate
OUT_04449,2025-03,629.4820917894313,1,Large,2,Eatery,DIST_W_02,Moderate
OUT_04449,2025-04,387.82148132596745,5,Large,2,Eatery,DIST_W_02,Favorable
OUT_04449,2025-05,398.1195778322351,3,Large,2,Eatery,DIST_W_02,Un-Favorable
OUT_04449,2025-06,393.2908986648777,1,Large,2,Eatery,DIST_W_02,Un-Favorable
OUT_04449,2025-07,589.8575596600095,1,Large,2,Eatery,DIST_W_02,Moderate
OUT_04449,2025-08,338.3069079749216,1,Large,2,Eatery,DIST_W_02,Moderate
OUT_04449,2025-09,636.3782792719044,2,Large,2,Eatery,DIST_W_02,Moderate
OUT_04449,2025-10,560.4923049514083,1,Large,2,Eatery,DIST_W_02,Moderate
OUT_04449,2025-12,796.2676379681518,2,Large,2,Eatery,DIST_W_02,Favorable
OUT_04458,2023-01,61.38423946531986,3,Medium,2,SMMT,DIST_W_01,Moderate
OUT_04458,2023-02,160.0631032377291,3,Medium,2,SMMT,DIST_W_01,Moderate
OUT_04458,2023-03,201.5080258429354,1,Medium,2,SMMT,DIST_W_01,Moderate
OUT_04458,2023-04,309.04572897344013,4,Medium,2,SMMT,DIST_W_01,Favorable
OUT_04458,2023-05,146.10406007095708,4,Medium,2,SMMT,DIST_W_01,Un-Favorable
OUT_04458,2023-06,87.14821829143754,1,Medium,2,SMMT,DIST_W_01,Un-Favorable
OUT_04458,2023-07,202.67883766420027,1,Medium,2,SMMT,DIST_W_01,Moderate
OUT_04458,2023-10,55.98549190525744,1,Medium,2,SMMT,DIST_W_01,Moderate
OUT_04458,2023-11,53.40115613381461,1,Medium,2,SMMT,DIST_W_01,Moderate
OUT_04458,2024-05,134.4183067820144,3,Medium,2,SMMT,DIST_W_01,Un-Favorable
OUT_04458,2024-07,147.75423354080527,1,Medium,2,SMMT,DIST_W_01,Moderate
OUT_04458,2024-08,67.9736504108071,1,Medium,2,SMMT,DIST_W_01,Moderate
OUT_04458,2024-09,172.27736080291174,2,Medium,2,SMMT,DIST_W_01,Moderate
OUT_04458,2024-10,217.0869912426045,2,Medium,2,SMMT,DIST_W_01,Moderate
OUT_04458,2024-11,195.32481156122464,1,Medium,2,SMMT,DIST_W_01,Moderate
OUT_04458,2024-12,280.3575256047098,2,Medium,2,SMMT,DIST_W_01,Favorable
OUT_04458,2025-01,177.0658713345377,2,Medium,2,SMMT,DIST_W_01,Moderate
OUT_04458,2025-02,238.91134557911408,2,Medium,2,SMMT,DIST_W_01,Moderate
OUT_04458,2025-04,279.9834558774092,5,Medium,2,SMMT,DIST_W_01,Favorable
OUT_04458,2025-05,63.79974840393946,3,Medium,2,SMMT,DIST_W_01,Un-Favorable
OUT_04458,2025-06,46.79619306172511,1,Medium,2,SMMT,DIST_W_01,Un-Favorable
OUT_04458,2025-07,82.77947360182227,1,Medium,2,SMMT,DIST_W_01,Moderate
OUT_04458,2025-08,22.56088314525716,1,Medium,2,SMMT,DIST_W_01,Moderate
OUT_04458,2025-09,186.10497872254064,2,Medium,2,SMMT,DIST_W_01,Moderate
OUT_04458,2025-11,133.21263667939627,1,Medium,2,SMMT,DIST_W_01,Moderate
OUT_04458,2025-12,235.87814141479475,2,Medium,2,SMMT,DIST_W_01,Favorable
OUT_04466,2023-01,183.70417814291872,3,Medium,1,Bakery,DIST_W_03,Moderate
OUT_04466,2023-02,42.08340198710283,3,Medium,1,Bakery,DIST_W_03,Moderate
OUT_04466,2023-03,58.43333107906696,1,Medium,1,Bakery,DIST_W_03,Moderate
OUT_04466,2023-04,290.32062907563125,4,Medium,1,Bakery,DIST_W_03,Favorable
OUT_04466,2023-05,14.46902601273246,4,Medium,1,Bakery,DIST_W_03,Un-Favorable
OUT_04466,2023-06,123.63672555132636,1,Medium,1,Bakery,DIST_W_03,Un-Favorable
OUT_04466,2023-07,148.13120743332212,1,Medium,1,Bakery,DIST_W_03,Moderate
OUT_04466,2023-08,46.725409462861705,2,Medium,1,Bakery,DIST_W_03,Moderate
OUT_04466,2023-09,191.4871677896604,2,Medium,1,Bakery,DIST_W_03,Moderate
OUT_04466,2023-10,205.28100892359075,1,Medium,1,Bakery,DIST_W_03,Moderate
OUT_04466,2023-12,144.59502984654694,2,Medium,1,Bakery,DIST_W_03,Favorable
OUT_04466,2024-03,48.580091960160445,3,Medium,1,Bakery,DIST_W_03,Moderate
OUT_04466,2024-05,88.18841051444417,3,Medium,1,Bakery,DIST_W_03,Un-Favorable
OUT_04466,2024-07,177.70971918742924,1,Medium,1,Bakery,DIST_W_03,Moderate
OUT_04466,2024-08,200.84885851638185,1,Medium,1,Bakery,DIST_W_03,Moderate
OUT_04466,2024-11,204.04691868839856,1,Medium,1,Bakery,DIST_W_03,Moderate
OUT_04466,2024-12,102.17661346267622,2,Medium,1,Bakery,DIST_W_03,Favorable
OUT_04466,2025-01,150.49972919060767,2,Medium,1,Bakery,DIST_W_03,Moderate
OUT_04466,2025-02,27.858544684813545,2,Medium,1,Bakery,DIST_W_03,Moderate
OUT_04466,2025-03,153.0018295687856,1,Medium,1,Bakery,DIST_W_03,Moderate
OUT_04466,2025-04,91.8035737840978,5,Medium,1,Bakery,DIST_W_03,Favorable
OUT_04466,2025-05,50.5729132815587,3,Medium,1,Bakery,DIST_W_03,Un-Favorable
OUT_04466,2025-06,67.93772253818273,1,Medium,1,Bakery,DIST_W_03,Un-Favorable
OUT_04466,2025-07,122.0887785886166,1,Medium,1,Bakery,DIST_W_03,Moderate
OUT_04466,2025-08,44.54740423054645,1,Medium,1,Bakery,DIST_W_03,Moderate
OUT_04466,2025-09,184.3206948442848,2,Medium,1,Bakery,DIST_W_03,Moderate
OUT_04466,2025-11,84.01131778239049,1,Medium,1,Bakery,DIST_W_03,Moderate
OUT_04466,2025-12,306.8951652891753,2,Medium,1,Bakery,DIST_W_03,Favorable
OUT_04472,2023-01,72.50828306701113,3,Medium,2,Hotel,DIST_W_01,Moderate
OUT_04472,2023-02,27.05399598081006,3,Medium,2,Hotel,DIST_W_01,Moderate
OUT_04472,2023-03,186.3414548548511,1,Medium,2,Hotel,DIST_W_01,Moderate
OUT_04472,2023-04,74.24788098964288,4,Medium,2,Hotel,DIST_W_01,Favorable
OUT_04472,2023-06,13.815174199337962,1,Medium,2,Hotel,DIST_W_01,Un-Favorable
OUT_04472,2023-07,271.7880269470062,1,Medium,2,Hotel,DIST_W_01,Moderate
OUT_04472,2023-09,49.838287319140335,2,Medium,2,Hotel,DIST_W_01,Moderate
OUT_04472,2023-10,91.30333672211162,1,Medium,2,Hotel,DIST_W_01,Moderate
OUT_04472,2023-11,185.43983002168324,1,Medium,2,Hotel,DIST_W_01,Moderate
OUT_04472,2023-12,273.0446419148584,2,Medium,2,Hotel,DIST_W_01,Favorable
OUT_04472,2024-01,258.42052482219583,2,Medium,2,Hotel,DIST_W_01,Moderate
OUT_04472,2024-02,77.27408997085199,3,Medium,2,Hotel,DIST_W_01,Moderate
OUT_04472,2024-05,198.18180782146467,3,Medium,2,Hotel,DIST_W_01,Un-Favorable
OUT_04472,2024-06,114.44991788801876,2,Medium,2,Hotel,DIST_W_01,Un-Favorable
OUT_04472,2024-08,87.1493231277714,1,Medium,2,Hotel,DIST_W_01,Moderate
OUT_04472,2024-09,154.07062526425997,2,Medium,2,Hotel,DIST_W_01,Moderate
OUT_04472,2024-10,27.589203076504823,2,Medium,2,Hotel,DIST_W_01,Moderate
OUT_04472,2024-11,222.14631958025973,1,Medium,2,Hotel,DIST_W_01,Moderate
OUT_04472,2025-01,225.821020166236,2,Medium,2,Hotel,DIST_W_01,Moderate
OUT_04472,2025-02,204.2549539441108,2,Medium,2,Hotel,DIST_W_01,Moderate
OUT_04472,2025-03,184.040405419877,1,Medium,2,Hotel,DIST_W_01,Moderate
OUT_04472,2025-04,184.8008411294704,5,Medium,2,Hotel,DIST_W_01,Favorable
OUT_04472,2025-06,72.39511481846988,1,Medium,2,Hotel,DIST_W_01,Un-Favorable
OUT_04472,2025-07,195.3328265192956,1,Medium,2,Hotel,DIST_W_01,Moderate
OUT_04472,2025-08,124.97443308642973,1,Medium,2,Hotel,DIST_W_01,Moderate
OUT_04472,2025-10,95.29649178825515,1,Medium,2,Hotel,DIST_W_01,Moderate
OUT_04472,2025-11,88.60021750385644,1,Medium,2,Hotel,DIST_W_01,Moderate
OUT_04472,2025-12,291.72227917593347,2,Medium,2,Hotel,DIST_W_01,Favorable
OUT_04496,2023-01,86.74121274006936,3,Small,1,Pharmacy,DIST_W_01,Moderate
OUT_04496,2023-03,22.91826242941538,1,Small,1,Pharmacy,DIST_W_01,Moderate
OUT_04496,2023-05,11.605759894596344,4,Small,1,Pharmacy,DIST_W_01,Un-Favorable
OUT_04496,2023-08,13.567928356006115,2,Small,1,Pharmacy,DIST_W_01,Moderate
OUT_04496,2024-01,22.39043197733733,2,Small,1,Pharmacy,DIST_W_01,Moderate
OUT_04496,2024-09,33.694250461929485,2,Small,1,Pharmacy,DIST_W_01,Moderate
OUT_04496,2024-10,44.27314098061679,2,Small,1,Pharmacy,DIST_W_01,Moderate
OUT_04496,2025-03,25.050364154359347,1,Small,1,Pharmacy,DIST_W_01,Moderate
OUT_04496,2025-04,46.22857157814526,5,Small,1,Pharmacy,DIST_W_01,Favorable
OUT_04496,2025-05,59.838442255504496,3,Small,1,Pharmacy,DIST_W_01,Un-Favorable
OUT_04496,2025-06,48.09738065976391,1,Small,1,Pharmacy,DIST_W_01,Un-Favorable
OUT_04496,2025-07,46.447034991583415,1,Small,1,Pharmacy,DIST_W_01,Moderate
OUT_04496,2025-08,31.68331481518188,1,Small,1,Pharmacy,DIST_W_01,Moderate
OUT_04496,2025-09,12.858793641710069,2,Small,1,Pharmacy,DIST_W_01,Moderate
OUT_04496,2025-11,16.184277558404183,1,Small,1,Pharmacy,DIST_W_01,Moderate
OUT_04497,2023-01,197.52359974119776,3,Medium,1,Grocry,DIST_W_01,Moderate
OUT_04497,2023-03,187.5916490509965,1,Medium,1,Grocry,DIST_W_01,Moderate
OUT_04497,2023-05,21.37480866087471,4,Medium,1,Grocry,DIST_W_01,Un-Favorable
OUT_04497,2023-07,227.8186683764892,1,Medium,1,Grocry,DIST_W_01,Moderate
OUT_04497,2023-08,68.11422139447052,2,Medium,1,Grocry,DIST_W_01,Moderate
OUT_04497,2023-11,73.96409486892284,1,Medium,1,Grocry,DIST_W_01,Moderate
OUT_04497,2024-01,237.36860362976967,2,Medium,1,Grocry,DIST_W_01,Moderate
OUT_04497,2024-02,124.91182115227367,3,Medium,1,Grocry,DIST_W_01,Moderate
OUT_04497,2024-04,124.33855696253802,7,Medium,1,Grocry,DIST_W_01,Favorable
OUT_04497,2024-06,107.9386918286755,2,Medium,1,Grocry,DIST_W_01,Un-Favorable
OUT_04497,2024-07,191.76538738687492,1,Medium,1,Grocry,DIST_W_01,Moderate
OUT_04497,2024-08,159.80490990445986,1,Medium,1,Grocry,DIST_W_01,Moderate
OUT_04497,2024-11,89.98675285682042,1,Medium,1,Grocry,DIST_W_01,Moderate
OUT_04497,2024-12,327.24824030958194,2,Medium,1,Grocry,DIST_W_01,Favorable
OUT_04497,2025-01,210.3929393455861,2,Medium,1,Grocry,DIST_W_01,Moderate
OUT_04497,2025-02,186.2909830117884,2,Medium,1,Grocry,DIST_W_01,Moderate
OUT_04497,2025-03,183.34635345287347,1,Medium,1,Grocry,DIST_W_01,Moderate
OUT_04497,2025-05,24.757815247766857,3,Medium,1,Grocry,DIST_W_01,Un-Favorable
OUT_04497,2025-06,21.11692011216063,1,Medium,1,Grocry,DIST_W_01,Un-Favorable
OUT_04497,2025-07,136.12015156835002,1,Medium,1,Grocry,DIST_W_01,Moderate
OUT_04497,2025-09,32.61131368239592,2,Medium,1,Grocry,DIST_W_01,Moderate
OUT_04497,2025-10,135.81191109374683,1,Medium,1,Grocry,DIST_W_01,Moderate
OUT_04497,2025-11,211.8117985275646,1,Medium,1,Grocry,DIST_W_01,Moderate
OUT_04497,2025-12,112.54008653178832,2,Medium,1,Grocry,DIST_W_01,Favorable
OUT_04578,2023-03,10.568348867931778,1,small,2,Grocery,DIST_W_01,Moderate
OUT_04578,2023-04,33.97498894750567,4,small,2,Grocery,DIST_W_01,Favorable
OUT_04578,2023-05,54.43323292893929,4,small,2,Grocery,DIST_W_01,Un-Favorable
OUT_04578,2023-07,18.381057461049387,1,small,2,Grocery,DIST_W_01,Moderate
OUT_04578,2023-10,32.386684811517924,1,small,2,Grocery,DIST_W_01,Moderate
OUT_04578,2024-03,89.62091122194194,3,small,2,Grocery,DIST_W_01,Moderate
OUT_04578,2024-04,50.40767821613007,7,small,2,Grocery,DIST_W_01,Favorable
OUT_04578,2024-05,30.835391215662483,3,small,2,Grocery,DIST_W_01,Un-Favorable
OUT_04578,2024-06,33.18014091423853,2,small,2,Grocery,DIST_W_01,Un-Favorable
OUT_04578,2024-07,36.70002996989199,1,small,2,Grocery,DIST_W_01,Moderate
OUT_04578,2024-11,15.164028480916212,1,small,2,Grocery,DIST_W_01,Moderate
OUT_04578,2025-01,43.92486229968253,2,small,2,Grocery,DIST_W_01,Moderate
OUT_04578,2025-03,7.949786317113073,1,small,2,Grocery,DIST_W_01,Moderate
OUT_04578,2025-04,9.67654323256043,5,small,2,Grocery,DIST_W_01,Favorable
OUT_04578,2025-08,34.04242425321681,1,small,2,Grocery,DIST_W_01,Moderate
OUT_04578,2025-09,24.25609546306073,2,small,2,Grocery,DIST_W_01,Moderate
OUT_04578,2025-10,22.24563544534556,1,small,2,Grocery,DIST_W_01,Moderate
OUT_04578,2025-11,14.331392773085131,1,small,2,Grocery,DIST_W_01,Moderate
OUT_04583,2023-01,83.21838886765477,3,Medium,2,Grocery,DIST_W_01,Moderate
OUT_04583,2023-02,72.84869868383612,3,Medium,2,Grocery,DIST_W_01,Moderate
OUT_04583,2023-03,77.99974230956542,1,Medium,2,Grocery,DIST_W_01,Moderate
OUT_04583,2023-05,78.85143655465939,4,Medium,2,Grocery,DIST_W_01,Un-Favorable
OUT_04583,2023-06,99.94976867215392,1,Medium,2,Grocery,DIST_W_01,Un-Favorable
OUT_04583,2023-08,175.91615098945687,2,Medium,2,Grocery,DIST_W_01,Moderate
OUT_04583,2023-09,221.49029943953616,2,Medium,2,Grocery,DIST_W_01,Moderate
OUT_04583,2023-10,210.1020365283231,1,Medium,2,Grocery,DIST_W_01,Moderate
OUT_04583,2023-12,373.0902605639026,2,Medium,2,Grocery,DIST_W_01,Favorable
OUT_04583,2024-01,115.55146408538322,2,Medium,2,Grocery,DIST_W_01,Moderate
OUT_04583,2024-06,104.48150434028533,2,Medium,2,Grocery,DIST_W_01,Un-Favorable
OUT_04583,2024-07,78.3386245727181,1,Medium,2,Grocery,DIST_W_01,Moderate
OUT_04583,2024-08,169.6237403298196,1,Medium,2,Grocery,DIST_W_01,Moderate
OUT_04583,2024-09,72.11328839553099,2,Medium,2,Grocery,DIST_W_01,Moderate
OUT_04583,2024-10,210.7239982816302,2,Medium,2,Grocery,DIST_W_01,Moderate
OUT_04583,2025-03,200.102083656154,1,Medium,2,Grocery,DIST_W_01,Moderate
OUT_04583,2025-04,167.47900830151698,5,Medium,2,Grocery,DIST_W_01,Favorable
OUT_04583,2025-06,42.115250461522585,1,Medium,2,Grocery,DIST_W_01,Un-Favorable
OUT_04583,2025-07,156.23978468645203,1,Medium,2,Grocery,DIST_W_01,Moderate
OUT_04583,2025-08,90.5010521881894,1,Medium,2,Grocery,DIST_W_01,Moderate
OUT_04583,2025-09,104.62167390647916,2,Medium,2,Grocery,DIST_W_01,Moderate
OUT_04583,2025-11,101.11235032106056,1,Medium,2,Grocery,DIST_W_01,Moderate
OUT_04585,2023-01,5.465981107482514,3,Small,0,Grocery,DIST_W_02,Moderate
OUT_04585,2023-02,40.38468856211109,3,Small,0,Grocery,DIST_W_02,Moderate
OUT_04585,2023-03,23.51468961106675,1,Small,0,Grocery,DIST_W_02,Moderate
OUT_04585,2023-04,46.32814312711896,4,Small,0,Grocery,DIST_W_02,Favorable
OUT_04585,2023-05,17.77783329528891,4,Small,0,Grocery,DIST_W_02,Un-Favorable
OUT_04585,2023-06,4.623949262674418,1,Small,0,Grocery,DIST_W_02,Un-Favorable
OUT_04585,2023-07,3.810026146607352,1,Small,0,Grocery,DIST_W_02,Moderate
OUT_04585,2023-10,56.89279592211676,1,Small,0,Grocery,DIST_W_02,Moderate
OUT_04585,2023-11,9.630166817018894,1,Small,0,Grocery,DIST_W_02,Moderate
OUT_04585,2024-01,81.82766486281643,2,Small,0,Grocery,DIST_W_02,Moderate
OUT_04585,2024-02,25.20767849673664,3,Small,0,Grocery,DIST_W_02,Moderate
OUT_04585,2024-03,84.76671202434214,3,Small,0,Grocery,DIST_W_02,Moderate
OUT_04585,2024-05,47.48815322695028,3,Small,0,Grocery,DIST_W_02,Un-Favorable
OUT_04585,2024-08,72.42039478851527,1,Small,0,Grocery,DIST_W_02,Moderate
OUT_04585,2024-11,27.95854793071034,1,Small,0,Grocery,DIST_W_02,Moderate
OUT_04585,2024-12,31.206044080803863,2,Small,0,Grocery,DIST_W_02,Favorable
OUT_04585,2025-02,104.75337812920851,2,Small,0,Grocery,DIST_W_02,Moderate
OUT_04585,2025-03,5.364534973145132,1,Small,0,Grocery,DIST_W_02,Moderate
OUT_04585,2025-08,31.60448987846129,1,Small,0,Grocery,DIST_W_02,Moderate
OUT_04585,2025-09,59.42459297266582,2,Small,0,Grocery,DIST_W_02,Moderate
OUT_04585,2025-11,18.10618584749588,1,Small,0,Grocery,DIST_W_02,Moderate
OUT_04589,2023-03,83.51966614652159,1,Small,0,Hotel,DIST_W_03,Moderate
OUT_04589,2023-05,9.006509079121725,4,Small,0,Hotel,DIST_W_03,Un-Favorable
OUT_04589,2023-10,19.9566825161599,1,Small,0,Hotel,DIST_W_03,Moderate
OUT_04589,2023-11,17.860244993784264,1,Small,0,Hotel,DIST_W_03,Moderate
OUT_04589,2023-12,182.2763358173737,2,Small,0,Hotel,DIST_W_03,Favorable
OUT_04589,2024-03,11.790493989247205,3,Small,0,Hotel,DIST_W_03,Moderate
OUT_04589,2024-05,6.512267477137025,3,Small,0,Hotel,DIST_W_03,Un-Favorable
OUT_04589,2024-09,44.43887107472555,2,Small,0,Hotel,DIST_W_03,Moderate
OUT_04589,2024-11,73.9618703244025,1,Small,0,Hotel,DIST_W_03,Moderate
OUT_04589,2024-12,29.661688418460155,2,Small,0,Hotel,DIST_W_03,Favorable
OUT_04589,2025-04,40.68204764751806,5,Small,0,Hotel,DIST_W_03,Favorable
OUT_04589,2025-05,7.849376126685436,3,Small,0,Hotel,DIST_W_03,Un-Favorable
OUT_04589,2025-08,93.48413098441196,1,Small,0,Hotel,DIST_W_03,Moderate
OUT_04589,2025-09,23.60486091534898,2,Small,0,Hotel,DIST_W_03,Moderate
OUT_04589,2025-10,17.192555104318505,1,Small,0,Hotel,DIST_W_03,Moderate
OUT_04589,2025-12,36.69181148992057,2,Small,0,Hotel,DIST_W_03,Favorable
OUT_04599,2023-02,77.64063399044107,3,Medium,2,Hotel,DIST_W_03,Moderate
OUT_04599,2023-04,89.32034957236718,4,Medium,2,Hotel,DIST_W_03,Favorable
OUT_04599,2023-05,12.73041214453212,4,Medium,2,Hotel,DIST_W_03,Un-Favorable
OUT_04599,2023-06,61.54110281733699,1,Medium,2,Hotel,DIST_W_03,Un-Favorable
OUT_04599,2023-07,185.9971525384608,1,Medium,2,Hotel,DIST_W_03,Moderate
OUT_04599,2023-09,65.8834670526577,2,Medium,2,Hotel,DIST_W_03,Moderate
OUT_04599,2023-10,209.0620242347269,1,Medium,2,Hotel,DIST_W_03,Moderate
OUT_04599,2023-11,228.5460095526798,1,Medium,2,Hotel,DIST_W_03,Moderate
OUT_04599,2024-02,131.25483617585098,3,Medium,2,Hotel,DIST_W_03,Moderate
OUT_04599,2024-03,73.4185193976064,3,Medium,2,Hotel,DIST_W_03,Moderate
OUT_04599,2024-06,5.989341085299805,2,Medium,2,Hotel,DIST_W_03,Un-Favorable
OUT_04599,2024-09,169.29574509345025,2,Medium,2,Hotel,DIST_W_03,Moderate
OUT_04599,2024-10,75.59835772000115,2,Medium,2,Hotel,DIST_W_03,Moderate
OUT_04599,2024-12,84.00945998099019,2,Medium,2,Hotel,DIST_W_03,Favorable
OUT_04599,2025-02,90.8814643390858,2,Medium,2,Hotel,DIST_W_03,Moderate
OUT_04599,2025-03,180.8904153177936,1,Medium,2,Hotel,DIST_W_03,Moderate
OUT_04599,2025-04,217.0649203346077,5,Medium,2,Hotel,DIST_W_03,Favorable
OUT_04599,2025-05,44.52259184821757,3,Medium,2,Hotel,DIST_W_03,Un-Favorable
OUT_04599,2025-06,71.07553552105462,1,Medium,2,Hotel,DIST_W_03,Un-Favorable
OUT_04599,2025-07,185.9183079093972,1,Medium,2,Hotel,DIST_W_03,Moderate
OUT_04599,2025-08,36.707661895057846,1,Medium,2,Hotel,DIST_W_03,Moderate
OUT_04599,2025-09,210.22478658065373,2,Medium,2,Hotel,DIST_W_03,Moderate
OUT_04599,2025-11,30.60390642726992,1,Medium,2,Hotel,DIST_W_03,Moderate
OUT_04599,2025-12,86.95194186028074,2,Medium,2,Hotel,DIST_W_03,Favorable
OUT_04600,2023-01,69.43615898672735,3,Small,0,Pharmacy,DIST_W_02,Moderate
OUT_04600,2023-02,79.9964482249169,3,Small,0,Pharmacy,DIST_W_02,Moderate
OUT_04600,2023-06,13.645801473102576,1,Small,0,Pharmacy,DIST_W_02,Un-Favorable
OUT_04600,2023-07,9.84522034178752,1,Small,0,Pharmacy,DIST_W_02,Moderate
OUT_04600,2023-11,18.86290967070834,1,Small,0,Pharmacy,DIST_W_02,Moderate
OUT_04600,2023-12,64.9769208867946,2,Small,0,Pharmacy,DIST_W_02,Favorable
OUT_04600,2024-01,63.830288397586514,2,Small,0,Pharmacy,DIST_W_02,Moderate
OUT_04600,2024-02,87.19468963973114,3,Small,0,Pharmacy,DIST_W_02,Moderate
OUT_04600,2024-03,36.33661116313376,3,Small,0,Pharmacy,DIST_W_02,Moderate
OUT_04600,2024-05,53.27385345259688,3,Small,0,Pharmacy,DIST_W_02,Un-Favorable
OUT_04600,2024-08,4.901641266282997,1,Small,0,Pharmacy,DIST_W_02,Moderate
OUT_04600,2024-09,13.673602562736578,2,Small,0,Pharmacy,DIST_W_02,Moderate
OUT_04600,2024-12,25.32852297958941,2,Small,0,Pharmacy,DIST_W_02,Favorable
OUT_04600,2025-01,18.56700505295724,2,Small,0,Pharmacy,DIST_W_02,Moderate
OUT_04600,2025-07,49.95498406060038,1,Small,0,Pharmacy,DIST_W_02,Moderate
OUT_04600,2025-08,29.658981194002223,1,Small,0,Pharmacy,DIST_W_02,Moderate
OUT_04600,2025-09,9.884784848246436,2,Small,0,Pharmacy,DIST_W_02,Moderate
OUT_04600,2025-10,71.06499193641534,1,Small,0,Pharmacy,DIST_W_02,Moderate
OUT_04602,2023-01,28.239486270555883,3,Small,0,Kiosk,DIST_W_02,Moderate
OUT_04602,2023-02,17.98195941257962,3,Small,0,Kiosk,DIST_W_02,Moderate
OUT_04602,2023-03,21.572157155456228,1,Small,0,Kiosk,DIST_W_02,Moderate
OUT_04602,2023-04,103.02562065195085,4,Small,0,Kiosk,DIST_W_02,Favorable
OUT_04602,2023-06,52.440419917446455,1,Small,0,Kiosk,DIST_W_02,Un-Favorable
OUT_04602,2023-08,94.30002214703242,2,Small,0,Kiosk,DIST_W_02,Moderate
OUT_04602,2024-04,143.2696198289242,7,Small,0,Kiosk,DIST_W_02,Favorable
OUT_04602,2024-05,8.076833730318027,3,Small,0,Kiosk,DIST_W_02,Un-Favorable
OUT_04602,2024-06,15.628686813756184,2,Small,0,Kiosk,DIST_W_02,Un-Favorable
OUT_04602,2024-08,41.58274095721286,1,Small,0,Kiosk,DIST_W_02,Moderate
OUT_04602,2025-06,29.79364579839859,1,Small,0,Kiosk,DIST_W_02,Un-Favorable
OUT_04602,2025-08,37.33524895472394,1,Small,0,Kiosk,DIST_W_02,Moderate
OUT_04602,2025-09,53.4033388389274,2,Small,0,Kiosk,DIST_W_02,Moderate
OUT_04602,2025-10,24.77991671345923,1,Small,0,Kiosk,DIST_W_02,Moderate
OUT_04602,2025-12,19.718100584505592,2,Small,0,Kiosk,DIST_W_02,Favorable
OUT_04606,2023-01,619.2346526530606,3,Large,3,Hotel,DIST_W_03,Moderate
OUT_04606,2023-03,564.3802151607471,1,Large,3,Hotel,DIST_W_03,Moderate
OUT_04606,2023-04,815.4080855916478,4,Large,3,Hotel,DIST_W_03,Favorable
OUT_04606,2023-06,350.85027174664646,1,Large,3,Hotel,DIST_W_03,Un-Favorable
OUT_04606,2023-07,669.3907874731356,1,Large,3,Hotel,DIST_W_03,Moderate
OUT_04606,2023-08,334.3464545045507,2,Large,3,Hotel,DIST_W_03,Moderate
OUT_04606,2023-09,623.8544583867397,2,Large,3,Hotel,DIST_W_03,Moderate
OUT_04606,2023-10,633.7329547111979,1,Large,3,Hotel,DIST_W_03,Moderate
OUT_04606,2023-11,336.56891521692216,1,Large,3,Hotel,DIST_W_03,Moderate
OUT_04606,2024-01,544.3871601820626,2,Large,3,Hotel,DIST_W_03,Moderate
OUT_04606,2024-03,628.820674332497,3,Large,3,Hotel,DIST_W_03,Moderate
OUT_04606,2024-05,397.8912337280456,3,Large,3,Hotel,DIST_W_03,Un-Favorable
OUT_04606,2024-06,302.3608211079274,2,Large,3,Hotel,DIST_W_03,Un-Favorable
OUT_04606,2024-07,253.43439401631323,1,Large,3,Hotel,DIST_W_03,Moderate
OUT_04606,2024-08,522.0392623798502,1,Large,3,Hotel,DIST_W_03,Moderate
OUT_04606,2024-09,503.681327223301,2,Large,3,Hotel,DIST_W_03,Moderate
OUT_04606,2024-10,665.8893300148096,2,Large,3,Hotel,DIST_W_03,Moderate
OUT_04606,2024-11,598.2940501524401,1,Large,3,Hotel,DIST_W_03,Moderate
OUT_04606,2024-12,876.0705307052805,2,Large,3,Hotel,DIST_W_03,Favorable
OUT_04606,2025-01,590.0099148720474,2,Large,3,Hotel,DIST_W_03,Moderate
OUT_04606,2025-02,547.6777223972674,2,Large,3,Hotel,DIST_W_03,Moderate
OUT_04606,2025-04,382.3138415425299,5,Large,3,Hotel,DIST_W_03,Favorable
OUT_04606,2025-05,354.6885778584441,3,Large,3,Hotel,DIST_W_03,Un-Favorable
OUT_04606,2025-06,465.1736506003471,1,Large,3,Hotel,DIST_W_03,Un-Favorable
OUT_04606,2025-07,582.3210980735189,1,Large,3,Hotel,DIST_W_03,Moderate
OUT_04606,2025-09,643.500248588039,2,Large,3,Hotel,DIST_W_03,Moderate
OUT_04606,2025-10,625.1157409333327,1,Large,3,Hotel,DIST_W_03,Moderate
OUT_04606,2025-11,572.727554913155,1,Large,3,Hotel,DIST_W_03,Moderate
OUT_04606,2025-12,898.017469893897,2,Large,3,Hotel,DIST_W_03,Favorable
OUT_04607,2023-01,76.02260600669938,3,Medium,1,Grocery,DIST_W_01,Moderate
OUT_04607,2023-02,57.81593546045675,3,Medium,1,Grocery,DIST_W_01,Moderate
OUT_04607,2023-03,248.158787117088,1,Medium,1,Grocery,DIST_W_01,Moderate
OUT_04607,2023-06,48.14373686503103,1,Medium,1,Grocery,DIST_W_01,Un-Favorable
OUT_04607,2023-07,182.7909609489813,1,Medium,1,Grocery,DIST_W_01,Moderate
OUT_04607,2023-08,58.03173303674912,2,Medium,1,Grocery,DIST_W_01,Moderate
OUT_04607,2023-11,227.2816436335698,1,Medium,1,Grocery,DIST_W_01,Moderate
OUT_04607,2023-12,284.45168388472746,2,Medium,1,Grocery,DIST_W_01,Favorable
OUT_04607,2024-01,55.467713902751015,2,Medium,1,Grocery,DIST_W_01,Moderate
OUT_04607,2024-02,167.48397578460495,3,Medium,1,Grocery,DIST_W_01,Moderate
OUT_04607,2024-03,71.0293150360585,3,Medium,1,Grocery,DIST_W_01,Moderate
OUT_04607,2024-04,231.65039485443847,7,Medium,1,Grocery,DIST_W_01,Favorable
OUT_04607,2024-05,116.74826943629564,3,Medium,1,Grocery,DIST_W_01,Un-Favorable
OUT_04607,2024-10,86.0278310353793,2,Medium,1,Grocery,DIST_W_01,Moderate
OUT_04607,2024-12,75.81725818885171,2,Medium,1,Grocery,DIST_W_01,Favorable
OUT_04607,2025-01,43.30205405049525,2,Medium,1,Grocery,DIST_W_01,Moderate
OUT_04607,2025-04,299.61875894200296,5,Medium,1,Grocery,DIST_W_01,Favorable
OUT_04607,2025-05,12.41145281718018,3,Medium,1,Grocery,DIST_W_01,Un-Favorable
OUT_04607,2025-07,168.12276478589942,1,Medium,1,Grocery,DIST_W_01,Moderate
OUT_04607,2025-08,80.3278186272665,1,Medium,1,Grocery,DIST_W_01,Moderate
OUT_04607,2025-10,154.14380478261836,1,Medium,1,Grocery,DIST_W_01,Moderate
OUT_04607,2025-11,188.3969730613425,1,Medium,1,Grocery,DIST_W_01,Moderate
OUT_04607,2025-12,176.4975015462316,2,Medium,1,Grocery,DIST_W_01,Favorable
OUT_04621,2023-01,189.73237753121128,3,Medium,2,Bakery,DIST_W_02,Moderate
OUT_04621,2023-02,200.0844589855268,3,Medium,2,Bakery,DIST_W_02,Moderate
OUT_04621,2023-03,177.42867701886317,1,Medium,2,Bakery,DIST_W_02,Moderate
OUT_04621,2023-06,167.9569751017755,1,Medium,2,Bakery,DIST_W_02,Un-Favorable
OUT_04621,2023-07,81.00827356736987,1,Medium,2,Bakery,DIST_W_02,Moderate
OUT_04621,2023-10,69.43550768692904,1,Medium,2,Bakery,DIST_W_02,Moderate
OUT_04621,2023-12,276.1535436433349,2,Medium,2,Bakery,DIST_W_02,Favorable
OUT_04621,2024-01,100.76091953848469,2,Medium,2,Bakery,DIST_W_02,Moderate
OUT_04621,2024-02,216.5790622566356,3,Medium,2,Bakery,DIST_W_02,Moderate
OUT_04621,2024-03,81.5594576285902,3,Medium,2,Bakery,DIST_W_02,Moderate
OUT_04621,2024-04,63.53525769491203,7,Medium,2,Bakery,DIST_W_02,Favorable
OUT_04621,2024-06,118.84042779186689,2,Medium,2,Bakery,DIST_W_02,Un-Favorable
OUT_04621,2024-07,100.3381207414968,1,Medium,2,Bakery,DIST_W_02,Moderate
OUT_04621,2024-08,31.67277336315471,1,Medium,2,Bakery,DIST_W_02,Moderate
OUT_04621,2024-09,-8.560853993135058,2,Medium,2,Bakery,DIST_W_02,Moderate
OUT_04621,2024-10,219.7562735707202,2,Medium,2,Bakery,DIST_W_02,Moderate
OUT_04621,2024-12,235.7401886705968,2,Medium,2,Bakery,DIST_W_02,Favorable
OUT_04621,2025-01,83.99666399006021,2,Medium,2,Bakery,DIST_W_02,Moderate
OUT_04621,2025-03,181.17830682759427,1,Medium,2,Bakery,DIST_W_02,Moderate
OUT_04621,2025-05,94.73151738511504,3,Medium,2,Bakery,DIST_W_02,Un-Favorable
OUT_04621,2025-06,72.70861820463833,1,Medium,2,Bakery,DIST_W_02,Un-Favorable
OUT_04621,2025-07,186.44907874882315,1,Medium,2,Bakery,DIST_W_02,Moderate
OUT_04621,2025-08,172.5154163968577,1,Medium,2,Bakery,DIST_W_02,Moderate
OUT_04621,2025-09,180.58960299593008,2,Medium,2,Bakery,DIST_W_02,Moderate
OUT_04621,2025-11,137.70266831528966,1,Medium,2,Bakery,DIST_W_02,Moderate
OUT_04621,2025-12,324.4919869090645,2,Medium,2,Bakery,DIST_W_02,Favorable
OUT_04641,2023-02,176.73852973496702,3,Medium,2,Kiosk,DIST_W_02,Moderate
OUT_04641,2023-04,432.63020229199344,4,Medium,2,Kiosk,DIST_W_02,Favorable
OUT_04641,2023-05,57.233131704337765,4,Medium,2,Kiosk,DIST_W_02,Un-Favorable
OUT_04641,2023-06,132.11927687609312,1,Medium,2,Kiosk,DIST_W_02,Un-Favorable
OUT_04641,2023-07,22.05510787456093,1,Medium,2,Kiosk,DIST_W_02,Moderate
OUT_04641,2023-08,210.3733220973852,2,Medium,2,Kiosk,DIST_W_02,Moderate
OUT_04641,2023-09,37.47655578897446,2,Medium,2,Kiosk,DIST_W_02,Moderate
OUT_04641,2023-12,217.91727302255387,2,Medium,2,Kiosk,DIST_W_02,Favorable
OUT_04641,2024-01,92.77234357023684,2,Medium,2,Kiosk,DIST_W_02,Moderate
OUT_04641,2024-02,63.60775785939773,3,Medium,2,Kiosk,DIST_W_02,Moderate
OUT_04641,2024-03,58.26438634184123,3,Medium,2,Kiosk,DIST_W_02,Moderate
OUT_04641,2024-04,309.08282466386913,7,Medium,2,Kiosk,DIST_W_02,Favorable
OUT_04641,2024-05,150.05766746512225,3,Medium,2,Kiosk,DIST_W_02,Un-Favorable
OUT_04641,2024-07,65.3128364043387,1,Medium,2,Kiosk,DIST_W_02,Moderate
OUT_04641,2024-08,18.73301498781177,1,Medium,2,Kiosk,DIST_W_02,Moderate
OUT_04641,2024-09,77.64541884902677,2,Medium,2,Kiosk,DIST_W_02,Moderate
OUT_04641,2024-12,296.3541133821508,2,Medium,2,Kiosk,DIST_W_02,Favorable
OUT_04641,2025-02,211.4726430663316,2,Medium,2,Kiosk,DIST_W_02,Moderate
OUT_04641,2025-03,36.57758348645659,1,Medium,2,Kiosk,DIST_W_02,Moderate
OUT_04641,2025-04,222.0722635653042,5,Medium,2,Kiosk,DIST_W_02,Favorable
OUT_04641,2025-05,50.83920799368059,3,Medium,2,Kiosk,DIST_W_02,Un-Favorable
OUT_04641,2025-08,24.43394797394307,1,Medium,2,Kiosk,DIST_W_02,Moderate
OUT_04641,2025-09,248.2060416066124,2,Medium,2,Kiosk,DIST_W_02,Moderate
OUT_04641,2025-10,150.15900954725765,1,Medium,2,Kiosk,DIST_W_02,Moderate
OUT_04641,2025-12,219.4220406224476,2,Medium,2,Kiosk,DIST_W_02,Favorable
OUT_04654,2023-01,7.245335099123038,3,Small,1,Bakery,DIST_W_03,Moderate
OUT_04654,2023-02,8.510032062139585,3,Small,1,Bakery,DIST_W_03,Moderate
OUT_04654,2023-04,34.64370195185706,4,Small,1,Bakery,DIST_W_03,Favorable
OUT_04654,2023-05,12.769768039671671,4,Small,1,Bakery,DIST_W_03,Un-Favorable
OUT_04654,2023-06,44.97524374388374,1,Small,1,Bakery,DIST_W_03,Un-Favorable
OUT_04654,2023-10,8.715268143885567,1,Small,1,Bakery,DIST_W_03,Moderate
OUT_04654,2023-11,45.38926666476918,1,Small,1,Bakery,DIST_W_03,Moderate
OUT_04654,2024-03,57.67979467544003,3,Small,1,Bakery,DIST_W_03,Moderate
OUT_04654,2024-08,60.01890111134156,1,Small,1,Bakery,DIST_W_03,Moderate
OUT_04654,2025-05,63.36001497777648,3,Small,1,Bakery,DIST_W_03,Un-Favorable
OUT_04654,2025-07,9.798182501321422,1,Small,1,Bakery,DIST_W_03,Moderate
OUT_04654,2025-09,18.42989270361105,2,Small,1,Bakery,DIST_W_03,Moderate
OUT_04654,2025-10,86.60786758366403,1,Small,1,Bakery,DIST_W_03,Moderate
OUT_04654,2025-12,53.65954092294437,2,Small,1,Bakery,DIST_W_03,Favorable
OUT_04659,2023-01,13.96949362065188,3,Small,0,Bakery,DIST_W_01,Moderate
OUT_04659,2023-02,14.80636367520238,3,Small,0,Bakery,DIST_W_01,Moderate
OUT_04659,2023-05,40.31528314466577,4,Small,0,Bakery,DIST_W_01,Un-Favorable
OUT_04659,2023-10,30.022675454154463,1,Small,0,Bakery,DIST_W_01,Moderate
OUT_04659,2023-11,16.724019945121444,1,Small,0,Bakery,DIST_W_01,Moderate
OUT_04659,2023-12,124.00575843634095,2,Small,0,Bakery,DIST_W_01,Favorable
OUT_04659,2024-02,23.06914552731478,3,Small,0,Bakery,DIST_W_01,Moderate
OUT_04659,2024-03,112.03250109585308,3,Small,0,Bakery,DIST_W_01,Moderate
OUT_04659,2024-05,73.86806112641959,3,Small,0,Bakery,DIST_W_01,Un-Favorable
OUT_04659,2024-06,59.47207681526984,2,Small,0,Bakery,DIST_W_01,Un-Favorable
OUT_04659,2024-07,37.84893355588199,1,Small,0,Bakery,DIST_W_01,Moderate
OUT_04659,2025-01,105.10703376784416,2,Small,0,Bakery,DIST_W_01,Moderate
OUT_04659,2025-03,25.31384583800562,1,Small,0,Bakery,DIST_W_01,Moderate
OUT_04659,2025-04,38.69201762324887,5,Small,0,Bakery,DIST_W_01,Favorable
OUT_04659,2025-08,75.54169124793472,1,Small,0,Bakery,DIST_W_01,Moderate
OUT_04659,2025-09,8.579987348769437,2,Small,0,Bakery,DIST_W_01,Moderate
OUT_04659,2025-10,72.28053795344756,1,Small,0,Bakery,DIST_W_01,Moderate
OUT_04659,2025-11,71.6371477197778,1,Small,0,Bakery,DIST_W_01,Moderate
OUT_04659,2025-12,17.614698856923805,2,Small,0,Bakery,DIST_W_01,Favorable
OUT_04665,2023-01,16.334758445628367,3,Small,0,Bakry,DIST_W_03,Moderate
OUT_04665,2023-02,9.274439674752642,3,Small,0,Bakry,DIST_W_03,Moderate
OUT_04665,2023-06,18.753620640557152,1,Small,0,Bakry,DIST_W_03,Un-Favorable
OUT_04665,2023-11,5.266548266686271,1,Small,0,Bakry,DIST_W_03,Moderate
OUT_04665,2023-12,50.343840645000085,2,Small,0,Bakry,DIST_W_03,Favorable
OUT_04665,2024-05,11.009931735699915,3,Small,0,Bakry,DIST_W_03,Un-Favorable
OUT_04665,2024-06,8.702792966957915,2,Small,0,Bakry,DIST_W_03,Un-Favorable
OUT_04665,2024-09,77.93781540872678,2,Small,0,Bakry,DIST_W_03,Moderate
OUT_04665,2024-10,18.980886225701795,2,Small,0,Bakry,DIST_W_03,Moderate
OUT_04665,2024-11,20.573084840281204,1,Small,0,Bakry,DIST_W_03,Moderate
OUT_04665,2024-12,100.66871822942323,2,Small,0,Bakry,DIST_W_03,Favorable
OUT_04665,2025-01,26.95158265096855,2,Small,0,Bakry,DIST_W_03,Moderate
OUT_04665,2025-04,91.27023837474688,5,Small,0,Bakry,DIST_W_03,Favorable
OUT_04665,2025-06,16.408338024184435,1,Small,0,Bakry,DIST_W_03,Un-Favorable
OUT_04665,2025-08,17.00525292815084,1,Small,0,Bakry,DIST_W_03,Moderate
OUT_04665,2025-12,12.28721464161557,2,Small,0,Bakry,DIST_W_03,Favorable
OUT_04679,2023-01,625.8639794152522,3,Large,4,Grocery,DIST_W_01,Moderate
OUT_04679,2023-02,251.6690774661365,3,Large,4,Grocery,DIST_W_01,Moderate
OUT_04679,2023-03,608.5411955578238,1,Large,4,Grocery,DIST_W_01,Moderate
OUT_04679,2023-04,346.9394399198976,4,Large,4,Grocery,DIST_W_01,Favorable
OUT_04679,2023-05,436.0922741380592,4,Large,4,Grocery,DIST_W_01,Un-Favorable
OUT_04679,2023-06,404.8773213028493,1,Large,4,Grocery,DIST_W_01,Un-Favorable
OUT_04679,2023-07,626.7217433819337,1,Large,4,Grocery,DIST_W_01,Moderate
OUT_04679,2023-08,644.4484338708643,2,Large,4,Grocery,DIST_W_01,Moderate
OUT_04679,2023-09,608.6018162027124,2,Large,4,Grocery,DIST_W_01,Moderate
OUT_04679,2023-11,521.9817685304773,1,Large,4,Grocery,DIST_W_01,Moderate
OUT_04679,2023-12,879.926541981543,2,Large,4,Grocery,DIST_W_01,Favorable
OUT_04679,2024-01,510.5310654536785,2,Large,4,Grocery,DIST_W_01,Moderate
OUT_04679,2024-02,255.5656169676315,3,Large,4,Grocery,DIST_W_01,Moderate
OUT_04679,2024-03,716.8900512302748,3,Large,4,Grocery,DIST_W_01,Moderate
OUT_04679,2024-04,783.607512988294,7,Large,4,Grocery,DIST_W_01,Favorable
OUT_04679,2024-05,369.48993760423286,3,Large,4,Grocery,DIST_W_01,Un-Favorable
OUT_04679,2024-07,202.6311484590661,1,Large,4,Grocery,DIST_W_01,Moderate
OUT_04679,2024-08,542.7413801196174,1,Large,4,Grocery,DIST_W_01,Moderate
OUT_04679,2024-09,604.0666356584154,2,Large,4,Grocery,DIST_W_01,Moderate
OUT_04679,2024-10,249.6013208397004,2,Large,4,Grocery,DIST_W_01,Moderate
OUT_04679,2024-11,658.1132946232942,1,Large,4,Grocery,DIST_W_01,Moderate
OUT_04679,2024-12,749.7121642274033,2,Large,4,Grocery,DIST_W_01,Favorable
OUT_04679,2025-01,324.6459718846345,2,Large,4,Grocery,DIST_W_01,Moderate
OUT_04679,2025-02,679.9301937594158,2,Large,4,Grocery,DIST_W_01,Moderate
OUT_04679,2025-03,502.79313797882605,1,Large,4,Grocery,DIST_W_01,Moderate
OUT_04679,2025-05,234.56573431725303,3,Large,4,Grocery,DIST_W_01,Un-Favorable
OUT_04679,2025-06,394.6771910982544,1,Large,4,Grocery,DIST_W_01,Un-Favorable
OUT_04679,2025-07,248.20015262996787,1,Large,4,Grocery,DIST_W_01,Moderate
OUT_04679,2025-08,697.1341382984646,1,Large,4,Grocery,DIST_W_01,Moderate
OUT_04679,2025-09,600.2748952426844,2,Large,4,Grocery,DIST_W_01,Moderate
OUT_04679,2025-10,694.3799427725143,1,Large,4,Grocery,DIST_W_01,Moderate
OUT_04679,2025-11,299.44260901074006,1,Large,4,Grocery,DIST_W_01,Moderate
OUT_04679,2025-12,789.2870918783134,2,Large,4,Grocery,DIST_W_01,Favorable
OUT_04698,2023-04,21.8295557638207,4,Small,0,Grocery,DIST_W_02,Favorable
OUT_04698,2023-07,47.61455131796525,1,Small,0,Grocery,DIST_W_02,Moderate
OUT_04698,2023-08,74.5519323587554,2,Small,0,Grocery,DIST_W_02,Moderate
OUT_04698,2023-09,73.39232822351194,2,Small,0,Grocery,DIST_W_02,Moderate
OUT_04698,2023-11,39.0313375039649,1,Small,0,Grocery,DIST_W_02,Moderate
OUT_04698,2023-12,10.690938342507996,2,Small,0,Grocery,DIST_W_02,Favorable
OUT_04698,2024-02,67.58305550607916,3,Small,0,Grocery,DIST_W_02,Moderate
OUT_04698,2024-03,23.77357316175926,3,Small,0,Grocery,DIST_W_02,Moderate
OUT_04698,2024-06,65.73821763034533,2,Small,0,Grocery,DIST_W_02,Un-Favorable
OUT_04698,2024-08,16.388475853207375,1,Small,0,Grocery,DIST_W_02,Moderate
OUT_04698,2024-09,90.09646560490243,2,Small,0,Grocery,DIST_W_02,Moderate
OUT_04698,2024-10,13.181388681579373,2,Small,0,Grocery,DIST_W_02,Moderate
OUT_04698,2025-02,93.08318694261354,2,Small,0,Grocery,DIST_W_02,Moderate
OUT_04698,2025-04,131.6322715660006,5,Small,0,Grocery,DIST_W_02,Favorable
OUT_04698,2025-05,45.8558541017786,3,Small,0,Grocery,DIST_W_02,Un-Favorable
OUT_04698,2025-07,88.6266116879323,1,Small,0,Grocery,DIST_W_02,Moderate
OUT_04698,2025-08,63.302043741450994,1,Small,0,Grocery,DIST_W_02,Moderate
OUT_04698,2025-09,36.84904296039859,2,Small,0,Grocery,DIST_W_02,Moderate
OUT_04698,2025-10,84.78951225394462,1,Small,0,Grocery,DIST_W_02,Moderate
OUT_04698,2025-12,107.9608398591638,2,Small,0,Grocery,DIST_W_02,Favorable
OUT_04706,2023-01,640.4983320569662,3,Large,2,Grocery,DIST_W_01,Moderate
OUT_04706,2023-02,541.1879067389096,3,Large,2,Grocery,DIST_W_01,Moderate
OUT_04706,2023-03,219.97722687492063,1,Large,2,Grocery,DIST_W_01,Moderate
OUT_04706,2023-04,821.9937479764384,4,Large,2,Grocery,DIST_W_01,Favorable
OUT_04706,2023-05,472.9270145928088,4,Large,2,Grocery,DIST_W_01,Un-Favorable
OUT_04706,2023-06,403.4604878500263,1,Large,2,Grocery,DIST_W_01,Un-Favorable
OUT_04706,2023-10,547.8914705182588,1,Large,2,Grocery,DIST_W_01,Moderate
OUT_04706,2023-11,531.1772355508075,1,Large,2,Grocery,DIST_W_01,Moderate
OUT_04706,2023-12,490.2484752546849,2,Large,2,Grocery,DIST_W_01,Favorable
OUT_04706,2024-01,664.7807616270676,2,Large,2,Grocery,DIST_W_01,Moderate
OUT_04706,2024-02,538.945250175274,3,Large,2,Grocery,DIST_W_01,Moderate
OUT_04706,2024-03,652.0963362847694,3,Large,2,Grocery,DIST_W_01,Moderate
OUT_04706,2024-04,361.9223542182268,7,Large,2,Grocery,DIST_W_01,Favorable
OUT_04706,2024-05,398.7567410073714,3,Large,2,Grocery,DIST_W_01,Un-Favorable
OUT_04706,2024-06,408.1932906803864,2,Large,2,Grocery,DIST_W_01,Un-Favorable
OUT_04706,2024-07,627.5641376812539,1,Large,2,Grocery,DIST_W_01,Moderate
OUT_04706,2024-09,605.6196446953406,2,Large,2,Grocery,DIST_W_01,Moderate
OUT_04706,2024-10,619.7623776372367,2,Large,2,Grocery,DIST_W_01,Moderate
OUT_04706,2024-12,872.3430188448178,2,Large,2,Grocery,DIST_W_01,Favorable
OUT_04706,2025-01,252.6239270718189,2,Large,2,Grocery,DIST_W_01,Moderate
OUT_04706,2025-02,293.14914111628184,2,Large,2,Grocery,DIST_W_01,Moderate
OUT_04706,2025-04,383.27787001098886,5,Large,2,Grocery,DIST_W_01,Favorable
OUT_04706,2025-06,306.8648250523759,1,Large,2,Grocery,DIST_W_01,Un-Favorable
OUT_04706,2025-07,337.7754933535214,1,Large,2,Grocery,DIST_W_01,Moderate
OUT_04706,2025-08,498.8829855794151,1,Large,2,Grocery,DIST_W_01,Moderate
OUT_04706,2025-09,633.5231537376917,2,Large,2,Grocery,DIST_W_01,Moderate
OUT_04706,2025-10,611.5156406967666,1,Large,2,Grocery,DIST_W_01,Moderate
OUT_04706,2025-11,498.0751536134188,1,Large,2,Grocery,DIST_W_01,Moderate
OUT_04706,2025-12,397.0941485064828,2,Large,2,Grocery,DIST_W_01,Favorable
OUT_04729,2023-01,157.58317841686258,3,Medium,1,Eatery,DIST_W_02,Moderate
OUT_04729,2023-02,26.15696343808548,3,Medium,1,Eatery,DIST_W_02,Moderate
OUT_04729,2023-03,67.18196359832403,1,Medium,1,Eatery,DIST_W_02,Moderate
OUT_04729,2023-05,152.39372598638755,4,Medium,1,Eatery,DIST_W_02,Un-Favorable
OUT_04729,2023-07,71.73674026726218,1,Medium,1,Eatery,DIST_W_02,Moderate
OUT_04729,2023-09,39.32985787733894,2,Medium,1,Eatery,DIST_W_02,Moderate
OUT_04729,2023-10,120.71727369508636,1,Medium,1,Eatery,DIST_W_02,Moderate
OUT_04729,2023-11,173.35134770467198,1,Medium,1,Eatery,DIST_W_02,Moderate
OUT_04729,2023-12,54.583752903927206,2,Medium,1,Eatery,DIST_W_02,Favorable
OUT_04729,2024-01,228.6121863664938,2,Medium,1,Eatery,DIST_W_02,Moderate
OUT_04729,2024-02,100.08453851032424,3,Medium,1,Eatery,DIST_W_02,Moderate
OUT_04729,2024-03,183.76913514578527,3,Medium,1,Eatery,DIST_W_02,Moderate
OUT_04729,2024-04,137.7756134961794,7,Medium,1,Eatery,DIST_W_02,Favorable
OUT_04729,2024-05,133.98671536763922,3,Medium,1,Eatery,DIST_W_02,Un-Favorable
OUT_04729,2024-08,184.4569062784365,1,Medium,1,Eatery,DIST_W_02,Moderate
OUT_04729,2024-11,220.68323776674504,1,Medium,1,Eatery,DIST_W_02,Moderate
OUT_04729,2025-01,58.012481636011245,2,Medium,1,Eatery,DIST_W_02,Moderate
OUT_04729,2025-02,157.6031386410553,2,Medium,1,Eatery,DIST_W_02,Moderate
OUT_04729,2025-04,356.34697919349713,5,Medium,1,Eatery,DIST_W_02,Favorable
OUT_04729,2025-05,143.31518707731774,3,Medium,1,Eatery,DIST_W_02,Un-Favorable
OUT_04729,2025-06,138.747531370706,1,Medium,1,Eatery,DIST_W_02,Un-Favorable
OUT_04729,2025-07,173.33336303003364,1,Medium,1,Eatery,DIST_W_02,Moderate
OUT_04729,2025-08,64.13167613436372,1,Medium,1,Eatery,DIST_W_02,Moderate
OUT_04729,2025-09,213.6261527127844,2,Medium,1,Eatery,DIST_W_02,Moderate
OUT_04729,2025-11,213.5264862531011,1,Medium,1,Eatery,DIST_W_02,Moderate
OUT_04729,2025-12,96.2051262214549,2,Medium,1,Eatery,DIST_W_02,Favorable
OUT_04731,2023-01,243.7619099894192,3,Medium,1,SMMT,DIST_W_02,Moderate
OUT_04731,2023-04,258.1314633215605,4,Medium,1,SMMT,DIST_W_02,Favorable
OUT_04731,2023-05,20.29840753961501,4,Medium,1,SMMT,DIST_W_02,Un-Favorable
OUT_04731,2023-06,22.7529373858566,1,Medium,1,SMMT,DIST_W_02,Un-Favorable
OUT_04731,2023-07,171.64367359150776,1,Medium,1,SMMT,DIST_W_02,Moderate
OUT_04731,2023-08,16.54199352552907,2,Medium,1,SMMT,DIST_W_02,Moderate
OUT_04731,2024-01,235.47314380489013,2,Medium,1,SMMT,DIST_W_02,Moderate
OUT_04731,2024-04,260.68582261474586,7,Medium,1,SMMT,DIST_W_02,Favorable
OUT_04731,2024-05,134.18472224565107,3,Medium,1,SMMT,DIST_W_02,Un-Favorable
OUT_04731,2024-06,146.9524248040023,2,Medium,1,SMMT,DIST_W_02,Un-Favorable
OUT_04731,2024-08,197.9262962403081,1,Medium,1,SMMT,DIST_W_02,Moderate
OUT_04731,2024-09,199.9179198805091,2,Medium,1,SMMT,DIST_W_02,Moderate
OUT_04731,2024-12,127.72300830146573,2,Medium,1,SMMT,DIST_W_02,Favorable
OUT_04731,2025-02,24.1901749415415,2,Medium,1,SMMT,DIST_W_02,Moderate
OUT_04731,2025-04,121.75524323023764,5,Medium,1,SMMT,DIST_W_02,Favorable
OUT_04731,2025-06,124.57866793129982,1,Medium,1,SMMT,DIST_W_02,Un-Favorable
OUT_04731,2025-07,140.9519174626341,1,Medium,1,SMMT,DIST_W_02,Moderate
OUT_04731,2025-09,76.98277565984463,2,Medium,1,SMMT,DIST_W_02,Moderate
OUT_04731,2025-10,139.3383388326311,1,Medium,1,SMMT,DIST_W_02,Moderate
OUT_04731,2025-11,54.14681805737621,1,Medium,1,SMMT,DIST_W_02,Moderate
OUT_04731,2025-12,56.3663757713181,2,Medium,1,SMMT,DIST_W_02,Favorable
OUT_04734,2023-02,631.4268709221226,3,Large,2,Grocery,DIST_W_02,Moderate
OUT_04734,2023-03,646.3508173426121,1,Large,2,Grocery,DIST_W_02,Moderate
OUT_04734,2023-04,881.72059667307,4,Large,2,Grocery,DIST_W_02,Favorable
OUT_04734,2023-05,409.11289840245047,4,Large,2,Grocery,DIST_W_02,Un-Favorable
OUT_04734,2023-06,459.91015898534,1,Large,2,Grocery,DIST_W_02,Un-Favorable
OUT_04734,2023-09,618.0698942027884,2,Large,2,Grocery,DIST_W_02,Moderate
OUT_04734,2023-10,609.3687496734717,1,Large,2,Grocery,DIST_W_02,Moderate
OUT_04734,2023-11,293.4696236862536,1,Large,2,Grocery,DIST_W_02,Moderate
OUT_04734,2023-12,933.295863170924,2,Large,2,Grocery,DIST_W_02,Favorable
OUT_04734,2024-01,334.2403771347671,2,Large,2,Grocery,DIST_W_02,Moderate
OUT_04734,2024-02,204.2869680444768,3,Large,2,Grocery,DIST_W_02,Moderate
OUT_04734,2024-03,582.4549484990432,3,Large,2,Grocery,DIST_W_02,Moderate
OUT_04734,2024-04,876.5166099503157,7,Large,2,Grocery,DIST_W_02,Favorable
OUT_04734,2024-05,426.98797507424047,3,Large,2,Grocery,DIST_W_02,Un-Favorable
OUT_04734,2024-06,115.32174632634823,2,Large,2,Grocery,DIST_W_02,Un-Favorable
OUT_04734,2024-07,683.3715363726077,1,Large,2,Grocery,DIST_W_02,Moderate
OUT_04734,2024-08,445.9742847138903,1,Large,2,Grocery,DIST_W_02,Moderate
OUT_04734,2024-09,575.4086017083296,2,Large,2,Grocery,DIST_W_02,Moderate
OUT_04734,2024-10,646.886580026267,2,Large,2,Grocery,DIST_W_02,Moderate
OUT_04734,2024-11,639.3958698686033,1,Large,2,Grocery,DIST_W_02,Moderate
OUT_04734,2024-12,888.5672067074144,2,Large,2,Grocery,DIST_W_02,Favorable
OUT_04734,2025-01,546.9476599537006,2,Large,2,Grocery,DIST_W_02,Moderate
OUT_04734,2025-02,644.6788572692092,2,Large,2,Grocery,DIST_W_02,Moderate
OUT_04734,2025-03,231.3168149338284,1,Large,2,Grocery,DIST_W_02,Moderate
OUT_04734,2025-05,328.07084179865285,3,Large,2,Grocery,DIST_W_02,Un-Favorable
OUT_04734,2025-06,238.4924515602613,1,Large,2,Grocery,DIST_W_02,Un-Favorable
OUT_04734,2025-07,160.15566318773097,1,Large,2,Grocery,DIST_W_02,Moderate
OUT_04734,2025-08,678.3683147273744,1,Large,2,Grocery,DIST_W_02,Moderate
OUT_04734,2025-09,632.7049573762378,2,Large,2,Grocery,DIST_W_02,Moderate
OUT_04734,2025-11,611.3388937691306,1,Large,2,Grocery,DIST_W_02,Moderate
OUT_04734,2025-12,835.2891388546425,2,Large,2,Grocery,DIST_W_02,Favorable
OUT_04737,2023-01,316.99187141832977,3,Large,5,SMMT,DIST_W_02,Moderate
OUT_04737,2023-02,560.9978937732051,3,Large,5,SMMT,DIST_W_02,Moderate
OUT_04737,2023-03,680.980102912934,1,Large,5,SMMT,DIST_W_02,Moderate
OUT_04737,2023-06,431.9640162513497,1,Large,5,SMMT,DIST_W_02,Un-Favorable
OUT_04737,2023-07,495.1057587317296,1,Large,5,SMMT,DIST_W_02,Moderate
OUT_04737,2023-09,398.2426577297896,2,Large,5,SMMT,DIST_W_02,Moderate
OUT_04737,2023-10,696.60389731397,1,Large,5,SMMT,DIST_W_02,Moderate
OUT_04737,2023-11,644.9962324397277,1,Large,5,SMMT,DIST_W_02,Moderate
OUT_04737,2023-12,942.6717000360992,2,Large,5,SMMT,DIST_W_02,Favorable
OUT_04737,2024-01,487.37506024162735,2,Large,5,SMMT,DIST_W_02,Moderate
OUT_04737,2024-03,259.29173566838136,3,Large,5,SMMT,DIST_W_02,Moderate
OUT_04737,2024-05,338.6492671213393,3,Large,5,SMMT,DIST_W_02,Un-Favorable
OUT_04737,2024-07,646.2409119424188,1,Large,5,SMMT,DIST_W_02,Moderate
OUT_04737,2024-08,552.9315719006727,1,Large,5,SMMT,DIST_W_02,Moderate
OUT_04737,2024-09,489.8857960785394,2,Large,5,SMMT,DIST_W_02,Moderate
OUT_04737,2024-11,633.689327420979,1,Large,5,SMMT,DIST_W_02,Moderate
OUT_04737,2024-12,980.6393690152664,2,Large,5,SMMT,DIST_W_02,Favorable
OUT_04737,2025-02,310.33978232185666,2,Large,5,SMMT,DIST_W_02,Moderate
OUT_04737,2025-03,528.2643934270759,1,Large,5,SMMT,DIST_W_02,Moderate
OUT_04737,2025-04,216.47784681011152,5,Large,5,SMMT,DIST_W_02,Favorable
OUT_04737,2025-05,367.72971264496096,3,Large,5,SMMT,DIST_W_02,Un-Favorable
OUT_04737,2025-06,222.20559734811428,1,Large,5,SMMT,DIST_W_02,Un-Favorable
OUT_04737,2025-07,452.22726236339565,1,Large,5,SMMT,DIST_W_02,Moderate
OUT_04737,2025-08,559.3461045354246,1,Large,5,SMMT,DIST_W_02,Moderate
OUT_04737,2025-09,413.9728945924066,2,Large,5,SMMT,DIST_W_02,Moderate
OUT_04737,2025-10,604.3768476967716,1,Large,5,SMMT,DIST_W_02,Moderate
OUT_04737,2025-11,202.41080825062724,1,Large,5,SMMT,DIST_W_02,Moderate
OUT_04737,2025-12,458.7403451395899,2,Large,5,SMMT,DIST_W_02,Favorable
OUT_04748,2023-01,92.8177033647016,3,Small,1,Bakery,DIST_W_01,Moderate
OUT_04748,2023-03,4.138906272935718,1,Small,1,Bakery,DIST_W_01,Moderate
OUT_04748,2023-05,5.800751913499944,4,Small,1,Bakery,DIST_W_01,Un-Favorable
OUT_04748,2023-09,20.170003817397827,2,Small,1,Bakery,DIST_W_01,Moderate
OUT_04748,2023-10,71.87832613418301,1,Small,1,Bakery,DIST_W_01,Moderate
OUT_04748,2023-11,25.28477944626664,1,Small,1,Bakery,DIST_W_01,Moderate
OUT_04748,2023-12,10.971306102356015,2,Small,1,Bakery,DIST_W_01,Favorable
OUT_04748,2024-01,37.041742797208926,2,Small,1,Bakery,DIST_W_01,Moderate
OUT_04748,2024-03,17.13016115970865,3,Small,1,Bakery,DIST_W_01,Moderate
OUT_04748,2024-08,37.51641758941673,1,Small,1,Bakery,DIST_W_01,Moderate
OUT_04748,2024-10,17.656981961213933,2,Small,1,Bakery,DIST_W_01,Moderate
OUT_04748,2025-01,81.52018170117694,2,Small,1,Bakery,DIST_W_01,Moderate
OUT_04748,2025-02,70.29314575623845,2,Small,1,Bakery,DIST_W_01,Moderate
OUT_04748,2025-03,3.931629320196031,1,Small,1,Bakery,DIST_W_01,Moderate
OUT_04748,2025-04,30.32063970753181,5,Small,1,Bakery,DIST_W_01,Favorable
OUT_04748,2025-05,19.65286496290571,3,Small,1,Bakery,DIST_W_01,Un-Favorable
OUT_04748,2025-06,16.656982592357814,1,Small,1,Bakery,DIST_W_01,Un-Favorable
OUT_04748,2025-07,17.942729058284762,1,Small,1,Bakery,DIST_W_01,Moderate
OUT_04748,2025-09,8.852234571616332,2,Small,1,Bakery,DIST_W_01,Moderate
OUT_04748,2025-10,3.648644938681859,1,Small,1,Bakery,DIST_W_01,Moderate
OUT_04748,2025-12,114.8510031180752,2,Small,1,Bakery,DIST_W_01,Favorable
OUT_04785,2023-02,217.15433931016065,3,Medium,1,Kiosk,DIST_W_02,Moderate
OUT_04785,2023-03,52.204666994921,1,Medium,1,Kiosk,DIST_W_02,Moderate
OUT_04785,2023-04,163.01120939627225,4,Medium,1,Kiosk,DIST_W_02,Favorable
OUT_04785,2023-05,154.159189485667,4,Medium,1,Kiosk,DIST_W_02,Un-Favorable
OUT_04785,2023-06,91.46184107117696,1,Medium,1,Kiosk,DIST_W_02,Un-Favorable
OUT_04785,2023-07,155.94154724972765,1,Medium,1,Kiosk,DIST_W_02,Moderate
OUT_04785,2023-08,100.724376653623,2,Medium,1,Kiosk,DIST_W_02,Moderate
OUT_04785,2023-09,62.76413830481917,2,Medium,1,Kiosk,DIST_W_02,Moderate
OUT_04785,2023-11,33.738469440150055,1,Medium,1,Kiosk,DIST_W_02,Moderate
OUT_04785,2024-01,74.10944047402629,2,Medium,1,Kiosk,DIST_W_02,Moderate
OUT_04785,2024-03,46.74037047266556,3,Medium,1,Kiosk,DIST_W_02,Moderate
OUT_04785,2024-04,115.78406947495976,7,Medium,1,Kiosk,DIST_W_02,Favorable
OUT_04785,2024-05,147.32216209444763,3,Medium,1,Kiosk,DIST_W_02,Un-Favorable
OUT_04785,2024-06,38.819718032920704,2,Medium,1,Kiosk,DIST_W_02,Un-Favorable
OUT_04785,2024-08,95.9858941321611,1,Medium,1,Kiosk,DIST_W_02,Moderate
OUT_04785,2024-10,86.94969299145359,2,Medium,1,Kiosk,DIST_W_02,Moderate
OUT_04785,2024-11,22.59152580696808,1,Medium,1,Kiosk,DIST_W_02,Moderate
OUT_04785,2024-12,287.29598405388424,2,Medium,1,Kiosk,DIST_W_02,Favorable
OUT_04785,2025-02,99.7604427298643,2,Medium,1,Kiosk,DIST_W_02,Moderate
OUT_04785,2025-03,145.3064005903133,1,Medium,1,Kiosk,DIST_W_02,Moderate
OUT_04785,2025-04,192.04667390631167,5,Medium,1,Kiosk,DIST_W_02,Favorable
OUT_04785,2025-07,139.92457925833912,1,Medium,1,Kiosk,DIST_W_02,Moderate
OUT_04785,2025-08,76.79042557219503,1,Medium,1,Kiosk,DIST_W_02,Moderate
OUT_04785,2025-10,238.3240291130623,1,Medium,1,Kiosk,DIST_W_02,Moderate
OUT_04785,2025-11,72.26629970748026,1,Medium,1,Kiosk,DIST_W_02,Moderate
OUT_04785,2025-12,63.19795934966935,2,Medium,1,Kiosk,DIST_W_02,Favorable
OUT_04803,2023-05,49.22424377827425,4,Small,0,SMMT,DIST_W_03,Un-Favorable
OUT_04803,2023-06,14.8934880561386,1,Small,0,SMMT,DIST_W_03,Un-Favorable
OUT_04803,2023-09,3.1490465154908023,2,Small,0,SMMT,DIST_W_03,Moderate
OUT_04803,2023-10,19.415077157394563,1,Small,0,SMMT,DIST_W_03,Moderate
OUT_04803,2023-11,91.28885696785277,1,Small,0,SMMT,DIST_W_03,Moderate
OUT_04803,2023-12,65.93441582785304,2,Small,0,SMMT,DIST_W_03,Favorable
OUT_04803,2024-02,90.6482149969212,3,Small,0,SMMT,DIST_W_03,Moderate
OUT_04803,2024-03,47.102259125350976,3,Small,0,SMMT,DIST_W_03,Moderate
OUT_04803,2024-05,17.80694053671582,3,Small,0,SMMT,DIST_W_03,Un-Favorable
OUT_04803,2024-08,20.11875005788309,1,Small,0,SMMT,DIST_W_03,Moderate
OUT_04803,2024-09,90.87408795048768,2,Small,0,SMMT,DIST_W_03,Moderate
OUT_04803,2024-10,41.169227816181326,2,Small,0,SMMT,DIST_W_03,Moderate
OUT_04803,2024-11,99.56381383583218,1,Small,0,SMMT,DIST_W_03,Moderate
OUT_04803,2024-12,16.94966566640989,2,Small,0,SMMT,DIST_W_03,Favorable
OUT_04803,2025-02,79.52674746251274,2,Small,0,SMMT,DIST_W_03,Moderate
OUT_04803,2025-04,147.26578844701623,5,Small,0,SMMT,DIST_W_03,Favorable
OUT_04803,2025-05,19.402222707988063,3,Small,0,SMMT,DIST_W_03,Un-Favorable
OUT_04803,2025-09,80.85776889264035,2,Small,0,SMMT,DIST_W_03,Moderate
OUT_04803,2025-10,7.807952882377156,1,Small,0,SMMT,DIST_W_03,Moderate
OUT_04803,2025-12,149.13771627915852,2,Small,0,SMMT,DIST_W_03,Favorable
OUT_04808,2023-01,335.46308203412946,3,Large,3,SMMT,DIST_W_03,Moderate
OUT_04808,2023-02,550.9835995718657,3,Large,3,SMMT,DIST_W_03,Moderate
OUT_04808,2023-03,619.7853561185552,1,Large,3,SMMT,DIST_W_03,Moderate
OUT_04808,2023-04,909.9982733623756,4,Large,3,SMMT,DIST_W_03,Favorable
OUT_04808,2023-05,439.9472244243204,4,Large,3,SMMT,DIST_W_03,Un-Favorable
OUT_04808,2023-06,399.271279201643,1,Large,3,SMMT,DIST_W_03,Un-Favorable
OUT_04808,2023-07,265.1219501390079,1,Large,3,SMMT,DIST_W_03,Moderate
OUT_04808,2023-08,272.5576420873115,2,Large,3,SMMT,DIST_W_03,Moderate
OUT_04808,2023-09,534.5450120518651,2,Large,3,SMMT,DIST_W_03,Moderate
OUT_04808,2023-12,451.4497741766447,2,Large,3,SMMT,DIST_W_03,Favorable
OUT_04808,2024-03,689.3252493451976,3,Large,3,SMMT,DIST_W_03,Moderate
OUT_04808,2024-04,925.8528870144976,7,Large,3,SMMT,DIST_W_03,Favorable
OUT_04808,2024-05,157.6018791587489,3,Large,3,SMMT,DIST_W_03,Un-Favorable
OUT_04808,2024-06,295.0172226773947,2,Large,3,SMMT,DIST_W_03,Un-Favorable
OUT_04808,2024-07,554.3560048257827,1,Large,3,SMMT,DIST_W_03,Moderate
OUT_04808,2024-09,615.7028849151421,2,Large,3,SMMT,DIST_W_03,Moderate
OUT_04808,2024-10,594.0615828373834,2,Large,3,SMMT,DIST_W_03,Moderate
OUT_04808,2024-11,300.2468925161361,1,Large,3,SMMT,DIST_W_03,Moderate
OUT_04808,2025-01,301.97461803047673,2,Large,3,SMMT,DIST_W_03,Moderate
OUT_04808,2025-02,715.9795234715941,2,Large,3,SMMT,DIST_W_03,Moderate
OUT_04808,2025-03,213.78609505822368,1,Large,3,SMMT,DIST_W_03,Moderate
OUT_04808,2025-04,877.4728958356853,5,Large,3,SMMT,DIST_W_03,Favorable
OUT_04808,2025-05,422.6177953969191,3,Large,3,SMMT,DIST_W_03,Un-Favorable
OUT_04808,2025-06,424.6945700608789,1,Large,3,SMMT,DIST_W_03,Un-Favorable
OUT_04808,2025-08,330.1914904840584,1,Large,3,SMMT,DIST_W_03,Moderate
OUT_04808,2025-09,566.6443929895955,2,Large,3,SMMT,DIST_W_03,Moderate
OUT_04808,2025-10,481.8634117080999,1,Large,3,SMMT,DIST_W_03,Moderate
OUT_04808,2025-11,488.66629135222206,1,Large,3,SMMT,DIST_W_03,Moderate
OUT_04808,2025-12,871.8519983022353,2,Large,3,SMMT,DIST_W_03,Favorable
OUT_04833,2023-03,197.2497382213361,1,Medium,1,Eatery,DIST_W_01,Moderate
OUT_04833,2023-05,98.604982831997,4,Medium,1,Eatery,DIST_W_01,Un-Favorable
OUT_04833,2023-06,57.88811961360325,1,Medium,1,Eatery,DIST_W_01,Un-Favorable
OUT_04833,2023-07,36.0839239080354,1,Medium,1,Eatery,DIST_W_01,Moderate
OUT_04833,2023-08,188.4456057748972,2,Medium,1,Eatery,DIST_W_01,Moderate
OUT_04833,2023-09,29.78910029669257,2,Medium,1,Eatery,DIST_W_01,Moderate
OUT_04833,2023-10,63.81702740533882,1,Medium,1,Eatery,DIST_W_01,Moderate
OUT_04833,2023-11,178.31881229462917,1,Medium,1,Eatery,DIST_W_01,Moderate
OUT_04833,2023-12,136.9575854779975,2,Medium,1,Eatery,DIST_W_01,Favorable
OUT_04833,2024-01,226.0715732336473,2,Medium,1,Eatery,DIST_W_01,Moderate
OUT_04833,2024-03,212.8899583720495,3,Medium,1,Eatery,DIST_W_01,Moderate
OUT_04833,2024-04,294.00197520789203,7,Medium,1,Eatery,DIST_W_01,Favorable
OUT_04833,2024-05,35.638718593964256,3,Medium,1,Eatery,DIST_W_01,Un-Favorable
OUT_04833,2024-06,106.52108823219449,2,Medium,1,Eatery,DIST_W_01,Un-Favorable
OUT_04833,2024-07,19.81146752233049,1,Medium,1,Eatery,DIST_W_01,Moderate
OUT_04833,2024-08,187.16474372366795,1,Medium,1,Eatery,DIST_W_01,Moderate
OUT_04833,2024-09,210.3631211283662,2,Medium,1,Eatery,DIST_W_01,Moderate
OUT_04833,2024-10,219.6303803365452,2,Medium,1,Eatery,DIST_W_01,Moderate
OUT_04833,2024-12,476.9650152800938,2,Medium,1,Eatery,DIST_W_01,Favorable
OUT_04833,2025-01,211.13896586566207,2,Medium,1,Eatery,DIST_W_01,Moderate
OUT_04833,2025-02,207.10419029870496,2,Medium,1,Eatery,DIST_W_01,Moderate
OUT_04833,2025-03,220.763653980295,1,Medium,1,Eatery,DIST_W_01,Moderate
OUT_04833,2025-04,72.57892571614953,5,Medium,1,Eatery,DIST_W_01,Favorable
OUT_04833,2025-05,122.46802655391072,3,Medium,1,Eatery,DIST_W_01,Un-Favorable
OUT_04833,2025-07,45.90937861001784,1,Medium,1,Eatery,DIST_W_01,Moderate
OUT_04833,2025-09,186.46838156237663,2,Medium,1,Eatery,DIST_W_01,Moderate
OUT_04833,2025-10,224.1151539539821,1,Medium,1,Eatery,DIST_W_01,Moderate
OUT_04833,2025-11,146.19327375645705,1,Medium,1,Eatery,DIST_W_01,Moderate
OUT_04836,2023-01,97.41206583004674,3,Medium,1,Pharmacy,DIST_W_03,Moderate
OUT_04836,2023-02,145.68587669252491,3,Medium,1,Pharmacy,DIST_W_03,Moderate
OUT_04836,2023-03,79.57997436445696,1,Medium,1,Pharmacy,DIST_W_03,Moderate
OUT_04836,2023-04,94.4988587176726,4,Medium,1,Pharmacy,DIST_W_03,Favorable
OUT_04836,2023-05,39.83109569878488,4,Medium,1,Pharmacy,DIST_W_03,Un-Favorable
OUT_04836,2023-06,68.80680133293424,1,Medium,1,Pharmacy,DIST_W_03,Un-Favorable
OUT_04836,2023-07,90.72711403523482,1,Medium,1,Pharmacy,DIST_W_03,Moderate
OUT_04836,2023-08,59.98213206807955,2,Medium,1,Pharmacy,DIST_W_03,Moderate
OUT_04836,2023-09,240.72696557492645,2,Medium,1,Pharmacy,DIST_W_03,Moderate
OUT_04836,2023-10,197.55193793078405,1,Medium,1,Pharmacy,DIST_W_03,Moderate
OUT_04836,2023-11,184.25680198404004,1,Medium,1,Pharmacy,DIST_W_03,Moderate
OUT_04836,2024-01,60.70961037064937,2,Medium,1,Pharmacy,DIST_W_03,Moderate
OUT_04836,2024-02,165.86027728556593,3,Medium,1,Pharmacy,DIST_W_03,Moderate
OUT_04836,2024-03,45.7626093386681,3,Medium,1,Pharmacy,DIST_W_03,Moderate
OUT_04836,2024-04,297.1965234374884,7,Medium,1,Pharmacy,DIST_W_03,Favorable
OUT_04836,2024-05,19.10826923851244,3,Medium,1,Pharmacy,DIST_W_03,Un-Favorable
OUT_04836,2024-06,51.93666131693966,2,Medium,1,Pharmacy,DIST_W_03,Un-Favorable
OUT_04836,2024-07,51.433962232913686,1,Medium,1,Pharmacy,DIST_W_03,Moderate
OUT_04836,2024-08,71.69281268166236,1,Medium,1,Pharmacy,DIST_W_03,Moderate
OUT_04836,2024-09,151.8081852182974,2,Medium,1,Pharmacy,DIST_W_03,Moderate
OUT_04836,2024-10,214.0907380988478,2,Medium,1,Pharmacy,DIST_W_03,Moderate
OUT_04836,2024-11,213.3413732879464,1,Medium,1,Pharmacy,DIST_W_03,Moderate
OUT_04836,2024-12,219.61475692232847,2,Medium,1,Pharmacy,DIST_W_03,Favorable
OUT_04836,2025-02,47.99505472064357,2,Medium,1,Pharmacy,DIST_W_03,Moderate
OUT_04836,2025-03,74.91446567400462,1,Medium,1,Pharmacy,DIST_W_03,Moderate
OUT_04836,2025-05,134.43732806658628,3,Medium,1,Pharmacy,DIST_W_03,Un-Favorable
OUT_04836,2025-06,134.7835731260233,1,Medium,1,Pharmacy,DIST_W_03,Un-Favorable
OUT_04836,2025-07,44.479627471275904,1,Medium,1,Pharmacy,DIST_W_03,Moderate
OUT_04836,2025-08,176.06576864490265,1,Medium,1,Pharmacy,DIST_W_03,Moderate
OUT_04836,2025-09,185.4460237420907,2,Medium,1,Pharmacy,DIST_W_03,Moderate
OUT_04836,2025-10,42.44513561363365,1,Medium,1,Pharmacy,DIST_W_03,Moderate
OUT_04836,2025-11,72.73711995797179,1,Medium,1,Pharmacy,DIST_W_03,Moderate
OUT_04836,2025-12,70.28230409364448,2,Medium,1,Pharmacy,DIST_W_03,Favorable
OUT_04867,2023-01,65.96898817089726,3,Small,0,Kiosk,DIST_W_03,Moderate
OUT_04867,2023-04,31.81748268348732,4,Small,0,Kiosk,DIST_W_03,Favorable
OUT_04867,2023-05,62.98628721700631,4,Small,0,Kiosk,DIST_W_03,Un-Favorable
OUT_04867,2023-08,72.56805753890524,2,Small,0,Kiosk,DIST_W_03,Moderate
OUT_04867,2023-09,5.477652863277847,2,Small,0,Kiosk,DIST_W_03,Moderate
OUT_04867,2023-12,123.1972452657826,2,Small,0,Kiosk,DIST_W_03,Favorable
OUT_04867,2024-03,22.684982566159057,3,Small,0,Kiosk,DIST_W_03,Moderate
OUT_04867,2024-04,28.81430270252619,7,Small,0,Kiosk,DIST_W_03,Favorable
OUT_04867,2024-05,14.43875638436907,3,Small,0,Kiosk,DIST_W_03,Un-Favorable
OUT_04867,2024-09,21.78840912088696,2,Small,0,Kiosk,DIST_W_03,Moderate
OUT_04867,2024-11,22.67030553851568,1,Small,0,Kiosk,DIST_W_03,Moderate
OUT_04867,2024-12,96.48073099692824,2,Small,0,Kiosk,DIST_W_03,Favorable
OUT_04867,2025-02,3.289537973283518,2,Small,0,Kiosk,DIST_W_03,Moderate
OUT_04867,2025-04,4.165201214827993,5,Small,0,Kiosk,DIST_W_03,Favorable
OUT_04867,2025-05,22.34313791815564,3,Small,0,Kiosk,DIST_W_03,Un-Favorable
OUT_04867,2025-06,18.519855757593515,1,Small,0,Kiosk,DIST_W_03,Un-Favorable
OUT_04867,2025-10,59.78448802314264,1,Small,0,Kiosk,DIST_W_03,Moderate
OUT_04867,2025-11,69.33553285727598,1,Small,0,Kiosk,DIST_W_03,Moderate
OUT_04871,2023-01,4.421029256007945,3,Small,1,SMMT,DIST_W_01,Moderate
OUT_04871,2023-03,31.78453099330431,1,Small,1,SMMT,DIST_W_01,Moderate
OUT_04871,2023-04,145.33798072286024,4,Small,1,SMMT,DIST_W_01,Favorable
OUT_04871,2023-05,18.760768434162955,4,Small,1,SMMT,DIST_W_01,Un-Favorable
OUT_04871,2023-06,47.50706052875622,1,Small,1,SMMT,DIST_W_01,Un-Favorable
OUT_04871,2023-07,33.1446988245428,1,Small,1,SMMT,DIST_W_01,Moderate
OUT_04871,2023-08,82.87005868186907,2,Small,1,SMMT,DIST_W_01,Moderate
OUT_04871,2023-09,78.25666004779725,2,Small,1,SMMT,DIST_W_01,Moderate
OUT_04871,2023-10,27.45150859881041,1,Small,1,SMMT,DIST_W_01,Moderate
OUT_04871,2024-01,17.82189087319083,2,Small,1,SMMT,DIST_W_01,Moderate
OUT_04871,2024-02,66.93898031292375,3,Small,1,SMMT,DIST_W_01,Moderate
OUT_04871,2024-03,2.93815906454562,3,Small,1,SMMT,DIST_W_01,Moderate
OUT_04871,2024-04,46.92632361035213,7,Small,1,SMMT,DIST_W_01,Favorable
OUT_04871,2024-07,29.83528018460029,1,Small,1,SMMT,DIST_W_01,Moderate
OUT_04871,2024-10,22.97627431498345,2,Small,1,SMMT,DIST_W_01,Moderate
OUT_04871,2025-03,13.48945406745793,1,Small,1,SMMT,DIST_W_01,Moderate
OUT_04871,2025-05,12.818933723904264,3,Small,1,SMMT,DIST_W_01,Un-Favorable
OUT_04871,2025-07,67.9554707113663,1,Small,1,SMMT,DIST_W_01,Moderate
OUT_04871,2025-08,30.94599041073789,1,Small,1,SMMT,DIST_W_01,Moderate
OUT_04871,2025-09,90.27547125876728,2,Small,1,SMMT,DIST_W_01,Moderate
OUT_04871,2025-10,64.33170915177942,1,Small,1,SMMT,DIST_W_01,Moderate
OUT_04872,2023-01,74.89617012067649,3,Medium,2,Kiosk,DIST_W_03,Moderate
OUT_04872,2023-04,121.3231168154588,4,Medium,2,Kiosk,DIST_W_03,Favorable
OUT_04872,2023-05,67.72214714419205,4,Medium,2,Kiosk,DIST_W_03,Un-Favorable
OUT_04872,2023-06,124.69719604459902,1,Medium,2,Kiosk,DIST_W_03,Un-Favorable
OUT_04872,2023-07,219.36217597359465,1,Medium,2,Kiosk,DIST_W_03,Moderate
OUT_04872,2023-08,80.41245317074763,2,Medium,2,Kiosk,DIST_W_03,Moderate
OUT_04872,2023-10,74.49721396635479,1,Medium,2,Kiosk,DIST_W_03,Moderate
OUT_04872,2023-11,34.73250506092754,1,Medium,2,Kiosk,DIST_W_03,Moderate
OUT_04872,2024-03,105.165826169513,3,Medium,2,Kiosk,DIST_W_03,Moderate
OUT_04872,2024-04,303.44521140480435,7,Medium,2,Kiosk,DIST_W_03,Favorable
OUT_04872,2024-05,93.46767143041454,3,Medium,2,Kiosk,DIST_W_03,Un-Favorable
OUT_04872,2024-08,56.036170082904256,1,Medium,2,Kiosk,DIST_W_03,Moderate
OUT_04872,2024-10,272.835814044878,2,Medium,2,Kiosk,DIST_W_03,Moderate
OUT_04872,2024-12,264.9603010726823,2,Medium,2,Kiosk,DIST_W_03,Favorable
OUT_04872,2025-01,191.5374851507705,2,Medium,2,Kiosk,DIST_W_03,Moderate
OUT_04872,2025-02,100.37965751634424,2,Medium,2,Kiosk,DIST_W_03,Moderate
OUT_04872,2025-03,209.02648935603085,1,Medium,2,Kiosk,DIST_W_03,Moderate
OUT_04872,2025-04,62.56822597761166,5,Medium,2,Kiosk,DIST_W_03,Favorable
OUT_04872,2025-05,63.12592219928976,3,Medium,2,Kiosk,DIST_W_03,Un-Favorable
OUT_04872,2025-06,60.89208164119703,1,Medium,2,Kiosk,DIST_W_03,Un-Favorable
OUT_04872,2025-09,13.293151443339546,2,Medium,2,Kiosk,DIST_W_03,Moderate
OUT_04872,2025-10,59.757890054937306,1,Medium,2,Kiosk,DIST_W_03,Moderate
OUT_04872,2025-11,144.49200644449866,1,Medium,2,Kiosk,DIST_W_03,Moderate
OUT_04872,2025-12,31.7354705426128,2,Medium,2,Kiosk,DIST_W_03,Favorable
OUT_04880,2023-02,65.00427172943033,3,Small,0,Eatery,DIST_W_02,Moderate
OUT_04880,2023-03,64.09506053224247,1,Small,0,Eatery,DIST_W_02,Moderate
OUT_04880,2023-08,91.39739497120048,2,Small,0,Eatery,DIST_W_02,Moderate
OUT_04880,2023-09,3.0844894179348428,2,Small,0,Eatery,DIST_W_02,Moderate
OUT_04880,2023-10,77.70590481934182,1,Small,0,Eatery,DIST_W_02,Moderate
OUT_04880,2023-11,40.48110512818985,1,Small,0,Eatery,DIST_W_02,Moderate
OUT_04880,2023-12,7.177550385089592,2,Small,0,Eatery,DIST_W_02,Favorable
OUT_04880,2024-02,88.90109962875164,3,Small,0,Eatery,DIST_W_02,Moderate
OUT_04880,2024-03,59.4253384909764,3,Small,0,Eatery,DIST_W_02,Moderate
OUT_04880,2024-05,15.709192917525462,3,Small,0,Eatery,DIST_W_02,Un-Favorable
OUT_04880,2024-06,48.2241914121965,2,Small,0,Eatery,DIST_W_02,Un-Favorable
OUT_04880,2024-07,7.298652155334691,1,Small,0,Eatery,DIST_W_02,Moderate
OUT_04880,2024-08,12.852792423512447,1,Small,0,Eatery,DIST_W_02,Moderate
OUT_04880,2024-09,89.3546126491927,2,Small,0,Eatery,DIST_W_02,Moderate
OUT_04880,2024-10,47.31366313348599,2,Small,0,Eatery,DIST_W_02,Moderate
OUT_04880,2025-01,66.49277077548271,2,Small,0,Eatery,DIST_W_02,Moderate
OUT_04880,2025-05,50.84538586394471,3,Small,0,Eatery,DIST_W_02,Un-Favorable
OUT_04880,2025-06,45.18884645507261,1,Small,0,Eatery,DIST_W_02,Un-Favorable
OUT_04880,2025-09,25.60894257462871,2,Small,0,Eatery,DIST_W_02,Moderate
OUT_04880,2025-11,91.79870538591555,1,Small,0,Eatery,DIST_W_02,Moderate
OUT_04880,2025-12,34.941851583237515,2,Small,0,Eatery,DIST_W_02,Favorable
OUT_04889,2023-03,24.53295142746132,1,Small,1,Grocery,DIST_W_03,Moderate
OUT_04889,2023-04,63.37323865481599,4,Small,1,Grocery,DIST_W_03,Favorable
OUT_04889,2023-05,69.54855092512715,4,Small,1,Grocery,DIST_W_03,Un-Favorable
OUT_04889,2023-07,40.05879984482053,1,Small,1,Grocery,DIST_W_03,Moderate
OUT_04889,2023-08,66.15181010971399,2,Small,1,Grocery,DIST_W_03,Moderate
OUT_04889,2023-09,27.14955872453153,2,Small,1,Grocery,DIST_W_03,Moderate
OUT_04889,2023-11,21.041270329647,1,Small,1,Grocery,DIST_W_03,Moderate
OUT_04889,2024-04,15.365385171896506,7,Small,1,Grocery,DIST_W_03,Favorable
OUT_04889,2024-07,10.392664008496684,1,Small,1,Grocery,DIST_W_03,Moderate
OUT_04889,2025-01,18.89018362661963,2,Small,1,Grocery,DIST_W_03,Moderate
OUT_04889,2025-03,57.788082692653504,1,Small,1,Grocery,DIST_W_03,Moderate
OUT_04889,2025-04,43.66199521235983,5,Small,1,Grocery,DIST_W_03,Favorable
OUT_04889,2025-05,3.533544359103596,3,Small,1,Grocery,DIST_W_03,Un-Favorable
OUT_04889,2025-07,28.787635214731928,1,Small,1,Grocery,DIST_W_03,Moderate
OUT_04889,2025-09,41.7354374590441,2,Small,1,Grocery,DIST_W_03,Moderate
OUT_04889,2025-12,115.71491583812296,2,Small,1,Grocery,DIST_W_03,Favorable
OUT_04897,2023-02,11.555162957624065,3,Small,0,Grocery,DIST_W_03,Moderate
OUT_04897,2023-06,16.361533425988156,1,Small,0,Grocery,DIST_W_03,Un-Favorable
OUT_04897,2023-07,29.36772497349762,1,Small,0,Grocery,DIST_W_03,Moderate
OUT_04897,2024-01,3.618922026279489,2,Small,0,Grocery,DIST_W_03,Moderate
OUT_04897,2024-02,55.98397463814407,3,Small,0,Grocery,DIST_W_03,Moderate
OUT_04897,2024-04,64.25539474546241,7,Small,0,Grocery,DIST_W_03,Favorable
OUT_04897,2024-06,5.718968089163823,2,Small,0,Grocery,DIST_W_03,Un-Favorable
OUT_04897,2024-07,7.591896666546056,1,Small,0,Grocery,DIST_W_03,Moderate
OUT_04897,2024-08,14.863606027963929,1,Small,0,Grocery,DIST_W_03,Moderate
OUT_04897,2024-09,10.584574833445489,2,Small,0,Grocery,DIST_W_03,Moderate
OUT_04897,2024-10,18.571667077958264,2,Small,0,Grocery,DIST_W_03,Moderate
OUT_04897,2025-01,53.37645737660216,2,Small,0,Grocery,DIST_W_03,Moderate
OUT_04897,2025-04,118.21987770210792,5,Small,0,Grocery,DIST_W_03,Favorable
OUT_04897,2025-09,68.5966902355966,2,Small,0,Grocery,DIST_W_03,Moderate
OUT_04928,2023-01,148.34502146556676,3,Medium,2,SMMT,DIST_W_03,Moderate
OUT_04928,2023-02,41.60054786470257,3,Medium,2,SMMT,DIST_W_03,Moderate
OUT_04928,2023-03,194.14107406215064,1,Medium,2,SMMT,DIST_W_03,Moderate
OUT_04928,2023-05,91.07973753269704,4,Medium,2,SMMT,DIST_W_03,Un-Favorable
OUT_04928,2023-06,109.06345643776812,1,Medium,2,SMMT,DIST_W_03,Un-Favorable
OUT_04928,2023-07,102.92617539395204,1,Medium,2,SMMT,DIST_W_03,Moderate
OUT_04928,2023-09,186.8758488016957,2,Medium,2,SMMT,DIST_W_03,Moderate
OUT_04928,2023-10,100.73393214693397,1,Medium,2,SMMT,DIST_W_03,Moderate
OUT_04928,2023-11,200.14614887737253,1,Medium,2,SMMT,DIST_W_03,Moderate
OUT_04928,2023-12,195.0904515789328,2,Medium,2,SMMT,DIST_W_03,Favorable
OUT_04928,2024-03,187.487218301205,3,Medium,2,SMMT,DIST_W_03,Moderate
OUT_04928,2024-04,147.6544240708292,7,Medium,2,SMMT,DIST_W_03,Favorable
OUT_04928,2024-06,43.46049542384444,2,Medium,2,SMMT,DIST_W_03,Un-Favorable
OUT_04928,2024-08,108.08610010613906,1,Medium,2,SMMT,DIST_W_03,Moderate
OUT_04928,2024-10,63.19015104287958,2,Medium,2,SMMT,DIST_W_03,Moderate
OUT_04928,2024-11,22.169411383798764,1,Medium,2,SMMT,DIST_W_03,Moderate
OUT_04928,2024-12,19.93591239820783,2,Medium,2,SMMT,DIST_W_03,Favorable
OUT_04928,2025-02,45.68813559413337,2,Medium,2,SMMT,DIST_W_03,Moderate
OUT_04928,2025-03,163.664692991734,1,Medium,2,SMMT,DIST_W_03,Moderate
OUT_04928,2025-04,53.59018178619577,5,Medium,2,SMMT,DIST_W_03,Favorable
OUT_04928,2025-06,26.32435064195176,1,Medium,2,SMMT,DIST_W_03,Un-Favorable
OUT_04928,2025-09,83.63594943206084,2,Medium,2,SMMT,DIST_W_03,Moderate
OUT_04928,2025-10,153.1650403132472,1,Medium,2,SMMT,DIST_W_03,Moderate
OUT_04928,2025-11,213.45757023603625,1,Medium,2,SMMT,DIST_W_03,Moderate
OUT_04928,2025-12,132.88808555880314,2,Medium,2,SMMT,DIST_W_03,Favorable
OUT_04938,2023-02,100.64908137934434,3,Small,0,Grocery,DIST_W_01,Moderate
OUT_04938,2023-03,97.50351128714564,1,Small,0,Grocery,DIST_W_01,Moderate
OUT_04938,2023-04,15.711918044547712,4,Small,0,Grocery,DIST_W_01,Favorable
OUT_04938,2023-08,83.43350747300326,2,Small,0,Grocery,DIST_W_01,Moderate
OUT_04938,2023-10,59.43757210080608,1,Small,0,Grocery,DIST_W_01,Moderate
OUT_04938,2023-11,34.07836482772285,1,Small,0,Grocery,DIST_W_01,Moderate
OUT_04938,2024-03,23.828299994260195,3,Small,0,Grocery,DIST_W_01,Moderate
OUT_04938,2024-04,38.32623691350796,7,Small,0,Grocery,DIST_W_01,Favorable
OUT_04938,2024-05,13.761510867903713,3,Small,0,Grocery,DIST_W_01,Un-Favorable
OUT_04938,2024-10,20.73981064836688,2,Small,0,Grocery,DIST_W_01,Moderate
OUT_04938,2025-01,33.27689808409181,2,Small,0,Grocery,DIST_W_01,Moderate
OUT_05004,2023-02,81.24413293375783,3,Small,0,Grocery,DIST_W_02,Moderate
OUT_05004,2023-03,104.3573336154813,1,Small,0,Grocery,DIST_W_02,Moderate
OUT_05004,2023-07,16.93156863868059,1,Small,0,Grocery,DIST_W_02,Moderate
OUT_05004,2023-09,41.24864779295897,2,Small,0,Grocery,DIST_W_02,Moderate
OUT_05004,2023-12,67.32964977804568,2,Small,0,Grocery,DIST_W_02,Favorable
OUT_05004,2024-01,74.82209899178133,2,Small,0,Grocery,DIST_W_02,Moderate
OUT_05004,2024-03,104.914829486277,3,Small,0,Grocery,DIST_W_02,Moderate
OUT_05004,2024-05,14.565642005722651,3,Small,0,Grocery,DIST_W_02,Un-Favorable
OUT_05004,2024-07,16.1677016131489,1,Small,0,Grocery,DIST_W_02,Moderate
OUT_05004,2025-03,21.6702181492378,1,Small,0,Grocery,DIST_W_02,Moderate
OUT_05004,2025-04,132.7496079378122,5,Small,0,Grocery,DIST_W_02,Favorable
OUT_05004,2025-06,12.073684235367882,1,Small,0,Grocery,DIST_W_02,Un-Favorable
OUT_05004,2025-08,98.95498442495033,1,Small,0,Grocery,DIST_W_02,Moderate
OUT_05004,2025-10,86.1871136799217,1,Small,0,Grocery,DIST_W_02,Moderate
OUT_05004,2025-11,24.1891694407722,1,Small,0,Grocery,DIST_W_02,Moderate
OUT_05005,2023-01,203.8173428192466,3,Medium,2,Grocry,DIST_W_02,Moderate
OUT_05005,2023-02,90.53757609318949,3,Medium,2,Grocry,DIST_W_02,Moderate
OUT_05005,2023-03,163.75053004094622,1,Medium,2,Grocry,DIST_W_02,Moderate
OUT_05005,2023-04,132.8584291449486,4,Medium,2,Grocry,DIST_W_02,Favorable
OUT_05005,2023-06,94.96872952925447,1,Medium,2,Grocry,DIST_W_02,Un-Favorable
OUT_05005,2023-07,167.73455905122856,1,Medium,2,Grocry,DIST_W_02,Moderate
OUT_05005,2023-10,154.69777588232972,1,Medium,2,Grocry,DIST_W_02,Moderate
OUT_05005,2023-12,46.997931137993454,2,Medium,2,Grocry,DIST_W_02,Favorable
OUT_05005,2024-01,192.16252452974928,2,Medium,2,Grocry,DIST_W_02,Moderate
OUT_05005,2024-02,256.5314966357881,3,Medium,2,Grocry,DIST_W_02,Moderate
OUT_05005,2024-03,82.77878341914214,3,Medium,2,Grocry,DIST_W_02,Moderate
OUT_05005,2024-04,68.78610442857115,7,Medium,2,Grocry,DIST_W_02,Favorable
OUT_05005,2024-06,58.32038434655629,2,Medium,2,Grocry,DIST_W_02,Un-Favorable
OUT_05005,2024-07,183.26676095254584,1,Medium,2,Grocry,DIST_W_02,Moderate
OUT_05005,2024-08,131.7153516481932,1,Medium,2,Grocry,DIST_W_02,Moderate
OUT_05005,2024-09,54.16853859674176,2,Medium,2,Grocry,DIST_W_02,Moderate
OUT_05005,2024-10,93.56276433803308,2,Medium,2,Grocry,DIST_W_02,Moderate
OUT_05005,2024-12,35.138226574949684,2,Medium,2,Grocry,DIST_W_02,Favorable
OUT_05005,2025-02,188.7102588316849,2,Medium,2,Grocry,DIST_W_02,Moderate
OUT_05005,2025-04,328.8284117227668,5,Medium,2,Grocry,DIST_W_02,Favorable
OUT_05005,2025-06,32.882588196138954,1,Medium,2,Grocry,DIST_W_02,Un-Favorable
OUT_05005,2025-07,131.25177864355786,1,Medium,2,Grocry,DIST_W_02,Moderate
OUT_05005,2025-09,174.7606908915822,2,Medium,2,Grocry,DIST_W_02,Moderate
OUT_05005,2025-10,90.6428165630643,1,Medium,2,Grocry,DIST_W_02,Moderate
OUT_05005,2025-11,80.25201488812772,1,Medium,2,Grocry,DIST_W_02,Moderate
OUT_05022,2023-03,67.31422712308299,1,Small,0,Grocery,DIST_W_02,Moderate
OUT_05022,2023-06,6.278852080794156,1,Small,0,Grocery,DIST_W_02,Un-Favorable
OUT_05022,2023-07,82.04683214954886,1,Small,0,Grocery,DIST_W_02,Moderate
OUT_05022,2023-08,32.78802134341676,2,Small,0,Grocery,DIST_W_02,Moderate
OUT_05022,2023-12,27.16327062093175,2,Small,0,Grocery,DIST_W_02,Favorable
OUT_05022,2024-01,16.674991408726463,2,Small,0,Grocery,DIST_W_02,Moderate
OUT_05022,2024-03,15.2790083123385,3,Small,0,Grocery,DIST_W_02,Moderate
OUT_05022,2024-05,40.48436299424714,3,Small,0,Grocery,DIST_W_02,Un-Favorable
OUT_05022,2025-06,4.541346900192631,1,Small,0,Grocery,DIST_W_02,Un-Favorable
OUT_05022,2025-07,84.95638501347067,1,Small,0,Grocery,DIST_W_02,Moderate
OUT_05022,2025-08,11.43796253738308,1,Small,0,Grocery,DIST_W_02,Moderate
OUT_05022,2025-09,13.985979624761516,2,Small,0,Grocery,DIST_W_02,Moderate
OUT_05022,2025-10,11.94639964782285,1,Small,0,Grocery,DIST_W_02,Moderate
OUT_05023,2023-02,41.72261564612132,3,Small,0,Hotel,DIST_W_01,Moderate
OUT_05023,2023-03,8.708800790958573,1,Small,0,Hotel,DIST_W_01,Moderate
OUT_05023,2023-05,6.979117861044795,4,Small,0,Hotel,DIST_W_01,Un-Favorable
OUT_05023,2023-08,69.74648412107932,2,Small,0,Hotel,DIST_W_01,Moderate
OUT_05023,2023-10,32.202343247782444,1,Small,0,Hotel,DIST_W_01,Moderate
OUT_05023,2023-12,19.38065488948608,2,Small,0,Hotel,DIST_W_01,Favorable
OUT_05023,2024-04,135.46810368224504,7,Small,0,Hotel,DIST_W_01,Favorable
OUT_05023,2024-05,2.86954408453338,3,Small,0,Hotel,DIST_W_01,Un-Favorable
OUT_05023,2024-06,47.67744578789552,2,Small,0,Hotel,DIST_W_01,Un-Favorable
OUT_05023,2024-07,38.19194360852713,1,Small,0,Hotel,DIST_W_01,Moderate
OUT_05023,2024-08,4.493316363277027,1,Small,0,Hotel,DIST_W_01,Moderate
OUT_05023,2024-09,108.62403988550776,2,Small,0,Hotel,DIST_W_01,Moderate
OUT_05023,2025-01,94.57902933738664,2,Small,0,Hotel,DIST_W_01,Moderate
OUT_05023,2025-04,21.91295253292435,5,Small,0,Hotel,DIST_W_01,Favorable
OUT_05023,2025-05,27.92936007234321,3,Small,0,Hotel,DIST_W_01,Un-Favorable
OUT_05023,2025-07,28.866443904048232,1,Small,0,Hotel,DIST_W_01,Moderate
OUT_05023,2025-09,10.895834252564608,2,Small,0,Hotel,DIST_W_01,Moderate
OUT_05023,2025-10,16.79493768681482,1,Small,0,Hotel,DIST_W_01,Moderate
OUT_05023,2025-12,75.13262290571264,2,Small,0,Hotel,DIST_W_01,Favorable
OUT_05039,2023-01,68.29367500386681,3,Small,0,Eatery,DIST_W_03,Moderate
OUT_05039,2023-03,35.15029125588376,1,Small,0,Eatery,DIST_W_03,Moderate
OUT_05039,2023-06,18.111350804015228,1,Small,0,Eatery,DIST_W_03,Un-Favorable
OUT_05039,2023-11,24.061297018381893,1,Small,0,Eatery,DIST_W_03,Moderate
OUT_05039,2024-04,102.79646837301736,7,Small,0,Eatery,DIST_W_03,Favorable
OUT_05039,2024-06,13.99103039747003,2,Small,0,Eatery,DIST_W_03,Un-Favorable
OUT_05039,2024-07,32.635152897248034,1,Small,0,Eatery,DIST_W_03,Moderate
OUT_05039,2024-08,6.564515978607699,1,Small,0,Eatery,DIST_W_03,Moderate
OUT_05039,2024-09,24.779777975139066,2,Small,0,Eatery,DIST_W_03,Moderate
OUT_05039,2024-11,98.22581081962332,1,Small,0,Eatery,DIST_W_03,Moderate
OUT_05039,2025-01,23.833555104263603,2,Small,0,Eatery,DIST_W_03,Moderate
OUT_05039,2025-06,17.58778103095252,1,Small,0,Eatery,DIST_W_03,Un-Favorable
OUT_05039,2025-09,41.82684851086525,2,Small,0,Eatery,DIST_W_03,Moderate
OUT_05039,2025-10,27.37211619752852,1,Small,0,Eatery,DIST_W_03,Moderate
OUT_05039,2025-12,115.66611202741905,2,Small,0,Eatery,DIST_W_03,Favorable
OUT_05056,2023-02,187.73987828998105,3,Medium,2,Kiosk,DIST_W_03,Moderate
OUT_05056,2023-03,48.35682000290039,1,Medium,2,Kiosk,DIST_W_03,Moderate
OUT_05056,2023-05,116.20208937320844,4,Medium,2,Kiosk,DIST_W_03,Un-Favorable
OUT_05056,2023-06,128.4315173073589,1,Medium,2,Kiosk,DIST_W_03,Un-Favorable
OUT_05056,2023-08,255.01790046259592,2,Medium,2,Kiosk,DIST_W_03,Moderate
OUT_05056,2023-11,56.028793157052775,1,Medium,2,Kiosk,DIST_W_03,Moderate
OUT_05056,2023-12,308.9582090589753,2,Medium,2,Kiosk,DIST_W_03,Favorable
OUT_05056,2024-01,73.01326845752038,2,Medium,2,Kiosk,DIST_W_03,Moderate
OUT_05056,2024-02,230.0745929724665,3,Medium,2,Kiosk,DIST_W_03,Moderate
OUT_05056,2024-04,271.7565071930504,7,Medium,2,Kiosk,DIST_W_03,Favorable
OUT_05056,2024-05,53.642334406635534,3,Medium,2,Kiosk,DIST_W_03,Un-Favorable
OUT_05056,2024-06,79.62935762140276,2,Medium,2,Kiosk,DIST_W_03,Un-Favorable
OUT_05056,2024-07,124.63719461775872,1,Medium,2,Kiosk,DIST_W_03,Moderate
OUT_05056,2024-08,151.15665208713637,1,Medium,2,Kiosk,DIST_W_03,Moderate
OUT_05056,2024-11,91.10052573329683,1,Medium,2,Kiosk,DIST_W_03,Moderate
OUT_05056,2024-12,128.45870488535903,2,Medium,2,Kiosk,DIST_W_03,Favorable
OUT_05056,2025-01,90.58918553476944,2,Medium,2,Kiosk,DIST_W_03,Moderate
OUT_05056,2025-02,209.99255865361064,2,Medium,2,Kiosk,DIST_W_03,Moderate
OUT_05056,2025-03,63.7418058902759,1,Medium,2,Kiosk,DIST_W_03,Moderate
OUT_05056,2025-05,111.00014937531544,3,Medium,2,Kiosk,DIST_W_03,Un-Favorable
OUT_05056,2025-08,95.56834832428775,1,Medium,2,Kiosk,DIST_W_03,Moderate
OUT_05056,2025-09,206.11166492330148,2,Medium,2,Kiosk,DIST_W_03,Moderate
OUT_05056,2025-10,176.58304076722698,1,Medium,2,Kiosk,DIST_W_03,Moderate
OUT_05056,2025-11,57.11264949937302,1,Medium,2,Kiosk,DIST_W_03,Moderate
OUT_05056,2025-12,227.3995591829309,2,Medium,2,Kiosk,DIST_W_03,Favorable
OUT_05069,2023-01,37.47467407170582,3,Small,0,Hotel,DIST_W_03,Moderate
OUT_05069,2023-04,27.94666206958106,4,Small,0,Hotel,DIST_W_03,Favorable
OUT_05069,2023-05,19.711451406823013,4,Small,0,Hotel,DIST_W_03,Un-Favorable
OUT_05069,2023-06,53.32069293198748,1,Small,0,Hotel,DIST_W_03,Un-Favorable
OUT_05069,2023-07,80.43139089979584,1,Small,0,Hotel,DIST_W_03,Moderate
OUT_05069,2023-08,109.32492401994712,2,Small,0,Hotel,DIST_W_03,Moderate
OUT_05069,2023-11,69.96074002711626,1,Small,0,Hotel,DIST_W_03,Moderate
OUT_05069,2024-01,75.77019838796132,2,Small,0,Hotel,DIST_W_03,Moderate
OUT_05069,2024-02,27.71437670449174,3,Small,0,Hotel,DIST_W_03,Moderate
OUT_05069,2024-03,9.373002310780873,3,Small,0,Hotel,DIST_W_03,Moderate
OUT_05069,2024-06,15.712424426112868,2,Small,0,Hotel,DIST_W_03,Un-Favorable
OUT_05069,2024-07,69.08184434569466,1,Small,0,Hotel,DIST_W_03,Moderate
OUT_05069,2024-08,24.91707469045913,1,Small,0,Hotel,DIST_W_03,Moderate
OUT_05069,2024-11,94.38937644484857,1,Small,0,Hotel,DIST_W_03,Moderate
OUT_05069,2025-05,15.16255992371997,3,Small,0,Hotel,DIST_W_03,Un-Favorable
OUT_05069,2025-06,19.248825398305723,1,Small,0,Hotel,DIST_W_03,Un-Favorable
OUT_05069,2025-07,26.936526819484605,1,Small,0,Hotel,DIST_W_03,Moderate
OUT_05069,2025-08,22.98456127441176,1,Small,0,Hotel,DIST_W_03,Moderate
OUT_05069,2025-09,77.39228459655064,2,Small,0,Hotel,DIST_W_03,Moderate
OUT_05069,2025-11,101.98543840307764,1,Small,0,Hotel,DIST_W_03,Moderate
OUT_05069,2025-12,48.50408484246966,2,Small,0,Hotel,DIST_W_03,Favorable
OUT_05071,2023-01,1344.8727224254042,3,Extra Large,4,Eatery,DIST_W_01,Moderate
OUT_05071,2023-02,1239.143507393711,3,Extra Large,4,Eatery,DIST_W_01,Moderate
OUT_05071,2023-03,1407.803866788371,1,Extra Large,4,Eatery,DIST_W_01,Moderate
OUT_05071,2023-04,1952.6924597775223,4,Extra Large,4,Eatery,DIST_W_01,Favorable
OUT_05071,2023-05,809.7559663532807,4,Extra Large,4,Eatery,DIST_W_01,Un-Favorable
OUT_05071,2023-06,881.4898073745771,1,Extra Large,4,Eatery,DIST_W_01,Un-Favorable
OUT_05071,2023-07,1373.8977386179586,1,Extra Large,4,Eatery,DIST_W_01,Moderate
OUT_05071,2023-08,1353.5128826142354,2,Extra Large,4,Eatery,DIST_W_01,Moderate
OUT_05071,2023-09,1238.0532257713453,2,Extra Large,4,Eatery,DIST_W_01,Moderate
OUT_05071,2023-10,1120.923551126216,1,Extra Large,4,Eatery,DIST_W_01,Moderate
OUT_05071,2023-11,1273.0171713296395,1,Extra Large,4,Eatery,DIST_W_01,Moderate
OUT_05071,2023-12,1993.2055084754045,2,Extra Large,4,Eatery,DIST_W_01,Favorable
OUT_05071,2024-01,1262.4860833239245,2,Extra Large,4,Eatery,DIST_W_01,Moderate
OUT_05071,2024-02,1300.5989235102288,3,Extra Large,4,Eatery,DIST_W_01,Moderate
OUT_05071,2024-03,1375.9456294659503,3,Extra Large,4,Eatery,DIST_W_01,Moderate
OUT_05071,2024-04,1955.5738129197407,7,Extra Large,4,Eatery,DIST_W_01,Favorable
OUT_05071,2024-05,844.3483793380971,3,Extra Large,4,Eatery,DIST_W_01,Un-Favorable
OUT_05071,2024-06,745.8927195597414,2,Extra Large,4,Eatery,DIST_W_01,Un-Favorable
OUT_05071,2024-07,1375.828269511419,1,Extra Large,4,Eatery,DIST_W_01,Moderate
OUT_05071,2024-08,1368.00713936395,1,Extra Large,4,Eatery,DIST_W_01,Moderate
OUT_05071,2024-09,1271.6470357109574,2,Extra Large,4,Eatery,DIST_W_01,Moderate
OUT_05071,2024-10,1294.645012969686,2,Extra Large,4,Eatery,DIST_W_01,Moderate
OUT_05071,2024-11,1361.533713970208,1,Extra Large,4,Eatery,DIST_W_01,Moderate
OUT_05071,2024-12,1927.4975439280065,2,Extra Large,4,Eatery,DIST_W_01,Favorable
OUT_05071,2025-01,1304.027888714546,2,Extra Large,4,Eatery,DIST_W_01,Moderate
OUT_05071,2025-03,1247.879929281232,1,Extra Large,4,Eatery,DIST_W_01,Moderate
OUT_05071,2025-04,1899.219606664959,5,Extra Large,4,Eatery,DIST_W_01,Favorable
OUT_05071,2025-05,853.049558970024,3,Extra Large,4,Eatery,DIST_W_01,Un-Favorable
OUT_05071,2025-06,898.4636865751818,1,Extra Large,4,Eatery,DIST_W_01,Un-Favorable
OUT_05071,2025-07,1294.9596888654755,1,Extra Large,4,Eatery,DIST_W_01,Moderate
OUT_05071,2025-08,1430.2451134480466,1,Extra Large,4,Eatery,DIST_W_01,Moderate
OUT_05071,2025-09,1201.5561979963936,2,Extra Large,4,Eatery,DIST_W_01,Moderate
OUT_05071,2025-10,1269.8645468905388,1,Extra Large,4,Eatery,DIST_W_01,Moderate
OUT_05071,2025-11,1481.6965512110903,1,Extra Large,4,Eatery,DIST_W_01,Moderate
OUT_05071,2025-12,2026.191100846488,2,Extra Large,4,Eatery,DIST_W_01,Favorable
OUT_05072,2023-02,13.595537900767592,3,Small,1,SMMT,DIST_W_02,Moderate
OUT_05072,2023-03,6.81516719075613,1,Small,1,SMMT,DIST_W_02,Moderate
OUT_05072,2023-05,11.352887622144138,4,Small,1,SMMT,DIST_W_02,Un-Favorable
OUT_05072,2023-06,11.827914940038678,1,Small,1,SMMT,DIST_W_02,Un-Favorable
OUT_05072,2023-07,5.003025818307505,1,Small,1,SMMT,DIST_W_02,Moderate
OUT_05072,2023-09,93.3583095520516,2,Small,1,SMMT,DIST_W_02,Moderate
OUT_05072,2023-10,83.7124865030388,1,Small,1,SMMT,DIST_W_02,Moderate
OUT_05072,2023-11,73.70252561691697,1,Small,1,SMMT,DIST_W_02,Moderate
OUT_05072,2024-01,83.72767043925367,2,Small,1,SMMT,DIST_W_02,Moderate
OUT_05072,2024-03,26.514431250431663,3,Small,1,SMMT,DIST_W_02,Moderate
OUT_05072,2024-04,61.73655559524568,7,Small,1,SMMT,DIST_W_02,Favorable
OUT_05072,2024-06,6.889436169355766,2,Small,1,SMMT,DIST_W_02,Un-Favorable
OUT_05072,2024-07,20.86092635400996,1,Small,1,SMMT,DIST_W_02,Moderate
OUT_05072,2024-10,70.6741939300325,2,Small,1,SMMT,DIST_W_02,Moderate
OUT_05072,2024-11,69.5935032025139,1,Small,1,SMMT,DIST_W_02,Moderate
OUT_05072,2024-12,30.041854308581925,2,Small,1,SMMT,DIST_W_02,Favorable
OUT_05072,2025-01,2.359842746712392,2,Small,1,SMMT,DIST_W_02,Moderate
OUT_05072,2025-02,34.20940128138196,2,Small,1,SMMT,DIST_W_02,Moderate
OUT_05072,2025-06,51.78845815045794,1,Small,1,SMMT,DIST_W_02,Un-Favorable
OUT_05072,2025-07,25.211905264205683,1,Small,1,SMMT,DIST_W_02,Moderate
OUT_05072,2025-09,17.55350071595499,2,Small,1,SMMT,DIST_W_02,Moderate
OUT_05072,2025-12,122.58732968810476,2,Small,1,SMMT,DIST_W_02,Favorable
OUT_05134,2023-01,167.2178974119844,3,Medium,2,Bakry,DIST_W_02,Moderate
OUT_05134,2023-02,234.48187294185675,3,Medium,2,Bakry,DIST_W_02,Moderate
OUT_05134,2023-05,55.70520898813633,4,Medium,2,Bakry,DIST_W_02,Un-Favorable
OUT_05134,2023-06,95.86970441908636,1,Medium,2,Bakry,DIST_W_02,Un-Favorable
OUT_05134,2023-07,251.58670891817783,1,Medium,2,Bakry,DIST_W_02,Moderate
OUT_05134,2023-08,93.13492115110704,2,Medium,2,Bakry,DIST_W_02,Moderate
OUT_05134,2023-09,200.65406545913524,2,Medium,2,Bakry,DIST_W_02,Moderate
OUT_05134,2023-11,94.97764585514248,1,Medium,2,Bakry,DIST_W_02,Moderate
OUT_05134,2023-12,284.6838419370566,2,Medium,2,Bakry,DIST_W_02,Favorable
OUT_05134,2024-01,15.122976912878396,2,Medium,2,Bakry,DIST_W_02,Moderate
OUT_05134,2024-03,222.62977383796544,3,Medium,2,Bakry,DIST_W_02,Moderate
OUT_05134,2024-04,292.0363457232252,7,Medium,2,Bakry,DIST_W_02,Favorable
OUT_05134,2024-05,83.53876106938354,3,Medium,2,Bakry,DIST_W_02,Un-Favorable
OUT_05134,2024-08,181.3919069130544,1,Medium,2,Bakry,DIST_W_02,Moderate
OUT_05134,2024-09,94.67685378257318,2,Medium,2,Bakry,DIST_W_02,Moderate
OUT_05134,2024-11,40.38877529853711,1,Medium,2,Bakry,DIST_W_02,Moderate
OUT_05134,2024-12,243.99238326415647,2,Medium,2,Bakry,DIST_W_02,Favorable
OUT_05134,2025-02,192.1752208498546,2,Medium,2,Bakry,DIST_W_02,Moderate
OUT_05134,2025-04,227.3343441360144,5,Medium,2,Bakry,DIST_W_02,Favorable
OUT_05134,2025-05,106.05242332794894,3,Medium,2,Bakry,DIST_W_02,Un-Favorable
OUT_05134,2025-06,126.24093107983734,1,Medium,2,Bakry,DIST_W_02,Un-Favorable
OUT_05134,2025-07,56.87665801233853,1,Medium,2,Bakry,DIST_W_02,Moderate
OUT_05134,2025-08,72.8442759258914,1,Medium,2,Bakry,DIST_W_02,Moderate
OUT_05134,2025-09,93.8345112183258,2,Medium,2,Bakry,DIST_W_02,Moderate
OUT_05159,2023-02,48.22414435198756,3,Medium,1,Pharmacy,DIST_W_02,Moderate
OUT_05159,2023-03,62.86418628758016,1,Medium,1,Pharmacy,DIST_W_02,Moderate
OUT_05159,2023-04,164.7584746266196,4,Medium,1,Pharmacy,DIST_W_02,Favorable
OUT_05159,2023-07,223.20157682229365,1,Medium,1,Pharmacy,DIST_W_02,Moderate
OUT_05159,2023-09,149.3493153361998,2,Medium,1,Pharmacy,DIST_W_02,Moderate
OUT_05159,2023-10,35.4056091442682,1,Medium,1,Pharmacy,DIST_W_02,Moderate
OUT_05159,2023-12,140.906971993397,2,Medium,1,Pharmacy,DIST_W_02,Favorable
OUT_05159,2024-01,212.72631826390943,2,Medium,1,Pharmacy,DIST_W_02,Moderate
OUT_05159,2024-02,191.6848735597945,3,Medium,1,Pharmacy,DIST_W_02,Moderate
OUT_05159,2024-03,199.6662755121194,3,Medium,1,Pharmacy,DIST_W_02,Moderate
OUT_05159,2024-04,312.192760971389,7,Medium,1,Pharmacy,DIST_W_02,Favorable
OUT_05159,2024-05,46.351069111641046,3,Medium,1,Pharmacy,DIST_W_02,Un-Favorable
OUT_05159,2024-06,57.55059848731557,2,Medium,1,Pharmacy,DIST_W_02,Un-Favorable
OUT_05159,2024-07,50.5592378726667,1,Medium,1,Pharmacy,DIST_W_02,Moderate
OUT_05159,2024-08,74.83788086313568,1,Medium,1,Pharmacy,DIST_W_02,Moderate
OUT_05159,2024-09,6.80447008172652,2,Medium,1,Pharmacy,DIST_W_02,Moderate
OUT_05159,2024-10,160.54688896221296,2,Medium,1,Pharmacy,DIST_W_02,Moderate
OUT_05159,2024-11,185.56399458330307,1,Medium,1,Pharmacy,DIST_W_02,Moderate
OUT_05159,2024-12,86.68942920952924,2,Medium,1,Pharmacy,DIST_W_02,Favorable
OUT_05159,2025-02,43.35757394661702,2,Medium,1,Pharmacy,DIST_W_02,Moderate
OUT_05159,2025-06,94.45540435021633,1,Medium,1,Pharmacy,DIST_W_02,Un-Favorable
OUT_05159,2025-08,69.86008754399113,1,Medium,1,Pharmacy,DIST_W_02,Moderate
OUT_05159,2025-09,187.85777633839749,2,Medium,1,Pharmacy,DIST_W_02,Moderate
OUT_05159,2025-10,57.32597640181472,1,Medium,1,Pharmacy,DIST_W_02,Moderate
OUT_05159,2025-11,189.87680661289824,1,Medium,1,Pharmacy,DIST_W_02,Moderate
OUT_05159,2025-12,134.90781197935738,2,Medium,1,Pharmacy,DIST_W_02,Favorable
OUT_05168,2023-01,604.6424280315966,3,Large,3,Pharmacy,DIST_W_02,Moderate
OUT_05168,2023-04,707.7842454283503,4,Large,3,Pharmacy,DIST_W_02,Favorable
OUT_05168,2023-05,337.3111718325993,4,Large,3,Pharmacy,DIST_W_02,Un-Favorable
OUT_05168,2023-06,382.9501720959487,1,Large,3,Pharmacy,DIST_W_02,Un-Favorable
OUT_05168,2023-07,481.4204787033179,1,Large,3,Pharmacy,DIST_W_02,Moderate
OUT_05168,2023-08,583.1409402507182,2,Large,3,Pharmacy,DIST_W_02,Moderate
OUT_05168,2023-09,551.9357153024341,2,Large,3,Pharmacy,DIST_W_02,Moderate
OUT_05168,2023-10,605.6414087769671,1,Large,3,Pharmacy,DIST_W_02,Moderate
OUT_05168,2023-11,597.3542719311583,1,Large,3,Pharmacy,DIST_W_02,Moderate
OUT_05168,2023-12,819.4851198003441,2,Large,3,Pharmacy,DIST_W_02,Favorable
OUT_05168,2024-01,569.797581777636,2,Large,3,Pharmacy,DIST_W_02,Moderate
OUT_05168,2024-02,592.2107801421873,3,Large,3,Pharmacy,DIST_W_02,Moderate
OUT_05168,2024-03,227.40906975707344,3,Large,3,Pharmacy,DIST_W_02,Moderate
OUT_05168,2024-04,833.6034431598171,7,Large,3,Pharmacy,DIST_W_02,Favorable
OUT_05168,2024-05,376.5959112216723,3,Large,3,Pharmacy,DIST_W_02,Un-Favorable
OUT_05168,2024-06,412.2345925724365,2,Large,3,Pharmacy,DIST_W_02,Un-Favorable
OUT_05168,2024-07,568.964327927878,1,Large,3,Pharmacy,DIST_W_02,Moderate
OUT_05168,2024-08,560.9117996225807,1,Large,3,Pharmacy,DIST_W_02,Moderate
OUT_05168,2024-09,513.4276053502684,2,Large,3,Pharmacy,DIST_W_02,Moderate
OUT_05168,2024-10,676.1391980419577,2,Large,3,Pharmacy,DIST_W_02,Moderate
OUT_05168,2024-11,586.4742992521808,1,Large,3,Pharmacy,DIST_W_02,Moderate
OUT_05168,2025-01,554.4878136260932,2,Large,3,Pharmacy,DIST_W_02,Moderate
OUT_05168,2025-02,699.1445804883741,2,Large,3,Pharmacy,DIST_W_02,Moderate
OUT_05168,2025-03,634.3054232379175,1,Large,3,Pharmacy,DIST_W_02,Moderate
OUT_05168,2025-04,911.8829436225286,5,Large,3,Pharmacy,DIST_W_02,Favorable
OUT_05168,2025-05,358.8185459827522,3,Large,3,Pharmacy,DIST_W_02,Un-Favorable
OUT_05168,2025-06,152.7723366702004,1,Large,3,Pharmacy,DIST_W_02,Un-Favorable
OUT_05168,2025-08,587.2033563827367,1,Large,3,Pharmacy,DIST_W_02,Moderate
OUT_05168,2025-09,578.5084674849619,2,Large,3,Pharmacy,DIST_W_02,Moderate
OUT_05168,2025-10,594.5851735511685,1,Large,3,Pharmacy,DIST_W_02,Moderate
OUT_05168,2025-11,695.2912001031907,1,Large,3,Pharmacy,DIST_W_02,Moderate
OUT_05168,2025-12,831.2675108713671,2,Large,3,Pharmacy,DIST_W_02,Favorable
OUT_05189,2023-03,34.649115435519974,1,Small,0,Kiosk,DIST_W_01,Moderate
OUT_05189,2023-04,19.68283994756257,4,Small,0,Kiosk,DIST_W_01,Favorable
OUT_05189,2023-05,16.866850902925236,4,Small,0,Kiosk,DIST_W_01,Un-Favorable
OUT_05189,2023-06,70.67583691290977,1,Small,0,Kiosk,DIST_W_01,Un-Favorable
OUT_05189,2023-07,28.179452591259444,1,Small,0,Kiosk,DIST_W_01,Moderate
OUT_05189,2023-09,33.26599822350366,2,Small,0,Kiosk,DIST_W_01,Moderate
OUT_05189,2023-10,78.97110743862757,1,Small,0,Kiosk,DIST_W_01,Moderate
OUT_05189,2023-12,25.241862418188585,2,Small,0,Kiosk,DIST_W_01,Favorable
OUT_05189,2024-04,28.088492805783623,7,Small,0,Kiosk,DIST_W_01,Favorable
OUT_05189,2024-05,55.50772887082253,3,Small,0,Kiosk,DIST_W_01,Un-Favorable
OUT_05189,2024-07,23.137118595017725,1,Small,0,Kiosk,DIST_W_01,Moderate
OUT_05189,2024-09,17.56052803665561,2,Small,0,Kiosk,DIST_W_01,Moderate
OUT_05189,2024-11,19.24870004943554,1,Small,0,Kiosk,DIST_W_01,Moderate
OUT_05189,2025-02,43.98989339159061,2,Small,0,Kiosk,DIST_W_01,Moderate
OUT_05189,2025-03,4.779862367887913,1,Small,0,Kiosk,DIST_W_01,Moderate
OUT_05189,2025-04,132.41865989994108,5,Small,0,Kiosk,DIST_W_01,Favorable
OUT_05189,2025-05,2.864285032642645,3,Small,0,Kiosk,DIST_W_01,Un-Favorable
OUT_05189,2025-06,22.399209111700657,1,Small,0,Kiosk,DIST_W_01,Un-Favorable
OUT_05189,2025-07,7.048487867457967,1,Small,0,Kiosk,DIST_W_01,Moderate
OUT_05189,2025-09,76.60651521332262,2,Small,0,Kiosk,DIST_W_01,Moderate
OUT_05189,2025-10,28.607885772933653,1,Small,0,Kiosk,DIST_W_01,Moderate
OUT_05189,2025-11,13.658152122954926,1,Small,0,Kiosk,DIST_W_01,Moderate
OUT_05198,2023-01,1280.1674294951415,3,Extra Large,3,Pharmacy,DIST_W_03,Moderate
OUT_05198,2023-02,1324.8225073614633,3,Extra Large,3,Pharmacy,DIST_W_03,Moderate
OUT_05198,2023-03,1342.134786369293,1,Extra Large,3,Pharmacy,DIST_W_03,Moderate
OUT_05198,2023-04,1900.634618550519,4,Extra Large,3,Pharmacy,DIST_W_03,Favorable
OUT_05198,2023-05,863.9003141530909,4,Extra Large,3,Pharmacy,DIST_W_03,Un-Favorable
OUT_05198,2023-06,825.4421416715611,1,Extra Large,3,Pharmacy,DIST_W_03,Un-Favorable
OUT_05198,2023-07,1265.4486612375406,1,Extra Large,3,Pharmacy,DIST_W_03,Moderate
OUT_05198,2023-09,1164.8256534566688,2,Extra Large,3,Pharmacy,DIST_W_03,Moderate
OUT_05198,2023-10,1188.7218291322088,1,Extra Large,3,Pharmacy,DIST_W_03,Moderate
OUT_05198,2023-11,1279.010897669742,1,Extra Large,3,Pharmacy,DIST_W_03,Moderate
OUT_05198,2023-12,1933.677142359824,2,Extra Large,3,Pharmacy,DIST_W_03,Favorable
OUT_05198,2024-01,1188.9699702953128,2,Extra Large,3,Pharmacy,DIST_W_03,Moderate
OUT_05198,2024-02,1338.103092046355,3,Extra Large,3,Pharmacy,DIST_W_03,Moderate
OUT_05198,2024-03,1278.96596627781,3,Extra Large,3,Pharmacy,DIST_W_03,Moderate
OUT_05198,2024-04,1799.4880451581837,7,Extra Large,3,Pharmacy,DIST_W_03,Favorable
OUT_05198,2024-05,909.8904152962086,3,Extra Large,3,Pharmacy,DIST_W_03,Un-Favorable
OUT_05198,2024-06,871.1690210769455,2,Extra Large,3,Pharmacy,DIST_W_03,Un-Favorable
OUT_05198,2024-07,1378.9060177375543,1,Extra Large,3,Pharmacy,DIST_W_03,Moderate
OUT_05198,2024-08,1357.1151027976812,1,Extra Large,3,Pharmacy,DIST_W_03,Moderate
OUT_05198,2024-09,1361.9903188851133,2,Extra Large,3,Pharmacy,DIST_W_03,Moderate
OUT_05198,2024-10,1290.3076256122667,2,Extra Large,3,Pharmacy,DIST_W_03,Moderate
OUT_05198,2024-11,1270.5986469027243,1,Extra Large,3,Pharmacy,DIST_W_03,Moderate
OUT_05198,2024-12,1821.2438457044764,2,Extra Large,3,Pharmacy,DIST_W_03,Favorable
OUT_05198,2025-01,1254.3842194433826,2,Extra Large,3,Pharmacy,DIST_W_03,Moderate
OUT_05198,2025-02,1372.0186251731466,2,Extra Large,3,Pharmacy,DIST_W_03,Moderate
OUT_05198,2025-03,1179.554010417712,1,Extra Large,3,Pharmacy,DIST_W_03,Moderate
OUT_05198,2025-04,1909.7058348411945,5,Extra Large,3,Pharmacy,DIST_W_03,Favorable
OUT_05198,2025-05,846.9941965408019,3,Extra Large,3,Pharmacy,DIST_W_03,Un-Favorable
OUT_05198,2025-06,828.8948184644214,1,Extra Large,3,Pharmacy,DIST_W_03,Un-Favorable
OUT_05198,2025-07,1315.936898163371,1,Extra Large,3,Pharmacy,DIST_W_03,Moderate
OUT_05198,2025-08,1387.834130302416,1,Extra Large,3,Pharmacy,DIST_W_03,Moderate
OUT_05198,2025-09,1300.6723563188905,2,Extra Large,3,Pharmacy,DIST_W_03,Moderate
OUT_05198,2025-10,1271.582468343407,1,Extra Large,3,Pharmacy,DIST_W_03,Moderate
OUT_05198,2025-12,1810.737103317508,2,Extra Large,3,Pharmacy,DIST_W_03,Favorable
OUT_05220,2023-01,89.9016238394566,3,Medium,2,Eatery,DIST_W_03,Moderate
OUT_05220,2023-02,254.05987501213977,3,Medium,2,Eatery,DIST_W_03,Moderate
OUT_05220,2023-04,162.55339332021614,4,Medium,2,Eatery,DIST_W_03,Favorable
OUT_05220,2023-06,32.73083766490873,1,Medium,2,Eatery,DIST_W_03,Un-Favorable
OUT_05220,2023-07,75.97784335376878,1,Medium,2,Eatery,DIST_W_03,Moderate
OUT_05220,2023-08,162.1794139719281,2,Medium,2,Eatery,DIST_W_03,Moderate
OUT_05220,2023-09,209.99980199228708,2,Medium,2,Eatery,DIST_W_03,Moderate
OUT_05220,2023-10,217.5538173683877,1,Medium,2,Eatery,DIST_W_03,Moderate
OUT_05220,2024-01,220.18809016050952,2,Medium,2,Eatery,DIST_W_03,Moderate
OUT_05220,2024-02,75.22854588532881,3,Medium,2,Eatery,DIST_W_03,Moderate
OUT_05220,2024-03,119.92126108859556,3,Medium,2,Eatery,DIST_W_03,Moderate
OUT_05220,2024-06,103.47865982981102,2,Medium,2,Eatery,DIST_W_03,Un-Favorable
OUT_05220,2024-07,36.32420678203928,1,Medium,2,Eatery,DIST_W_03,Moderate
OUT_05220,2024-08,89.44006382219509,1,Medium,2,Eatery,DIST_W_03,Moderate
OUT_05220,2024-09,158.6877440511855,2,Medium,2,Eatery,DIST_W_03,Moderate
OUT_05220,2024-10,103.9341916151592,2,Medium,2,Eatery,DIST_W_03,Moderate
OUT_05220,2024-11,22.43508368238505,1,Medium,2,Eatery,DIST_W_03,Moderate
OUT_05220,2024-12,263.2154750202069,2,Medium,2,Eatery,DIST_W_03,Favorable
OUT_05220,2025-01,44.63388810118928,2,Medium,2,Eatery,DIST_W_03,Moderate
OUT_05220,2025-02,198.53336193797583,2,Medium,2,Eatery,DIST_W_03,Moderate
OUT_05220,2025-03,205.95510143983563,1,Medium,2,Eatery,DIST_W_03,Moderate
OUT_05220,2025-04,227.03348377754435,5,Medium,2,Eatery,DIST_W_03,Favorable
OUT_05220,2025-05,68.6410935873056,3,Medium,2,Eatery,DIST_W_03,Un-Favorable
OUT_05220,2025-07,91.87536024678477,1,Medium,2,Eatery,DIST_W_03,Moderate
OUT_05220,2025-08,77.58901194470585,1,Medium,2,Eatery,DIST_W_03,Moderate
OUT_05220,2025-09,208.7714914225564,2,Medium,2,Eatery,DIST_W_03,Moderate
OUT_05220,2025-10,41.03164612779648,1,Medium,2,Eatery,DIST_W_03,Moderate
OUT_05220,2025-11,46.18914277073842,1,Medium,2,Eatery,DIST_W_03,Moderate
OUT_05245,2023-05,16.673140639961883,4,Small,0,Pharmacy,DIST_W_01,Un-Favorable
OUT_05245,2023-08,6.369080845286188,2,Small,0,Pharmacy,DIST_W_01,Moderate
OUT_05245,2023-10,90.59045460539232,1,Small,0,Pharmacy,DIST_W_01,Moderate
OUT_05245,2023-11,21.460639928785422,1,Small,0,Pharmacy,DIST_W_01,Moderate
OUT_05245,2023-12,46.99271647800819,2,Small,0,Pharmacy,DIST_W_01,Favorable
OUT_05245,2024-02,6.820099958160941,3,Small,0,Pharmacy,DIST_W_01,Moderate
OUT_05245,2024-04,90.89750345719077,7,Small,0,Pharmacy,DIST_W_01,Favorable
OUT_05245,2024-05,19.222401667816307,3,Small,0,Pharmacy,DIST_W_01,Un-Favorable
OUT_05245,2024-08,35.04383669456463,1,Small,0,Pharmacy,DIST_W_01,Moderate
OUT_05245,2024-09,98.98674527852262,2,Small,0,Pharmacy,DIST_W_01,Moderate
OUT_05245,2024-10,78.82559458840828,2,Small,0,Pharmacy,DIST_W_01,Moderate
OUT_05245,2025-01,24.097207950650784,2,Small,0,Pharmacy,DIST_W_01,Moderate
OUT_05245,2025-05,69.79223873143785,3,Small,0,Pharmacy,DIST_W_01,Un-Favorable
OUT_05245,2025-09,6.817647394931201,2,Small,0,Pharmacy,DIST_W_01,Moderate
OUT_05245,2025-10,21.50575729408033,1,Small,0,Pharmacy,DIST_W_01,Moderate
OUT_05245,2025-11,61.32474336712135,1,Small,0,Pharmacy,DIST_W_01,Moderate
OUT_05258,2023-03,53.23061576323721,1,Small,1,Eatery,DIST_W_02,Moderate
OUT_05258,2023-04,42.493278677973,4,Small,1,Eatery,DIST_W_02,Favorable
OUT_05258,2023-07,34.94227641944826,1,Small,1,Eatery,DIST_W_02,Moderate
OUT_05258,2023-09,99.6969353770744,2,Small,1,Eatery,DIST_W_02,Moderate
OUT_05258,2024-01,28.366237100432176,2,Small,1,Eatery,DIST_W_02,Moderate
OUT_05258,2024-05,9.455783250396152,3,Small,1,Eatery,DIST_W_02,Un-Favorable
OUT_05258,2024-07,43.013873710875735,1,Small,1,Eatery,DIST_W_02,Moderate
OUT_05258,2024-10,64.10813022601769,2,Small,1,Eatery,DIST_W_02,Moderate
OUT_05258,2025-05,20.66886944483313,3,Small,1,Eatery,DIST_W_02,Un-Favorable
OUT_05258,2025-12,122.4920040367675,2,Small,1,Eatery,DIST_W_02,Favorable
OUT_05270,2023-02,69.40230186828339,3,Medium,2,Eatery,DIST_W_03,Moderate
OUT_05270,2023-03,217.923717327001,1,Medium,2,Eatery,DIST_W_03,Moderate
OUT_05270,2023-05,96.53139768177836,4,Medium,2,Eatery,DIST_W_03,Un-Favorable
OUT_05270,2023-06,121.36432097060748,1,Medium,2,Eatery,DIST_W_03,Un-Favorable
OUT_05270,2023-07,179.12148002881997,1,Medium,2,Eatery,DIST_W_03,Moderate
OUT_05270,2023-09,219.56689106780271,2,Medium,2,Eatery,DIST_W_03,Moderate
OUT_05270,2023-10,124.10924452448802,1,Medium,2,Eatery,DIST_W_03,Moderate
OUT_05270,2023-12,254.7867439494991,2,Medium,2,Eatery,DIST_W_03,Favorable
OUT_05270,2024-01,9.441380148125056,2,Medium,2,Eatery,DIST_W_03,Moderate
OUT_05270,2024-02,152.3770771640144,3,Medium,2,Eatery,DIST_W_03,Moderate
OUT_05270,2024-05,37.94823701735633,3,Medium,2,Eatery,DIST_W_03,Un-Favorable
OUT_05270,2024-06,41.96308429601797,2,Medium,2,Eatery,DIST_W_03,Un-Favorable
OUT_05270,2024-08,62.59140633619246,1,Medium,2,Eatery,DIST_W_03,Moderate
OUT_05270,2024-09,255.0111655083857,2,Medium,2,Eatery,DIST_W_03,Moderate
OUT_05270,2024-11,54.44136202594471,1,Medium,2,Eatery,DIST_W_03,Moderate
OUT_05270,2024-12,357.9404634194699,2,Medium,2,Eatery,DIST_W_03,Favorable
OUT_05270,2025-01,51.72575493455006,2,Medium,2,Eatery,DIST_W_03,Moderate
OUT_05270,2025-02,201.613688338484,2,Medium,2,Eatery,DIST_W_03,Moderate
OUT_05270,2025-03,75.62438169970261,1,Medium,2,Eatery,DIST_W_03,Moderate
OUT_05270,2025-04,387.58400944803503,5,Medium,2,Eatery,DIST_W_03,Favorable
OUT_05270,2025-05,149.53205017322688,3,Medium,2,Eatery,DIST_W_03,Un-Favorable
OUT_05270,2025-06,120.36923421141005,1,Medium,2,Eatery,DIST_W_03,Un-Favorable
OUT_05270,2025-07,269.38236144944574,1,Medium,2,Eatery,DIST_W_03,Moderate
OUT_05270,2025-08,114.26999128452168,1,Medium,2,Eatery,DIST_W_03,Moderate
OUT_05270,2025-10,195.9478635995358,1,Medium,2,Eatery,DIST_W_03,Moderate
OUT_05270,2025-12,309.7944369829624,2,Medium,2,Eatery,DIST_W_03,Favorable
OUT_05303,2023-01,78.70782926098401,3,Small,1,Bakery,DIST_W_03,Moderate
OUT_05303,2023-06,14.540433396851792,1,Small,1,Bakery,DIST_W_03,Un-Favorable
OUT_05303,2023-08,28.19618289411785,2,Small,1,Bakery,DIST_W_03,Moderate
OUT_05303,2023-09,7.532131956823985,2,Small,1,Bakery,DIST_W_03,Moderate
OUT_05303,2023-11,58.71892755038116,1,Small,1,Bakery,DIST_W_03,Moderate
OUT_05303,2023-12,14.546027038492678,2,Small,1,Bakery,DIST_W_03,Favorable
OUT_05303,2024-01,92.71144342109046,2,Small,1,Bakery,DIST_W_03,Moderate
OUT_05303,2024-05,26.289302926632512,3,Small,1,Bakery,DIST_W_03,Un-Favorable
OUT_05303,2024-10,94.22063331786605,2,Small,1,Bakery,DIST_W_03,Moderate
OUT_05303,2024-11,59.0739029799848,1,Small,1,Bakery,DIST_W_03,Moderate
OUT_05303,2024-12,73.99946607052311,2,Small,1,Bakery,DIST_W_03,Favorable
OUT_05303,2025-03,23.720209745203867,1,Small,1,Bakery,DIST_W_03,Moderate
OUT_05303,2025-05,49.41763397130671,3,Small,1,Bakery,DIST_W_03,Un-Favorable
OUT_05303,2025-06,12.517620458645734,1,Small,1,Bakery,DIST_W_03,Un-Favorable
OUT_05303,2025-10,83.12775995751564,1,Small,1,Bakery,DIST_W_03,Moderate
OUT_05303,2025-11,48.64562493813811,1,Small,1,Bakery,DIST_W_03,Moderate
OUT_05313,2023-01,39.84609706266403,3,Small,1,Pharmacy,DIST_W_02,Moderate
OUT_05313,2023-03,23.600382704435283,1,Small,1,Pharmacy,DIST_W_02,Moderate
OUT_05313,2023-04,97.88606991270582,4,Small,1,Pharmacy,DIST_W_02,Favorable
OUT_05313,2023-05,36.908535989752046,4,Small,1,Pharmacy,DIST_W_02,Un-Favorable
OUT_05313,2023-06,71.09530543456283,1,Small,1,Pharmacy,DIST_W_02,Un-Favorable
OUT_05313,2023-11,21.6926008945818,1,Small,1,Pharmacy,DIST_W_02,Moderate
OUT_05313,2024-01,48.96012012016341,2,Small,1,Pharmacy,DIST_W_02,Moderate
OUT_05313,2024-03,34.628810714364285,3,Small,1,Pharmacy,DIST_W_02,Moderate
OUT_05313,2024-04,22.203571892688792,7,Small,1,Pharmacy,DIST_W_02,Favorable
OUT_05313,2024-07,60.64198599665036,1,Small,1,Pharmacy,DIST_W_02,Moderate
OUT_05313,2024-08,83.25276198927745,1,Small,1,Pharmacy,DIST_W_02,Moderate
OUT_05313,2024-09,8.141642682575208,2,Small,1,Pharmacy,DIST_W_02,Moderate
OUT_05313,2024-10,30.614864297094265,2,Small,1,Pharmacy,DIST_W_02,Moderate
OUT_05313,2024-11,20.754709934533693,1,Small,1,Pharmacy,DIST_W_02,Moderate
OUT_05313,2024-12,37.66024563488715,2,Small,1,Pharmacy,DIST_W_02,Favorable
OUT_05313,2025-01,22.31620425399568,2,Small,1,Pharmacy,DIST_W_02,Moderate
OUT_05313,2025-02,19.89747211518781,2,Small,1,Pharmacy,DIST_W_02,Moderate
OUT_05313,2025-03,108.6061615065636,1,Small,1,Pharmacy,DIST_W_02,Moderate
OUT_05313,2025-04,85.26747042766414,5,Small,1,Pharmacy,DIST_W_02,Favorable
OUT_05313,2025-05,50.17475089750406,3,Small,1,Pharmacy,DIST_W_02,Un-Favorable
OUT_05313,2025-06,25.947748569535168,1,Small,1,Pharmacy,DIST_W_02,Un-Favorable
OUT_05313,2025-09,79.16483565612864,2,Small,1,Pharmacy,DIST_W_02,Moderate
OUT_05333,2023-01,994.8645429689934,3,Large,5,Hotel,DIST_W_03,Moderate
OUT_05333,2023-02,649.7008300951059,3,Large,5,Hotel,DIST_W_03,Moderate
OUT_05333,2023-04,887.8797542915268,4,Large,5,Hotel,DIST_W_03,Favorable
OUT_05333,2023-06,353.1445578926575,1,Large,5,Hotel,DIST_W_03,Un-Favorable
OUT_05333,2023-07,647.7441000057986,1,Large,5,Hotel,DIST_W_03,Moderate
OUT_05333,2023-08,541.1614191479617,2,Large,5,Hotel,DIST_W_03,Moderate
OUT_05333,2023-09,335.5383145883088,2,Large,5,Hotel,DIST_W_03,Moderate
OUT_05333,2023-10,640.9418567524089,1,Large,5,Hotel,DIST_W_03,Moderate
OUT_05333,2023-11,616.5241621329386,1,Large,5,Hotel,DIST_W_03,Moderate
OUT_05333,2024-01,655.4222449334935,2,Large,5,Hotel,DIST_W_03,Moderate
OUT_05333,2024-02,579.9897051306049,3,Large,5,Hotel,DIST_W_03,Moderate
OUT_05333,2024-03,552.3998759936062,3,Large,5,Hotel,DIST_W_03,Moderate
OUT_05333,2024-04,820.2779558836211,7,Large,5,Hotel,DIST_W_03,Favorable
OUT_05333,2024-05,201.2136156116563,3,Large,5,Hotel,DIST_W_03,Un-Favorable
OUT_05333,2024-06,220.1757359271332,2,Large,5,Hotel,DIST_W_03,Un-Favorable
OUT_05333,2024-07,466.74500273811645,1,Large,5,Hotel,DIST_W_03,Moderate
OUT_05333,2024-08,240.9022752068959,1,Large,5,Hotel,DIST_W_03,Moderate
OUT_05333,2024-09,613.57436599712,2,Large,5,Hotel,DIST_W_03,Moderate
OUT_05333,2024-10,480.07826213509856,2,Large,5,Hotel,DIST_W_03,Moderate
OUT_05333,2024-11,504.95815659446527,1,Large,5,Hotel,DIST_W_03,Moderate
OUT_05333,2024-12,805.3139199745694,2,Large,5,Hotel,DIST_W_03,Favorable
OUT_05333,2025-02,489.2791583034986,2,Large,5,Hotel,DIST_W_03,Moderate
OUT_05333,2025-03,553.2035788348594,1,Large,5,Hotel,DIST_W_03,Moderate
OUT_05333,2025-04,799.892031511338,5,Large,5,Hotel,DIST_W_03,Favorable
OUT_05333,2025-07,602.628727202122,1,Large,5,Hotel,DIST_W_03,Moderate
OUT_05333,2025-08,460.7890387715759,1,Large,5,Hotel,DIST_W_03,Moderate
OUT_05333,2025-09,527.6204207125464,2,Large,5,Hotel,DIST_W_03,Moderate
OUT_05333,2025-10,597.4439995912804,1,Large,5,Hotel,DIST_W_03,Moderate
OUT_05333,2025-11,589.1642534025874,1,Large,5,Hotel,DIST_W_03,Moderate
OUT_05333,2025-12,867.6582092440975,2,Large,5,Hotel,DIST_W_03,Favorable
OUT_05335,2023-01,31.719535036721386,3,Medium,1,Hotel,DIST_W_03,Moderate
OUT_05335,2023-03,108.0151814656281,1,Medium,1,Hotel,DIST_W_03,Moderate
OUT_05335,2023-04,225.39703826675128,4,Medium,1,Hotel,DIST_W_03,Favorable
OUT_05335,2023-05,134.40644074633127,4,Medium,1,Hotel,DIST_W_03,Un-Favorable
OUT_05335,2023-06,56.29618863294587,1,Medium,1,Hotel,DIST_W_03,Un-Favorable
OUT_05335,2023-07,194.4914659500481,1,Medium,1,Hotel,DIST_W_03,Moderate
OUT_05335,2023-10,79.90851535094255,1,Medium,1,Hotel,DIST_W_03,Moderate
OUT_05335,2023-11,55.25578786898648,1,Medium,1,Hotel,DIST_W_03,Moderate
OUT_05335,2023-12,116.54016996567576,2,Medium,1,Hotel,DIST_W_03,Favorable
OUT_05335,2024-03,219.58097955559373,3,Medium,1,Hotel,DIST_W_03,Moderate
OUT_05335,2024-06,140.80630793071296,2,Medium,1,Hotel,DIST_W_03,Un-Favorable
OUT_05335,2024-07,168.2803487403241,1,Medium,1,Hotel,DIST_W_03,Moderate
OUT_05335,2024-10,87.87165235962433,2,Medium,1,Hotel,DIST_W_03,Moderate
OUT_05335,2025-01,186.24394483870523,2,Medium,1,Hotel,DIST_W_03,Moderate
OUT_05335,2025-02,57.29635147915186,2,Medium,1,Hotel,DIST_W_03,Moderate
OUT_05335,2025-03,207.4220172139929,1,Medium,1,Hotel,DIST_W_03,Moderate
OUT_05335,2025-05,54.8548557128455,3,Medium,1,Hotel,DIST_W_03,Un-Favorable
OUT_05335,2025-06,137.27281917363518,1,Medium,1,Hotel,DIST_W_03,Un-Favorable
OUT_05335,2025-07,179.25910789973562,1,Medium,1,Hotel,DIST_W_03,Moderate
OUT_05335,2025-09,221.13310883451985,2,Medium,1,Hotel,DIST_W_03,Moderate
OUT_05335,2025-12,103.2658825800318,2,Medium,1,Hotel,DIST_W_03,Favorable
OUT_05347,2023-01,85.1542174714759,3,Small,0,Pharmacy,DIST_W_03,Moderate
OUT_05347,2023-03,7.5727676413420095,1,Small,0,Pharmacy,DIST_W_03,Moderate
OUT_05347,2023-04,64.80680513742932,4,Small,0,Pharmacy,DIST_W_03,Favorable
OUT_05347,2023-05,49.917312831680505,4,Small,0,Pharmacy,DIST_W_03,Un-Favorable
OUT_05347,2023-06,20.44200926191767,1,Small,0,Pharmacy,DIST_W_03,Un-Favorable
OUT_05347,2023-07,13.62932045314838,1,Small,0,Pharmacy,DIST_W_03,Moderate
OUT_05347,2023-08,13.447053838281256,2,Small,0,Pharmacy,DIST_W_03,Moderate
OUT_05347,2023-11,5.9947007712972695,1,Small,0,Pharmacy,DIST_W_03,Moderate
OUT_05347,2024-01,70.48570247882797,2,Small,0,Pharmacy,DIST_W_03,Moderate
OUT_05347,2024-04,25.695795205763687,7,Small,0,Pharmacy,DIST_W_03,Favorable
OUT_05347,2024-06,2.644362123000952,2,Small,0,Pharmacy,DIST_W_03,Un-Favorable
OUT_05347,2024-07,76.3061365576612,1,Small,0,Pharmacy,DIST_W_03,Moderate
OUT_05347,2024-09,21.19890071751811,2,Small,0,Pharmacy,DIST_W_03,Moderate
OUT_05347,2024-10,11.51104712922647,2,Small,0,Pharmacy,DIST_W_03,Moderate
OUT_05347,2024-11,14.474812065697488,1,Small,0,Pharmacy,DIST_W_03,Moderate
OUT_05347,2024-12,15.923451787348426,2,Small,0,Pharmacy,DIST_W_03,Favorable
OUT_05347,2025-01,11.26625740023681,2,Small,0,Pharmacy,DIST_W_03,Moderate
OUT_05347,2025-03,72.5359719861686,1,Small,0,Pharmacy,DIST_W_03,Moderate
OUT_05347,2025-04,44.052888548158165,5,Small,0,Pharmacy,DIST_W_03,Favorable
OUT_05347,2025-08,7.090429104316168,1,Small,0,Pharmacy,DIST_W_03,Moderate
OUT_05347,2025-10,5.342166177723694,1,Small,0,Pharmacy,DIST_W_03,Moderate
OUT_05347,2025-12,51.03784872125592,2,Small,0,Pharmacy,DIST_W_03,Favorable
OUT_05376,2023-01,24.29362549650955,3,Small,0,SMMT,DIST_W_02,Moderate
OUT_05376,2023-02,17.62775649640108,3,Small,0,SMMT,DIST_W_02,Moderate
OUT_05376,2023-06,17.949148757519694,1,Small,0,SMMT,DIST_W_02,Un-Favorable
OUT_05376,2023-08,18.38592770230079,2,Small,0,SMMT,DIST_W_02,Moderate
OUT_05376,2023-10,98.30676227635782,1,Small,0,SMMT,DIST_W_02,Moderate
OUT_05376,2023-11,9.607895036583248,1,Small,0,SMMT,DIST_W_02,Moderate
OUT_05376,2024-02,89.00236991570587,3,Small,0,SMMT,DIST_W_02,Moderate
OUT_05376,2024-06,45.98716071154301,2,Small,0,SMMT,DIST_W_02,Un-Favorable
OUT_05376,2024-07,103.12979309218288,1,Small,0,SMMT,DIST_W_02,Moderate
OUT_05376,2024-09,78.42213803790166,2,Small,0,SMMT,DIST_W_02,Moderate
OUT_05376,2024-10,77.12933129915025,2,Small,0,SMMT,DIST_W_02,Moderate
OUT_05376,2025-02,10.15026539414199,2,Small,0,SMMT,DIST_W_02,Moderate
OUT_05376,2025-07,12.20817173250704,1,Small,0,SMMT,DIST_W_02,Moderate
OUT_05376,2025-08,76.21194069936504,1,Small,0,SMMT,DIST_W_02,Moderate
OUT_05376,2025-11,24.45265499986625,1,Small,0,SMMT,DIST_W_02,Moderate
OUT_05376,2025-12,124.5400194919165,2,Small,0,SMMT,DIST_W_02,Favorable
OUT_05384,2023-01,592.6816030809803,3,Large,3,Bakery,DIST_W_02,Moderate
OUT_05384,2023-02,556.1671958016823,3,Large,3,Bakery,DIST_W_02,Moderate
OUT_05384,2023-03,510.9581661240365,1,Large,3,Bakery,DIST_W_02,Moderate
OUT_05384,2023-04,936.4183803833596,4,Large,3,Bakery,DIST_W_02,Favorable
OUT_05384,2023-05,290.9783274210516,4,Large,3,Bakery,DIST_W_02,Un-Favorable
OUT_05384,2023-06,206.07249556372824,1,Large,3,Bakery,DIST_W_02,Un-Favorable
OUT_05384,2023-07,641.4031002254277,1,Large,3,Bakery,DIST_W_02,Moderate
OUT_05384,2023-10,551.9210535020144,1,Large,3,Bakery,DIST_W_02,Moderate
OUT_05384,2023-11,553.3265146939425,1,Large,3,Bakery,DIST_W_02,Moderate
OUT_05384,2023-12,759.4832149808719,2,Large,3,Bakery,DIST_W_02,Favorable
OUT_05384,2024-01,610.0878792339089,2,Large,3,Bakery,DIST_W_02,Moderate
OUT_05384,2024-02,653.7859758796903,3,Large,3,Bakery,DIST_W_02,Moderate
OUT_05384,2024-03,223.94662567420264,3,Large,3,Bakery,DIST_W_02,Moderate
OUT_05384,2024-04,710.704676240088,7,Large,3,Bakery,DIST_W_02,Favorable
OUT_05384,2024-05,405.4354697430713,3,Large,3,Bakery,DIST_W_02,Un-Favorable
OUT_05384,2024-06,413.9863230956212,2,Large,3,Bakery,DIST_W_02,Un-Favorable
OUT_05384,2024-07,281.98915437453525,1,Large,3,Bakery,DIST_W_02,Moderate
OUT_05384,2024-08,547.2806005621649,1,Large,3,Bakery,DIST_W_02,Moderate
OUT_05384,2024-09,681.9718379261255,2,Large,3,Bakery,DIST_W_02,Moderate
OUT_05384,2024-10,641.4843058834824,2,Large,3,Bakery,DIST_W_02,Moderate
OUT_05384,2024-12,740.8274113075504,2,Large,3,Bakery,DIST_W_02,Favorable
OUT_05384,2025-02,511.4924519261166,2,Large,3,Bakery,DIST_W_02,Moderate
OUT_05384,2025-03,271.9778757192442,1,Large,3,Bakery,DIST_W_02,Moderate
OUT_05384,2025-05,184.6873180811636,3,Large,3,Bakery,DIST_W_02,Un-Favorable
OUT_05384,2025-06,154.10690011730233,1,Large,3,Bakery,DIST_W_02,Un-Favorable
OUT_05384,2025-07,518.344907314486,1,Large,3,Bakery,DIST_W_02,Moderate
OUT_05384,2025-08,544.9706545117729,1,Large,3,Bakery,DIST_W_02,Moderate
OUT_05384,2025-09,347.46420129445966,2,Large,3,Bakery,DIST_W_02,Moderate
OUT_05384,2025-11,293.01811251224825,1,Large,3,Bakery,DIST_W_02,Moderate
OUT_05384,2025-12,937.5894814232224,2,Large,3,Bakery,DIST_W_02,Favorable
OUT_05430,2023-01,1294.6984025117383,3,Extra Large,5,Hotel,DIST_W_03,Moderate
OUT_05430,2023-02,1383.954141203178,3,Extra Large,5,Hotel,DIST_W_03,Moderate
OUT_05430,2023-04,1905.7916600693568,4,Extra Large,5,Hotel,DIST_W_03,Favorable
OUT_05430,2023-05,857.6409900563974,4,Extra Large,5,Hotel,DIST_W_03,Un-Favorable
OUT_05430,2023-06,858.1834165369471,1,Extra Large,5,Hotel,DIST_W_03,Un-Favorable
OUT_05430,2023-07,1262.6973982479171,1,Extra Large,5,Hotel,DIST_W_03,Moderate
OUT_05430,2023-08,1204.4919174812112,2,Extra Large,5,Hotel,DIST_W_03,Moderate
OUT_05430,2023-09,1345.4158413111552,2,Extra Large,5,Hotel,DIST_W_03,Moderate
OUT_05430,2023-10,1398.3850288983929,1,Extra Large,5,Hotel,DIST_W_03,Moderate
OUT_05430,2023-11,1154.1543881862458,1,Extra Large,5,Hotel,DIST_W_03,Moderate
OUT_05430,2023-12,2065.230189122215,2,Extra Large,5,Hotel,DIST_W_03,Favorable
OUT_05430,2024-01,1465.0607009604398,2,Extra Large,5,Hotel,DIST_W_03,Moderate
OUT_05430,2024-02,1266.1792278531425,3,Extra Large,5,Hotel,DIST_W_03,Moderate
OUT_05430,2024-04,1811.9813683061136,7,Extra Large,5,Hotel,DIST_W_03,Favorable
OUT_05430,2024-05,783.0481657220349,3,Extra Large,5,Hotel,DIST_W_03,Un-Favorable
OUT_05430,2024-06,846.7498146332426,2,Extra Large,5,Hotel,DIST_W_03,Un-Favorable
OUT_05430,2024-07,1386.1226977100391,1,Extra Large,5,Hotel,DIST_W_03,Moderate
OUT_05430,2024-08,1294.158917442097,1,Extra Large,5,Hotel,DIST_W_03,Moderate
OUT_05430,2024-09,1321.616527654853,2,Extra Large,5,Hotel,DIST_W_03,Moderate
OUT_05430,2024-10,1254.5352196339616,2,Extra Large,5,Hotel,DIST_W_03,Moderate
OUT_05430,2024-11,1346.3163819870797,1,Extra Large,5,Hotel,DIST_W_03,Moderate
OUT_05430,2024-12,1796.373356852675,2,Extra Large,5,Hotel,DIST_W_03,Favorable
OUT_05430,2025-01,1277.510520317401,2,Extra Large,5,Hotel,DIST_W_03,Moderate
OUT_05430,2025-02,1348.738329087833,2,Extra Large,5,Hotel,DIST_W_03,Moderate
OUT_05430,2025-03,1371.4318051439604,1,Extra Large,5,Hotel,DIST_W_03,Moderate
OUT_05430,2025-04,1888.296070335064,5,Extra Large,5,Hotel,DIST_W_03,Favorable
OUT_05430,2025-05,844.3096451467227,3,Extra Large,5,Hotel,DIST_W_03,Un-Favorable
OUT_05430,2025-06,857.6536472812187,1,Extra Large,5,Hotel,DIST_W_03,Un-Favorable
OUT_05430,2025-07,1276.8987544408983,1,Extra Large,5,Hotel,DIST_W_03,Moderate
OUT_05430,2025-08,1234.0922381026955,1,Extra Large,5,Hotel,DIST_W_03,Moderate
OUT_05430,2025-09,1168.559620714988,2,Extra Large,5,Hotel,DIST_W_03,Moderate
OUT_05430,2025-10,1344.1933696721485,1,Extra Large,5,Hotel,DIST_W_03,Moderate
OUT_05430,2025-11,1362.4459718668854,1,Extra Large,5,Hotel,DIST_W_03,Moderate
OUT_05430,2025-12,1963.538918923518,2,Extra Large,5,Hotel,DIST_W_03,Favorable
OUT_05472,2023-01,17.968472070615935,3,Small,0,Bakery,DIST_W_01,Moderate
OUT_05472,2023-02,39.01722646494761,3,Small,0,Bakery,DIST_W_01,Moderate
OUT_05472,2023-04,55.01848871066754,4,Small,0,Bakery,DIST_W_01,Favorable
OUT_05472,2023-05,9.50953852526104,4,Small,0,Bakery,DIST_W_01,Un-Favorable
OUT_05472,2023-06,8.979350473995762,1,Small,0,Bakery,DIST_W_01,Un-Favorable
OUT_05472,2023-07,16.61296331203117,1,Small,0,Bakery,DIST_W_01,Moderate
OUT_05472,2023-09,62.18698061785116,2,Small,0,Bakery,DIST_W_01,Moderate
OUT_05472,2024-02,57.79757497682191,3,Small,0,Bakery,DIST_W_01,Moderate
OUT_05472,2024-04,23.14960818803098,7,Small,0,Bakery,DIST_W_01,Favorable
OUT_05472,2024-05,64.68591546958687,3,Small,0,Bakery,DIST_W_01,Un-Favorable
OUT_05472,2024-07,53.88481069106913,1,Small,0,Bakery,DIST_W_01,Moderate
OUT_05472,2024-10,36.91650137770107,2,Small,0,Bakery,DIST_W_01,Moderate
OUT_05472,2024-12,42.489508378004345,2,Small,0,Bakery,DIST_W_01,Favorable
OUT_05472,2025-01,62.7467006835664,2,Small,0,Bakery,DIST_W_01,Moderate
OUT_05472,2025-07,33.08486209768016,1,Small,0,Bakery,DIST_W_01,Moderate
OUT_05472,2025-08,29.219737485703888,1,Small,0,Bakery,DIST_W_01,Moderate
OUT_05472,2025-10,39.19736054767112,1,Small,0,Bakery,DIST_W_01,Moderate
OUT_05472,2025-12,103.76878018317797,2,Small,0,Bakery,DIST_W_01,Favorable
OUT_05522,2023-02,178.95499251234338,3,Medium,2,SMMT,DIST_W_02,Moderate
OUT_05522,2023-03,-71.13536958370159,1,Medium,2,SMMT,DIST_W_02,Moderate
OUT_05522,2023-04,108.8024507249058,4,Medium,2,SMMT,DIST_W_02,Favorable
OUT_05522,2023-05,32.132867923273565,4,Medium,2,SMMT,DIST_W_02,Un-Favorable
OUT_05522,2023-06,32.84103005554816,1,Medium,2,SMMT,DIST_W_02,Un-Favorable
OUT_05522,2023-07,195.19840709777327,1,Medium,2,SMMT,DIST_W_02,Moderate
OUT_05522,2023-08,108.83293567138382,2,Medium,2,SMMT,DIST_W_02,Moderate
OUT_05522,2023-09,189.5568061101685,2,Medium,2,SMMT,DIST_W_02,Moderate
OUT_05522,2023-11,135.24347340089858,1,Medium,2,SMMT,DIST_W_02,Moderate
OUT_05522,2023-12,309.7178197342061,2,Medium,2,SMMT,DIST_W_02,Favorable
OUT_05522,2024-01,128.5516541156222,2,Medium,2,SMMT,DIST_W_02,Moderate
OUT_05522,2024-03,174.20107031031728,3,Medium,2,SMMT,DIST_W_02,Moderate
OUT_05522,2024-06,130.67775723961128,2,Medium,2,SMMT,DIST_W_02,Un-Favorable
OUT_05522,2024-08,200.52406516163745,1,Medium,2,SMMT,DIST_W_02,Moderate
OUT_05522,2024-09,188.61126496461924,2,Medium,2,SMMT,DIST_W_02,Moderate
OUT_05522,2024-10,56.98550512327897,2,Medium,2,SMMT,DIST_W_02,Moderate
OUT_05522,2024-11,171.01342864834268,1,Medium,2,SMMT,DIST_W_02,Moderate
OUT_05522,2024-12,61.07451860335543,2,Medium,2,SMMT,DIST_W_02,Favorable
OUT_05522,2025-01,186.2960399813473,2,Medium,2,SMMT,DIST_W_02,Moderate
OUT_05522,2025-02,57.83854888800059,2,Medium,2,SMMT,DIST_W_02,Moderate
OUT_05522,2025-03,190.84040944713092,1,Medium,2,SMMT,DIST_W_02,Moderate
OUT_05522,2025-04,87.54548065890727,5,Medium,2,SMMT,DIST_W_02,Favorable
OUT_05522,2025-07,205.1627704275309,1,Medium,2,SMMT,DIST_W_02,Moderate
OUT_05522,2025-08,219.73237767745488,1,Medium,2,SMMT,DIST_W_02,Moderate
OUT_05522,2025-10,65.35566065888024,1,Medium,2,SMMT,DIST_W_02,Moderate
OUT_05522,2025-11,204.79811246741136,1,Medium,2,SMMT,DIST_W_02,Moderate
OUT_05522,2025-12,223.977389716464,2,Medium,2,SMMT,DIST_W_02,Favorable
OUT_05541,2023-01,79.31475642249254,3,Small,0,Pharmacy,DIST_W_03,Moderate
OUT_05541,2023-02,13.855581170519082,3,Small,0,Pharmacy,DIST_W_03,Moderate
OUT_05541,2023-04,151.3483709276828,4,Small,0,Pharmacy,DIST_W_03,Favorable
OUT_05541,2023-05,14.254932121937818,4,Small,0,Pharmacy,DIST_W_03,Un-Favorable
OUT_05541,2023-06,12.388624391397908,1,Small,0,Pharmacy,DIST_W_03,Un-Favorable
OUT_05541,2023-07,18.444040210784184,1,Small,0,Pharmacy,DIST_W_03,Moderate
OUT_05541,2023-09,33.63174968807569,2,Small,0,Pharmacy,DIST_W_03,Moderate
OUT_05541,2024-01,26.399427917029865,2,Small,0,Pharmacy,DIST_W_03,Moderate
OUT_05541,2024-02,49.83370025826626,3,Small,0,Pharmacy,DIST_W_03,Moderate
OUT_05541,2024-04,15.87510257996222,7,Small,0,Pharmacy,DIST_W_03,Favorable
OUT_05541,2024-08,17.5022237082431,1,Small,0,Pharmacy,DIST_W_03,Moderate
OUT_05541,2024-10,88.12775007919359,2,Small,0,Pharmacy,DIST_W_03,Moderate
OUT_05541,2025-06,28.00223633336456,1,Small,0,Pharmacy,DIST_W_03,Un-Favorable
OUT_05541,2025-10,87.90745398579428,1,Small,0,Pharmacy,DIST_W_03,Moderate
OUT_05541,2025-12,59.3844735510855,2,Small,0,Pharmacy,DIST_W_03,Favorable
OUT_05572,2023-04,10.137881168018993,4,Small,0,SMMT,DIST_W_02,Favorable
OUT_05572,2023-09,2.5667222355342503,2,Small,0,SMMT,DIST_W_02,Moderate
OUT_05572,2023-10,24.787858914346263,1,Small,0,SMMT,DIST_W_02,Moderate
OUT_05572,2023-11,56.51452261918308,1,Small,0,SMMT,DIST_W_02,Moderate
OUT_05572,2024-02,75.77847589368125,3,Small,0,SMMT,DIST_W_02,Moderate
OUT_05572,2024-04,35.1031670781966,7,Small,0,SMMT,DIST_W_02,Favorable
OUT_05572,2024-06,27.55458595723379,2,Small,0,SMMT,DIST_W_02,Un-Favorable
OUT_05572,2024-07,24.52057191827052,1,Small,0,SMMT,DIST_W_02,Moderate
OUT_05572,2024-08,16.652111566979325,1,Small,0,SMMT,DIST_W_02,Moderate
OUT_05572,2024-09,16.609723721958172,2,Small,0,SMMT,DIST_W_02,Moderate
OUT_05572,2024-10,12.611618171230418,2,Small,0,SMMT,DIST_W_02,Moderate
OUT_05572,2024-12,40.99090893628994,2,Small,0,SMMT,DIST_W_02,Favorable
OUT_05572,2025-02,24.440439460174268,2,Small,0,SMMT,DIST_W_02,Moderate
OUT_05572,2025-03,24.407485954485395,1,Small,0,SMMT,DIST_W_02,Moderate
OUT_05572,2025-04,74.94903764243782,5,Small,0,SMMT,DIST_W_02,Favorable
OUT_05572,2025-05,54.48571549760785,3,Small,0,SMMT,DIST_W_02,Un-Favorable
OUT_05572,2025-06,20.27129710906568,1,Small,0,SMMT,DIST_W_02,Un-Favorable
OUT_05572,2025-08,26.121923801039447,1,Small,0,SMMT,DIST_W_02,Moderate
OUT_05606,2023-01,1399.4433744546843,3,Extra Large,3,SMMT,DIST_W_03,Moderate
OUT_05606,2023-02,1294.128793119104,3,Extra Large,3,SMMT,DIST_W_03,Moderate
OUT_05606,2023-03,1320.9203055336584,1,Extra Large,3,SMMT,DIST_W_03,Moderate
OUT_05606,2023-04,1963.851729393408,4,Extra Large,3,SMMT,DIST_W_03,Favorable
OUT_05606,2023-05,748.429103701909,4,Extra Large,3,SMMT,DIST_W_03,Un-Favorable
OUT_05606,2023-06,889.3810462500574,1,Extra Large,3,SMMT,DIST_W_03,Un-Favorable
OUT_05606,2023-07,1389.4938068587717,1,Extra Large,3,SMMT,DIST_W_03,Moderate
OUT_05606,2023-08,1263.8595655322642,2,Extra Large,3,SMMT,DIST_W_03,Moderate
OUT_05606,2023-09,1295.4941419438449,2,Extra Large,3,SMMT,DIST_W_03,Moderate
OUT_05606,2023-10,1245.286966270524,1,Extra Large,3,SMMT,DIST_W_03,Moderate
OUT_05606,2023-11,1190.399906527328,1,Extra Large,3,SMMT,DIST_W_03,Moderate
OUT_05606,2023-12,1848.8101250079944,2,Extra Large,3,SMMT,DIST_W_03,Favorable
OUT_05606,2024-01,1346.5989712563232,2,Extra Large,3,SMMT,DIST_W_03,Moderate
OUT_05606,2024-02,1343.1427301514452,3,Extra Large,3,SMMT,DIST_W_03,Moderate
OUT_05606,2024-03,1274.0221042694243,3,Extra Large,3,SMMT,DIST_W_03,Moderate
OUT_05606,2024-04,1847.771149136752,7,Extra Large,3,SMMT,DIST_W_03,Favorable
OUT_05606,2024-05,865.7860897986914,3,Extra Large,3,SMMT,DIST_W_03,Un-Favorable
OUT_05606,2024-06,873.8039170500778,2,Extra Large,3,SMMT,DIST_W_03,Un-Favorable
OUT_05606,2024-07,1335.9492135677904,1,Extra Large,3,SMMT,DIST_W_03,Moderate
OUT_05606,2024-08,1289.9245820572582,1,Extra Large,3,SMMT,DIST_W_03,Moderate
OUT_05606,2024-09,1273.5467290671004,2,Extra Large,3,SMMT,DIST_W_03,Moderate
OUT_05606,2024-10,1287.0146269510626,2,Extra Large,3,SMMT,DIST_W_03,Moderate
OUT_05606,2024-11,1380.947519400003,1,Extra Large,3,SMMT,DIST_W_03,Moderate
OUT_05606,2025-01,1321.2115385806146,2,Extra Large,3,SMMT,DIST_W_03,Moderate
OUT_05606,2025-02,1185.9760568284987,2,Extra Large,3,SMMT,DIST_W_03,Moderate
OUT_05606,2025-03,1344.8083191926644,1,Extra Large,3,SMMT,DIST_W_03,Moderate
OUT_05606,2025-04,1942.9030391397755,5,Extra Large,3,SMMT,DIST_W_03,Favorable
OUT_05606,2025-05,802.0254580893752,3,Extra Large,3,SMMT,DIST_W_03,Un-Favorable
OUT_05606,2025-06,833.8402385003649,1,Extra Large,3,SMMT,DIST_W_03,Un-Favorable
OUT_05606,2025-07,1356.5026029181884,1,Extra Large,3,SMMT,DIST_W_03,Moderate
OUT_05606,2025-08,1374.08463714987,1,Extra Large,3,SMMT,DIST_W_03,Moderate
OUT_05606,2025-09,1252.654021148329,2,Extra Large,3,SMMT,DIST_W_03,Moderate
OUT_05606,2025-10,1432.719551614627,1,Extra Large,3,SMMT,DIST_W_03,Moderate
OUT_05606,2025-11,1283.944980468003,1,Extra Large,3,SMMT,DIST_W_03,Moderate
OUT_05606,2025-12,1941.9187152719337,2,Extra Large,3,SMMT,DIST_W_03,Favorable
OUT_05633,2023-01,179.42504829658645,3,Medium,1,Kiosk,DIST_W_03,Moderate
OUT_05633,2023-02,13.707450608227994,3,Medium,1,Kiosk,DIST_W_03,Moderate
OUT_05633,2023-03,24.48538107823405,1,Medium,1,Kiosk,DIST_W_03,Moderate
OUT_05633,2023-04,130.22583546300928,4,Medium,1,Kiosk,DIST_W_03,Favorable
OUT_05633,2023-05,155.74711978096218,4,Medium,1,Kiosk,DIST_W_03,Un-Favorable
OUT_05633,2023-07,141.67380524400735,1,Medium,1,Kiosk,DIST_W_03,Moderate
OUT_05633,2023-08,36.22510374141911,2,Medium,1,Kiosk,DIST_W_03,Moderate
OUT_05633,2023-09,194.411381840298,2,Medium,1,Kiosk,DIST_W_03,Moderate
OUT_05633,2023-12,115.33087068914006,2,Medium,1,Kiosk,DIST_W_03,Favorable
OUT_05633,2024-01,198.9253294105736,2,Medium,1,Kiosk,DIST_W_03,Moderate
OUT_05633,2024-02,205.79595935325025,3,Medium,1,Kiosk,DIST_W_03,Moderate
OUT_05633,2024-03,109.67661556460516,3,Medium,1,Kiosk,DIST_W_03,Moderate
OUT_05633,2024-04,213.12281734414543,7,Medium,1,Kiosk,DIST_W_03,Favorable
OUT_05633,2024-05,39.01376600275253,3,Medium,1,Kiosk,DIST_W_03,Un-Favorable
OUT_05633,2024-06,158.85991469726434,2,Medium,1,Kiosk,DIST_W_03,Un-Favorable
OUT_05633,2024-07,82.32424023746913,1,Medium,1,Kiosk,DIST_W_03,Moderate
OUT_05633,2024-08,228.6578016515528,1,Medium,1,Kiosk,DIST_W_03,Moderate
OUT_05633,2024-10,156.49629741375955,2,Medium,1,Kiosk,DIST_W_03,Moderate
OUT_05633,2024-12,301.14676762502785,2,Medium,1,Kiosk,DIST_W_03,Favorable
OUT_05633,2025-01,45.67691987634269,2,Medium,1,Kiosk,DIST_W_03,Moderate
OUT_05633,2025-02,95.56341078708016,2,Medium,1,Kiosk,DIST_W_03,Moderate
OUT_05633,2025-03,246.9787292142325,1,Medium,1,Kiosk,DIST_W_03,Moderate
OUT_05633,2025-05,17.036111724172216,3,Medium,1,Kiosk,DIST_W_03,Un-Favorable
OUT_05633,2025-07,60.96401151869944,1,Medium,1,Kiosk,DIST_W_03,Moderate
OUT_05633,2025-08,69.02144242871367,1,Medium,1,Kiosk,DIST_W_03,Moderate
OUT_05633,2025-10,75.60486432850303,1,Medium,1,Kiosk,DIST_W_03,Moderate
OUT_05633,2025-11,64.35030828989818,1,Medium,1,Kiosk,DIST_W_03,Moderate
OUT_05633,2025-12,312.25164588780285,2,Medium,1,Kiosk,DIST_W_03,Favorable
OUT_05647,2023-02,215.7286118635975,3,Medium,1,Bakery,DIST_W_02,Moderate
OUT_05647,2023-04,93.22781679720894,4,Medium,1,Bakery,DIST_W_02,Favorable
OUT_05647,2023-05,60.92684691314675,4,Medium,1,Bakery,DIST_W_02,Un-Favorable
OUT_05647,2023-06,114.1732893648294,1,Medium,1,Bakery,DIST_W_02,Un-Favorable
OUT_05647,2023-08,47.92678008271203,2,Medium,1,Bakery,DIST_W_02,Moderate
OUT_05647,2023-10,194.2020894565444,1,Medium,1,Bakery,DIST_W_02,Moderate
OUT_05647,2023-11,248.6523860743358,1,Medium,1,Bakery,DIST_W_02,Moderate
OUT_05647,2023-12,331.67442929236216,2,Medium,1,Bakery,DIST_W_02,Favorable
OUT_05647,2024-01,115.33566708833136,2,Medium,1,Bakery,DIST_W_02,Moderate
OUT_05647,2024-02,205.6543277347845,3,Medium,1,Bakery,DIST_W_02,Moderate
OUT_05647,2024-03,74.20790389605757,3,Medium,1,Bakery,DIST_W_02,Moderate
OUT_05647,2024-04,94.74316157896016,7,Medium,1,Bakery,DIST_W_02,Favorable
OUT_05647,2024-05,145.5367454817329,3,Medium,1,Bakery,DIST_W_02,Un-Favorable
OUT_05647,2024-07,18.740495302346808,1,Medium,1,Bakery,DIST_W_02,Moderate
OUT_05647,2024-10,38.17557560113666,2,Medium,1,Bakery,DIST_W_02,Moderate
OUT_05647,2024-11,218.45764020214125,1,Medium,1,Bakery,DIST_W_02,Moderate
OUT_05647,2025-02,56.93025923644663,2,Medium,1,Bakery,DIST_W_02,Moderate
OUT_05647,2025-04,94.39412616375056,5,Medium,1,Bakery,DIST_W_02,Favorable
OUT_05647,2025-05,48.89732848813853,3,Medium,1,Bakery,DIST_W_02,Un-Favorable
OUT_05647,2025-06,46.4633434129005,1,Medium,1,Bakery,DIST_W_02,Un-Favorable
OUT_05647,2025-07,188.02541179234143,1,Medium,1,Bakery,DIST_W_02,Moderate
OUT_05647,2025-08,176.9709561734751,1,Medium,1,Bakery,DIST_W_02,Moderate
OUT_05647,2025-09,171.9400179827706,2,Medium,1,Bakery,DIST_W_02,Moderate
OUT_05647,2025-10,242.1652540703656,1,Medium,1,Bakery,DIST_W_02,Moderate
OUT_05647,2025-12,144.8787052852533,2,Medium,1,Bakery,DIST_W_02,Favorable
OUT_05656,2023-01,136.27206564227626,3,Medium,1,Hotel,DIST_W_01,Moderate
OUT_05656,2023-02,69.80536373795402,3,Medium,1,Hotel,DIST_W_01,Moderate
OUT_05656,2023-03,57.7314903290315,1,Medium,1,Hotel,DIST_W_01,Moderate
OUT_05656,2023-05,34.83138745687564,4,Medium,1,Hotel,DIST_W_01,Un-Favorable
OUT_05656,2023-06,53.528818250287216,1,Medium,1,Hotel,DIST_W_01,Un-Favorable
OUT_05656,2023-08,94.61077541398969,2,Medium,1,Hotel,DIST_W_01,Moderate
OUT_05656,2023-09,26.18542096027862,2,Medium,1,Hotel,DIST_W_01,Moderate
OUT_05656,2023-10,147.17889178414256,1,Medium,1,Hotel,DIST_W_01,Moderate
OUT_05656,2023-11,76.11779389644188,1,Medium,1,Hotel,DIST_W_01,Moderate
OUT_05656,2023-12,280.518737991842,2,Medium,1,Hotel,DIST_W_01,Favorable
OUT_05656,2024-01,105.39667643068222,2,Medium,1,Hotel,DIST_W_01,Moderate
OUT_05656,2024-02,218.0292560777984,3,Medium,1,Hotel,DIST_W_01,Moderate
OUT_05656,2024-03,47.40158033689056,3,Medium,1,Hotel,DIST_W_01,Moderate
OUT_05656,2024-04,207.0949705385493,7,Medium,1,Hotel,DIST_W_01,Favorable
OUT_05656,2024-07,180.3309336849699,1,Medium,1,Hotel,DIST_W_01,Moderate
OUT_05656,2024-08,96.81276009104631,1,Medium,1,Hotel,DIST_W_01,Moderate
OUT_05656,2024-09,43.72990997717575,2,Medium,1,Hotel,DIST_W_01,Moderate
OUT_05656,2025-01,175.29448855612446,2,Medium,1,Hotel,DIST_W_01,Moderate
OUT_05656,2025-02,241.79081045610667,2,Medium,1,Hotel,DIST_W_01,Moderate
OUT_05656,2025-03,171.44637407962705,1,Medium,1,Hotel,DIST_W_01,Moderate
OUT_05656,2025-04,147.30571495500968,5,Medium,1,Hotel,DIST_W_01,Favorable
OUT_05656,2025-05,39.41916694426858,3,Medium,1,Hotel,DIST_W_01,Un-Favorable
OUT_05656,2025-06,27.56442994248585,1,Medium,1,Hotel,DIST_W_01,Un-Favorable
OUT_05656,2025-08,261.1832911997773,1,Medium,1,Hotel,DIST_W_01,Moderate
OUT_05656,2025-09,39.64209889757044,2,Medium,1,Hotel,DIST_W_01,Moderate
OUT_05656,2025-10,15.023979096139392,1,Medium,1,Hotel,DIST_W_01,Moderate
OUT_05656,2025-11,196.49721243301445,1,Medium,1,Hotel,DIST_W_01,Moderate
OUT_05656,2025-12,302.6249133288746,2,Medium,1,Hotel,DIST_W_01,Favorable
OUT_05667,2023-02,36.79100244894813,3,Medium,2,Eatery,DIST_W_03,Moderate
OUT_05667,2023-03,27.120992740442016,1,Medium,2,Eatery,DIST_W_03,Moderate
OUT_05667,2023-04,279.6301433837852,4,Medium,2,Eatery,DIST_W_03,Favorable
OUT_05667,2023-05,30.37561234231088,4,Medium,2,Eatery,DIST_W_03,Un-Favorable
OUT_05667,2023-06,142.24071016686614,1,Medium,2,Eatery,DIST_W_03,Un-Favorable
OUT_05667,2023-09,64.17112807691637,2,Medium,2,Eatery,DIST_W_03,Moderate
OUT_05667,2023-10,82.2265099172436,1,Medium,2,Eatery,DIST_W_03,Moderate
OUT_05667,2024-01,104.17160251798128,2,Medium,2,Eatery,DIST_W_03,Moderate
OUT_05667,2024-02,157.48279610691185,3,Medium,2,Eatery,DIST_W_03,Moderate
OUT_05667,2024-05,34.78632190874543,3,Medium,2,Eatery,DIST_W_03,Un-Favorable
OUT_05667,2024-06,45.77818630546034,2,Medium,2,Eatery,DIST_W_03,Un-Favorable
OUT_05667,2024-08,196.03590527669752,1,Medium,2,Eatery,DIST_W_03,Moderate
OUT_05667,2024-09,102.11111740928456,2,Medium,2,Eatery,DIST_W_03,Moderate
OUT_05667,2025-01,193.07730274107843,2,Medium,2,Eatery,DIST_W_03,Moderate
OUT_05667,2025-04,153.47190804008903,5,Medium,2,Eatery,DIST_W_03,Favorable
OUT_05667,2025-05,51.24712983582045,3,Medium,2,Eatery,DIST_W_03,Un-Favorable
OUT_05667,2025-06,26.20286572577332,1,Medium,2,Eatery,DIST_W_03,Un-Favorable
OUT_05667,2025-08,177.97195446602026,1,Medium,2,Eatery,DIST_W_03,Moderate
OUT_05667,2025-09,25.25541653331669,2,Medium,2,Eatery,DIST_W_03,Moderate
OUT_05667,2025-10,227.2658312531594,1,Medium,2,Eatery,DIST_W_03,Moderate
OUT_05667,2025-11,159.55046515938866,1,Medium,2,Eatery,DIST_W_03,Moderate
OUT_05667,2025-12,277.46959898585686,2,Medium,2,Eatery,DIST_W_03,Favorable
OUT_05672,2023-08,97.04100217744325,2,Small,0,Bakery,DIST_W_02,Moderate
OUT_05672,2023-09,23.90386858375292,2,Small,0,Bakery,DIST_W_02,Moderate
OUT_05672,2023-10,5.097254554720049,1,Small,0,Bakery,DIST_W_02,Moderate
OUT_05672,2023-11,24.29896800914561,1,Small,0,Bakery,DIST_W_02,Moderate
OUT_05672,2024-03,21.275484554315817,3,Small,0,Bakery,DIST_W_02,Moderate
OUT_05672,2024-04,48.654073783397365,7,Small,0,Bakery,DIST_W_02,Favorable
OUT_05672,2024-06,64.98919154696411,2,Small,0,Bakery,DIST_W_02,Un-Favorable
OUT_05672,2024-08,46.22378653450393,1,Small,0,Bakery,DIST_W_02,Moderate
OUT_05672,2024-09,82.83299572267863,2,Small,0,Bakery,DIST_W_02,Moderate
OUT_05672,2024-10,92.97979372987854,2,Small,0,Bakery,DIST_W_02,Moderate
OUT_05672,2025-02,55.94141062525365,2,Small,0,Bakery,DIST_W_02,Moderate
OUT_05672,2025-03,20.26482840756311,1,Small,0,Bakery,DIST_W_02,Moderate
OUT_05672,2025-04,52.48768324992989,5,Small,0,Bakery,DIST_W_02,Favorable
OUT_05672,2025-06,20.22230241423252,1,Small,0,Bakery,DIST_W_02,Un-Favorable
OUT_05672,2025-07,17.74479699892193,1,Small,0,Bakery,DIST_W_02,Moderate
OUT_05672,2025-09,36.61901244329971,2,Small,0,Bakery,DIST_W_02,Moderate
OUT_05691,2023-01,640.1632305982768,3,Large,5,SMMT,DIST_W_02,Moderate
OUT_05691,2023-02,496.40703396128384,3,Large,5,SMMT,DIST_W_02,Moderate
OUT_05691,2023-03,643.4554189709036,1,Large,5,SMMT,DIST_W_02,Moderate
OUT_05691,2023-04,774.1282073114583,4,Large,5,SMMT,DIST_W_02,Favorable
OUT_05691,2023-05,187.6130030190884,4,Large,5,SMMT,DIST_W_02,Un-Favorable
OUT_05691,2023-06,411.18994648653256,1,Large,5,SMMT,DIST_W_02,Un-Favorable
OUT_05691,2023-07,497.6890174780052,1,Large,5,SMMT,DIST_W_02,Moderate
OUT_05691,2023-08,595.6225884898752,2,Large,5,SMMT,DIST_W_02,Moderate
OUT_05691,2023-10,289.4328925349321,1,Large,5,SMMT,DIST_W_02,Moderate
OUT_05691,2023-11,547.1792808299192,1,Large,5,SMMT,DIST_W_02,Moderate
OUT_05691,2023-12,892.5777455832314,2,Large,5,SMMT,DIST_W_02,Favorable
OUT_05691,2024-02,503.1256742334775,3,Large,5,SMMT,DIST_W_02,Moderate
OUT_05691,2024-04,806.0112494710386,7,Large,5,SMMT,DIST_W_02,Favorable
OUT_05691,2024-05,376.5958295068714,3,Large,5,SMMT,DIST_W_02,Un-Favorable
OUT_05691,2024-06,188.2938648295875,2,Large,5,SMMT,DIST_W_02,Un-Favorable
OUT_05691,2024-07,609.3177281860741,1,Large,5,SMMT,DIST_W_02,Moderate
OUT_05691,2024-09,503.3980007859969,2,Large,5,SMMT,DIST_W_02,Moderate
OUT_05691,2024-10,354.41141819036784,2,Large,5,SMMT,DIST_W_02,Moderate
OUT_05691,2024-11,626.7908986522425,1,Large,5,SMMT,DIST_W_02,Moderate
OUT_05691,2024-12,762.8437277625612,2,Large,5,SMMT,DIST_W_02,Favorable
OUT_05691,2025-01,273.91780595445783,2,Large,5,SMMT,DIST_W_02,Moderate
OUT_05691,2025-02,662.9996023507534,2,Large,5,SMMT,DIST_W_02,Moderate
OUT_05691,2025-03,533.4970779933404,1,Large,5,SMMT,DIST_W_02,Moderate
OUT_05691,2025-04,255.16197447025544,5,Large,5,SMMT,DIST_W_02,Favorable
OUT_05691,2025-06,363.45530443238187,1,Large,5,SMMT,DIST_W_02,Un-Favorable
OUT_05691,2025-08,586.4851506701626,1,Large,5,SMMT,DIST_W_02,Moderate
OUT_05691,2025-11,537.8373984409801,1,Large,5,SMMT,DIST_W_02,Moderate
OUT_05696,2023-03,8.862129881810063,1,Small,0,Bakery,DIST_W_01,Moderate
OUT_05696,2023-05,6.157709435228709,4,Small,0,Bakery,DIST_W_01,Un-Favorable
OUT_05696,2023-09,44.21665118137244,2,Small,0,Bakery,DIST_W_01,Moderate
OUT_05696,2023-12,106.18495561899746,2,Small,0,Bakery,DIST_W_01,Favorable
OUT_05696,2024-02,10.013861725269038,3,Small,0,Bakery,DIST_W_01,Moderate
OUT_05696,2024-05,4.615826188492223,3,Small,0,Bakery,DIST_W_01,Un-Favorable
OUT_05696,2024-06,46.409533663211306,2,Small,0,Bakery,DIST_W_01,Un-Favorable
OUT_05696,2024-09,68.40195462449232,2,Small,0,Bakery,DIST_W_01,Moderate
OUT_05696,2024-10,8.660472235566813,2,Small,0,Bakery,DIST_W_01,Moderate
OUT_05696,2024-11,71.40586675684987,1,Small,0,Bakery,DIST_W_01,Moderate
OUT_05696,2024-12,153.30867404397674,2,Small,0,Bakery,DIST_W_01,Favorable
OUT_05696,2025-09,11.306706401098456,2,Small,0,Bakery,DIST_W_01,Moderate
OUT_05696,2025-10,23.40270212217177,1,Small,0,Bakery,DIST_W_01,Moderate
OUT_05696,2025-11,84.44178503694266,1,Small,0,Bakery,DIST_W_01,Moderate
OUT_05696,2025-12,28.246155879318657,2,Small,0,Bakery,DIST_W_01,Favorable
OUT_05702,2023-04,109.55624129967576,4,Small,0,Bakery,DIST_W_01,Favorable
OUT_05702,2023-08,6.474584415948398,2,Small,0,Bakery,DIST_W_01,Moderate
OUT_05702,2023-12,130.16354772922978,2,Small,0,Bakery,DIST_W_01,Favorable
OUT_05702,2024-01,77.97220723146616,2,Small,0,Bakery,DIST_W_01,Moderate
OUT_05702,2024-02,23.10121594626901,3,Small,0,Bakery,DIST_W_01,Moderate
OUT_05702,2024-04,35.8501165597561,7,Small,0,Bakery,DIST_W_01,Favorable
OUT_05702,2024-10,65.18026757623744,2,Small,0,Bakery,DIST_W_01,Moderate
OUT_05702,2024-12,110.87229995991385,2,Small,0,Bakery,DIST_W_01,Favorable
OUT_05702,2025-01,34.09322792328851,2,Small,0,Bakery,DIST_W_01,Moderate
OUT_05702,2025-02,11.217405831778308,2,Small,0,Bakery,DIST_W_01,Moderate
OUT_05702,2025-03,8.025975627385142,1,Small,0,Bakery,DIST_W_01,Moderate
OUT_05702,2025-05,19.84039239885714,3,Small,0,Bakery,DIST_W_01,Un-Favorable
OUT_05702,2025-08,20.00509827749364,1,Small,0,Bakery,DIST_W_01,Moderate
OUT_05702,2025-10,22.821095315521543,1,Small,0,Bakery,DIST_W_01,Moderate
OUT_05702,2025-12,102.30364995468642,2,Small,0,Bakery,DIST_W_01,Favorable
OUT_05736,2023-02,156.27010458831364,3,Medium,2,Hotel,DIST_W_01,Moderate
OUT_05736,2023-07,190.5663545963364,1,Medium,2,Hotel,DIST_W_01,Moderate
OUT_05736,2023-09,200.33405341668865,2,Medium,2,Hotel,DIST_W_01,Moderate
OUT_05736,2023-11,113.5478797057056,1,Medium,2,Hotel,DIST_W_01,Moderate
OUT_05736,2024-01,176.96855335186646,2,Medium,2,Hotel,DIST_W_01,Moderate
OUT_05736,2024-02,101.83543853340568,3,Medium,2,Hotel,DIST_W_01,Moderate
OUT_05736,2024-03,74.79697250480525,3,Medium,2,Hotel,DIST_W_01,Moderate
OUT_05736,2024-05,52.45849735910551,3,Medium,2,Hotel,DIST_W_01,Un-Favorable
OUT_05736,2024-06,140.93871836983072,2,Medium,2,Hotel,DIST_W_01,Un-Favorable
OUT_05736,2024-07,224.2273668283501,1,Medium,2,Hotel,DIST_W_01,Moderate
OUT_05736,2024-09,222.8470256105356,2,Medium,2,Hotel,DIST_W_01,Moderate
OUT_05736,2024-10,174.07540547186292,2,Medium,2,Hotel,DIST_W_01,Moderate
OUT_05736,2024-11,44.41876991592139,1,Medium,2,Hotel,DIST_W_01,Moderate
OUT_05736,2025-01,176.20074962501454,2,Medium,2,Hotel,DIST_W_01,Moderate
OUT_05736,2025-02,46.97836214453951,2,Medium,2,Hotel,DIST_W_01,Moderate
OUT_05736,2025-03,159.7606435714271,1,Medium,2,Hotel,DIST_W_01,Moderate
OUT_05736,2025-04,78.08755639983842,5,Medium,2,Hotel,DIST_W_01,Favorable
OUT_05736,2025-05,52.02758134542175,3,Medium,2,Hotel,DIST_W_01,Un-Favorable
OUT_05736,2025-06,117.67330726250728,1,Medium,2,Hotel,DIST_W_01,Un-Favorable
OUT_05736,2025-07,67.96402813265148,1,Medium,2,Hotel,DIST_W_01,Moderate
OUT_05736,2025-08,209.28779223312168,1,Medium,2,Hotel,DIST_W_01,Moderate
OUT_05736,2025-09,65.15980598525438,2,Medium,2,Hotel,DIST_W_01,Moderate
OUT_05736,2025-11,49.20954841224592,1,Medium,2,Hotel,DIST_W_01,Moderate
OUT_05736,2025-12,103.23852627070832,2,Medium,2,Hotel,DIST_W_01,Favorable
OUT_05756,2023-01,105.4282099467334,3,Medium,1,SMMT,DIST_W_02,Moderate
OUT_05756,2023-02,152.14714494041732,3,Medium,1,SMMT,DIST_W_02,Moderate
OUT_05756,2023-03,52.30512389560153,1,Medium,1,SMMT,DIST_W_02,Moderate
OUT_05756,2023-05,121.82511907437484,4,Medium,1,SMMT,DIST_W_02,Un-Favorable
OUT_05756,2023-06,34.89109220693171,1,Medium,1,SMMT,DIST_W_02,Un-Favorable
OUT_05756,2023-09,137.21674541232204,2,Medium,1,SMMT,DIST_W_02,Moderate
OUT_05756,2023-10,50.0590761262042,1,Medium,1,SMMT,DIST_W_02,Moderate
OUT_05756,2023-11,24.236383878870228,1,Medium,1,SMMT,DIST_W_02,Moderate
OUT_05756,2023-12,256.7164101897457,2,Medium,1,SMMT,DIST_W_02,Favorable
OUT_05756,2024-01,18.8116495473773,2,Medium,1,SMMT,DIST_W_02,Moderate
OUT_05756,2024-02,189.81313580690707,3,Medium,1,SMMT,DIST_W_02,Moderate
OUT_05756,2024-04,321.90238948899906,7,Medium,1,SMMT,DIST_W_02,Favorable
OUT_05756,2024-05,6.720280666354874,3,Medium,1,SMMT,DIST_W_02,Un-Favorable
OUT_05756,2024-07,200.87486925907177,1,Medium,1,SMMT,DIST_W_02,Moderate
OUT_05756,2024-08,43.70828915126592,1,Medium,1,SMMT,DIST_W_02,Moderate
OUT_05756,2024-09,176.39566071428422,2,Medium,1,SMMT,DIST_W_02,Moderate
OUT_05756,2024-10,228.1562056198078,2,Medium,1,SMMT,DIST_W_02,Moderate
OUT_05756,2024-11,179.14176706680192,1,Medium,1,SMMT,DIST_W_02,Moderate
OUT_05756,2024-12,88.22146255834157,2,Medium,1,SMMT,DIST_W_02,Favorable
OUT_05756,2025-01,25.90264513940007,2,Medium,1,SMMT,DIST_W_02,Moderate
OUT_05756,2025-02,225.9840239275324,2,Medium,1,SMMT,DIST_W_02,Moderate
OUT_05756,2025-03,123.42388334515948,1,Medium,1,SMMT,DIST_W_02,Moderate
OUT_05756,2025-04,67.31592358332497,5,Medium,1,SMMT,DIST_W_02,Favorable
OUT_05756,2025-05,126.530824067888,3,Medium,1,SMMT,DIST_W_02,Un-Favorable
OUT_05756,2025-06,128.82549693176665,1,Medium,1,SMMT,DIST_W_02,Un-Favorable
OUT_05756,2025-08,37.934176267691534,1,Medium,1,SMMT,DIST_W_02,Moderate
OUT_05756,2025-09,187.4002708864988,2,Medium,1,SMMT,DIST_W_02,Moderate
OUT_05756,2025-10,15.284409969397185,1,Medium,1,SMMT,DIST_W_02,Moderate
OUT_05756,2025-11,93.94160423192668,1,Medium,1,SMMT,DIST_W_02,Moderate
OUT_05756,2025-12,239.8946543863287,2,Medium,1,SMMT,DIST_W_02,Favorable
OUT_05778,2023-02,64.31573951881325,3,Medium,2,Hotel,DIST_W_02,Moderate
OUT_05778,2023-09,146.82951356736334,2,Medium,2,Hotel,DIST_W_02,Moderate
OUT_05778,2023-10,77.02628507741659,1,Medium,2,Hotel,DIST_W_02,Moderate
OUT_05778,2023-11,93.34841788325528,1,Medium,2,Hotel,DIST_W_02,Moderate
OUT_05778,2023-12,58.35134653862429,2,Medium,2,Hotel,DIST_W_02,Favorable
OUT_05778,2024-02,62.05031892380009,3,Medium,2,Hotel,DIST_W_02,Moderate
OUT_05778,2024-05,57.66413221182562,3,Medium,2,Hotel,DIST_W_02,Un-Favorable
OUT_05778,2024-06,130.0171778294561,2,Medium,2,Hotel,DIST_W_02,Un-Favorable
OUT_05778,2024-07,207.6181551624965,1,Medium,2,Hotel,DIST_W_02,Moderate
OUT_05778,2024-08,38.80713271216933,1,Medium,2,Hotel,DIST_W_02,Moderate
OUT_05778,2024-09,75.19197011158971,2,Medium,2,Hotel,DIST_W_02,Moderate
OUT_05778,2024-10,104.47024748026487,2,Medium,2,Hotel,DIST_W_02,Moderate
OUT_05778,2024-11,181.0192087818656,1,Medium,2,Hotel,DIST_W_02,Moderate
OUT_05778,2024-12,226.5714351225272,2,Medium,2,Hotel,DIST_W_02,Favorable
OUT_05778,2025-01,226.8431571915666,2,Medium,2,Hotel,DIST_W_02,Moderate
OUT_05778,2025-02,151.3444912256383,2,Medium,2,Hotel,DIST_W_02,Moderate
OUT_05778,2025-03,11.195190192681816,1,Medium,2,Hotel,DIST_W_02,Moderate
OUT_05778,2025-04,289.6088561772507,5,Medium,2,Hotel,DIST_W_02,Favorable
OUT_05778,2025-05,56.68502703431407,3,Medium,2,Hotel,DIST_W_02,Un-Favorable
OUT_05778,2025-06,114.7568243507398,1,Medium,2,Hotel,DIST_W_02,Un-Favorable
OUT_05778,2025-07,72.17855968407696,1,Medium,2,Hotel,DIST_W_02,Moderate
OUT_05778,2025-08,199.23952090212128,1,Medium,2,Hotel,DIST_W_02,Moderate
OUT_05778,2025-09,128.3019487332884,2,Medium,2,Hotel,DIST_W_02,Moderate
OUT_05778,2025-10,69.44585538681612,1,Medium,2,Hotel,DIST_W_02,Moderate
OUT_05778,2025-11,81.79194578389121,1,Medium,2,Hotel,DIST_W_02,Moderate
OUT_05778,2025-12,85.99666130017299,2,Medium,2,Hotel,DIST_W_02,Favorable
OUT_05782,2023-01,67.67082988360546,3,Medium,1,Grocery,DIST_W_01,Moderate
OUT_05782,2023-04,44.422813688565725,4,Medium,1,Grocery,DIST_W_01,Favorable
OUT_05782,2023-06,97.30563131185744,1,Medium,1,Grocery,DIST_W_01,Un-Favorable
OUT_05782,2023-07,73.42989525559852,1,Medium,1,Grocery,DIST_W_01,Moderate
OUT_05782,2023-08,75.27126807496572,2,Medium,1,Grocery,DIST_W_01,Moderate
OUT_05782,2023-10,39.73540010979074,1,Medium,1,Grocery,DIST_W_01,Moderate
OUT_05782,2023-11,194.3044386726096,1,Medium,1,Grocery,DIST_W_01,Moderate
OUT_05782,2024-01,214.7134089221901,2,Medium,1,Grocery,DIST_W_01,Moderate
OUT_05782,2024-03,53.72368945428475,3,Medium,1,Grocery,DIST_W_01,Moderate
OUT_05782,2024-04,152.78615693881525,7,Medium,1,Grocery,DIST_W_01,Favorable
OUT_05782,2024-07,212.9455317072952,1,Medium,1,Grocery,DIST_W_01,Moderate
OUT_05782,2024-08,194.8709987187134,1,Medium,1,Grocery,DIST_W_01,Moderate
OUT_05782,2024-10,45.97546004702394,2,Medium,1,Grocery,DIST_W_01,Moderate
OUT_05782,2024-11,104.88670082605208,1,Medium,1,Grocery,DIST_W_01,Moderate
OUT_05782,2025-01,62.4055454165069,2,Medium,1,Grocery,DIST_W_01,Moderate
OUT_05782,2025-04,284.7733310937249,5,Medium,1,Grocery,DIST_W_01,Favorable
OUT_05782,2025-08,170.6207689372371,1,Medium,1,Grocery,DIST_W_01,Moderate
OUT_05782,2025-09,246.4265067392068,2,Medium,1,Grocery,DIST_W_01,Moderate
OUT_05804,2023-01,625.3008961818314,3,Large,2,Kiosk,DIST_W_01,Moderate
OUT_05804,2023-02,674.9130825272889,3,Large,2,Kiosk,DIST_W_01,Moderate
OUT_05804,2023-03,605.8725501284799,1,Large,2,Kiosk,DIST_W_01,Moderate
OUT_05804,2023-05,173.55357239267076,4,Large,2,Kiosk,DIST_W_01,Un-Favorable
OUT_05804,2023-06,431.02315941631866,1,Large,2,Kiosk,DIST_W_01,Un-Favorable
OUT_05804,2023-07,232.1769538289275,1,Large,2,Kiosk,DIST_W_01,Moderate
OUT_05804,2023-08,474.1828089041852,2,Large,2,Kiosk,DIST_W_01,Moderate
OUT_05804,2023-09,332.6091687681438,2,Large,2,Kiosk,DIST_W_01,Moderate
OUT_05804,2023-10,520.4849194736094,1,Large,2,Kiosk,DIST_W_01,Moderate
OUT_05804,2023-12,774.9061712325556,2,Large,2,Kiosk,DIST_W_01,Favorable
OUT_05804,2024-01,560.4244253606663,2,Large,2,Kiosk,DIST_W_01,Moderate
OUT_05804,2024-02,591.1191584729102,3,Large,2,Kiosk,DIST_W_01,Moderate
OUT_05804,2024-03,651.7529729015558,3,Large,2,Kiosk,DIST_W_01,Moderate
OUT_05804,2024-04,732.1053735790629,7,Large,2,Kiosk,DIST_W_01,Favorable
OUT_05804,2024-05,438.566596554532,3,Large,2,Kiosk,DIST_W_01,Un-Favorable
OUT_05804,2024-06,382.0070690834336,2,Large,2,Kiosk,DIST_W_01,Un-Favorable
OUT_05804,2024-07,639.3088925107284,1,Large,2,Kiosk,DIST_W_01,Moderate
OUT_05804,2024-08,549.9567121522053,1,Large,2,Kiosk,DIST_W_01,Moderate
OUT_05804,2024-09,628.8123893103857,2,Large,2,Kiosk,DIST_W_01,Moderate
OUT_05804,2024-10,551.246053409386,2,Large,2,Kiosk,DIST_W_01,Moderate
OUT_05804,2024-11,592.7891470854228,1,Large,2,Kiosk,DIST_W_01,Moderate
OUT_05804,2025-01,594.3885844869519,2,Large,2,Kiosk,DIST_W_01,Moderate
OUT_05804,2025-02,572.3233911964517,2,Large,2,Kiosk,DIST_W_01,Moderate
OUT_05804,2025-03,678.7087727475548,1,Large,2,Kiosk,DIST_W_01,Moderate
OUT_05804,2025-04,815.8943013493829,5,Large,2,Kiosk,DIST_W_01,Favorable
OUT_05804,2025-05,427.2141602383995,3,Large,2,Kiosk,DIST_W_01,Un-Favorable
OUT_05804,2025-07,657.2868502447812,1,Large,2,Kiosk,DIST_W_01,Moderate
OUT_05804,2025-08,509.38730746940814,1,Large,2,Kiosk,DIST_W_01,Moderate
OUT_05804,2025-09,654.6911134008212,2,Large,2,Kiosk,DIST_W_01,Moderate
OUT_05804,2025-10,503.232509386807,1,Large,2,Kiosk,DIST_W_01,Moderate
OUT_05804,2025-11,610.8421251957675,1,Large,2,Kiosk,DIST_W_01,Moderate
OUT_05804,2025-12,982.08557984583,2,Large,2,Kiosk,DIST_W_01,Favorable
OUT_05829,2023-01,239.1392073078024,3,Medium,2,Bakry,DIST_W_03,Moderate
OUT_05829,2023-03,222.4682582497501,1,Medium,2,Bakry,DIST_W_03,Moderate
OUT_05829,2023-04,272.4235638877009,4,Medium,2,Bakry,DIST_W_03,Favorable
OUT_05829,2023-06,108.0381726975853,1,Medium,2,Bakry,DIST_W_03,Un-Favorable
OUT_05829,2023-07,72.12875607986115,1,Medium,2,Bakry,DIST_W_03,Moderate
OUT_05829,2023-09,109.07710862335824,2,Medium,2,Bakry,DIST_W_03,Moderate
OUT_05829,2023-12,119.10765294857966,2,Medium,2,Bakry,DIST_W_03,Favorable
OUT_05829,2024-01,220.11328158865084,2,Medium,2,Bakry,DIST_W_03,Moderate
OUT_05829,2024-02,147.28136562126735,3,Medium,2,Bakry,DIST_W_03,Moderate
OUT_05829,2024-04,344.629817743292,7,Medium,2,Bakry,DIST_W_03,Favorable
OUT_05829,2024-05,60.02397772032212,3,Medium,2,Bakry,DIST_W_03,Un-Favorable
OUT_05829,2024-06,37.05105456607005,2,Medium,2,Bakry,DIST_W_03,Un-Favorable
OUT_05829,2024-07,215.7943708136059,1,Medium,2,Bakry,DIST_W_03,Moderate
OUT_05829,2024-08,96.14173418607956,1,Medium,2,Bakry,DIST_W_03,Moderate
OUT_05829,2024-09,133.14952392888097,2,Medium,2,Bakry,DIST_W_03,Moderate
OUT_05829,2024-10,88.55619659058976,2,Medium,2,Bakry,DIST_W_03,Moderate
OUT_05829,2024-12,68.34931960623935,2,Medium,2,Bakry,DIST_W_03,Favorable
OUT_05829,2025-03,59.34932692532494,1,Medium,2,Bakry,DIST_W_03,Moderate
OUT_05829,2025-04,133.64508366829364,5,Medium,2,Bakry,DIST_W_03,Favorable
OUT_05829,2025-05,90.0283062741578,3,Medium,2,Bakry,DIST_W_03,Un-Favorable
OUT_05829,2025-07,85.44505734654766,1,Medium,2,Bakry,DIST_W_03,Moderate
OUT_05829,2025-08,245.051021978656,1,Medium,2,Bakry,DIST_W_03,Moderate
OUT_05829,2025-11,-57.92885575002897,1,Medium,2,Bakry,DIST_W_03,Moderate
OUT_05834,2023-01,186.5065946101357,3,Medium,2,Kiosk,DIST_W_01,Moderate
OUT_05834,2023-02,31.03623614587424,3,Medium,2,Kiosk,DIST_W_01,Moderate
OUT_05834,2023-03,144.896447944294,1,Medium,2,Kiosk,DIST_W_01,Moderate
OUT_05834,2023-04,238.14246226922413,4,Medium,2,Kiosk,DIST_W_01,Favorable
OUT_05834,2023-07,183.7421263661764,1,Medium,2,Kiosk,DIST_W_01,Moderate
OUT_05834,2023-09,75.18274579751866,2,Medium,2,Kiosk,DIST_W_01,Moderate
OUT_05834,2023-10,32.541227260687265,1,Medium,2,Kiosk,DIST_W_01,Moderate
OUT_05834,2023-11,199.62814205850884,1,Medium,2,Kiosk,DIST_W_01,Moderate
OUT_05834,2023-12,85.35443383990818,2,Medium,2,Kiosk,DIST_W_01,Favorable
OUT_05834,2024-01,96.32389919205494,2,Medium,2,Kiosk,DIST_W_01,Moderate
OUT_05834,2024-02,46.06260276783017,3,Medium,2,Kiosk,DIST_W_01,Moderate
OUT_05834,2024-05,128.5440170068947,3,Medium,2,Kiosk,DIST_W_01,Un-Favorable
OUT_05834,2024-07,45.20511221617963,1,Medium,2,Kiosk,DIST_W_01,Moderate
OUT_05834,2024-08,173.4890639228479,1,Medium,2,Kiosk,DIST_W_01,Moderate
OUT_05834,2024-10,87.72827935689853,2,Medium,2,Kiosk,DIST_W_01,Moderate
OUT_05834,2024-11,87.50127267672173,1,Medium,2,Kiosk,DIST_W_01,Moderate
OUT_05834,2025-01,35.023336615568155,2,Medium,2,Kiosk,DIST_W_01,Moderate
OUT_05834,2025-03,86.32786714064875,1,Medium,2,Kiosk,DIST_W_01,Moderate
OUT_05834,2025-04,36.06573561820417,5,Medium,2,Kiosk,DIST_W_01,Favorable
OUT_05834,2025-05,109.5960498495362,3,Medium,2,Kiosk,DIST_W_01,Un-Favorable
OUT_05834,2025-07,195.14358518791008,1,Medium,2,Kiosk,DIST_W_01,Moderate
OUT_05834,2025-10,67.27365746199433,1,Medium,2,Kiosk,DIST_W_01,Moderate
OUT_05834,2025-11,64.30701604212723,1,Medium,2,Kiosk,DIST_W_01,Moderate
OUT_05845,2023-01,40.69823166659988,3,Medium,1,Eatery,DIST_W_01,Moderate
OUT_05845,2023-03,226.06728554175407,1,Medium,1,Eatery,DIST_W_01,Moderate
OUT_05845,2023-04,123.19892632188312,4,Medium,1,Eatery,DIST_W_01,Favorable
OUT_05845,2023-05,31.544336317862275,4,Medium,1,Eatery,DIST_W_01,Un-Favorable
OUT_05845,2023-06,73.15077315008988,1,Medium,1,Eatery,DIST_W_01,Un-Favorable
OUT_05845,2023-07,91.64944660656684,1,Medium,1,Eatery,DIST_W_01,Moderate
OUT_05845,2023-08,168.53506477957168,2,Medium,1,Eatery,DIST_W_01,Moderate
OUT_05845,2023-09,178.26203562638693,2,Medium,1,Eatery,DIST_W_01,Moderate
OUT_05845,2023-10,215.49451005655112,1,Medium,1,Eatery,DIST_W_01,Moderate
OUT_05845,2023-11,59.051326362635365,1,Medium,1,Eatery,DIST_W_01,Moderate
OUT_05845,2023-12,97.02070997068654,2,Medium,1,Eatery,DIST_W_01,Favorable
OUT_05845,2024-02,70.73507673062267,3,Medium,1,Eatery,DIST_W_01,Moderate
OUT_05845,2024-04,127.55381520556053,7,Medium,1,Eatery,DIST_W_01,Favorable
OUT_05845,2024-05,20.90411753348984,3,Medium,1,Eatery,DIST_W_01,Un-Favorable
OUT_05845,2024-06,52.95717826884563,2,Medium,1,Eatery,DIST_W_01,Un-Favorable
OUT_05845,2024-07,84.68480993226133,1,Medium,1,Eatery,DIST_W_01,Moderate
OUT_05845,2024-08,186.95975440403885,1,Medium,1,Eatery,DIST_W_01,Moderate
OUT_05845,2024-09,108.73600674411236,2,Medium,1,Eatery,DIST_W_01,Moderate
OUT_05845,2024-11,30.029970200174382,1,Medium,1,Eatery,DIST_W_01,Moderate
OUT_05845,2025-01,98.44038128012552,2,Medium,1,Eatery,DIST_W_01,Moderate
OUT_05845,2025-02,163.52288918042217,2,Medium,1,Eatery,DIST_W_01,Moderate
OUT_05845,2025-03,70.28045607974109,1,Medium,1,Eatery,DIST_W_01,Moderate
OUT_05845,2025-05,57.9825360533833,3,Medium,1,Eatery,DIST_W_01,Un-Favorable
OUT_05845,2025-08,55.61422219658199,1,Medium,1,Eatery,DIST_W_01,Moderate
OUT_05845,2025-09,123.64379947500215,2,Medium,1,Eatery,DIST_W_01,Moderate
OUT_05845,2025-10,68.5055569147793,1,Medium,1,Eatery,DIST_W_01,Moderate
OUT_05845,2025-11,64.56040089696543,1,Medium,1,Eatery,DIST_W_01,Moderate
OUT_05845,2025-12,277.97037085650686,2,Medium,1,Eatery,DIST_W_01,Favorable
OUT_05852,2023-01,532.9233325097881,3,Large,4,Pharmacy,DIST_W_02,Moderate
OUT_05852,2023-02,590.7522618167475,3,Large,4,Pharmacy,DIST_W_02,Moderate
OUT_05852,2023-03,627.2099559561967,1,Large,4,Pharmacy,DIST_W_02,Moderate
OUT_05852,2023-04,888.5771030577048,4,Large,4,Pharmacy,DIST_W_02,Favorable
OUT_05852,2023-06,420.85153044595535,1,Large,4,Pharmacy,DIST_W_02,Un-Favorable
OUT_05852,2023-07,677.1245253497339,1,Large,4,Pharmacy,DIST_W_02,Moderate
OUT_05852,2023-08,336.0137537964711,2,Large,4,Pharmacy,DIST_W_02,Moderate
OUT_05852,2023-09,535.4243378065147,2,Large,4,Pharmacy,DIST_W_02,Moderate
OUT_05852,2023-11,471.58360132279233,1,Large,4,Pharmacy,DIST_W_02,Moderate
OUT_05852,2023-12,315.29349185134424,2,Large,4,Pharmacy,DIST_W_02,Favorable
OUT_05852,2024-01,547.4707085650939,2,Large,4,Pharmacy,DIST_W_02,Moderate
OUT_05852,2024-02,271.8111506732766,3,Large,4,Pharmacy,DIST_W_02,Moderate
OUT_05852,2024-03,638.0706185304157,3,Large,4,Pharmacy,DIST_W_02,Moderate
OUT_05852,2024-04,870.2079929235044,7,Large,4,Pharmacy,DIST_W_02,Favorable
OUT_05852,2024-05,404.4314580904735,3,Large,4,Pharmacy,DIST_W_02,Un-Favorable
OUT_05852,2024-06,343.8717438707368,2,Large,4,Pharmacy,DIST_W_02,Un-Favorable
OUT_05852,2024-07,545.2984578656891,1,Large,4,Pharmacy,DIST_W_02,Moderate
OUT_05852,2024-08,411.1984071959209,1,Large,4,Pharmacy,DIST_W_02,Moderate
OUT_05852,2024-10,166.58251592562397,2,Large,4,Pharmacy,DIST_W_02,Moderate
OUT_05852,2024-11,544.5368658647099,1,Large,4,Pharmacy,DIST_W_02,Moderate
OUT_05852,2024-12,449.1887621852387,2,Large,4,Pharmacy,DIST_W_02,Favorable
OUT_05852,2025-01,665.8982211337927,2,Large,4,Pharmacy,DIST_W_02,Moderate
OUT_05852,2025-02,355.06384912850154,2,Large,4,Pharmacy,DIST_W_02,Moderate
OUT_05852,2025-03,303.47992187108224,1,Large,4,Pharmacy,DIST_W_02,Moderate
OUT_05852,2025-04,957.1542379641244,5,Large,4,Pharmacy,DIST_W_02,Favorable
OUT_05852,2025-05,221.57928064096467,3,Large,4,Pharmacy,DIST_W_02,Un-Favorable
OUT_05852,2025-06,424.1051315808791,1,Large,4,Pharmacy,DIST_W_02,Un-Favorable
OUT_05852,2025-07,659.521765862257,1,Large,4,Pharmacy,DIST_W_02,Moderate
OUT_05852,2025-08,579.6085914927855,1,Large,4,Pharmacy,DIST_W_02,Moderate
OUT_05852,2025-09,520.2398602457546,2,Large,4,Pharmacy,DIST_W_02,Moderate
OUT_05852,2025-10,470.4907810521879,1,Large,4,Pharmacy,DIST_W_02,Moderate
OUT_05852,2025-11,537.7397833171051,1,Large,4,Pharmacy,DIST_W_02,Moderate
OUT_05852,2025-12,464.8066264772299,2,Large,4,Pharmacy,DIST_W_02,Favorable
OUT_05882,2023-01,91.44227493619152,3,Medium,1,Grocery,DIST_W_02,Moderate
OUT_05882,2023-02,170.11033412071453,3,Medium,1,Grocery,DIST_W_02,Moderate
OUT_05882,2023-03,97.18252928384864,1,Medium,1,Grocery,DIST_W_02,Moderate
OUT_05882,2023-05,57.94538305021864,4,Medium,1,Grocery,DIST_W_02,Un-Favorable
OUT_05882,2023-08,58.013029321313496,2,Medium,1,Grocery,DIST_W_02,Moderate
OUT_05882,2023-09,84.58480470280048,2,Medium,1,Grocery,DIST_W_02,Moderate
OUT_05882,2023-10,216.28024668867252,1,Medium,1,Grocery,DIST_W_02,Moderate
OUT_05882,2023-11,118.16575871660372,1,Medium,1,Grocery,DIST_W_02,Moderate
OUT_05882,2023-12,242.22756995180845,2,Medium,1,Grocery,DIST_W_02,Favorable
OUT_05882,2024-01,31.90242434817028,2,Medium,1,Grocery,DIST_W_02,Moderate
OUT_05882,2024-02,50.6854386334378,3,Medium,1,Grocery,DIST_W_02,Moderate
OUT_05882,2024-03,16.8477350329553,3,Medium,1,Grocery,DIST_W_02,Moderate
OUT_05882,2024-09,29.956066751626768,2,Medium,1,Grocery,DIST_W_02,Moderate
OUT_05882,2024-12,89.38439146823579,2,Medium,1,Grocery,DIST_W_02,Favorable
OUT_05882,2025-01,199.55622464965512,2,Medium,1,Grocery,DIST_W_02,Moderate
OUT_05882,2025-04,328.6119806833974,5,Medium,1,Grocery,DIST_W_02,Favorable
OUT_05882,2025-05,125.08158209293404,3,Medium,1,Grocery,DIST_W_02,Un-Favorable
OUT_05882,2025-06,124.53346571850282,1,Medium,1,Grocery,DIST_W_02,Un-Favorable
OUT_05882,2025-07,206.01273686617927,1,Medium,1,Grocery,DIST_W_02,Moderate
OUT_05882,2025-08,173.3496076874863,1,Medium,1,Grocery,DIST_W_02,Moderate
OUT_05882,2025-10,52.66150666665762,1,Medium,1,Grocery,DIST_W_02,Moderate
OUT_05882,2025-11,207.75736147887977,1,Medium,1,Grocery,DIST_W_02,Moderate
OUT_05882,2025-12,220.2888172864171,2,Medium,1,Grocery,DIST_W_02,Favorable
OUT_05885,2023-01,223.3474296690648,3,Medium,2,Eatery,DIST_W_01,Moderate
OUT_05885,2023-02,48.099053171011576,3,Medium,2,Eatery,DIST_W_01,Moderate
OUT_05885,2023-03,193.6788183621676,1,Medium,2,Eatery,DIST_W_01,Moderate
OUT_05885,2023-04,322.2580657322375,4,Medium,2,Eatery,DIST_W_01,Favorable
OUT_05885,2023-05,51.12664563014621,4,Medium,2,Eatery,DIST_W_01,Un-Favorable
OUT_05885,2023-07,188.3373198456557,1,Medium,2,Eatery,DIST_W_01,Moderate
OUT_05885,2023-08,82.10877733466747,2,Medium,2,Eatery,DIST_W_01,Moderate
OUT_05885,2023-09,76.98289344924906,2,Medium,2,Eatery,DIST_W_01,Moderate
OUT_05885,2023-10,44.694617229674094,1,Medium,2,Eatery,DIST_W_01,Moderate
OUT_05885,2023-11,187.8156718994581,1,Medium,2,Eatery,DIST_W_01,Moderate
OUT_05885,2023-12,137.9859676378493,2,Medium,2,Eatery,DIST_W_01,Favorable
OUT_05885,2024-01,191.90409525443167,2,Medium,2,Eatery,DIST_W_01,Moderate
OUT_05885,2024-02,197.3694658843074,3,Medium,2,Eatery,DIST_W_01,Moderate
OUT_05885,2024-03,81.39705725091528,3,Medium,2,Eatery,DIST_W_01,Moderate
OUT_05885,2024-04,149.14828116837413,7,Medium,2,Eatery,DIST_W_01,Favorable
OUT_05885,2024-05,158.09909436228497,3,Medium,2,Eatery,DIST_W_01,Un-Favorable
OUT_05885,2024-06,72.74384696886995,2,Medium,2,Eatery,DIST_W_01,Un-Favorable
OUT_05885,2024-07,35.68105174245495,1,Medium,2,Eatery,DIST_W_01,Moderate
OUT_05885,2024-11,119.17756719025832,1,Medium,2,Eatery,DIST_W_01,Moderate
OUT_05885,2024-12,279.8577689045764,2,Medium,2,Eatery,DIST_W_01,Favorable
OUT_05885,2025-01,208.97612037597625,2,Medium,2,Eatery,DIST_W_01,Moderate
OUT_05885,2025-02,29.7245785063546,2,Medium,2,Eatery,DIST_W_01,Moderate
OUT_05885,2025-04,304.5305371570156,5,Medium,2,Eatery,DIST_W_01,Favorable
OUT_05885,2025-05,133.34221885323296,3,Medium,2,Eatery,DIST_W_01,Un-Favorable
OUT_05885,2025-06,44.37445941363726,1,Medium,2,Eatery,DIST_W_01,Un-Favorable
OUT_05885,2025-07,96.98765611556054,1,Medium,2,Eatery,DIST_W_01,Moderate
OUT_05885,2025-09,79.86041969364581,2,Medium,2,Eatery,DIST_W_01,Moderate
OUT_05885,2025-10,104.91182034788017,1,Medium,2,Eatery,DIST_W_01,Moderate
OUT_05885,2025-11,210.56926218395043,1,Medium,2,Eatery,DIST_W_01,Moderate
OUT_05887,2023-01,170.92620787628763,3,Medium,2,Bakery,DIST_W_01,Moderate
OUT_05887,2023-02,61.54435854827091,3,Medium,2,Bakery,DIST_W_01,Moderate
OUT_05887,2023-03,190.21295133772344,1,Medium,2,Bakery,DIST_W_01,Moderate
OUT_05887,2023-04,171.92843376489344,4,Medium,2,Bakery,DIST_W_01,Favorable
OUT_05887,2023-05,48.114730927153126,4,Medium,2,Bakery,DIST_W_01,Un-Favorable
OUT_05887,2023-06,136.33151636180028,1,Medium,2,Bakery,DIST_W_01,Un-Favorable
OUT_05887,2023-07,197.52468930778824,1,Medium,2,Bakery,DIST_W_01,Moderate
OUT_05887,2023-08,84.86507810820363,2,Medium,2,Bakery,DIST_W_01,Moderate
OUT_05887,2023-09,219.6783448942977,2,Medium,2,Bakery,DIST_W_01,Moderate
OUT_05887,2023-10,160.85702100631843,1,Medium,2,Bakery,DIST_W_01,Moderate
OUT_05887,2023-12,103.11159888304786,2,Medium,2,Bakery,DIST_W_01,Favorable
OUT_05887,2024-02,169.96979171159848,3,Medium,2,Bakery,DIST_W_01,Moderate
OUT_05887,2024-03,257.20125789380154,3,Medium,2,Bakery,DIST_W_01,Moderate
OUT_05887,2024-04,307.73811909107,7,Medium,2,Bakery,DIST_W_01,Favorable
OUT_05887,2024-05,142.85168801101193,3,Medium,2,Bakery,DIST_W_01,Un-Favorable
OUT_05887,2024-06,65.3735144043141,2,Medium,2,Bakery,DIST_W_01,Un-Favorable
OUT_05887,2024-07,84.22704302775219,1,Medium,2,Bakery,DIST_W_01,Moderate
OUT_05887,2024-08,202.6973324566718,1,Medium,2,Bakery,DIST_W_01,Moderate
OUT_05887,2024-09,85.87582114241975,2,Medium,2,Bakery,DIST_W_01,Moderate
OUT_05887,2024-11,163.98474302894596,1,Medium,2,Bakery,DIST_W_01,Moderate
OUT_05887,2024-12,214.07506103033992,2,Medium,2,Bakery,DIST_W_01,Favorable
OUT_05887,2025-01,161.75095544219724,2,Medium,2,Bakery,DIST_W_01,Moderate
OUT_05887,2025-02,40.88569030559838,2,Medium,2,Bakery,DIST_W_01,Moderate
OUT_05887,2025-04,73.7869052788625,5,Medium,2,Bakery,DIST_W_01,Favorable
OUT_05887,2025-05,43.93268404709818,3,Medium,2,Bakery,DIST_W_01,Un-Favorable
OUT_05887,2025-06,31.012516845770428,1,Medium,2,Bakery,DIST_W_01,Un-Favorable
OUT_05887,2025-07,167.40741036787426,1,Medium,2,Bakery,DIST_W_01,Moderate
OUT_05887,2025-08,111.53927883197244,1,Medium,2,Bakery,DIST_W_01,Moderate
OUT_05887,2025-10,230.64328831732703,1,Medium,2,Bakery,DIST_W_01,Moderate
OUT_05887,2025-12,152.6371617184737,2,Medium,2,Bakery,DIST_W_01,Favorable
OUT_05968,2023-01,28.635995068383025,3,Small,0,Kiosk,DIST_W_03,Moderate
OUT_05968,2023-04,34.28846881935197,4,Small,0,Kiosk,DIST_W_03,Favorable
OUT_05968,2023-06,23.48227096828516,1,Small,0,Kiosk,DIST_W_03,Un-Favorable
OUT_05968,2023-07,31.996696980992265,1,Small,0,Kiosk,DIST_W_03,Moderate
OUT_05968,2023-08,67.43240235185755,2,Small,0,Kiosk,DIST_W_03,Moderate
OUT_05968,2023-10,89.58148665640755,1,Small,0,Kiosk,DIST_W_03,Moderate
OUT_05968,2023-12,146.07547832501552,2,Small,0,Kiosk,DIST_W_03,Favorable
OUT_05968,2024-03,36.46775346813693,3,Small,0,Kiosk,DIST_W_03,Moderate
OUT_05968,2024-05,16.205236803198304,3,Small,0,Kiosk,DIST_W_03,Un-Favorable
OUT_05968,2024-07,74.98539331690338,1,Small,0,Kiosk,DIST_W_03,Moderate
OUT_05968,2024-10,65.0537497330226,2,Small,0,Kiosk,DIST_W_03,Moderate
OUT_05968,2024-11,93.47494797498402,1,Small,0,Kiosk,DIST_W_03,Moderate
OUT_05968,2024-12,24.68802015781016,2,Small,0,Kiosk,DIST_W_03,Favorable
OUT_05968,2025-03,42.43331042491528,1,Small,0,Kiosk,DIST_W_03,Moderate
OUT_05968,2025-11,94.73432201321248,1,Small,0,Kiosk,DIST_W_03,Moderate
OUT_05968,2025-12,66.25172041928963,2,Small,0,Kiosk,DIST_W_03,Favorable
OUT_05984,2023-01,328.8340572939617,3,Large,3,Grocry,DIST_W_03,Moderate
OUT_05984,2023-02,641.8525515409771,3,Large,3,Grocry,DIST_W_03,Moderate
OUT_05984,2023-03,567.9441485324428,1,Large,3,Grocry,DIST_W_03,Moderate
OUT_05984,2023-04,893.4998898836207,4,Large,3,Grocry,DIST_W_03,Favorable
OUT_05984,2023-06,354.2442478727115,1,Large,3,Grocry,DIST_W_03,Un-Favorable
OUT_05984,2023-07,223.4859388883892,1,Large,3,Grocry,DIST_W_03,Moderate
OUT_05984,2023-08,473.6431166080438,2,Large,3,Grocry,DIST_W_03,Moderate
OUT_05984,2023-11,571.3317263713797,1,Large,3,Grocry,DIST_W_03,Moderate
OUT_05984,2023-12,447.91527677510254,2,Large,3,Grocry,DIST_W_03,Favorable
OUT_05984,2024-02,657.3007198091402,3,Large,3,Grocry,DIST_W_03,Moderate
OUT_05984,2024-04,670.2547681809631,7,Large,3,Grocry,DIST_W_03,Favorable
OUT_05984,2024-06,412.4051853531773,2,Large,3,Grocry,DIST_W_03,Un-Favorable
OUT_05984,2024-07,305.7617917471038,1,Large,3,Grocry,DIST_W_03,Moderate
OUT_05984,2024-08,240.1389908324246,1,Large,3,Grocry,DIST_W_03,Moderate
OUT_05984,2024-09,288.20832739135056,2,Large,3,Grocry,DIST_W_03,Moderate
OUT_05984,2024-10,559.641116318823,2,Large,3,Grocry,DIST_W_03,Moderate
OUT_05984,2024-12,809.1613513444394,2,Large,3,Grocry,DIST_W_03,Favorable
OUT_05984,2025-01,587.5845385918968,2,Large,3,Grocry,DIST_W_03,Moderate
OUT_05984,2025-03,520.6911761933595,1,Large,3,Grocry,DIST_W_03,Moderate
OUT_05984,2025-04,481.037452767407,5,Large,3,Grocry,DIST_W_03,Favorable
OUT_05984,2025-05,353.0482517920457,3,Large,3,Grocry,DIST_W_03,Un-Favorable
OUT_05984,2025-08,563.9480166727233,1,Large,3,Grocry,DIST_W_03,Moderate
OUT_05984,2025-09,358.59839232355773,2,Large,3,Grocry,DIST_W_03,Moderate
OUT_05984,2025-10,698.8076356237623,1,Large,3,Grocry,DIST_W_03,Moderate
OUT_05984,2025-11,521.7647758037608,1,Large,3,Grocry,DIST_W_03,Moderate
OUT_05984,2025-12,826.3926802526471,2,Large,3,Grocry,DIST_W_03,Favorable
OUT_05988,2023-01,207.9759512265276,3,Medium,2,Hotel,DIST_W_02,Moderate
OUT_05988,2023-02,88.34042147096568,3,Medium,2,Hotel,DIST_W_02,Moderate
OUT_05988,2023-03,60.740683993003415,1,Medium,2,Hotel,DIST_W_02,Moderate
OUT_05988,2023-04,214.53574663045703,4,Medium,2,Hotel,DIST_W_02,Favorable
OUT_05988,2023-05,130.5141998203453,4,Medium,2,Hotel,DIST_W_02,Un-Favorable
OUT_05988,2023-06,104.39703268885582,1,Medium,2,Hotel,DIST_W_02,Un-Favorable
OUT_05988,2023-07,154.08886008334204,1,Medium,2,Hotel,DIST_W_02,Moderate
OUT_05988,2023-08,181.09883159106408,2,Medium,2,Hotel,DIST_W_02,Moderate
OUT_05988,2023-09,165.10151663901382,2,Medium,2,Hotel,DIST_W_02,Moderate
OUT_05988,2023-10,68.98844554920738,1,Medium,2,Hotel,DIST_W_02,Moderate
OUT_05988,2023-11,168.93107987502745,1,Medium,2,Hotel,DIST_W_02,Moderate
OUT_05988,2023-12,148.19420743663696,2,Medium,2,Hotel,DIST_W_02,Favorable
OUT_05988,2024-01,66.72238209016862,2,Medium,2,Hotel,DIST_W_02,Moderate
OUT_05988,2024-02,46.94396583176135,3,Medium,2,Hotel,DIST_W_02,Moderate
OUT_05988,2024-03,98.7071511510984,3,Medium,2,Hotel,DIST_W_02,Moderate
OUT_05988,2024-04,278.9079363318363,7,Medium,2,Hotel,DIST_W_02,Favorable
OUT_05988,2024-05,16.86547467713165,3,Medium,2,Hotel,DIST_W_02,Un-Favorable
OUT_05988,2024-06,40.40443000771017,2,Medium,2,Hotel,DIST_W_02,Un-Favorable
OUT_05988,2024-07,214.36221100213493,1,Medium,2,Hotel,DIST_W_02,Moderate
OUT_05988,2024-08,125.10598570712996,1,Medium,2,Hotel,DIST_W_02,Moderate
OUT_05988,2025-01,166.9273812441071,2,Medium,2,Hotel,DIST_W_02,Moderate
OUT_05988,2025-03,240.0422226184052,1,Medium,2,Hotel,DIST_W_02,Moderate
OUT_05988,2025-04,79.08368461411837,5,Medium,2,Hotel,DIST_W_02,Favorable
OUT_05988,2025-05,56.36077707324634,3,Medium,2,Hotel,DIST_W_02,Un-Favorable
OUT_05988,2025-06,57.26584735790409,1,Medium,2,Hotel,DIST_W_02,Un-Favorable
OUT_05988,2025-08,31.643789366725887,1,Medium,2,Hotel,DIST_W_02,Moderate
OUT_05988,2025-09,206.71341649122567,2,Medium,2,Hotel,DIST_W_02,Moderate
OUT_05988,2025-11,210.96246483784944,1,Medium,2,Hotel,DIST_W_02,Moderate
OUT_05988,2025-12,38.52673088944971,2,Medium,2,Hotel,DIST_W_02,Favorable
OUT_06007,2023-01,21.011762944842108,3,,3,Hotel,DIST_W_03,Moderate
OUT_06007,2023-03,64.29629300135927,1,,3,Hotel,DIST_W_03,Moderate
OUT_06007,2023-04,24.08892623598176,4,,3,Hotel,DIST_W_03,Favorable
OUT_06007,2023-05,52.29772041282092,4,,3,Hotel,DIST_W_03,Un-Favorable
OUT_06007,2023-08,75.13333058605969,2,,3,Hotel,DIST_W_03,Moderate
OUT_06007,2023-09,11.16462260414854,2,,3,Hotel,DIST_W_03,Moderate
OUT_06007,2023-10,8.918686362413952,1,,3,Hotel,DIST_W_03,Moderate
OUT_06007,2023-11,8.59521376127477,1,,3,Hotel,DIST_W_03,Moderate
OUT_06007,2023-12,15.3113761767205,2,,3,Hotel,DIST_W_03,Favorable
OUT_06007,2024-01,35.862083692920976,2,,3,Hotel,DIST_W_03,Moderate
OUT_06007,2024-02,17.570368775241622,3,,3,Hotel,DIST_W_03,Moderate
OUT_06007,2024-04,32.55206413496305,7,,3,Hotel,DIST_W_03,Favorable
OUT_06007,2024-06,17.161657583823256,2,,3,Hotel,DIST_W_03,Un-Favorable
OUT_06007,2024-09,72.4210736576104,2,,3,Hotel,DIST_W_03,Moderate
OUT_06007,2024-10,83.10587446525723,2,,3,Hotel,DIST_W_03,Moderate
OUT_06007,2025-02,82.77963679616154,2,,3,Hotel,DIST_W_03,Moderate
OUT_06007,2025-03,33.05343289658304,1,,3,Hotel,DIST_W_03,Moderate
OUT_06007,2025-06,69.58671369645688,1,,3,Hotel,DIST_W_03,Un-Favorable
OUT_06007,2025-10,22.506743095958733,1,,3,Hotel,DIST_W_03,Moderate
OUT_06007,2025-11,24.61193563390556,1,,3,Hotel,DIST_W_03,Moderate
OUT_06024,2023-03,25.380409618869727,1,Small,0,Kiosk,DIST_W_01,Moderate
OUT_06024,2023-05,45.67162896270788,4,Small,0,Kiosk,DIST_W_01,Un-Favorable
OUT_06024,2023-07,30.793052170460943,1,Small,0,Kiosk,DIST_W_01,Moderate
OUT_06024,2023-08,9.817171385263691,2,Small,0,Kiosk,DIST_W_01,Moderate
OUT_06024,2023-09,70.87345996680962,2,Small,0,Kiosk,DIST_W_01,Moderate
OUT_06024,2023-11,19.86461146410932,1,Small,0,Kiosk,DIST_W_01,Moderate
OUT_06024,2024-01,17.016920939845456,2,Small,0,Kiosk,DIST_W_01,Moderate
OUT_06024,2024-02,35.143574877304154,3,Small,0,Kiosk,DIST_W_01,Moderate
OUT_06024,2024-03,126.93168222047292,3,Small,0,Kiosk,DIST_W_01,Moderate
OUT_06024,2024-04,45.10464314173454,7,Small,0,Kiosk,DIST_W_01,Favorable
OUT_06024,2024-05,46.08200348525944,3,Small,0,Kiosk,DIST_W_01,Un-Favorable
OUT_06024,2024-08,98.0311969114719,1,Small,0,Kiosk,DIST_W_01,Moderate
OUT_06024,2024-11,38.37985961633835,1,Small,0,Kiosk,DIST_W_01,Moderate
OUT_06024,2024-12,147.7293190077594,2,Small,0,Kiosk,DIST_W_01,Favorable
OUT_06024,2025-01,14.544854786045471,2,Small,0,Kiosk,DIST_W_01,Moderate
OUT_06024,2025-02,60.6935149948205,2,Small,0,Kiosk,DIST_W_01,Moderate
OUT_06024,2025-03,34.09093417465206,1,Small,0,Kiosk,DIST_W_01,Moderate
OUT_06024,2025-04,62.19184529418055,5,Small,0,Kiosk,DIST_W_01,Favorable
OUT_06024,2025-05,21.70430033615746,3,Small,0,Kiosk,DIST_W_01,Un-Favorable
OUT_06024,2025-08,41.14477952779957,1,Small,0,Kiosk,DIST_W_01,Moderate
OUT_06024,2025-10,71.75570506580738,1,Small,0,Kiosk,DIST_W_01,Moderate
OUT_06024,2025-11,30.345956537502456,1,Small,0,Kiosk,DIST_W_01,Moderate
OUT_06024,2025-12,63.82620917426698,2,Small,0,Kiosk,DIST_W_01,Favorable
OUT_06045,2023-01,51.45254000387324,3,Small,0,Grocery,DIST_W_02,Moderate
OUT_06045,2023-02,84.14297817407262,3,Small,0,Grocery,DIST_W_02,Moderate
OUT_06045,2023-03,6.702520203094172,1,Small,0,Grocery,DIST_W_02,Moderate
OUT_06045,2023-04,49.43920579477759,4,Small,0,Grocery,DIST_W_02,Favorable
OUT_06045,2023-05,11.681631338648668,4,Small,0,Grocery,DIST_W_02,Un-Favorable
OUT_06045,2023-09,34.67184273183162,2,Small,0,Grocery,DIST_W_02,Moderate
OUT_06045,2024-01,65.71742909411405,2,Small,0,Grocery,DIST_W_02,Moderate
OUT_06045,2024-05,39.984432506605614,3,Small,0,Grocery,DIST_W_02,Un-Favorable
OUT_06045,2024-09,12.76856160501946,2,Small,0,Grocery,DIST_W_02,Moderate
OUT_06045,2024-11,19.82861954917881,1,Small,0,Grocery,DIST_W_02,Moderate
OUT_06045,2024-12,88.56748438536384,2,Small,0,Grocery,DIST_W_02,Favorable
OUT_06045,2025-04,37.99446690011548,5,Small,0,Grocery,DIST_W_02,Favorable
OUT_06045,2025-06,55.610249393565255,1,Small,0,Grocery,DIST_W_02,Un-Favorable
OUT_06045,2025-07,22.49391415772492,1,Small,0,Grocery,DIST_W_02,Moderate
OUT_06045,2025-08,23.09578253023149,1,Small,0,Grocery,DIST_W_02,Moderate
OUT_06065,2023-01,171.2706488899488,3,Medium,2,Kiosk,DIST_W_01,Moderate
OUT_06065,2023-02,81.2309475267672,3,Medium,2,Kiosk,DIST_W_01,Moderate
OUT_06065,2023-03,224.617274780719,1,Medium,2,Kiosk,DIST_W_01,Moderate
OUT_06065,2023-05,118.99153821245996,4,Medium,2,Kiosk,DIST_W_01,Un-Favorable
OUT_06065,2023-06,99.1556731713688,1,Medium,2,Kiosk,DIST_W_01,Un-Favorable
OUT_06065,2023-07,24.38109667460221,1,Medium,2,Kiosk,DIST_W_01,Moderate
OUT_06065,2023-08,55.84166631290563,2,Medium,2,Kiosk,DIST_W_01,Moderate
OUT_06065,2023-09,173.1192036755937,2,Medium,2,Kiosk,DIST_W_01,Moderate
OUT_06065,2023-10,167.90843990191155,1,Medium,2,Kiosk,DIST_W_01,Moderate
OUT_06065,2023-11,153.97570252083193,1,Medium,2,Kiosk,DIST_W_01,Moderate
OUT_06065,2024-01,62.6953367660085,2,Medium,2,Kiosk,DIST_W_01,Moderate
OUT_06065,2024-02,210.207599075946,3,Medium,2,Kiosk,DIST_W_01,Moderate
OUT_06065,2024-05,60.80812583821758,3,Medium,2,Kiosk,DIST_W_01,Un-Favorable
OUT_06065,2024-06,116.4733439312911,2,Medium,2,Kiosk,DIST_W_01,Un-Favorable
OUT_06065,2024-07,217.52912138951868,1,Medium,2,Kiosk,DIST_W_01,Moderate
OUT_06065,2024-08,74.24584485282979,1,Medium,2,Kiosk,DIST_W_01,Moderate
OUT_06065,2024-09,154.6427500230178,2,Medium,2,Kiosk,DIST_W_01,Moderate
OUT_06065,2024-10,151.21449753253702,2,Medium,2,Kiosk,DIST_W_01,Moderate
OUT_06065,2024-12,80.41248959347499,2,Medium,2,Kiosk,DIST_W_01,Favorable
OUT_06065,2025-02,155.90040326036592,2,Medium,2,Kiosk,DIST_W_01,Moderate
OUT_06065,2025-03,217.2769787812553,1,Medium,2,Kiosk,DIST_W_01,Moderate
OUT_06065,2025-04,292.4844957973354,5,Medium,2,Kiosk,DIST_W_01,Favorable
OUT_06065,2025-05,111.93077101022502,3,Medium,2,Kiosk,DIST_W_01,Un-Favorable
OUT_06065,2025-06,84.93992585158959,1,Medium,2,Kiosk,DIST_W_01,Un-Favorable
OUT_06065,2025-07,36.86085881138754,1,Medium,2,Kiosk,DIST_W_01,Moderate
OUT_06065,2025-08,47.73808762299484,1,Medium,2,Kiosk,DIST_W_01,Moderate
OUT_06065,2025-11,142.01166077179062,1,Medium,2,Kiosk,DIST_W_01,Moderate
OUT_06091,2023-01,51.93075942703828,3,Small,0,SMMT,DIST_W_02,Moderate
OUT_06091,2023-04,101.48165226430235,4,Small,0,SMMT,DIST_W_02,Favorable
OUT_06091,2023-05,20.154725482813014,4,Small,0,SMMT,DIST_W_02,Un-Favorable
OUT_06091,2023-07,70.56549506708734,1,Small,0,SMMT,DIST_W_02,Moderate
OUT_06091,2023-09,90.03216423652007,2,Small,0,SMMT,DIST_W_02,Moderate
OUT_06091,2023-10,81.97529739002346,1,Small,0,SMMT,DIST_W_02,Moderate
OUT_06091,2023-11,72.12219215332236,1,Small,0,SMMT,DIST_W_02,Moderate
OUT_06091,2024-01,71.93274513215133,2,Small,0,SMMT,DIST_W_02,Moderate
OUT_06091,2024-02,27.51562630917745,3,Small,0,SMMT,DIST_W_02,Moderate
OUT_06091,2024-03,13.601174975134729,3,Small,0,SMMT,DIST_W_02,Moderate
OUT_06091,2024-05,7.579087145061951,3,Small,0,SMMT,DIST_W_02,Un-Favorable
OUT_06091,2024-06,46.05184273392441,2,Small,0,SMMT,DIST_W_02,Un-Favorable
OUT_06091,2024-07,82.25444640253946,1,Small,0,SMMT,DIST_W_02,Moderate
OUT_06091,2024-08,10.65141832813738,1,Small,0,SMMT,DIST_W_02,Moderate
OUT_06091,2025-02,28.61203069351193,2,Small,0,SMMT,DIST_W_02,Moderate
OUT_06091,2025-03,22.674426951347648,1,Small,0,SMMT,DIST_W_02,Moderate
OUT_06091,2025-06,40.71326777321437,1,Small,0,SMMT,DIST_W_02,Un-Favorable
OUT_06091,2025-07,16.045309135132214,1,Small,0,SMMT,DIST_W_02,Moderate
OUT_06091,2025-09,95.56623546396592,2,Small,0,SMMT,DIST_W_02,Moderate
OUT_06097,2023-01,562.1694824477463,3,Large,2,Kiosk,DIST_W_01,Moderate
OUT_06097,2023-02,595.6674253294373,3,Large,2,Kiosk,DIST_W_01,Moderate
OUT_06097,2023-04,811.4775847085892,4,Large,2,Kiosk,DIST_W_01,Favorable
OUT_06097,2023-05,398.1845320544664,4,Large,2,Kiosk,DIST_W_01,Un-Favorable
OUT_06097,2023-06,383.713437764538,1,Large,2,Kiosk,DIST_W_01,Un-Favorable
OUT_06097,2023-08,566.7755419807115,2,Large,2,Kiosk,DIST_W_01,Moderate
OUT_06097,2023-10,628.5806293361662,1,Large,2,Kiosk,DIST_W_01,Moderate
OUT_06097,2023-11,648.8640704089183,1,Large,2,Kiosk,DIST_W_01,Moderate
OUT_06097,2023-12,500.0421675196128,2,Large,2,Kiosk,DIST_W_01,Favorable
OUT_06097,2024-01,578.4571992497843,2,Large,2,Kiosk,DIST_W_01,Moderate
OUT_06097,2024-02,631.4814043821137,3,Large,2,Kiosk,DIST_W_01,Moderate
OUT_06097,2024-04,842.0492752078217,7,Large,2,Kiosk,DIST_W_01,Favorable
OUT_06097,2024-05,432.23829452378953,3,Large,2,Kiosk,DIST_W_01,Un-Favorable
OUT_06097,2024-06,389.2051494800246,2,Large,2,Kiosk,DIST_W_01,Un-Favorable
OUT_06097,2024-07,343.2333711370758,1,Large,2,Kiosk,DIST_W_01,Moderate
OUT_06097,2024-08,645.7451476134181,1,Large,2,Kiosk,DIST_W_01,Moderate
OUT_06097,2024-09,551.1207727022701,2,Large,2,Kiosk,DIST_W_01,Moderate
OUT_06097,2024-10,594.5856078094384,2,Large,2,Kiosk,DIST_W_01,Moderate
OUT_06097,2024-12,1052.824568055002,2,Large,2,Kiosk,DIST_W_01,Favorable
OUT_06097,2025-01,561.9180789181885,2,Large,2,Kiosk,DIST_W_01,Moderate
OUT_06097,2025-02,619.9936903110313,2,Large,2,Kiosk,DIST_W_01,Moderate
OUT_06097,2025-03,208.7073832028948,1,Large,2,Kiosk,DIST_W_01,Moderate
OUT_06097,2025-04,830.8191575486806,5,Large,2,Kiosk,DIST_W_01,Favorable
OUT_06097,2025-05,418.15033955175977,3,Large,2,Kiosk,DIST_W_01,Un-Favorable
OUT_06097,2025-07,498.66773837719495,1,Large,2,Kiosk,DIST_W_01,Moderate
OUT_06097,2025-08,686.5383252016811,1,Large,2,Kiosk,DIST_W_01,Moderate
OUT_06097,2025-09,588.9239851605892,2,Large,2,Kiosk,DIST_W_01,Moderate
OUT_06097,2025-11,618.0260421490078,1,Large,2,Kiosk,DIST_W_01,Moderate
OUT_06097,2025-12,804.3756265487085,2,Large,2,Kiosk,DIST_W_01,Favorable
OUT_06161,2023-01,199.5271731126653,3,Medium,2,Pharmacy,DIST_W_01,Moderate
OUT_06161,2023-02,52.24128587376784,3,Medium,2,Pharmacy,DIST_W_01,Moderate
OUT_06161,2023-03,189.7946384305159,1,Medium,2,Pharmacy,DIST_W_01,Moderate
OUT_06161,2023-04,238.11361110936696,4,Medium,2,Pharmacy,DIST_W_01,Favorable
OUT_06161,2023-05,157.71567157007354,4,Medium,2,Pharmacy,DIST_W_01,Un-Favorable
OUT_06161,2023-07,56.52155866233159,1,Medium,2,Pharmacy,DIST_W_01,Moderate
OUT_06161,2023-08,104.19980589490196,2,Medium,2,Pharmacy,DIST_W_01,Moderate
OUT_06161,2023-09,132.4021950435363,2,Medium,2,Pharmacy,DIST_W_01,Moderate
OUT_06161,2023-11,231.10154533702024,1,Medium,2,Pharmacy,DIST_W_01,Moderate
OUT_06161,2024-01,75.15253390751337,2,Medium,2,Pharmacy,DIST_W_01,Moderate
OUT_06161,2024-02,83.08802065524159,3,Medium,2,Pharmacy,DIST_W_01,Moderate
OUT_06161,2024-03,146.0018122674875,3,Medium,2,Pharmacy,DIST_W_01,Moderate
OUT_06161,2024-04,305.55763039757244,7,Medium,2,Pharmacy,DIST_W_01,Favorable
OUT_06161,2024-05,46.56019440292652,3,Medium,2,Pharmacy,DIST_W_01,Un-Favorable
OUT_06161,2024-07,147.1857321106234,1,Medium,2,Pharmacy,DIST_W_01,Moderate
OUT_06161,2024-08,50.428415333300926,1,Medium,2,Pharmacy,DIST_W_01,Moderate
OUT_06161,2024-09,69.05492471666957,2,Medium,2,Pharmacy,DIST_W_01,Moderate
OUT_06161,2024-10,119.1452292980844,2,Medium,2,Pharmacy,DIST_W_01,Moderate
OUT_06161,2024-11,163.3302394915447,1,Medium,2,Pharmacy,DIST_W_01,Moderate
OUT_06161,2024-12,115.31147790923296,2,Medium,2,Pharmacy,DIST_W_01,Favorable
OUT_06161,2025-01,125.84145375834072,2,Medium,2,Pharmacy,DIST_W_01,Moderate
OUT_06161,2025-02,194.11017878622252,2,Medium,2,Pharmacy,DIST_W_01,Moderate
OUT_06161,2025-06,143.89014626639363,1,Medium,2,Pharmacy,DIST_W_01,Un-Favorable
OUT_06161,2025-07,120.27186366257666,1,Medium,2,Pharmacy,DIST_W_01,Moderate
OUT_06161,2025-08,117.3742882409466,1,Medium,2,Pharmacy,DIST_W_01,Moderate
OUT_06161,2025-09,83.6287218277572,2,Medium,2,Pharmacy,DIST_W_01,Moderate
OUT_06161,2025-12,113.21603767258594,2,Medium,2,Pharmacy,DIST_W_01,Favorable
OUT_06193,2023-01,81.07209399195182,3,Medium,2,Bakery,DIST_W_02,Moderate
OUT_06193,2023-03,88.19411739089792,1,Medium,2,Bakery,DIST_W_02,Moderate
OUT_06193,2023-04,296.8285697898888,4,Medium,2,Bakery,DIST_W_02,Favorable
OUT_06193,2023-05,109.14024337707583,4,Medium,2,Bakery,DIST_W_02,Un-Favorable
OUT_06193,2023-06,133.5060412931576,1,Medium,2,Bakery,DIST_W_02,Un-Favorable
OUT_06193,2023-07,176.87511098524877,1,Medium,2,Bakery,DIST_W_02,Moderate
OUT_06193,2023-08,74.45268421739073,2,Medium,2,Bakery,DIST_W_02,Moderate
OUT_06193,2023-09,76.10367371603608,2,Medium,2,Bakery,DIST_W_02,Moderate
OUT_06193,2023-10,154.14369263035803,1,Medium,2,Bakery,DIST_W_02,Moderate
OUT_06193,2024-01,24.48817371838591,2,Medium,2,Bakery,DIST_W_02,Moderate
OUT_06193,2024-02,176.66429289305876,3,Medium,2,Bakery,DIST_W_02,Moderate
OUT_06193,2024-05,117.88861250384356,3,Medium,2,Bakery,DIST_W_02,Un-Favorable
OUT_06193,2024-06,125.24997233858832,2,Medium,2,Bakery,DIST_W_02,Un-Favorable
OUT_06193,2024-07,69.53690989939709,1,Medium,2,Bakery,DIST_W_02,Moderate
OUT_06193,2024-09,125.66690951670216,2,Medium,2,Bakery,DIST_W_02,Moderate
OUT_06193,2024-10,169.2364672438128,2,Medium,2,Bakery,DIST_W_02,Moderate
OUT_06193,2024-11,38.209723097855125,1,Medium,2,Bakery,DIST_W_02,Moderate
OUT_06193,2024-12,69.90853318023474,2,Medium,2,Bakery,DIST_W_02,Favorable
OUT_06193,2025-02,78.60480966953673,2,Medium,2,Bakery,DIST_W_02,Moderate
OUT_06193,2025-04,114.75735893646451,5,Medium,2,Bakery,DIST_W_02,Favorable
OUT_06193,2025-05,147.84672759041527,3,Medium,2,Bakery,DIST_W_02,Un-Favorable
OUT_06193,2025-06,124.53353600845942,1,Medium,2,Bakery,DIST_W_02,Un-Favorable
OUT_06193,2025-07,60.51811695271511,1,Medium,2,Bakery,DIST_W_02,Moderate
OUT_06193,2025-08,112.50840521139298,1,Medium,2,Bakery,DIST_W_02,Moderate
OUT_06193,2025-09,110.0417777330306,2,Medium,2,Bakery,DIST_W_02,Moderate
OUT_06193,2025-11,168.9933394040911,1,Medium,2,Bakery,DIST_W_02,Moderate
OUT_06193,2025-12,189.35097884298304,2,Medium,2,Bakery,DIST_W_02,Favorable
OUT_06235,2023-02,15.05847951497067,3,Small,0,Bakry,DIST_W_03,Moderate
OUT_06235,2023-04,28.4645339302647,4,Small,0,Bakry,DIST_W_03,Favorable
OUT_06235,2023-05,44.58428128429004,4,Small,0,Bakry,DIST_W_03,Un-Favorable
OUT_06235,2023-07,2.8442390542755875,1,Small,0,Bakry,DIST_W_03,Moderate
OUT_06235,2023-09,21.632080026660987,2,Small,0,Bakry,DIST_W_03,Moderate
OUT_06235,2024-01,64.31797526859413,2,Small,0,Bakry,DIST_W_03,Moderate
OUT_06235,2024-02,37.18753901416905,3,Small,0,Bakry,DIST_W_03,Moderate
OUT_06235,2024-03,65.74793233982882,3,Small,0,Bakry,DIST_W_03,Moderate
OUT_06235,2024-04,22.45064706627744,7,Small,0,Bakry,DIST_W_03,Favorable
OUT_06235,2024-11,10.044797910898158,1,Small,0,Bakry,DIST_W_03,Moderate
OUT_06235,2025-04,93.11370171972432,5,Small,0,Bakry,DIST_W_03,Favorable
OUT_06235,2025-05,11.641156141060865,3,Small,0,Bakry,DIST_W_03,Un-Favorable
OUT_06235,2025-09,2.858880688950362,2,Small,0,Bakry,DIST_W_03,Moderate
OUT_06235,2025-12,21.52702424181912,2,Small,0,Bakry,DIST_W_03,Favorable
OUT_06266,2023-02,109.56736917809503,3,Medium,1,SMMT,DIST_W_01,Moderate
OUT_06266,2023-03,65.0416744522964,1,Medium,1,SMMT,DIST_W_01,Moderate
OUT_06266,2023-04,123.92803942269424,4,Medium,1,SMMT,DIST_W_01,Favorable
OUT_06266,2023-06,97.79113969083468,1,Medium,1,SMMT,DIST_W_01,Un-Favorable
OUT_06266,2023-08,183.56769451548112,2,Medium,1,SMMT,DIST_W_01,Moderate
OUT_06266,2023-09,178.8049702681075,2,Medium,1,SMMT,DIST_W_01,Moderate
OUT_06266,2023-10,43.61161616113387,1,Medium,1,SMMT,DIST_W_01,Moderate
OUT_06266,2023-11,57.780123933186616,1,Medium,1,SMMT,DIST_W_01,Moderate
OUT_06266,2023-12,154.01051714375615,2,Medium,1,SMMT,DIST_W_01,Favorable
OUT_06266,2024-02,220.3690325359861,3,Medium,1,SMMT,DIST_W_01,Moderate
OUT_06266,2024-07,247.01699959788448,1,Medium,1,SMMT,DIST_W_01,Moderate
OUT_06266,2024-08,62.758366857477455,1,Medium,1,SMMT,DIST_W_01,Moderate
OUT_06266,2024-10,86.487262360345,2,Medium,1,SMMT,DIST_W_01,Moderate
OUT_06266,2024-11,78.34823869552072,1,Medium,1,SMMT,DIST_W_01,Moderate
OUT_06266,2025-03,203.5734736894672,1,Medium,1,SMMT,DIST_W_01,Moderate
OUT_06266,2025-04,168.96818699320744,5,Medium,1,SMMT,DIST_W_01,Favorable
OUT_06266,2025-06,113.23320695227764,1,Medium,1,SMMT,DIST_W_01,Un-Favorable
OUT_06266,2025-07,206.48771189235748,1,Medium,1,SMMT,DIST_W_01,Moderate
OUT_06266,2025-08,33.01376752302531,1,Medium,1,SMMT,DIST_W_01,Moderate
OUT_06266,2025-10,19.889339169888625,1,Medium,1,SMMT,DIST_W_01,Moderate
OUT_06266,2025-11,178.16046337550688,1,Medium,1,SMMT,DIST_W_01,Moderate
OUT_06266,2025-12,135.42586954430735,2,Medium,1,SMMT,DIST_W_01,Favorable
OUT_06277,2023-01,146.85175073130586,3,Medium,1,SMMT,DIST_W_01,Moderate
OUT_06277,2023-03,124.8449103014472,1,Medium,1,SMMT,DIST_W_01,Moderate
OUT_06277,2023-04,148.27974139142052,4,Medium,1,SMMT,DIST_W_01,Favorable
OUT_06277,2023-06,75.16604700452487,1,Medium,1,SMMT,DIST_W_01,Un-Favorable
OUT_06277,2023-07,164.42033738084552,1,Medium,1,SMMT,DIST_W_01,Moderate
OUT_06277,2023-08,213.12637792690177,2,Medium,1,SMMT,DIST_W_01,Moderate
OUT_06277,2023-09,153.33618823231552,2,Medium,1,SMMT,DIST_W_01,Moderate
OUT_06277,2023-10,214.30102960747945,1,Medium,1,SMMT,DIST_W_01,Moderate
OUT_06277,2023-11,130.95848480609084,1,Medium,1,SMMT,DIST_W_01,Moderate
OUT_06277,2024-03,251.7857271316805,3,Medium,1,SMMT,DIST_W_01,Moderate
OUT_06277,2024-05,115.84028787956464,3,Medium,1,SMMT,DIST_W_01,Un-Favorable
OUT_06277,2024-06,61.399133745617625,2,Medium,1,SMMT,DIST_W_01,Un-Favorable
OUT_06277,2024-09,91.2114627882742,2,Medium,1,SMMT,DIST_W_01,Moderate
OUT_06277,2024-10,191.4240274888164,2,Medium,1,SMMT,DIST_W_01,Moderate
OUT_06277,2024-11,189.63119215435847,1,Medium,1,SMMT,DIST_W_01,Moderate
OUT_06277,2024-12,90.49209003811472,2,Medium,1,SMMT,DIST_W_01,Favorable
OUT_06277,2025-02,210.64865290505404,2,Medium,1,SMMT,DIST_W_01,Moderate
OUT_06277,2025-03,62.00044626654616,1,Medium,1,SMMT,DIST_W_01,Moderate
OUT_06277,2025-06,103.96052469215778,1,Medium,1,SMMT,DIST_W_01,Un-Favorable
OUT_06277,2025-07,225.16180709692364,1,Medium,1,SMMT,DIST_W_01,Moderate
OUT_06277,2025-08,103.04083502557538,1,Medium,1,SMMT,DIST_W_01,Moderate
OUT_06277,2025-11,213.3661482629417,1,Medium,1,SMMT,DIST_W_01,Moderate
OUT_06277,2025-12,301.51443478678806,2,Medium,1,SMMT,DIST_W_01,Favorable
OUT_06287,2023-01,100.454138501124,3,Small,0,Bakery,DIST_W_01,Moderate
OUT_06287,2023-10,32.856714097672324,1,Small,0,Bakery,DIST_W_01,Moderate
OUT_06287,2023-12,122.72508076127332,2,Small,0,Bakery,DIST_W_01,Favorable
OUT_06287,2024-02,24.782586970129408,3,Small,0,Bakery,DIST_W_01,Moderate
OUT_06287,2024-05,7.799815096613624,3,Small,0,Bakery,DIST_W_01,Un-Favorable
OUT_06287,2024-06,27.367166204306407,2,Small,0,Bakery,DIST_W_01,Un-Favorable
OUT_06287,2024-07,40.40671463021009,1,Small,0,Bakery,DIST_W_01,Moderate
OUT_06287,2024-08,40.693668037066736,1,Small,0,Bakery,DIST_W_01,Moderate
OUT_06287,2024-09,3.805402262020994,2,Small,0,Bakery,DIST_W_01,Moderate
OUT_06287,2024-10,12.941774014099368,2,Small,0,Bakery,DIST_W_01,Moderate
OUT_06287,2025-02,28.882428150051275,2,Small,0,Bakery,DIST_W_01,Moderate
OUT_06287,2025-03,18.70142702402286,1,Small,0,Bakery,DIST_W_01,Moderate
OUT_06287,2025-05,8.221433417975831,3,Small,0,Bakery,DIST_W_01,Un-Favorable
OUT_06287,2025-10,28.368542082946817,1,Small,0,Bakery,DIST_W_01,Moderate
OUT_06291,2023-01,71.70499941812548,3,,0, Eatery ,DIST_W_02,Moderate
OUT_06291,2023-03,20.14853533216012,1,,0, Eatery ,DIST_W_02,Moderate
OUT_06291,2023-04,33.109386546678074,4,,0, Eatery ,DIST_W_02,Favorable
OUT_06291,2023-05,37.709164663406526,4,,0, Eatery ,DIST_W_02,Un-Favorable
OUT_06291,2023-06,44.1992812484218,1,,0, Eatery ,DIST_W_02,Un-Favorable
OUT_06291,2023-07,24.16941953101277,1,,0, Eatery ,DIST_W_02,Moderate
OUT_06291,2023-09,92.44626942114252,2,,0, Eatery ,DIST_W_02,Moderate
OUT_06291,2023-10,95.5588160303732,1,,0, Eatery ,DIST_W_02,Moderate
OUT_06291,2024-02,76.59963149335717,3,,0, Eatery ,DIST_W_02,Moderate
OUT_06291,2024-03,84.08484589101658,3,,0, Eatery ,DIST_W_02,Moderate
OUT_06291,2024-06,10.439618807009763,2,,0, Eatery ,DIST_W_02,Un-Favorable
OUT_06291,2024-08,27.11514358339669,1,,0, Eatery ,DIST_W_02,Moderate
OUT_06291,2024-09,16.273364314108015,2,,0, Eatery ,DIST_W_02,Moderate
OUT_06291,2024-10,79.65915665775039,2,,0, Eatery ,DIST_W_02,Moderate
OUT_06291,2024-12,128.29861559843943,2,,0, Eatery ,DIST_W_02,Favorable
OUT_06291,2025-01,12.174454909879897,2,,0, Eatery ,DIST_W_02,Moderate
OUT_06291,2025-02,37.72842873185661,2,,0, Eatery ,DIST_W_02,Moderate
OUT_06291,2025-04,126.9385363718441,5,,0, Eatery ,DIST_W_02,Favorable
OUT_06291,2025-09,25.929756077261818,2,,0, Eatery ,DIST_W_02,Moderate
OUT_06291,2025-10,15.041404733838627,1,,0, Eatery ,DIST_W_02,Moderate
OUT_06291,2025-12,114.62479717904134,2,,0, Eatery ,DIST_W_02,Favorable
OUT_06302,2023-01,53.55182801371918,3,Small,0,Grocery,DIST_W_02,Moderate
OUT_06302,2023-02,22.042631075271075,3,Small,0,Grocery,DIST_W_02,Moderate
OUT_06302,2023-03,95.91818103301374,1,Small,0,Grocery,DIST_W_02,Moderate
OUT_06302,2023-05,5.055196441760323,4,Small,0,Grocery,DIST_W_02,Un-Favorable
OUT_06302,2023-08,60.902632276178245,2,Small,0,Grocery,DIST_W_02,Moderate
OUT_06302,2023-09,73.39178797128086,2,Small,0,Grocery,DIST_W_02,Moderate
OUT_06302,2024-01,18.03029947516154,2,Small,0,Grocery,DIST_W_02,Moderate
OUT_06302,2024-02,17.9622855090573,3,Small,0,Grocery,DIST_W_02,Moderate
OUT_06302,2024-03,111.02231190534155,3,Small,0,Grocery,DIST_W_02,Moderate
OUT_06302,2024-04,120.65246046252808,7,Small,0,Grocery,DIST_W_02,Favorable
OUT_06302,2024-05,7.673614178649661,3,Small,0,Grocery,DIST_W_02,Un-Favorable
OUT_06302,2024-06,52.08822579253819,2,Small,0,Grocery,DIST_W_02,Un-Favorable
OUT_06302,2024-07,44.41761104578952,1,Small,0,Grocery,DIST_W_02,Moderate
OUT_06302,2024-08,22.693913437003552,1,Small,0,Grocery,DIST_W_02,Moderate
OUT_06302,2025-01,7.833402801520972,2,Small,0,Grocery,DIST_W_02,Moderate
OUT_06302,2025-02,30.10663354656189,2,Small,0,Grocery,DIST_W_02,Moderate
OUT_06302,2025-05,89.15906684328948,3,Small,0,Grocery,DIST_W_02,Un-Favorable
OUT_06302,2025-08,58.86932488181549,1,Small,0,Grocery,DIST_W_02,Moderate
OUT_06302,2025-12,22.015312102266048,2,Small,0,Grocery,DIST_W_02,Favorable
OUT_06315,2023-02,527.0486583725216,3,Large,4,SMMT,DIST_W_01,Moderate
OUT_06315,2023-03,577.2624580456921,1,Large,4,SMMT,DIST_W_01,Moderate
OUT_06315,2023-04,746.6215021560473,4,Large,4,SMMT,DIST_W_01,Favorable
OUT_06315,2023-05,217.2163795355881,4,Large,4,SMMT,DIST_W_01,Un-Favorable
OUT_06315,2023-06,393.30691237095874,1,Large,4,SMMT,DIST_W_01,Un-Favorable
OUT_06315,2023-09,661.5874187856016,2,Large,4,SMMT,DIST_W_01,Moderate
OUT_06315,2023-10,708.2981336905195,1,Large,4,SMMT,DIST_W_01,Moderate
OUT_06315,2023-11,505.98842461067807,1,Large,4,SMMT,DIST_W_01,Moderate
OUT_06315,2024-01,537.9341249376582,2,Large,4,SMMT,DIST_W_01,Moderate
OUT_06315,2024-02,594.1670145284905,3,Large,4,SMMT,DIST_W_01,Moderate
OUT_06315,2024-03,300.1915134570438,3,Large,4,SMMT,DIST_W_01,Moderate
OUT_06315,2024-04,952.5340013658904,7,Large,4,SMMT,DIST_W_01,Favorable
OUT_06315,2024-05,417.3459867630677,3,Large,4,SMMT,DIST_W_01,Un-Favorable
OUT_06315,2024-06,206.87854125699508,2,Large,4,SMMT,DIST_W_01,Un-Favorable
OUT_06315,2024-07,542.6337927413309,1,Large,4,SMMT,DIST_W_01,Moderate
OUT_06315,2024-08,552.159960475859,1,Large,4,SMMT,DIST_W_01,Moderate
OUT_06315,2024-09,645.5768955632695,2,Large,4,SMMT,DIST_W_01,Moderate
OUT_06315,2024-11,584.952169866736,1,Large,4,SMMT,DIST_W_01,Moderate
OUT_06315,2024-12,754.9108911440351,2,Large,4,SMMT,DIST_W_01,Favorable
OUT_06315,2025-01,531.8453869816734,2,Large,4,SMMT,DIST_W_01,Moderate
OUT_06315,2025-02,722.2804440609755,2,Large,4,SMMT,DIST_W_01,Moderate
OUT_06315,2025-03,281.2700526465924,1,Large,4,SMMT,DIST_W_01,Moderate
OUT_06315,2025-04,632.4583450736943,5,Large,4,SMMT,DIST_W_01,Favorable
OUT_06315,2025-05,373.4571402938238,3,Large,4,SMMT,DIST_W_01,Un-Favorable
OUT_06315,2025-07,259.7755871961889,1,Large,4,SMMT,DIST_W_01,Moderate
OUT_06315,2025-08,301.5676241337437,1,Large,4,SMMT,DIST_W_01,Moderate
OUT_06315,2025-09,554.653812038398,2,Large,4,SMMT,DIST_W_01,Moderate
OUT_06315,2025-11,563.3461219584209,1,Large,4,SMMT,DIST_W_01,Moderate
OUT_06315,2025-12,487.8676678659013,2,Large,4,SMMT,DIST_W_01,Favorable
OUT_06362,2023-01,2.9191096277174458,3,Small,1,Pharmacy,DIST_W_01,Moderate
OUT_06362,2023-05,11.83771697190414,4,Small,1,Pharmacy,DIST_W_01,Un-Favorable
OUT_06362,2023-06,9.508492272393724,1,Small,1,Pharmacy,DIST_W_01,Un-Favorable
OUT_06362,2023-08,19.91812408453328,2,Small,1,Pharmacy,DIST_W_01,Moderate
OUT_06362,2023-10,8.017081558549755,1,Small,1,Pharmacy,DIST_W_01,Moderate
OUT_06362,2023-11,35.707245237201114,1,Small,1,Pharmacy,DIST_W_01,Moderate
OUT_06362,2023-12,113.49807901535776,2,Small,1,Pharmacy,DIST_W_01,Favorable
OUT_06362,2024-02,82.4051812788268,3,Small,1,Pharmacy,DIST_W_01,Moderate
OUT_06362,2024-03,11.64600848370526,3,Small,1,Pharmacy,DIST_W_01,Moderate
OUT_06362,2024-06,36.34694719491465,2,Small,1,Pharmacy,DIST_W_01,Un-Favorable
OUT_06362,2024-11,12.881343255683158,1,Small,1,Pharmacy,DIST_W_01,Moderate
OUT_06362,2025-01,16.186546046900958,2,Small,1,Pharmacy,DIST_W_01,Moderate
OUT_06362,2025-02,41.96279542503012,2,Small,1,Pharmacy,DIST_W_01,Moderate
OUT_06362,2025-03,9.69188060106433,1,Small,1,Pharmacy,DIST_W_01,Moderate
OUT_06362,2025-04,17.224727191906503,5,Small,1,Pharmacy,DIST_W_01,Favorable
OUT_06362,2025-05,21.52604461277542,3,Small,1,Pharmacy,DIST_W_01,Un-Favorable
OUT_06362,2025-08,40.60744122732163,1,Small,1,Pharmacy,DIST_W_01,Moderate
OUT_06364,2023-01,93.05217867435908,3,Small,0,Pharmacy,DIST_W_01,Moderate
OUT_06364,2023-02,28.56858733406486,3,Small,0,Pharmacy,DIST_W_01,Moderate
OUT_06364,2023-05,29.70591355429708,4,Small,0,Pharmacy,DIST_W_01,Un-Favorable
OUT_06364,2023-06,15.606542474708087,1,Small,0,Pharmacy,DIST_W_01,Un-Favorable
OUT_06364,2023-07,89.98308489739868,1,Small,0,Pharmacy,DIST_W_01,Moderate
OUT_06364,2024-01,93.20424960347442,2,Small,0,Pharmacy,DIST_W_01,Moderate
OUT_06364,2024-04,61.3916194893215,7,Small,0,Pharmacy,DIST_W_01,Favorable
OUT_06364,2024-05,57.53725731766746,3,Small,0,Pharmacy,DIST_W_01,Un-Favorable
OUT_06364,2024-06,8.869427598222886,2,Small,0,Pharmacy,DIST_W_01,Un-Favorable
OUT_06364,2024-07,16.85474850563635,1,Small,0,Pharmacy,DIST_W_01,Moderate
OUT_06364,2024-09,17.705396065647275,2,Small,0,Pharmacy,DIST_W_01,Moderate
OUT_06364,2024-11,74.5453799704695,1,Small,0,Pharmacy,DIST_W_01,Moderate
OUT_06364,2024-12,47.966015635894976,2,Small,0,Pharmacy,DIST_W_01,Favorable
OUT_06364,2025-01,33.83382131548106,2,Small,0,Pharmacy,DIST_W_01,Moderate
OUT_06364,2025-03,65.20353878228833,1,Small,0,Pharmacy,DIST_W_01,Moderate
OUT_06364,2025-04,101.85258551429024,5,Small,0,Pharmacy,DIST_W_01,Favorable
OUT_06364,2025-05,31.1597643985206,3,Small,0,Pharmacy,DIST_W_01,Un-Favorable
OUT_06364,2025-08,10.541996235983165,1,Small,0,Pharmacy,DIST_W_01,Moderate
OUT_06364,2025-09,3.707953808178513,2,Small,0,Pharmacy,DIST_W_01,Moderate
OUT_06418,2023-01,93.19874542721836,3,Small,1,SMMT,DIST_W_01,Moderate
OUT_06418,2023-09,17.30562795131756,2,Small,1,SMMT,DIST_W_01,Moderate
OUT_06418,2023-10,28.06475068187256,1,Small,1,SMMT,DIST_W_01,Moderate
OUT_06418,2023-12,131.3731764816196,2,Small,1,SMMT,DIST_W_01,Favorable
OUT_06418,2024-01,21.93616950735554,2,Small,1,SMMT,DIST_W_01,Moderate
OUT_06418,2024-02,19.964491441304325,3,Small,1,SMMT,DIST_W_01,Moderate
OUT_06418,2024-03,11.84746861250921,3,Small,1,SMMT,DIST_W_01,Moderate
OUT_06418,2024-05,4.199779356230328,3,Small,1,SMMT,DIST_W_01,Un-Favorable
OUT_06418,2024-07,89.02348996915744,1,Small,1,SMMT,DIST_W_01,Moderate
OUT_06418,2024-08,48.121049350757154,1,Small,1,SMMT,DIST_W_01,Moderate
OUT_06418,2024-10,103.17395292772468,2,Small,1,SMMT,DIST_W_01,Moderate
OUT_06418,2024-12,98.17901353279451,2,Small,1,SMMT,DIST_W_01,Favorable
OUT_06418,2025-01,53.49612685061946,2,Small,1,SMMT,DIST_W_01,Moderate
OUT_06418,2025-02,8.5743441922953,2,Small,1,SMMT,DIST_W_01,Moderate
OUT_06418,2025-06,25.36433297739848,1,Small,1,SMMT,DIST_W_01,Un-Favorable
OUT_06418,2025-10,100.29915494255565,1,Small,1,SMMT,DIST_W_01,Moderate
OUT_06418,2025-11,74.38451521144327,1,Small,1,SMMT,DIST_W_01,Moderate
OUT_06418,2025-12,36.762567561721454,2,Small,1,SMMT,DIST_W_01,Favorable
OUT_06444,2023-01,28.439112163146,3,Small,0,Grocery,DIST_W_03,Moderate
OUT_06444,2023-02,82.72400501066011,3,Small,0,Grocery,DIST_W_03,Moderate
OUT_06444,2024-01,22.84391377965465,2,Small,0,Grocery,DIST_W_03,Moderate
OUT_06444,2024-02,85.17184120764361,3,Small,0,Grocery,DIST_W_03,Moderate
OUT_06444,2024-04,33.70385318761055,7,Small,0,Grocery,DIST_W_03,Favorable
OUT_06444,2024-07,64.60110481762297,1,Small,0,Grocery,DIST_W_03,Moderate
OUT_06444,2024-10,40.35681971453929,2,Small,0,Grocery,DIST_W_03,Moderate
OUT_06444,2024-11,105.87489772202498,1,Small,0,Grocery,DIST_W_03,Moderate
OUT_06444,2024-12,40.22150000711717,2,Small,0,Grocery,DIST_W_03,Favorable
OUT_06444,2025-01,21.450837161436,2,Small,0,Grocery,DIST_W_03,Moderate
OUT_06444,2025-04,33.79656050694105,5,Small,0,Grocery,DIST_W_03,Favorable
OUT_06444,2025-05,69.38267748340785,3,Small,0,Grocery,DIST_W_03,Un-Favorable
OUT_06444,2025-06,9.134747869941844,1,Small,0,Grocery,DIST_W_03,Un-Favorable
OUT_06444,2025-08,10.801253698903851,1,Small,0,Grocery,DIST_W_03,Moderate
OUT_06444,2025-09,39.71705205937709,2,Small,0,Grocery,DIST_W_03,Moderate
OUT_06444,2025-10,12.47336944853456,1,Small,0,Grocery,DIST_W_03,Moderate
OUT_06444,2025-12,116.12755548158394,2,Small,0,Grocery,DIST_W_03,Favorable
OUT_06448,2023-02,4.704412227607494,3,small,4,Pharmacy,DIST_W_02,Moderate
OUT_06448,2023-03,4.495916075321507,1,small,4,Pharmacy,DIST_W_02,Moderate
OUT_06448,2023-05,32.454447722396786,4,small,4,Pharmacy,DIST_W_02,Un-Favorable
OUT_06448,2023-08,81.10030433445982,2,small,4,Pharmacy,DIST_W_02,Moderate
OUT_06448,2023-09,26.36049512900956,2,small,4,Pharmacy,DIST_W_02,Moderate
OUT_06448,2023-10,23.25253498805317,1,small,4,Pharmacy,DIST_W_02,Moderate
OUT_06448,2023-12,85.31734230138979,2,small,4,Pharmacy,DIST_W_02,Favorable
OUT_06448,2024-01,46.13695603181718,2,small,4,Pharmacy,DIST_W_02,Moderate
OUT_06448,2024-04,29.964160992811827,7,small,4,Pharmacy,DIST_W_02,Favorable
OUT_06448,2024-07,82.67258015183096,1,small,4,Pharmacy,DIST_W_02,Moderate
OUT_06448,2024-08,85.30073955622535,1,small,4,Pharmacy,DIST_W_02,Moderate
OUT_06448,2024-09,8.939624726763405,2,small,4,Pharmacy,DIST_W_02,Moderate
OUT_06448,2024-10,96.11980520444604,2,small,4,Pharmacy,DIST_W_02,Moderate
OUT_06448,2025-02,69.53856436525521,2,small,4,Pharmacy,DIST_W_02,Moderate
OUT_06448,2025-04,57.96410380163984,5,small,4,Pharmacy,DIST_W_02,Favorable
OUT_06448,2025-05,2.742038269807284,3,small,4,Pharmacy,DIST_W_02,Un-Favorable
OUT_06448,2025-06,2.4114205874210444,1,small,4,Pharmacy,DIST_W_02,Un-Favorable
OUT_06448,2025-10,6.486817868940911,1,small,4,Pharmacy,DIST_W_02,Moderate
OUT_06448,2025-11,60.632444914136514,1,small,4,Pharmacy,DIST_W_02,Moderate
OUT_06453,2023-03,87.01707081886714,1,Small,0,SMMT,DIST_W_01,Moderate
OUT_06453,2023-05,3.376411037280453,4,Small,0,SMMT,DIST_W_01,Un-Favorable
OUT_06453,2023-06,62.67775483226727,1,Small,0,SMMT,DIST_W_01,Un-Favorable
OUT_06453,2023-10,27.1616539904365,1,Small,0,SMMT,DIST_W_01,Moderate
OUT_06453,2023-11,41.63433566070003,1,Small,0,SMMT,DIST_W_01,Moderate
OUT_06453,2023-12,8.073713542866544,2,Small,0,SMMT,DIST_W_01,Favorable
OUT_06453,2024-01,96.10144967819154,2,Small,0,SMMT,DIST_W_01,Moderate
OUT_06453,2024-02,16.610789478508245,3,Small,0,SMMT,DIST_W_01,Moderate
OUT_06453,2024-03,46.45437347133017,3,Small,0,SMMT,DIST_W_01,Moderate
OUT_06453,2024-04,7.881297222287261,7,Small,0,SMMT,DIST_W_01,Favorable
OUT_06453,2024-07,17.408627525104837,1,Small,0,SMMT,DIST_W_01,Moderate
OUT_06453,2024-08,8.1305372935013,1,Small,0,SMMT,DIST_W_01,Moderate
OUT_06453,2024-09,86.4217473081163,2,Small,0,SMMT,DIST_W_01,Moderate
OUT_06453,2024-10,21.778653886637947,2,Small,0,SMMT,DIST_W_01,Moderate
OUT_06453,2024-11,3.078315306622864,1,Small,0,SMMT,DIST_W_01,Moderate
OUT_06453,2025-01,20.811303241469787,2,Small,0,SMMT,DIST_W_01,Moderate
OUT_06453,2025-02,121.69220220980992,2,Small,0,SMMT,DIST_W_01,Moderate
OUT_06453,2025-03,71.93672071663025,1,Small,0,SMMT,DIST_W_01,Moderate
OUT_06453,2025-05,11.720792967331718,3,Small,0,SMMT,DIST_W_01,Un-Favorable
OUT_06453,2025-07,23.63443316227728,1,Small,0,SMMT,DIST_W_01,Moderate
OUT_06453,2025-10,85.9428915770863,1,Small,0,SMMT,DIST_W_01,Moderate
OUT_06453,2025-12,6.886961222076713,2,Small,0,SMMT,DIST_W_01,Favorable
OUT_06460,2023-08,87.04323302369868,2,Medium,1,Pharmacy,DIST_W_01,Moderate
OUT_06460,2023-09,213.4938450974752,2,Medium,1,Pharmacy,DIST_W_01,Moderate
OUT_06460,2023-10,20.502154633916643,1,Medium,1,Pharmacy,DIST_W_01,Moderate
OUT_06460,2023-11,213.0090367413659,1,Medium,1,Pharmacy,DIST_W_01,Moderate
OUT_06460,2024-01,179.59158746514782,2,Medium,1,Pharmacy,DIST_W_01,Moderate
OUT_06460,2024-02,162.860105145738,3,Medium,1,Pharmacy,DIST_W_01,Moderate
OUT_06460,2024-03,185.22701210041947,3,Medium,1,Pharmacy,DIST_W_01,Moderate
OUT_06460,2024-04,255.96149346095865,7,Medium,1,Pharmacy,DIST_W_01,Favorable
OUT_06460,2024-05,43.75472663487714,3,Medium,1,Pharmacy,DIST_W_01,Un-Favorable
OUT_06460,2024-06,38.62180933456468,2,Medium,1,Pharmacy,DIST_W_01,Un-Favorable
OUT_06460,2024-07,119.28351132528915,1,Medium,1,Pharmacy,DIST_W_01,Moderate
OUT_06460,2024-08,85.25006359145412,1,Medium,1,Pharmacy,DIST_W_01,Moderate
OUT_06460,2024-09,191.88173660556944,2,Medium,1,Pharmacy,DIST_W_01,Moderate
OUT_06460,2024-10,75.76361296638974,2,Medium,1,Pharmacy,DIST_W_01,Moderate
OUT_06460,2024-11,102.19328735210868,1,Medium,1,Pharmacy,DIST_W_01,Moderate
OUT_06460,2024-12,115.6748933785979,2,Medium,1,Pharmacy,DIST_W_01,Favorable
OUT_06460,2025-02,66.86500686676042,2,Medium,1,Pharmacy,DIST_W_01,Moderate
OUT_06460,2025-03,102.5047101918127,1,Medium,1,Pharmacy,DIST_W_01,Moderate
OUT_06460,2025-04,321.80920757386707,5,Medium,1,Pharmacy,DIST_W_01,Favorable
OUT_06460,2025-05,60.06187831853908,3,Medium,1,Pharmacy,DIST_W_01,Un-Favorable
OUT_06460,2025-06,129.20534582882993,1,Medium,1,Pharmacy,DIST_W_01,Un-Favorable
OUT_06460,2025-08,184.5495591920256,1,Medium,1,Pharmacy,DIST_W_01,Moderate
OUT_06460,2025-10,178.76378918359285,1,Medium,1,Pharmacy,DIST_W_01,Moderate
OUT_06460,2025-12,109.1295485217695,2,Medium,1,Pharmacy,DIST_W_01,Favorable
OUT_06497,2023-01,4.715238832587491,3,Small,0,Grocery,DIST_W_02,Moderate
OUT_06497,2023-02,22.398582095096323,3,Small,0,Grocery,DIST_W_02,Moderate
OUT_06497,2023-03,27.4779429396172,1,Small,0,Grocery,DIST_W_02,Moderate
OUT_06497,2023-04,34.34093427050683,4,Small,0,Grocery,DIST_W_02,Favorable
OUT_06497,2023-05,6.191749769535605,4,Small,0,Grocery,DIST_W_02,Un-Favorable
OUT_06497,2023-08,105.16226026562023,2,Small,0,Grocery,DIST_W_02,Moderate
OUT_06497,2023-09,90.40232159726948,2,Small,0,Grocery,DIST_W_02,Moderate
OUT_06497,2024-03,38.65211294773529,3,Small,0,Grocery,DIST_W_02,Moderate
OUT_06497,2024-04,121.8129685145112,7,Small,0,Grocery,DIST_W_02,Favorable
OUT_06497,2024-06,7.609838263896494,2,Small,0,Grocery,DIST_W_02,Un-Favorable
OUT_06497,2024-07,3.42205001410022,1,Small,0,Grocery,DIST_W_02,Moderate
OUT_06497,2024-09,25.41661872972385,2,Small,0,Grocery,DIST_W_02,Moderate
OUT_06497,2024-10,63.50449080516763,2,Small,0,Grocery,DIST_W_02,Moderate
OUT_06497,2024-11,19.9201350476713,1,Small,0,Grocery,DIST_W_02,Moderate
OUT_06497,2024-12,101.79062071669615,2,Small,0,Grocery,DIST_W_02,Favorable
OUT_06497,2025-02,22.693270731203715,2,Small,0,Grocery,DIST_W_02,Moderate
OUT_06497,2025-06,41.05077349623175,1,Small,0,Grocery,DIST_W_02,Un-Favorable
OUT_06497,2025-07,89.77558694406113,1,Small,0,Grocery,DIST_W_02,Moderate
OUT_06497,2025-09,20.77788686418873,2,Small,0,Grocery,DIST_W_02,Moderate
OUT_06497,2025-11,76.47316627205518,1,Small,0,Grocery,DIST_W_02,Moderate
OUT_06508,2023-01,10.098822884342518,3,small,2,Eatery,DIST_W_03,Moderate
OUT_06508,2023-04,49.586498923041006,4,small,2,Eatery,DIST_W_03,Favorable
OUT_06508,2023-05,12.251561540816487,4,small,2,Eatery,DIST_W_03,Un-Favorable
OUT_06508,2023-07,15.076578939473212,1,small,2,Eatery,DIST_W_03,Moderate
OUT_06508,2023-10,35.541462251586964,1,small,2,Eatery,DIST_W_03,Moderate
OUT_06508,2024-04,13.691579020806554,7,small,2,Eatery,DIST_W_03,Favorable
OUT_06508,2024-07,68.41373949556832,1,small,2,Eatery,DIST_W_03,Moderate
OUT_06508,2024-09,11.845932736700272,2,small,2,Eatery,DIST_W_03,Moderate
OUT_06508,2025-01,33.864622012861126,2,small,2,Eatery,DIST_W_03,Moderate
OUT_06508,2025-02,35.92143038012973,2,small,2,Eatery,DIST_W_03,Moderate
OUT_06508,2025-05,58.333330478735824,3,small,2,Eatery,DIST_W_03,Un-Favorable
OUT_06508,2025-06,13.491575131727622,1,small,2,Eatery,DIST_W_03,Un-Favorable
OUT_06508,2025-10,11.66040145404223,1,small,2,Eatery,DIST_W_03,Moderate
OUT_06508,2025-11,18.30784845677092,1,small,2,Eatery,DIST_W_03,Moderate
OUT_06523,2023-01,76.85446483880798,3,Medium,2,Hotel,DIST_W_02,Moderate
OUT_06523,2023-02,185.783977269814,3,Medium,2,Hotel,DIST_W_02,Moderate
OUT_06523,2023-03,162.85981579522263,1,Medium,2,Hotel,DIST_W_02,Moderate
OUT_06523,2023-04,345.01084948520605,4,Medium,2,Hotel,DIST_W_02,Favorable
OUT_06523,2023-06,28.661882888498194,1,Medium,2,Hotel,DIST_W_02,Un-Favorable
OUT_06523,2023-07,88.22702779473028,1,Medium,2,Hotel,DIST_W_02,Moderate
OUT_06523,2023-08,127.71924871398993,2,Medium,2,Hotel,DIST_W_02,Moderate
OUT_06523,2023-09,45.22710111221665,2,Medium,2,Hotel,DIST_W_02,Moderate
OUT_06523,2023-10,120.70010632629442,1,Medium,2,Hotel,DIST_W_02,Moderate
OUT_06523,2023-11,65.53177129571831,1,Medium,2,Hotel,DIST_W_02,Moderate
OUT_06523,2023-12,56.84608983887841,2,Medium,2,Hotel,DIST_W_02,Favorable
OUT_06523,2024-01,33.894578894814835,2,Medium,2,Hotel,DIST_W_02,Moderate
OUT_06523,2024-02,61.03724952132188,3,Medium,2,Hotel,DIST_W_02,Moderate
OUT_06523,2024-04,57.17511728461324,7,Medium,2,Hotel,DIST_W_02,Favorable
OUT_06523,2024-05,15.068047886758524,3,Medium,2,Hotel,DIST_W_02,Un-Favorable
OUT_06523,2024-06,141.47714226857804,2,Medium,2,Hotel,DIST_W_02,Un-Favorable
OUT_06523,2024-07,214.6996872438036,1,Medium,2,Hotel,DIST_W_02,Moderate
OUT_06523,2024-08,81.03418757979244,1,Medium,2,Hotel,DIST_W_02,Moderate
OUT_06523,2024-09,218.41479114795752,2,Medium,2,Hotel,DIST_W_02,Moderate
OUT_06523,2024-11,70.08007406894693,1,Medium,2,Hotel,DIST_W_02,Moderate
OUT_06523,2025-01,194.90289869010124,2,Medium,2,Hotel,DIST_W_02,Moderate
OUT_06523,2025-02,165.19878388081173,2,Medium,2,Hotel,DIST_W_02,Moderate
OUT_06523,2025-03,185.86754148268807,1,Medium,2,Hotel,DIST_W_02,Moderate
OUT_06523,2025-04,224.6169961767781,5,Medium,2,Hotel,DIST_W_02,Favorable
OUT_06523,2025-06,75.85292111022429,1,Medium,2,Hotel,DIST_W_02,Un-Favorable
OUT_06523,2025-07,98.47322842368294,1,Medium,2,Hotel,DIST_W_02,Moderate
OUT_06523,2025-09,187.84251327047195,2,Medium,2,Hotel,DIST_W_02,Moderate
OUT_06523,2025-10,77.20252808657493,1,Medium,2,Hotel,DIST_W_02,Moderate
OUT_06523,2025-12,315.577126262812,2,Medium,2,Hotel,DIST_W_02,Favorable
OUT_06561,2023-01,177.82726302654507,3,Medium,2,Pharmacy,DIST_W_01,Moderate
OUT_06561,2023-02,209.78169277172583,3,Medium,2,Pharmacy,DIST_W_01,Moderate
OUT_06561,2023-06,35.912184503122006,1,Medium,2,Pharmacy,DIST_W_01,Un-Favorable
OUT_06561,2023-07,26.578912638554108,1,Medium,2,Pharmacy,DIST_W_01,Moderate
OUT_06561,2023-10,87.75841507101174,1,Medium,2,Pharmacy,DIST_W_01,Moderate
OUT_06561,2023-12,160.1631403992532,2,Medium,2,Pharmacy,DIST_W_01,Favorable
OUT_06561,2024-01,92.27290368738262,2,Medium,2,Pharmacy,DIST_W_01,Moderate
OUT_06561,2024-02,68.63120610814327,3,Medium,2,Pharmacy,DIST_W_01,Moderate
OUT_06561,2024-03,48.68535007066061,3,Medium,2,Pharmacy,DIST_W_01,Moderate
OUT_06561,2024-04,182.528424497146,7,Medium,2,Pharmacy,DIST_W_01,Favorable
OUT_06561,2024-06,52.41090575528422,2,Medium,2,Pharmacy,DIST_W_01,Un-Favorable
OUT_06561,2024-07,39.72379118948431,1,Medium,2,Pharmacy,DIST_W_01,Moderate
OUT_06561,2024-08,142.51773232592873,1,Medium,2,Pharmacy,DIST_W_01,Moderate
OUT_06561,2024-10,64.78915207363542,2,Medium,2,Pharmacy,DIST_W_01,Moderate
OUT_06561,2024-11,122.1712952244529,1,Medium,2,Pharmacy,DIST_W_01,Moderate
OUT_06561,2024-12,70.48022893708608,2,Medium,2,Pharmacy,DIST_W_01,Favorable
OUT_06561,2025-01,118.93723950897068,2,Medium,2,Pharmacy,DIST_W_01,Moderate
OUT_06561,2025-03,219.711439119698,1,Medium,2,Pharmacy,DIST_W_01,Moderate
OUT_06561,2025-04,29.2847337498476,5,Medium,2,Pharmacy,DIST_W_01,Favorable
OUT_06561,2025-05,56.29676429244375,3,Medium,2,Pharmacy,DIST_W_01,Un-Favorable
OUT_06561,2025-06,121.78922058240238,1,Medium,2,Pharmacy,DIST_W_01,Un-Favorable
OUT_06561,2025-07,173.35384113059607,1,Medium,2,Pharmacy,DIST_W_01,Moderate
OUT_06561,2025-10,87.12657431903285,1,Medium,2,Pharmacy,DIST_W_01,Moderate
OUT_06561,2025-11,191.83525595889432,1,Medium,2,Pharmacy,DIST_W_01,Moderate
OUT_06561,2025-12,332.32694003317897,2,Medium,2,Pharmacy,DIST_W_01,Favorable
OUT_06578,2023-01,19.103901920803214,3,Small,0,Pharmacy,DIST_W_03,Moderate
OUT_06578,2023-02,65.28279412778338,3,Small,0,Pharmacy,DIST_W_03,Moderate
OUT_06578,2023-04,147.58810973383945,4,Small,0,Pharmacy,DIST_W_03,Favorable
OUT_06578,2023-05,53.01673438790646,4,Small,0,Pharmacy,DIST_W_03,Un-Favorable
OUT_06578,2023-06,21.195981021814585,1,Small,0,Pharmacy,DIST_W_03,Un-Favorable
OUT_06578,2023-07,73.84981416415174,1,Small,0,Pharmacy,DIST_W_03,Moderate
OUT_06578,2023-08,37.16242175117792,2,Small,0,Pharmacy,DIST_W_03,Moderate
OUT_06578,2023-12,12.898383035322468,2,Small,0,Pharmacy,DIST_W_03,Favorable
OUT_06578,2024-01,30.587782823203604,2,Small,0,Pharmacy,DIST_W_03,Moderate
OUT_06578,2024-03,31.68952793717083,3,Small,0,Pharmacy,DIST_W_03,Moderate
OUT_06578,2024-04,44.639102655547234,7,Small,0,Pharmacy,DIST_W_03,Favorable
OUT_06578,2024-05,12.99891625290078,3,Small,0,Pharmacy,DIST_W_03,Un-Favorable
OUT_06578,2024-06,49.25684581302455,2,Small,0,Pharmacy,DIST_W_03,Un-Favorable
OUT_06578,2024-08,75.82250828618628,1,Small,0,Pharmacy,DIST_W_03,Moderate
OUT_06578,2024-10,67.08057613667617,2,Small,0,Pharmacy,DIST_W_03,Moderate
OUT_06578,2024-11,86.31220511536291,1,Small,0,Pharmacy,DIST_W_03,Moderate
OUT_06578,2025-02,26.8542642521273,2,Small,0,Pharmacy,DIST_W_03,Moderate
OUT_06578,2025-03,25.239056070937405,1,Small,0,Pharmacy,DIST_W_03,Moderate
OUT_06578,2025-09,33.63286824321616,2,Small,0,Pharmacy,DIST_W_03,Moderate
OUT_06578,2025-10,73.72038449258517,1,Small,0,Pharmacy,DIST_W_03,Moderate
OUT_06583,2023-03,26.502709799554808,1,Small,0,Eatery,DIST_W_02,Moderate
OUT_06583,2023-06,22.321394746537766,1,Small,0,Eatery,DIST_W_02,Un-Favorable
OUT_06583,2023-09,88.4182986511398,2,Small,0,Eatery,DIST_W_02,Moderate
OUT_06583,2023-11,14.299825004238386,1,Small,0,Eatery,DIST_W_02,Moderate
OUT_06583,2024-02,41.78225928499748,3,Small,0,Eatery,DIST_W_02,Moderate
OUT_06583,2024-03,65.6908688263294,3,Small,0,Eatery,DIST_W_02,Moderate
OUT_06583,2024-05,15.816098124541838,3,Small,0,Eatery,DIST_W_02,Un-Favorable
OUT_06583,2024-08,100.20623683454032,1,Small,0,Eatery,DIST_W_02,Moderate
OUT_06583,2024-09,12.078736938264251,2,Small,0,Eatery,DIST_W_02,Moderate
OUT_06583,2024-10,22.97593727032532,2,Small,0,Eatery,DIST_W_02,Moderate
OUT_06583,2024-11,40.41300961472646,1,Small,0,Eatery,DIST_W_02,Moderate
OUT_06583,2025-04,28.646322284174897,5,Small,0,Eatery,DIST_W_02,Favorable
OUT_06583,2025-05,45.46922916992615,3,Small,0,Eatery,DIST_W_02,Un-Favorable
OUT_06583,2025-06,6.985810834305626,1,Small,0,Eatery,DIST_W_02,Un-Favorable
OUT_06583,2025-07,15.206792568301474,1,Small,0,Eatery,DIST_W_02,Moderate
OUT_06583,2025-10,76.7308619817685,1,Small,0,Eatery,DIST_W_02,Moderate
OUT_06583,2025-11,34.16545622642537,1,Small,0,Eatery,DIST_W_02,Moderate
OUT_06591,2023-03,90.26903612758578,1,,3,Bakery,DIST_W_03,Moderate
OUT_06591,2023-04,120.24127036476628,4,,3,Bakery,DIST_W_03,Favorable
OUT_06591,2023-06,14.352976962931487,1,,3,Bakery,DIST_W_03,Un-Favorable
OUT_06591,2023-07,5.565070696124451,1,,3,Bakery,DIST_W_03,Moderate
OUT_06591,2023-09,74.3008815681286,2,,3,Bakery,DIST_W_03,Moderate
OUT_06591,2023-11,65.87268353323965,1,,3,Bakery,DIST_W_03,Moderate
OUT_06591,2024-01,64.98830424351382,2,,3,Bakery,DIST_W_03,Moderate
OUT_06591,2024-02,34.07147232872956,3,,3,Bakery,DIST_W_03,Moderate
OUT_06591,2024-04,122.82661880101504,7,,3,Bakery,DIST_W_03,Favorable
OUT_06591,2024-06,20.59839146281618,2,,3,Bakery,DIST_W_03,Un-Favorable
OUT_06591,2024-07,8.329386893181443,1,,3,Bakery,DIST_W_03,Moderate
OUT_06591,2024-09,42.95148443544098,2,,3,Bakery,DIST_W_03,Moderate
OUT_06591,2024-12,135.11971418169483,2,,3,Bakery,DIST_W_03,Favorable
OUT_06591,2025-03,96.81098923336336,1,,3,Bakery,DIST_W_03,Moderate
OUT_06591,2025-07,65.22909629203639,1,,3,Bakery,DIST_W_03,Moderate
OUT_06591,2025-08,36.51998468110776,1,,3,Bakery,DIST_W_03,Moderate
OUT_06591,2025-10,11.822065829112605,1,,3,Bakery,DIST_W_03,Moderate
OUT_06600,2023-01,166.39638071084482,3,Medium,2,Eatery,DIST_W_01,Moderate
OUT_06600,2023-02,169.03326099196047,3,Medium,2,Eatery,DIST_W_01,Moderate
OUT_06600,2023-03,68.02807339480825,1,Medium,2,Eatery,DIST_W_01,Moderate
OUT_06600,2023-05,64.7116219685129,4,Medium,2,Eatery,DIST_W_01,Un-Favorable
OUT_06600,2023-07,82.84111256273273,1,Medium,2,Eatery,DIST_W_01,Moderate
OUT_06600,2023-08,54.40128774206119,2,Medium,2,Eatery,DIST_W_01,Moderate
OUT_06600,2023-09,47.19494015218845,2,Medium,2,Eatery,DIST_W_01,Moderate
OUT_06600,2023-10,225.45581605355608,1,Medium,2,Eatery,DIST_W_01,Moderate
OUT_06600,2023-11,118.21230122495548,1,Medium,2,Eatery,DIST_W_01,Moderate
OUT_06600,2023-12,72.45617616079285,2,Medium,2,Eatery,DIST_W_01,Favorable
OUT_06600,2024-01,212.10119546293177,2,Medium,2,Eatery,DIST_W_01,Moderate
OUT_06600,2024-02,183.96510075377623,3,Medium,2,Eatery,DIST_W_01,Moderate
OUT_06600,2024-04,308.9903564734547,7,Medium,2,Eatery,DIST_W_01,Favorable
OUT_06600,2024-05,37.05897783770435,3,Medium,2,Eatery,DIST_W_01,Un-Favorable
OUT_06600,2024-07,192.6772132890001,1,Medium,2,Eatery,DIST_W_01,Moderate
OUT_06600,2024-08,57.61115545091249,1,Medium,2,Eatery,DIST_W_01,Moderate
OUT_06600,2024-09,224.145554702498,2,Medium,2,Eatery,DIST_W_01,Moderate
OUT_06600,2024-10,63.64173482828714,2,Medium,2,Eatery,DIST_W_01,Moderate
OUT_06600,2024-11,147.5257068257849,1,Medium,2,Eatery,DIST_W_01,Moderate
OUT_06600,2024-12,298.9798701413498,2,Medium,2,Eatery,DIST_W_01,Favorable
OUT_06600,2025-03,232.2841463401351,1,Medium,2,Eatery,DIST_W_01,Moderate
OUT_06600,2025-04,291.44110300482515,5,Medium,2,Eatery,DIST_W_01,Favorable
OUT_06600,2025-06,37.46431366223317,1,Medium,2,Eatery,DIST_W_01,Un-Favorable
OUT_06600,2025-07,137.9527676164236,1,Medium,2,Eatery,DIST_W_01,Moderate
OUT_06600,2025-08,78.47427179451108,1,Medium,2,Eatery,DIST_W_01,Moderate
OUT_06600,2025-10,120.51079368845332,1,Medium,2,Eatery,DIST_W_01,Moderate
OUT_06600,2025-11,124.06771530461106,1,Medium,2,Eatery,DIST_W_01,Moderate
OUT_06626,2023-01,180.4264501668903,3,Medium,2,Pharmacy,DIST_W_01,Moderate
OUT_06626,2023-02,221.1593081186141,3,Medium,2,Pharmacy,DIST_W_01,Moderate
OUT_06626,2023-03,145.8142678887538,1,Medium,2,Pharmacy,DIST_W_01,Moderate
OUT_06626,2023-04,259.1273681279981,4,Medium,2,Pharmacy,DIST_W_01,Favorable
OUT_06626,2023-06,142.26429793090708,1,Medium,2,Pharmacy,DIST_W_01,Un-Favorable
OUT_06626,2023-07,85.23024527614729,1,Medium,2,Pharmacy,DIST_W_01,Moderate
OUT_06626,2023-08,42.03423921220237,2,Medium,2,Pharmacy,DIST_W_01,Moderate
OUT_06626,2023-09,173.06739508659604,2,Medium,2,Pharmacy,DIST_W_01,Moderate
OUT_06626,2023-11,21.10616273542396,1,Medium,2,Pharmacy,DIST_W_01,Moderate
OUT_06626,2023-12,103.75325339073302,2,Medium,2,Pharmacy,DIST_W_01,Favorable
OUT_06626,2024-01,170.54884795687465,2,Medium,2,Pharmacy,DIST_W_01,Moderate
OUT_06626,2024-02,145.14667717386362,3,Medium,2,Pharmacy,DIST_W_01,Moderate
OUT_06626,2024-03,229.7749748842492,3,Medium,2,Pharmacy,DIST_W_01,Moderate
OUT_06626,2024-04,199.6045128633017,7,Medium,2,Pharmacy,DIST_W_01,Favorable
OUT_06626,2024-06,23.10972735116192,2,Medium,2,Pharmacy,DIST_W_01,Un-Favorable
OUT_06626,2024-07,57.63527771912114,1,Medium,2,Pharmacy,DIST_W_01,Moderate
OUT_06626,2024-09,157.54057612371452,2,Medium,2,Pharmacy,DIST_W_01,Moderate
OUT_06626,2024-11,209.48955237403788,1,Medium,2,Pharmacy,DIST_W_01,Moderate
OUT_06626,2025-01,67.29906953155636,2,Medium,2,Pharmacy,DIST_W_01,Moderate
OUT_06626,2025-02,65.82311095396597,2,Medium,2,Pharmacy,DIST_W_01,Moderate
OUT_06626,2025-03,164.0325769711052,1,Medium,2,Pharmacy,DIST_W_01,Moderate
OUT_06626,2025-04,212.7731234013379,5,Medium,2,Pharmacy,DIST_W_01,Favorable
OUT_06626,2025-05,126.82563825243032,3,Medium,2,Pharmacy,DIST_W_01,Un-Favorable
OUT_06626,2025-07,62.31660015298549,1,Medium,2,Pharmacy,DIST_W_01,Moderate
OUT_06626,2025-09,76.03909818850747,2,Medium,2,Pharmacy,DIST_W_01,Moderate
OUT_06626,2025-10,254.5754833720703,1,Medium,2,Pharmacy,DIST_W_01,Moderate
OUT_06626,2025-12,346.0107808677901,2,Medium,2,Pharmacy,DIST_W_01,Favorable
OUT_06643,2023-04,91.58943513362128,4,Small,0,Grocery,DIST_W_01,Favorable
OUT_06643,2023-05,7.1372230440356255,4,Small,0,Grocery,DIST_W_01,Un-Favorable
OUT_06643,2023-06,65.04935685338337,1,Small,0,Grocery,DIST_W_01,Un-Favorable
OUT_06643,2023-07,14.471216951972943,1,Small,0,Grocery,DIST_W_01,Moderate
OUT_06643,2023-08,9.477436172335242,2,Small,0,Grocery,DIST_W_01,Moderate
OUT_06643,2024-02,8.689739534002722,3,Small,0,Grocery,DIST_W_01,Moderate
OUT_06643,2024-03,9.243985013581442,3,Small,0,Grocery,DIST_W_01,Moderate
OUT_06643,2024-04,145.80554607600408,7,Small,0,Grocery,DIST_W_01,Favorable
OUT_06643,2024-06,60.87196945343784,2,Small,0,Grocery,DIST_W_01,Un-Favorable
OUT_06643,2024-07,97.9402908439738,1,Small,0,Grocery,DIST_W_01,Moderate
OUT_06643,2024-10,13.760300766953234,2,Small,0,Grocery,DIST_W_01,Moderate
OUT_06643,2024-11,15.23734858947642,1,Small,0,Grocery,DIST_W_01,Moderate
OUT_06643,2025-01,18.17840203816035,2,Small,0,Grocery,DIST_W_01,Moderate
OUT_06643,2025-04,29.706318686412285,5,Small,0,Grocery,DIST_W_01,Favorable
OUT_06643,2025-06,16.02646952676213,1,Small,0,Grocery,DIST_W_01,Un-Favorable
OUT_06643,2025-08,24.377953292089938,1,Small,0,Grocery,DIST_W_01,Moderate
OUT_06643,2025-09,19.379203513596185,2,Small,0,Grocery,DIST_W_01,Moderate
OUT_06643,2025-11,92.10318209587456,1,Small,0,Grocery,DIST_W_01,Moderate
OUT_06643,2025-12,30.933222519001017,2,Small,0,Grocery,DIST_W_01,Favorable
OUT_06665,2023-02,92.63712863249106,3,Small,0,Bakry,DIST_W_02,Moderate
OUT_06665,2023-03,5.277256161843994,1,Small,0,Bakry,DIST_W_02,Moderate
OUT_06665,2023-04,6.087045120861856,4,Small,0,Bakry,DIST_W_02,Favorable
OUT_06665,2023-08,10.277716738025916,2,Small,0,Bakry,DIST_W_02,Moderate
OUT_06665,2023-09,91.28690155981693,2,Small,0,Bakry,DIST_W_02,Moderate
OUT_06665,2023-10,11.521493083941904,1,Small,0,Bakry,DIST_W_02,Moderate
OUT_06665,2023-11,33.28261947332503,1,Small,0,Bakry,DIST_W_02,Moderate
OUT_06665,2023-12,20.735372378397766,2,Small,0,Bakry,DIST_W_02,Favorable
OUT_06665,2024-02,6.294749138120997,3,Small,0,Bakry,DIST_W_02,Moderate
OUT_06665,2024-03,44.14262860289319,3,Small,0,Bakry,DIST_W_02,Moderate
OUT_06665,2024-05,51.923952987354674,3,Small,0,Bakry,DIST_W_02,Un-Favorable
OUT_06665,2024-06,14.851427728982287,2,Small,0,Bakry,DIST_W_02,Un-Favorable
OUT_06665,2024-07,14.474645093890558,1,Small,0,Bakry,DIST_W_02,Moderate
OUT_06665,2024-09,63.453432295175126,2,Small,0,Bakry,DIST_W_02,Moderate
OUT_06665,2024-11,14.229267950972629,1,Small,0,Bakry,DIST_W_02,Moderate
OUT_06665,2024-12,9.76587850246501,2,Small,0,Bakry,DIST_W_02,Favorable
OUT_06665,2025-02,29.93304937716308,2,Small,0,Bakry,DIST_W_02,Moderate
OUT_06665,2025-03,19.11063372102828,1,Small,0,Bakry,DIST_W_02,Moderate
OUT_06665,2025-07,74.61588694513888,1,Small,0,Bakry,DIST_W_02,Moderate
OUT_06665,2025-09,71.80459790597072,2,Small,0,Bakry,DIST_W_02,Moderate
OUT_06665,2025-10,77.35898820001219,1,Small,0,Bakry,DIST_W_02,Moderate
OUT_06671,2023-02,25.85365793078024,3,Small,0,Grocery,DIST_W_03,Moderate
OUT_06671,2023-03,21.205652864415256,1,Small,0,Grocery,DIST_W_03,Moderate
OUT_06671,2023-04,118.38542804163814,4,Small,0,Grocery,DIST_W_03,Favorable
OUT_06671,2023-05,17.3810331919677,4,Small,0,Grocery,DIST_W_03,Un-Favorable
OUT_06671,2023-06,14.806602643826954,1,Small,0,Grocery,DIST_W_03,Un-Favorable
OUT_06671,2023-07,36.88495159640121,1,Small,0,Grocery,DIST_W_03,Moderate
OUT_06671,2023-08,10.11301600912246,2,Small,0,Grocery,DIST_W_03,Moderate
OUT_06671,2024-04,24.543882125921154,7,Small,0,Grocery,DIST_W_03,Favorable
OUT_06671,2024-05,39.49788931051225,3,Small,0,Grocery,DIST_W_03,Un-Favorable
OUT_06671,2024-07,71.95993116544624,1,Small,0,Grocery,DIST_W_03,Moderate
OUT_06671,2024-08,23.25016783672117,1,Small,0,Grocery,DIST_W_03,Moderate
OUT_06671,2024-11,90.6959478497606,1,Small,0,Grocery,DIST_W_03,Moderate
OUT_06671,2025-01,11.319171028880312,2,Small,0,Grocery,DIST_W_03,Moderate
OUT_06671,2025-03,75.42865779808191,1,Small,0,Grocery,DIST_W_03,Moderate
OUT_06671,2025-06,18.61821914592772,1,Small,0,Grocery,DIST_W_03,Un-Favorable
OUT_06671,2025-07,29.857697409781803,1,Small,0,Grocery,DIST_W_03,Moderate
OUT_06671,2025-09,15.597944239670946,2,Small,0,Grocery,DIST_W_03,Moderate
OUT_06671,2025-12,89.08378680099156,2,Small,0,Grocery,DIST_W_03,Favorable
OUT_06704,2023-02,78.03558558956655,3,Medium,1,SMMT,DIST_W_03,Moderate
OUT_06704,2023-05,28.969564452762405,4,Medium,1,SMMT,DIST_W_03,Un-Favorable
OUT_06704,2023-07,230.48234693708824,1,Medium,1,SMMT,DIST_W_03,Moderate
OUT_06704,2023-08,24.063706877064355,2,Medium,1,SMMT,DIST_W_03,Moderate
OUT_06704,2023-09,54.90698507667538,2,Medium,1,SMMT,DIST_W_03,Moderate
OUT_06704,2023-10,136.03754825649108,1,Medium,1,SMMT,DIST_W_03,Moderate
OUT_06704,2023-11,64.65103162249166,1,Medium,1,SMMT,DIST_W_03,Moderate
OUT_06704,2023-12,12.397763510658525,2,Medium,1,SMMT,DIST_W_03,Favorable
OUT_06704,2024-02,85.40089056962096,3,Medium,1,SMMT,DIST_W_03,Moderate
OUT_06704,2024-03,220.7609668128582,3,Medium,1,SMMT,DIST_W_03,Moderate
OUT_06704,2024-04,154.0218074671727,7,Medium,1,SMMT,DIST_W_03,Favorable
OUT_06704,2024-05,103.2817166520059,3,Medium,1,SMMT,DIST_W_03,Un-Favorable
OUT_06704,2024-07,157.6394220769929,1,Medium,1,SMMT,DIST_W_03,Moderate
OUT_06704,2024-08,164.79435371305294,1,Medium,1,SMMT,DIST_W_03,Moderate
OUT_06704,2024-09,158.60585360861015,2,Medium,1,SMMT,DIST_W_03,Moderate
OUT_06704,2024-10,185.80421946586927,2,Medium,1,SMMT,DIST_W_03,Moderate
OUT_06704,2024-11,202.26144069089503,1,Medium,1,SMMT,DIST_W_03,Moderate
OUT_06704,2024-12,119.13497664152328,2,Medium,1,SMMT,DIST_W_03,Favorable
OUT_06704,2025-01,61.66202441069852,2,Medium,1,SMMT,DIST_W_03,Moderate
OUT_06704,2025-02,59.69015782353968,2,Medium,1,SMMT,DIST_W_03,Moderate
OUT_06704,2025-04,331.0272974105648,5,Medium,1,SMMT,DIST_W_03,Favorable
OUT_06704,2025-06,13.289628092309398,1,Medium,1,SMMT,DIST_W_03,Un-Favorable
OUT_06704,2025-07,93.53682291477872,1,Medium,1,SMMT,DIST_W_03,Moderate
OUT_06704,2025-08,178.10886830757323,1,Medium,1,SMMT,DIST_W_03,Moderate
OUT_06704,2025-10,134.28544597943394,1,Medium,1,SMMT,DIST_W_03,Moderate
OUT_06704,2025-11,212.413235345568,1,Medium,1,SMMT,DIST_W_03,Moderate
OUT_06704,2025-12,306.1491183487308,2,Medium,1,SMMT,DIST_W_03,Favorable
OUT_06732,2023-01,100.96730253958049,3,Small,0,SMMT,DIST_W_01,Moderate
OUT_06732,2023-04,7.299378061685954,4,Small,0,SMMT,DIST_W_01,Favorable
OUT_06732,2023-05,11.110727625652316,4,Small,0,SMMT,DIST_W_01,Un-Favorable
OUT_06732,2023-07,25.40377792451784,1,Small,0,SMMT,DIST_W_01,Moderate
OUT_06732,2024-03,14.881866433674457,3,Small,0,SMMT,DIST_W_01,Moderate
OUT_06732,2024-04,46.151324905514606,7,Small,0,SMMT,DIST_W_01,Favorable
OUT_06732,2024-08,35.14933105262583,1,Small,0,SMMT,DIST_W_01,Moderate
OUT_06732,2024-10,9.293945209870987,2,Small,0,SMMT,DIST_W_01,Moderate
OUT_06732,2024-12,-2.849644089153898,2,Small,0,SMMT,DIST_W_01,Favorable
OUT_06732,2025-03,23.17812269139465,1,Small,0,SMMT,DIST_W_01,Moderate
OUT_06732,2025-08,7.897163825114887,1,Small,0,SMMT,DIST_W_01,Moderate
OUT_06732,2025-09,22.9192429870494,2,Small,0,SMMT,DIST_W_01,Moderate
OUT_06732,2025-10,25.09897002604844,1,Small,0,SMMT,DIST_W_01,Moderate
OUT_06737,2023-02,30.274673616534788,3,Small,0,Eatery,DIST_W_01,Moderate
OUT_06737,2023-04,103.46288595853188,4,Small,0,Eatery,DIST_W_01,Favorable
OUT_06737,2023-07,25.16258801056562,1,Small,0,Eatery,DIST_W_01,Moderate
OUT_06737,2023-09,5.146283477551727,2,Small,0,Eatery,DIST_W_01,Moderate
OUT_06737,2023-11,39.88810917357011,1,Small,0,Eatery,DIST_W_01,Moderate
OUT_06737,2024-02,11.160510255343896,3,Small,0,Eatery,DIST_W_01,Moderate
OUT_06737,2024-05,10.404845343070503,3,Small,0,Eatery,DIST_W_01,Un-Favorable
OUT_06737,2024-06,52.498607249596375,2,Small,0,Eatery,DIST_W_01,Un-Favorable
OUT_06737,2024-07,14.71844139049227,1,Small,0,Eatery,DIST_W_01,Moderate
OUT_06737,2024-08,37.35147244446208,1,Small,0,Eatery,DIST_W_01,Moderate
OUT_06737,2024-09,18.66187531022421,2,Small,0,Eatery,DIST_W_01,Moderate
OUT_06737,2024-10,28.124600808361865,2,Small,0,Eatery,DIST_W_01,Moderate
OUT_06737,2025-04,112.99627954020602,5,Small,0,Eatery,DIST_W_01,Favorable
OUT_06737,2025-05,53.484054128007465,3,Small,0,Eatery,DIST_W_01,Un-Favorable
OUT_06737,2025-06,60.80382477309125,1,Small,0,Eatery,DIST_W_01,Un-Favorable
OUT_06737,2025-10,6.553346593247389,1,Small,0,Eatery,DIST_W_01,Moderate
OUT_06738,2023-03,3.257556061747211,1,Small,0,Hotel,DIST_W_03,Moderate
OUT_06738,2023-04,103.08344831973945,4,Small,0,Hotel,DIST_W_03,Favorable
OUT_06738,2023-08,9.6556967300802,2,Small,0,Hotel,DIST_W_03,Moderate
OUT_06738,2023-09,45.8648640381905,2,Small,0,Hotel,DIST_W_03,Moderate
OUT_06738,2023-10,10.34099633455112,1,Small,0,Hotel,DIST_W_03,Moderate
OUT_06738,2023-12,14.866886183969871,2,Small,0,Hotel,DIST_W_03,Favorable
OUT_06738,2024-01,67.44697476398464,2,Small,0,Hotel,DIST_W_03,Moderate
OUT_06738,2024-02,17.609428439760674,3,Small,0,Hotel,DIST_W_03,Moderate
OUT_06738,2024-03,16.083336318263573,3,Small,0,Hotel,DIST_W_03,Moderate
OUT_06738,2024-05,24.624899191593247,3,Small,0,Hotel,DIST_W_03,Un-Favorable
OUT_06738,2024-06,10.292150160637211,2,Small,0,Hotel,DIST_W_03,Un-Favorable
OUT_06738,2024-09,57.60302053182805,2,Small,0,Hotel,DIST_W_03,Moderate
OUT_06738,2024-10,10.275578582013356,2,Small,0,Hotel,DIST_W_03,Moderate
OUT_06738,2024-12,135.0090386147063,2,Small,0,Hotel,DIST_W_03,Favorable
OUT_06738,2025-06,3.5028187363141474,1,Small,0,Hotel,DIST_W_03,Un-Favorable
OUT_06738,2025-07,60.08795566112884,1,Small,0,Hotel,DIST_W_03,Moderate
OUT_06738,2025-10,65.68728567356385,1,Small,0,Hotel,DIST_W_03,Moderate
OUT_06745,2023-01,163.07920853586288,3,Medium,2,Bakery,DIST_W_03,Moderate
OUT_06745,2023-02,116.4598155073537,3,Medium,2,Bakery,DIST_W_03,Moderate
OUT_06745,2023-03,49.10252959999709,1,Medium,2,Bakery,DIST_W_03,Moderate
OUT_06745,2023-05,85.31977378072916,4,Medium,2,Bakery,DIST_W_03,Un-Favorable
OUT_06745,2023-06,114.73455139699144,1,Medium,2,Bakery,DIST_W_03,Un-Favorable
OUT_06745,2023-07,75.97565924609296,1,Medium,2,Bakery,DIST_W_03,Moderate
OUT_06745,2023-09,160.02875392872738,2,Medium,2,Bakery,DIST_W_03,Moderate
OUT_06745,2023-10,29.247414478339948,1,Medium,2,Bakery,DIST_W_03,Moderate
OUT_06745,2023-11,72.15849577438891,1,Medium,2,Bakery,DIST_W_03,Moderate
OUT_06745,2023-12,88.07389214110351,2,Medium,2,Bakery,DIST_W_03,Favorable
OUT_06745,2024-01,225.44654268323032,2,Medium,2,Bakery,DIST_W_03,Moderate
OUT_06745,2024-02,51.14784946670273,3,Medium,2,Bakery,DIST_W_03,Moderate
OUT_06745,2024-04,129.64153707351235,7,Medium,2,Bakery,DIST_W_03,Favorable
OUT_06745,2024-05,122.7867806574055,3,Medium,2,Bakery,DIST_W_03,Un-Favorable
OUT_06745,2024-06,144.41242256628215,2,Medium,2,Bakery,DIST_W_03,Un-Favorable
OUT_06745,2024-07,106.76483378742785,1,Medium,2,Bakery,DIST_W_03,Moderate
OUT_06745,2024-08,54.87058362229927,1,Medium,2,Bakery,DIST_W_03,Moderate
OUT_06745,2024-09,207.35476904444937,2,Medium,2,Bakery,DIST_W_03,Moderate
OUT_06745,2024-12,117.90047244080712,2,Medium,2,Bakery,DIST_W_03,Favorable
OUT_06745,2025-01,87.7386283905402,2,Medium,2,Bakery,DIST_W_03,Moderate
OUT_06745,2025-03,70.74198542575014,1,Medium,2,Bakery,DIST_W_03,Moderate
OUT_06745,2025-04,116.24609978845002,5,Medium,2,Bakery,DIST_W_03,Favorable
OUT_06745,2025-07,219.7044965871036,1,Medium,2,Bakery,DIST_W_03,Moderate
OUT_06745,2025-08,234.9976609743177,1,Medium,2,Bakery,DIST_W_03,Moderate
OUT_06745,2025-09,149.79025036449028,2,Medium,2,Bakery,DIST_W_03,Moderate
OUT_06745,2025-10,23.603780590067284,1,Medium,2,Bakery,DIST_W_03,Moderate
OUT_06745,2025-12,268.0632825786799,2,Medium,2,Bakery,DIST_W_03,Favorable
OUT_06784,2023-01,164.13019772182233,3,Medium,1,Bakery,DIST_W_02,Moderate
OUT_06784,2023-02,67.0485273200007,3,Medium,1,Bakery,DIST_W_02,Moderate
OUT_06784,2023-03,169.4762908603549,1,Medium,1,Bakery,DIST_W_02,Moderate
OUT_06784,2023-04,237.3629575309984,4,Medium,1,Bakery,DIST_W_02,Favorable
OUT_06784,2023-06,14.279215012898298,1,Medium,1,Bakery,DIST_W_02,Un-Favorable
OUT_06784,2023-10,130.71260024536804,1,Medium,1,Bakery,DIST_W_02,Moderate
OUT_06784,2023-11,204.0170946142244,1,Medium,1,Bakery,DIST_W_02,Moderate
OUT_06784,2023-12,134.07027855528784,2,Medium,1,Bakery,DIST_W_02,Favorable
OUT_06784,2024-01,241.99333770882103,2,Medium,1,Bakery,DIST_W_02,Moderate
OUT_06784,2024-03,109.6323953348555,3,Medium,1,Bakery,DIST_W_02,Moderate
OUT_06784,2024-05,128.53219687636943,3,Medium,1,Bakery,DIST_W_02,Un-Favorable
OUT_06784,2024-06,9.037973995661478,2,Medium,1,Bakery,DIST_W_02,Un-Favorable
OUT_06784,2024-07,153.99115318113374,1,Medium,1,Bakery,DIST_W_02,Moderate
OUT_06784,2024-08,50.33100328106411,1,Medium,1,Bakery,DIST_W_02,Moderate
OUT_06784,2024-09,34.703574438418435,2,Medium,1,Bakery,DIST_W_02,Moderate
OUT_06784,2024-10,196.16547324552783,2,Medium,1,Bakery,DIST_W_02,Moderate
OUT_06784,2025-01,125.08348490377652,2,Medium,1,Bakery,DIST_W_02,Moderate
OUT_06784,2025-02,181.49001606415544,2,Medium,1,Bakery,DIST_W_02,Moderate
OUT_06784,2025-03,178.65510082892567,1,Medium,1,Bakery,DIST_W_02,Moderate
OUT_06784,2025-05,93.5570882008444,3,Medium,1,Bakery,DIST_W_02,Un-Favorable
OUT_06784,2025-06,42.84347352152358,1,Medium,1,Bakery,DIST_W_02,Un-Favorable
OUT_06784,2025-07,142.45444932359715,1,Medium,1,Bakery,DIST_W_02,Moderate
OUT_06784,2025-08,27.573547604594445,1,Medium,1,Bakery,DIST_W_02,Moderate
OUT_06784,2025-09,244.3109769346072,2,Medium,1,Bakery,DIST_W_02,Moderate
OUT_06784,2025-10,60.930515975226434,1,Medium,1,Bakery,DIST_W_02,Moderate
OUT_06784,2025-12,316.78211995926483,2,Medium,1,Bakery,DIST_W_02,Favorable
OUT_06803,2023-01,97.0198591491424,3,Medium,2,Bakery,DIST_W_03,Moderate
OUT_06803,2023-03,211.1200236068761,1,Medium,2,Bakery,DIST_W_03,Moderate
OUT_06803,2023-04,224.4963732079783,4,Medium,2,Bakery,DIST_W_03,Favorable
OUT_06803,2023-05,122.72616107085672,4,Medium,2,Bakery,DIST_W_03,Un-Favorable
OUT_06803,2023-07,41.9763824712945,1,Medium,2,Bakery,DIST_W_03,Moderate
OUT_06803,2023-08,198.01406494888204,2,Medium,2,Bakery,DIST_W_03,Moderate
OUT_06803,2023-09,70.28197918780882,2,Medium,2,Bakery,DIST_W_03,Moderate
OUT_06803,2023-10,183.47609512291584,1,Medium,2,Bakery,DIST_W_03,Moderate
OUT_06803,2023-11,193.0956848493947,1,Medium,2,Bakery,DIST_W_03,Moderate
OUT_06803,2023-12,326.54137382671104,2,Medium,2,Bakery,DIST_W_03,Favorable
OUT_06803,2024-02,254.1836294022387,3,Medium,2,Bakery,DIST_W_03,Moderate
OUT_06803,2024-03,182.15043872642732,3,Medium,2,Bakery,DIST_W_03,Moderate
OUT_06803,2024-04,342.48784697870923,7,Medium,2,Bakery,DIST_W_03,Favorable
OUT_06803,2024-05,121.47176570682808,3,Medium,2,Bakery,DIST_W_03,Un-Favorable
OUT_06803,2024-06,137.92574204006323,2,Medium,2,Bakery,DIST_W_03,Un-Favorable
OUT_06803,2024-08,104.04979230463968,1,Medium,2,Bakery,DIST_W_03,Moderate
OUT_06803,2024-09,108.64696335586676,2,Medium,2,Bakery,DIST_W_03,Moderate
OUT_06803,2024-10,87.24617501472436,2,Medium,2,Bakery,DIST_W_03,Moderate
OUT_06803,2024-11,52.2233476808316,1,Medium,2,Bakery,DIST_W_03,Moderate
OUT_06803,2024-12,327.9270322851622,2,Medium,2,Bakery,DIST_W_03,Favorable
OUT_06803,2025-03,83.83265076384538,1,Medium,2,Bakery,DIST_W_03,Moderate
OUT_06803,2025-04,93.46698535607128,5,Medium,2,Bakery,DIST_W_03,Favorable
OUT_06803,2025-05,78.51671968527954,3,Medium,2,Bakery,DIST_W_03,Un-Favorable
OUT_06803,2025-07,116.6773964191266,1,Medium,2,Bakery,DIST_W_03,Moderate
OUT_06803,2025-08,154.27169248808022,1,Medium,2,Bakery,DIST_W_03,Moderate
OUT_06803,2025-09,99.40303681668983,2,Medium,2,Bakery,DIST_W_03,Moderate
OUT_06803,2025-10,68.40605613634094,1,Medium,2,Bakery,DIST_W_03,Moderate
OUT_06803,2025-12,305.7058641265712,2,Medium,2,Bakery,DIST_W_03,Favorable
OUT_06813,2023-01,23.71575752934143,3,Small,0,Grocery,DIST_W_02,Moderate
OUT_06813,2023-04,8.44389047022109,4,Small,0,Grocery,DIST_W_02,Favorable
OUT_06813,2023-05,21.3120234405453,4,Small,0,Grocery,DIST_W_02,Un-Favorable
OUT_06813,2023-08,18.80713839686161,2,Small,0,Grocery,DIST_W_02,Moderate
OUT_06813,2023-09,12.744473389793848,2,Small,0,Grocery,DIST_W_02,Moderate
OUT_06813,2023-10,39.329340346669575,1,Small,0,Grocery,DIST_W_02,Moderate
OUT_06813,2023-11,89.14574416344848,1,Small,0,Grocery,DIST_W_02,Moderate
OUT_06813,2023-12,71.58250025651725,2,Small,0,Grocery,DIST_W_02,Favorable
OUT_06813,2024-02,82.14189112627949,3,Small,0,Grocery,DIST_W_02,Moderate
OUT_06813,2024-03,20.97446902358019,3,Small,0,Grocery,DIST_W_02,Moderate
OUT_06813,2024-04,122.58963123835544,7,Small,0,Grocery,DIST_W_02,Favorable
OUT_06813,2024-05,16.547259503234102,3,Small,0,Grocery,DIST_W_02,Un-Favorable
OUT_06813,2024-06,23.27469992858684,2,Small,0,Grocery,DIST_W_02,Un-Favorable
OUT_06813,2024-07,36.20909507101092,1,Small,0,Grocery,DIST_W_02,Moderate
OUT_06813,2024-11,31.87709551722466,1,Small,0,Grocery,DIST_W_02,Moderate
OUT_06813,2024-12,45.72943832794406,2,Small,0,Grocery,DIST_W_02,Favorable
OUT_06813,2025-02,99.87740651476568,2,Small,0,Grocery,DIST_W_02,Moderate
OUT_06813,2025-03,92.5554243947625,1,Small,0,Grocery,DIST_W_02,Moderate
OUT_06813,2025-04,57.16384018820205,5,Small,0,Grocery,DIST_W_02,Favorable
OUT_06813,2025-05,3.444233752711322,3,Small,0,Grocery,DIST_W_02,Un-Favorable
OUT_06820,2023-03,81.08532439828326,1,Small,1,SMMT,DIST_W_02,Moderate
OUT_06820,2023-04,29.75875504838005,4,Small,1,SMMT,DIST_W_02,Favorable
OUT_06820,2023-08,82.31666977120695,2,Small,1,SMMT,DIST_W_02,Moderate
OUT_06820,2023-09,19.762553105112776,2,Small,1,SMMT,DIST_W_02,Moderate
OUT_06820,2023-10,10.208823810986932,1,Small,1,SMMT,DIST_W_02,Moderate
OUT_06820,2023-12,163.73010781752168,2,Small,1,SMMT,DIST_W_02,Favorable
OUT_06820,2024-01,98.13596390137651,2,Small,1,SMMT,DIST_W_02,Moderate
OUT_06820,2024-02,95.1622778410894,3,Small,1,SMMT,DIST_W_02,Moderate
OUT_06820,2024-04,37.65382142823013,7,Small,1,SMMT,DIST_W_02,Favorable
OUT_06820,2024-05,11.415435101295044,3,Small,1,SMMT,DIST_W_02,Un-Favorable
OUT_06820,2024-06,10.676418649918888,2,Small,1,SMMT,DIST_W_02,Un-Favorable
OUT_06820,2024-07,38.89995080481648,1,Small,1,SMMT,DIST_W_02,Moderate
OUT_06820,2024-11,102.50280044211502,1,Small,1,SMMT,DIST_W_02,Moderate
OUT_06820,2024-12,16.698857708311117,2,Small,1,SMMT,DIST_W_02,Favorable
OUT_06820,2025-02,24.03327683454073,2,Small,1,SMMT,DIST_W_02,Moderate
OUT_06820,2025-03,25.85637166620111,1,Small,1,SMMT,DIST_W_02,Moderate
OUT_06820,2025-06,13.02494551911776,1,Small,1,SMMT,DIST_W_02,Un-Favorable
OUT_06820,2025-08,28.919994042219187,1,Small,1,SMMT,DIST_W_02,Moderate
OUT_06820,2025-10,16.62145372881259,1,Small,1,SMMT,DIST_W_02,Moderate
OUT_06820,2025-11,77.59634998058573,1,Small,1,SMMT,DIST_W_02,Moderate
OUT_06826,2023-01,334.00004725578515,3,Large,5,Hotel,DIST_W_03,Moderate
OUT_06826,2023-02,559.5907431508257,3,Large,5,Hotel,DIST_W_03,Moderate
OUT_06826,2023-03,671.5352812709995,1,Large,5,Hotel,DIST_W_03,Moderate
OUT_06826,2023-04,930.2184513208008,4,Large,5,Hotel,DIST_W_03,Favorable
OUT_06826,2023-05,379.38535511197534,4,Large,5,Hotel,DIST_W_03,Un-Favorable
OUT_06826,2023-07,551.9338784528587,1,Large,5,Hotel,DIST_W_03,Moderate
OUT_06826,2023-08,618.2312582172833,2,Large,5,Hotel,DIST_W_03,Moderate
OUT_06826,2023-10,522.2475485983979,1,Large,5,Hotel,DIST_W_03,Moderate
OUT_06826,2023-11,567.8912873246863,1,Large,5,Hotel,DIST_W_03,Moderate
OUT_06826,2023-12,688.6161101568453,2,Large,5,Hotel,DIST_W_03,Favorable
OUT_06826,2024-01,518.1494200428103,2,Large,5,Hotel,DIST_W_03,Moderate
OUT_06826,2024-02,656.306732543341,3,Large,5,Hotel,DIST_W_03,Moderate
OUT_06826,2024-03,537.7474349343493,3,Large,5,Hotel,DIST_W_03,Moderate
OUT_06826,2024-04,822.2393361862606,7,Large,5,Hotel,DIST_W_03,Favorable
OUT_06826,2024-06,424.1644188468287,2,Large,5,Hotel,DIST_W_03,Un-Favorable
OUT_06826,2024-07,242.1455661420752,1,Large,5,Hotel,DIST_W_03,Moderate
OUT_06826,2024-08,298.15048437150915,1,Large,5,Hotel,DIST_W_03,Moderate
OUT_06826,2024-09,526.5749807194204,2,Large,5,Hotel,DIST_W_03,Moderate
OUT_06826,2024-10,581.7141150559188,2,Large,5,Hotel,DIST_W_03,Moderate
OUT_06826,2024-11,527.7573902691798,1,Large,5,Hotel,DIST_W_03,Moderate
OUT_06826,2024-12,258.944639887082,2,Large,5,Hotel,DIST_W_03,Favorable
OUT_06826,2025-01,575.6689591802136,2,Large,5,Hotel,DIST_W_03,Moderate
OUT_06826,2025-02,612.5477908163228,2,Large,5,Hotel,DIST_W_03,Moderate
OUT_06826,2025-03,606.035497532263,1,Large,5,Hotel,DIST_W_03,Moderate
OUT_06826,2025-04,847.6798660643907,5,Large,5,Hotel,DIST_W_03,Favorable
OUT_06826,2025-06,108.68921450078976,1,Large,5,Hotel,DIST_W_03,Un-Favorable
OUT_06826,2025-07,520.0322077259017,1,Large,5,Hotel,DIST_W_03,Moderate
OUT_06826,2025-08,415.0115063988325,1,Large,5,Hotel,DIST_W_03,Moderate
OUT_06826,2025-09,573.1088466511206,2,Large,5,Hotel,DIST_W_03,Moderate
OUT_06826,2025-10,614.2300675163951,1,Large,5,Hotel,DIST_W_03,Moderate
OUT_06826,2025-11,684.30592896551,1,Large,5,Hotel,DIST_W_03,Moderate
OUT_06826,2025-12,1087.0727185950018,2,Large,5,Hotel,DIST_W_03,Favorable
OUT_06856,2023-01,180.488626456495,3,Medium,2,Kiosk,DIST_W_02,Moderate
OUT_06856,2023-02,212.11339423022807,3,Medium,2,Kiosk,DIST_W_02,Moderate
OUT_06856,2023-03,59.631593807363934,1,Medium,2,Kiosk,DIST_W_02,Moderate
OUT_06856,2023-05,53.07410903132809,4,Medium,2,Kiosk,DIST_W_02,Un-Favorable
OUT_06856,2023-06,37.57962728609388,1,Medium,2,Kiosk,DIST_W_02,Un-Favorable
OUT_06856,2023-07,173.00811046862748,1,Medium,2,Kiosk,DIST_W_02,Moderate
OUT_06856,2023-12,27.61609329351848,2,Medium,2,Kiosk,DIST_W_02,Favorable
OUT_06856,2024-01,134.10235668023563,2,Medium,2,Kiosk,DIST_W_02,Moderate
OUT_06856,2024-02,57.44750079455785,3,Medium,2,Kiosk,DIST_W_02,Moderate
OUT_06856,2024-03,208.2171847458781,3,Medium,2,Kiosk,DIST_W_02,Moderate
OUT_06856,2024-05,101.73933673857148,3,Medium,2,Kiosk,DIST_W_02,Un-Favorable
OUT_06856,2024-10,117.2237343288082,2,Medium,2,Kiosk,DIST_W_02,Moderate
OUT_06856,2024-12,101.78608411010292,2,Medium,2,Kiosk,DIST_W_02,Favorable
OUT_06856,2025-01,102.3611200754498,2,Medium,2,Kiosk,DIST_W_02,Moderate
OUT_06856,2025-03,171.54835911700857,1,Medium,2,Kiosk,DIST_W_02,Moderate
OUT_06856,2025-04,105.78907216643712,5,Medium,2,Kiosk,DIST_W_02,Favorable
OUT_06856,2025-05,46.42878690995438,3,Medium,2,Kiosk,DIST_W_02,Un-Favorable
OUT_06856,2025-06,14.237206921178904,1,Medium,2,Kiosk,DIST_W_02,Un-Favorable
OUT_06856,2025-07,225.74472019265824,1,Medium,2,Kiosk,DIST_W_02,Moderate
OUT_06856,2025-08,159.52156097540467,1,Medium,2,Kiosk,DIST_W_02,Moderate
OUT_06856,2025-11,161.8780612249857,1,Medium,2,Kiosk,DIST_W_02,Moderate
OUT_06870,2023-01,35.71081011669911,3,Small,0,SMMT,DIST_W_02,Moderate
OUT_06870,2023-02,6.420829945926414,3,Small,0,SMMT,DIST_W_02,Moderate
OUT_06870,2023-03,23.78419340900369,1,Small,0,SMMT,DIST_W_02,Moderate
OUT_06870,2023-05,2.616878922422768,4,Small,0,SMMT,DIST_W_02,Un-Favorable
OUT_06870,2023-06,21.93195815876002,1,Small,0,SMMT,DIST_W_02,Un-Favorable
OUT_06870,2023-07,22.798191585490496,1,Small,0,SMMT,DIST_W_02,Moderate
OUT_06870,2023-09,52.190266989446776,2,Small,0,SMMT,DIST_W_02,Moderate
OUT_06870,2023-11,18.44743081909925,1,Small,0,SMMT,DIST_W_02,Moderate
OUT_06870,2024-02,28.227233050013467,3,Small,0,SMMT,DIST_W_02,Moderate
OUT_06870,2024-03,68.49589996406246,3,Small,0,SMMT,DIST_W_02,Moderate
OUT_06870,2024-04,115.66218319482836,7,Small,0,SMMT,DIST_W_02,Favorable
OUT_06870,2024-06,9.169147969836402,2,Small,0,SMMT,DIST_W_02,Un-Favorable
OUT_06870,2024-07,5.21019547351963,1,Small,0,SMMT,DIST_W_02,Moderate
OUT_06870,2024-10,13.502645066836717,2,Small,0,SMMT,DIST_W_02,Moderate
OUT_06870,2024-11,10.340746172222524,1,Small,0,SMMT,DIST_W_02,Moderate
OUT_06870,2024-12,119.68618494325482,2,Small,0,SMMT,DIST_W_02,Favorable
OUT_06870,2025-02,61.973512416595554,2,Small,0,SMMT,DIST_W_02,Moderate
OUT_06870,2025-03,106.17803760637923,1,Small,0,SMMT,DIST_W_02,Moderate
OUT_06870,2025-04,16.823526201732893,5,Small,0,SMMT,DIST_W_02,Favorable
OUT_06870,2025-05,25.78600067787876,3,Small,0,SMMT,DIST_W_02,Un-Favorable
OUT_06870,2025-07,-28.22628651388997,1,Small,0,SMMT,DIST_W_02,Moderate
OUT_06870,2025-08,7.726310145739664,1,Small,0,SMMT,DIST_W_02,Moderate
OUT_06870,2025-09,23.364478122379168,2,Small,0,SMMT,DIST_W_02,Moderate
OUT_06884,2023-02,72.96836664897738,3,Medium,2,SMMT,DIST_W_02,Moderate
OUT_06884,2023-03,206.29418470982108,1,Medium,2,SMMT,DIST_W_02,Moderate
OUT_06884,2023-04,305.9477251638603,4,Medium,2,SMMT,DIST_W_02,Favorable
OUT_06884,2023-05,109.436098064936,4,Medium,2,SMMT,DIST_W_02,Un-Favorable
OUT_06884,2023-06,44.7829960048681,1,Medium,2,SMMT,DIST_W_02,Un-Favorable
OUT_06884,2023-07,155.0915708857949,1,Medium,2,SMMT,DIST_W_02,Moderate
OUT_06884,2023-08,53.25364534013751,2,Medium,2,SMMT,DIST_W_02,Moderate
OUT_06884,2023-11,101.58525513689024,1,Medium,2,SMMT,DIST_W_02,Moderate
OUT_06884,2023-12,26.99957876549476,2,Medium,2,SMMT,DIST_W_02,Favorable
OUT_06884,2024-01,205.7754734494073,2,Medium,2,SMMT,DIST_W_02,Moderate
OUT_06884,2024-03,26.99259111981623,3,Medium,2,SMMT,DIST_W_02,Moderate
OUT_06884,2024-04,211.1700316739448,7,Medium,2,SMMT,DIST_W_02,Favorable
OUT_06884,2024-06,137.36343475317054,2,Medium,2,SMMT,DIST_W_02,Un-Favorable
OUT_06884,2024-08,214.90262716763576,1,Medium,2,SMMT,DIST_W_02,Moderate
OUT_06884,2024-10,153.11370628272215,2,Medium,2,SMMT,DIST_W_02,Moderate
OUT_06884,2024-11,73.72448362356121,1,Medium,2,SMMT,DIST_W_02,Moderate
OUT_06884,2025-02,57.899410702863534,2,Medium,2,SMMT,DIST_W_02,Moderate
OUT_06884,2025-03,104.2024659208812,1,Medium,2,SMMT,DIST_W_02,Moderate
OUT_06884,2025-05,19.92550498669017,3,Medium,2,SMMT,DIST_W_02,Un-Favorable
OUT_06884,2025-06,61.64869491195304,1,Medium,2,SMMT,DIST_W_02,Un-Favorable
OUT_06884,2025-07,136.16913132489668,1,Medium,2,SMMT,DIST_W_02,Moderate
OUT_06884,2025-08,54.765935695852775,1,Medium,2,SMMT,DIST_W_02,Moderate
OUT_06884,2025-09,76.4881797470532,2,Medium,2,SMMT,DIST_W_02,Moderate
OUT_06884,2025-10,50.75252477061039,1,Medium,2,SMMT,DIST_W_02,Moderate
OUT_06884,2025-11,61.08547790908385,1,Medium,2,SMMT,DIST_W_02,Moderate
OUT_06884,2025-12,123.21873760183536,2,Medium,2,SMMT,DIST_W_02,Favorable
OUT_06890,2023-03,24.759679113254315,1,Small,0,Eatery,DIST_W_01,Moderate
OUT_06890,2023-06,41.6053283917876,1,Small,0,Eatery,DIST_W_01,Un-Favorable
OUT_06890,2023-09,11.6260069934051,2,Small,0,Eatery,DIST_W_01,Moderate
OUT_06890,2023-11,24.13844958336629,1,Small,0,Eatery,DIST_W_01,Moderate
OUT_06890,2024-01,21.63459516648595,2,Small,0,Eatery,DIST_W_01,Moderate
OUT_06890,2024-02,84.88585051585281,3,Small,0,Eatery,DIST_W_01,Moderate
OUT_06890,2024-03,33.260605600049075,3,Small,0,Eatery,DIST_W_01,Moderate
OUT_06890,2024-05,2.682163074130694,3,Small,0,Eatery,DIST_W_01,Un-Favorable
OUT_06890,2024-08,62.49266846810578,1,Small,0,Eatery,DIST_W_01,Moderate
OUT_06890,2024-09,79.2916177441288,2,Small,0,Eatery,DIST_W_01,Moderate
OUT_06890,2024-10,20.83805493466842,2,Small,0,Eatery,DIST_W_01,Moderate
OUT_06890,2024-11,8.199750250883596,1,Small,0,Eatery,DIST_W_01,Moderate
OUT_06890,2024-12,11.0968452744499,2,Small,0,Eatery,DIST_W_01,Favorable
OUT_06890,2025-01,6.7023900564568,2,Small,0,Eatery,DIST_W_01,Moderate
OUT_06890,2025-03,8.865270842724989,1,Small,0,Eatery,DIST_W_01,Moderate
OUT_06890,2025-05,45.05885109873707,3,Small,0,Eatery,DIST_W_01,Un-Favorable
OUT_06890,2025-06,18.96052452905656,1,Small,0,Eatery,DIST_W_01,Un-Favorable
OUT_06890,2025-10,60.2110376195344,1,Small,0,Eatery,DIST_W_01,Moderate
OUT_06890,2025-11,40.66143816630933,1,Small,0,Eatery,DIST_W_01,Moderate
OUT_06902,2023-04,51.73828785101578,4,Small,0,Pharmacy,DIST_W_03,Favorable
OUT_06902,2023-06,3.4455755977260423,1,Small,0,Pharmacy,DIST_W_03,Un-Favorable
OUT_06902,2023-09,8.690570463908017,2,Small,0,Pharmacy,DIST_W_03,Moderate
OUT_06902,2023-11,89.68179005606152,1,Small,0,Pharmacy,DIST_W_03,Moderate
OUT_06902,2023-12,37.9540657210889,2,Small,0,Pharmacy,DIST_W_03,Favorable
OUT_06902,2024-01,8.358690252085179,2,Small,0,Pharmacy,DIST_W_03,Moderate
OUT_06902,2024-03,18.53931768762421,3,Small,0,Pharmacy,DIST_W_03,Moderate
OUT_06902,2024-06,24.754193278318983,2,Small,0,Pharmacy,DIST_W_03,Un-Favorable
OUT_06902,2024-08,30.86133810326679,1,Small,0,Pharmacy,DIST_W_03,Moderate
OUT_06902,2024-10,24.22258753190092,2,Small,0,Pharmacy,DIST_W_03,Moderate
OUT_06902,2024-11,63.05421610994051,1,Small,0,Pharmacy,DIST_W_03,Moderate
OUT_06902,2024-12,13.104140545959142,2,Small,0,Pharmacy,DIST_W_03,Favorable
OUT_06902,2025-09,61.11849046190312,2,Small,0,Pharmacy,DIST_W_03,Moderate
OUT_06902,2025-10,77.80419973825673,1,Small,0,Pharmacy,DIST_W_03,Moderate
OUT_06922,2023-01,623.197812366074,3,Large,3,SMMT,DIST_W_02,Moderate
OUT_06922,2023-02,339.4876184352347,3,Large,3,SMMT,DIST_W_02,Moderate
OUT_06922,2023-03,629.1140193349014,1,Large,3,SMMT,DIST_W_02,Moderate
OUT_06922,2023-04,874.1512781406159,4,Large,3,SMMT,DIST_W_02,Favorable
OUT_06922,2023-05,165.98536560670496,4,Large,3,SMMT,DIST_W_02,Un-Favorable
OUT_06922,2023-06,357.3157678171228,1,Large,3,SMMT,DIST_W_02,Un-Favorable
OUT_06922,2023-07,541.8419474206036,1,Large,3,SMMT,DIST_W_02,Moderate
OUT_06922,2023-09,489.3274441567769,2,Large,3,SMMT,DIST_W_02,Moderate
OUT_06922,2023-10,596.9534810577667,1,Large,3,SMMT,DIST_W_02,Moderate
OUT_06922,2023-11,671.985695779623,1,Large,3,SMMT,DIST_W_02,Moderate
OUT_06922,2023-12,809.9739497617969,2,Large,3,SMMT,DIST_W_02,Favorable
OUT_06922,2024-02,198.7840100013967,3,Large,3,SMMT,DIST_W_02,Moderate
OUT_06922,2024-03,563.1575911038949,3,Large,3,SMMT,DIST_W_02,Moderate
OUT_06922,2024-04,828.2071340750172,7,Large,3,SMMT,DIST_W_02,Favorable
OUT_06922,2024-05,381.04898070113046,3,Large,3,SMMT,DIST_W_02,Un-Favorable
OUT_06922,2024-06,430.03748706965246,2,Large,3,SMMT,DIST_W_02,Un-Favorable
OUT_06922,2024-07,316.6016196986762,1,Large,3,SMMT,DIST_W_02,Moderate
OUT_06922,2024-09,617.2989862996526,2,Large,3,SMMT,DIST_W_02,Moderate
OUT_06922,2024-10,629.7847014048083,2,Large,3,SMMT,DIST_W_02,Moderate
OUT_06922,2024-11,627.781644460413,1,Large,3,SMMT,DIST_W_02,Moderate
OUT_06922,2025-01,535.4072477129893,2,Large,3,SMMT,DIST_W_02,Moderate
OUT_06922,2025-02,465.6817898711796,2,Large,3,SMMT,DIST_W_02,Moderate
OUT_06922,2025-03,544.6594620193595,1,Large,3,SMMT,DIST_W_02,Moderate
OUT_06922,2025-04,693.1156838436337,5,Large,3,SMMT,DIST_W_02,Favorable
OUT_06922,2025-05,341.5902158471519,3,Large,3,SMMT,DIST_W_02,Un-Favorable
OUT_06922,2025-06,124.77211994748986,1,Large,3,SMMT,DIST_W_02,Un-Favorable
OUT_06922,2025-08,525.2461938317567,1,Large,3,SMMT,DIST_W_02,Moderate
OUT_06922,2025-09,606.1926675104689,2,Large,3,SMMT,DIST_W_02,Moderate
OUT_06922,2025-10,496.15315253694496,1,Large,3,SMMT,DIST_W_02,Moderate
OUT_06922,2025-11,537.3206660785177,1,Large,3,SMMT,DIST_W_02,Moderate
OUT_06922,2025-12,503.3998731135452,2,Large,3,SMMT,DIST_W_02,Favorable
OUT_06933,2023-01,229.7313402070604,3,Medium,1,Hotel,DIST_W_01,Moderate
OUT_06933,2023-03,158.77957023756127,1,Medium,1,Hotel,DIST_W_01,Moderate
OUT_06933,2023-07,57.6795495775016,1,Medium,1,Hotel,DIST_W_01,Moderate
OUT_06933,2023-08,168.13593562097606,2,Medium,1,Hotel,DIST_W_01,Moderate
OUT_06933,2023-10,63.33414880886468,1,Medium,1,Hotel,DIST_W_01,Moderate
OUT_06933,2023-11,48.06577688025386,1,Medium,1,Hotel,DIST_W_01,Moderate
OUT_06933,2023-12,238.50390034798576,2,Medium,1,Hotel,DIST_W_01,Favorable
OUT_06933,2024-01,48.12552926995534,2,Medium,1,Hotel,DIST_W_01,Moderate
OUT_06933,2024-04,155.88318143599818,7,Medium,1,Hotel,DIST_W_01,Favorable
OUT_06933,2024-05,149.35042121818157,3,Medium,1,Hotel,DIST_W_01,Un-Favorable
OUT_06933,2024-06,31.15820089246193,2,Medium,1,Hotel,DIST_W_01,Un-Favorable
OUT_06933,2024-07,58.40774234123968,1,Medium,1,Hotel,DIST_W_01,Moderate
OUT_06933,2024-08,124.75651046609076,1,Medium,1,Hotel,DIST_W_01,Moderate
OUT_06933,2024-09,73.14791879075705,2,Medium,1,Hotel,DIST_W_01,Moderate
OUT_06933,2024-11,102.13011542000592,1,Medium,1,Hotel,DIST_W_01,Moderate
OUT_06933,2024-12,174.7197851997218,2,Medium,1,Hotel,DIST_W_01,Favorable
OUT_06933,2025-01,242.27793808787536,2,Medium,1,Hotel,DIST_W_01,Moderate
OUT_06933,2025-02,46.60091752424741,2,Medium,1,Hotel,DIST_W_01,Moderate
OUT_06933,2025-04,88.49864551453388,5,Medium,1,Hotel,DIST_W_01,Favorable
OUT_06933,2025-06,29.81536643483296,1,Medium,1,Hotel,DIST_W_01,Un-Favorable
OUT_06933,2025-08,199.2841614030596,1,Medium,1,Hotel,DIST_W_01,Moderate
OUT_06933,2025-09,156.1061384835224,2,Medium,1,Hotel,DIST_W_01,Moderate
OUT_06933,2025-10,205.5142571180896,1,Medium,1,Hotel,DIST_W_01,Moderate
OUT_06933,2025-12,234.07901266218943,2,Medium,1,Hotel,DIST_W_01,Favorable
OUT_06951,2023-01,34.83774322536498,3,Small,1,Pharmacy,DIST_W_03,Moderate
OUT_06951,2023-02,34.098130265663286,3,Small,1,Pharmacy,DIST_W_03,Moderate
OUT_06951,2023-03,88.10841315811045,1,Small,1,Pharmacy,DIST_W_03,Moderate
OUT_06951,2023-05,54.7079642668413,4,Small,1,Pharmacy,DIST_W_03,Un-Favorable
OUT_06951,2023-08,16.425681975296012,2,Small,1,Pharmacy,DIST_W_03,Moderate
OUT_06951,2023-11,40.22017151544923,1,Small,1,Pharmacy,DIST_W_03,Moderate
OUT_06951,2024-03,74.5604786102659,3,Small,1,Pharmacy,DIST_W_03,Moderate
OUT_06951,2024-04,9.916604497318884,7,Small,1,Pharmacy,DIST_W_03,Favorable
OUT_06951,2024-05,8.344655789108446,3,Small,1,Pharmacy,DIST_W_03,Un-Favorable
OUT_06951,2024-06,7.380198106776273,2,Small,1,Pharmacy,DIST_W_03,Un-Favorable
OUT_06951,2024-12,109.42786894309916,2,Small,1,Pharmacy,DIST_W_03,Favorable
OUT_06951,2025-01,15.178093175378397,2,Small,1,Pharmacy,DIST_W_03,Moderate
OUT_06951,2025-02,33.60617740845259,2,Small,1,Pharmacy,DIST_W_03,Moderate
OUT_06951,2025-04,50.16175362855733,5,Small,1,Pharmacy,DIST_W_03,Favorable
OUT_06951,2025-05,3.6708020340620897,3,Small,1,Pharmacy,DIST_W_03,Un-Favorable
OUT_06951,2025-06,18.577647432079424,1,Small,1,Pharmacy,DIST_W_03,Un-Favorable
OUT_06951,2025-07,13.858308706415013,1,Small,1,Pharmacy,DIST_W_03,Moderate
OUT_06951,2025-09,94.80702609455231,2,Small,1,Pharmacy,DIST_W_03,Moderate
OUT_06951,2025-12,68.35116607014348,2,Small,1,Pharmacy,DIST_W_03,Favorable
OUT_06953,2023-04,52.11071540549676,4,Small,1,Pharmacy,DIST_W_03,Favorable
OUT_06953,2023-05,10.8017839924797,4,Small,1,Pharmacy,DIST_W_03,Un-Favorable
OUT_06953,2023-06,48.11966271689876,1,Small,1,Pharmacy,DIST_W_03,Un-Favorable
OUT_06953,2023-07,94.69434436135532,1,Small,1,Pharmacy,DIST_W_03,Moderate
OUT_06953,2023-12,6.4250967828256735,2,Small,1,Pharmacy,DIST_W_03,Favorable
OUT_06953,2024-01,26.27476071081889,2,Small,1,Pharmacy,DIST_W_03,Moderate
OUT_06953,2024-05,15.368953137487502,3,Small,1,Pharmacy,DIST_W_03,Un-Favorable
OUT_06953,2024-06,14.885499434790772,2,Small,1,Pharmacy,DIST_W_03,Un-Favorable
OUT_06953,2024-07,40.45221017521251,1,Small,1,Pharmacy,DIST_W_03,Moderate
OUT_06953,2024-12,43.151188435679146,2,Small,1,Pharmacy,DIST_W_03,Favorable
OUT_06953,2025-07,23.49335755974443,1,Small,1,Pharmacy,DIST_W_03,Moderate
OUT_06953,2025-09,39.85775442702018,2,Small,1,Pharmacy,DIST_W_03,Moderate
OUT_06953,2025-12,106.81848184233245,2,Small,1,Pharmacy,DIST_W_03,Favorable
OUT_06962,2023-01,91.3956503757046,3,Small,0,SMMT,DIST_W_01,Moderate
OUT_06962,2023-04,5.227160833460645,4,Small,0,SMMT,DIST_W_01,Favorable
OUT_06962,2023-09,20.52087298030534,2,Small,0,SMMT,DIST_W_01,Moderate
OUT_06962,2024-04,18.20004114885528,7,Small,0,SMMT,DIST_W_01,Favorable
OUT_06962,2024-06,4.135520555569945,2,Small,0,SMMT,DIST_W_01,Un-Favorable
OUT_06962,2024-07,26.313192141993177,1,Small,0,SMMT,DIST_W_01,Moderate
OUT_06962,2024-08,19.49370712087653,1,Small,0,SMMT,DIST_W_01,Moderate
OUT_06962,2024-10,15.629762206017489,2,Small,0,SMMT,DIST_W_01,Moderate
OUT_06962,2025-01,2.3589236154932864,2,Small,0,SMMT,DIST_W_01,Moderate
OUT_06962,2025-02,29.12300488623041,2,Small,0,SMMT,DIST_W_01,Moderate
OUT_06962,2025-03,33.49772899538296,1,Small,0,SMMT,DIST_W_01,Moderate
OUT_06962,2025-06,59.65999537064603,1,Small,0,SMMT,DIST_W_01,Un-Favorable
OUT_06962,2025-07,72.08762373468988,1,Small,0,SMMT,DIST_W_01,Moderate
OUT_06962,2025-09,66.66667791204476,2,Small,0,SMMT,DIST_W_01,Moderate
OUT_06962,2025-10,9.02923621987506,1,Small,0,SMMT,DIST_W_01,Moderate
OUT_06962,2025-11,13.550731271863182,1,Small,0,SMMT,DIST_W_01,Moderate
OUT_06975,2023-01,33.615277012461554,3,Small,1,Kiosk,DIST_W_03,Moderate
OUT_06975,2023-03,31.180367183265307,1,Small,1,Kiosk,DIST_W_03,Moderate
OUT_06975,2023-05,47.1705112251791,4,Small,1,Kiosk,DIST_W_03,Un-Favorable
OUT_06975,2023-09,24.790233598626887,2,Small,1,Kiosk,DIST_W_03,Moderate
OUT_06975,2024-01,48.39399239286303,2,Small,1,Kiosk,DIST_W_03,Moderate
OUT_06975,2024-03,26.31585119157583,3,Small,1,Kiosk,DIST_W_03,Moderate
OUT_06975,2024-04,22.93982440204101,7,Small,1,Kiosk,DIST_W_03,Favorable
OUT_06975,2024-08,41.863382135315256,1,Small,1,Kiosk,DIST_W_03,Moderate
OUT_06975,2024-10,15.349523592356212,2,Small,1,Kiosk,DIST_W_03,Moderate
OUT_06975,2025-03,26.503149434156093,1,Small,1,Kiosk,DIST_W_03,Moderate
OUT_06975,2025-04,50.266028530386,5,Small,1,Kiosk,DIST_W_03,Favorable
OUT_06975,2025-06,5.487994980805166,1,Small,1,Kiosk,DIST_W_03,Un-Favorable
OUT_06975,2025-11,14.049710806088378,1,Small,1,Kiosk,DIST_W_03,Moderate
OUT_06975,2025-12,25.397231277015536,2,Small,1,Kiosk,DIST_W_03,Favorable
OUT_06992,2023-03,30.10002056816069,1,Small,0,Bakery,DIST_W_02,Moderate
OUT_06992,2023-04,14.8503859623488,4,Small,0,Bakery,DIST_W_02,Favorable
OUT_06992,2023-06,22.056910174997963,1,Small,0,Bakery,DIST_W_02,Un-Favorable
OUT_06992,2023-10,24.779200549330984,1,Small,0,Bakery,DIST_W_02,Moderate
OUT_06992,2024-03,16.872736694929202,3,Small,0,Bakery,DIST_W_02,Moderate
OUT_06992,2024-06,8.866930117050025,2,Small,0,Bakery,DIST_W_02,Un-Favorable
OUT_06992,2024-08,19.79862673720381,1,Small,0,Bakery,DIST_W_02,Moderate
OUT_06992,2024-09,67.41961531091769,2,Small,0,Bakery,DIST_W_02,Moderate
OUT_06992,2024-11,93.5802599143342,1,Small,0,Bakery,DIST_W_02,Moderate
OUT_06992,2024-12,37.77189170512416,2,Small,0,Bakery,DIST_W_02,Favorable
OUT_06992,2025-02,37.46565511117733,2,Small,0,Bakery,DIST_W_02,Moderate
OUT_06992,2025-03,19.9217860171379,1,Small,0,Bakery,DIST_W_02,Moderate
OUT_06992,2025-05,24.622920041630643,3,Small,0,Bakery,DIST_W_02,Un-Favorable
OUT_07035,2023-03,34.99216667990304,1,Small,1,Kiosk,DIST_W_03,Moderate
OUT_07035,2023-07,15.11666960044502,1,Small,1,Kiosk,DIST_W_03,Moderate
OUT_07035,2024-01,6.193038686965113,2,Small,1,Kiosk,DIST_W_03,Moderate
OUT_07035,2024-02,40.34005350453104,3,Small,1,Kiosk,DIST_W_03,Moderate
OUT_07035,2024-03,59.735334421397965,3,Small,1,Kiosk,DIST_W_03,Moderate
OUT_07035,2024-04,15.539655881549091,7,Small,1,Kiosk,DIST_W_03,Favorable
OUT_07035,2024-05,78.82698913407577,3,Small,1,Kiosk,DIST_W_03,Un-Favorable
OUT_07035,2024-08,4.154010105970298,1,Small,1,Kiosk,DIST_W_03,Moderate
OUT_07035,2024-10,3.819542459241784,2,Small,1,Kiosk,DIST_W_03,Moderate
OUT_07035,2025-06,61.73406162292906,1,Small,1,Kiosk,DIST_W_03,Un-Favorable
OUT_07035,2025-07,16.154304195324002,1,Small,1,Kiosk,DIST_W_03,Moderate
OUT_07035,2025-08,77.66284366264135,1,Small,1,Kiosk,DIST_W_03,Moderate
OUT_07035,2025-12,103.33425014057002,2,Small,1,Kiosk,DIST_W_03,Favorable
OUT_07053,2023-01,110.48321151708927,3,Small,0,Pharmacy,DIST_W_03,Moderate
OUT_07053,2023-03,25.731251893304847,1,Small,0,Pharmacy,DIST_W_03,Moderate
OUT_07053,2023-05,62.147795347367136,4,Small,0,Pharmacy,DIST_W_03,Un-Favorable
OUT_07053,2023-09,29.61691447539244,2,Small,0,Pharmacy,DIST_W_03,Moderate
OUT_07053,2023-12,127.1372366772502,2,Small,0,Pharmacy,DIST_W_03,Favorable
OUT_07053,2024-02,27.76304379616677,3,Small,0,Pharmacy,DIST_W_03,Moderate
OUT_07053,2024-03,19.40258770998148,3,Small,0,Pharmacy,DIST_W_03,Moderate
OUT_07053,2024-04,7.005483277007688,7,Small,0,Pharmacy,DIST_W_03,Favorable
OUT_07053,2024-05,1.819186428071072,3,Small,0,Pharmacy,DIST_W_03,Un-Favorable
OUT_07053,2024-08,4.424725651695396,1,Small,0,Pharmacy,DIST_W_03,Moderate
OUT_07053,2024-10,31.12377060648219,2,Small,0,Pharmacy,DIST_W_03,Moderate
OUT_07053,2024-12,7.557156870794826,2,Small,0,Pharmacy,DIST_W_03,Favorable
OUT_07053,2025-01,22.21493084966814,2,Small,0,Pharmacy,DIST_W_03,Moderate
OUT_07053,2025-04,9.183334957630851,5,Small,0,Pharmacy,DIST_W_03,Favorable
OUT_07053,2025-05,60.72772043725384,3,Small,0,Pharmacy,DIST_W_03,Un-Favorable
OUT_07053,2025-06,25.29288328656596,1,Small,0,Pharmacy,DIST_W_03,Un-Favorable
OUT_07053,2025-07,12.01042418584055,1,Small,0,Pharmacy,DIST_W_03,Moderate
OUT_07053,2025-08,10.033065006375733,1,Small,0,Pharmacy,DIST_W_03,Moderate
OUT_07053,2025-09,87.6348553323135,2,Small,0,Pharmacy,DIST_W_03,Moderate
OUT_07053,2025-12,51.63166021607764,2,Small,0,Pharmacy,DIST_W_03,Favorable
OUT_07074,2023-01,4.7705430092906616,3,Small,0,Bakery,DIST_W_03,Moderate
OUT_07074,2023-04,121.91725401333647,4,Small,0,Bakery,DIST_W_03,Favorable
OUT_07074,2023-05,34.986912757069234,4,Small,0,Bakery,DIST_W_03,Un-Favorable
OUT_07074,2023-08,91.6274563158956,2,Small,0,Bakery,DIST_W_03,Moderate
OUT_07074,2023-09,14.610075175778157,2,Small,0,Bakery,DIST_W_03,Moderate
OUT_07074,2023-11,114.5542087456866,1,Small,0,Bakery,DIST_W_03,Moderate
OUT_07074,2023-12,131.4817713696669,2,Small,0,Bakery,DIST_W_03,Favorable
OUT_07074,2024-01,97.2832700499767,2,Small,0,Bakery,DIST_W_03,Moderate
OUT_07074,2024-02,62.05073635918084,3,Small,0,Bakery,DIST_W_03,Moderate
OUT_07074,2024-04,19.44251450331408,7,Small,0,Bakery,DIST_W_03,Favorable
OUT_07074,2024-05,6.142989009510778,3,Small,0,Bakery,DIST_W_03,Un-Favorable
OUT_07074,2024-06,13.67200309380029,2,Small,0,Bakery,DIST_W_03,Un-Favorable
OUT_07074,2025-01,27.499780509527863,2,Small,0,Bakery,DIST_W_03,Moderate
OUT_07074,2025-02,83.67382597744206,2,Small,0,Bakery,DIST_W_03,Moderate
OUT_07074,2025-06,5.277239431438333,1,Small,0,Bakery,DIST_W_03,Un-Favorable
OUT_07074,2025-07,40.022604076983775,1,Small,0,Bakery,DIST_W_03,Moderate
OUT_07074,2025-09,8.98871310712293,2,Small,0,Bakery,DIST_W_03,Moderate
OUT_07074,2025-10,15.60566514008518,1,Small,0,Bakery,DIST_W_03,Moderate
OUT_07074,2025-11,30.920262027584272,1,Small,0,Bakery,DIST_W_03,Moderate
OUT_07075,2023-04,95.7160929253456,4,small,1,Pharmacy,DIST_W_02,Favorable
OUT_07075,2023-05,13.442339883024848,4,small,1,Pharmacy,DIST_W_02,Un-Favorable
OUT_07075,2023-09,4.865062220865655,2,small,1,Pharmacy,DIST_W_02,Moderate
OUT_07075,2023-11,91.00978166324828,1,small,1,Pharmacy,DIST_W_02,Moderate
OUT_07075,2023-12,18.784660660268315,2,small,1,Pharmacy,DIST_W_02,Favorable
OUT_07075,2024-01,25.43677494153481,2,small,1,Pharmacy,DIST_W_02,Moderate
OUT_07075,2024-02,17.631800322955357,3,small,1,Pharmacy,DIST_W_02,Moderate
OUT_07075,2024-03,61.30154758398295,3,small,1,Pharmacy,DIST_W_02,Moderate
OUT_07075,2024-05,6.873813532144359,3,small,1,Pharmacy,DIST_W_02,Un-Favorable
OUT_07075,2024-10,95.00314137333214,2,small,1,Pharmacy,DIST_W_02,Moderate
OUT_07075,2024-12,34.530314272475124,2,small,1,Pharmacy,DIST_W_02,Favorable
OUT_07075,2025-01,106.28170342455516,2,small,1,Pharmacy,DIST_W_02,Moderate
OUT_07075,2025-04,52.94065479121217,5,small,1,Pharmacy,DIST_W_02,Favorable
OUT_07075,2025-05,30.742949678026942,3,small,1,Pharmacy,DIST_W_02,Un-Favorable
OUT_07075,2025-06,6.292847403289587,1,small,1,Pharmacy,DIST_W_02,Un-Favorable
OUT_07075,2025-08,4.645227166987443,1,small,1,Pharmacy,DIST_W_02,Moderate
OUT_07075,2025-10,10.84378972349801,1,small,1,Pharmacy,DIST_W_02,Moderate
OUT_07075,2025-11,93.459856747025,1,small,1,Pharmacy,DIST_W_02,Moderate
OUT_07106,2023-01,29.331297599141617,3,Small,0,Bakery,DIST_W_03,Moderate
OUT_07106,2023-02,63.18198636679699,3,Small,0,Bakery,DIST_W_03,Moderate
OUT_07106,2023-04,105.63074044086945,4,Small,0,Bakery,DIST_W_03,Favorable
OUT_07106,2023-08,112.2364274745339,2,Small,0,Bakery,DIST_W_03,Moderate
OUT_07106,2023-10,75.55701638573058,1,Small,0,Bakery,DIST_W_03,Moderate
OUT_07106,2023-11,6.110906359593994,1,Small,0,Bakery,DIST_W_03,Moderate
OUT_07106,2023-12,31.16557794411613,2,Small,0,Bakery,DIST_W_03,Favorable
OUT_07106,2024-01,68.38961581835893,2,Small,0,Bakery,DIST_W_03,Moderate
OUT_07106,2024-03,20.03004371513786,3,Small,0,Bakery,DIST_W_03,Moderate
OUT_07106,2024-04,56.37818294419079,7,Small,0,Bakery,DIST_W_03,Favorable
OUT_07106,2024-06,3.822164811363819,2,Small,0,Bakery,DIST_W_03,Un-Favorable
OUT_07106,2024-09,22.686990385593504,2,Small,0,Bakery,DIST_W_03,Moderate
OUT_07106,2024-11,43.14171496815591,1,Small,0,Bakery,DIST_W_03,Moderate
OUT_07106,2024-12,97.11857352597224,2,Small,0,Bakery,DIST_W_03,Favorable
OUT_07106,2025-01,48.90755447565532,2,Small,0,Bakery,DIST_W_03,Moderate
OUT_07106,2025-03,-57.18123273466347,1,Small,0,Bakery,DIST_W_03,Moderate
OUT_07106,2025-04,12.21067270990226,5,Small,0,Bakery,DIST_W_03,Favorable
OUT_07106,2025-05,23.863454949838413,3,Small,0,Bakery,DIST_W_03,Un-Favorable
OUT_07106,2025-07,91.26654959118306,1,Small,0,Bakery,DIST_W_03,Moderate
OUT_07106,2025-09,121.89964105528752,2,Small,0,Bakery,DIST_W_03,Moderate
OUT_07106,2025-11,89.3443110344352,1,Small,0,Bakery,DIST_W_03,Moderate
OUT_07106,2025-12,49.64642312084371,2,Small,0,Bakery,DIST_W_03,Favorable
OUT_07125,2023-01,43.08981630632706,3,Small,0,Grocery,DIST_W_01,Moderate
OUT_07125,2023-02,9.228789473598264,3,Small,0,Grocery,DIST_W_01,Moderate
OUT_07125,2023-04,139.45986623775053,4,Small,0,Grocery,DIST_W_01,Favorable
OUT_07125,2023-06,26.88577950287229,1,Small,0,Grocery,DIST_W_01,Un-Favorable
OUT_07125,2023-09,103.33006145253256,2,Small,0,Grocery,DIST_W_01,Moderate
OUT_07125,2023-10,20.219856290786023,1,Small,0,Grocery,DIST_W_01,Moderate
OUT_07125,2024-03,9.2618207688485,3,Small,0,Grocery,DIST_W_01,Moderate
OUT_07125,2024-04,31.196109374529044,7,Small,0,Grocery,DIST_W_01,Favorable
OUT_07125,2024-05,13.27207185567403,3,Small,0,Grocery,DIST_W_01,Un-Favorable
OUT_07125,2024-08,97.41060166309154,1,Small,0,Grocery,DIST_W_01,Moderate
OUT_07125,2024-09,8.04279014020742,2,Small,0,Grocery,DIST_W_01,Moderate
OUT_07125,2024-11,5.803200145167487,1,Small,0,Grocery,DIST_W_01,Moderate
OUT_07125,2025-01,16.90600287830632,2,Small,0,Grocery,DIST_W_01,Moderate
OUT_07125,2025-04,54.33741260944998,5,Small,0,Grocery,DIST_W_01,Favorable
OUT_07125,2025-05,7.09711401871566,3,Small,0,Grocery,DIST_W_01,Un-Favorable
OUT_07125,2025-06,27.66392805368907,1,Small,0,Grocery,DIST_W_01,Un-Favorable
OUT_07125,2025-08,2.761117091485829,1,Small,0,Grocery,DIST_W_01,Moderate
OUT_07125,2025-09,19.718989711513967,2,Small,0,Grocery,DIST_W_01,Moderate
OUT_07125,2025-10,75.40843563403676,1,Small,0,Grocery,DIST_W_01,Moderate
OUT_07139,2023-03,97.5729966328291,1,Small,1,Eatery,DIST_W_02,Moderate
OUT_07139,2023-08,72.4990626602807,2,Small,1,Eatery,DIST_W_02,Moderate
OUT_07139,2023-11,105.7576376393325,1,Small,1,Eatery,DIST_W_02,Moderate
OUT_07139,2023-12,5.747639567216292,2,Small,1,Eatery,DIST_W_02,Favorable
OUT_07139,2024-03,37.83007938520954,3,Small,1,Eatery,DIST_W_02,Moderate
OUT_07139,2024-05,58.50243143659516,3,Small,1,Eatery,DIST_W_02,Un-Favorable
OUT_07139,2024-07,23.00722604175041,1,Small,1,Eatery,DIST_W_02,Moderate
OUT_07139,2024-08,11.180291012459923,1,Small,1,Eatery,DIST_W_02,Moderate
OUT_07139,2024-09,90.25956054049664,2,Small,1,Eatery,DIST_W_02,Moderate
OUT_07139,2024-10,18.510825473264354,2,Small,1,Eatery,DIST_W_02,Moderate
OUT_07139,2024-11,37.36705832573871,1,Small,1,Eatery,DIST_W_02,Moderate
OUT_07139,2025-01,16.267563146265093,2,Small,1,Eatery,DIST_W_02,Moderate
OUT_07139,2025-03,3.155758994934268,1,Small,1,Eatery,DIST_W_02,Moderate
OUT_07139,2025-04,92.6157850865056,5,Small,1,Eatery,DIST_W_02,Favorable
OUT_07139,2025-05,3.1026958406363536,3,Small,1,Eatery,DIST_W_02,Un-Favorable
OUT_07139,2025-06,9.037717760350954,1,Small,1,Eatery,DIST_W_02,Un-Favorable
OUT_07139,2025-07,26.324051916814494,1,Small,1,Eatery,DIST_W_02,Moderate
OUT_07139,2025-08,7.268729558602211,1,Small,1,Eatery,DIST_W_02,Moderate
OUT_07139,2025-09,60.97448772487336,2,Small,1,Eatery,DIST_W_02,Moderate
OUT_07139,2025-11,81.27504334719137,1,Small,1,Eatery,DIST_W_02,Moderate
OUT_07139,2025-12,16.061823209080437,2,Small,1,Eatery,DIST_W_02,Favorable
OUT_07142,2023-01,96.69380784743112,3,Small,0,Eatery,DIST_W_02,Moderate
OUT_07142,2023-02,82.65358620985711,3,Small,0,Eatery,DIST_W_02,Moderate
OUT_07142,2023-03,18.526432200129044,1,Small,0,Eatery,DIST_W_02,Moderate
OUT_07142,2023-04,4.314452207365989,4,Small,0,Eatery,DIST_W_02,Favorable
OUT_07142,2023-05,13.06661329293179,4,Small,0,Eatery,DIST_W_02,Un-Favorable
OUT_07142,2023-07,18.0199977767168,1,Small,0,Eatery,DIST_W_02,Moderate
OUT_07142,2023-09,81.50945690485045,2,Small,0,Eatery,DIST_W_02,Moderate
OUT_07142,2023-11,26.157435644783163,1,Small,0,Eatery,DIST_W_02,Moderate
OUT_07142,2024-01,44.15288599005528,2,Small,0,Eatery,DIST_W_02,Moderate
OUT_07142,2024-03,46.120299402983605,3,Small,0,Eatery,DIST_W_02,Moderate
OUT_07142,2024-05,8.400182471121001,3,Small,0,Eatery,DIST_W_02,Un-Favorable
OUT_07142,2024-06,12.881578916365314,2,Small,0,Eatery,DIST_W_02,Un-Favorable
OUT_07142,2024-07,64.50461653881815,1,Small,0,Eatery,DIST_W_02,Moderate
OUT_07142,2024-12,118.79343507848134,2,Small,0,Eatery,DIST_W_02,Favorable
OUT_07142,2025-02,89.3720262461027,2,Small,0,Eatery,DIST_W_02,Moderate
OUT_07142,2025-03,32.38720804424427,1,Small,0,Eatery,DIST_W_02,Moderate
OUT_07142,2025-06,4.277065733318511,1,Small,0,Eatery,DIST_W_02,Un-Favorable
OUT_07142,2025-07,24.66751775559444,1,Small,0,Eatery,DIST_W_02,Moderate
OUT_07142,2025-09,10.88643046473073,2,Small,0,Eatery,DIST_W_02,Moderate
OUT_07143,2023-01,19.883031083362027,3,Small,0,Pharmacy,DIST_W_02,Moderate
OUT_07143,2023-02,5.322210057111923,3,Small,0,Pharmacy,DIST_W_02,Moderate
OUT_07143,2023-03,4.986206783041687,1,Small,0,Pharmacy,DIST_W_02,Moderate
OUT_07143,2023-04,140.94083809847626,4,Small,0,Pharmacy,DIST_W_02,Favorable
OUT_07143,2023-05,56.22507194640494,4,Small,0,Pharmacy,DIST_W_02,Un-Favorable
OUT_07143,2023-07,84.35066000143416,1,Small,0,Pharmacy,DIST_W_02,Moderate
OUT_07143,2023-11,37.55971474531411,1,Small,0,Pharmacy,DIST_W_02,Moderate
OUT_07143,2023-12,18.566758439608098,2,Small,0,Pharmacy,DIST_W_02,Favorable
OUT_07143,2024-03,74.31485292779692,3,Small,0,Pharmacy,DIST_W_02,Moderate
OUT_07143,2024-05,38.78395866163767,3,Small,0,Pharmacy,DIST_W_02,Un-Favorable
OUT_07143,2024-06,52.457379277625336,2,Small,0,Pharmacy,DIST_W_02,Un-Favorable
OUT_07143,2024-07,24.611862693234507,1,Small,0,Pharmacy,DIST_W_02,Moderate
OUT_07143,2024-08,11.6084578737564,1,Small,0,Pharmacy,DIST_W_02,Moderate
OUT_07143,2024-11,30.09861044608351,1,Small,0,Pharmacy,DIST_W_02,Moderate
OUT_07143,2024-12,15.003560511077282,2,Small,0,Pharmacy,DIST_W_02,Favorable
OUT_07143,2025-01,11.01291743268752,2,Small,0,Pharmacy,DIST_W_02,Moderate
OUT_07143,2025-02,7.50827810989526,2,Small,0,Pharmacy,DIST_W_02,Moderate
OUT_07143,2025-05,10.468934602807453,3,Small,0,Pharmacy,DIST_W_02,Un-Favorable
OUT_07143,2025-07,5.47326255412484,1,Small,0,Pharmacy,DIST_W_02,Moderate
OUT_07143,2025-09,33.275169635288634,2,Small,0,Pharmacy,DIST_W_02,Moderate
OUT_07144,2023-01,530.9580205396902,3,Large,2,Bakery,DIST_W_01,Moderate
OUT_07144,2023-02,588.9408724581489,3,Large,2,Bakery,DIST_W_01,Moderate
OUT_07144,2023-03,443.2825569261575,1,Large,2,Bakery,DIST_W_01,Moderate
OUT_07144,2023-04,869.9781663443067,4,Large,2,Bakery,DIST_W_01,Favorable
OUT_07144,2023-05,327.53672579137213,4,Large,2,Bakery,DIST_W_01,Un-Favorable
OUT_07144,2023-06,438.4213596157648,1,Large,2,Bakery,DIST_W_01,Un-Favorable
OUT_07144,2023-07,373.7630186825888,1,Large,2,Bakery,DIST_W_01,Moderate
OUT_07144,2023-08,596.3706116217946,2,Large,2,Bakery,DIST_W_01,Moderate
OUT_07144,2023-10,585.605468296894,1,Large,2,Bakery,DIST_W_01,Moderate
OUT_07144,2023-11,356.57308733275084,1,Large,2,Bakery,DIST_W_01,Moderate
OUT_07144,2023-12,976.1810542490794,2,Large,2,Bakery,DIST_W_01,Favorable
OUT_07144,2024-02,551.3762997510521,3,Large,2,Bakery,DIST_W_01,Moderate
OUT_07144,2024-03,616.825483682307,3,Large,2,Bakery,DIST_W_01,Moderate
OUT_07144,2024-04,422.7266219617413,7,Large,2,Bakery,DIST_W_01,Favorable
OUT_07144,2024-05,371.32787720532633,3,Large,2,Bakery,DIST_W_01,Un-Favorable
OUT_07144,2024-06,157.7622773781469,2,Large,2,Bakery,DIST_W_01,Un-Favorable
OUT_07144,2024-08,667.8439864773881,1,Large,2,Bakery,DIST_W_01,Moderate
OUT_07144,2024-09,539.3203849463398,2,Large,2,Bakery,DIST_W_01,Moderate
OUT_07144,2024-10,265.2202657331188,2,Large,2,Bakery,DIST_W_01,Moderate
OUT_07144,2024-12,921.1879563730892,2,Large,2,Bakery,DIST_W_01,Favorable
OUT_07144,2025-01,613.1642587997862,2,Large,2,Bakery,DIST_W_01,Moderate
OUT_07144,2025-02,327.4005853299566,2,Large,2,Bakery,DIST_W_01,Moderate
OUT_07144,2025-03,555.0481766939715,1,Large,2,Bakery,DIST_W_01,Moderate
OUT_07144,2025-04,786.8580889314542,5,Large,2,Bakery,DIST_W_01,Favorable
OUT_07144,2025-05,381.5881184473588,3,Large,2,Bakery,DIST_W_01,Un-Favorable
OUT_07144,2025-06,350.0078724888075,1,Large,2,Bakery,DIST_W_01,Un-Favorable
OUT_07144,2025-08,649.3518703629965,1,Large,2,Bakery,DIST_W_01,Moderate
OUT_07144,2025-09,558.7937271101775,2,Large,2,Bakery,DIST_W_01,Moderate
OUT_07144,2025-10,186.1231773743445,1,Large,2,Bakery,DIST_W_01,Moderate
OUT_07144,2025-11,625.0877918514301,1,Large,2,Bakery,DIST_W_01,Moderate
OUT_07144,2025-12,872.8945185759352,2,Large,2,Bakery,DIST_W_01,Favorable
OUT_07148,2023-01,573.2461201054168,3,Large,4,Bakry,DIST_W_02,Moderate
OUT_07148,2023-03,330.03922225589326,1,Large,4,Bakry,DIST_W_02,Moderate
OUT_07148,2023-04,945.2031945701568,4,Large,4,Bakry,DIST_W_02,Favorable
OUT_07148,2023-05,398.9296055390258,4,Large,4,Bakry,DIST_W_02,Un-Favorable
OUT_07148,2023-06,352.0012791985175,1,Large,4,Bakry,DIST_W_02,Un-Favorable
OUT_07148,2023-07,533.4066166101805,1,Large,4,Bakry,DIST_W_02,Moderate
OUT_07148,2023-08,467.2192509173344,2,Large,4,Bakry,DIST_W_02,Moderate
OUT_07148,2023-09,551.5421741104036,2,Large,4,Bakry,DIST_W_02,Moderate
OUT_07148,2023-10,599.0407292387237,1,Large,4,Bakry,DIST_W_02,Moderate
OUT_07148,2023-12,954.0118668561284,2,Large,4,Bakry,DIST_W_02,Favorable
OUT_07148,2024-01,622.6773388928174,2,Large,4,Bakry,DIST_W_02,Moderate
OUT_07148,2024-03,671.9784433247966,3,Large,4,Bakry,DIST_W_02,Moderate
OUT_07148,2024-04,802.9111217710574,7,Large,4,Bakry,DIST_W_02,Favorable
OUT_07148,2024-05,196.83190568480663,3,Large,4,Bakry,DIST_W_02,Un-Favorable
OUT_07148,2024-06,334.73129389424577,2,Large,4,Bakry,DIST_W_02,Un-Favorable
OUT_07148,2024-07,565.1633603637434,1,Large,4,Bakry,DIST_W_02,Moderate
OUT_07148,2024-08,599.2664278440925,1,Large,4,Bakry,DIST_W_02,Moderate
OUT_07148,2024-12,817.225168019922,2,Large,4,Bakry,DIST_W_02,Favorable
OUT_07148,2025-01,302.87196093750555,2,Large,4,Bakry,DIST_W_02,Moderate
OUT_07148,2025-02,576.5075693743121,2,Large,4,Bakry,DIST_W_02,Moderate
OUT_07148,2025-03,272.84883857021737,1,Large,4,Bakry,DIST_W_02,Moderate
OUT_07148,2025-04,851.3577665776247,5,Large,4,Bakry,DIST_W_02,Favorable
OUT_07148,2025-05,359.0818648194582,3,Large,4,Bakry,DIST_W_02,Un-Favorable
OUT_07148,2025-06,363.11348991032594,1,Large,4,Bakry,DIST_W_02,Un-Favorable
OUT_07148,2025-07,594.0099016042707,1,Large,4,Bakry,DIST_W_02,Moderate
OUT_07148,2025-08,242.4448654755236,1,Large,4,Bakry,DIST_W_02,Moderate
OUT_07148,2025-09,606.8532550543835,2,Large,4,Bakry,DIST_W_02,Moderate
OUT_07148,2025-10,574.2927269181795,1,Large,4,Bakry,DIST_W_02,Moderate
OUT_07148,2025-11,187.2111432114404,1,Large,4,Bakry,DIST_W_02,Moderate
OUT_07148,2025-12,994.7188655798084,2,Large,4,Bakry,DIST_W_02,Favorable
OUT_07151,2023-01,21.51361050512382,3,Small,0,Bakery,DIST_W_03,Moderate
OUT_07151,2023-02,40.31990113542592,3,Small,0,Bakery,DIST_W_03,Moderate
OUT_07151,2023-04,29.84614849472089,4,Small,0,Bakery,DIST_W_03,Favorable
OUT_07151,2023-05,16.73749804783415,4,Small,0,Bakery,DIST_W_03,Un-Favorable
OUT_07151,2023-07,85.24789655319076,1,Small,0,Bakery,DIST_W_03,Moderate
OUT_07151,2023-09,98.96984527761975,2,Small,0,Bakery,DIST_W_03,Moderate
OUT_07151,2023-11,30.36910721410708,1,Small,0,Bakery,DIST_W_03,Moderate
OUT_07151,2023-12,100.0963105610921,2,Small,0,Bakery,DIST_W_03,Favorable
OUT_07151,2024-04,98.43910387651944,7,Small,0,Bakery,DIST_W_03,Favorable
OUT_07151,2024-07,20.462614333325373,1,Small,0,Bakery,DIST_W_03,Moderate
OUT_07151,2024-08,31.46038315158058,1,Small,0,Bakery,DIST_W_03,Moderate
OUT_07151,2024-09,23.92948074921985,2,Small,0,Bakery,DIST_W_03,Moderate
OUT_07151,2024-11,88.86015691589499,1,Small,0,Bakery,DIST_W_03,Moderate
OUT_07151,2024-12,117.76835361284324,2,Small,0,Bakery,DIST_W_03,Favorable
OUT_07151,2025-02,21.440674651596417,2,Small,0,Bakery,DIST_W_03,Moderate
OUT_07151,2025-03,30.96298789223593,1,Small,0,Bakery,DIST_W_03,Moderate
OUT_07151,2025-04,15.505233253207615,5,Small,0,Bakery,DIST_W_03,Favorable
OUT_07151,2025-06,13.941900701318517,1,Small,0,Bakery,DIST_W_03,Un-Favorable
OUT_07151,2025-08,32.89456552766838,1,Small,0,Bakery,DIST_W_03,Moderate
OUT_07151,2025-12,25.504520103214908,2,Small,0,Bakery,DIST_W_03,Favorable
OUT_07156,2023-01,583.045472056408,3,Large,4,SMMT,DIST_W_03,Moderate
OUT_07156,2023-02,256.7044547219821,3,Large,4,SMMT,DIST_W_03,Moderate
OUT_07156,2023-03,638.149307601931,1,Large,4,SMMT,DIST_W_03,Moderate
OUT_07156,2023-04,833.3682186944222,4,Large,4,SMMT,DIST_W_03,Favorable
OUT_07156,2023-05,113.53022474298608,4,Large,4,SMMT,DIST_W_03,Un-Favorable
OUT_07156,2023-06,397.4406660055011,1,Large,4,SMMT,DIST_W_03,Un-Favorable
OUT_07156,2023-07,609.5098150722612,1,Large,4,SMMT,DIST_W_03,Moderate
OUT_07156,2023-08,590.973225184873,2,Large,4,SMMT,DIST_W_03,Moderate
OUT_07156,2023-09,607.8364762776727,2,Large,4,SMMT,DIST_W_03,Moderate
OUT_07156,2023-10,593.1533867998814,1,Large,4,SMMT,DIST_W_03,Moderate
OUT_07156,2023-11,553.3781653962889,1,Large,4,SMMT,DIST_W_03,Moderate
OUT_07156,2023-12,930.3850989812456,2,Large,4,SMMT,DIST_W_03,Favorable
OUT_07156,2024-02,450.3132315540946,3,Large,4,SMMT,DIST_W_03,Moderate
OUT_07156,2024-03,554.2125410093458,3,Large,4,SMMT,DIST_W_03,Moderate
OUT_07156,2024-04,794.603681528727,7,Large,4,SMMT,DIST_W_03,Favorable
OUT_07156,2024-05,71.9891033483717,3,Large,4,SMMT,DIST_W_03,Un-Favorable
OUT_07156,2024-06,424.27929401443816,2,Large,4,SMMT,DIST_W_03,Un-Favorable
OUT_07156,2024-07,592.1350044179894,1,Large,4,SMMT,DIST_W_03,Moderate
OUT_07156,2024-09,602.785322345085,2,Large,4,SMMT,DIST_W_03,Moderate
OUT_07156,2024-10,612.1210038804365,2,Large,4,SMMT,DIST_W_03,Moderate
OUT_07156,2024-11,595.038622176119,1,Large,4,SMMT,DIST_W_03,Moderate
OUT_07156,2024-12,952.9110052306422,2,Large,4,SMMT,DIST_W_03,Favorable
OUT_07156,2025-01,537.6949544722484,2,Large,4,SMMT,DIST_W_03,Moderate
OUT_07156,2025-02,449.3474256249448,2,Large,4,SMMT,DIST_W_03,Moderate
OUT_07156,2025-03,581.6617544790802,1,Large,4,SMMT,DIST_W_03,Moderate
OUT_07156,2025-06,116.00624025823916,1,Large,4,SMMT,DIST_W_03,Un-Favorable
OUT_07156,2025-07,583.8827666550908,1,Large,4,SMMT,DIST_W_03,Moderate
OUT_07156,2025-09,589.2100594255463,2,Large,4,SMMT,DIST_W_03,Moderate
OUT_07156,2025-11,663.908897555254,1,Large,4,SMMT,DIST_W_03,Moderate
OUT_07156,2025-12,854.9149098587249,2,Large,4,SMMT,DIST_W_03,Favorable
OUT_07203,2023-03,169.57308943232107,1,Medium,2,Bakery,DIST_W_02,Moderate
OUT_07203,2023-04,373.116939494407,4,Medium,2,Bakery,DIST_W_02,Favorable
OUT_07203,2023-05,131.88699827300857,4,Medium,2,Bakery,DIST_W_02,Un-Favorable
OUT_07203,2023-06,121.87997588370632,1,Medium,2,Bakery,DIST_W_02,Un-Favorable
OUT_07203,2023-07,68.77996972788796,1,Medium,2,Bakery,DIST_W_02,Moderate
OUT_07203,2023-10,80.36919845929089,1,Medium,2,Bakery,DIST_W_02,Moderate
OUT_07203,2023-11,77.76084190411298,1,Medium,2,Bakery,DIST_W_02,Moderate
OUT_07203,2023-12,267.8770085253024,2,Medium,2,Bakery,DIST_W_02,Favorable
OUT_07203,2024-01,106.44923461009776,2,Medium,2,Bakery,DIST_W_02,Moderate
OUT_07203,2024-02,55.4415376713332,3,Medium,2,Bakery,DIST_W_02,Moderate
OUT_07203,2024-03,165.9385588617941,3,Medium,2,Bakery,DIST_W_02,Moderate
OUT_07203,2024-05,125.8119625484252,3,Medium,2,Bakery,DIST_W_02,Un-Favorable
OUT_07203,2024-07,212.57085529086424,1,Medium,2,Bakery,DIST_W_02,Moderate
OUT_07203,2024-09,164.2642095576716,2,Medium,2,Bakery,DIST_W_02,Moderate
OUT_07203,2024-10,221.1491356587636,2,Medium,2,Bakery,DIST_W_02,Moderate
OUT_07203,2024-11,40.64199198359889,1,Medium,2,Bakery,DIST_W_02,Moderate
OUT_07203,2025-01,258.2278300414568,2,Medium,2,Bakery,DIST_W_02,Moderate
OUT_07203,2025-02,214.6231598859421,2,Medium,2,Bakery,DIST_W_02,Moderate
OUT_07203,2025-03,91.47820479753034,1,Medium,2,Bakery,DIST_W_02,Moderate
OUT_07203,2025-04,307.48475059702537,5,Medium,2,Bakery,DIST_W_02,Favorable
OUT_07203,2025-05,118.6813307351662,3,Medium,2,Bakery,DIST_W_02,Un-Favorable
OUT_07203,2025-06,28.068677970981,1,Medium,2,Bakery,DIST_W_02,Un-Favorable
OUT_07203,2025-08,144.74151088832048,1,Medium,2,Bakery,DIST_W_02,Moderate
OUT_07203,2025-09,104.95752854332362,2,Medium,2,Bakery,DIST_W_02,Moderate
OUT_07203,2025-10,95.51447788867196,1,Medium,2,Bakery,DIST_W_02,Moderate
OUT_07203,2025-12,109.53932664015768,2,Medium,2,Bakery,DIST_W_02,Favorable
OUT_07224,2023-01,13.575307748304468,3,,1,Eatery,DIST_W_01,Moderate
OUT_07224,2023-09,74.90317568945986,2,,1,Eatery,DIST_W_01,Moderate
OUT_07224,2023-12,130.8148101074498,2,,1,Eatery,DIST_W_01,Favorable
OUT_07224,2024-02,92.8579389867678,3,,1,Eatery,DIST_W_01,Moderate
OUT_07224,2024-04,46.27679436780194,7,,1,Eatery,DIST_W_01,Favorable
OUT_07224,2024-07,22.771901855537028,1,,1,Eatery,DIST_W_01,Moderate
OUT_07224,2024-08,26.302286256773108,1,,1,Eatery,DIST_W_01,Moderate
OUT_07224,2024-09,13.640353195834932,2,,1,Eatery,DIST_W_01,Moderate
OUT_07224,2024-11,2.419909012326763,1,,1,Eatery,DIST_W_01,Moderate
OUT_07224,2024-12,15.217484304731135,2,,1,Eatery,DIST_W_01,Favorable
OUT_07224,2025-01,9.941964072143236,2,,1,Eatery,DIST_W_01,Moderate
OUT_07224,2025-02,25.59508665928363,2,,1,Eatery,DIST_W_01,Moderate
OUT_07224,2025-03,16.581289901616245,1,,1,Eatery,DIST_W_01,Moderate
OUT_07233,2023-02,1358.5649818143766,3,Extra Large,4, Eatery ,DIST_W_02,Moderate
OUT_07233,2023-03,1405.6219255520748,1,Extra Large,4, Eatery ,DIST_W_02,Moderate
OUT_07233,2023-05,855.31408952064,4,Extra Large,4, Eatery ,DIST_W_02,Un-Favorable
OUT_07233,2023-06,817.0720306590158,1,Extra Large,4, Eatery ,DIST_W_02,Un-Favorable
OUT_07233,2023-07,1261.3953371517289,1,Extra Large,4, Eatery ,DIST_W_02,Moderate
OUT_07233,2023-08,1409.6996591164889,2,Extra Large,4, Eatery ,DIST_W_02,Moderate
OUT_07233,2023-09,1337.9259105672174,2,Extra Large,4, Eatery ,DIST_W_02,Moderate
OUT_07233,2023-10,1287.393416316499,1,Extra Large,4, Eatery ,DIST_W_02,Moderate
OUT_07233,2023-11,1170.1350738608423,1,Extra Large,4, Eatery ,DIST_W_02,Moderate
OUT_07233,2023-12,1928.1395189302664,2,Extra Large,4, Eatery ,DIST_W_02,Favorable
OUT_07233,2024-01,1288.869074492804,2,Extra Large,4, Eatery ,DIST_W_02,Moderate
OUT_07233,2024-02,1335.2842198080525,3,Extra Large,4, Eatery ,DIST_W_02,Moderate
OUT_07233,2024-03,1329.885507423716,3,Extra Large,4, Eatery ,DIST_W_02,Moderate
OUT_07233,2024-04,1947.173403208096,7,Extra Large,4, Eatery ,DIST_W_02,Favorable
OUT_07233,2024-05,904.8734960377304,3,Extra Large,4, Eatery ,DIST_W_02,Un-Favorable
OUT_07233,2024-06,791.7501559316473,2,Extra Large,4, Eatery ,DIST_W_02,Un-Favorable
OUT_07233,2024-07,1433.377408659976,1,Extra Large,4, Eatery ,DIST_W_02,Moderate
OUT_07233,2024-08,1398.5173964926475,1,Extra Large,4, Eatery ,DIST_W_02,Moderate
OUT_07233,2024-09,1376.5570316599706,2,Extra Large,4, Eatery ,DIST_W_02,Moderate
OUT_07233,2024-11,1323.5493622411389,1,Extra Large,4, Eatery ,DIST_W_02,Moderate
OUT_07233,2024-12,1801.7462104610424,2,Extra Large,4, Eatery ,DIST_W_02,Favorable
OUT_07233,2025-01,1293.4343487928256,2,Extra Large,4, Eatery ,DIST_W_02,Moderate
OUT_07233,2025-02,1330.2876158877018,2,Extra Large,4, Eatery ,DIST_W_02,Moderate
OUT_07233,2025-03,1257.0774528068662,1,Extra Large,4, Eatery ,DIST_W_02,Moderate
OUT_07233,2025-04,1978.918247631871,5,Extra Large,4, Eatery ,DIST_W_02,Favorable
OUT_07233,2025-05,881.1667221934091,3,Extra Large,4, Eatery ,DIST_W_02,Un-Favorable
OUT_07233,2025-06,921.8038844484826,1,Extra Large,4, Eatery ,DIST_W_02,Un-Favorable
OUT_07233,2025-07,1331.8659655593303,1,Extra Large,4, Eatery ,DIST_W_02,Moderate
OUT_07233,2025-08,1365.052002266401,1,Extra Large,4, Eatery ,DIST_W_02,Moderate
OUT_07233,2025-09,1335.6399484821334,2,Extra Large,4, Eatery ,DIST_W_02,Moderate
OUT_07233,2025-10,1305.978393683965,1,Extra Large,4, Eatery ,DIST_W_02,Moderate
OUT_07233,2025-11,1359.1859274618223,1,Extra Large,4, Eatery ,DIST_W_02,Moderate
OUT_07233,2025-12,1860.4065802281368,2,Extra Large,4, Eatery ,DIST_W_02,Favorable
OUT_07261,2023-01,13.979029675224703,3,Small,1,Pharmacy,DIST_W_02,Moderate
OUT_07261,2023-02,112.38308467514103,3,Small,1,Pharmacy,DIST_W_02,Moderate
OUT_07261,2023-03,14.784490522621113,1,Small,1,Pharmacy,DIST_W_02,Moderate
OUT_07261,2023-06,51.95560509937395,1,Small,1,Pharmacy,DIST_W_02,Un-Favorable
OUT_07261,2023-11,48.86242490560589,1,Small,1,Pharmacy,DIST_W_02,Moderate
OUT_07261,2024-01,46.26920727462411,2,Small,1,Pharmacy,DIST_W_02,Moderate
OUT_07261,2024-02,110.23661685135532,3,Small,1,Pharmacy,DIST_W_02,Moderate
OUT_07261,2024-04,143.0222816950284,7,Small,1,Pharmacy,DIST_W_02,Favorable
OUT_07261,2024-05,51.13904493716569,3,Small,1,Pharmacy,DIST_W_02,Un-Favorable
OUT_07261,2024-07,10.333207633555308,1,Small,1,Pharmacy,DIST_W_02,Moderate
OUT_07261,2024-08,12.547931540310287,1,Small,1,Pharmacy,DIST_W_02,Moderate
OUT_07261,2024-09,75.34114037578087,2,Small,1,Pharmacy,DIST_W_02,Moderate
OUT_07261,2024-11,41.23383215085536,1,Small,1,Pharmacy,DIST_W_02,Moderate
OUT_07261,2025-01,74.91916548104342,2,Small,1,Pharmacy,DIST_W_02,Moderate
OUT_07261,2025-02,11.84086730509616,2,Small,1,Pharmacy,DIST_W_02,Moderate
OUT_07261,2025-04,110.0270415355318,5,Small,1,Pharmacy,DIST_W_02,Favorable
OUT_07261,2025-06,6.662914389080022,1,Small,1,Pharmacy,DIST_W_02,Un-Favorable
OUT_07261,2025-07,24.77819174368421,1,Small,1,Pharmacy,DIST_W_02,Moderate
OUT_07261,2025-09,9.444854228235783,2,Small,1,Pharmacy,DIST_W_02,Moderate
OUT_07261,2025-10,36.99230394187542,1,Small,1,Pharmacy,DIST_W_02,Moderate
OUT_07261,2025-11,63.39194334969962,1,Small,1,Pharmacy,DIST_W_02,Moderate
OUT_07261,2025-12,133.24133698014543,2,Small,1,Pharmacy,DIST_W_02,Favorable
OUT_07299,2023-01,20.049430308387823,3,Small,0,Eatery,DIST_W_03,Moderate
OUT_07299,2023-03,80.31738698296455,1,Small,0,Eatery,DIST_W_03,Moderate
OUT_07299,2023-04,24.80888358311809,4,Small,0,Eatery,DIST_W_03,Favorable
OUT_07299,2023-06,16.206333474961152,1,Small,0,Eatery,DIST_W_03,Un-Favorable
OUT_07299,2023-07,19.79710174081481,1,Small,0,Eatery,DIST_W_03,Moderate
OUT_07299,2023-12,16.237596823752547,2,Small,0,Eatery,DIST_W_03,Favorable
OUT_07299,2024-02,28.119620128474764,3,Small,0,Eatery,DIST_W_03,Moderate
OUT_07299,2024-08,36.94704788577438,1,Small,0,Eatery,DIST_W_03,Moderate
OUT_07299,2024-11,77.7870875841871,1,Small,0,Eatery,DIST_W_03,Moderate
OUT_07299,2024-12,46.733124882675824,2,Small,0,Eatery,DIST_W_03,Favorable
OUT_07299,2025-01,15.99351601109574,2,Small,0,Eatery,DIST_W_03,Moderate
OUT_07299,2025-02,31.818546631191087,2,Small,0,Eatery,DIST_W_03,Moderate
OUT_07299,2025-04,19.41952640206026,5,Small,0,Eatery,DIST_W_03,Favorable
OUT_07299,2025-05,7.827763058468939,3,Small,0,Eatery,DIST_W_03,Un-Favorable
OUT_07299,2025-06,9.510769987548612,1,Small,0,Eatery,DIST_W_03,Un-Favorable
OUT_07299,2025-07,25.657680084979447,1,Small,0,Eatery,DIST_W_03,Moderate
OUT_07299,2025-08,24.64597736637097,1,Small,0,Eatery,DIST_W_03,Moderate
OUT_07299,2025-09,3.039014568590889,2,Small,0,Eatery,DIST_W_03,Moderate
OUT_07299,2025-11,37.02290748893804,1,Small,0,Eatery,DIST_W_03,Moderate
OUT_07310,2023-02,102.77935559558372,3,small,0,Pharmacy,DIST_W_01,Moderate
OUT_07310,2023-03,23.506989502405084,1,small,0,Pharmacy,DIST_W_01,Moderate
OUT_07310,2023-05,15.294393548906848,4,small,0,Pharmacy,DIST_W_01,Un-Favorable
OUT_07310,2023-06,29.539113428695444,1,small,0,Pharmacy,DIST_W_01,Un-Favorable
OUT_07310,2023-07,2.7445285316616683,1,small,0,Pharmacy,DIST_W_01,Moderate
OUT_07310,2023-08,22.17285433712537,2,small,0,Pharmacy,DIST_W_01,Moderate
OUT_07310,2023-10,16.6462332283786,1,small,0,Pharmacy,DIST_W_01,Moderate
OUT_07310,2023-11,70.32894594615821,1,small,0,Pharmacy,DIST_W_01,Moderate
OUT_07310,2023-12,123.19538483556066,2,small,0,Pharmacy,DIST_W_01,Favorable
OUT_07310,2024-01,79.91736458032172,2,small,0,Pharmacy,DIST_W_01,Moderate
OUT_07310,2024-02,61.39551838399305,3,small,0,Pharmacy,DIST_W_01,Moderate
OUT_07310,2024-03,16.592108488289945,3,small,0,Pharmacy,DIST_W_01,Moderate
OUT_07310,2024-05,11.632202312353057,3,small,0,Pharmacy,DIST_W_01,Un-Favorable
OUT_07310,2024-06,35.8470385756576,2,small,0,Pharmacy,DIST_W_01,Un-Favorable
OUT_07310,2024-08,8.281144642767734,1,small,0,Pharmacy,DIST_W_01,Moderate
OUT_07310,2024-11,41.89958346336122,1,small,0,Pharmacy,DIST_W_01,Moderate
OUT_07310,2024-12,41.31898848520548,2,small,0,Pharmacy,DIST_W_01,Favorable
OUT_07310,2025-02,62.02222496836304,2,small,0,Pharmacy,DIST_W_01,Moderate
OUT_07310,2025-04,111.8964037694582,5,small,0,Pharmacy,DIST_W_01,Favorable
OUT_07310,2025-06,26.359629095171595,1,small,0,Pharmacy,DIST_W_01,Un-Favorable
OUT_07310,2025-07,105.61352814810692,1,small,0,Pharmacy,DIST_W_01,Moderate
OUT_07310,2025-09,21.29842880569001,2,small,0,Pharmacy,DIST_W_01,Moderate
OUT_07310,2025-10,35.203297503935126,1,small,0,Pharmacy,DIST_W_01,Moderate
OUT_07310,2025-12,84.08499942747932,2,small,0,Pharmacy,DIST_W_01,Favorable
OUT_07311,2023-02,187.91658070741605,3,Medium,1, Eatery ,DIST_W_02,Moderate
OUT_07311,2023-03,32.101888256236364,1,Medium,1, Eatery ,DIST_W_02,Moderate
OUT_07311,2023-05,127.67772254581934,4,Medium,1, Eatery ,DIST_W_02,Un-Favorable
OUT_07311,2023-06,13.39537021914649,1,Medium,1, Eatery ,DIST_W_02,Un-Favorable
OUT_07311,2023-07,84.08050679906475,1,Medium,1, Eatery ,DIST_W_02,Moderate
OUT_07311,2023-08,233.13019135999363,2,Medium,1, Eatery ,DIST_W_02,Moderate
OUT_07311,2023-10,40.725307184982185,1,Medium,1, Eatery ,DIST_W_02,Moderate
OUT_07311,2023-11,241.3655572183763,1,Medium,1, Eatery ,DIST_W_02,Moderate
OUT_07311,2023-12,265.0026834848049,2,Medium,1, Eatery ,DIST_W_02,Favorable
OUT_07311,2024-01,81.31651273921129,2,Medium,1, Eatery ,DIST_W_02,Moderate
OUT_07311,2024-02,182.01069311233232,3,Medium,1, Eatery ,DIST_W_02,Moderate
OUT_07311,2024-03,93.68538943548724,3,Medium,1, Eatery ,DIST_W_02,Moderate
OUT_07311,2024-05,118.1676252615594,3,Medium,1, Eatery ,DIST_W_02,Un-Favorable
OUT_07311,2024-06,132.53813269199298,2,Medium,1, Eatery ,DIST_W_02,Un-Favorable
OUT_07311,2024-09,89.76961297864317,2,Medium,1, Eatery ,DIST_W_02,Moderate
OUT_07311,2024-12,314.40107711992084,2,Medium,1, Eatery ,DIST_W_02,Favorable
OUT_07311,2025-01,69.76564859205287,2,Medium,1, Eatery ,DIST_W_02,Moderate
OUT_07311,2025-05,117.95605330419866,3,Medium,1, Eatery ,DIST_W_02,Un-Favorable
OUT_07311,2025-06,56.20619065706151,1,Medium,1, Eatery ,DIST_W_02,Un-Favorable
OUT_07311,2025-08,92.00154491804138,1,Medium,1, Eatery ,DIST_W_02,Moderate
OUT_07311,2025-10,157.64467431198986,1,Medium,1, Eatery ,DIST_W_02,Moderate
OUT_07311,2025-12,223.8952857563904,2,Medium,1, Eatery ,DIST_W_02,Favorable
OUT_07322,2023-01,116.88657523619528,3,Medium,2,Pharmacy,DIST_W_03,Moderate
OUT_07322,2023-02,206.10236576971144,3,Medium,2,Pharmacy,DIST_W_03,Moderate
OUT_07322,2023-03,186.74153105445288,1,Medium,2,Pharmacy,DIST_W_03,Moderate
OUT_07322,2023-05,38.40480457897658,4,Medium,2,Pharmacy,DIST_W_03,Un-Favorable
OUT_07322,2023-07,188.79937190136752,1,Medium,2,Pharmacy,DIST_W_03,Moderate
OUT_07322,2023-08,21.616235447891487,2,Medium,2,Pharmacy,DIST_W_03,Moderate
OUT_07322,2023-10,33.04808503782219,1,Medium,2,Pharmacy,DIST_W_03,Moderate
OUT_07322,2023-11,54.27281735926773,1,Medium,2,Pharmacy,DIST_W_03,Moderate
OUT_07322,2023-12,103.45301124602967,2,Medium,2,Pharmacy,DIST_W_03,Favorable
OUT_07322,2024-02,226.39384997016663,3,Medium,2,Pharmacy,DIST_W_03,Moderate
OUT_07322,2024-03,177.44016353754347,3,Medium,2,Pharmacy,DIST_W_03,Moderate
OUT_07322,2024-04,279.7421630673268,7,Medium,2,Pharmacy,DIST_W_03,Favorable
OUT_07322,2024-05,99.16865642009166,3,Medium,2,Pharmacy,DIST_W_03,Un-Favorable
OUT_07322,2024-06,30.273450281282845,2,Medium,2,Pharmacy,DIST_W_03,Un-Favorable
OUT_07322,2024-07,58.51132497789071,1,Medium,2,Pharmacy,DIST_W_03,Moderate
OUT_07322,2024-09,66.97815783580018,2,Medium,2,Pharmacy,DIST_W_03,Moderate
OUT_07322,2024-10,49.805485582091485,2,Medium,2,Pharmacy,DIST_W_03,Moderate
OUT_07322,2024-12,120.30256414236077,2,Medium,2,Pharmacy,DIST_W_03,Favorable
OUT_07322,2025-01,19.73695182323449,2,Medium,2,Pharmacy,DIST_W_03,Moderate
OUT_07322,2025-03,203.9538259881592,1,Medium,2,Pharmacy,DIST_W_03,Moderate
OUT_07322,2025-04,342.26199923439094,5,Medium,2,Pharmacy,DIST_W_03,Favorable
OUT_07322,2025-05,64.6054506926732,3,Medium,2,Pharmacy,DIST_W_03,Un-Favorable
OUT_07322,2025-06,137.2461745253252,1,Medium,2,Pharmacy,DIST_W_03,Un-Favorable
OUT_07322,2025-07,153.34202235097533,1,Medium,2,Pharmacy,DIST_W_03,Moderate
OUT_07322,2025-09,206.0170171296197,2,Medium,2,Pharmacy,DIST_W_03,Moderate
OUT_07322,2025-10,86.13951657805534,1,Medium,2,Pharmacy,DIST_W_03,Moderate
OUT_07322,2025-11,82.56891317575389,1,Medium,2,Pharmacy,DIST_W_03,Moderate
OUT_07322,2025-12,214.8161223410719,2,Medium,2,Pharmacy,DIST_W_03,Favorable
OUT_07329,2023-02,166.65268540610134,3,Medium,2,SMMT,DIST_W_03,Moderate
OUT_07329,2023-04,247.316013430956,4,Medium,2,SMMT,DIST_W_03,Favorable
OUT_07329,2023-05,91.68139678048276,4,Medium,2,SMMT,DIST_W_03,Un-Favorable
OUT_07329,2023-08,92.17690705819848,2,Medium,2,SMMT,DIST_W_03,Moderate
OUT_07329,2023-10,221.48801391256976,1,Medium,2,SMMT,DIST_W_03,Moderate
OUT_07329,2023-11,74.25317491195295,1,Medium,2,SMMT,DIST_W_03,Moderate
OUT_07329,2023-12,206.5364741981329,2,Medium,2,SMMT,DIST_W_03,Favorable
OUT_07329,2024-01,165.73844468859755,2,Medium,2,SMMT,DIST_W_03,Moderate
OUT_07329,2024-03,144.01206036866637,3,Medium,2,SMMT,DIST_W_03,Moderate
OUT_07329,2024-05,87.45591047664053,3,Medium,2,SMMT,DIST_W_03,Un-Favorable
OUT_07329,2024-08,119.98569044961889,1,Medium,2,SMMT,DIST_W_03,Moderate
OUT_07329,2024-09,129.5542966915803,2,Medium,2,SMMT,DIST_W_03,Moderate
OUT_07329,2024-10,184.53234074514864,2,Medium,2,SMMT,DIST_W_03,Moderate
OUT_07329,2024-11,189.0690684956616,1,Medium,2,SMMT,DIST_W_03,Moderate
OUT_07329,2024-12,252.2620679529433,2,Medium,2,SMMT,DIST_W_03,Favorable
OUT_07329,2025-03,189.9668659963544,1,Medium,2,SMMT,DIST_W_03,Moderate
OUT_07329,2025-04,328.4250837126113,5,Medium,2,SMMT,DIST_W_03,Favorable
OUT_07329,2025-06,13.387417593942772,1,Medium,2,SMMT,DIST_W_03,Un-Favorable
OUT_07329,2025-07,59.48468022224111,1,Medium,2,SMMT,DIST_W_03,Moderate
OUT_07329,2025-10,146.0769617982422,1,Medium,2,SMMT,DIST_W_03,Moderate
OUT_07329,2025-11,33.106741007812474,1,Medium,2,SMMT,DIST_W_03,Moderate
OUT_07329,2025-12,123.98461331695032,2,Medium,2,SMMT,DIST_W_03,Favorable
OUT_07332,2023-09,64.66751287163574,2,Small,1,Kiosk,DIST_W_02,Moderate
OUT_07332,2023-11,96.66308294089136,1,Small,1,Kiosk,DIST_W_02,Moderate
OUT_07332,2023-12,98.11205684329956,2,Small,1,Kiosk,DIST_W_02,Favorable
OUT_07332,2024-03,43.58148643054511,3,Small,1,Kiosk,DIST_W_02,Moderate
OUT_07332,2024-04,19.56144080750389,7,Small,1,Kiosk,DIST_W_02,Favorable
OUT_07332,2024-05,38.77130769305388,3,Small,1,Kiosk,DIST_W_02,Un-Favorable
OUT_07332,2024-07,34.77906717358192,1,Small,1,Kiosk,DIST_W_02,Moderate
OUT_07332,2024-09,15.96823479034492,2,Small,1,Kiosk,DIST_W_02,Moderate
OUT_07332,2024-10,28.83357176418878,2,Small,1,Kiosk,DIST_W_02,Moderate
OUT_07332,2024-12,42.599942175753206,2,Small,1,Kiosk,DIST_W_02,Favorable
OUT_07332,2025-02,23.078394981866964,2,Small,1,Kiosk,DIST_W_02,Moderate
OUT_07332,2025-04,19.44927574093119,5,Small,1,Kiosk,DIST_W_02,Favorable
OUT_07332,2025-05,3.1963921787098184,3,Small,1,Kiosk,DIST_W_02,Un-Favorable
OUT_07332,2025-06,2.588889082736136,1,Small,1,Kiosk,DIST_W_02,Un-Favorable
OUT_07332,2025-07,27.197722487195502,1,Small,1,Kiosk,DIST_W_02,Moderate
OUT_07332,2025-10,41.83406449292771,1,Small,1,Kiosk,DIST_W_02,Moderate
OUT_07335,2023-01,416.44818397014967,3,Large,3,Bakery,DIST_W_02,Moderate
OUT_07335,2023-02,640.102375431684,3,Large,3,Bakery,DIST_W_02,Moderate
OUT_07335,2023-03,612.5021142365864,1,Large,3,Bakery,DIST_W_02,Moderate
OUT_07335,2023-05,390.3898982188516,4,Large,3,Bakery,DIST_W_02,Un-Favorable
OUT_07335,2023-08,300.6506888795224,2,Large,3,Bakery,DIST_W_02,Moderate
OUT_07335,2023-09,242.683583416088,2,Large,3,Bakery,DIST_W_02,Moderate
OUT_07335,2023-11,571.5231504111691,1,Large,3,Bakery,DIST_W_02,Moderate
OUT_07335,2023-12,948.0151303526286,2,Large,3,Bakery,DIST_W_02,Favorable
OUT_07335,2024-01,607.7140561226084,2,Large,3,Bakery,DIST_W_02,Moderate
OUT_07335,2024-02,559.107615709059,3,Large,3,Bakery,DIST_W_02,Moderate
OUT_07335,2024-03,638.5940757452001,3,Large,3,Bakery,DIST_W_02,Moderate
OUT_07335,2024-04,824.547000296602,7,Large,3,Bakery,DIST_W_02,Favorable
OUT_07335,2024-05,406.9838988419714,3,Large,3,Bakery,DIST_W_02,Un-Favorable
OUT_07335,2024-08,200.8226006527712,1,Large,3,Bakery,DIST_W_02,Moderate
OUT_07335,2024-09,261.3115497703703,2,Large,3,Bakery,DIST_W_02,Moderate
OUT_07335,2024-11,617.9330201144357,1,Large,3,Bakery,DIST_W_02,Moderate
OUT_07335,2024-12,844.4906743044621,2,Large,3,Bakery,DIST_W_02,Favorable
OUT_07335,2025-01,577.9232917201462,2,Large,3,Bakery,DIST_W_02,Moderate
OUT_07335,2025-02,614.7489871481843,2,Large,3,Bakery,DIST_W_02,Moderate
OUT_07335,2025-03,348.6910425451566,1,Large,3,Bakery,DIST_W_02,Moderate
OUT_07335,2025-04,864.1066672298082,5,Large,3,Bakery,DIST_W_02,Favorable
OUT_07335,2025-05,413.4786547153243,3,Large,3,Bakery,DIST_W_02,Un-Favorable
OUT_07335,2025-06,410.3358418562224,1,Large,3,Bakery,DIST_W_02,Un-Favorable
OUT_07335,2025-07,696.8451168950835,1,Large,3,Bakery,DIST_W_02,Moderate
OUT_07335,2025-08,657.7142977603905,1,Large,3,Bakery,DIST_W_02,Moderate
OUT_07335,2025-09,613.9564643365521,2,Large,3,Bakery,DIST_W_02,Moderate
OUT_07335,2025-10,284.4705351395767,1,Large,3,Bakery,DIST_W_02,Moderate
OUT_07335,2025-11,661.0857315484212,1,Large,3,Bakery,DIST_W_02,Moderate
OUT_07335,2025-12,890.7708906730393,2,Large,3,Bakery,DIST_W_02,Favorable
OUT_07392,2023-05,10.23095403254295,4,Small,1,Hotel,DIST_W_02,Un-Favorable
OUT_07392,2023-09,76.34864766515516,2,Small,1,Hotel,DIST_W_02,Moderate
OUT_07392,2023-12,15.743157636677433,2,Small,1,Hotel,DIST_W_02,Favorable
OUT_07392,2024-01,9.992117037117591,2,Small,1,Hotel,DIST_W_02,Moderate
OUT_07392,2024-02,15.90946944596842,3,Small,1,Hotel,DIST_W_02,Moderate
OUT_07392,2024-06,3.9844582151486696,2,Small,1,Hotel,DIST_W_02,Un-Favorable
OUT_07392,2024-08,12.845502394551913,1,Small,1,Hotel,DIST_W_02,Moderate
OUT_07392,2024-11,82.77061145868679,1,Small,1,Hotel,DIST_W_02,Moderate
OUT_07392,2025-02,19.368294764166123,2,Small,1,Hotel,DIST_W_02,Moderate
OUT_07392,2025-03,84.19745643867995,1,Small,1,Hotel,DIST_W_02,Moderate
OUT_07392,2025-05,17.243105428999208,3,Small,1,Hotel,DIST_W_02,Un-Favorable
OUT_07392,2025-08,3.3956738408881506,1,Small,1,Hotel,DIST_W_02,Moderate
OUT_07392,2025-10,22.1345419824413,1,Small,1,Hotel,DIST_W_02,Moderate
OUT_07396,2023-01,241.80543079813933,3,Medium,1,Grocery,DIST_W_03,Moderate
OUT_07396,2023-03,149.40405723634038,1,Medium,1,Grocery,DIST_W_03,Moderate
OUT_07396,2023-05,42.26850481543183,4,Medium,1,Grocery,DIST_W_03,Un-Favorable
OUT_07396,2023-06,50.09559000079494,1,Medium,1,Grocery,DIST_W_03,Un-Favorable
OUT_07396,2023-07,99.51591114692964,1,Medium,1,Grocery,DIST_W_03,Moderate
OUT_07396,2023-11,111.25445934895345,1,Medium,1,Grocery,DIST_W_03,Moderate
OUT_07396,2023-12,386.6575726395589,2,Medium,1,Grocery,DIST_W_03,Favorable
OUT_07396,2024-02,198.32585697232267,3,Medium,1,Grocery,DIST_W_03,Moderate
OUT_07396,2024-03,88.21467468864574,3,Medium,1,Grocery,DIST_W_03,Moderate
OUT_07396,2024-05,30.14942555863092,3,Medium,1,Grocery,DIST_W_03,Un-Favorable
OUT_07396,2024-07,121.92582888519225,1,Medium,1,Grocery,DIST_W_03,Moderate
OUT_07396,2024-08,197.18133017084745,1,Medium,1,Grocery,DIST_W_03,Moderate
OUT_07396,2024-09,169.3426568959672,2,Medium,1,Grocery,DIST_W_03,Moderate
OUT_07396,2024-10,75.42133993734123,2,Medium,1,Grocery,DIST_W_03,Moderate
OUT_07396,2024-11,167.4128362488899,1,Medium,1,Grocery,DIST_W_03,Moderate
OUT_07396,2025-01,89.34037170866475,2,Medium,1,Grocery,DIST_W_03,Moderate
OUT_07396,2025-02,124.56720080787863,2,Medium,1,Grocery,DIST_W_03,Moderate
OUT_07396,2025-03,205.84340476755915,1,Medium,1,Grocery,DIST_W_03,Moderate
OUT_07396,2025-04,177.21860850717096,5,Medium,1,Grocery,DIST_W_03,Favorable
OUT_07396,2025-05,120.08773712450729,3,Medium,1,Grocery,DIST_W_03,Un-Favorable
OUT_07396,2025-06,30.806291737383816,1,Medium,1,Grocery,DIST_W_03,Un-Favorable
OUT_07396,2025-07,76.16971818907618,1,Medium,1,Grocery,DIST_W_03,Moderate
OUT_07396,2025-08,120.46937697483304,1,Medium,1,Grocery,DIST_W_03,Moderate
OUT_07396,2025-10,232.661739355816,1,Medium,1,Grocery,DIST_W_03,Moderate
OUT_07396,2025-11,62.72307677190223,1,Medium,1,Grocery,DIST_W_03,Moderate
OUT_07419,2023-01,12.05971032079368,3,Small,0,Bakery,DIST_W_03,Moderate
OUT_07419,2023-03,27.15160584150512,1,Small,0,Bakery,DIST_W_03,Moderate
OUT_07419,2023-04,116.47684666539406,4,Small,0,Bakery,DIST_W_03,Favorable
OUT_07419,2023-05,9.86354424723129,4,Small,0,Bakery,DIST_W_03,Un-Favorable
OUT_07419,2023-06,49.48495695012948,1,Small,0,Bakery,DIST_W_03,Un-Favorable
OUT_07419,2023-11,34.448707139206874,1,Small,0,Bakery,DIST_W_03,Moderate
OUT_07419,2024-01,87.12591060975096,2,Small,0,Bakery,DIST_W_03,Moderate
OUT_07419,2024-03,31.67319259823398,3,Small,0,Bakery,DIST_W_03,Moderate
OUT_07419,2024-05,6.479512685249357,3,Small,0,Bakery,DIST_W_03,Un-Favorable
OUT_07419,2024-07,29.91937572439437,1,Small,0,Bakery,DIST_W_03,Moderate
OUT_07419,2024-10,37.10178727674106,2,Small,0,Bakery,DIST_W_03,Moderate
OUT_07419,2024-11,23.93917096072592,1,Small,0,Bakery,DIST_W_03,Moderate
OUT_07419,2025-02,81.90990914295654,2,Small,0,Bakery,DIST_W_03,Moderate
OUT_07419,2025-03,3.343139524132611,1,Small,0,Bakery,DIST_W_03,Moderate
OUT_07419,2025-12,25.837316220501545,2,Small,0,Bakery,DIST_W_03,Favorable
OUT_07430,2023-02,97.28444080630588,3,Small,0,Grocry,DIST_W_02,Moderate
OUT_07430,2023-03,25.38335327226916,1,Small,0,Grocry,DIST_W_02,Moderate
OUT_07430,2023-04,40.38857909375074,4,Small,0,Grocry,DIST_W_02,Favorable
OUT_07430,2023-08,35.387034463650245,2,Small,0,Grocry,DIST_W_02,Moderate
OUT_07430,2023-09,77.5964819052431,2,Small,0,Grocry,DIST_W_02,Moderate
OUT_07430,2023-10,12.483077972816693,1,Small,0,Grocry,DIST_W_02,Moderate
OUT_07430,2023-12,42.55667994950704,2,Small,0,Grocry,DIST_W_02,Favorable
OUT_07430,2024-04,77.30660673054095,7,Small,0,Grocry,DIST_W_02,Favorable
OUT_07430,2024-07,8.052502295559766,1,Small,0,Grocry,DIST_W_02,Moderate
OUT_07430,2024-11,63.4176412905459,1,Small,0,Grocry,DIST_W_02,Moderate
OUT_07430,2025-01,29.16082260040123,2,Small,0,Grocry,DIST_W_02,Moderate
OUT_07430,2025-02,34.45690150493098,2,Small,0,Grocry,DIST_W_02,Moderate
OUT_07430,2025-05,23.283701938727457,3,Small,0,Grocry,DIST_W_02,Un-Favorable
OUT_07430,2025-07,47.54291827879881,1,Small,0,Grocry,DIST_W_02,Moderate
OUT_07430,2025-10,88.01771110606921,1,Small,0,Grocry,DIST_W_02,Moderate
OUT_07450,2023-04,19.00095798307173,4,Small,1,Kiosk,DIST_W_03,Favorable
OUT_07450,2023-06,44.464676331328846,1,Small,1,Kiosk,DIST_W_03,Un-Favorable
OUT_07450,2023-07,31.563932510164022,1,Small,1,Kiosk,DIST_W_03,Moderate
OUT_07450,2023-08,18.28752888434557,2,Small,1,Kiosk,DIST_W_03,Moderate
OUT_07450,2023-09,14.86818277894853,2,Small,1,Kiosk,DIST_W_03,Moderate
OUT_07450,2024-02,70.11210533279343,3,Small,1,Kiosk,DIST_W_03,Moderate
OUT_07450,2024-03,13.03902863219702,3,Small,1,Kiosk,DIST_W_03,Moderate
OUT_07450,2024-05,3.2941611931488355,3,Small,1,Kiosk,DIST_W_03,Un-Favorable
OUT_07450,2024-06,39.470440090950135,2,Small,1,Kiosk,DIST_W_03,Un-Favorable
OUT_07450,2024-08,14.984790005545385,1,Small,1,Kiosk,DIST_W_03,Moderate
OUT_07450,2024-09,21.214773343352785,2,Small,1,Kiosk,DIST_W_03,Moderate
OUT_07450,2024-11,10.836148967283563,1,Small,1,Kiosk,DIST_W_03,Moderate
OUT_07450,2025-03,40.50227036783227,1,Small,1,Kiosk,DIST_W_03,Moderate
OUT_07450,2025-04,32.57370566185862,5,Small,1,Kiosk,DIST_W_03,Favorable
OUT_07450,2025-08,109.6407846675069,1,Small,1,Kiosk,DIST_W_03,Moderate
OUT_07450,2025-10,12.846232418597054,1,Small,1,Kiosk,DIST_W_03,Moderate
OUT_07482,2023-01,17.68226666213291,3,Small,0,SMMT,DIST_W_03,Moderate
OUT_07482,2023-02,8.16790086865696,3,Small,0,SMMT,DIST_W_03,Moderate
OUT_07482,2023-03,23.35436463367719,1,Small,0,SMMT,DIST_W_03,Moderate
OUT_07482,2023-04,107.87869897438804,4,Small,0,SMMT,DIST_W_03,Favorable
OUT_07482,2023-05,15.183825752160756,4,Small,0,SMMT,DIST_W_03,Un-Favorable
OUT_07482,2023-09,18.072530004554224,2,Small,0,SMMT,DIST_W_03,Moderate
OUT_07482,2024-02,8.498966307190194,3,Small,0,SMMT,DIST_W_03,Moderate
OUT_07482,2024-04,23.55294794717889,7,Small,0,SMMT,DIST_W_03,Favorable
OUT_07482,2024-05,35.11259986612618,3,Small,0,SMMT,DIST_W_03,Un-Favorable
OUT_07482,2024-06,13.705194456345252,2,Small,0,SMMT,DIST_W_03,Un-Favorable
OUT_07482,2024-09,20.82041955112061,2,Small,0,SMMT,DIST_W_03,Moderate
OUT_07482,2024-11,20.77053318613072,1,Small,0,SMMT,DIST_W_03,Moderate
OUT_07482,2025-01,84.9945388011717,2,Small,0,SMMT,DIST_W_03,Moderate
OUT_07482,2025-03,9.236673201137553,1,Small,0,SMMT,DIST_W_03,Moderate
OUT_07482,2025-05,7.57005679297102,3,Small,0,SMMT,DIST_W_03,Un-Favorable
OUT_07482,2025-06,1.7141290092190642,1,Small,0,SMMT,DIST_W_03,Un-Favorable
OUT_07482,2025-07,10.966024855850176,1,Small,0,SMMT,DIST_W_03,Moderate
OUT_07482,2025-10,79.56259439794295,1,Small,0,SMMT,DIST_W_03,Moderate
OUT_07482,2025-11,87.80978083542837,1,Small,0,SMMT,DIST_W_03,Moderate
OUT_07482,2025-12,35.14128749097473,2,Small,0,SMMT,DIST_W_03,Favorable
OUT_07492,2023-01,1256.6161535454914,3,Extra Large,5,Pharmacy,DIST_W_02,Moderate
OUT_07492,2023-02,1221.728899025583,3,Extra Large,5,Pharmacy,DIST_W_02,Moderate
OUT_07492,2023-03,1257.006251117149,1,Extra Large,5,Pharmacy,DIST_W_02,Moderate
OUT_07492,2023-04,1982.2869992443705,4,Extra Large,5,Pharmacy,DIST_W_02,Favorable
OUT_07492,2023-05,792.4879108564696,4,Extra Large,5,Pharmacy,DIST_W_02,Un-Favorable
OUT_07492,2023-06,878.008252544226,1,Extra Large,5,Pharmacy,DIST_W_02,Un-Favorable
OUT_07492,2023-07,1179.6959187711168,1,Extra Large,5,Pharmacy,DIST_W_02,Moderate
OUT_07492,2023-08,1327.7481299368956,2,Extra Large,5,Pharmacy,DIST_W_02,Moderate
OUT_07492,2023-09,1226.2715357979964,2,Extra Large,5,Pharmacy,DIST_W_02,Moderate
OUT_07492,2023-10,1367.1814509479163,1,Extra Large,5,Pharmacy,DIST_W_02,Moderate
OUT_07492,2023-11,1278.5969889836483,1,Extra Large,5,Pharmacy,DIST_W_02,Moderate
OUT_07492,2023-12,1880.18657274214,2,Extra Large,5,Pharmacy,DIST_W_02,Favorable
OUT_07492,2024-01,1372.6323946803886,2,Extra Large,5,Pharmacy,DIST_W_02,Moderate
OUT_07492,2024-02,1328.032597872982,3,Extra Large,5,Pharmacy,DIST_W_02,Moderate
OUT_07492,2024-03,1281.2306030640702,3,Extra Large,5,Pharmacy,DIST_W_02,Moderate
OUT_07492,2024-05,830.431671083097,3,Extra Large,5,Pharmacy,DIST_W_02,Un-Favorable
OUT_07492,2024-06,861.3328801479928,2,Extra Large,5,Pharmacy,DIST_W_02,Un-Favorable
OUT_07492,2024-07,1339.1868393837788,1,Extra Large,5,Pharmacy,DIST_W_02,Moderate
OUT_07492,2024-08,1304.3794638980648,1,Extra Large,5,Pharmacy,DIST_W_02,Moderate
OUT_07492,2024-09,1297.4223629821531,2,Extra Large,5,Pharmacy,DIST_W_02,Moderate
OUT_07492,2024-10,1298.2933885461748,2,Extra Large,5,Pharmacy,DIST_W_02,Moderate
OUT_07492,2024-11,1271.960258278155,1,Extra Large,5,Pharmacy,DIST_W_02,Moderate
OUT_07492,2024-12,1897.059426138924,2,Extra Large,5,Pharmacy,DIST_W_02,Favorable
OUT_07492,2025-01,1414.539319007844,2,Extra Large,5,Pharmacy,DIST_W_02,Moderate
OUT_07492,2025-02,1319.094821043357,2,Extra Large,5,Pharmacy,DIST_W_02,Moderate
OUT_07492,2025-03,1166.71054389665,1,Extra Large,5,Pharmacy,DIST_W_02,Moderate
OUT_07492,2025-04,2119.0808030271,5,Extra Large,5,Pharmacy,DIST_W_02,Favorable
OUT_07492,2025-05,824.6026930180909,3,Extra Large,5,Pharmacy,DIST_W_02,Un-Favorable
OUT_07492,2025-06,870.080492963304,1,Extra Large,5,Pharmacy,DIST_W_02,Un-Favorable
OUT_07492,2025-08,1358.1916245582784,1,Extra Large,5,Pharmacy,DIST_W_02,Moderate
OUT_07492,2025-09,1156.66670495259,2,Extra Large,5,Pharmacy,DIST_W_02,Moderate
OUT_07492,2025-10,1265.228957045065,1,Extra Large,5,Pharmacy,DIST_W_02,Moderate
OUT_07492,2025-11,1500.6323831795964,1,Extra Large,5,Pharmacy,DIST_W_02,Moderate
OUT_07492,2025-12,1889.9855472999693,2,Extra Large,5,Pharmacy,DIST_W_02,Favorable
OUT_07496,2023-01,10.883981021254884,3,Small,0,Pharmacy,DIST_W_01,Moderate
OUT_07496,2023-03,39.384939123528994,1,Small,0,Pharmacy,DIST_W_01,Moderate
OUT_07496,2023-07,15.106751275709373,1,Small,0,Pharmacy,DIST_W_01,Moderate
OUT_07496,2023-08,19.03543842144956,2,Small,0,Pharmacy,DIST_W_01,Moderate
OUT_07496,2023-11,14.295694678312906,1,Small,0,Pharmacy,DIST_W_01,Moderate
OUT_07496,2024-03,61.05571939913163,3,Small,0,Pharmacy,DIST_W_01,Moderate
OUT_07496,2024-05,42.8209636952686,3,Small,0,Pharmacy,DIST_W_01,Un-Favorable
OUT_07496,2024-06,14.222558176710212,2,Small,0,Pharmacy,DIST_W_01,Un-Favorable
OUT_07496,2024-07,10.097967377528748,1,Small,0,Pharmacy,DIST_W_01,Moderate
OUT_07496,2024-09,87.10214039436521,2,Small,0,Pharmacy,DIST_W_01,Moderate
OUT_07496,2024-10,60.9882003136417,2,Small,0,Pharmacy,DIST_W_01,Moderate
OUT_07496,2024-12,35.8241475838989,2,Small,0,Pharmacy,DIST_W_01,Favorable
OUT_07496,2025-02,8.399210508355278,2,Small,0,Pharmacy,DIST_W_01,Moderate
OUT_07496,2025-04,38.45071220012057,5,Small,0,Pharmacy,DIST_W_01,Favorable
OUT_07496,2025-05,10.016179594015496,3,Small,0,Pharmacy,DIST_W_01,Un-Favorable
OUT_07496,2025-08,27.62153680953802,1,Small,0,Pharmacy,DIST_W_01,Moderate
OUT_07496,2025-09,20.94598687525619,2,Small,0,Pharmacy,DIST_W_01,Moderate
OUT_07504,2023-01,1331.9629953772612,3,Extra Large,2,Grocery,DIST_W_03,Moderate
OUT_07504,2023-02,1364.3866040363573,3,Extra Large,2,Grocery,DIST_W_03,Moderate
OUT_07504,2023-03,1344.9763410564158,1,Extra Large,2,Grocery,DIST_W_03,Moderate
OUT_07504,2023-04,1895.2486848080496,4,Extra Large,2,Grocery,DIST_W_03,Favorable
OUT_07504,2023-05,874.8748871488064,4,Extra Large,2,Grocery,DIST_W_03,Un-Favorable
OUT_07504,2023-06,906.1638000969542,1,Extra Large,2,Grocery,DIST_W_03,Un-Favorable
OUT_07504,2023-07,1284.2785852376546,1,Extra Large,2,Grocery,DIST_W_03,Moderate
OUT_07504,2023-08,1313.94442182612,2,Extra Large,2,Grocery,DIST_W_03,Moderate
OUT_07504,2023-09,1274.44199089544,2,Extra Large,2,Grocery,DIST_W_03,Moderate
OUT_07504,2023-10,1434.485369123355,1,Extra Large,2,Grocery,DIST_W_03,Moderate
OUT_07504,2023-11,1319.561404729698,1,Extra Large,2,Grocery,DIST_W_03,Moderate
OUT_07504,2023-12,1934.8867723472792,2,Extra Large,2,Grocery,DIST_W_03,Favorable
OUT_07504,2024-01,1528.7113608919558,2,Extra Large,2,Grocery,DIST_W_03,Moderate
OUT_07504,2024-02,1288.61267422012,3,Extra Large,2,Grocery,DIST_W_03,Moderate
OUT_07504,2024-03,1283.0226282375772,3,Extra Large,2,Grocery,DIST_W_03,Moderate
OUT_07504,2024-04,1988.2156268073368,7,Extra Large,2,Grocery,DIST_W_03,Favorable
OUT_07504,2024-05,816.1678627957771,3,Extra Large,2,Grocery,DIST_W_03,Un-Favorable
OUT_07504,2024-06,842.3975089709174,2,Extra Large,2,Grocery,DIST_W_03,Un-Favorable
OUT_07504,2024-07,69.37621192548883,1,Extra Large,2,Grocery,DIST_W_03,Moderate
OUT_07504,2024-08,1264.3541283308778,1,Extra Large,2,Grocery,DIST_W_03,Moderate
OUT_07504,2024-09,1287.8885602934267,2,Extra Large,2,Grocery,DIST_W_03,Moderate
OUT_07504,2024-10,1259.077591991844,2,Extra Large,2,Grocery,DIST_W_03,Moderate
OUT_07504,2024-11,1133.4080028214933,1,Extra Large,2,Grocery,DIST_W_03,Moderate
OUT_07504,2024-12,1841.336912640188,2,Extra Large,2,Grocery,DIST_W_03,Favorable
OUT_07504,2025-01,1310.1278801668068,2,Extra Large,2,Grocery,DIST_W_03,Moderate
OUT_07504,2025-02,1435.2582121062762,2,Extra Large,2,Grocery,DIST_W_03,Moderate
OUT_07504,2025-03,1305.784281649428,1,Extra Large,2,Grocery,DIST_W_03,Moderate
OUT_07504,2025-04,1885.089438183898,5,Extra Large,2,Grocery,DIST_W_03,Favorable
OUT_07504,2025-06,874.0117551746164,1,Extra Large,2,Grocery,DIST_W_03,Un-Favorable
OUT_07504,2025-07,1286.2566867416583,1,Extra Large,2,Grocery,DIST_W_03,Moderate
OUT_07504,2025-08,1237.3058018512886,1,Extra Large,2,Grocery,DIST_W_03,Moderate
OUT_07504,2025-09,1310.4215356495883,2,Extra Large,2,Grocery,DIST_W_03,Moderate
OUT_07504,2025-10,1364.7608954158331,1,Extra Large,2,Grocery,DIST_W_03,Moderate
OUT_07504,2025-11,1361.473271668159,1,Extra Large,2,Grocery,DIST_W_03,Moderate
OUT_07504,2025-12,1862.724565998962,2,Extra Large,2,Grocery,DIST_W_03,Favorable
OUT_07512,2023-01,226.81572753124203,3,Medium,1,Pharmacy,DIST_W_02,Moderate
OUT_07512,2023-02,241.0269784604545,3,Medium,1,Pharmacy,DIST_W_02,Moderate
OUT_07512,2023-03,92.777026395314,1,Medium,1,Pharmacy,DIST_W_02,Moderate
OUT_07512,2023-04,193.74243779663192,4,Medium,1,Pharmacy,DIST_W_02,Favorable
OUT_07512,2023-05,12.14914621174935,4,Medium,1,Pharmacy,DIST_W_02,Un-Favorable
OUT_07512,2023-06,104.18829047898046,1,Medium,1,Pharmacy,DIST_W_02,Un-Favorable
OUT_07512,2023-08,231.67332596914216,2,Medium,1,Pharmacy,DIST_W_02,Moderate
OUT_07512,2023-09,204.87443091165852,2,Medium,1,Pharmacy,DIST_W_02,Moderate
OUT_07512,2023-10,93.07264258536684,1,Medium,1,Pharmacy,DIST_W_02,Moderate
OUT_07512,2023-11,107.79964058131576,1,Medium,1,Pharmacy,DIST_W_02,Moderate
OUT_07512,2024-02,189.151739332012,3,Medium,1,Pharmacy,DIST_W_02,Moderate
OUT_07512,2024-04,269.4898638313928,7,Medium,1,Pharmacy,DIST_W_02,Favorable
OUT_07512,2024-05,20.94537667180956,3,Medium,1,Pharmacy,DIST_W_02,Un-Favorable
OUT_07512,2024-06,132.35488653624566,2,Medium,1,Pharmacy,DIST_W_02,Un-Favorable
OUT_07512,2024-07,70.14844681359027,1,Medium,1,Pharmacy,DIST_W_02,Moderate
OUT_07512,2024-09,195.14957233719144,2,Medium,1,Pharmacy,DIST_W_02,Moderate
OUT_07512,2024-11,171.57532432214717,1,Medium,1,Pharmacy,DIST_W_02,Moderate
OUT_07512,2025-01,61.53557536410353,2,Medium,1,Pharmacy,DIST_W_02,Moderate
OUT_07512,2025-04,236.40874808156457,5,Medium,1,Pharmacy,DIST_W_02,Favorable
OUT_07512,2025-05,53.448046255751166,3,Medium,1,Pharmacy,DIST_W_02,Un-Favorable
OUT_07512,2025-06,57.74381054667217,1,Medium,1,Pharmacy,DIST_W_02,Un-Favorable
OUT_07512,2025-07,124.33669393779198,1,Medium,1,Pharmacy,DIST_W_02,Moderate
OUT_07512,2025-08,22.648885681002945,1,Medium,1,Pharmacy,DIST_W_02,Moderate
OUT_07512,2025-10,93.16887922491274,1,Medium,1,Pharmacy,DIST_W_02,Moderate
OUT_07512,2025-11,82.51699010367957,1,Medium,1,Pharmacy,DIST_W_02,Moderate
OUT_07512,2025-12,320.7569210624319,2,Medium,1,Pharmacy,DIST_W_02,Favorable
OUT_07521,2023-05,57.459438833766086,4,Small,0,Pharmacy,DIST_W_01,Un-Favorable
OUT_07521,2023-07,15.942444581551442,1,Small,0,Pharmacy,DIST_W_01,Moderate
OUT_07521,2023-08,24.25708614509252,2,Small,0,Pharmacy,DIST_W_01,Moderate
OUT_07521,2024-03,88.38920578552413,3,Small,0,Pharmacy,DIST_W_01,Moderate
OUT_07521,2024-05,40.721757091544816,3,Small,0,Pharmacy,DIST_W_01,Un-Favorable
OUT_07521,2024-06,3.927762580298039,2,Small,0,Pharmacy,DIST_W_01,Un-Favorable
OUT_07521,2024-10,11.698634470435993,2,Small,0,Pharmacy,DIST_W_01,Moderate
OUT_07521,2024-12,32.77592303719399,2,Small,0,Pharmacy,DIST_W_01,Favorable
OUT_07521,2025-04,100.15970513576016,5,Small,0,Pharmacy,DIST_W_01,Favorable
OUT_07521,2025-06,20.819102826949774,1,Small,0,Pharmacy,DIST_W_01,Un-Favorable
OUT_07521,2025-08,22.01516575595653,1,Small,0,Pharmacy,DIST_W_01,Moderate
OUT_07521,2025-09,84.09336537063677,2,Small,0,Pharmacy,DIST_W_01,Moderate
OUT_07521,2025-10,79.59870351195609,1,Small,0,Pharmacy,DIST_W_01,Moderate
OUT_07544,2023-01,27.428560118896264,3,Small,0,Kiosk,DIST_W_03,Moderate
OUT_07544,2023-02,50.12607953402917,3,Small,0,Kiosk,DIST_W_03,Moderate
OUT_07544,2023-03,78.90247875294378,1,Small,0,Kiosk,DIST_W_03,Moderate
OUT_07544,2023-05,13.077684013754949,4,Small,0,Kiosk,DIST_W_03,Un-Favorable
OUT_07544,2023-09,26.961577970079645,2,Small,0,Kiosk,DIST_W_03,Moderate
OUT_07544,2023-11,28.57201976621124,1,Small,0,Kiosk,DIST_W_03,Moderate
OUT_07544,2024-01,21.595895849853896,2,Small,0,Kiosk,DIST_W_03,Moderate
OUT_07544,2024-02,68.44159774951535,3,Small,0,Kiosk,DIST_W_03,Moderate
OUT_07544,2024-05,4.036899577305801,3,Small,0,Kiosk,DIST_W_03,Un-Favorable
OUT_07544,2024-07,4.562603918510946,1,Small,0,Kiosk,DIST_W_03,Moderate
OUT_07544,2024-09,71.70905833272992,2,Small,0,Kiosk,DIST_W_03,Moderate
OUT_07544,2024-10,15.662595481989666,2,Small,0,Kiosk,DIST_W_03,Moderate
OUT_07544,2025-02,36.9432612459369,2,Small,0,Kiosk,DIST_W_03,Moderate
OUT_07544,2025-06,57.63865440192396,1,Small,0,Kiosk,DIST_W_03,Un-Favorable
OUT_07544,2025-07,19.12630284198431,1,Small,0,Kiosk,DIST_W_03,Moderate
OUT_07544,2025-08,22.113327533594905,1,Small,0,Kiosk,DIST_W_03,Moderate
OUT_07544,2025-10,16.781393702609122,1,Small,0,Kiosk,DIST_W_03,Moderate
OUT_07544,2025-11,17.591978489425316,1,Small,0,Kiosk,DIST_W_03,Moderate
OUT_07572,2023-03,75.93900351853534,1,Small,0,Kiosk,DIST_W_02,Moderate
OUT_07572,2023-04,25.523189609472688,4,Small,0,Kiosk,DIST_W_02,Favorable
OUT_07572,2023-06,6.23998981149858,1,Small,0,Kiosk,DIST_W_02,Un-Favorable
OUT_07572,2023-07,18.980524483275705,1,Small,0,Kiosk,DIST_W_02,Moderate
OUT_07572,2023-08,2.6531388105608222,2,Small,0,Kiosk,DIST_W_02,Moderate
OUT_07572,2023-11,65.3846714755098,1,Small,0,Kiosk,DIST_W_02,Moderate
OUT_07572,2023-12,122.27134782967644,2,Small,0,Kiosk,DIST_W_02,Favorable
OUT_07572,2024-01,10.695834580104815,2,Small,0,Kiosk,DIST_W_02,Moderate
OUT_07572,2024-05,37.89793630754768,3,Small,0,Kiosk,DIST_W_02,Un-Favorable
OUT_07572,2024-07,25.042549598990952,1,Small,0,Kiosk,DIST_W_02,Moderate
OUT_07572,2024-08,64.98085414689544,1,Small,0,Kiosk,DIST_W_02,Moderate
OUT_07572,2024-10,77.72505693271924,2,Small,0,Kiosk,DIST_W_02,Moderate
OUT_07572,2024-12,40.123591155172974,2,Small,0,Kiosk,DIST_W_02,Favorable
OUT_07572,2025-01,22.577092348215697,2,Small,0,Kiosk,DIST_W_02,Moderate
OUT_07572,2025-04,28.0513356781122,5,Small,0,Kiosk,DIST_W_02,Favorable
OUT_07572,2025-06,54.474931024514575,1,Small,0,Kiosk,DIST_W_02,Un-Favorable
OUT_07572,2025-07,72.23595775851129,1,Small,0,Kiosk,DIST_W_02,Moderate
OUT_07572,2025-08,21.161324748959565,1,Small,0,Kiosk,DIST_W_02,Moderate
OUT_07572,2025-12,170.76509027901562,2,Small,0,Kiosk,DIST_W_02,Favorable
OUT_07577,2023-01,20.613632983298984,3,Small,0,Kiosk,DIST_W_03,Moderate
OUT_07577,2023-02,48.61596651653661,3,Small,0,Kiosk,DIST_W_03,Moderate
OUT_07577,2023-03,21.99846303208336,1,Small,0,Kiosk,DIST_W_03,Moderate
OUT_07577,2023-04,121.18260386168092,4,Small,0,Kiosk,DIST_W_03,Favorable
OUT_07577,2023-10,67.93930617842031,1,Small,0,Kiosk,DIST_W_03,Moderate
OUT_07577,2023-11,17.08124222843902,1,Small,0,Kiosk,DIST_W_03,Moderate
OUT_07577,2024-02,81.27081870302081,3,Small,0,Kiosk,DIST_W_03,Moderate
OUT_07577,2024-03,42.047969483190215,3,Small,0,Kiosk,DIST_W_03,Moderate
OUT_07577,2024-04,16.569985187396302,7,Small,0,Kiosk,DIST_W_03,Favorable
OUT_07577,2024-05,28.02801313503104,3,Small,0,Kiosk,DIST_W_03,Un-Favorable
OUT_07577,2024-06,16.374460052735394,2,Small,0,Kiosk,DIST_W_03,Un-Favorable
OUT_07577,2024-07,19.75346862513299,1,Small,0,Kiosk,DIST_W_03,Moderate
OUT_07577,2024-09,97.612392513247,2,Small,0,Kiosk,DIST_W_03,Moderate
OUT_07577,2024-11,4.514942914711551,1,Small,0,Kiosk,DIST_W_03,Moderate
OUT_07577,2025-04,26.579847475198072,5,Small,0,Kiosk,DIST_W_03,Favorable
OUT_07577,2025-05,24.26588774801365,3,Small,0,Kiosk,DIST_W_03,Un-Favorable
OUT_07577,2025-11,23.557512466665123,1,Small,0,Kiosk,DIST_W_03,Moderate
OUT_07577,2025-12,129.8214623731795,2,Small,0,Kiosk,DIST_W_03,Favorable
OUT_07579,2023-01,8.371468185813473,3,Small,0,Hotel,DIST_W_01,Moderate
OUT_07579,2023-03,32.53768364669154,1,Small,0,Hotel,DIST_W_01,Moderate
OUT_07579,2023-05,10.777786960693549,4,Small,0,Hotel,DIST_W_01,Un-Favorable
OUT_07579,2023-09,14.299943395243307,2,Small,0,Hotel,DIST_W_01,Moderate
OUT_07579,2023-11,12.577711621976013,1,Small,0,Hotel,DIST_W_01,Moderate
OUT_07579,2023-12,97.00430467829966,2,Small,0,Hotel,DIST_W_01,Favorable
OUT_07579,2024-04,38.19141648150168,7,Small,0,Hotel,DIST_W_01,Favorable
OUT_07579,2024-05,6.074523415592621,3,Small,0,Hotel,DIST_W_01,Un-Favorable
OUT_07579,2024-06,12.737513290187929,2,Small,0,Hotel,DIST_W_01,Un-Favorable
OUT_07579,2024-07,69.00588402198785,1,Small,0,Hotel,DIST_W_01,Moderate
OUT_07579,2024-09,5.530086298642562,2,Small,0,Hotel,DIST_W_01,Moderate
OUT_07579,2025-01,33.15354621108594,2,Small,0,Hotel,DIST_W_01,Moderate
OUT_07579,2025-03,45.30372035836449,1,Small,0,Hotel,DIST_W_01,Moderate
OUT_07579,2025-07,72.65730319767684,1,Small,0,Hotel,DIST_W_01,Moderate
OUT_07579,2025-09,24.21198568993536,2,Small,0,Hotel,DIST_W_01,Moderate
OUT_07579,2025-11,82.17570369057063,1,Small,0,Hotel,DIST_W_01,Moderate
OUT_07617,2023-01,629.3327064863485,3,Large,2,Bakery,DIST_W_01,Moderate
OUT_07617,2023-02,584.0665071683146,3,Large,2,Bakery,DIST_W_01,Moderate
OUT_07617,2023-03,560.6739643178877,1,Large,2,Bakery,DIST_W_01,Moderate
OUT_07617,2023-04,878.3326004034568,4,Large,2,Bakery,DIST_W_01,Favorable
OUT_07617,2023-05,339.60898586659505,4,Large,2,Bakery,DIST_W_01,Un-Favorable
OUT_07617,2023-06,423.7818572306984,1,Large,2,Bakery,DIST_W_01,Un-Favorable
OUT_07617,2023-07,742.5625846324416,1,Large,2,Bakery,DIST_W_01,Moderate
OUT_07617,2023-08,297.8214287561244,2,Large,2,Bakery,DIST_W_01,Moderate
OUT_07617,2023-09,651.6596933466426,2,Large,2,Bakery,DIST_W_01,Moderate
OUT_07617,2023-10,608.6426310022835,1,Large,2,Bakery,DIST_W_01,Moderate
OUT_07617,2023-11,641.5499887101809,1,Large,2,Bakery,DIST_W_01,Moderate
OUT_07617,2023-12,886.9004037882905,2,Large,2,Bakery,DIST_W_01,Favorable
OUT_07617,2024-01,590.776383742241,2,Large,2,Bakery,DIST_W_01,Moderate
OUT_07617,2024-02,352.00411230431007,3,Large,2,Bakery,DIST_W_01,Moderate
OUT_07617,2024-03,584.5751896911034,3,Large,2,Bakery,DIST_W_01,Moderate
OUT_07617,2024-05,651.1977179360896,3,Large,2,Bakery,DIST_W_01,Un-Favorable
OUT_07617,2024-06,157.68745063429927,2,Large,2,Bakery,DIST_W_01,Un-Favorable
OUT_07617,2024-07,520.7347546983351,1,Large,2,Bakery,DIST_W_01,Moderate
OUT_07617,2024-08,624.4232971134282,1,Large,2,Bakery,DIST_W_01,Moderate
OUT_07617,2024-09,550.0042009436859,2,Large,2,Bakery,DIST_W_01,Moderate
OUT_07617,2024-10,668.6199753763135,2,Large,2,Bakery,DIST_W_01,Moderate
OUT_07617,2024-11,646.6642601982685,1,Large,2,Bakery,DIST_W_01,Moderate
OUT_07617,2024-12,929.0165844964208,2,Large,2,Bakery,DIST_W_01,Favorable
OUT_07617,2025-01,630.5344766626538,2,Large,2,Bakery,DIST_W_01,Moderate
OUT_07617,2025-02,566.5603532293006,2,Large,2,Bakery,DIST_W_01,Moderate
OUT_07617,2025-03,170.09028736158288,1,Large,2,Bakery,DIST_W_01,Moderate
OUT_07617,2025-04,768.5568510277299,5,Large,2,Bakery,DIST_W_01,Favorable
OUT_07617,2025-05,454.72356527868175,3,Large,2,Bakery,DIST_W_01,Un-Favorable
OUT_07617,2025-06,427.3566074998943,1,Large,2,Bakery,DIST_W_01,Un-Favorable
OUT_07617,2025-07,607.2429444605965,1,Large,2,Bakery,DIST_W_01,Moderate
OUT_07617,2025-08,619.3511705084555,1,Large,2,Bakery,DIST_W_01,Moderate
OUT_07617,2025-09,653.1648013332854,2,Large,2,Bakery,DIST_W_01,Moderate
OUT_07617,2025-10,596.0504810295886,1,Large,2,Bakery,DIST_W_01,Moderate
OUT_07617,2025-11,244.5361604827685,1,Large,2,Bakery,DIST_W_01,Moderate
OUT_07617,2025-12,922.3519172569448,2,Large,2,Bakery,DIST_W_01,Favorable
OUT_07642,2023-02,79.46169782645023,3,Small,0,Bakery,DIST_W_03,Moderate
OUT_07642,2023-04,32.27848897233171,4,Small,0,Bakery,DIST_W_03,Favorable
OUT_07642,2023-06,10.425059671580794,1,Small,0,Bakery,DIST_W_03,Un-Favorable
OUT_07642,2023-08,67.40207786236752,2,Small,0,Bakery,DIST_W_03,Moderate
OUT_07642,2023-09,84.78518440274415,2,Small,0,Bakery,DIST_W_03,Moderate
OUT_07642,2023-11,73.03447862947445,1,Small,0,Bakery,DIST_W_03,Moderate
OUT_07642,2024-01,93.2843779947368,2,Small,0,Bakery,DIST_W_03,Moderate
OUT_07642,2024-04,43.02136007730357,7,Small,0,Bakery,DIST_W_03,Favorable
OUT_07642,2024-06,24.601199957486227,2,Small,0,Bakery,DIST_W_03,Un-Favorable
OUT_07642,2024-07,10.343545309267594,1,Small,0,Bakery,DIST_W_03,Moderate
OUT_07642,2024-08,102.54361399187844,1,Small,0,Bakery,DIST_W_03,Moderate
OUT_07642,2024-09,16.375139546862332,2,Small,0,Bakery,DIST_W_03,Moderate
OUT_07642,2024-12,119.76635280879724,2,Small,0,Bakery,DIST_W_03,Favorable
OUT_07642,2025-01,113.02056520249717,2,Small,0,Bakery,DIST_W_03,Moderate
OUT_07642,2025-02,20.769179493293542,2,Small,0,Bakery,DIST_W_03,Moderate
OUT_07642,2025-03,75.71321170851031,1,Small,0,Bakery,DIST_W_03,Moderate
OUT_07642,2025-04,161.16849891798117,5,Small,0,Bakery,DIST_W_03,Favorable
OUT_07642,2025-08,91.0120593462098,1,Small,0,Bakery,DIST_W_03,Moderate
OUT_07642,2025-09,70.27915937625495,2,Small,0,Bakery,DIST_W_03,Moderate
OUT_07642,2025-10,56.098780246718505,1,Small,0,Bakery,DIST_W_03,Moderate
OUT_07642,2025-11,17.318053869104574,1,Small,0,Bakery,DIST_W_03,Moderate
OUT_07681,2023-01,127.99052498674824,3,Medium,1,Eatery,DIST_W_02,Moderate
OUT_07681,2023-02,94.39101062062257,3,Medium,1,Eatery,DIST_W_02,Moderate
OUT_07681,2023-04,141.70080536614032,4,Medium,1,Eatery,DIST_W_02,Favorable
OUT_07681,2023-05,47.68003759573228,4,Medium,1,Eatery,DIST_W_02,Un-Favorable
OUT_07681,2023-06,44.71350640674167,1,Medium,1,Eatery,DIST_W_02,Un-Favorable
OUT_07681,2023-08,77.83611208446138,2,Medium,1,Eatery,DIST_W_02,Moderate
OUT_07681,2023-09,210.54005568674708,2,Medium,1,Eatery,DIST_W_02,Moderate
OUT_07681,2023-10,89.38703311866396,1,Medium,1,Eatery,DIST_W_02,Moderate
OUT_07681,2023-11,52.40213413372814,1,Medium,1,Eatery,DIST_W_02,Moderate
OUT_07681,2024-01,50.92643356752208,2,Medium,1,Eatery,DIST_W_02,Moderate
OUT_07681,2024-02,81.64308133713912,3,Medium,1,Eatery,DIST_W_02,Moderate
OUT_07681,2024-03,146.93667900210556,3,Medium,1,Eatery,DIST_W_02,Moderate
OUT_07681,2024-04,245.72161655284043,7,Medium,1,Eatery,DIST_W_02,Favorable
OUT_07681,2024-08,110.98012726502591,1,Medium,1,Eatery,DIST_W_02,Moderate
OUT_07681,2024-09,195.91043920074583,2,Medium,1,Eatery,DIST_W_02,Moderate
OUT_07681,2024-10,171.8122436966733,2,Medium,1,Eatery,DIST_W_02,Moderate
OUT_07681,2024-11,45.93549319922268,1,Medium,1,Eatery,DIST_W_02,Moderate
OUT_07681,2024-12,275.37374954754233,2,Medium,1,Eatery,DIST_W_02,Favorable
OUT_07681,2025-01,75.11905070146037,2,Medium,1,Eatery,DIST_W_02,Moderate
OUT_07681,2025-02,194.9469802844316,2,Medium,1,Eatery,DIST_W_02,Moderate
OUT_07681,2025-03,205.31984608843825,1,Medium,1,Eatery,DIST_W_02,Moderate
OUT_07681,2025-04,66.21002539162674,5,Medium,1,Eatery,DIST_W_02,Favorable
OUT_07681,2025-06,66.99949207474275,1,Medium,1,Eatery,DIST_W_02,Un-Favorable
OUT_07681,2025-07,180.1971740582989,1,Medium,1,Eatery,DIST_W_02,Moderate
OUT_07681,2025-08,157.2437259693823,1,Medium,1,Eatery,DIST_W_02,Moderate
OUT_07681,2025-10,164.01074141866272,1,Medium,1,Eatery,DIST_W_02,Moderate
OUT_07681,2025-12,296.6380506592487,2,Medium,1,Eatery,DIST_W_02,Favorable
OUT_07713,2023-02,155.28899137571102,3,Medium,1,Pharmacy,DIST_W_02,Moderate
OUT_07713,2023-03,82.69934903377525,1,Medium,1,Pharmacy,DIST_W_02,Moderate
OUT_07713,2023-04,488.2887238869917,4,Medium,1,Pharmacy,DIST_W_02,Favorable
OUT_07713,2023-05,24.76561657960272,4,Medium,1,Pharmacy,DIST_W_02,Un-Favorable
OUT_07713,2023-07,147.14427915268638,1,Medium,1,Pharmacy,DIST_W_02,Moderate
OUT_07713,2023-10,194.0644783337445,1,Medium,1,Pharmacy,DIST_W_02,Moderate
OUT_07713,2023-12,122.35307152990352,2,Medium,1,Pharmacy,DIST_W_02,Favorable
OUT_07713,2024-01,216.37635715464083,2,Medium,1,Pharmacy,DIST_W_02,Moderate
OUT_07713,2024-02,194.4634777664594,3,Medium,1,Pharmacy,DIST_W_02,Moderate
OUT_07713,2024-03,51.629890583934525,3,Medium,1,Pharmacy,DIST_W_02,Moderate
OUT_07713,2024-04,248.3555547445943,7,Medium,1,Pharmacy,DIST_W_02,Favorable
OUT_07713,2024-05,120.10906728092714,3,Medium,1,Pharmacy,DIST_W_02,Un-Favorable
OUT_07713,2024-06,136.79869083396338,2,Medium,1,Pharmacy,DIST_W_02,Un-Favorable
OUT_07713,2024-08,95.86502047362228,1,Medium,1,Pharmacy,DIST_W_02,Moderate
OUT_07713,2024-11,108.33333804415436,1,Medium,1,Pharmacy,DIST_W_02,Moderate
OUT_07713,2025-01,152.9923230891861,2,Medium,1,Pharmacy,DIST_W_02,Moderate
OUT_07713,2025-03,104.42720041083544,1,Medium,1,Pharmacy,DIST_W_02,Moderate
OUT_07713,2025-05,113.68489893991848,3,Medium,1,Pharmacy,DIST_W_02,Un-Favorable
OUT_07713,2025-06,54.9434974373862,1,Medium,1,Pharmacy,DIST_W_02,Un-Favorable
OUT_07713,2025-08,69.50897872744862,1,Medium,1,Pharmacy,DIST_W_02,Moderate
OUT_07713,2025-09,52.08693524144815,2,Medium,1,Pharmacy,DIST_W_02,Moderate
OUT_07713,2025-10,159.31240311483802,1,Medium,1,Pharmacy,DIST_W_02,Moderate
OUT_07713,2025-11,146.97476903345608,1,Medium,1,Pharmacy,DIST_W_02,Moderate
OUT_07744,2023-01,9.8079823053317,3,Small,1,Hotel,DIST_W_03,Moderate
OUT_07744,2023-05,7.226858598085468,4,Small,1,Hotel,DIST_W_03,Un-Favorable
OUT_07744,2023-06,18.81235787807691,1,Small,1,Hotel,DIST_W_03,Un-Favorable
OUT_07744,2023-09,21.08798525821071,2,Small,1,Hotel,DIST_W_03,Moderate
OUT_07744,2023-11,26.376183701098206,1,Small,1,Hotel,DIST_W_03,Moderate
OUT_07744,2024-03,75.80476508936604,3,Small,1,Hotel,DIST_W_03,Moderate
OUT_07744,2024-04,117.89767237923525,7,Small,1,Hotel,DIST_W_03,Favorable
OUT_07744,2024-06,13.809609477685076,2,Small,1,Hotel,DIST_W_03,Un-Favorable
OUT_07744,2024-08,58.73864430189786,1,Small,1,Hotel,DIST_W_03,Moderate
OUT_07744,2024-11,5.544811167459839,1,Small,1,Hotel,DIST_W_03,Moderate
OUT_07744,2024-12,122.7807513519682,2,Small,1,Hotel,DIST_W_03,Favorable
OUT_07744,2025-03,15.344833325662528,1,Small,1,Hotel,DIST_W_03,Moderate
OUT_07744,2025-04,17.709455904877956,5,Small,1,Hotel,DIST_W_03,Favorable
OUT_07744,2025-07,28.492637537652072,1,Small,1,Hotel,DIST_W_03,Moderate
OUT_07744,2025-08,21.039743497691088,1,Small,1,Hotel,DIST_W_03,Moderate
OUT_07744,2025-09,69.64886459028902,2,Small,1,Hotel,DIST_W_03,Moderate
OUT_07744,2025-11,77.14750638203002,1,Small,1,Hotel,DIST_W_03,Moderate
OUT_07744,2025-12,117.08728923914236,2,Small,1,Hotel,DIST_W_03,Favorable
OUT_07781,2023-01,79.50638117541286,3,Medium,1,Grocery,DIST_W_03,Moderate
OUT_07781,2023-02,173.17232046406284,3,Medium,1,Grocery,DIST_W_03,Moderate
OUT_07781,2023-03,124.43005942716366,1,Medium,1,Grocery,DIST_W_03,Moderate
OUT_07781,2023-04,89.43950487290803,4,Medium,1,Grocery,DIST_W_03,Favorable
OUT_07781,2023-05,99.3573107276575,4,Medium,1,Grocery,DIST_W_03,Un-Favorable
OUT_07781,2023-06,66.11076586896013,1,Medium,1,Grocery,DIST_W_03,Un-Favorable
OUT_07781,2023-07,187.11458505703604,1,Medium,1,Grocery,DIST_W_03,Moderate
OUT_07781,2023-08,61.34535774368911,2,Medium,1,Grocery,DIST_W_03,Moderate
OUT_07781,2023-09,76.49134030714707,2,Medium,1,Grocery,DIST_W_03,Moderate
OUT_07781,2023-10,61.802421280007685,1,Medium,1,Grocery,DIST_W_03,Moderate
OUT_07781,2023-11,205.00662537099504,1,Medium,1,Grocery,DIST_W_03,Moderate
OUT_07781,2023-12,366.0022229011375,2,Medium,1,Grocery,DIST_W_03,Favorable
OUT_07781,2024-02,205.71236373607624,3,Medium,1,Grocery,DIST_W_03,Moderate
OUT_07781,2024-03,208.49664813592528,3,Medium,1,Grocery,DIST_W_03,Moderate
OUT_07781,2024-04,85.48333976642152,7,Medium,1,Grocery,DIST_W_03,Favorable
OUT_07781,2024-05,142.75294037714673,3,Medium,1,Grocery,DIST_W_03,Un-Favorable
OUT_07781,2024-06,49.38359285686148,2,Medium,1,Grocery,DIST_W_03,Un-Favorable
OUT_07781,2024-07,111.1023594905962,1,Medium,1,Grocery,DIST_W_03,Moderate
OUT_07781,2024-08,59.84373371402316,1,Medium,1,Grocery,DIST_W_03,Moderate
OUT_07781,2024-10,223.86021904862628,2,Medium,1,Grocery,DIST_W_03,Moderate
OUT_07781,2024-11,232.31567423770665,1,Medium,1,Grocery,DIST_W_03,Moderate
OUT_07781,2024-12,342.71915936482816,2,Medium,1,Grocery,DIST_W_03,Favorable
OUT_07781,2025-01,98.73484768033316,2,Medium,1,Grocery,DIST_W_03,Moderate
OUT_07781,2025-02,252.69918728336864,2,Medium,1,Grocery,DIST_W_03,Moderate
OUT_07781,2025-06,135.7946227075047,1,Medium,1,Grocery,DIST_W_03,Un-Favorable
OUT_07781,2025-07,243.6300671322591,1,Medium,1,Grocery,DIST_W_03,Moderate
OUT_07781,2025-08,212.56836793463648,1,Medium,1,Grocery,DIST_W_03,Moderate
OUT_07781,2025-09,141.71465871901458,2,Medium,1,Grocery,DIST_W_03,Moderate
OUT_07781,2025-11,226.7177283660476,1,Medium,1,Grocery,DIST_W_03,Moderate
OUT_07781,2025-12,262.4420891963558,2,Medium,1,Grocery,DIST_W_03,Favorable
OUT_07791,2023-01,275.04969333545773,3,Large,3,Grocery,DIST_W_02,Moderate
OUT_07791,2023-02,189.00226364871867,3,Large,3,Grocery,DIST_W_02,Moderate
OUT_07791,2023-04,1508.8485625427877,4,Large,3,Grocery,DIST_W_02,Favorable
OUT_07791,2023-05,415.8090443599244,4,Large,3,Grocery,DIST_W_02,Un-Favorable
OUT_07791,2023-06,330.5112633086768,1,Large,3,Grocery,DIST_W_02,Un-Favorable
OUT_07791,2023-09,438.9313616171912,2,Large,3,Grocery,DIST_W_02,Moderate
OUT_07791,2023-10,548.0190486216289,1,Large,3,Grocery,DIST_W_02,Moderate
OUT_07791,2023-11,578.1176098995768,1,Large,3,Grocery,DIST_W_02,Moderate
OUT_07791,2024-01,628.9727747695396,2,Large,3,Grocery,DIST_W_02,Moderate
OUT_07791,2024-02,713.6830372065086,3,Large,3,Grocery,DIST_W_02,Moderate
OUT_07791,2024-03,628.6840458445184,3,Large,3,Grocery,DIST_W_02,Moderate
OUT_07791,2024-04,940.8768765761034,7,Large,3,Grocery,DIST_W_02,Favorable
OUT_07791,2024-05,378.6274257598216,3,Large,3,Grocery,DIST_W_02,Un-Favorable
OUT_07791,2024-06,237.81006613485928,2,Large,3,Grocery,DIST_W_02,Un-Favorable
OUT_07791,2024-07,617.8179953405277,1,Large,3,Grocery,DIST_W_02,Moderate
OUT_07791,2024-08,119.28684920891088,1,Large,3,Grocery,DIST_W_02,Moderate
OUT_07791,2024-09,542.499615246815,2,Large,3,Grocery,DIST_W_02,Moderate
OUT_07791,2024-10,277.2471232106266,2,Large,3,Grocery,DIST_W_02,Moderate
OUT_07791,2024-11,344.3122635396398,1,Large,3,Grocery,DIST_W_02,Moderate
OUT_07791,2024-12,386.4756384999884,2,Large,3,Grocery,DIST_W_02,Favorable
OUT_07791,2025-02,641.626882307867,2,Large,3,Grocery,DIST_W_02,Moderate
OUT_07791,2025-03,628.310546668276,1,Large,3,Grocery,DIST_W_02,Moderate
OUT_07791,2025-04,942.037355199923,5,Large,3,Grocery,DIST_W_02,Favorable
OUT_07791,2025-05,367.80329718271184,3,Large,3,Grocery,DIST_W_02,Un-Favorable
OUT_07791,2025-06,441.8530891096515,1,Large,3,Grocery,DIST_W_02,Un-Favorable
OUT_07791,2025-07,265.32111945890694,1,Large,3,Grocery,DIST_W_02,Moderate
OUT_07791,2025-08,547.9190730875755,1,Large,3,Grocery,DIST_W_02,Moderate
OUT_07791,2025-10,555.3961553853385,1,Large,3,Grocery,DIST_W_02,Moderate
OUT_07791,2025-11,245.7523988502791,1,Large,3,Grocery,DIST_W_02,Moderate
OUT_07791,2025-12,445.90060087962615,2,Large,3,Grocery,DIST_W_02,Favorable
OUT_07811,2023-02,25.53506107481934,3,small,3,SMMT,DIST_W_03,Moderate
OUT_07811,2023-05,33.14137606102857,4,small,3,SMMT,DIST_W_03,Un-Favorable
OUT_07811,2023-06,58.36435501140858,1,small,3,SMMT,DIST_W_03,Un-Favorable
OUT_07811,2023-07,17.665556593411253,1,small,3,SMMT,DIST_W_03,Moderate
OUT_07811,2023-12,121.82009675335968,2,small,3,SMMT,DIST_W_03,Favorable
OUT_07811,2024-01,36.353468019639685,2,small,3,SMMT,DIST_W_03,Moderate
OUT_07811,2024-03,19.721807420224952,3,small,3,SMMT,DIST_W_03,Moderate
OUT_07811,2024-05,4.200316921600884,3,small,3,SMMT,DIST_W_03,Un-Favorable
OUT_07811,2024-07,65.45847768282628,1,small,3,SMMT,DIST_W_03,Moderate
OUT_07811,2024-08,30.27056926891082,1,small,3,SMMT,DIST_W_03,Moderate
OUT_07811,2024-12,27.19676043510452,2,small,3,SMMT,DIST_W_03,Favorable
OUT_07811,2025-01,16.50614926350767,2,small,3,SMMT,DIST_W_03,Moderate
OUT_07811,2025-02,78.76832157509317,2,small,3,SMMT,DIST_W_03,Moderate
OUT_07811,2025-04,39.879665760286585,5,small,3,SMMT,DIST_W_03,Favorable
OUT_07811,2025-05,11.845165458880755,3,small,3,SMMT,DIST_W_03,Un-Favorable
OUT_07811,2025-08,28.24366635756789,1,small,3,SMMT,DIST_W_03,Moderate
OUT_07811,2025-09,36.947152564113,2,small,3,SMMT,DIST_W_03,Moderate
OUT_07811,2025-10,66.91971886301846,1,small,3,SMMT,DIST_W_03,Moderate
OUT_07811,2025-12,25.15107148283564,2,small,3,SMMT,DIST_W_03,Favorable
OUT_07827,2023-01,193.67407361508944,3,Medium,2,SMMT,DIST_W_01,Moderate
OUT_07827,2023-02,179.23394387321554,3,Medium,2,SMMT,DIST_W_01,Moderate
OUT_07827,2023-03,187.68453001359387,1,Medium,2,SMMT,DIST_W_01,Moderate
OUT_07827,2023-04,60.20194742872757,4,Medium,2,SMMT,DIST_W_01,Favorable
OUT_07827,2023-05,71.11891433978191,4,Medium,2,SMMT,DIST_W_01,Un-Favorable
OUT_07827,2023-09,94.85076565921447,2,Medium,2,SMMT,DIST_W_01,Moderate
OUT_07827,2023-10,16.785378082693303,1,Medium,2,SMMT,DIST_W_01,Moderate
OUT_07827,2023-11,17.708488859705035,1,Medium,2,SMMT,DIST_W_01,Moderate
OUT_07827,2023-12,40.09310638319016,2,Medium,2,SMMT,DIST_W_01,Favorable
OUT_07827,2024-01,189.16391845487493,2,Medium,2,SMMT,DIST_W_01,Moderate
OUT_07827,2024-02,227.8251709990688,3,Medium,2,SMMT,DIST_W_01,Moderate
OUT_07827,2024-04,189.8756217661943,7,Medium,2,SMMT,DIST_W_01,Favorable
OUT_07827,2024-05,10.294484090358262,3,Medium,2,SMMT,DIST_W_01,Un-Favorable
OUT_07827,2024-06,134.6235543359217,2,Medium,2,SMMT,DIST_W_01,Un-Favorable
OUT_07827,2024-07,78.17160478155505,1,Medium,2,SMMT,DIST_W_01,Moderate
OUT_07827,2024-09,221.3805163544728,2,Medium,2,SMMT,DIST_W_01,Moderate
OUT_07827,2024-11,202.68494286667243,1,Medium,2,SMMT,DIST_W_01,Moderate
OUT_07827,2024-12,126.52931035964804,2,Medium,2,SMMT,DIST_W_01,Favorable
OUT_07827,2025-01,180.9620123901527,2,Medium,2,SMMT,DIST_W_01,Moderate
OUT_07827,2025-02,116.15969858578949,2,Medium,2,SMMT,DIST_W_01,Moderate
OUT_07827,2025-03,166.4858078432596,1,Medium,2,SMMT,DIST_W_01,Moderate
OUT_07827,2025-05,85.38127302440634,3,Medium,2,SMMT,DIST_W_01,Un-Favorable
OUT_07827,2025-06,55.10774828467393,1,Medium,2,SMMT,DIST_W_01,Un-Favorable
OUT_07827,2025-07,174.69708279715337,1,Medium,2,SMMT,DIST_W_01,Moderate
OUT_07827,2025-09,174.97818554408474,2,Medium,2,SMMT,DIST_W_01,Moderate
OUT_07827,2025-10,191.0105431287192,1,Medium,2,SMMT,DIST_W_01,Moderate
OUT_07827,2025-12,305.79993619143346,2,Medium,2,SMMT,DIST_W_01,Favorable
OUT_07857,2023-01,197.64956174832355,3,Medium,2,Hotel,DIST_W_01,Moderate
OUT_07857,2023-02,126.93348716996428,3,Medium,2,Hotel,DIST_W_01,Moderate
OUT_07857,2023-03,23.634047679130283,1,Medium,2,Hotel,DIST_W_01,Moderate
OUT_07857,2023-04,252.07883732657064,4,Medium,2,Hotel,DIST_W_01,Favorable
OUT_07857,2023-05,138.11614233166887,4,Medium,2,Hotel,DIST_W_01,Un-Favorable
OUT_07857,2023-07,42.44179660490688,1,Medium,2,Hotel,DIST_W_01,Moderate
OUT_07857,2023-08,56.40081465058108,2,Medium,2,Hotel,DIST_W_01,Moderate
OUT_07857,2023-10,161.29548718484364,1,Medium,2,Hotel,DIST_W_01,Moderate
OUT_07857,2023-11,93.30939389317626,1,Medium,2,Hotel,DIST_W_01,Moderate
OUT_07857,2023-12,77.88881642034835,2,Medium,2,Hotel,DIST_W_01,Favorable
OUT_07857,2024-01,221.08628030992807,2,Medium,2,Hotel,DIST_W_01,Moderate
OUT_07857,2024-02,220.74492663606344,3,Medium,2,Hotel,DIST_W_01,Moderate
OUT_07857,2024-03,180.90517792477715,3,Medium,2,Hotel,DIST_W_01,Moderate
OUT_07857,2024-04,41.20649431863097,7,Medium,2,Hotel,DIST_W_01,Favorable
OUT_07857,2024-05,126.31593694263452,3,Medium,2,Hotel,DIST_W_01,Un-Favorable
OUT_07857,2024-07,233.39032363150105,1,Medium,2,Hotel,DIST_W_01,Moderate
OUT_07857,2024-08,139.05587380687172,1,Medium,2,Hotel,DIST_W_01,Moderate
OUT_07857,2024-09,177.28307128502306,2,Medium,2,Hotel,DIST_W_01,Moderate
OUT_07857,2024-10,143.14661258003494,2,Medium,2,Hotel,DIST_W_01,Moderate
OUT_07857,2024-12,225.767604654785,2,Medium,2,Hotel,DIST_W_01,Favorable
OUT_07857,2025-02,215.3308129220824,2,Medium,2,Hotel,DIST_W_01,Moderate
OUT_07857,2025-03,36.27194284610832,1,Medium,2,Hotel,DIST_W_01,Moderate
OUT_07857,2025-04,135.94850215421943,5,Medium,2,Hotel,DIST_W_01,Favorable
OUT_07857,2025-07,184.5194934090989,1,Medium,2,Hotel,DIST_W_01,Moderate
OUT_07857,2025-09,146.94492867809743,2,Medium,2,Hotel,DIST_W_01,Moderate
OUT_07857,2025-10,187.210248846166,1,Medium,2,Hotel,DIST_W_01,Moderate
OUT_07857,2025-11,102.76162273516536,1,Medium,2,Hotel,DIST_W_01,Moderate
OUT_07872,2023-02,36.3645496244142,3,small,1,SMMT,DIST_W_02,Moderate
OUT_07872,2023-05,4.5012662822805165,4,small,1,SMMT,DIST_W_02,Un-Favorable
OUT_07872,2023-06,3.650683468402158,1,small,1,SMMT,DIST_W_02,Un-Favorable
OUT_07872,2023-07,33.26776675173839,1,small,1,SMMT,DIST_W_02,Moderate
OUT_07872,2023-09,27.496801743763896,2,small,1,SMMT,DIST_W_02,Moderate
OUT_07872,2023-12,69.98479548790205,2,small,1,SMMT,DIST_W_02,Favorable
OUT_07872,2024-02,23.66286811873941,3,small,1,SMMT,DIST_W_02,Moderate
OUT_07872,2024-04,120.5932852637016,7,small,1,SMMT,DIST_W_02,Favorable
OUT_07872,2024-05,6.967658455757553,3,small,1,SMMT,DIST_W_02,Un-Favorable
OUT_07872,2024-07,47.2316590460775,1,small,1,SMMT,DIST_W_02,Moderate
OUT_07872,2024-08,24.621950266617013,1,small,1,SMMT,DIST_W_02,Moderate
OUT_07872,2024-12,23.68565910722589,2,small,1,SMMT,DIST_W_02,Favorable
OUT_07872,2025-03,8.857449700601727,1,small,1,SMMT,DIST_W_02,Moderate
OUT_07872,2025-04,24.98960597852532,5,small,1,SMMT,DIST_W_02,Favorable
OUT_07872,2025-06,7.233612799099404,1,small,1,SMMT,DIST_W_02,Un-Favorable
OUT_07872,2025-08,25.83404675847968,1,small,1,SMMT,DIST_W_02,Moderate
OUT_07872,2025-11,11.018622562328517,1,small,1,SMMT,DIST_W_02,Moderate
OUT_07901,2023-01,577.1434703381022,3,Large,2,Kiosk,DIST_W_03,Moderate
OUT_07901,2023-02,664.5587815499152,3,Large,2,Kiosk,DIST_W_03,Moderate
OUT_07901,2023-03,620.107605209381,1,Large,2,Kiosk,DIST_W_03,Moderate
OUT_07901,2023-05,272.3504636502903,4,Large,2,Kiosk,DIST_W_03,Un-Favorable
OUT_07901,2023-06,397.3375935379526,1,Large,2,Kiosk,DIST_W_03,Un-Favorable
OUT_07901,2023-07,522.4673936040102,1,Large,2,Kiosk,DIST_W_03,Moderate
OUT_07901,2023-09,634.1776957097212,2,Large,2,Kiosk,DIST_W_03,Moderate
OUT_07901,2023-10,435.1595738635148,1,Large,2,Kiosk,DIST_W_03,Moderate
OUT_07901,2023-11,297.56305623520024,1,Large,2,Kiosk,DIST_W_03,Moderate
OUT_07901,2023-12,380.15337224775953,2,Large,2,Kiosk,DIST_W_03,Favorable
OUT_07901,2024-02,631.9719194375924,3,Large,2,Kiosk,DIST_W_03,Moderate
OUT_07901,2024-03,522.834123819057,3,Large,2,Kiosk,DIST_W_03,Moderate
OUT_07901,2024-04,789.7072914929959,7,Large,2,Kiosk,DIST_W_03,Favorable
OUT_07901,2024-05,387.804771641528,3,Large,2,Kiosk,DIST_W_03,Un-Favorable
OUT_07901,2024-06,354.352708324964,2,Large,2,Kiosk,DIST_W_03,Un-Favorable
OUT_07901,2024-07,562.6048832591607,1,Large,2,Kiosk,DIST_W_03,Moderate
OUT_07901,2024-08,316.7588366547977,1,Large,2,Kiosk,DIST_W_03,Moderate
OUT_07901,2024-09,297.6970805118091,2,Large,2,Kiosk,DIST_W_03,Moderate
OUT_07901,2024-10,260.0682119342473,2,Large,2,Kiosk,DIST_W_03,Moderate
OUT_07901,2024-11,531.677935775171,1,Large,2,Kiosk,DIST_W_03,Moderate
OUT_07901,2024-12,727.1146185629598,2,Large,2,Kiosk,DIST_W_03,Favorable
OUT_07901,2025-01,539.9993097314244,2,Large,2,Kiosk,DIST_W_03,Moderate
OUT_07901,2025-03,600.6877173024429,1,Large,2,Kiosk,DIST_W_03,Moderate
OUT_07901,2025-04,904.9190244785544,5,Large,2,Kiosk,DIST_W_03,Favorable
OUT_07901,2025-05,394.24669582904096,3,Large,2,Kiosk,DIST_W_03,Un-Favorable
OUT_07901,2025-06,340.34566602087205,1,Large,2,Kiosk,DIST_W_03,Un-Favorable
OUT_07901,2025-08,274.8258883160749,1,Large,2,Kiosk,DIST_W_03,Moderate
OUT_07901,2025-09,477.6776679174556,2,Large,2,Kiosk,DIST_W_03,Moderate
OUT_07901,2025-10,615.6833225289868,1,Large,2,Kiosk,DIST_W_03,Moderate
OUT_07901,2025-11,302.46386648066346,1,Large,2,Kiosk,DIST_W_03,Moderate
OUT_07901,2025-12,494.9926056860927,2,Large,2,Kiosk,DIST_W_03,Favorable
OUT_07913,2023-02,14.55995803075628,3,Small,0,Grocery,DIST_W_02,Moderate
OUT_07913,2023-04,129.93553472420643,4,Small,0,Grocery,DIST_W_02,Favorable
OUT_07913,2023-06,69.12177720641617,1,Small,0,Grocery,DIST_W_02,Un-Favorable
OUT_07913,2023-09,40.0432625956364,2,Small,0,Grocery,DIST_W_02,Moderate
OUT_07913,2023-10,69.67021879690695,1,Small,0,Grocery,DIST_W_02,Moderate
OUT_07913,2023-11,32.550096682326355,1,Small,0,Grocery,DIST_W_02,Moderate
OUT_07913,2023-12,49.75885454293531,2,Small,0,Grocery,DIST_W_02,Favorable
OUT_07913,2024-05,4.156289751385897,3,Small,0,Grocery,DIST_W_02,Un-Favorable
OUT_07913,2024-06,48.64844433310565,2,Small,0,Grocery,DIST_W_02,Un-Favorable
OUT_07913,2024-09,4.491579552161634,2,Small,0,Grocery,DIST_W_02,Moderate
OUT_07913,2025-02,49.25646999691594,2,Small,0,Grocery,DIST_W_02,Moderate
OUT_07913,2025-04,105.51277212765238,5,Small,0,Grocery,DIST_W_02,Favorable
OUT_07913,2025-06,13.015848691953751,1,Small,0,Grocery,DIST_W_02,Un-Favorable
OUT_07913,2025-07,66.88744499978941,1,Small,0,Grocery,DIST_W_02,Moderate
OUT_07913,2025-08,15.369688270965788,1,Small,0,Grocery,DIST_W_02,Moderate
OUT_07913,2025-09,37.33385031264595,2,Small,0,Grocery,DIST_W_02,Moderate
OUT_07913,2025-12,115.4029585811556,2,Small,0,Grocery,DIST_W_02,Favorable
OUT_07918,2023-01,15.318694232832886,3,small,1,Eatery,DIST_W_02,Moderate
OUT_07918,2023-02,27.05989724577651,3,small,1,Eatery,DIST_W_02,Moderate
OUT_07918,2023-05,11.66765736948495,4,small,1,Eatery,DIST_W_02,Un-Favorable
OUT_07918,2023-09,16.36284124368458,2,small,1,Eatery,DIST_W_02,Moderate
OUT_07918,2023-12,5.3109705401339165,2,small,1,Eatery,DIST_W_02,Favorable
OUT_07918,2024-01,28.24451019283872,2,small,1,Eatery,DIST_W_02,Moderate
OUT_07918,2024-02,5.498154066301712,3,small,1,Eatery,DIST_W_02,Moderate
OUT_07918,2024-04,24.112458019104103,7,small,1,Eatery,DIST_W_02,Favorable
OUT_07918,2024-06,56.823327218234034,2,small,1,Eatery,DIST_W_02,Un-Favorable
OUT_07918,2024-07,27.9766283471368,1,small,1,Eatery,DIST_W_02,Moderate
OUT_07918,2024-08,72.03014601904768,1,small,1,Eatery,DIST_W_02,Moderate
OUT_07918,2024-09,81.48463205105918,2,small,1,Eatery,DIST_W_02,Moderate
OUT_07918,2024-10,48.12431503718773,2,small,1,Eatery,DIST_W_02,Moderate
OUT_07918,2024-11,39.36346369505565,1,small,1,Eatery,DIST_W_02,Moderate
OUT_07918,2025-01,14.122897775212136,2,small,1,Eatery,DIST_W_02,Moderate
OUT_07918,2025-02,6.243370959567337,2,small,1,Eatery,DIST_W_02,Moderate
OUT_07918,2025-03,39.0097551667049,1,small,1,Eatery,DIST_W_02,Moderate
OUT_07918,2025-06,6.836693840592734,1,small,1,Eatery,DIST_W_02,Un-Favorable
OUT_07918,2025-07,43.46268551674848,1,small,1,Eatery,DIST_W_02,Moderate
OUT_07918,2025-08,162.6190286354888,1,small,1,Eatery,DIST_W_02,Moderate
OUT_07918,2025-09,51.67208772762139,2,small,1,Eatery,DIST_W_02,Moderate
OUT_07919,2023-04,114.42807671470342,4,Small,0,Pharmacy,DIST_W_02,Favorable
OUT_07919,2023-05,17.302666567684668,4,Small,0,Pharmacy,DIST_W_02,Un-Favorable
OUT_07919,2023-06,53.3516301980728,1,Small,0,Pharmacy,DIST_W_02,Un-Favorable
OUT_07919,2023-08,35.633295596540414,2,Small,0,Pharmacy,DIST_W_02,Moderate
OUT_07919,2023-09,80.89445074308898,2,Small,0,Pharmacy,DIST_W_02,Moderate
OUT_07919,2024-02,5.168819888523213,3,Small,0,Pharmacy,DIST_W_02,Moderate
OUT_07919,2024-03,72.18315304468231,3,Small,0,Pharmacy,DIST_W_02,Moderate
OUT_07919,2024-05,2.0044557888352856,3,Small,0,Pharmacy,DIST_W_02,Un-Favorable
OUT_07919,2024-06,11.322652492974022,2,Small,0,Pharmacy,DIST_W_02,Un-Favorable
OUT_07919,2024-07,18.778390613074507,1,Small,0,Pharmacy,DIST_W_02,Moderate
OUT_07919,2024-08,7.62212059114786,1,Small,0,Pharmacy,DIST_W_02,Moderate
OUT_07919,2024-09,94.45383521399204,2,Small,0,Pharmacy,DIST_W_02,Moderate
OUT_07919,2024-10,30.714955399686907,2,Small,0,Pharmacy,DIST_W_02,Moderate
OUT_07919,2024-11,18.56312405777253,1,Small,0,Pharmacy,DIST_W_02,Moderate
OUT_07919,2024-12,7.493403767712056,2,Small,0,Pharmacy,DIST_W_02,Favorable
OUT_07919,2025-01,16.452626867065074,2,Small,0,Pharmacy,DIST_W_02,Moderate
OUT_07919,2025-03,14.058380733775405,1,Small,0,Pharmacy,DIST_W_02,Moderate
OUT_07919,2025-04,39.744650239360936,5,Small,0,Pharmacy,DIST_W_02,Favorable
OUT_07919,2025-05,17.9184539350685,3,Small,0,Pharmacy,DIST_W_02,Un-Favorable
OUT_07919,2025-06,9.973600146260152,1,Small,0,Pharmacy,DIST_W_02,Un-Favorable
OUT_07919,2025-08,24.623186929210984,1,Small,0,Pharmacy,DIST_W_02,Moderate
OUT_07919,2025-09,69.05711726881445,2,Small,0,Pharmacy,DIST_W_02,Moderate
OUT_07919,2025-11,3.694267656190805,1,Small,0,Pharmacy,DIST_W_02,Moderate
OUT_07919,2025-12,107.97658637109556,2,Small,0,Pharmacy,DIST_W_02,Favorable
OUT_07928,2023-05,25.69553185802101,4,Small,0,Bakery,DIST_W_02,Un-Favorable
OUT_07928,2024-01,25.244378207624493,2,Small,0,Bakery,DIST_W_02,Moderate
OUT_07928,2024-03,16.429920202583073,3,Small,0,Bakery,DIST_W_02,Moderate
OUT_07928,2024-04,125.356843487461,7,Small,0,Bakery,DIST_W_02,Favorable
OUT_07928,2024-06,46.19646894969913,2,Small,0,Bakery,DIST_W_02,Un-Favorable
OUT_07928,2024-07,38.107377988048896,1,Small,0,Bakery,DIST_W_02,Moderate
OUT_07928,2024-11,5.505032152008969,1,Small,0,Bakery,DIST_W_02,Moderate
OUT_07928,2024-12,7.500656938341176,2,Small,0,Bakery,DIST_W_02,Favorable
OUT_07928,2025-03,25.148818217990986,1,Small,0,Bakery,DIST_W_02,Moderate
OUT_07928,2025-05,19.53560828288228,3,Small,0,Bakery,DIST_W_02,Un-Favorable
OUT_07928,2025-06,50.80163387958825,1,Small,0,Bakery,DIST_W_02,Un-Favorable
OUT_07928,2025-07,47.02976947015853,1,Small,0,Bakery,DIST_W_02,Moderate
OUT_07928,2025-11,19.834035148018817,1,Small,0,Bakery,DIST_W_02,Moderate
OUT_07928,2025-12,35.455334641859324,2,Small,0,Bakery,DIST_W_02,Favorable
OUT_07982,2023-01,109.6044769448196,3,Small,1,Grocery,DIST_W_03,Moderate
OUT_07982,2023-02,72.45491046683713,3,Small,1,Grocery,DIST_W_03,Moderate
OUT_07982,2023-06,50.63741531674268,1,Small,1,Grocery,DIST_W_03,Un-Favorable
OUT_07982,2023-08,99.3523940946475,2,Small,1,Grocery,DIST_W_03,Moderate
OUT_07982,2023-09,86.65756547626506,2,Small,1,Grocery,DIST_W_03,Moderate
OUT_07982,2024-01,38.23540236766692,2,Small,1,Grocery,DIST_W_03,Moderate
OUT_07982,2024-02,18.12873614109637,3,Small,1,Grocery,DIST_W_03,Moderate
OUT_07982,2024-05,9.806383234046464,3,Small,1,Grocery,DIST_W_03,Un-Favorable
OUT_07982,2024-06,52.63741769130216,2,Small,1,Grocery,DIST_W_03,Un-Favorable
OUT_07982,2024-07,23.55184087665377,1,Small,1,Grocery,DIST_W_03,Moderate
OUT_07982,2024-08,71.2054103766856,1,Small,1,Grocery,DIST_W_03,Moderate
OUT_07982,2024-11,19.216659488688283,1,Small,1,Grocery,DIST_W_03,Moderate
OUT_07982,2025-01,24.207463052612013,2,Small,1,Grocery,DIST_W_03,Moderate
OUT_07982,2025-02,105.0815405241323,2,Small,1,Grocery,DIST_W_03,Moderate
OUT_07982,2025-04,43.90500958542083,5,Small,1,Grocery,DIST_W_03,Favorable
OUT_07982,2025-05,68.78765117821334,3,Small,1,Grocery,DIST_W_03,Un-Favorable
OUT_07982,2025-06,17.732433178455572,1,Small,1,Grocery,DIST_W_03,Un-Favorable
OUT_07982,2025-08,54.639018703215605,1,Small,1,Grocery,DIST_W_03,Moderate
OUT_07982,2025-10,16.256733534453165,1,Small,1,Grocery,DIST_W_03,Moderate
OUT_07982,2025-11,72.95520909957945,1,Small,1,Grocery,DIST_W_03,Moderate
OUT_07988,2023-01,15.705469312446317,3,Small,1, Eatery ,DIST_W_02,Moderate
OUT_07988,2023-03,30.239005640237338,1,Small,1, Eatery ,DIST_W_02,Moderate
OUT_07988,2023-05,18.231759967329708,4,Small,1, Eatery ,DIST_W_02,Un-Favorable
OUT_07988,2023-07,4.291359503210159,1,Small,1, Eatery ,DIST_W_02,Moderate
OUT_07988,2023-08,12.638288418502013,2,Small,1, Eatery ,DIST_W_02,Moderate
OUT_07988,2023-09,97.19464263234596,2,Small,1, Eatery ,DIST_W_02,Moderate
OUT_07988,2024-01,25.457207052260035,2,Small,1, Eatery ,DIST_W_02,Moderate
OUT_07988,2024-02,22.532596008275902,3,Small,1, Eatery ,DIST_W_02,Moderate
OUT_07988,2024-04,37.24645207428605,7,Small,1, Eatery ,DIST_W_02,Favorable
OUT_07988,2024-06,4.983232643986159,2,Small,1, Eatery ,DIST_W_02,Un-Favorable
OUT_07988,2024-11,30.59234467104448,1,Small,1, Eatery ,DIST_W_02,Moderate
OUT_07988,2024-12,22.00080275836934,2,Small,1, Eatery ,DIST_W_02,Favorable
OUT_07988,2025-01,4.418949508861694,2,Small,1, Eatery ,DIST_W_02,Moderate
OUT_07988,2025-04,102.20315118369275,5,Small,1, Eatery ,DIST_W_02,Favorable
OUT_07988,2025-06,46.81654975319113,1,Small,1, Eatery ,DIST_W_02,Un-Favorable
OUT_07988,2025-07,69.72108040031867,1,Small,1, Eatery ,DIST_W_02,Moderate
OUT_07988,2025-10,95.64498772374544,1,Small,1, Eatery ,DIST_W_02,Moderate
OUT_07988,2025-12,141.81660268901896,2,Small,1, Eatery ,DIST_W_02,Favorable
OUT_08049,2023-03,38.94518384771312,1,Small,0,SMMT,DIST_W_02,Moderate
OUT_08049,2023-06,41.43117509927129,1,Small,0,SMMT,DIST_W_02,Un-Favorable
OUT_08049,2023-07,19.607199777738018,1,Small,0,SMMT,DIST_W_02,Moderate
OUT_08049,2023-09,13.647433213509956,2,Small,0,SMMT,DIST_W_02,Moderate
OUT_08049,2023-10,87.36362549338384,1,Small,0,SMMT,DIST_W_02,Moderate
OUT_08049,2023-11,121.56273910942824,1,Small,0,SMMT,DIST_W_02,Moderate
OUT_08049,2024-04,7.93099588549117,7,Small,0,SMMT,DIST_W_02,Favorable
OUT_08049,2024-07,16.932720135294403,1,Small,0,SMMT,DIST_W_02,Moderate
OUT_08049,2024-10,23.333629882782315,2,Small,0,SMMT,DIST_W_02,Moderate
OUT_08049,2024-12,127.63893337864332,2,Small,0,SMMT,DIST_W_02,Favorable
OUT_08049,2025-01,78.40330537088535,2,Small,0,SMMT,DIST_W_02,Moderate
OUT_08049,2025-02,46.77214440680549,2,Small,0,SMMT,DIST_W_02,Moderate
OUT_08049,2025-04,18.1109161358794,5,Small,0,SMMT,DIST_W_02,Favorable
OUT_08049,2025-08,34.148712238399185,1,Small,0,SMMT,DIST_W_02,Moderate
OUT_08049,2025-09,26.063391661935952,2,Small,0,SMMT,DIST_W_02,Moderate
OUT_08049,2025-10,86.89095342624854,1,Small,0,SMMT,DIST_W_02,Moderate
OUT_08083,2023-01,508.2805072375368,3,Large,5,SMMT,DIST_W_01,Moderate
OUT_08083,2023-02,618.4899074772924,3,Large,5,SMMT,DIST_W_01,Moderate
OUT_08083,2023-04,928.1272642902178,4,Large,5,SMMT,DIST_W_01,Favorable
OUT_08083,2023-06,418.2125911032305,1,Large,5,SMMT,DIST_W_01,Un-Favorable
OUT_08083,2023-07,577.4449019104944,1,Large,5,SMMT,DIST_W_01,Moderate
OUT_08083,2023-08,420.0592615211012,2,Large,5,SMMT,DIST_W_01,Moderate
OUT_08083,2023-09,575.569024506888,2,Large,5,SMMT,DIST_W_01,Moderate
OUT_08083,2023-10,634.3043374100092,1,Large,5,SMMT,DIST_W_01,Moderate
OUT_08083,2023-11,324.3845574991574,1,Large,5,SMMT,DIST_W_01,Moderate
OUT_08083,2024-01,602.6594115522107,2,Large,5,SMMT,DIST_W_01,Moderate
OUT_08083,2024-02,317.4013609246638,3,Large,5,SMMT,DIST_W_01,Moderate
OUT_08083,2024-03,576.6918397975186,3,Large,5,SMMT,DIST_W_01,Moderate
OUT_08083,2024-04,857.5605323257664,7,Large,5,SMMT,DIST_W_01,Favorable
OUT_08083,2024-05,235.27075737595536,3,Large,5,SMMT,DIST_W_01,Un-Favorable
OUT_08083,2024-06,381.83934976521033,2,Large,5,SMMT,DIST_W_01,Un-Favorable
OUT_08083,2024-07,599.178673631026,1,Large,5,SMMT,DIST_W_01,Moderate
OUT_08083,2024-08,119.88786770743266,1,Large,5,SMMT,DIST_W_01,Moderate
OUT_08083,2024-09,610.4467808920172,2,Large,5,SMMT,DIST_W_01,Moderate
OUT_08083,2024-10,175.48299407119222,2,Large,5,SMMT,DIST_W_01,Moderate
OUT_08083,2024-11,585.3465734628905,1,Large,5,SMMT,DIST_W_01,Moderate
OUT_08083,2024-12,830.3746401819958,2,Large,5,SMMT,DIST_W_01,Favorable
OUT_08083,2025-01,557.5618500647545,2,Large,5,SMMT,DIST_W_01,Moderate
OUT_08083,2025-02,635.1852336435713,2,Large,5,SMMT,DIST_W_01,Moderate
OUT_08083,2025-03,525.8900119462196,1,Large,5,SMMT,DIST_W_01,Moderate
OUT_08083,2025-04,719.8185829464317,5,Large,5,SMMT,DIST_W_01,Favorable
OUT_08083,2025-05,408.74968166927374,3,Large,5,SMMT,DIST_W_01,Un-Favorable
OUT_08083,2025-06,454.10170152219735,1,Large,5,SMMT,DIST_W_01,Un-Favorable
OUT_08083,2025-07,669.8112329722857,1,Large,5,SMMT,DIST_W_01,Moderate
OUT_08083,2025-08,645.8532267358144,1,Large,5,SMMT,DIST_W_01,Moderate
OUT_08083,2025-09,595.3750593672834,2,Large,5,SMMT,DIST_W_01,Moderate
OUT_08083,2025-10,303.7028732670088,1,Large,5,SMMT,DIST_W_01,Moderate
OUT_08083,2025-11,464.0208635663181,1,Large,5,SMMT,DIST_W_01,Moderate
OUT_08083,2025-12,885.5230912238732,2,Large,5,SMMT,DIST_W_01,Favorable
OUT_08092,2023-01,38.209251447927365,3,Small,0,Bakery,DIST_W_01,Moderate
OUT_08092,2023-02,98.37183465799824,3,Small,0,Bakery,DIST_W_01,Moderate
OUT_08092,2023-04,50.19623437057479,4,Small,0,Bakery,DIST_W_01,Favorable
OUT_08092,2023-05,42.169358301123694,4,Small,0,Bakery,DIST_W_01,Un-Favorable
OUT_08092,2023-07,53.04311585228052,1,Small,0,Bakery,DIST_W_01,Moderate
OUT_08092,2023-10,2.7407145152076966,1,Small,0,Bakery,DIST_W_01,Moderate
OUT_08092,2023-11,30.157478426175327,1,Small,0,Bakery,DIST_W_01,Moderate
OUT_08092,2023-12,22.21609490592845,2,Small,0,Bakery,DIST_W_01,Favorable
OUT_08092,2024-01,36.29865215192412,2,Small,0,Bakery,DIST_W_01,Moderate
OUT_08092,2024-02,61.96543889208074,3,Small,0,Bakery,DIST_W_01,Moderate
OUT_08092,2024-04,129.87877656068667,7,Small,0,Bakery,DIST_W_01,Favorable
OUT_08092,2024-05,32.72491979601664,3,Small,0,Bakery,DIST_W_01,Un-Favorable
OUT_08092,2024-06,20.239721011646417,2,Small,0,Bakery,DIST_W_01,Un-Favorable
OUT_08092,2024-08,51.42880273481039,1,Small,0,Bakery,DIST_W_01,Moderate
OUT_08092,2024-09,2.643303105899945,2,Small,0,Bakery,DIST_W_01,Moderate
OUT_08092,2025-02,113.29730115996028,2,Small,0,Bakery,DIST_W_01,Moderate
OUT_08092,2025-03,45.406923090011794,1,Small,0,Bakery,DIST_W_01,Moderate
OUT_08092,2025-04,100.70115382666214,5,Small,0,Bakery,DIST_W_01,Favorable
OUT_08092,2025-05,8.169163147574771,3,Small,0,Bakery,DIST_W_01,Un-Favorable
OUT_08092,2025-09,10.881480836510953,2,Small,0,Bakery,DIST_W_01,Moderate
OUT_08092,2025-12,34.3428477508961,2,Small,0,Bakery,DIST_W_01,Favorable
OUT_08129,2023-03,525.297430512208,1,Large,2,Bakery,DIST_W_01,Moderate
OUT_08129,2023-04,769.8132004122116,4,Large,2,Bakery,DIST_W_01,Favorable
OUT_08129,2023-05,357.8632357996885,4,Large,2,Bakery,DIST_W_01,Un-Favorable
OUT_08129,2023-06,446.1967503920318,1,Large,2,Bakery,DIST_W_01,Un-Favorable
OUT_08129,2023-08,601.246984567733,2,Large,2,Bakery,DIST_W_01,Moderate
OUT_08129,2023-09,634.5312814479447,2,Large,2,Bakery,DIST_W_01,Moderate
OUT_08129,2023-10,429.2753266268128,1,Large,2,Bakery,DIST_W_01,Moderate
OUT_08129,2023-11,644.4951044632512,1,Large,2,Bakery,DIST_W_01,Moderate
OUT_08129,2023-12,373.4666509867001,2,Large,2,Bakery,DIST_W_01,Favorable
OUT_08129,2024-02,702.941523774075,3,Large,2,Bakery,DIST_W_01,Moderate
OUT_08129,2024-03,353.6679266670737,3,Large,2,Bakery,DIST_W_01,Moderate
OUT_08129,2024-04,286.39599804484595,7,Large,2,Bakery,DIST_W_01,Favorable
OUT_08129,2024-05,437.7372253192137,3,Large,2,Bakery,DIST_W_01,Un-Favorable
OUT_08129,2024-06,345.1353524915694,2,Large,2,Bakery,DIST_W_01,Un-Favorable
OUT_08129,2024-07,633.1075091634209,1,Large,2,Bakery,DIST_W_01,Moderate
OUT_08129,2024-08,156.83950093616593,1,Large,2,Bakery,DIST_W_01,Moderate
OUT_08129,2024-09,652.0756298123107,2,Large,2,Bakery,DIST_W_01,Moderate
OUT_08129,2024-10,345.178205428261,2,Large,2,Bakery,DIST_W_01,Moderate
OUT_08129,2024-11,519.6479019298009,1,Large,2,Bakery,DIST_W_01,Moderate
OUT_08129,2024-12,885.6700824445838,2,Large,2,Bakery,DIST_W_01,Favorable
OUT_08129,2025-01,616.0137535461847,2,Large,2,Bakery,DIST_W_01,Moderate
OUT_08129,2025-02,561.3300676383546,2,Large,2,Bakery,DIST_W_01,Moderate
OUT_08129,2025-05,401.8738279011913,3,Large,2,Bakery,DIST_W_01,Un-Favorable
OUT_08129,2025-06,207.96410920443964,1,Large,2,Bakery,DIST_W_01,Un-Favorable
OUT_08129,2025-07,326.8591562244494,1,Large,2,Bakery,DIST_W_01,Moderate
OUT_08129,2025-08,212.9098416550084,1,Large,2,Bakery,DIST_W_01,Moderate
OUT_08129,2025-09,589.1138760726085,2,Large,2,Bakery,DIST_W_01,Moderate
OUT_08129,2025-10,583.5952044406546,1,Large,2,Bakery,DIST_W_01,Moderate
OUT_08129,2025-11,365.3994315196858,1,Large,2,Bakery,DIST_W_01,Moderate
OUT_08129,2025-12,791.6875439040391,2,Large,2,Bakery,DIST_W_01,Favorable
OUT_08135,2023-01,32.31568478297282,3,Medium,1,Bakry,DIST_W_01,Moderate
OUT_08135,2023-02,162.43229561776843,3,Medium,1,Bakry,DIST_W_01,Moderate
OUT_08135,2023-05,52.1422857681661,4,Medium,1,Bakry,DIST_W_01,Un-Favorable
OUT_08135,2023-07,72.3328002957808,1,Medium,1,Bakry,DIST_W_01,Moderate
OUT_08135,2023-09,56.98392176572153,2,Medium,1,Bakry,DIST_W_01,Moderate
OUT_08135,2023-11,135.13615516073654,1,Medium,1,Bakry,DIST_W_01,Moderate
OUT_08135,2023-12,42.31354440655065,2,Medium,1,Bakry,DIST_W_01,Favorable
OUT_08135,2024-01,191.33394456863584,2,Medium,1,Bakry,DIST_W_01,Moderate
OUT_08135,2024-02,84.73422896925189,3,Medium,1,Bakry,DIST_W_01,Moderate
OUT_08135,2024-03,57.95060156079006,3,Medium,1,Bakry,DIST_W_01,Moderate
OUT_08135,2024-04,91.48137092753204,7,Medium,1,Bakry,DIST_W_01,Favorable
OUT_08135,2024-06,132.41919651187274,2,Medium,1,Bakry,DIST_W_01,Un-Favorable
OUT_08135,2024-08,82.27090236928849,1,Medium,1,Bakry,DIST_W_01,Moderate
OUT_08135,2024-09,142.81769608160525,2,Medium,1,Bakry,DIST_W_01,Moderate
OUT_08135,2024-10,182.0460691706072,2,Medium,1,Bakry,DIST_W_01,Moderate
OUT_08135,2024-11,200.8605992807105,1,Medium,1,Bakry,DIST_W_01,Moderate
OUT_08135,2024-12,215.2049973826458,2,Medium,1,Bakry,DIST_W_01,Favorable
OUT_08135,2025-01,35.39370722758383,2,Medium,1,Bakry,DIST_W_01,Moderate
OUT_08135,2025-02,192.33164141293992,2,Medium,1,Bakry,DIST_W_01,Moderate
OUT_08135,2025-04,219.361709428227,5,Medium,1,Bakry,DIST_W_01,Favorable
OUT_08135,2025-06,37.780292984678034,1,Medium,1,Bakry,DIST_W_01,Un-Favorable
OUT_08135,2025-07,93.93302215756108,1,Medium,1,Bakry,DIST_W_01,Moderate
OUT_08135,2025-08,211.351018874718,1,Medium,1,Bakry,DIST_W_01,Moderate
OUT_08135,2025-09,209.0921711359109,2,Medium,1,Bakry,DIST_W_01,Moderate
OUT_08135,2025-10,199.6559379176064,1,Medium,1,Bakry,DIST_W_01,Moderate
OUT_08135,2025-11,40.07145560357754,1,Medium,1,Bakry,DIST_W_01,Moderate
OUT_08135,2025-12,353.72952338223666,2,Medium,1,Bakry,DIST_W_01,Favorable
OUT_08165,2023-02,137.44639962462668,3,Medium,2,Hotel,DIST_W_03,Moderate
OUT_08165,2023-04,275.7549548355594,4,Medium,2,Hotel,DIST_W_03,Favorable
OUT_08165,2023-05,44.80296414289842,4,Medium,2,Hotel,DIST_W_03,Un-Favorable
OUT_08165,2023-06,91.92085211141328,1,Medium,2,Hotel,DIST_W_03,Un-Favorable
OUT_08165,2023-08,222.03163899036912,2,Medium,2,Hotel,DIST_W_03,Moderate
OUT_08165,2023-09,230.40561392239064,2,Medium,2,Hotel,DIST_W_03,Moderate
OUT_08165,2023-10,52.33275168539255,1,Medium,2,Hotel,DIST_W_03,Moderate
OUT_08165,2023-11,65.29261565704263,1,Medium,2,Hotel,DIST_W_03,Moderate
OUT_08165,2023-12,309.12210139008187,2,Medium,2,Hotel,DIST_W_03,Favorable
OUT_08165,2024-01,162.99216315237345,2,Medium,2,Hotel,DIST_W_03,Moderate
OUT_08165,2024-03,237.1825410408628,3,Medium,2,Hotel,DIST_W_03,Moderate
OUT_08165,2024-04,57.57977763515186,7,Medium,2,Hotel,DIST_W_03,Favorable
OUT_08165,2024-05,114.89605937899168,3,Medium,2,Hotel,DIST_W_03,Un-Favorable
OUT_08165,2024-06,146.94836236474202,2,Medium,2,Hotel,DIST_W_03,Un-Favorable
OUT_08165,2024-07,18.49287252167665,1,Medium,2,Hotel,DIST_W_03,Moderate
OUT_08165,2024-08,45.4740758491939,1,Medium,2,Hotel,DIST_W_03,Moderate
OUT_08165,2024-09,180.20760713643395,2,Medium,2,Hotel,DIST_W_03,Moderate
OUT_08165,2024-10,225.469026836681,2,Medium,2,Hotel,DIST_W_03,Moderate
OUT_08165,2024-11,65.38431126201279,1,Medium,2,Hotel,DIST_W_03,Moderate
OUT_08165,2024-12,117.66165171300092,2,Medium,2,Hotel,DIST_W_03,Favorable
OUT_08165,2025-03,10.92058482570622,1,Medium,2,Hotel,DIST_W_03,Moderate
OUT_08165,2025-04,119.08780254145178,5,Medium,2,Hotel,DIST_W_03,Favorable
OUT_08165,2025-05,122.18803712079352,3,Medium,2,Hotel,DIST_W_03,Un-Favorable
OUT_08165,2025-06,115.43416772430908,1,Medium,2,Hotel,DIST_W_03,Un-Favorable
OUT_08165,2025-07,186.99562499383168,1,Medium,2,Hotel,DIST_W_03,Moderate
OUT_08165,2025-08,109.5355255405062,1,Medium,2,Hotel,DIST_W_03,Moderate
OUT_08165,2025-09,10.313691759892729,2,Medium,2,Hotel,DIST_W_03,Moderate
OUT_08165,2025-10,49.501441832081966,1,Medium,2,Hotel,DIST_W_03,Moderate
OUT_08165,2025-11,45.09197899490909,1,Medium,2,Hotel,DIST_W_03,Moderate
OUT_08179,2023-01,283.5328871202633,3,Large,4,Pharmacy,DIST_W_03,Moderate
OUT_08179,2023-02,583.8514983917557,3,Large,4,Pharmacy,DIST_W_03,Moderate
OUT_08179,2023-03,578.9586851137445,1,Large,4,Pharmacy,DIST_W_03,Moderate
OUT_08179,2023-04,728.0282287115697,4,Large,4,Pharmacy,DIST_W_03,Favorable
OUT_08179,2023-05,159.74362405320795,4,Large,4,Pharmacy,DIST_W_03,Un-Favorable
OUT_08179,2023-06,201.3180361921297,1,Large,4,Pharmacy,DIST_W_03,Un-Favorable
OUT_08179,2023-07,675.9222770534531,1,Large,4,Pharmacy,DIST_W_03,Moderate
OUT_08179,2023-08,559.5932870865358,2,Large,4,Pharmacy,DIST_W_03,Moderate
OUT_08179,2023-09,597.417581898209,2,Large,4,Pharmacy,DIST_W_03,Moderate
OUT_08179,2023-12,863.9573238783807,2,Large,4,Pharmacy,DIST_W_03,Favorable
OUT_08179,2024-01,258.95934229616586,2,Large,4,Pharmacy,DIST_W_03,Moderate
OUT_08179,2024-03,594.0359093268014,3,Large,4,Pharmacy,DIST_W_03,Moderate
OUT_08179,2024-04,951.1819727410092,7,Large,4,Pharmacy,DIST_W_03,Favorable
OUT_08179,2024-05,200.0357552237492,3,Large,4,Pharmacy,DIST_W_03,Un-Favorable
OUT_08179,2024-06,362.1967736286599,2,Large,4,Pharmacy,DIST_W_03,Un-Favorable
OUT_08179,2024-08,502.0300488266529,1,Large,4,Pharmacy,DIST_W_03,Moderate
OUT_08179,2024-09,490.98005813672,2,Large,4,Pharmacy,DIST_W_03,Moderate
OUT_08179,2024-11,617.8449903327305,1,Large,4,Pharmacy,DIST_W_03,Moderate
OUT_08179,2024-12,465.7918061281092,2,Large,4,Pharmacy,DIST_W_03,Favorable
OUT_08179,2025-01,535.2513586241378,2,Large,4,Pharmacy,DIST_W_03,Moderate
OUT_08179,2025-02,605.429672344956,2,Large,4,Pharmacy,DIST_W_03,Moderate
OUT_08179,2025-03,633.2092569025232,1,Large,4,Pharmacy,DIST_W_03,Moderate
OUT_08179,2025-04,293.95935126514235,5,Large,4,Pharmacy,DIST_W_03,Favorable
OUT_08179,2025-05,430.2976689722397,3,Large,4,Pharmacy,DIST_W_03,Un-Favorable
OUT_08179,2025-06,392.43945795798027,1,Large,4,Pharmacy,DIST_W_03,Un-Favorable
OUT_08179,2025-07,626.3515048335926,1,Large,4,Pharmacy,DIST_W_03,Moderate
OUT_08179,2025-08,319.4317949299205,1,Large,4,Pharmacy,DIST_W_03,Moderate
OUT_08179,2025-09,655.815696423631,2,Large,4,Pharmacy,DIST_W_03,Moderate
OUT_08179,2025-10,451.04393239705496,1,Large,4,Pharmacy,DIST_W_03,Moderate
OUT_08179,2025-12,826.090677162407,2,Large,4,Pharmacy,DIST_W_03,Favorable
OUT_08182,2023-01,75.50354528469845,3,Medium,2,Eatery,DIST_W_01,Moderate
OUT_08182,2023-02,77.47458879074732,3,Medium,2,Eatery,DIST_W_01,Moderate
OUT_08182,2023-03,189.9181053980436,1,Medium,2,Eatery,DIST_W_01,Moderate
OUT_08182,2023-04,45.39547806140159,4,Medium,2,Eatery,DIST_W_01,Favorable
OUT_08182,2023-05,35.778253804309706,4,Medium,2,Eatery,DIST_W_01,Un-Favorable
OUT_08182,2023-06,41.363152294402056,1,Medium,2,Eatery,DIST_W_01,Un-Favorable
OUT_08182,2023-07,56.82347002703482,1,Medium,2,Eatery,DIST_W_01,Moderate
OUT_08182,2023-08,212.1520968989876,2,Medium,2,Eatery,DIST_W_01,Moderate
OUT_08182,2023-09,63.126762110653374,2,Medium,2,Eatery,DIST_W_01,Moderate
OUT_08182,2023-10,34.50270100764165,1,Medium,2,Eatery,DIST_W_01,Moderate
OUT_08182,2024-02,47.94528255471547,3,Medium,2,Eatery,DIST_W_01,Moderate
OUT_08182,2024-05,76.76399285343953,3,Medium,2,Eatery,DIST_W_01,Un-Favorable
OUT_08182,2024-07,261.76859712731977,1,Medium,2,Eatery,DIST_W_01,Moderate
OUT_08182,2024-08,196.26698364114893,1,Medium,2,Eatery,DIST_W_01,Moderate
OUT_08182,2024-09,149.2565049727498,2,Medium,2,Eatery,DIST_W_01,Moderate
OUT_08182,2024-10,192.74416153291023,2,Medium,2,Eatery,DIST_W_01,Moderate
OUT_08182,2024-11,191.94635792465724,1,Medium,2,Eatery,DIST_W_01,Moderate
OUT_08182,2025-01,207.99076143212932,2,Medium,2,Eatery,DIST_W_01,Moderate
OUT_08182,2025-02,94.9591308062033,2,Medium,2,Eatery,DIST_W_01,Moderate
OUT_08182,2025-03,191.98961820020008,1,Medium,2,Eatery,DIST_W_01,Moderate
OUT_08182,2025-04,204.9187477294201,5,Medium,2,Eatery,DIST_W_01,Favorable
OUT_08182,2025-06,69.67482466272037,1,Medium,2,Eatery,DIST_W_01,Un-Favorable
OUT_08182,2025-07,196.88836527217904,1,Medium,2,Eatery,DIST_W_01,Moderate
OUT_08182,2025-09,196.52644500739368,2,Medium,2,Eatery,DIST_W_01,Moderate
OUT_08182,2025-10,20.04374958843736,1,Medium,2,Eatery,DIST_W_01,Moderate
OUT_08182,2025-11,165.76850233550033,1,Medium,2,Eatery,DIST_W_01,Moderate
OUT_08182,2025-12,220.00653535075256,2,Medium,2,Eatery,DIST_W_01,Favorable
OUT_08186,2023-01,218.309807536938,3,Large,3,Pharmacy,DIST_W_03,Moderate
OUT_08186,2023-02,628.2974334158538,3,Large,3,Pharmacy,DIST_W_03,Moderate
OUT_08186,2023-03,533.9180022022111,1,Large,3,Pharmacy,DIST_W_03,Moderate
OUT_08186,2023-04,867.6841078943127,4,Large,3,Pharmacy,DIST_W_03,Favorable
OUT_08186,2023-05,406.0823107779976,4,Large,3,Pharmacy,DIST_W_03,Un-Favorable
OUT_08186,2023-06,392.002979143388,1,Large,3,Pharmacy,DIST_W_03,Un-Favorable
OUT_08186,2023-07,477.396789737245,1,Large,3,Pharmacy,DIST_W_03,Moderate
OUT_08186,2023-08,649.5349184455933,2,Large,3,Pharmacy,DIST_W_03,Moderate
OUT_08186,2023-09,597.4353886525937,2,Large,3,Pharmacy,DIST_W_03,Moderate
OUT_08186,2023-10,676.178643764497,1,Large,3,Pharmacy,DIST_W_03,Moderate
OUT_08186,2023-11,532.7184295236186,1,Large,3,Pharmacy,DIST_W_03,Moderate
OUT_08186,2024-01,603.4977416222391,2,Large,3,Pharmacy,DIST_W_03,Moderate
OUT_08186,2024-02,194.31568145331488,3,Large,3,Pharmacy,DIST_W_03,Moderate
OUT_08186,2024-04,314.06552328290337,7,Large,3,Pharmacy,DIST_W_03,Favorable
OUT_08186,2024-05,394.25823274920185,3,Large,3,Pharmacy,DIST_W_03,Un-Favorable
OUT_08186,2024-08,620.6033073089162,1,Large,3,Pharmacy,DIST_W_03,Moderate
OUT_08186,2024-09,472.3364578946016,2,Large,3,Pharmacy,DIST_W_03,Moderate
OUT_08186,2024-10,596.8593010756543,2,Large,3,Pharmacy,DIST_W_03,Moderate
OUT_08186,2024-11,629.0553594080098,1,Large,3,Pharmacy,DIST_W_03,Moderate
OUT_08186,2024-12,890.1335909191982,2,Large,3,Pharmacy,DIST_W_03,Favorable
OUT_08186,2025-01,640.6622794527628,2,Large,3,Pharmacy,DIST_W_03,Moderate
OUT_08186,2025-03,628.2938606935866,1,Large,3,Pharmacy,DIST_W_03,Moderate
OUT_08186,2025-04,328.6515454268964,5,Large,3,Pharmacy,DIST_W_03,Favorable
OUT_08186,2025-05,346.8488822098364,3,Large,3,Pharmacy,DIST_W_03,Un-Favorable
OUT_08186,2025-07,291.63412972775285,1,Large,3,Pharmacy,DIST_W_03,Moderate
OUT_08186,2025-08,611.5873552878894,1,Large,3,Pharmacy,DIST_W_03,Moderate
OUT_08186,2025-09,548.4173452089312,2,Large,3,Pharmacy,DIST_W_03,Moderate
OUT_08186,2025-10,304.5041848598819,1,Large,3,Pharmacy,DIST_W_03,Moderate
OUT_08186,2025-11,661.4805942200938,1,Large,3,Pharmacy,DIST_W_03,Moderate
OUT_08186,2025-12,851.9761877433574,2,Large,3,Pharmacy,DIST_W_03,Favorable
OUT_08190,2023-01,190.11242306999048,3,Medium,1,Bakery,DIST_W_02,Moderate
OUT_08190,2023-02,87.48527362522816,3,Medium,1,Bakery,DIST_W_02,Moderate
OUT_08190,2023-03,25.96422137190459,1,Medium,1,Bakery,DIST_W_02,Moderate
OUT_08190,2023-05,68.35448716277186,4,Medium,1,Bakery,DIST_W_02,Un-Favorable
OUT_08190,2023-06,101.850122396537,1,Medium,1,Bakery,DIST_W_02,Un-Favorable
OUT_08190,2023-07,79.92774298032947,1,Medium,1,Bakery,DIST_W_02,Moderate
OUT_08190,2023-08,231.77016014526995,2,Medium,1,Bakery,DIST_W_02,Moderate
OUT_08190,2023-09,178.4735226348131,2,Medium,1,Bakery,DIST_W_02,Moderate
OUT_08190,2023-10,221.887138028468,1,Medium,1,Bakery,DIST_W_02,Moderate
OUT_08190,2023-11,188.5472839811084,1,Medium,1,Bakery,DIST_W_02,Moderate
OUT_08190,2024-01,47.517921474020845,2,Medium,1,Bakery,DIST_W_02,Moderate
OUT_08190,2024-04,271.9115990990556,7,Medium,1,Bakery,DIST_W_02,Favorable
OUT_08190,2024-05,46.90215275585529,3,Medium,1,Bakery,DIST_W_02,Un-Favorable
OUT_08190,2024-06,98.1009888735674,2,Medium,1,Bakery,DIST_W_02,Un-Favorable
OUT_08190,2024-07,186.3568950730452,1,Medium,1,Bakery,DIST_W_02,Moderate
OUT_08190,2024-09,77.74062519606578,2,Medium,1,Bakery,DIST_W_02,Moderate
OUT_08190,2024-10,50.06537613239634,2,Medium,1,Bakery,DIST_W_02,Moderate
OUT_08190,2024-11,24.254279899978243,1,Medium,1,Bakery,DIST_W_02,Moderate
OUT_08190,2024-12,58.1466907266878,2,Medium,1,Bakery,DIST_W_02,Favorable
OUT_08190,2025-01,159.54944506076475,2,Medium,1,Bakery,DIST_W_02,Moderate
OUT_08190,2025-02,96.9599010557562,2,Medium,1,Bakery,DIST_W_02,Moderate
OUT_08190,2025-04,247.33441669286407,5,Medium,1,Bakery,DIST_W_02,Favorable
OUT_08190,2025-05,23.76883011954079,3,Medium,1,Bakery,DIST_W_02,Un-Favorable
OUT_08190,2025-06,65.07391153786006,1,Medium,1,Bakery,DIST_W_02,Un-Favorable
OUT_08190,2025-07,168.34383602419476,1,Medium,1,Bakery,DIST_W_02,Moderate
OUT_08190,2025-09,215.2202636579537,2,Medium,1,Bakery,DIST_W_02,Moderate
OUT_08190,2025-10,155.7800685456323,1,Medium,1,Bakery,DIST_W_02,Moderate
OUT_08190,2025-11,252.13364659714065,1,Medium,1,Bakery,DIST_W_02,Moderate
OUT_08190,2025-12,310.9690398974773,2,Medium,1,Bakery,DIST_W_02,Favorable
OUT_08205,2023-01,11.040294969876264,3,Small,0,SMMT,DIST_W_01,Moderate
OUT_08205,2023-04,28.06613543873048,4,Small,0,SMMT,DIST_W_01,Favorable
OUT_08205,2023-08,80.6075304568664,2,Small,0,SMMT,DIST_W_01,Moderate
OUT_08205,2023-09,18.55727822677457,2,Small,0,SMMT,DIST_W_01,Moderate
OUT_08205,2023-11,16.767640377325336,1,Small,0,SMMT,DIST_W_01,Moderate
OUT_08205,2024-02,26.13337191515808,3,Small,0,SMMT,DIST_W_01,Moderate
OUT_08205,2024-08,9.311635468838954,1,Small,0,SMMT,DIST_W_01,Moderate
OUT_08205,2024-11,68.02384158925003,1,Small,0,SMMT,DIST_W_01,Moderate
OUT_08205,2025-02,26.484810776285407,2,Small,0,SMMT,DIST_W_01,Moderate
OUT_08205,2025-03,44.649253443564206,1,Small,0,SMMT,DIST_W_01,Moderate
OUT_08205,2025-07,37.13810788765399,1,Small,0,SMMT,DIST_W_01,Moderate
OUT_08205,2025-08,10.639438929143566,1,Small,0,SMMT,DIST_W_01,Moderate
OUT_08205,2025-12,19.47683958576801,2,Small,0,SMMT,DIST_W_01,Favorable
OUT_08218,2023-01,1305.8104027738182,3,Extra Large,2,Eatery,DIST_W_03,Moderate
OUT_08218,2023-02,1271.0443907517715,3,Extra Large,2,Eatery,DIST_W_03,Moderate
OUT_08218,2023-03,1220.301702413252,1,Extra Large,2,Eatery,DIST_W_03,Moderate
OUT_08218,2023-04,2142.9455069714195,4,Extra Large,2,Eatery,DIST_W_03,Favorable
OUT_08218,2023-05,871.9754223811096,4,Extra Large,2,Eatery,DIST_W_03,Un-Favorable
OUT_08218,2023-06,846.356563411131,1,Extra Large,2,Eatery,DIST_W_03,Un-Favorable
OUT_08218,2023-07,1198.4590585853198,1,Extra Large,2,Eatery,DIST_W_03,Moderate
OUT_08218,2023-08,1333.3951597746557,2,Extra Large,2,Eatery,DIST_W_03,Moderate
OUT_08218,2023-09,1279.9369938488885,2,Extra Large,2,Eatery,DIST_W_03,Moderate
OUT_08218,2023-10,1257.0975923909623,1,Extra Large,2,Eatery,DIST_W_03,Moderate
OUT_08218,2023-11,1254.526239630672,1,Extra Large,2,Eatery,DIST_W_03,Moderate
OUT_08218,2023-12,1914.0906754606,2,Extra Large,2,Eatery,DIST_W_03,Favorable
OUT_08218,2024-01,1360.276415207226,2,Extra Large,2,Eatery,DIST_W_03,Moderate
OUT_08218,2024-02,1247.7817401294328,3,Extra Large,2,Eatery,DIST_W_03,Moderate
OUT_08218,2024-03,1366.814085145445,3,Extra Large,2,Eatery,DIST_W_03,Moderate
OUT_08218,2024-05,896.74253013914,3,Extra Large,2,Eatery,DIST_W_03,Un-Favorable
OUT_08218,2024-07,1207.396312836806,1,Extra Large,2,Eatery,DIST_W_03,Moderate
OUT_08218,2024-08,1321.3924567288364,1,Extra Large,2,Eatery,DIST_W_03,Moderate
OUT_08218,2024-09,1290.751956767229,2,Extra Large,2,Eatery,DIST_W_03,Moderate
OUT_08218,2024-10,1347.1000912864606,2,Extra Large,2,Eatery,DIST_W_03,Moderate
OUT_08218,2024-11,1360.454669631005,1,Extra Large,2,Eatery,DIST_W_03,Moderate
OUT_08218,2024-12,1785.1244981466127,2,Extra Large,2,Eatery,DIST_W_03,Favorable
OUT_08218,2025-01,1348.157240154674,2,Extra Large,2,Eatery,DIST_W_03,Moderate
OUT_08218,2025-02,1369.9773078772052,2,Extra Large,2,Eatery,DIST_W_03,Moderate
OUT_08218,2025-03,1269.441242648579,1,Extra Large,2,Eatery,DIST_W_03,Moderate
OUT_08218,2025-04,1840.5146633186275,5,Extra Large,2,Eatery,DIST_W_03,Favorable
OUT_08218,2025-05,836.7876097117008,3,Extra Large,2,Eatery,DIST_W_03,Un-Favorable
OUT_08218,2025-06,864.6483619034094,1,Extra Large,2,Eatery,DIST_W_03,Un-Favorable
OUT_08218,2025-07,1302.4432158673285,1,Extra Large,2,Eatery,DIST_W_03,Moderate
OUT_08218,2025-08,1292.80868909153,1,Extra Large,2,Eatery,DIST_W_03,Moderate
OUT_08218,2025-09,1410.9606054913702,2,Extra Large,2,Eatery,DIST_W_03,Moderate
OUT_08218,2025-10,1196.455409933803,1,Extra Large,2,Eatery,DIST_W_03,Moderate
OUT_08218,2025-11,1375.9216189388862,1,Extra Large,2,Eatery,DIST_W_03,Moderate
OUT_08218,2025-12,1703.0153247885737,2,Extra Large,2,Eatery,DIST_W_03,Favorable
OUT_08245,2023-01,18.57836363847749,3,Small,1,Bakery,DIST_W_02,Moderate
OUT_08245,2023-03,35.89164735626799,1,Small,1,Bakery,DIST_W_02,Moderate
OUT_08245,2023-04,36.90321431289907,4,Small,1,Bakery,DIST_W_02,Favorable
OUT_08245,2023-10,90.97548267488295,1,Small,1,Bakery,DIST_W_02,Moderate
OUT_08245,2023-11,18.12131452090089,1,Small,1,Bakery,DIST_W_02,Moderate
OUT_08245,2023-12,14.898754388626957,2,Small,1,Bakery,DIST_W_02,Favorable
OUT_08245,2024-01,88.55907929004566,2,Small,1,Bakery,DIST_W_02,Moderate
OUT_08245,2024-03,6.52364502129213,3,Small,1,Bakery,DIST_W_02,Moderate
OUT_08245,2024-05,75.15480286948673,3,Small,1,Bakery,DIST_W_02,Un-Favorable
OUT_08245,2024-06,20.090536032873946,2,Small,1,Bakery,DIST_W_02,Un-Favorable
OUT_08245,2024-07,9.208727461935482,1,Small,1,Bakery,DIST_W_02,Moderate
OUT_08245,2024-08,99.6443595467276,1,Small,1,Bakery,DIST_W_02,Moderate
OUT_08245,2024-10,94.26960050269878,2,Small,1,Bakery,DIST_W_02,Moderate
OUT_08245,2025-03,16.808594856730185,1,Small,1,Bakery,DIST_W_02,Moderate
OUT_08245,2025-09,75.4498647360996,2,Small,1,Bakery,DIST_W_02,Moderate
OUT_08245,2025-11,23.07247844851747,1,Small,1,Bakery,DIST_W_02,Moderate
OUT_08258,2023-01,149.63295871661398,3,Medium,1,Pharmacy,DIST_W_02,Moderate
OUT_08258,2023-02,202.6295480602492,3,Medium,1,Pharmacy,DIST_W_02,Moderate
OUT_08258,2023-03,179.58514276801225,1,Medium,1,Pharmacy,DIST_W_02,Moderate
OUT_08258,2023-04,44.99112426459205,4,Medium,1,Pharmacy,DIST_W_02,Favorable
OUT_08258,2023-05,62.64544604926475,4,Medium,1,Pharmacy,DIST_W_02,Un-Favorable
OUT_08258,2023-07,70.84034018821326,1,Medium,1,Pharmacy,DIST_W_02,Moderate
OUT_08258,2023-08,225.04075692864373,2,Medium,1,Pharmacy,DIST_W_02,Moderate
OUT_08258,2023-10,168.18831141393972,1,Medium,1,Pharmacy,DIST_W_02,Moderate
OUT_08258,2023-11,191.73339177240257,1,Medium,1,Pharmacy,DIST_W_02,Moderate
OUT_08258,2023-12,291.1409584170296,2,Medium,1,Pharmacy,DIST_W_02,Favorable
OUT_08258,2024-01,50.283371530654414,2,Medium,1,Pharmacy,DIST_W_02,Moderate
OUT_08258,2024-02,66.39898500251824,3,Medium,1,Pharmacy,DIST_W_02,Moderate
OUT_08258,2024-03,160.56738960976585,3,Medium,1,Pharmacy,DIST_W_02,Moderate
OUT_08258,2024-04,13.095320358784097,7,Medium,1,Pharmacy,DIST_W_02,Favorable
OUT_08258,2024-05,32.592337046897086,3,Medium,1,Pharmacy,DIST_W_02,Un-Favorable
OUT_08258,2024-06,87.01794987178688,2,Medium,1,Pharmacy,DIST_W_02,Un-Favorable
OUT_08258,2024-08,62.04668599997832,1,Medium,1,Pharmacy,DIST_W_02,Moderate
OUT_08258,2024-10,80.57130099085265,2,Medium,1,Pharmacy,DIST_W_02,Moderate
OUT_08258,2024-11,161.41219624772262,1,Medium,1,Pharmacy,DIST_W_02,Moderate
OUT_08258,2024-12,65.2498125665374,2,Medium,1,Pharmacy,DIST_W_02,Favorable
OUT_08258,2025-01,54.51664957684503,2,Medium,1,Pharmacy,DIST_W_02,Moderate
OUT_08258,2025-02,9.688540566756023,2,Medium,1,Pharmacy,DIST_W_02,Moderate
OUT_08258,2025-03,12.113487738190948,1,Medium,1,Pharmacy,DIST_W_02,Moderate
OUT_08258,2025-04,102.3540946252998,5,Medium,1,Pharmacy,DIST_W_02,Favorable
OUT_08258,2025-05,83.16552524481075,3,Medium,1,Pharmacy,DIST_W_02,Un-Favorable
OUT_08258,2025-06,45.55511494752249,1,Medium,1,Pharmacy,DIST_W_02,Un-Favorable
OUT_08258,2025-08,226.5046384039124,1,Medium,1,Pharmacy,DIST_W_02,Moderate
OUT_08258,2025-09,192.29444171282964,2,Medium,1,Pharmacy,DIST_W_02,Moderate
OUT_08258,2025-10,114.8232994097156,1,Medium,1,Pharmacy,DIST_W_02,Moderate
OUT_08258,2025-12,313.5219250869628,2,Medium,1,Pharmacy,DIST_W_02,Favorable
OUT_08269,2023-02,26.3240945954544,3,Small,0,SMMT,DIST_W_01,Moderate
OUT_08269,2023-03,99.81024538167406,1,Small,0,SMMT,DIST_W_01,Moderate
OUT_08269,2023-05,20.652506530040657,4,Small,0,SMMT,DIST_W_01,Un-Favorable
OUT_08269,2023-06,76.46399156094196,1,Small,0,SMMT,DIST_W_01,Un-Favorable
OUT_08269,2023-10,69.32424953018425,1,Small,0,SMMT,DIST_W_01,Moderate
OUT_08269,2023-11,28.59481645061945,1,Small,0,SMMT,DIST_W_01,Moderate
OUT_08269,2023-12,4.268697630711592,2,Small,0,SMMT,DIST_W_01,Favorable
OUT_08269,2024-01,16.07900628613943,2,Small,0,SMMT,DIST_W_01,Moderate
OUT_08269,2024-02,18.72779011047312,3,Small,0,SMMT,DIST_W_01,Moderate
OUT_08269,2024-03,42.044742070599,3,Small,0,SMMT,DIST_W_01,Moderate
OUT_08269,2024-04,39.38106198559093,7,Small,0,SMMT,DIST_W_01,Favorable
OUT_08269,2024-05,53.269118440868766,3,Small,0,SMMT,DIST_W_01,Un-Favorable
OUT_08269,2024-09,65.28112513459627,2,Small,0,SMMT,DIST_W_01,Moderate
OUT_08269,2024-11,17.967499202128057,1,Small,0,SMMT,DIST_W_01,Moderate
OUT_08269,2024-12,55.54612100689591,2,Small,0,SMMT,DIST_W_01,Favorable
OUT_08269,2025-03,80.08404511079429,1,Small,0,SMMT,DIST_W_01,Moderate
OUT_08269,2025-09,12.490107508886709,2,Small,0,SMMT,DIST_W_01,Moderate
OUT_08269,2025-12,115.41507660467862,2,Small,0,SMMT,DIST_W_01,Favorable
OUT_08271,2023-02,521.0900588362769,3,Large,5,Grocery,DIST_W_02,Moderate
OUT_08271,2023-04,1003.1580972791164,4,Large,5,Grocery,DIST_W_02,Favorable
OUT_08271,2023-05,418.000569131056,4,Large,5,Grocery,DIST_W_02,Un-Favorable
OUT_08271,2023-06,152.7157085820698,1,Large,5,Grocery,DIST_W_02,Un-Favorable
OUT_08271,2023-07,623.4268704399477,1,Large,5,Grocery,DIST_W_02,Moderate
OUT_08271,2023-09,555.3291196501418,2,Large,5,Grocery,DIST_W_02,Moderate
OUT_08271,2023-10,526.3594125693053,1,Large,5,Grocery,DIST_W_02,Moderate
OUT_08271,2023-11,97.25141530032168,1,Large,5,Grocery,DIST_W_02,Moderate
OUT_08271,2023-12,846.106336594744,2,Large,5,Grocery,DIST_W_02,Favorable
OUT_08271,2024-01,441.9720390008009,2,Large,5,Grocery,DIST_W_02,Moderate
OUT_08271,2024-02,260.1183470200399,3,Large,5,Grocery,DIST_W_02,Moderate
OUT_08271,2024-03,639.5143251592052,3,Large,5,Grocery,DIST_W_02,Moderate
OUT_08271,2024-04,909.2937991407211,7,Large,5,Grocery,DIST_W_02,Favorable
OUT_08271,2024-05,305.31425152643976,3,Large,5,Grocery,DIST_W_02,Un-Favorable
OUT_08271,2024-06,348.5678267543789,2,Large,5,Grocery,DIST_W_02,Un-Favorable
OUT_08271,2024-07,707.0142225838035,1,Large,5,Grocery,DIST_W_02,Moderate
OUT_08271,2024-08,548.4726173690749,1,Large,5,Grocery,DIST_W_02,Moderate
OUT_08271,2024-09,564.9943336834085,2,Large,5,Grocery,DIST_W_02,Moderate
OUT_08271,2024-10,548.4615326305577,2,Large,5,Grocery,DIST_W_02,Moderate
OUT_08271,2024-11,677.0318083714353,1,Large,5,Grocery,DIST_W_02,Moderate
OUT_08271,2024-12,846.96153279019,2,Large,5,Grocery,DIST_W_02,Favorable
OUT_08271,2025-02,523.2121027241183,2,Large,5,Grocery,DIST_W_02,Moderate
OUT_08271,2025-03,666.5721083601451,1,Large,5,Grocery,DIST_W_02,Moderate
OUT_08271,2025-04,867.279781428282,5,Large,5,Grocery,DIST_W_02,Favorable
OUT_08271,2025-05,323.486182322566,3,Large,5,Grocery,DIST_W_02,Un-Favorable
OUT_08271,2025-06,434.4165438161537,1,Large,5,Grocery,DIST_W_02,Un-Favorable
OUT_08271,2025-07,609.2993641047456,1,Large,5,Grocery,DIST_W_02,Moderate
OUT_08271,2025-09,627.5010322167652,2,Large,5,Grocery,DIST_W_02,Moderate
OUT_08271,2025-10,619.5003472893659,1,Large,5,Grocery,DIST_W_02,Moderate
OUT_08271,2025-11,542.0073788813885,1,Large,5,Grocery,DIST_W_02,Moderate
OUT_08271,2025-12,715.0470742113338,2,Large,5,Grocery,DIST_W_02,Favorable
OUT_08305,2023-02,654.0716839175225,3,Large,4,Hotel,DIST_W_03,Moderate
OUT_08305,2023-03,637.4105700940592,1,Large,4,Hotel,DIST_W_03,Moderate
OUT_08305,2023-04,549.5651136428149,4,Large,4,Hotel,DIST_W_03,Favorable
OUT_08305,2023-05,278.2198822386561,4,Large,4,Hotel,DIST_W_03,Un-Favorable
OUT_08305,2023-06,272.54851769504165,1,Large,4,Hotel,DIST_W_03,Un-Favorable
OUT_08305,2023-07,611.6929671330782,1,Large,4,Hotel,DIST_W_03,Moderate
OUT_08305,2023-08,500.2244659572633,2,Large,4,Hotel,DIST_W_03,Moderate
OUT_08305,2023-09,390.1953410735625,2,Large,4,Hotel,DIST_W_03,Moderate
OUT_08305,2023-10,537.9968003765891,1,Large,4,Hotel,DIST_W_03,Moderate
OUT_08305,2023-11,337.7956163430462,1,Large,4,Hotel,DIST_W_03,Moderate
OUT_08305,2023-12,457.8614426491555,2,Large,4,Hotel,DIST_W_03,Favorable
OUT_08305,2024-01,576.9388001864322,2,Large,4,Hotel,DIST_W_03,Moderate
OUT_08305,2024-02,467.43651437977326,3,Large,4,Hotel,DIST_W_03,Moderate
OUT_08305,2024-03,515.6193081168993,3,Large,4,Hotel,DIST_W_03,Moderate
OUT_08305,2024-04,910.1267120926286,7,Large,4,Hotel,DIST_W_03,Favorable
OUT_08305,2024-06,134.43390173921077,2,Large,4,Hotel,DIST_W_03,Un-Favorable
OUT_08305,2024-07,603.0000669913838,1,Large,4,Hotel,DIST_W_03,Moderate
OUT_08305,2024-08,240.36971066465253,1,Large,4,Hotel,DIST_W_03,Moderate
OUT_08305,2024-09,486.9080369310077,2,Large,4,Hotel,DIST_W_03,Moderate
OUT_08305,2024-10,646.9746258942798,2,Large,4,Hotel,DIST_W_03,Moderate
OUT_08305,2024-12,985.6988862429062,2,Large,4,Hotel,DIST_W_03,Favorable
OUT_08305,2025-01,599.2046849651389,2,Large,4,Hotel,DIST_W_03,Moderate
OUT_08305,2025-02,519.5011526185853,2,Large,4,Hotel,DIST_W_03,Moderate
OUT_08305,2025-03,550.8672319346971,1,Large,4,Hotel,DIST_W_03,Moderate
OUT_08305,2025-04,532.154973245397,5,Large,4,Hotel,DIST_W_03,Favorable
OUT_08305,2025-05,481.4488569634514,3,Large,4,Hotel,DIST_W_03,Un-Favorable
OUT_08305,2025-06,365.9449258598608,1,Large,4,Hotel,DIST_W_03,Un-Favorable
OUT_08305,2025-07,556.0363890828855,1,Large,4,Hotel,DIST_W_03,Moderate
OUT_08305,2025-08,580.5502174324856,1,Large,4,Hotel,DIST_W_03,Moderate
OUT_08305,2025-09,326.0046971522973,2,Large,4,Hotel,DIST_W_03,Moderate
OUT_08305,2025-10,488.0321749267696,1,Large,4,Hotel,DIST_W_03,Moderate
OUT_08305,2025-11,335.8663507849338,1,Large,4,Hotel,DIST_W_03,Moderate
OUT_08305,2025-12,684.0790703485704,2,Large,4,Hotel,DIST_W_03,Favorable
OUT_08312,2023-02,14.478628480753876,3,Small,0,SMMT,DIST_W_03,Moderate
OUT_08312,2023-07,38.63638356000477,1,Small,0,SMMT,DIST_W_03,Moderate
OUT_08312,2023-09,74.17179910733637,2,Small,0,SMMT,DIST_W_03,Moderate
OUT_08312,2023-10,28.62583025695875,1,Small,0,SMMT,DIST_W_03,Moderate
OUT_08312,2024-04,50.081474966184615,7,Small,0,SMMT,DIST_W_03,Favorable
OUT_08312,2024-08,32.77158783711706,1,Small,0,SMMT,DIST_W_03,Moderate
OUT_08312,2024-09,27.76251965944053,2,Small,0,SMMT,DIST_W_03,Moderate
OUT_08312,2024-11,77.397841499862,1,Small,0,SMMT,DIST_W_03,Moderate
OUT_08312,2025-01,5.297417035945072,2,Small,0,SMMT,DIST_W_03,Moderate
OUT_08312,2025-02,12.601502962580463,2,Small,0,SMMT,DIST_W_03,Moderate
OUT_08312,2025-04,138.44579840569486,5,Small,0,SMMT,DIST_W_03,Favorable
OUT_08312,2025-07,32.92266354355622,1,Small,0,SMMT,DIST_W_03,Moderate
OUT_08312,2025-08,19.06074997389417,1,Small,0,SMMT,DIST_W_03,Moderate
OUT_08312,2025-09,2.1034975981517654,2,Small,0,SMMT,DIST_W_03,Moderate
OUT_08312,2025-12,20.26203532951532,2,Small,0,SMMT,DIST_W_03,Favorable
OUT_08319,2023-01,183.50345843075985,3,Medium,2,Pharmacy,DIST_W_02,Moderate
OUT_08319,2023-02,86.1317389619267,3,Medium,2,Pharmacy,DIST_W_02,Moderate
OUT_08319,2023-03,95.04767091543978,1,Medium,2,Pharmacy,DIST_W_02,Moderate
OUT_08319,2023-07,50.16086966199749,1,Medium,2,Pharmacy,DIST_W_02,Moderate
OUT_08319,2023-09,38.11439577215143,2,Medium,2,Pharmacy,DIST_W_02,Moderate
OUT_08319,2023-10,190.51833767599908,1,Medium,2,Pharmacy,DIST_W_02,Moderate
OUT_08319,2023-11,213.826663559826,1,Medium,2,Pharmacy,DIST_W_02,Moderate
OUT_08319,2024-01,98.91800904417644,2,Medium,2,Pharmacy,DIST_W_02,Moderate
OUT_08319,2024-03,61.02117418510659,3,Medium,2,Pharmacy,DIST_W_02,Moderate
OUT_08319,2024-04,268.1848000850671,7,Medium,2,Pharmacy,DIST_W_02,Favorable
OUT_08319,2024-05,24.461889892892263,3,Medium,2,Pharmacy,DIST_W_02,Un-Favorable
OUT_08319,2024-09,214.1526505002171,2,Medium,2,Pharmacy,DIST_W_02,Moderate
OUT_08319,2024-10,208.0469624624774,2,Medium,2,Pharmacy,DIST_W_02,Moderate
OUT_08319,2024-12,287.23975322023455,2,Medium,2,Pharmacy,DIST_W_02,Favorable
OUT_08319,2025-01,182.5315075447916,2,Medium,2,Pharmacy,DIST_W_02,Moderate
OUT_08319,2025-02,164.88422794340045,2,Medium,2,Pharmacy,DIST_W_02,Moderate
OUT_08319,2025-03,35.071997422863845,1,Medium,2,Pharmacy,DIST_W_02,Moderate
OUT_08319,2025-04,171.8223675075014,5,Medium,2,Pharmacy,DIST_W_02,Favorable
OUT_08319,2025-05,131.8513744635181,3,Medium,2,Pharmacy,DIST_W_02,Un-Favorable
OUT_08319,2025-06,39.04961100127182,1,Medium,2,Pharmacy,DIST_W_02,Un-Favorable
OUT_08319,2025-08,43.970692981014736,1,Medium,2,Pharmacy,DIST_W_02,Moderate
OUT_08319,2025-10,184.5350961291615,1,Medium,2,Pharmacy,DIST_W_02,Moderate
OUT_08319,2025-12,224.8359055262589,2,Medium,2,Pharmacy,DIST_W_02,Favorable
OUT_08341,2023-01,82.3619523094612,3,Small,0,Bakery,DIST_W_02,Moderate
OUT_08341,2023-05,7.844294042260622,4,Small,0,Bakery,DIST_W_02,Un-Favorable
OUT_08341,2023-07,99.45452615304202,1,Small,0,Bakery,DIST_W_02,Moderate
OUT_08341,2023-08,9.627160814650434,2,Small,0,Bakery,DIST_W_02,Moderate
OUT_08341,2023-09,5.571267165893563,2,Small,0,Bakery,DIST_W_02,Moderate
OUT_08341,2023-10,88.516208446201,1,Small,0,Bakery,DIST_W_02,Moderate
OUT_08341,2024-01,29.675848345800446,2,Small,0,Bakery,DIST_W_02,Moderate
OUT_08341,2024-04,104.6881525869288,7,Small,0,Bakery,DIST_W_02,Favorable
OUT_08341,2024-06,60.0565052483038,2,Small,0,Bakery,DIST_W_02,Un-Favorable
OUT_08341,2024-09,38.45032435964674,2,Small,0,Bakery,DIST_W_02,Moderate
OUT_08341,2024-10,26.184432101412863,2,Small,0,Bakery,DIST_W_02,Moderate
OUT_08341,2025-02,8.980140215133872,2,Small,0,Bakery,DIST_W_02,Moderate
OUT_08341,2025-09,9.719878648267503,2,Small,0,Bakery,DIST_W_02,Moderate
OUT_08341,2025-10,16.638818910920005,1,Small,0,Bakery,DIST_W_02,Moderate
OUT_08341,2025-11,6.835631458428271,1,Small,0,Bakery,DIST_W_02,Moderate
OUT_08341,2025-12,50.84118292165413,2,Small,0,Bakery,DIST_W_02,Favorable
OUT_08351,2023-02,150.59889207967308,3,Medium,2,Hotel,DIST_W_02,Moderate
OUT_08351,2023-04,134.51232384001167,4,Medium,2,Hotel,DIST_W_02,Favorable
OUT_08351,2023-05,61.31680248631496,4,Medium,2,Hotel,DIST_W_02,Un-Favorable
OUT_08351,2023-06,114.68136810769651,1,Medium,2,Hotel,DIST_W_02,Un-Favorable
OUT_08351,2023-07,44.67458164143719,1,Medium,2,Hotel,DIST_W_02,Moderate
OUT_08351,2023-09,71.51377533311138,2,Medium,2,Hotel,DIST_W_02,Moderate
OUT_08351,2024-01,164.1248168244221,2,Medium,2,Hotel,DIST_W_02,Moderate
OUT_08351,2024-02,117.14784955128454,3,Medium,2,Hotel,DIST_W_02,Moderate
OUT_08351,2024-03,177.62577854130984,3,Medium,2,Hotel,DIST_W_02,Moderate
OUT_08351,2024-04,88.13853854325485,7,Medium,2,Hotel,DIST_W_02,Favorable
OUT_08351,2024-05,53.66310260604303,3,Medium,2,Hotel,DIST_W_02,Un-Favorable
OUT_08351,2024-06,61.59246245452669,2,Medium,2,Hotel,DIST_W_02,Un-Favorable
OUT_08351,2024-07,93.7294220762283,1,Medium,2,Hotel,DIST_W_02,Moderate
OUT_08351,2024-09,60.93489662123157,2,Medium,2,Hotel,DIST_W_02,Moderate
OUT_08351,2024-10,200.72857010521432,2,Medium,2,Hotel,DIST_W_02,Moderate
OUT_08351,2024-11,100.3365191557989,1,Medium,2,Hotel,DIST_W_02,Moderate
OUT_08351,2024-12,124.61832654311776,2,Medium,2,Hotel,DIST_W_02,Favorable
OUT_08351,2025-01,51.71728350279029,2,Medium,2,Hotel,DIST_W_02,Moderate
OUT_08351,2025-02,102.4012951943189,2,Medium,2,Hotel,DIST_W_02,Moderate
OUT_08351,2025-03,77.71570245766334,1,Medium,2,Hotel,DIST_W_02,Moderate
OUT_08351,2025-05,123.99072588885566,3,Medium,2,Hotel,DIST_W_02,Un-Favorable
OUT_08351,2025-06,63.4437799229549,1,Medium,2,Hotel,DIST_W_02,Un-Favorable
OUT_08351,2025-07,98.83868240020696,1,Medium,2,Hotel,DIST_W_02,Moderate
OUT_08351,2025-08,71.28346608304184,1,Medium,2,Hotel,DIST_W_02,Moderate
OUT_08351,2025-09,170.97001986711547,2,Medium,2,Hotel,DIST_W_02,Moderate
OUT_08351,2025-11,215.0274912246362,1,Medium,2,Hotel,DIST_W_02,Moderate
OUT_08351,2025-12,92.33788200534408,2,Medium,2,Hotel,DIST_W_02,Favorable
OUT_08362,2023-01,336.46171287651725,3,Large,4,Pharmacy,DIST_W_03,Moderate
OUT_08362,2023-03,604.0311790976233,1,Large,4,Pharmacy,DIST_W_03,Moderate
OUT_08362,2023-04,636.8024803787722,4,Large,4,Pharmacy,DIST_W_03,Favorable
OUT_08362,2023-05,378.95403175663375,4,Large,4,Pharmacy,DIST_W_03,Un-Favorable
OUT_08362,2023-06,383.02196750361287,1,Large,4,Pharmacy,DIST_W_03,Un-Favorable
OUT_08362,2023-07,546.4194242240274,1,Large,4,Pharmacy,DIST_W_03,Moderate
OUT_08362,2023-08,527.3356189302931,2,Large,4,Pharmacy,DIST_W_03,Moderate
OUT_08362,2023-09,580.8565314665047,2,Large,4,Pharmacy,DIST_W_03,Moderate
OUT_08362,2023-10,288.49148097307506,1,Large,4,Pharmacy,DIST_W_03,Moderate
OUT_08362,2023-11,594.9338312190355,1,Large,4,Pharmacy,DIST_W_03,Moderate
OUT_08362,2023-12,852.0943011764997,2,Large,4,Pharmacy,DIST_W_03,Favorable
OUT_08362,2024-01,549.3700480575873,2,Large,4,Pharmacy,DIST_W_03,Moderate
OUT_08362,2024-02,228.8571184315806,3,Large,4,Pharmacy,DIST_W_03,Moderate
OUT_08362,2024-03,503.8310163179989,3,Large,4,Pharmacy,DIST_W_03,Moderate
OUT_08362,2024-04,911.0799980603506,7,Large,4,Pharmacy,DIST_W_03,Favorable
OUT_08362,2024-05,315.63780804920424,3,Large,4,Pharmacy,DIST_W_03,Un-Favorable
OUT_08362,2024-06,416.92380575773353,2,Large,4,Pharmacy,DIST_W_03,Un-Favorable
OUT_08362,2024-07,620.7613260864903,1,Large,4,Pharmacy,DIST_W_03,Moderate
OUT_08362,2024-08,614.5068375599598,1,Large,4,Pharmacy,DIST_W_03,Moderate
OUT_08362,2024-09,589.5722185977536,2,Large,4,Pharmacy,DIST_W_03,Moderate
OUT_08362,2024-10,641.7904673344365,2,Large,4,Pharmacy,DIST_W_03,Moderate
OUT_08362,2024-11,465.12751400264665,1,Large,4,Pharmacy,DIST_W_03,Moderate
OUT_08362,2024-12,695.305748206027,2,Large,4,Pharmacy,DIST_W_03,Favorable
OUT_08362,2025-01,269.70963790669407,2,Large,4,Pharmacy,DIST_W_03,Moderate
OUT_08362,2025-02,254.1455813347141,2,Large,4,Pharmacy,DIST_W_03,Moderate
OUT_08362,2025-03,621.8964758834171,1,Large,4,Pharmacy,DIST_W_03,Moderate
OUT_08362,2025-04,844.8831114679934,5,Large,4,Pharmacy,DIST_W_03,Favorable
OUT_08362,2025-05,338.354335630268,3,Large,4,Pharmacy,DIST_W_03,Un-Favorable
OUT_08362,2025-06,334.06962336275484,1,Large,4,Pharmacy,DIST_W_03,Un-Favorable
OUT_08362,2025-07,138.38520068398185,1,Large,4,Pharmacy,DIST_W_03,Moderate
OUT_08362,2025-08,568.889809760642,1,Large,4,Pharmacy,DIST_W_03,Moderate
OUT_08362,2025-09,533.7884461723863,2,Large,4,Pharmacy,DIST_W_03,Moderate
OUT_08362,2025-11,596.1927588402242,1,Large,4,Pharmacy,DIST_W_03,Moderate
OUT_08362,2025-12,862.0084118975956,2,Large,4,Pharmacy,DIST_W_03,Favorable
OUT_08388,2023-02,78.81564575325044,3,Medium,1,Bakery,DIST_W_02,Moderate
OUT_08388,2023-03,93.40017082630776,1,Medium,1,Bakery,DIST_W_02,Moderate
OUT_08388,2023-05,55.88008291912038,4,Medium,1,Bakery,DIST_W_02,Un-Favorable
OUT_08388,2023-06,83.015089245953,1,Medium,1,Bakery,DIST_W_02,Un-Favorable
OUT_08388,2023-07,101.10338364165976,1,Medium,1,Bakery,DIST_W_02,Moderate
OUT_08388,2023-08,85.85402615685784,2,Medium,1,Bakery,DIST_W_02,Moderate
OUT_08388,2023-09,119.77159850147738,2,Medium,1,Bakery,DIST_W_02,Moderate
OUT_08388,2023-10,64.43028281695258,1,Medium,1,Bakery,DIST_W_02,Moderate
OUT_08388,2023-11,78.67638434750373,1,Medium,1,Bakery,DIST_W_02,Moderate
OUT_08388,2023-12,232.94899729658337,2,Medium,1,Bakery,DIST_W_02,Favorable
OUT_08388,2024-02,30.41289388970963,3,Medium,1,Bakery,DIST_W_02,Moderate
OUT_08388,2024-03,59.37119444515921,3,Medium,1,Bakery,DIST_W_02,Moderate
OUT_08388,2024-04,117.95395658475228,7,Medium,1,Bakery,DIST_W_02,Favorable
OUT_08388,2024-08,191.78883088221812,1,Medium,1,Bakery,DIST_W_02,Moderate
OUT_08388,2024-11,53.07222169453249,1,Medium,1,Bakery,DIST_W_02,Moderate
OUT_08388,2024-12,81.8619677051322,2,Medium,1,Bakery,DIST_W_02,Favorable
OUT_08388,2025-01,110.53999182679787,2,Medium,1,Bakery,DIST_W_02,Moderate
OUT_08388,2025-02,63.61863348616987,2,Medium,1,Bakery,DIST_W_02,Moderate
OUT_08388,2025-03,74.72120686412555,1,Medium,1,Bakery,DIST_W_02,Moderate
OUT_08388,2025-04,103.33656317478808,5,Medium,1,Bakery,DIST_W_02,Favorable
OUT_08388,2025-05,52.51667018203049,3,Medium,1,Bakery,DIST_W_02,Un-Favorable
OUT_08388,2025-06,30.1735704053598,1,Medium,1,Bakery,DIST_W_02,Un-Favorable
OUT_08388,2025-07,64.13705497891796,1,Medium,1,Bakery,DIST_W_02,Moderate
OUT_08388,2025-09,23.948574233930525,2,Medium,1,Bakery,DIST_W_02,Moderate
OUT_08388,2025-10,273.37508431573417,1,Medium,1,Bakery,DIST_W_02,Moderate
OUT_08388,2025-11,54.01135722832103,1,Medium,1,Bakery,DIST_W_02,Moderate
OUT_08388,2025-12,212.7365582383414,2,Medium,1,Bakery,DIST_W_02,Favorable
OUT_08399,2023-02,59.73548624096084,3,small,0,Eatery,DIST_W_02,Moderate
OUT_08399,2023-03,27.255372821026825,1,small,0,Eatery,DIST_W_02,Moderate
OUT_08399,2023-04,104.11930092775084,4,small,0,Eatery,DIST_W_02,Favorable
OUT_08399,2023-05,18.682960304324485,4,small,0,Eatery,DIST_W_02,Un-Favorable
OUT_08399,2023-06,6.191021979950435,1,small,0,Eatery,DIST_W_02,Un-Favorable
OUT_08399,2023-07,15.98515745772707,1,small,0,Eatery,DIST_W_02,Moderate
OUT_08399,2023-08,5.3901736729260366,2,small,0,Eatery,DIST_W_02,Moderate
OUT_08399,2023-09,97.90064369815498,2,small,0,Eatery,DIST_W_02,Moderate
OUT_08399,2023-12,66.89103351305198,2,small,0,Eatery,DIST_W_02,Favorable
OUT_08399,2024-01,79.96252205118931,2,small,0,Eatery,DIST_W_02,Moderate
OUT_08399,2024-04,6.726373826825183,7,small,0,Eatery,DIST_W_02,Favorable
OUT_08399,2024-05,46.0368534621226,3,small,0,Eatery,DIST_W_02,Un-Favorable
OUT_08399,2024-06,58.81456637183301,2,small,0,Eatery,DIST_W_02,Un-Favorable
OUT_08399,2024-07,12.56379329331362,1,small,0,Eatery,DIST_W_02,Moderate
OUT_08399,2024-08,3.5869469437249624,1,small,0,Eatery,DIST_W_02,Moderate
OUT_08399,2024-09,29.996503128715663,2,small,0,Eatery,DIST_W_02,Moderate
OUT_08399,2024-12,29.550195161816603,2,small,0,Eatery,DIST_W_02,Favorable
OUT_08399,2025-03,30.29425693779908,1,small,0,Eatery,DIST_W_02,Moderate
OUT_08399,2025-04,29.08316188639701,5,small,0,Eatery,DIST_W_02,Favorable
OUT_08399,2025-05,2.528943671720894,3,small,0,Eatery,DIST_W_02,Un-Favorable
OUT_08399,2025-06,3.480002773926115,1,small,0,Eatery,DIST_W_02,Un-Favorable
OUT_08399,2025-07,81.67220859297286,1,small,0,Eatery,DIST_W_02,Moderate
OUT_08399,2025-08,34.15211859227293,1,small,0,Eatery,DIST_W_02,Moderate
OUT_08399,2025-11,23.150818773712203,1,small,0,Eatery,DIST_W_02,Moderate
OUT_08404,2023-03,41.60905619475259,1,Small,0,Eatery,DIST_W_03,Moderate
OUT_08404,2023-04,69.00620053785967,4,Small,0,Eatery,DIST_W_03,Favorable
OUT_08404,2023-09,3.79386868375411,2,Small,0,Eatery,DIST_W_03,Moderate
OUT_08404,2023-11,77.50144901093546,1,Small,0,Eatery,DIST_W_03,Moderate
OUT_08404,2024-01,5.460045066920827,2,Small,0,Eatery,DIST_W_03,Moderate
OUT_08404,2024-02,14.853787307080186,3,Small,0,Eatery,DIST_W_03,Moderate
OUT_08404,2024-03,34.6080513028799,3,Small,0,Eatery,DIST_W_03,Moderate
OUT_08404,2024-05,44.49992730306885,3,Small,0,Eatery,DIST_W_03,Un-Favorable
OUT_08404,2024-08,28.48611295704229,1,Small,0,Eatery,DIST_W_03,Moderate
OUT_08404,2024-09,11.385586197350127,2,Small,0,Eatery,DIST_W_03,Moderate
OUT_08404,2024-10,22.385740408864088,2,Small,0,Eatery,DIST_W_03,Moderate
OUT_08404,2024-11,41.7352633274442,1,Small,0,Eatery,DIST_W_03,Moderate
OUT_08404,2025-02,99.51115261271968,2,Small,0,Eatery,DIST_W_03,Moderate
OUT_08404,2025-07,9.243705263542402,1,Small,0,Eatery,DIST_W_03,Moderate
OUT_08404,2025-08,26.57581704565204,1,Small,0,Eatery,DIST_W_03,Moderate
OUT_08404,2025-09,37.42702813531911,2,Small,0,Eatery,DIST_W_03,Moderate
OUT_08404,2025-11,33.80272212441892,1,Small,0,Eatery,DIST_W_03,Moderate
OUT_08404,2025-12,46.921853390828026,2,Small,0,Eatery,DIST_W_03,Favorable
OUT_08412,2023-02,21.76222115377128,3,Small,0,Pharmacy,DIST_W_01,Moderate
OUT_08412,2023-04,17.11557992610595,4,Small,0,Pharmacy,DIST_W_01,Favorable
OUT_08412,2023-09,30.45544837424705,2,Small,0,Pharmacy,DIST_W_01,Moderate
OUT_08412,2023-10,8.43886957521244,1,Small,0,Pharmacy,DIST_W_01,Moderate
OUT_08412,2023-11,59.52452200229159,1,Small,0,Pharmacy,DIST_W_01,Moderate
OUT_08412,2023-12,53.05433465331752,2,Small,0,Pharmacy,DIST_W_01,Favorable
OUT_08412,2024-02,22.152424889006085,3,Small,0,Pharmacy,DIST_W_01,Moderate
OUT_08412,2024-03,35.545381201694845,3,Small,0,Pharmacy,DIST_W_01,Moderate
OUT_08412,2024-05,54.03630440730328,3,Small,0,Pharmacy,DIST_W_01,Un-Favorable
OUT_08412,2025-01,78.76077924423942,2,Small,0,Pharmacy,DIST_W_01,Moderate
OUT_08412,2025-02,61.51338283503732,2,Small,0,Pharmacy,DIST_W_01,Moderate
OUT_08412,2025-04,46.09078927249045,5,Small,0,Pharmacy,DIST_W_01,Favorable
OUT_08412,2025-06,20.73873245523665,1,Small,0,Pharmacy,DIST_W_01,Un-Favorable
OUT_08412,2025-07,52.1200879653658,1,Small,0,Pharmacy,DIST_W_01,Moderate
OUT_08412,2025-08,43.65539663639639,1,Small,0,Pharmacy,DIST_W_01,Moderate
OUT_08412,2025-09,13.415858969873222,2,Small,0,Pharmacy,DIST_W_01,Moderate
OUT_08412,2025-10,56.30174011743844,1,Small,0,Pharmacy,DIST_W_01,Moderate
OUT_08412,2025-11,29.07574856797565,1,Small,0,Pharmacy,DIST_W_01,Moderate
OUT_08442,2023-01,1280.7417172368864,3,Extra Large,2,Pharmacy,DIST_W_01,Moderate
OUT_08442,2023-02,1399.856294901123,3,Extra Large,2,Pharmacy,DIST_W_01,Moderate
OUT_08442,2023-03,1370.6728389406403,1,Extra Large,2,Pharmacy,DIST_W_01,Moderate
OUT_08442,2023-04,1794.2006106766269,4,Extra Large,2,Pharmacy,DIST_W_01,Favorable
OUT_08442,2023-05,814.6973310882084,4,Extra Large,2,Pharmacy,DIST_W_01,Un-Favorable
OUT_08442,2023-06,819.8632631752806,1,Extra Large,2,Pharmacy,DIST_W_01,Un-Favorable
OUT_08442,2023-07,1333.7376168309531,1,Extra Large,2,Pharmacy,DIST_W_01,Moderate
OUT_08442,2023-08,1260.50839517846,2,Extra Large,2,Pharmacy,DIST_W_01,Moderate
OUT_08442,2023-09,1245.5709551701989,2,Extra Large,2,Pharmacy,DIST_W_01,Moderate
OUT_08442,2023-10,1305.862119584796,1,Extra Large,2,Pharmacy,DIST_W_01,Moderate
OUT_08442,2023-11,1264.5165012227658,1,Extra Large,2,Pharmacy,DIST_W_01,Moderate
OUT_08442,2023-12,1923.331376889004,2,Extra Large,2,Pharmacy,DIST_W_01,Favorable
OUT_08442,2024-01,1337.0528632061662,2,Extra Large,2,Pharmacy,DIST_W_01,Moderate
OUT_08442,2024-02,1293.2793393341915,3,Extra Large,2,Pharmacy,DIST_W_01,Moderate
OUT_08442,2024-03,1282.1083411378174,3,Extra Large,2,Pharmacy,DIST_W_01,Moderate
OUT_08442,2024-04,1895.2507192061048,7,Extra Large,2,Pharmacy,DIST_W_01,Favorable
OUT_08442,2024-05,888.7807775911031,3,Extra Large,2,Pharmacy,DIST_W_01,Un-Favorable
OUT_08442,2024-06,843.2878422176193,2,Extra Large,2,Pharmacy,DIST_W_01,Un-Favorable
OUT_08442,2024-07,1340.6013169187545,1,Extra Large,2,Pharmacy,DIST_W_01,Moderate
OUT_08442,2024-08,1321.2811276535897,1,Extra Large,2,Pharmacy,DIST_W_01,Moderate
OUT_08442,2024-09,1323.0563617727623,2,Extra Large,2,Pharmacy,DIST_W_01,Moderate
OUT_08442,2024-10,1343.659224054715,2,Extra Large,2,Pharmacy,DIST_W_01,Moderate
OUT_08442,2024-11,1304.4003418924085,1,Extra Large,2,Pharmacy,DIST_W_01,Moderate
OUT_08442,2024-12,1902.565107452448,2,Extra Large,2,Pharmacy,DIST_W_01,Favorable
OUT_08442,2025-02,1321.291245538202,2,Extra Large,2,Pharmacy,DIST_W_01,Moderate
OUT_08442,2025-03,1310.4060813125006,1,Extra Large,2,Pharmacy,DIST_W_01,Moderate
OUT_08442,2025-04,1839.6350914618256,5,Extra Large,2,Pharmacy,DIST_W_01,Favorable
OUT_08442,2025-05,849.1100919314215,3,Extra Large,2,Pharmacy,DIST_W_01,Un-Favorable
OUT_08442,2025-06,840.1509362876907,1,Extra Large,2,Pharmacy,DIST_W_01,Un-Favorable
OUT_08442,2025-07,1370.53238335763,1,Extra Large,2,Pharmacy,DIST_W_01,Moderate
OUT_08442,2025-08,1349.3514690078275,1,Extra Large,2,Pharmacy,DIST_W_01,Moderate
OUT_08442,2025-09,1256.946714057661,2,Extra Large,2,Pharmacy,DIST_W_01,Moderate
OUT_08442,2025-10,1322.4143651902948,1,Extra Large,2,Pharmacy,DIST_W_01,Moderate
OUT_08442,2025-11,1226.7953755408043,1,Extra Large,2,Pharmacy,DIST_W_01,Moderate
OUT_08442,2025-12,2048.5187302732115,2,Extra Large,2,Pharmacy,DIST_W_01,Favorable
OUT_08458,2023-01,724.0553270658243,3,Large,2,Kiosk,DIST_W_01,Moderate
OUT_08458,2023-03,308.0162836159992,1,Large,2,Kiosk,DIST_W_01,Moderate
OUT_08458,2023-06,384.0891992054635,1,Large,2,Kiosk,DIST_W_01,Un-Favorable
OUT_08458,2023-07,564.4876521437566,1,Large,2,Kiosk,DIST_W_01,Moderate
OUT_08458,2023-08,696.6250553669793,2,Large,2,Kiosk,DIST_W_01,Moderate
OUT_08458,2023-09,278.013000756785,2,Large,2,Kiosk,DIST_W_01,Moderate
OUT_08458,2023-10,323.70799458661014,1,Large,2,Kiosk,DIST_W_01,Moderate
OUT_08458,2023-11,315.90614078102,1,Large,2,Kiosk,DIST_W_01,Moderate
OUT_08458,2024-02,519.8628359582251,3,Large,2,Kiosk,DIST_W_01,Moderate
OUT_08458,2024-03,363.78440664580046,3,Large,2,Kiosk,DIST_W_01,Moderate
OUT_08458,2024-04,970.9291786271712,7,Large,2,Kiosk,DIST_W_01,Favorable
OUT_08458,2024-05,422.3855984821736,3,Large,2,Kiosk,DIST_W_01,Un-Favorable
OUT_08458,2024-06,378.9509352762738,2,Large,2,Kiosk,DIST_W_01,Un-Favorable
OUT_08458,2024-07,584.0335206675251,1,Large,2,Kiosk,DIST_W_01,Moderate
OUT_08458,2024-08,395.47238384131737,1,Large,2,Kiosk,DIST_W_01,Moderate
OUT_08458,2024-10,188.86887353851392,2,Large,2,Kiosk,DIST_W_01,Moderate
OUT_08458,2024-12,828.1393117558687,2,Large,2,Kiosk,DIST_W_01,Favorable
OUT_08458,2025-01,327.55557556675313,2,Large,2,Kiosk,DIST_W_01,Moderate
OUT_08458,2025-02,566.8231573170957,2,Large,2,Kiosk,DIST_W_01,Moderate
OUT_08458,2025-03,562.7845795213468,1,Large,2,Kiosk,DIST_W_01,Moderate
OUT_08458,2025-04,858.0807132744599,5,Large,2,Kiosk,DIST_W_01,Favorable
OUT_08458,2025-05,327.7479910278837,3,Large,2,Kiosk,DIST_W_01,Un-Favorable
OUT_08458,2025-06,343.97839258026,1,Large,2,Kiosk,DIST_W_01,Un-Favorable
OUT_08458,2025-07,702.9703675904032,1,Large,2,Kiosk,DIST_W_01,Moderate
OUT_08458,2025-11,600.81028517894,1,Large,2,Kiosk,DIST_W_01,Moderate
OUT_08458,2025-12,701.4119819509413,2,Large,2,Kiosk,DIST_W_01,Favorable
OUT_08526,2023-01,1388.772279036849,3,Extra Large,3,Eatery,DIST_W_01,Moderate
OUT_08526,2023-02,1275.196381280572,3,Extra Large,3,Eatery,DIST_W_01,Moderate
OUT_08526,2023-03,1369.7570677313165,1,Extra Large,3,Eatery,DIST_W_01,Moderate
OUT_08526,2023-04,1630.0313001231875,4,Extra Large,3,Eatery,DIST_W_01,Favorable
OUT_08526,2023-05,791.2891736361154,4,Extra Large,3,Eatery,DIST_W_01,Un-Favorable
OUT_08526,2023-06,842.7672890537066,1,Extra Large,3,Eatery,DIST_W_01,Un-Favorable
OUT_08526,2023-07,1304.6073672971374,1,Extra Large,3,Eatery,DIST_W_01,Moderate
OUT_08526,2023-08,1351.1745984768345,2,Extra Large,3,Eatery,DIST_W_01,Moderate
OUT_08526,2023-09,1386.5952711649986,2,Extra Large,3,Eatery,DIST_W_01,Moderate
OUT_08526,2023-10,1340.4189265520336,1,Extra Large,3,Eatery,DIST_W_01,Moderate
OUT_08526,2023-11,1231.4845029284736,1,Extra Large,3,Eatery,DIST_W_01,Moderate
OUT_08526,2023-12,1934.62964818256,2,Extra Large,3,Eatery,DIST_W_01,Favorable
OUT_08526,2024-01,1238.4833616834535,2,Extra Large,3,Eatery,DIST_W_01,Moderate
OUT_08526,2024-02,1335.70986493047,3,Extra Large,3,Eatery,DIST_W_01,Moderate
OUT_08526,2024-03,1222.6763560635395,3,Extra Large,3,Eatery,DIST_W_01,Moderate
OUT_08526,2024-04,1979.3740740868689,7,Extra Large,3,Eatery,DIST_W_01,Favorable
OUT_08526,2024-05,847.8016459170987,3,Extra Large,3,Eatery,DIST_W_01,Un-Favorable
OUT_08526,2024-06,831.7530076522593,2,Extra Large,3,Eatery,DIST_W_01,Un-Favorable
OUT_08526,2024-07,1258.7839889770748,1,Extra Large,3,Eatery,DIST_W_01,Moderate
OUT_08526,2024-08,1241.0639158443296,1,Extra Large,3,Eatery,DIST_W_01,Moderate
OUT_08526,2024-09,1323.54877839981,2,Extra Large,3,Eatery,DIST_W_01,Moderate
OUT_08526,2024-10,1312.2125875099662,2,Extra Large,3,Eatery,DIST_W_01,Moderate
OUT_08526,2024-11,1250.9597133989728,1,Extra Large,3,Eatery,DIST_W_01,Moderate
OUT_08526,2024-12,1895.9625340240016,2,Extra Large,3,Eatery,DIST_W_01,Favorable
OUT_08526,2025-01,1256.726904421718,2,Extra Large,3,Eatery,DIST_W_01,Moderate
OUT_08526,2025-02,1350.4526318029298,2,Extra Large,3,Eatery,DIST_W_01,Moderate
OUT_08526,2025-03,1314.569652185375,1,Extra Large,3,Eatery,DIST_W_01,Moderate
OUT_08526,2025-04,1907.326797247086,5,Extra Large,3,Eatery,DIST_W_01,Favorable
OUT_08526,2025-05,826.42362366949,3,Extra Large,3,Eatery,DIST_W_01,Un-Favorable
OUT_08526,2025-06,873.1674041732182,1,Extra Large,3,Eatery,DIST_W_01,Un-Favorable
OUT_08526,2025-07,1315.312220439059,1,Extra Large,3,Eatery,DIST_W_01,Moderate
OUT_08526,2025-09,1368.9595240142266,2,Extra Large,3,Eatery,DIST_W_01,Moderate
OUT_08526,2025-10,1268.9578717800398,1,Extra Large,3,Eatery,DIST_W_01,Moderate
OUT_08526,2025-11,1287.2626871277112,1,Extra Large,3,Eatery,DIST_W_01,Moderate
OUT_08526,2025-12,2012.79976498476,2,Extra Large,3,Eatery,DIST_W_01,Favorable
OUT_08572,2023-05,17.82567244947588,4,Small,1,SMMT,DIST_W_02,Un-Favorable
OUT_08572,2023-06,48.225976602206,1,Small,1,SMMT,DIST_W_02,Un-Favorable
OUT_08572,2023-09,8.778944000999028,2,Small,1,SMMT,DIST_W_02,Moderate
OUT_08572,2023-10,83.24766069500166,1,Small,1,SMMT,DIST_W_02,Moderate
OUT_08572,2023-11,73.07438368605334,1,Small,1,SMMT,DIST_W_02,Moderate
OUT_08572,2024-04,25.524701001689003,7,Small,1,SMMT,DIST_W_02,Favorable
OUT_08572,2024-05,10.39262981807732,3,Small,1,SMMT,DIST_W_02,Un-Favorable
OUT_08572,2024-07,21.83371805961458,1,Small,1,SMMT,DIST_W_02,Moderate
OUT_08572,2024-09,6.207391266176348,2,Small,1,SMMT,DIST_W_02,Moderate
OUT_08572,2024-10,14.509410449153105,2,Small,1,SMMT,DIST_W_02,Moderate
OUT_08572,2024-11,33.02603438851674,1,Small,1,SMMT,DIST_W_02,Moderate
OUT_08572,2025-01,88.49321164262365,2,Small,1,SMMT,DIST_W_02,Moderate
OUT_08572,2025-03,11.718186293005823,1,Small,1,SMMT,DIST_W_02,Moderate
OUT_08572,2025-04,41.243401446834994,5,Small,1,SMMT,DIST_W_02,Favorable
OUT_08572,2025-06,3.118462660572667,1,Small,1,SMMT,DIST_W_02,Un-Favorable
OUT_08572,2025-08,60.50892335334946,1,Small,1,SMMT,DIST_W_02,Moderate
OUT_08572,2025-09,84.6211549540119,2,Small,1,SMMT,DIST_W_02,Moderate
OUT_08572,2025-10,28.33462640663436,1,Small,1,SMMT,DIST_W_02,Moderate
OUT_08572,2025-11,10.809438325130449,1,Small,1,SMMT,DIST_W_02,Moderate
OUT_08592,2023-02,223.2603001068875,3,Medium,2,Bakery,DIST_W_02,Moderate
OUT_08592,2023-03,168.41036716401007,1,Medium,2,Bakery,DIST_W_02,Moderate
OUT_08592,2023-04,256.3376752434548,4,Medium,2,Bakery,DIST_W_02,Favorable
OUT_08592,2023-06,122.20516633665616,1,Medium,2,Bakery,DIST_W_02,Un-Favorable
OUT_08592,2023-07,85.9882514264057,1,Medium,2,Bakery,DIST_W_02,Moderate
OUT_08592,2023-08,102.02279508422544,2,Medium,2,Bakery,DIST_W_02,Moderate
OUT_08592,2023-10,183.1335656836452,1,Medium,2,Bakery,DIST_W_02,Moderate
OUT_08592,2024-01,119.6926771777878,2,Medium,2,Bakery,DIST_W_02,Moderate
OUT_08592,2024-03,229.887076021698,3,Medium,2,Bakery,DIST_W_02,Moderate
OUT_08592,2024-04,179.79878808936223,7,Medium,2,Bakery,DIST_W_02,Favorable
OUT_08592,2024-05,93.34413723495544,3,Medium,2,Bakery,DIST_W_02,Un-Favorable
OUT_08592,2024-07,168.16539121031622,1,Medium,2,Bakery,DIST_W_02,Moderate
OUT_08592,2024-08,106.96329803031276,1,Medium,2,Bakery,DIST_W_02,Moderate
OUT_08592,2024-11,192.8673365331944,1,Medium,2,Bakery,DIST_W_02,Moderate
OUT_08592,2024-12,73.85411534401379,2,Medium,2,Bakery,DIST_W_02,Favorable
OUT_08592,2025-02,155.82593271380503,2,Medium,2,Bakery,DIST_W_02,Moderate
OUT_08592,2025-03,332.27632960953616,1,Medium,2,Bakery,DIST_W_02,Moderate
OUT_08592,2025-04,184.2796827428448,5,Medium,2,Bakery,DIST_W_02,Favorable
OUT_08592,2025-06,42.81614398749208,1,Medium,2,Bakery,DIST_W_02,Un-Favorable
OUT_08592,2025-10,224.47128976586825,1,Medium,2,Bakery,DIST_W_02,Moderate
OUT_08592,2025-11,95.65682450578676,1,Medium,2,Bakery,DIST_W_02,Moderate
OUT_08592,2025-12,86.96962809550696,2,Medium,2,Bakery,DIST_W_02,Favorable
OUT_08593,2023-01,81.2860529703683,3,Small,1,Bakery,DIST_W_01,Moderate
OUT_08593,2023-02,16.739412063851535,3,Small,1,Bakery,DIST_W_01,Moderate
OUT_08593,2023-03,79.11540025721158,1,Small,1,Bakery,DIST_W_01,Moderate
OUT_08593,2023-07,6.1351127296862975,1,Small,1,Bakery,DIST_W_01,Moderate
OUT_08593,2023-08,36.46914740220701,2,Small,1,Bakery,DIST_W_01,Moderate
OUT_08593,2023-10,82.8921392983791,1,Small,1,Bakery,DIST_W_01,Moderate
OUT_08593,2023-11,23.210215664042643,1,Small,1,Bakery,DIST_W_01,Moderate
OUT_08593,2024-03,32.04432432546962,3,Small,1,Bakery,DIST_W_01,Moderate
OUT_08593,2024-05,101.62732675633232,3,Small,1,Bakery,DIST_W_01,Un-Favorable
OUT_08593,2024-06,24.04864015283589,2,Small,1,Bakery,DIST_W_01,Un-Favorable
OUT_08593,2024-08,61.11133255116659,1,Small,1,Bakery,DIST_W_01,Moderate
OUT_08593,2024-09,23.34432135072885,2,Small,1,Bakery,DIST_W_01,Moderate
OUT_08593,2025-01,9.389435160384046,2,Small,1,Bakery,DIST_W_01,Moderate
OUT_08593,2025-06,25.56964011239853,1,Small,1,Bakery,DIST_W_01,Un-Favorable
OUT_08593,2025-07,16.34064719690389,1,Small,1,Bakery,DIST_W_01,Moderate
OUT_08593,2025-08,62.04398476669529,1,Small,1,Bakery,DIST_W_01,Moderate
OUT_08604,2023-01,17.055740231293967,3,Small,0,Grocery,DIST_W_01,Moderate
OUT_08604,2023-06,17.896462034399605,1,Small,0,Grocery,DIST_W_01,Un-Favorable
OUT_08604,2023-07,58.10271306772255,1,Small,0,Grocery,DIST_W_01,Moderate
OUT_08604,2023-12,51.9706792915908,2,Small,0,Grocery,DIST_W_01,Favorable
OUT_08604,2024-04,27.51003436749623,7,Small,0,Grocery,DIST_W_01,Favorable
OUT_08604,2024-05,7.174196252057198,3,Small,0,Grocery,DIST_W_01,Un-Favorable
OUT_08604,2024-06,3.2859516521605934,2,Small,0,Grocery,DIST_W_01,Un-Favorable
OUT_08604,2024-09,31.43425935180583,2,Small,0,Grocery,DIST_W_01,Moderate
OUT_08604,2024-10,35.26800009610862,2,Small,0,Grocery,DIST_W_01,Moderate
OUT_08604,2024-12,6.63745580490027,2,Small,0,Grocery,DIST_W_01,Favorable
OUT_08604,2025-01,4.375406610608937,2,Small,0,Grocery,DIST_W_01,Moderate
OUT_08604,2025-02,22.222653450357434,2,Small,0,Grocery,DIST_W_01,Moderate
OUT_08604,2025-06,18.392944364767963,1,Small,0,Grocery,DIST_W_01,Un-Favorable
OUT_08604,2025-07,89.188194247983,1,Small,0,Grocery,DIST_W_01,Moderate
OUT_08637,2023-03,36.16377733422801,1,Small,1,Bakery,DIST_W_01,Moderate
OUT_08637,2023-04,53.70767771346847,4,Small,1,Bakery,DIST_W_01,Favorable
OUT_08637,2023-06,7.478218471459772,1,Small,1,Bakery,DIST_W_01,Un-Favorable
OUT_08637,2023-07,78.87876578859482,1,Small,1,Bakery,DIST_W_01,Moderate
OUT_08637,2023-11,62.16503702107211,1,Small,1,Bakery,DIST_W_01,Moderate
OUT_08637,2023-12,4.466749699637284,2,Small,1,Bakery,DIST_W_01,Favorable
OUT_08637,2024-02,15.513901476896388,3,Small,1,Bakery,DIST_W_01,Moderate
OUT_08637,2024-04,131.9999470996871,7,Small,1,Bakery,DIST_W_01,Favorable
OUT_08637,2024-05,56.82362598933713,3,Small,1,Bakery,DIST_W_01,Un-Favorable
OUT_08637,2024-06,10.863614622906358,2,Small,1,Bakery,DIST_W_01,Un-Favorable
OUT_08637,2024-08,5.436810299219541,1,Small,1,Bakery,DIST_W_01,Moderate
OUT_08637,2024-09,11.871973294158764,2,Small,1,Bakery,DIST_W_01,Moderate
OUT_08637,2024-12,107.20443084894752,2,Small,1,Bakery,DIST_W_01,Favorable
OUT_08637,2025-04,25.79278920086667,5,Small,1,Bakery,DIST_W_01,Favorable
OUT_08637,2025-06,13.924188929531756,1,Small,1,Bakery,DIST_W_01,Un-Favorable
OUT_08637,2025-08,16.463717929662966,1,Small,1,Bakery,DIST_W_01,Moderate
OUT_08637,2025-12,81.06820698175876,2,Small,1,Bakery,DIST_W_01,Favorable
OUT_08641,2023-01,42.29176012914263,3,Medium,2,Hotel,DIST_W_02,Moderate
OUT_08641,2023-03,40.01118940083414,1,Medium,2,Hotel,DIST_W_02,Moderate
OUT_08641,2023-06,23.77511957219988,1,Medium,2,Hotel,DIST_W_02,Un-Favorable
OUT_08641,2023-08,172.68811263535355,2,Medium,2,Hotel,DIST_W_02,Moderate
OUT_08641,2023-09,55.41717641068134,2,Medium,2,Hotel,DIST_W_02,Moderate
OUT_08641,2023-11,87.31052059698979,1,Medium,2,Hotel,DIST_W_02,Moderate
OUT_08641,2023-12,299.38477195660505,2,Medium,2,Hotel,DIST_W_02,Favorable
OUT_08641,2024-01,90.7982422391365,2,Medium,2,Hotel,DIST_W_02,Moderate
OUT_08641,2024-03,182.61494636064168,3,Medium,2,Hotel,DIST_W_02,Moderate
OUT_08641,2024-04,263.59473708362896,7,Medium,2,Hotel,DIST_W_02,Favorable
OUT_08641,2024-06,38.94319101966814,2,Medium,2,Hotel,DIST_W_02,Un-Favorable
OUT_08641,2024-07,119.7389983704165,1,Medium,2,Hotel,DIST_W_02,Moderate
OUT_08641,2024-11,80.89834238390691,1,Medium,2,Hotel,DIST_W_02,Moderate
OUT_08641,2024-12,286.37609277966976,2,Medium,2,Hotel,DIST_W_02,Favorable
OUT_08641,2025-01,214.7936238941067,2,Medium,2,Hotel,DIST_W_02,Moderate
OUT_08641,2025-02,123.67852892852429,2,Medium,2,Hotel,DIST_W_02,Moderate
OUT_08641,2025-03,61.55385330524976,1,Medium,2,Hotel,DIST_W_02,Moderate
OUT_08641,2025-04,133.83803946447537,5,Medium,2,Hotel,DIST_W_02,Favorable
OUT_08641,2025-05,157.53967375322998,3,Medium,2,Hotel,DIST_W_02,Un-Favorable
OUT_08641,2025-06,67.97457980389926,1,Medium,2,Hotel,DIST_W_02,Un-Favorable
OUT_08641,2025-07,175.99018661886092,1,Medium,2,Hotel,DIST_W_02,Moderate
OUT_08641,2025-08,82.97872804753284,1,Medium,2,Hotel,DIST_W_02,Moderate
OUT_08641,2025-09,50.895299305137655,2,Medium,2,Hotel,DIST_W_02,Moderate
OUT_08641,2025-10,219.01705029633328,1,Medium,2,Hotel,DIST_W_02,Moderate
OUT_08641,2025-12,167.97697604082842,2,Medium,2,Hotel,DIST_W_02,Favorable
OUT_08647,2023-01,473.0540098098899,3,Large,4,SMMT,DIST_W_01,Moderate
OUT_08647,2023-02,463.1600634839512,3,Large,4,SMMT,DIST_W_01,Moderate
OUT_08647,2023-03,536.9960281023762,1,Large,4,SMMT,DIST_W_01,Moderate
OUT_08647,2023-04,922.8264749654878,4,Large,4,SMMT,DIST_W_01,Favorable
OUT_08647,2023-05,328.17159181820745,4,Large,4,SMMT,DIST_W_01,Un-Favorable
OUT_08647,2023-06,354.6395614527149,1,Large,4,SMMT,DIST_W_01,Un-Favorable
OUT_08647,2023-07,220.7058059469545,1,Large,4,SMMT,DIST_W_01,Moderate
OUT_08647,2023-08,310.1851393583709,2,Large,4,SMMT,DIST_W_01,Moderate
OUT_08647,2023-09,663.6139403472295,2,Large,4,SMMT,DIST_W_01,Moderate
OUT_08647,2023-10,568.7537790939194,1,Large,4,SMMT,DIST_W_01,Moderate
OUT_08647,2023-11,628.8274066363239,1,Large,4,SMMT,DIST_W_01,Moderate
OUT_08647,2023-12,846.9317079907889,2,Large,4,SMMT,DIST_W_01,Favorable
OUT_08647,2024-01,614.8288427752738,2,Large,4,SMMT,DIST_W_01,Moderate
OUT_08647,2024-02,635.661151274451,3,Large,4,SMMT,DIST_W_01,Moderate
OUT_08647,2024-03,574.614349351656,3,Large,4,SMMT,DIST_W_01,Moderate
OUT_08647,2024-04,1077.6678644991352,7,Large,4,SMMT,DIST_W_01,Favorable
OUT_08647,2024-05,392.87207727404495,3,Large,4,SMMT,DIST_W_01,Un-Favorable
OUT_08647,2024-06,236.1278196997932,2,Large,4,SMMT,DIST_W_01,Un-Favorable
OUT_08647,2024-07,521.7910384565624,1,Large,4,SMMT,DIST_W_01,Moderate
OUT_08647,2024-08,312.97456197886305,1,Large,4,SMMT,DIST_W_01,Moderate
OUT_08647,2024-09,253.5429735303846,2,Large,4,SMMT,DIST_W_01,Moderate
OUT_08647,2024-10,478.0637387667456,2,Large,4,SMMT,DIST_W_01,Moderate
OUT_08647,2024-12,768.9159682662523,2,Large,4,SMMT,DIST_W_01,Favorable
OUT_08647,2025-01,489.48044384226125,2,Large,4,SMMT,DIST_W_01,Moderate
OUT_08647,2025-02,506.39535238986593,2,Large,4,SMMT,DIST_W_01,Moderate
OUT_08647,2025-03,544.8014050196218,1,Large,4,SMMT,DIST_W_01,Moderate
OUT_08647,2025-05,399.6539339615941,3,Large,4,SMMT,DIST_W_01,Un-Favorable
OUT_08647,2025-06,395.4912858976817,1,Large,4,SMMT,DIST_W_01,Un-Favorable
OUT_08647,2025-07,555.7501619127162,1,Large,4,SMMT,DIST_W_01,Moderate
OUT_08647,2025-08,544.3272184039587,1,Large,4,SMMT,DIST_W_01,Moderate
OUT_08647,2025-09,233.86075887970927,2,Large,4,SMMT,DIST_W_01,Moderate
OUT_08647,2025-10,620.7572814925935,1,Large,4,SMMT,DIST_W_01,Moderate
OUT_08647,2025-11,608.7628487311416,1,Large,4,SMMT,DIST_W_01,Moderate
OUT_08647,2025-12,736.2020129622726,2,Large,4,SMMT,DIST_W_01,Favorable
OUT_08649,2023-02,2.778036782288574,3,Small,0,Pharmacy,DIST_W_02,Moderate
OUT_08649,2023-03,18.876900560757704,1,Small,0,Pharmacy,DIST_W_02,Moderate
OUT_08649,2023-06,26.558647607270544,1,Small,0,Pharmacy,DIST_W_02,Un-Favorable
OUT_08649,2023-11,-52.45772420083733,1,Small,0,Pharmacy,DIST_W_02,Moderate
OUT_08649,2023-12,106.76810437244652,2,Small,0,Pharmacy,DIST_W_02,Favorable
OUT_08649,2024-01,15.657617699918562,2,Small,0,Pharmacy,DIST_W_02,Moderate
OUT_08649,2024-03,23.79991584456041,3,Small,0,Pharmacy,DIST_W_02,Moderate
OUT_08649,2024-04,14.284860737085282,7,Small,0,Pharmacy,DIST_W_02,Favorable
OUT_08649,2024-06,22.727100730744723,2,Small,0,Pharmacy,DIST_W_02,Un-Favorable
OUT_08649,2024-08,17.076922891605644,1,Small,0,Pharmacy,DIST_W_02,Moderate
OUT_08649,2024-10,18.0159228613644,2,Small,0,Pharmacy,DIST_W_02,Moderate
OUT_08649,2025-01,28.44068474729685,2,Small,0,Pharmacy,DIST_W_02,Moderate
OUT_08649,2025-02,7.667573171165737,2,Small,0,Pharmacy,DIST_W_02,Moderate
OUT_08649,2025-05,31.96223628870245,3,Small,0,Pharmacy,DIST_W_02,Un-Favorable
OUT_08649,2025-06,2.164953195310451,1,Small,0,Pharmacy,DIST_W_02,Un-Favorable
OUT_08649,2025-07,99.63956272724786,1,Small,0,Pharmacy,DIST_W_02,Moderate
OUT_08649,2025-10,67.05165510137076,1,Small,0,Pharmacy,DIST_W_02,Moderate
OUT_08649,2025-11,57.18395491524902,1,Small,0,Pharmacy,DIST_W_02,Moderate
OUT_08658,2023-01,637.799675556728,3,Large,3,Eatery,DIST_W_02,Moderate
OUT_08658,2023-02,610.1289592787288,3,Large,3,Eatery,DIST_W_02,Moderate
OUT_08658,2023-03,581.2814730424273,1,Large,3,Eatery,DIST_W_02,Moderate
OUT_08658,2023-04,834.6360407715375,4,Large,3,Eatery,DIST_W_02,Favorable
OUT_08658,2023-05,333.1712228416271,4,Large,3,Eatery,DIST_W_02,Un-Favorable
OUT_08658,2023-06,441.9413494195293,1,Large,3,Eatery,DIST_W_02,Un-Favorable
OUT_08658,2023-07,575.1776261742459,1,Large,3,Eatery,DIST_W_02,Moderate
OUT_08658,2023-08,480.7042691413538,2,Large,3,Eatery,DIST_W_02,Moderate
OUT_08658,2023-09,599.2152731655875,2,Large,3,Eatery,DIST_W_02,Moderate
OUT_08658,2023-10,557.1755898898834,1,Large,3,Eatery,DIST_W_02,Moderate
OUT_08658,2023-11,630.1460042984329,1,Large,3,Eatery,DIST_W_02,Moderate
OUT_08658,2023-12,937.1954237488748,2,Large,3,Eatery,DIST_W_02,Favorable
OUT_08658,2024-01,554.4051018293679,2,Large,3,Eatery,DIST_W_02,Moderate
OUT_08658,2024-03,557.797082553665,3,Large,3,Eatery,DIST_W_02,Moderate
OUT_08658,2024-04,464.7552810062081,7,Large,3,Eatery,DIST_W_02,Favorable
OUT_08658,2024-05,364.5688229594938,3,Large,3,Eatery,DIST_W_02,Un-Favorable
OUT_08658,2024-07,648.6363430354007,1,Large,3,Eatery,DIST_W_02,Moderate
OUT_08658,2024-08,565.7944078016727,1,Large,3,Eatery,DIST_W_02,Moderate
OUT_08658,2024-09,600.1110118562627,2,Large,3,Eatery,DIST_W_02,Moderate
OUT_08658,2024-10,605.6133233552504,2,Large,3,Eatery,DIST_W_02,Moderate
OUT_08658,2024-11,569.8910232001858,1,Large,3,Eatery,DIST_W_02,Moderate
OUT_08658,2024-12,949.893201499162,2,Large,3,Eatery,DIST_W_02,Favorable
OUT_08658,2025-01,250.70440917327755,2,Large,3,Eatery,DIST_W_02,Moderate
OUT_08658,2025-02,493.1257131935403,2,Large,3,Eatery,DIST_W_02,Moderate
OUT_08658,2025-03,589.739641993277,1,Large,3,Eatery,DIST_W_02,Moderate
OUT_08658,2025-04,838.8804814405094,5,Large,3,Eatery,DIST_W_02,Favorable
OUT_08658,2025-05,173.03745937888732,3,Large,3,Eatery,DIST_W_02,Un-Favorable
OUT_08658,2025-06,344.5587115605779,1,Large,3,Eatery,DIST_W_02,Un-Favorable
OUT_08658,2025-07,593.3941220113771,1,Large,3,Eatery,DIST_W_02,Moderate
OUT_08658,2025-08,643.897422232653,1,Large,3,Eatery,DIST_W_02,Moderate
OUT_08658,2025-09,656.2335584498683,2,Large,3,Eatery,DIST_W_02,Moderate
OUT_08658,2025-10,663.2270791274715,1,Large,3,Eatery,DIST_W_02,Moderate
OUT_08658,2025-12,726.5356195280476,2,Large,3,Eatery,DIST_W_02,Favorable
OUT_08666,2023-01,1195.705015182788,3,Extra Large,4,Kiosk,DIST_W_02,Moderate
OUT_08666,2023-02,1283.5798761900571,3,Extra Large,4,Kiosk,DIST_W_02,Moderate
OUT_08666,2023-03,1203.0956212466958,1,Extra Large,4,Kiosk,DIST_W_02,Moderate
OUT_08666,2023-04,1934.074743926568,4,Extra Large,4,Kiosk,DIST_W_02,Favorable
OUT_08666,2023-05,866.1215814740818,4,Extra Large,4,Kiosk,DIST_W_02,Un-Favorable
OUT_08666,2023-06,834.2831746363803,1,Extra Large,4,Kiosk,DIST_W_02,Un-Favorable
OUT_08666,2023-07,1265.1555320322632,1,Extra Large,4,Kiosk,DIST_W_02,Moderate
OUT_08666,2023-08,1400.326509251614,2,Extra Large,4,Kiosk,DIST_W_02,Moderate
OUT_08666,2023-09,1228.186808505626,2,Extra Large,4,Kiosk,DIST_W_02,Moderate
OUT_08666,2023-10,1251.2554104878914,1,Extra Large,4,Kiosk,DIST_W_02,Moderate
OUT_08666,2023-11,1360.5949228425602,1,Extra Large,4,Kiosk,DIST_W_02,Moderate
OUT_08666,2023-12,1996.5311477299308,2,Extra Large,4,Kiosk,DIST_W_02,Favorable
OUT_08666,2024-01,1377.1188954644665,2,Extra Large,4,Kiosk,DIST_W_02,Moderate
OUT_08666,2024-02,1231.4065166871533,3,Extra Large,4,Kiosk,DIST_W_02,Moderate
OUT_08666,2024-03,1353.0499634911491,3,Extra Large,4,Kiosk,DIST_W_02,Moderate
OUT_08666,2024-04,1986.1073837061688,7,Extra Large,4,Kiosk,DIST_W_02,Favorable
OUT_08666,2024-05,859.182686020486,3,Extra Large,4,Kiosk,DIST_W_02,Un-Favorable
OUT_08666,2024-06,842.623518488858,2,Extra Large,4,Kiosk,DIST_W_02,Un-Favorable
OUT_08666,2024-07,1222.2228952964472,1,Extra Large,4,Kiosk,DIST_W_02,Moderate
OUT_08666,2024-08,1433.1491661354898,1,Extra Large,4,Kiosk,DIST_W_02,Moderate
OUT_08666,2024-09,1258.5243503231725,2,Extra Large,4,Kiosk,DIST_W_02,Moderate
OUT_08666,2024-10,1327.2826679023783,2,Extra Large,4,Kiosk,DIST_W_02,Moderate
OUT_08666,2024-11,1525.4332079545563,1,Extra Large,4,Kiosk,DIST_W_02,Moderate
OUT_08666,2024-12,1781.3267340107138,2,Extra Large,4,Kiosk,DIST_W_02,Favorable
OUT_08666,2025-01,1244.6541370021475,2,Extra Large,4,Kiosk,DIST_W_02,Moderate
OUT_08666,2025-02,1313.0858643152667,2,Extra Large,4,Kiosk,DIST_W_02,Moderate
OUT_08666,2025-03,1371.301604863946,1,Extra Large,4,Kiosk,DIST_W_02,Moderate
OUT_08666,2025-04,1885.762607058672,5,Extra Large,4,Kiosk,DIST_W_02,Favorable
OUT_08666,2025-05,931.1636206568776,3,Extra Large,4,Kiosk,DIST_W_02,Un-Favorable
OUT_08666,2025-06,807.7045875501673,1,Extra Large,4,Kiosk,DIST_W_02,Un-Favorable
OUT_08666,2025-07,1373.5520531202262,1,Extra Large,4,Kiosk,DIST_W_02,Moderate
OUT_08666,2025-08,1335.7495889676873,1,Extra Large,4,Kiosk,DIST_W_02,Moderate
OUT_08666,2025-09,1289.536597472932,2,Extra Large,4,Kiosk,DIST_W_02,Moderate
OUT_08666,2025-10,1274.066943064404,1,Extra Large,4,Kiosk,DIST_W_02,Moderate
OUT_08666,2025-11,1286.8192070074776,1,Extra Large,4,Kiosk,DIST_W_02,Moderate
OUT_08666,2025-12,1816.381587330616,2,Extra Large,4,Kiosk,DIST_W_02,Favorable
OUT_08669,2023-01,26.3753614329908,3,Small,0,Hotel,DIST_W_02,Moderate
OUT_08669,2023-02,6.363319145372831,3,Small,0,Hotel,DIST_W_02,Moderate
OUT_08669,2023-07,31.190878847929422,1,Small,0,Hotel,DIST_W_02,Moderate
OUT_08669,2023-08,12.626211613616151,2,Small,0,Hotel,DIST_W_02,Moderate
OUT_08669,2023-09,29.0457766551742,2,Small,0,Hotel,DIST_W_02,Moderate
OUT_08669,2024-01,20.202085567822984,2,Small,0,Hotel,DIST_W_02,Moderate
OUT_08669,2024-02,44.41405259487386,3,Small,0,Hotel,DIST_W_02,Moderate
OUT_08669,2024-04,103.3975221025776,7,Small,0,Hotel,DIST_W_02,Favorable
OUT_08669,2024-05,9.64008458240196,3,Small,0,Hotel,DIST_W_02,Un-Favorable
OUT_08669,2024-06,21.56034123933722,2,Small,0,Hotel,DIST_W_02,Un-Favorable
OUT_08669,2024-07,8.037116026733665,1,Small,0,Hotel,DIST_W_02,Moderate
OUT_08669,2024-09,44.194263854800674,2,Small,0,Hotel,DIST_W_02,Moderate
OUT_08669,2024-10,77.58637633331342,2,Small,0,Hotel,DIST_W_02,Moderate
OUT_08669,2024-11,77.9170249107956,1,Small,0,Hotel,DIST_W_02,Moderate
OUT_08669,2025-01,55.48768685726052,2,Small,0,Hotel,DIST_W_02,Moderate
OUT_08669,2025-04,140.65520239408986,5,Small,0,Hotel,DIST_W_02,Favorable
OUT_08669,2025-06,5.239201405970175,1,Small,0,Hotel,DIST_W_02,Un-Favorable
OUT_08669,2025-07,37.45090057549515,1,Small,0,Hotel,DIST_W_02,Moderate
OUT_08669,2025-10,91.02890874751384,1,Small,0,Hotel,DIST_W_02,Moderate
OUT_08669,2025-12,5.887951162636002,2,Small,0,Hotel,DIST_W_02,Favorable
OUT_08673,2023-02,502.1399150727812,3,Large,3,Hotel,DIST_W_01,Moderate
OUT_08673,2023-04,832.0209105589645,4,Large,3,Hotel,DIST_W_01,Favorable
OUT_08673,2023-05,267.41579990348055,4,Large,3,Hotel,DIST_W_01,Un-Favorable
OUT_08673,2023-06,201.83682895223544,1,Large,3,Hotel,DIST_W_01,Un-Favorable
OUT_08673,2023-07,223.76769765477093,1,Large,3,Hotel,DIST_W_01,Moderate
OUT_08673,2023-08,565.0459063759608,2,Large,3,Hotel,DIST_W_01,Moderate
OUT_08673,2023-09,480.7611975483122,2,Large,3,Hotel,DIST_W_01,Moderate
OUT_08673,2023-10,661.2256821673888,1,Large,3,Hotel,DIST_W_01,Moderate
OUT_08673,2023-11,288.41954786939795,1,Large,3,Hotel,DIST_W_01,Moderate
OUT_08673,2023-12,787.8774160467126,2,Large,3,Hotel,DIST_W_01,Favorable
OUT_08673,2024-01,251.45332411427225,2,Large,3,Hotel,DIST_W_01,Moderate
OUT_08673,2024-02,517.7620776858682,3,Large,3,Hotel,DIST_W_01,Moderate
OUT_08673,2024-03,686.0778857716709,3,Large,3,Hotel,DIST_W_01,Moderate
OUT_08673,2024-04,785.3438746083668,7,Large,3,Hotel,DIST_W_01,Favorable
OUT_08673,2024-05,387.1306500473502,3,Large,3,Hotel,DIST_W_01,Un-Favorable
OUT_08673,2024-06,389.78518965293534,2,Large,3,Hotel,DIST_W_01,Un-Favorable
OUT_08673,2024-07,681.4986468772614,1,Large,3,Hotel,DIST_W_01,Moderate
OUT_08673,2024-08,643.8139192492367,1,Large,3,Hotel,DIST_W_01,Moderate
OUT_08673,2024-09,672.743345647491,2,Large,3,Hotel,DIST_W_01,Moderate
OUT_08673,2024-10,494.9954426925074,2,Large,3,Hotel,DIST_W_01,Moderate
OUT_08673,2024-11,636.3346943443418,1,Large,3,Hotel,DIST_W_01,Moderate
OUT_08673,2024-12,371.0698572785488,2,Large,3,Hotel,DIST_W_01,Favorable
OUT_08673,2025-01,510.0805357333364,2,Large,3,Hotel,DIST_W_01,Moderate
OUT_08673,2025-02,509.8684819699365,2,Large,3,Hotel,DIST_W_01,Moderate
OUT_08673,2025-04,985.9489871573852,5,Large,3,Hotel,DIST_W_01,Favorable
OUT_08673,2025-05,207.2309962074552,3,Large,3,Hotel,DIST_W_01,Un-Favorable
OUT_08673,2025-06,445.7365935273243,1,Large,3,Hotel,DIST_W_01,Un-Favorable
OUT_08673,2025-07,605.9663634918861,1,Large,3,Hotel,DIST_W_01,Moderate
OUT_08673,2025-08,535.4847675296941,1,Large,3,Hotel,DIST_W_01,Moderate
OUT_08673,2025-09,597.5432679264268,2,Large,3,Hotel,DIST_W_01,Moderate
OUT_08673,2025-10,280.9023050254816,1,Large,3,Hotel,DIST_W_01,Moderate
OUT_08673,2025-12,917.4633646055892,2,Large,3,Hotel,DIST_W_01,Favorable
OUT_08677,2023-02,76.22530031096414,3,Small,0,Hotel,DIST_W_02,Moderate
OUT_08677,2023-05,16.343321290749365,4,Small,0,Hotel,DIST_W_02,Un-Favorable
OUT_08677,2023-06,56.11324795322896,1,Small,0,Hotel,DIST_W_02,Un-Favorable
OUT_08677,2023-07,77.07760875972573,1,Small,0,Hotel,DIST_W_02,Moderate
OUT_08677,2023-10,30.59594120715572,1,Small,0,Hotel,DIST_W_02,Moderate
OUT_08677,2023-11,36.4474823599809,1,Small,0,Hotel,DIST_W_02,Moderate
OUT_08677,2023-12,21.444833099545548,2,Small,0,Hotel,DIST_W_02,Favorable
OUT_08677,2024-02,4.654136221105728,3,Small,0,Hotel,DIST_W_02,Moderate
OUT_08677,2024-05,77.19041488619956,3,Small,0,Hotel,DIST_W_02,Un-Favorable
OUT_08677,2024-09,13.207747990282469,2,Small,0,Hotel,DIST_W_02,Moderate
OUT_08677,2024-10,45.88470125550626,2,Small,0,Hotel,DIST_W_02,Moderate
OUT_08677,2024-12,21.117882658513352,2,Small,0,Hotel,DIST_W_02,Favorable
OUT_08677,2025-02,36.27084403967108,2,Small,0,Hotel,DIST_W_02,Moderate
OUT_08677,2025-03,54.60131589602901,1,Small,0,Hotel,DIST_W_02,Moderate
OUT_08677,2025-06,19.70584051118572,1,Small,0,Hotel,DIST_W_02,Un-Favorable
OUT_08677,2025-09,31.37753765681289,2,Small,0,Hotel,DIST_W_02,Moderate
OUT_08677,2025-10,71.2613335759666,1,Small,0,Hotel,DIST_W_02,Moderate
OUT_08677,2025-11,66.75239903780313,1,Small,0,Hotel,DIST_W_02,Moderate
OUT_08681,2023-01,113.18600025377212,3,small,2,Eatery,DIST_W_03,Moderate
OUT_08681,2023-02,19.52559826030668,3,small,2,Eatery,DIST_W_03,Moderate
OUT_08681,2023-06,33.47907544691179,1,small,2,Eatery,DIST_W_03,Un-Favorable
OUT_08681,2023-07,5.726950938025682,1,small,2,Eatery,DIST_W_03,Moderate
OUT_08681,2023-08,32.775279069245535,2,small,2,Eatery,DIST_W_03,Moderate
OUT_08681,2023-09,6.719486077428139,2,small,2,Eatery,DIST_W_03,Moderate
OUT_08681,2023-10,6.047577957942381,1,small,2,Eatery,DIST_W_03,Moderate
OUT_08681,2023-12,37.3974473738354,2,small,2,Eatery,DIST_W_03,Favorable
OUT_08681,2024-01,37.901949417639855,2,small,2,Eatery,DIST_W_03,Moderate
OUT_08681,2024-03,21.65279995123031,3,small,2,Eatery,DIST_W_03,Moderate
OUT_08681,2024-04,9.2717041164459,7,small,2,Eatery,DIST_W_03,Favorable
OUT_08681,2024-11,13.75543049234722,1,small,2,Eatery,DIST_W_03,Moderate
OUT_08681,2025-06,10.124401325484529,1,small,2,Eatery,DIST_W_03,Un-Favorable
OUT_08681,2025-09,47.6253535447314,2,small,2,Eatery,DIST_W_03,Moderate
OUT_08681,2025-11,29.752403918801107,1,small,2,Eatery,DIST_W_03,Moderate
OUT_08719,2023-01,192.3109098284818,3,Medium,1,Hotel,DIST_W_03,Moderate
OUT_08719,2023-02,184.5974701600757,3,Medium,1,Hotel,DIST_W_03,Moderate
OUT_08719,2023-04,138.6114129838561,4,Medium,1,Hotel,DIST_W_03,Favorable
OUT_08719,2023-05,158.18251155349208,4,Medium,1,Hotel,DIST_W_03,Un-Favorable
OUT_08719,2023-07,58.84066955717523,1,Medium,1,Hotel,DIST_W_03,Moderate
OUT_08719,2023-08,150.83531500817045,2,Medium,1,Hotel,DIST_W_03,Moderate
OUT_08719,2023-09,73.15798968839623,2,Medium,1,Hotel,DIST_W_03,Moderate
OUT_08719,2023-10,156.28271726225492,1,Medium,1,Hotel,DIST_W_03,Moderate
OUT_08719,2023-11,38.19924615815387,1,Medium,1,Hotel,DIST_W_03,Moderate
OUT_08719,2023-12,236.50326696906305,2,Medium,1,Hotel,DIST_W_03,Favorable
OUT_08719,2024-01,71.15854876439583,2,Medium,1,Hotel,DIST_W_03,Moderate
OUT_08719,2024-02,221.42157505941185,3,Medium,1,Hotel,DIST_W_03,Moderate
OUT_08719,2024-03,63.58757762294006,3,Medium,1,Hotel,DIST_W_03,Moderate
OUT_08719,2024-06,85.52190018419796,2,Medium,1,Hotel,DIST_W_03,Un-Favorable
OUT_08719,2024-07,160.19828829401453,1,Medium,1,Hotel,DIST_W_03,Moderate
OUT_08719,2024-08,89.49287239290464,1,Medium,1,Hotel,DIST_W_03,Moderate
OUT_08719,2024-09,116.57887681062162,2,Medium,1,Hotel,DIST_W_03,Moderate
OUT_08719,2024-10,52.08698580378505,2,Medium,1,Hotel,DIST_W_03,Moderate
OUT_08719,2024-11,144.45152656186048,1,Medium,1,Hotel,DIST_W_03,Moderate
OUT_08719,2025-01,69.99951977870775,2,Medium,1,Hotel,DIST_W_03,Moderate
OUT_08719,2025-04,135.58393381258887,5,Medium,1,Hotel,DIST_W_03,Favorable
OUT_08719,2025-05,125.54615999105984,3,Medium,1,Hotel,DIST_W_03,Un-Favorable
OUT_08719,2025-06,133.9109742112241,1,Medium,1,Hotel,DIST_W_03,Un-Favorable
OUT_08719,2025-07,15.735965169244372,1,Medium,1,Hotel,DIST_W_03,Moderate
OUT_08719,2025-09,8.060331608289188,2,Medium,1,Hotel,DIST_W_03,Moderate
OUT_08719,2025-10,147.732350651001,1,Medium,1,Hotel,DIST_W_03,Moderate
OUT_08719,2025-11,137.5589750861999,1,Medium,1,Hotel,DIST_W_03,Moderate
OUT_08719,2025-12,308.5459464214833,2,Medium,1,Hotel,DIST_W_03,Favorable
OUT_08739,2023-01,1308.858639372594,3,Extra Large,4,Eatery,DIST_W_01,Moderate
OUT_08739,2023-02,1299.19053159614,3,Extra Large,4,Eatery,DIST_W_01,Moderate
OUT_08739,2023-03,1332.0300006852078,1,Extra Large,4,Eatery,DIST_W_01,Moderate
OUT_08739,2023-04,1850.162671106523,4,Extra Large,4,Eatery,DIST_W_01,Favorable
OUT_08739,2023-06,850.6821572730521,1,Extra Large,4,Eatery,DIST_W_01,Un-Favorable
OUT_08739,2023-07,1265.4967752392608,1,Extra Large,4,Eatery,DIST_W_01,Moderate
OUT_08739,2023-08,1297.2054283417328,2,Extra Large,4,Eatery,DIST_W_01,Moderate
OUT_08739,2023-09,1354.5270064225556,2,Extra Large,4,Eatery,DIST_W_01,Moderate
OUT_08739,2023-10,1171.1186124037074,1,Extra Large,4,Eatery,DIST_W_01,Moderate
OUT_08739,2023-11,1283.2911286930955,1,Extra Large,4,Eatery,DIST_W_01,Moderate
OUT_08739,2023-12,1765.445160761871,2,Extra Large,4,Eatery,DIST_W_01,Favorable
OUT_08739,2024-01,1326.72116322748,2,Extra Large,4,Eatery,DIST_W_01,Moderate
OUT_08739,2024-02,1386.7520194165036,3,Extra Large,4,Eatery,DIST_W_01,Moderate
OUT_08739,2024-03,1411.520067573828,3,Extra Large,4,Eatery,DIST_W_01,Moderate
OUT_08739,2024-04,1931.2674195144689,7,Extra Large,4,Eatery,DIST_W_01,Favorable
OUT_08739,2024-06,807.7878368332055,2,Extra Large,4,Eatery,DIST_W_01,Un-Favorable
OUT_08739,2024-07,1303.6088878521782,1,Extra Large,4,Eatery,DIST_W_01,Moderate
OUT_08739,2024-08,1127.7899321184275,1,Extra Large,4,Eatery,DIST_W_01,Moderate
OUT_08739,2024-09,1378.6242097668205,2,Extra Large,4,Eatery,DIST_W_01,Moderate
OUT_08739,2024-10,1351.877767153158,2,Extra Large,4,Eatery,DIST_W_01,Moderate
OUT_08739,2024-11,1278.7572971221666,1,Extra Large,4,Eatery,DIST_W_01,Moderate
OUT_08739,2024-12,1762.1850432885738,2,Extra Large,4,Eatery,DIST_W_01,Favorable
OUT_08739,2025-01,1385.7968997114494,2,Extra Large,4,Eatery,DIST_W_01,Moderate
OUT_08739,2025-02,1263.4256577321253,2,Extra Large,4,Eatery,DIST_W_01,Moderate
OUT_08739,2025-03,1025.4340223398865,1,Extra Large,4,Eatery,DIST_W_01,Moderate
OUT_08739,2025-04,1879.6581290656727,5,Extra Large,4,Eatery,DIST_W_01,Favorable
OUT_08739,2025-05,826.528988054539,3,Extra Large,4,Eatery,DIST_W_01,Un-Favorable
OUT_08739,2025-07,1190.697053830866,1,Extra Large,4,Eatery,DIST_W_01,Moderate
OUT_08739,2025-08,1398.7955490179422,1,Extra Large,4,Eatery,DIST_W_01,Moderate
OUT_08739,2025-09,1168.3524929224602,2,Extra Large,4,Eatery,DIST_W_01,Moderate
OUT_08739,2025-10,1329.1962322187446,1,Extra Large,4,Eatery,DIST_W_01,Moderate
OUT_08739,2025-11,1202.6519149640203,1,Extra Large,4,Eatery,DIST_W_01,Moderate
OUT_08739,2025-12,1727.974082444215,2,Extra Large,4,Eatery,DIST_W_01,Favorable
OUT_08744,2023-05,77.07653524503866,4,Small,0,Kiosk,DIST_W_02,Un-Favorable
OUT_08744,2024-03,74.68889167214567,3,Small,0,Kiosk,DIST_W_02,Moderate
OUT_08744,2024-04,67.81768088796413,7,Small,0,Kiosk,DIST_W_02,Favorable
OUT_08744,2024-05,16.064785047268177,3,Small,0,Kiosk,DIST_W_02,Un-Favorable
OUT_08744,2024-10,25.69551756868468,2,Small,0,Kiosk,DIST_W_02,Moderate
OUT_08744,2024-12,123.66138653605104,2,Small,0,Kiosk,DIST_W_02,Favorable
OUT_08744,2025-02,27.87807996592059,2,Small,0,Kiosk,DIST_W_02,Moderate
OUT_08744,2025-03,81.238787478544,1,Small,0,Kiosk,DIST_W_02,Moderate
OUT_08744,2025-04,27.75868514083865,5,Small,0,Kiosk,DIST_W_02,Favorable
OUT_08744,2025-05,15.67464773907035,3,Small,0,Kiosk,DIST_W_02,Un-Favorable
OUT_08744,2025-06,1.8834633291185947,1,Small,0,Kiosk,DIST_W_02,Un-Favorable
OUT_08744,2025-08,47.79285881660099,1,Small,0,Kiosk,DIST_W_02,Moderate
OUT_08744,2025-09,12.84226833218763,2,Small,0,Kiosk,DIST_W_02,Moderate
OUT_08744,2025-10,62.08605115988916,1,Small,0,Kiosk,DIST_W_02,Moderate
OUT_08744,2025-12,94.04561863104549,2,Small,0,Kiosk,DIST_W_02,Favorable
OUT_08747,2023-01,28.470007176137344,3,Small,0,SMMT,DIST_W_03,Moderate
OUT_08747,2023-02,72.78842897311014,3,Small,0,SMMT,DIST_W_03,Moderate
OUT_08747,2023-04,121.33382774208212,4,Small,0,SMMT,DIST_W_03,Favorable
OUT_08747,2023-07,9.557067740621518,1,Small,0,SMMT,DIST_W_03,Moderate
OUT_08747,2023-11,13.330237599922278,1,Small,0,SMMT,DIST_W_03,Moderate
OUT_08747,2023-12,69.8201843834776,2,Small,0,SMMT,DIST_W_03,Favorable
OUT_08747,2024-01,55.342444508714856,2,Small,0,SMMT,DIST_W_03,Moderate
OUT_08747,2024-05,7.458923733387699,3,Small,0,SMMT,DIST_W_03,Un-Favorable
OUT_08747,2024-07,94.10239480129512,1,Small,0,SMMT,DIST_W_03,Moderate
OUT_08747,2024-08,34.48322964898958,1,Small,0,SMMT,DIST_W_03,Moderate
OUT_08747,2024-09,15.104618687258014,2,Small,0,SMMT,DIST_W_03,Moderate
OUT_08747,2024-12,39.96827646120086,2,Small,0,SMMT,DIST_W_03,Favorable
OUT_08747,2025-02,80.50314186234657,2,Small,0,SMMT,DIST_W_03,Moderate
OUT_08747,2025-03,82.34630982372704,1,Small,0,SMMT,DIST_W_03,Moderate
OUT_08747,2025-04,18.83423345129186,5,Small,0,SMMT,DIST_W_03,Favorable
OUT_08747,2025-05,25.43682808525901,3,Small,0,SMMT,DIST_W_03,Un-Favorable
OUT_08747,2025-06,6.966094113214938,1,Small,0,SMMT,DIST_W_03,Un-Favorable
OUT_08747,2025-07,22.712906499641324,1,Small,0,SMMT,DIST_W_03,Moderate
OUT_08747,2025-12,112.05366093097754,2,Small,0,SMMT,DIST_W_03,Favorable
OUT_08756,2023-02,676.0160558169088,3,Large,3,Kiosk,DIST_W_01,Moderate
OUT_08756,2023-03,392.7766478703298,1,Large,3,Kiosk,DIST_W_01,Moderate
OUT_08756,2023-04,943.2712571519525,4,Large,3,Kiosk,DIST_W_01,Favorable
OUT_08756,2023-06,432.7231232217104,1,Large,3,Kiosk,DIST_W_01,Un-Favorable
OUT_08756,2023-07,561.3119225329422,1,Large,3,Kiosk,DIST_W_01,Moderate
OUT_08756,2023-08,623.1888471826485,2,Large,3,Kiosk,DIST_W_01,Moderate
OUT_08756,2023-09,582.4237116249354,2,Large,3,Kiosk,DIST_W_01,Moderate
OUT_08756,2023-10,360.7842234753038,1,Large,3,Kiosk,DIST_W_01,Moderate
OUT_08756,2023-11,357.0360586158055,1,Large,3,Kiosk,DIST_W_01,Moderate
OUT_08756,2023-12,659.106222106838,2,Large,3,Kiosk,DIST_W_01,Favorable
OUT_08756,2024-02,231.97100961345487,3,Large,3,Kiosk,DIST_W_01,Moderate
OUT_08756,2024-03,223.3880198596703,3,Large,3,Kiosk,DIST_W_01,Moderate
OUT_08756,2024-05,388.7925609745213,3,Large,3,Kiosk,DIST_W_01,Un-Favorable
OUT_08756,2024-06,336.33393505522275,2,Large,3,Kiosk,DIST_W_01,Un-Favorable
OUT_08756,2024-07,560.3435726616397,1,Large,3,Kiosk,DIST_W_01,Moderate
OUT_08756,2024-08,503.8036052451043,1,Large,3,Kiosk,DIST_W_01,Moderate
OUT_08756,2024-09,233.3106032588173,2,Large,3,Kiosk,DIST_W_01,Moderate
OUT_08756,2024-10,702.4543512095928,2,Large,3,Kiosk,DIST_W_01,Moderate
OUT_08756,2024-11,638.4498869273956,1,Large,3,Kiosk,DIST_W_01,Moderate
OUT_08756,2024-12,403.51787064777767,2,Large,3,Kiosk,DIST_W_01,Favorable
OUT_08756,2025-01,474.29563979095246,2,Large,3,Kiosk,DIST_W_01,Moderate
OUT_08756,2025-02,507.4606195975511,2,Large,3,Kiosk,DIST_W_01,Moderate
OUT_08756,2025-03,237.67332470640704,1,Large,3,Kiosk,DIST_W_01,Moderate
OUT_08756,2025-04,895.2975842711643,5,Large,3,Kiosk,DIST_W_01,Favorable
OUT_08756,2025-05,350.8332787808572,3,Large,3,Kiosk,DIST_W_01,Un-Favorable
OUT_08756,2025-06,403.16240269524496,1,Large,3,Kiosk,DIST_W_01,Un-Favorable
OUT_08756,2025-07,480.6367371329305,1,Large,3,Kiosk,DIST_W_01,Moderate
OUT_08756,2025-08,367.4765459627033,1,Large,3,Kiosk,DIST_W_01,Moderate
OUT_08756,2025-09,531.775610835014,2,Large,3,Kiosk,DIST_W_01,Moderate
OUT_08756,2025-10,594.3793159861839,1,Large,3,Kiosk,DIST_W_01,Moderate
OUT_08756,2025-11,547.9516112335762,1,Large,3,Kiosk,DIST_W_01,Moderate
OUT_08756,2025-12,333.04678836543235,2,Large,3,Kiosk,DIST_W_01,Favorable
OUT_08761,2023-01,479.39112822890695,3,Large,5,SMMT,DIST_W_02,Moderate
OUT_08761,2023-02,585.6212582976269,3,Large,5,SMMT,DIST_W_02,Moderate
OUT_08761,2023-04,831.9499388146867,4,Large,5,SMMT,DIST_W_02,Favorable
OUT_08761,2023-05,359.0501968203153,4,Large,5,SMMT,DIST_W_02,Un-Favorable
OUT_08761,2023-06,237.69688750746616,1,Large,5,SMMT,DIST_W_02,Un-Favorable
OUT_08761,2023-07,580.4705527090695,1,Large,5,SMMT,DIST_W_02,Moderate
OUT_08761,2023-08,228.2082416700331,2,Large,5,SMMT,DIST_W_02,Moderate
OUT_08761,2023-10,289.13636783012566,1,Large,5,SMMT,DIST_W_02,Moderate
OUT_08761,2023-12,683.0388208394351,2,Large,5,SMMT,DIST_W_02,Favorable
OUT_08761,2024-02,442.5476144358154,3,Large,5,SMMT,DIST_W_02,Moderate
OUT_08761,2024-03,626.6514718021738,3,Large,5,SMMT,DIST_W_02,Moderate
OUT_08761,2024-04,941.3286923617148,7,Large,5,SMMT,DIST_W_02,Favorable
OUT_08761,2024-05,441.1549522896509,3,Large,5,SMMT,DIST_W_02,Un-Favorable
OUT_08761,2024-06,449.684991768427,2,Large,5,SMMT,DIST_W_02,Un-Favorable
OUT_08761,2024-07,606.7521913281927,1,Large,5,SMMT,DIST_W_02,Moderate
OUT_08761,2024-08,573.9614426270698,1,Large,5,SMMT,DIST_W_02,Moderate
OUT_08761,2024-09,619.4659508639969,2,Large,5,SMMT,DIST_W_02,Moderate
OUT_08761,2024-10,319.7386701345251,2,Large,5,SMMT,DIST_W_02,Moderate
OUT_08761,2024-12,409.7036876636661,2,Large,5,SMMT,DIST_W_02,Favorable
OUT_08761,2025-01,240.6845065074621,2,Large,5,SMMT,DIST_W_02,Moderate
OUT_08761,2025-02,589.0705323998168,2,Large,5,SMMT,DIST_W_02,Moderate
OUT_08761,2025-03,247.13405104617595,1,Large,5,SMMT,DIST_W_02,Moderate
OUT_08761,2025-04,458.99598901167855,5,Large,5,SMMT,DIST_W_02,Favorable
OUT_08761,2025-06,429.23512228728,1,Large,5,SMMT,DIST_W_02,Un-Favorable
OUT_08761,2025-07,629.6530656585197,1,Large,5,SMMT,DIST_W_02,Moderate
OUT_08761,2025-08,604.8641907326839,1,Large,5,SMMT,DIST_W_02,Moderate
OUT_08761,2025-09,454.12173562290377,2,Large,5,SMMT,DIST_W_02,Moderate
OUT_08761,2025-10,651.6882097485403,1,Large,5,SMMT,DIST_W_02,Moderate
OUT_08761,2025-11,630.359704055778,1,Large,5,SMMT,DIST_W_02,Moderate
OUT_08761,2025-12,889.4920983036179,2,Large,5,SMMT,DIST_W_02,Favorable
OUT_08819,2023-01,199.0426992158093,3,Medium,1,Bakery,DIST_W_02,Moderate
OUT_08819,2023-02,44.32827849991647,3,Medium,1,Bakery,DIST_W_02,Moderate
OUT_08819,2023-03,141.41555550702182,1,Medium,1,Bakery,DIST_W_02,Moderate
OUT_08819,2023-04,144.40211194983283,4,Medium,1,Bakery,DIST_W_02,Favorable
OUT_08819,2023-05,150.23785695911852,4,Medium,1,Bakery,DIST_W_02,Un-Favorable
OUT_08819,2023-08,202.68045644858856,2,Medium,1,Bakery,DIST_W_02,Moderate
OUT_08819,2023-09,69.92122595748144,2,Medium,1,Bakery,DIST_W_02,Moderate
OUT_08819,2023-11,177.30469278482516,1,Medium,1,Bakery,DIST_W_02,Moderate
OUT_08819,2024-01,211.4099772464459,2,Medium,1,Bakery,DIST_W_02,Moderate
OUT_08819,2024-02,118.47326497819616,3,Medium,1,Bakery,DIST_W_02,Moderate
OUT_08819,2024-03,190.3259912076656,3,Medium,1,Bakery,DIST_W_02,Moderate
OUT_08819,2024-04,86.28416545440987,7,Medium,1,Bakery,DIST_W_02,Favorable
OUT_08819,2024-05,36.887987088767815,3,Medium,1,Bakery,DIST_W_02,Un-Favorable
OUT_08819,2024-07,59.759210403498,1,Medium,1,Bakery,DIST_W_02,Moderate
OUT_08819,2024-09,73.22549920701306,2,Medium,1,Bakery,DIST_W_02,Moderate
OUT_08819,2024-10,218.71106351692487,2,Medium,1,Bakery,DIST_W_02,Moderate
OUT_08819,2024-11,190.3165116118067,1,Medium,1,Bakery,DIST_W_02,Moderate
OUT_08819,2024-12,229.9222163971337,2,Medium,1,Bakery,DIST_W_02,Favorable
OUT_08819,2025-02,42.65087987418661,2,Medium,1,Bakery,DIST_W_02,Moderate
OUT_08819,2025-04,263.8210405996496,5,Medium,1,Bakery,DIST_W_02,Favorable
OUT_08819,2025-06,128.11436653493706,1,Medium,1,Bakery,DIST_W_02,Un-Favorable
OUT_08819,2025-07,179.02377735105432,1,Medium,1,Bakery,DIST_W_02,Moderate
OUT_08819,2025-08,229.7202853309072,1,Medium,1,Bakery,DIST_W_02,Moderate
OUT_08819,2025-09,53.47328955721742,2,Medium,1,Bakery,DIST_W_02,Moderate
OUT_08819,2025-11,89.49163786088089,1,Medium,1,Bakery,DIST_W_02,Moderate
OUT_08823,2023-01,191.74457002576344,3,Medium,2,Eatery,DIST_W_03,Moderate
OUT_08823,2023-02,180.8934685456433,3,Medium,2,Eatery,DIST_W_03,Moderate
OUT_08823,2023-03,101.61369100495384,1,Medium,2,Eatery,DIST_W_03,Moderate
OUT_08823,2023-06,56.47055153234818,1,Medium,2,Eatery,DIST_W_03,Un-Favorable
OUT_08823,2023-07,69.93806915663461,1,Medium,2,Eatery,DIST_W_03,Moderate
OUT_08823,2023-08,40.635766659672335,2,Medium,2,Eatery,DIST_W_03,Moderate
OUT_08823,2023-09,62.31021968861551,2,Medium,2,Eatery,DIST_W_03,Moderate
OUT_08823,2023-10,195.2408857256671,1,Medium,2,Eatery,DIST_W_03,Moderate
OUT_08823,2023-11,222.65917095766105,1,Medium,2,Eatery,DIST_W_03,Moderate
OUT_08823,2024-01,92.16158996821254,2,Medium,2,Eatery,DIST_W_03,Moderate
OUT_08823,2024-02,32.63738937956796,3,Medium,2,Eatery,DIST_W_03,Moderate
OUT_08823,2024-05,121.63563759016108,3,Medium,2,Eatery,DIST_W_03,Un-Favorable
OUT_08823,2024-06,26.83278025402021,2,Medium,2,Eatery,DIST_W_03,Un-Favorable
OUT_08823,2024-11,236.4825885803616,1,Medium,2,Eatery,DIST_W_03,Moderate
OUT_08823,2025-03,125.25661114674094,1,Medium,2,Eatery,DIST_W_03,Moderate
OUT_08823,2025-05,27.898764066173765,3,Medium,2,Eatery,DIST_W_03,Un-Favorable
OUT_08823,2025-08,178.0671357096639,1,Medium,2,Eatery,DIST_W_03,Moderate
OUT_08823,2025-09,279.90183319074225,2,Medium,2,Eatery,DIST_W_03,Moderate
OUT_08823,2025-10,107.62840722862482,1,Medium,2,Eatery,DIST_W_03,Moderate
OUT_08823,2025-11,98.483878160747,1,Medium,2,Eatery,DIST_W_03,Moderate
OUT_08823,2025-12,125.35287204092208,2,Medium,2,Eatery,DIST_W_03,Favorable
OUT_08865,2023-01,59.07796967711863,3,Medium,2,Kiosk,DIST_W_02,Moderate
OUT_08865,2023-03,206.69644309086047,1,Medium,2,Kiosk,DIST_W_02,Moderate
OUT_08865,2023-04,296.5920554497186,4,Medium,2,Kiosk,DIST_W_02,Favorable
OUT_08865,2023-05,65.50967957727654,4,Medium,2,Kiosk,DIST_W_02,Un-Favorable
OUT_08865,2023-07,116.32743586464213,1,Medium,2,Kiosk,DIST_W_02,Moderate
OUT_08865,2023-08,212.89222533628688,2,Medium,2,Kiosk,DIST_W_02,Moderate
OUT_08865,2023-09,107.4730298812025,2,Medium,2,Kiosk,DIST_W_02,Moderate
OUT_08865,2023-10,177.3404677455684,1,Medium,2,Kiosk,DIST_W_02,Moderate
OUT_08865,2023-11,81.20606822710022,1,Medium,2,Kiosk,DIST_W_02,Moderate
OUT_08865,2023-12,237.12558663209944,2,Medium,2,Kiosk,DIST_W_02,Favorable
OUT_08865,2024-06,16.95790360149702,2,Medium,2,Kiosk,DIST_W_02,Un-Favorable
OUT_08865,2024-07,195.6622716048637,1,Medium,2,Kiosk,DIST_W_02,Moderate
OUT_08865,2024-08,76.44946204194,1,Medium,2,Kiosk,DIST_W_02,Moderate
OUT_08865,2024-10,76.66547590329762,2,Medium,2,Kiosk,DIST_W_02,Moderate
OUT_08865,2024-12,79.30978392468667,2,Medium,2,Kiosk,DIST_W_02,Favorable
OUT_08865,2025-04,129.49396172196538,5,Medium,2,Kiosk,DIST_W_02,Favorable
OUT_08865,2025-05,146.65221488512069,3,Medium,2,Kiosk,DIST_W_02,Un-Favorable
OUT_08865,2025-06,45.89726317543333,1,Medium,2,Kiosk,DIST_W_02,Un-Favorable
OUT_08865,2025-08,36.01249298250615,1,Medium,2,Kiosk,DIST_W_02,Moderate
OUT_08865,2025-09,239.643435324018,2,Medium,2,Kiosk,DIST_W_02,Moderate
OUT_08865,2025-10,59.912586130649984,1,Medium,2,Kiosk,DIST_W_02,Moderate
OUT_08865,2025-12,84.01515292817626,2,Medium,2,Kiosk,DIST_W_02,Favorable
OUT_08875,2023-01,37.90426554484195,3,Medium,1,Kiosk,DIST_W_03,Moderate
OUT_08875,2023-02,174.42641578223407,3,Medium,1,Kiosk,DIST_W_03,Moderate
OUT_08875,2023-03,333.27350257584806,1,Medium,1,Kiosk,DIST_W_03,Moderate
OUT_08875,2023-08,75.30066950508633,2,Medium,1,Kiosk,DIST_W_03,Moderate
OUT_08875,2023-09,139.69520095620192,2,Medium,1,Kiosk,DIST_W_03,Moderate
OUT_08875,2023-10,140.89194236668706,1,Medium,1,Kiosk,DIST_W_03,Moderate
OUT_08875,2023-11,111.22062352893292,1,Medium,1,Kiosk,DIST_W_03,Moderate
OUT_08875,2024-01,64.13704142567673,2,Medium,1,Kiosk,DIST_W_03,Moderate
OUT_08875,2024-02,128.54032345353164,3,Medium,1,Kiosk,DIST_W_03,Moderate
OUT_08875,2024-03,61.73019201866085,3,Medium,1,Kiosk,DIST_W_03,Moderate
OUT_08875,2024-04,35.70455447792163,7,Medium,1,Kiosk,DIST_W_03,Favorable
OUT_08875,2024-06,34.37584460079826,2,Medium,1,Kiosk,DIST_W_03,Un-Favorable
OUT_08875,2024-07,44.30606069273987,1,Medium,1,Kiosk,DIST_W_03,Moderate
OUT_08875,2024-08,61.64858771761829,1,Medium,1,Kiosk,DIST_W_03,Moderate
OUT_08875,2024-09,144.46318628748216,2,Medium,1,Kiosk,DIST_W_03,Moderate
OUT_08875,2024-11,151.83745533947817,1,Medium,1,Kiosk,DIST_W_03,Moderate
OUT_08875,2024-12,139.05396133622142,2,Medium,1,Kiosk,DIST_W_03,Favorable
OUT_08875,2025-03,61.471571185480045,1,Medium,1,Kiosk,DIST_W_03,Moderate
OUT_08875,2025-04,69.93832079666396,5,Medium,1,Kiosk,DIST_W_03,Favorable
OUT_08875,2025-05,137.74269174749,3,Medium,1,Kiosk,DIST_W_03,Un-Favorable
OUT_08875,2025-07,232.0183472079825,1,Medium,1,Kiosk,DIST_W_03,Moderate
OUT_08875,2025-09,45.56395802706808,2,Medium,1,Kiosk,DIST_W_03,Moderate
OUT_08875,2025-10,112.49144802357266,1,Medium,1,Kiosk,DIST_W_03,Moderate
OUT_08875,2025-11,42.3986364465592,1,Medium,1,Kiosk,DIST_W_03,Moderate
OUT_08875,2025-12,319.38357058444325,2,Medium,1,Kiosk,DIST_W_03,Favorable
OUT_08884,2023-01,594.6893117687151,3,Large,3,SMMT,DIST_W_03,Moderate
OUT_08884,2023-02,673.2158950431842,3,Large,3,SMMT,DIST_W_03,Moderate
OUT_08884,2023-03,564.1353503162654,1,Large,3,SMMT,DIST_W_03,Moderate
OUT_08884,2023-04,859.1541208823885,4,Large,3,SMMT,DIST_W_03,Favorable
OUT_08884,2023-06,373.15600893753214,1,Large,3,SMMT,DIST_W_03,Un-Favorable
OUT_08884,2023-07,650.4636731765904,1,Large,3,SMMT,DIST_W_03,Moderate
OUT_08884,2023-09,104.45705948020698,2,Large,3,SMMT,DIST_W_03,Moderate
OUT_08884,2023-10,572.805486521678,1,Large,3,SMMT,DIST_W_03,Moderate
OUT_08884,2023-11,567.2899436131819,1,Large,3,SMMT,DIST_W_03,Moderate
OUT_08884,2023-12,691.7565050942593,2,Large,3,SMMT,DIST_W_03,Favorable
OUT_08884,2024-02,635.7715496591987,3,Large,3,SMMT,DIST_W_03,Moderate
OUT_08884,2024-03,575.3032639392792,3,Large,3,SMMT,DIST_W_03,Moderate
OUT_08884,2024-04,500.82597477568896,7,Large,3,SMMT,DIST_W_03,Favorable
OUT_08884,2024-05,217.59582470905352,3,Large,3,SMMT,DIST_W_03,Un-Favorable
OUT_08884,2024-06,400.0081816358387,2,Large,3,SMMT,DIST_W_03,Un-Favorable
OUT_08884,2024-08,638.0806514125594,1,Large,3,SMMT,DIST_W_03,Moderate
OUT_08884,2024-09,502.491814206424,2,Large,3,SMMT,DIST_W_03,Moderate
OUT_08884,2024-10,615.5779270554646,2,Large,3,SMMT,DIST_W_03,Moderate
OUT_08884,2024-11,506.57334501635046,1,Large,3,SMMT,DIST_W_03,Moderate
OUT_08884,2024-12,471.13533440320776,2,Large,3,SMMT,DIST_W_03,Favorable
OUT_08884,2025-01,623.3461059089177,2,Large,3,SMMT,DIST_W_03,Moderate
OUT_08884,2025-02,569.8755585025082,2,Large,3,SMMT,DIST_W_03,Moderate
OUT_08884,2025-04,887.7930507659394,5,Large,3,SMMT,DIST_W_03,Favorable
OUT_08884,2025-05,309.90548786640227,3,Large,3,SMMT,DIST_W_03,Un-Favorable
OUT_08884,2025-06,416.1345012553793,1,Large,3,SMMT,DIST_W_03,Un-Favorable
OUT_08884,2025-07,475.5451862358242,1,Large,3,SMMT,DIST_W_03,Moderate
OUT_08884,2025-08,508.99218873662977,1,Large,3,SMMT,DIST_W_03,Moderate
OUT_08884,2025-09,806.6575591975154,2,Large,3,SMMT,DIST_W_03,Moderate
OUT_08884,2025-11,335.4691878731317,1,Large,3,SMMT,DIST_W_03,Moderate
OUT_08884,2025-12,719.4631074896319,2,Large,3,SMMT,DIST_W_03,Favorable
OUT_08885,2023-01,8.40662854233727,3,Small,0,Pharmacy,DIST_W_02,Moderate
OUT_08885,2023-03,23.13457092616609,1,Small,0,Pharmacy,DIST_W_02,Moderate
OUT_08885,2023-05,12.792715103026705,4,Small,0,Pharmacy,DIST_W_02,Un-Favorable
OUT_08885,2023-08,78.30747090430263,2,Small,0,Pharmacy,DIST_W_02,Moderate
OUT_08885,2023-10,13.997625098310683,1,Small,0,Pharmacy,DIST_W_02,Moderate
OUT_08885,2024-01,28.89104106696864,2,Small,0,Pharmacy,DIST_W_02,Moderate
OUT_08885,2024-03,3.791018577293429,3,Small,0,Pharmacy,DIST_W_02,Moderate
OUT_08885,2024-06,48.202549127412965,2,Small,0,Pharmacy,DIST_W_02,Un-Favorable
OUT_08885,2024-10,20.860382367014715,2,Small,0,Pharmacy,DIST_W_02,Moderate
OUT_08885,2024-12,12.209675740550402,2,Small,0,Pharmacy,DIST_W_02,Favorable
OUT_08885,2025-01,23.97562550899105,2,Small,0,Pharmacy,DIST_W_02,Moderate
OUT_08885,2025-02,23.327583028372388,2,Small,0,Pharmacy,DIST_W_02,Moderate
OUT_08885,2025-03,64.12511874287682,1,Small,0,Pharmacy,DIST_W_02,Moderate
OUT_08885,2025-07,18.97382707037133,1,Small,0,Pharmacy,DIST_W_02,Moderate
OUT_08885,2025-08,104.92745878431516,1,Small,0,Pharmacy,DIST_W_02,Moderate
OUT_08885,2025-09,20.444150126240007,2,Small,0,Pharmacy,DIST_W_02,Moderate
OUT_08885,2025-10,28.07127460515027,1,Small,0,Pharmacy,DIST_W_02,Moderate
OUT_08885,2025-12,118.3168271639032,2,Small,0,Pharmacy,DIST_W_02,Favorable
OUT_08904,2023-01,2.9194406706528806,3,Small,0,SMMT,DIST_W_03,Moderate
OUT_08904,2023-05,13.820451790583832,4,Small,0,SMMT,DIST_W_03,Un-Favorable
OUT_08904,2023-07,91.45939088306716,1,Small,0,SMMT,DIST_W_03,Moderate
OUT_08904,2023-09,18.1468269336054,2,Small,0,SMMT,DIST_W_03,Moderate
OUT_08904,2023-10,68.69838871154818,1,Small,0,SMMT,DIST_W_03,Moderate
OUT_08904,2024-02,33.85555736573698,3,Small,0,SMMT,DIST_W_03,Moderate
OUT_08904,2024-05,7.340503761169605,3,Small,0,SMMT,DIST_W_03,Un-Favorable
OUT_08904,2024-06,13.838627719636946,2,Small,0,SMMT,DIST_W_03,Un-Favorable
OUT_08904,2024-07,87.55586803389369,1,Small,0,SMMT,DIST_W_03,Moderate
OUT_08904,2024-09,46.37607691426034,2,Small,0,SMMT,DIST_W_03,Moderate
OUT_08904,2024-10,98.15878737131632,2,Small,0,SMMT,DIST_W_03,Moderate
OUT_08904,2024-11,15.5875254897874,1,Small,0,SMMT,DIST_W_03,Moderate
OUT_08904,2024-12,141.6715875797677,2,Small,0,SMMT,DIST_W_03,Favorable
OUT_08904,2025-01,2.684135428148703,2,Small,0,SMMT,DIST_W_03,Moderate
OUT_08904,2025-04,61.61061419660168,5,Small,0,SMMT,DIST_W_03,Favorable
OUT_08904,2025-05,19.77346979783083,3,Small,0,SMMT,DIST_W_03,Un-Favorable
OUT_08904,2025-07,30.55939443485112,1,Small,0,SMMT,DIST_W_03,Moderate
OUT_08904,2025-09,9.42728971424717,2,Small,0,SMMT,DIST_W_03,Moderate
OUT_08904,2025-12,104.73582141078712,2,Small,0,SMMT,DIST_W_03,Favorable
OUT_08948,2023-02,24.500189267753672,3,Small,0,Kiosk,DIST_W_01,Moderate
OUT_08948,2023-03,15.879112274596755,1,Small,0,Kiosk,DIST_W_01,Moderate
OUT_08948,2023-06,2.551637454516181,1,Small,0,Kiosk,DIST_W_01,Un-Favorable
OUT_08948,2023-08,88.30297549328992,2,Small,0,Kiosk,DIST_W_01,Moderate
OUT_08948,2023-09,123.29420976737552,2,Small,0,Kiosk,DIST_W_01,Moderate
OUT_08948,2023-11,8.178186418691368,1,Small,0,Kiosk,DIST_W_01,Moderate
OUT_08948,2024-01,79.30450602588922,2,Small,0,Kiosk,DIST_W_01,Moderate
OUT_08948,2024-02,27.26961806791491,3,Small,0,Kiosk,DIST_W_01,Moderate
OUT_08948,2024-09,41.03254063977967,2,Small,0,Kiosk,DIST_W_01,Moderate
OUT_08948,2024-11,84.83438866882007,1,Small,0,Kiosk,DIST_W_01,Moderate
OUT_08948,2025-01,35.169779833033935,2,Small,0,Kiosk,DIST_W_01,Moderate
OUT_08948,2025-05,55.1428940572736,3,Small,0,Kiosk,DIST_W_01,Un-Favorable
OUT_08948,2025-07,13.761128149243198,1,Small,0,Kiosk,DIST_W_01,Moderate
OUT_08948,2025-10,33.44420003267845,1,Small,0,Kiosk,DIST_W_01,Moderate
OUT_08948,2025-11,71.48914215914733,1,Small,0,Kiosk,DIST_W_01,Moderate
OUT_09049,2023-03,16.790633054935007,1,Small,0,Kiosk,DIST_C_01,Moderate
OUT_09049,2023-04,5.550545419183419,4,Small,0,Kiosk,DIST_C_01,Favorable
OUT_09049,2023-05,49.89446108678928,4,Small,0,Kiosk,DIST_C_01,Moderate
OUT_09049,2023-06,31.62853850267928,1,Small,0,Kiosk,DIST_C_01,Moderate
OUT_09049,2023-09,23.26119172687532,2,Small,0,Kiosk,DIST_C_01,Moderate
OUT_09049,2023-10,56.0635500047128,1,Small,0,Kiosk,DIST_C_01,Moderate
OUT_09049,2023-11,10.303770087135124,1,Small,0,Kiosk,DIST_C_01,Moderate
OUT_09049,2024-08,9.356729588088678,1,Small,0,Kiosk,DIST_C_01,Favorable
OUT_09049,2025-05,88.16648148751803,3,Small,0,Kiosk,DIST_C_01,Moderate
OUT_09049,2025-08,93.88090312282432,1,Small,0,Kiosk,DIST_C_01,Favorable
OUT_09071,2023-01,1072.7780271725107,3,Large,4,SMMT,DIST_C_03,Moderate
OUT_09071,2023-02,574.47029066188,3,Large,4,SMMT,DIST_C_03,Moderate
OUT_09071,2023-03,307.58365032754216,1,Large,4,SMMT,DIST_C_03,Moderate
OUT_09071,2023-04,921.7039032598842,4,Large,4,SMMT,DIST_C_03,Favorable
OUT_09071,2023-05,607.7150051644045,4,Large,4,SMMT,DIST_C_03,Moderate
OUT_09071,2023-06,433.8143630166223,1,Large,4,SMMT,DIST_C_03,Moderate
OUT_09071,2023-07,516.0921839984388,1,Large,4,SMMT,DIST_C_03,Moderate
OUT_09071,2023-08,683.1890826629467,2,Large,4,SMMT,DIST_C_03,Favorable
OUT_09071,2023-09,601.2389713573081,2,Large,4,SMMT,DIST_C_03,Moderate
OUT_09071,2023-10,272.1630749438922,1,Large,4,SMMT,DIST_C_03,Moderate
OUT_09071,2023-11,583.1578028833899,1,Large,4,SMMT,DIST_C_03,Moderate
OUT_09071,2023-12,785.9014981108468,2,Large,4,SMMT,DIST_C_03,Favorable
OUT_09071,2024-01,627.8088109549185,2,Large,4,SMMT,DIST_C_03,Moderate
OUT_09071,2024-02,555.2636436487066,3,Large,4,SMMT,DIST_C_03,Moderate
OUT_09071,2024-03,544.5486539637759,3,Large,4,SMMT,DIST_C_03,Moderate
OUT_09071,2024-04,804.150415751183,7,Large,4,SMMT,DIST_C_03,Favorable
OUT_09071,2024-06,595.7740086860678,2,Large,4,SMMT,DIST_C_03,Moderate
OUT_09071,2024-08,874.2020324728218,1,Large,4,SMMT,DIST_C_03,Favorable
OUT_09071,2024-09,533.9132552441981,2,Large,4,SMMT,DIST_C_03,Moderate
OUT_09071,2024-10,572.0496605316798,2,Large,4,SMMT,DIST_C_03,Moderate
OUT_09071,2024-11,614.3807601444701,1,Large,4,SMMT,DIST_C_03,Moderate
OUT_09071,2024-12,881.1147254431937,2,Large,4,SMMT,DIST_C_03,Favorable
OUT_09071,2025-01,540.239348716506,2,Large,4,SMMT,DIST_C_03,Moderate
OUT_09071,2025-03,353.8319276072117,1,Large,4,SMMT,DIST_C_03,Moderate
OUT_09071,2025-04,818.6168739588956,5,Large,4,SMMT,DIST_C_03,Favorable
OUT_09071,2025-05,491.0240296580513,3,Large,4,SMMT,DIST_C_03,Moderate
OUT_09071,2025-06,744.267685265468,1,Large,4,SMMT,DIST_C_03,Moderate
OUT_09071,2025-08,674.2249198848938,1,Large,4,SMMT,DIST_C_03,Favorable
OUT_09071,2025-09,275.27832301877595,2,Large,4,SMMT,DIST_C_03,Moderate
OUT_09071,2025-10,668.3983935138048,1,Large,4,SMMT,DIST_C_03,Moderate
OUT_09071,2025-11,592.5367669027448,1,Large,4,SMMT,DIST_C_03,Moderate
OUT_09071,2025-12,890.2812210431933,2,Large,4,SMMT,DIST_C_03,Favorable
OUT_09113,2023-02,109.16255259025696,3,Small,0,Kiosk,DIST_C_03,Moderate
OUT_09113,2023-03,105.65062312870778,1,Small,0,Kiosk,DIST_C_03,Moderate
OUT_09113,2023-04,166.42187709058186,4,Small,0,Kiosk,DIST_C_03,Favorable
OUT_09113,2023-06,31.40276594421405,1,Small,0,Kiosk,DIST_C_03,Moderate
OUT_09113,2023-08,160.38212785131134,2,Small,0,Kiosk,DIST_C_03,Favorable
OUT_09113,2023-10,47.13254008745933,1,Small,0,Kiosk,DIST_C_03,Moderate
OUT_09113,2023-11,28.241587960034007,1,Small,0,Kiosk,DIST_C_03,Moderate
OUT_09113,2023-12,7.387451015926621,2,Small,0,Kiosk,DIST_C_03,Favorable
OUT_09113,2024-01,16.980776920586514,2,Small,0,Kiosk,DIST_C_03,Moderate
OUT_09113,2024-02,13.729685779399643,3,Small,0,Kiosk,DIST_C_03,Moderate
OUT_09113,2024-03,22.226741415294207,3,Small,0,Kiosk,DIST_C_03,Moderate
OUT_09113,2024-04,106.31847909312248,7,Small,0,Kiosk,DIST_C_03,Favorable
OUT_09113,2024-06,80.31346655964467,2,Small,0,Kiosk,DIST_C_03,Moderate
OUT_09113,2024-10,24.44576725052554,2,Small,0,Kiosk,DIST_C_03,Moderate
OUT_09113,2024-11,17.922246980226568,1,Small,0,Kiosk,DIST_C_03,Moderate
OUT_09113,2024-12,100.1515985643981,2,Small,0,Kiosk,DIST_C_03,Favorable
OUT_09113,2025-01,5.849964814028598,2,Small,0,Kiosk,DIST_C_03,Moderate
OUT_09113,2025-03,29.53473506073645,1,Small,0,Kiosk,DIST_C_03,Moderate
OUT_09113,2025-04,47.41609004151549,5,Small,0,Kiosk,DIST_C_03,Favorable
OUT_09113,2025-06,84.75387253013102,1,Small,0,Kiosk,DIST_C_03,Moderate
OUT_09113,2025-07,69.5516631375098,1,Small,0,Kiosk,DIST_C_03,Moderate
OUT_09113,2025-08,80.17794253079337,1,Small,0,Kiosk,DIST_C_03,Favorable
OUT_09113,2025-09,13.281775423093327,2,Small,0,Kiosk,DIST_C_03,Moderate
OUT_09113,2025-12,34.08539325112133,2,Small,0,Kiosk,DIST_C_03,Favorable
OUT_09199,2023-06,13.496808359525089,1,Small,0,Hotel,DIST_C_03,Moderate
OUT_09199,2023-08,18.871633094732857,2,Small,0,Hotel,DIST_C_03,Favorable
OUT_09199,2023-09,84.62230491249447,2,Small,0,Hotel,DIST_C_03,Moderate
OUT_09199,2023-11,29.348794652568955,1,Small,0,Hotel,DIST_C_03,Moderate
OUT_09199,2024-02,32.79921568012139,3,Small,0,Hotel,DIST_C_03,Moderate
OUT_09199,2024-04,118.56992361767604,7,Small,0,Hotel,DIST_C_03,Favorable
OUT_09199,2024-07,22.67518636743849,1,Small,0,Hotel,DIST_C_03,Moderate
OUT_09199,2024-08,99.5702740242541,1,Small,0,Hotel,DIST_C_03,Favorable
OUT_09199,2024-09,56.04871724340934,2,Small,0,Hotel,DIST_C_03,Moderate
OUT_09199,2024-10,33.31136794342372,2,Small,0,Hotel,DIST_C_03,Moderate
OUT_09199,2024-11,16.88826120676588,1,Small,0,Hotel,DIST_C_03,Moderate
OUT_09199,2024-12,125.3407684862222,2,Small,0,Hotel,DIST_C_03,Favorable
OUT_09199,2025-02,15.231135311224914,2,Small,0,Hotel,DIST_C_03,Moderate
OUT_09199,2025-03,43.07722408690507,1,Small,0,Hotel,DIST_C_03,Moderate
OUT_09199,2025-04,16.37304285814641,5,Small,0,Hotel,DIST_C_03,Favorable
OUT_09199,2025-09,100.6524533066801,2,Small,0,Hotel,DIST_C_03,Moderate
OUT_09199,2025-10,43.38170527134352,1,Small,0,Hotel,DIST_C_03,Moderate
OUT_09457,2023-03,17.313614015436105,1,Small,1,Kiosk,DIST_C_03,Moderate
OUT_09457,2023-04,121.69708446722132,4,Small,1,Kiosk,DIST_C_03,Favorable
OUT_09457,2023-06,2.932745352107987,1,Small,1,Kiosk,DIST_C_03,Moderate
OUT_09457,2023-08,105.28872421559085,2,Small,1,Kiosk,DIST_C_03,Favorable
OUT_09457,2023-09,13.863123805059889,2,Small,1,Kiosk,DIST_C_03,Moderate
OUT_09457,2024-01,3.7461149014640944,2,Small,1,Kiosk,DIST_C_03,Moderate
OUT_09457,2024-03,77.11288004616276,3,Small,1,Kiosk,DIST_C_03,Moderate
OUT_09457,2024-04,16.559193285782214,7,Small,1,Kiosk,DIST_C_03,Favorable
OUT_09457,2024-05,4.985063567143564,3,Small,1,Kiosk,DIST_C_03,Moderate
OUT_09457,2024-09,63.50890511592576,2,Small,1,Kiosk,DIST_C_03,Moderate
OUT_09457,2024-10,63.91410358241798,2,Small,1,Kiosk,DIST_C_03,Moderate
OUT_09457,2024-11,18.810196197671228,1,Small,1,Kiosk,DIST_C_03,Moderate
OUT_09457,2025-01,82.92116414554415,2,Small,1,Kiosk,DIST_C_03,Moderate
OUT_09457,2025-02,14.981664129497265,2,Small,1,Kiosk,DIST_C_03,Moderate
OUT_09457,2025-04,42.07858225501332,5,Small,1,Kiosk,DIST_C_03,Favorable
OUT_09457,2025-05,73.57836707032611,3,Small,1,Kiosk,DIST_C_03,Moderate
OUT_09457,2025-06,73.6810544546323,1,Small,1,Kiosk,DIST_C_03,Moderate
OUT_09457,2025-07,9.645014160771172,1,Small,1,Kiosk,DIST_C_03,Moderate
OUT_09457,2025-09,68.45757641855239,2,Small,1,Kiosk,DIST_C_03,Moderate
OUT_09457,2025-10,80.7860450894135,1,Small,1,Kiosk,DIST_C_03,Moderate
OUT_09457,2025-12,11.283950938260867,2,Small,1,Kiosk,DIST_C_03,Favorable
OUT_09532,2023-07,31.59670250758157,1,Small,0,Hotel,DIST_C_03,Moderate
OUT_09532,2023-11,71.92871117831334,1,Small,0,Hotel,DIST_C_03,Moderate
OUT_09532,2023-12,30.200963090403107,2,Small,0,Hotel,DIST_C_03,Favorable
OUT_09532,2024-01,11.00868674578415,2,Small,0,Hotel,DIST_C_03,Moderate
OUT_09532,2024-03,16.971216045823915,3,Small,0,Hotel,DIST_C_03,Moderate
OUT_09532,2024-07,48.26862609071364,1,Small,0,Hotel,DIST_C_03,Moderate
OUT_09532,2025-03,90.40042635448636,1,Small,0,Hotel,DIST_C_03,Moderate
OUT_09532,2025-05,14.961193735641956,3,Small,0,Hotel,DIST_C_03,Moderate
OUT_09532,2025-08,17.78981726000365,1,Small,0,Hotel,DIST_C_03,Favorable
OUT_09532,2025-09,6.7429012580339975,2,Small,0,Hotel,DIST_C_03,Moderate
OUT_09532,2025-12,135.22937593895432,2,Small,0,Hotel,DIST_C_03,Favorable
OUT_09666,2023-02,3.1095363447084923,3,Small,1,Bakery,DIST_C_03,Moderate
OUT_09666,2023-06,11.939189002685348,1,Small,1,Bakery,DIST_C_03,Moderate
OUT_09666,2023-08,47.14344334377133,2,Small,1,Bakery,DIST_C_03,Favorable
OUT_09666,2023-09,4.948429415257002,2,Small,1,Bakery,DIST_C_03,Moderate
OUT_09666,2023-10,31.81033326906429,1,Small,1,Bakery,DIST_C_03,Moderate
OUT_09666,2023-11,95.7745502465106,1,Small,1,Bakery,DIST_C_03,Moderate
OUT_09666,2024-01,11.57079929429096,2,Small,1,Bakery,DIST_C_03,Moderate
OUT_09666,2024-02,38.09350640588724,3,Small,1,Bakery,DIST_C_03,Moderate
OUT_09666,2024-03,12.854253370078643,3,Small,1,Bakery,DIST_C_03,Moderate
OUT_09666,2024-04,27.057840877800995,7,Small,1,Bakery,DIST_C_03,Favorable
OUT_09666,2024-05,19.64441364262111,3,Small,1,Bakery,DIST_C_03,Moderate
OUT_09666,2024-06,3.021583014455598,2,Small,1,Bakery,DIST_C_03,Moderate
OUT_09666,2024-10,28.37981141442048,2,Small,1,Bakery,DIST_C_03,Moderate
OUT_09666,2024-11,24.91473026634609,1,Small,1,Bakery,DIST_C_03,Moderate
OUT_09666,2025-04,33.51428620243494,5,Small,1,Bakery,DIST_C_03,Favorable
OUT_09666,2025-08,12.994493838258576,1,Small,1,Bakery,DIST_C_03,Favorable
OUT_09666,2025-11,11.169902058913753,1,Small,1,Bakery,DIST_C_03,Moderate
OUT_09666,2025-12,25.0362829167599,2,Small,1,Bakery,DIST_C_03,Favorable
OUT_09676,2023-01,89.71845035147727,3,Medium,1,Bakery,DIST_C_03,Moderate
OUT_09676,2023-03,72.28646385791488,1,Medium,1,Bakery,DIST_C_03,Moderate
OUT_09676,2023-04,309.22647493118166,4,Medium,1,Bakery,DIST_C_03,Favorable
OUT_09676,2023-05,40.96443430649589,4,Medium,1,Bakery,DIST_C_03,Moderate
OUT_09676,2023-06,232.9144325555762,1,Medium,1,Bakery,DIST_C_03,Moderate
OUT_09676,2023-07,225.79294868720456,1,Medium,1,Bakery,DIST_C_03,Moderate
OUT_09676,2023-09,82.66652039431523,2,Medium,1,Bakery,DIST_C_03,Moderate
OUT_09676,2023-10,218.58863846397065,1,Medium,1,Bakery,DIST_C_03,Moderate
OUT_09676,2023-11,120.39968727731836,1,Medium,1,Bakery,DIST_C_03,Moderate
OUT_09676,2023-12,307.83009859942905,2,Medium,1,Bakery,DIST_C_03,Favorable
OUT_09676,2024-01,50.71652599124717,2,Medium,1,Bakery,DIST_C_03,Moderate
OUT_09676,2024-02,200.9716205501898,3,Medium,1,Bakery,DIST_C_03,Moderate
OUT_09676,2024-03,39.786642231454834,3,Medium,1,Bakery,DIST_C_03,Moderate
OUT_09676,2024-04,105.0896534663066,7,Medium,1,Bakery,DIST_C_03,Favorable
OUT_09676,2024-05,167.4454742567819,3,Medium,1,Bakery,DIST_C_03,Moderate
OUT_09676,2024-08,306.48298599486685,1,Medium,1,Bakery,DIST_C_03,Favorable
OUT_09676,2024-10,48.2659091235763,2,Medium,1,Bakery,DIST_C_03,Moderate
OUT_09676,2024-11,204.6319745963121,1,Medium,1,Bakery,DIST_C_03,Moderate
OUT_09676,2024-12,229.02246002319816,2,Medium,1,Bakery,DIST_C_03,Favorable
OUT_09676,2025-01,46.585017982829015,2,Medium,1,Bakery,DIST_C_03,Moderate
OUT_09676,2025-04,292.7678890148811,5,Medium,1,Bakery,DIST_C_03,Favorable
OUT_09676,2025-05,67.65768806064484,3,Medium,1,Bakery,DIST_C_03,Moderate
OUT_09676,2025-06,130.35661278716415,1,Medium,1,Bakery,DIST_C_03,Moderate
OUT_09676,2025-07,174.54514034843768,1,Medium,1,Bakery,DIST_C_03,Moderate
OUT_09676,2025-08,234.07081948174505,1,Medium,1,Bakery,DIST_C_03,Favorable
OUT_09676,2025-09,222.2041385598683,2,Medium,1,Bakery,DIST_C_03,Moderate
OUT_09676,2025-10,235.33605884074493,1,Medium,1,Bakery,DIST_C_03,Moderate
OUT_09676,2025-11,275.2831120949654,1,Medium,1,Bakery,DIST_C_03,Moderate
OUT_09676,2025-12,311.85261558358366,2,Medium,1,Bakery,DIST_C_03,Favorable
OUT_09833,2023-02,20.52216424643933,3,Small,0,Bakery,DIST_C_01,Moderate
OUT_09833,2023-05,14.337987456865996,4,Small,0,Bakery,DIST_C_01,Moderate
OUT_09833,2023-06,7.389946991672925,1,Small,0,Bakery,DIST_C_01,Moderate
OUT_09833,2023-07,98.40961748361777,1,Small,0,Bakery,DIST_C_01,Moderate
OUT_09833,2023-08,48.96072230140777,2,Small,0,Bakery,DIST_C_01,Favorable
OUT_09833,2023-11,22.3316699670867,1,Small,0,Bakery,DIST_C_01,Moderate
OUT_09833,2024-01,68.04571983983342,2,Small,0,Bakery,DIST_C_01,Moderate
OUT_09833,2024-05,21.6668334920525,3,Small,0,Bakery,DIST_C_01,Moderate
OUT_09833,2024-09,13.14461802325194,2,Small,0,Bakery,DIST_C_01,Moderate
OUT_09833,2024-10,42.68003821997105,2,Small,0,Bakery,DIST_C_01,Moderate
OUT_09833,2025-02,75.19507598200596,2,Small,0,Bakery,DIST_C_01,Moderate
OUT_09833,2025-03,37.4596979100084,1,Small,0,Bakery,DIST_C_01,Moderate
OUT_09833,2025-04,65.65256918975379,5,Small,0,Bakery,DIST_C_01,Favorable
OUT_09833,2025-05,76.96011261836645,3,Small,0,Bakery,DIST_C_01,Moderate
OUT_09833,2025-09,3.6496235614325454,2,Small,0,Bakery,DIST_C_01,Moderate
OUT_09833,2025-12,26.0065402249078,2,Small,0,Bakery,DIST_C_01,Favorable
OUT_09836,2023-02,82.60136204779553,3,Small,1,Bakry,DIST_C_03,Moderate
OUT_09836,2023-03,3.0166018001550388,1,Small,1,Bakry,DIST_C_03,Moderate
OUT_09836,2023-04,52.73561116059524,4,Small,1,Bakry,DIST_C_03,Favorable
OUT_09836,2023-05,27.71375246155484,4,Small,1,Bakry,DIST_C_03,Moderate
OUT_09836,2023-11,86.86789690094847,1,Small,1,Bakry,DIST_C_03,Moderate
OUT_09836,2023-12,68.29926948992308,2,Small,1,Bakry,DIST_C_03,Favorable
OUT_09836,2024-02,15.791128003158745,3,Small,1,Bakry,DIST_C_03,Moderate
OUT_09836,2024-04,76.86437008582283,7,Small,1,Bakry,DIST_C_03,Favorable
OUT_09836,2024-05,12.77856651568429,3,Small,1,Bakry,DIST_C_03,Moderate
OUT_09836,2024-08,154.53310359781858,1,Small,1,Bakry,DIST_C_03,Favorable
OUT_09836,2025-03,79.97076434847057,1,Small,1,Bakry,DIST_C_03,Moderate
OUT_09836,2025-04,84.26550781885658,5,Small,1,Bakry,DIST_C_03,Favorable
OUT_09836,2025-05,17.37589325009527,3,Small,1,Bakry,DIST_C_03,Moderate
OUT_09836,2025-07,16.760505391082674,1,Small,1,Bakry,DIST_C_03,Moderate
OUT_09836,2025-11,35.344371160870494,1,Small,1,Bakry,DIST_C_03,Moderate
OUT_09946,2023-01,648.0794672922524,3,Large,2,Eatery,DIST_C_01,Moderate
OUT_09946,2023-02,626.4911708301637,3,Large,2,Eatery,DIST_C_01,Moderate
OUT_09946,2023-03,542.8015802612117,1,Large,2,Eatery,DIST_C_01,Moderate
OUT_09946,2023-04,730.0399845577795,4,Large,2,Eatery,DIST_C_01,Favorable
OUT_09946,2023-05,500.34067857747937,4,Large,2,Eatery,DIST_C_01,Moderate
OUT_09946,2023-06,596.6433446425455,1,Large,2,Eatery,DIST_C_01,Moderate
OUT_09946,2023-07,625.0396120080125,1,Large,2,Eatery,DIST_C_01,Moderate
OUT_09946,2023-08,348.8942634095079,2,Large,2,Eatery,DIST_C_01,Favorable
OUT_09946,2023-09,461.5206538393657,2,Large,2,Eatery,DIST_C_01,Moderate
OUT_09946,2023-10,509.2510481937928,1,Large,2,Eatery,DIST_C_01,Moderate
OUT_09946,2024-01,577.0487032562053,2,Large,2,Eatery,DIST_C_01,Moderate
OUT_09946,2024-02,592.0218210154876,3,Large,2,Eatery,DIST_C_01,Moderate
OUT_09946,2024-03,503.4087342962433,3,Large,2,Eatery,DIST_C_01,Moderate
OUT_09946,2024-04,806.8658757235712,7,Large,2,Eatery,DIST_C_01,Favorable
OUT_09946,2024-05,487.62301344834367,3,Large,2,Eatery,DIST_C_01,Moderate
OUT_09946,2024-06,590.1906109929974,2,Large,2,Eatery,DIST_C_01,Moderate
OUT_09946,2024-07,576.564013814719,1,Large,2,Eatery,DIST_C_01,Moderate
OUT_09946,2024-08,995.7267217691208,1,Large,2,Eatery,DIST_C_01,Favorable
OUT_09946,2024-09,545.2079015966705,2,Large,2,Eatery,DIST_C_01,Moderate
OUT_09946,2024-11,666.8722065832633,1,Large,2,Eatery,DIST_C_01,Moderate
OUT_09946,2024-12,965.2491091515046,2,Large,2,Eatery,DIST_C_01,Favorable
OUT_09946,2025-01,301.7484322943459,2,Large,2,Eatery,DIST_C_01,Moderate
OUT_09946,2025-02,554.2236386108654,2,Large,2,Eatery,DIST_C_01,Moderate
OUT_09946,2025-03,254.68180600915235,1,Large,2,Eatery,DIST_C_01,Moderate
OUT_09946,2025-04,883.8002890776327,5,Large,2,Eatery,DIST_C_01,Favorable
OUT_09946,2025-05,532.9772358110591,3,Large,2,Eatery,DIST_C_01,Moderate
OUT_09946,2025-06,642.4314065628496,1,Large,2,Eatery,DIST_C_01,Moderate
OUT_09946,2025-07,285.5934799025887,1,Large,2,Eatery,DIST_C_01,Moderate
OUT_09946,2025-08,817.2872089811663,1,Large,2,Eatery,DIST_C_01,Favorable
OUT_09946,2025-09,612.852841701676,2,Large,2,Eatery,DIST_C_01,Moderate
OUT_09946,2025-10,522.8416333349561,1,Large,2,Eatery,DIST_C_01,Moderate
OUT_09946,2025-11,524.4306425126838,1,Large,2,Eatery,DIST_C_01,Moderate
OUT_09946,2025-12,797.0719075966233,2,Large,2,Eatery,DIST_C_01,Favorable
OUT_10274,2023-01,500.0739625933931,3,Large,4, Eatery ,DIST_C_02,Moderate
OUT_10274,2023-02,311.8888391284128,3,Large,4, Eatery ,DIST_C_02,Moderate
OUT_10274,2023-03,362.7965091052185,1,Large,4, Eatery ,DIST_C_02,Moderate
OUT_10274,2023-04,930.874124905062,4,Large,4, Eatery ,DIST_C_02,Favorable
OUT_10274,2023-05,596.7554343134291,4,Large,4, Eatery ,DIST_C_02,Moderate
OUT_10274,2023-06,485.0872655538013,1,Large,4, Eatery ,DIST_C_02,Moderate
OUT_10274,2023-07,270.1527360150526,1,Large,4, Eatery ,DIST_C_02,Moderate
OUT_10274,2023-08,350.49999136072574,2,Large,4, Eatery ,DIST_C_02,Favorable
OUT_10274,2023-09,572.0312359152847,2,Large,4, Eatery ,DIST_C_02,Moderate
OUT_10274,2023-11,658.9388684492139,1,Large,4, Eatery ,DIST_C_02,Moderate
OUT_10274,2023-12,779.0620523155773,2,Large,4, Eatery ,DIST_C_02,Favorable
OUT_10274,2024-01,639.2462879675136,2,Large,4, Eatery ,DIST_C_02,Moderate
OUT_10274,2024-02,542.9861166101508,3,Large,4, Eatery ,DIST_C_02,Moderate
OUT_10274,2024-03,649.5616855002306,3,Large,4, Eatery ,DIST_C_02,Moderate
OUT_10274,2024-04,873.3454132426453,7,Large,4, Eatery ,DIST_C_02,Favorable
OUT_10274,2024-05,613.2324406079474,3,Large,4, Eatery ,DIST_C_02,Moderate
OUT_10274,2024-06,288.337226474975,2,Large,4, Eatery ,DIST_C_02,Moderate
OUT_10274,2024-07,596.5496979423116,1,Large,4, Eatery ,DIST_C_02,Moderate
OUT_10274,2024-08,850.7430531840764,1,Large,4, Eatery ,DIST_C_02,Favorable
OUT_10274,2024-09,602.4903015554708,2,Large,4, Eatery ,DIST_C_02,Moderate
OUT_10274,2024-10,475.29119977554575,2,Large,4, Eatery ,DIST_C_02,Moderate
OUT_10274,2024-11,565.2438434492004,1,Large,4, Eatery ,DIST_C_02,Moderate
OUT_10274,2024-12,883.1462849523967,2,Large,4, Eatery ,DIST_C_02,Favorable
OUT_10274,2025-01,368.1010134119161,2,Large,4, Eatery ,DIST_C_02,Moderate
OUT_10274,2025-02,352.3722305800643,2,Large,4, Eatery ,DIST_C_02,Moderate
OUT_10274,2025-03,452.7108302748004,1,Large,4, Eatery ,DIST_C_02,Moderate
OUT_10274,2025-04,909.5688511086464,5,Large,4, Eatery ,DIST_C_02,Favorable
OUT_10274,2025-05,625.9645029506303,3,Large,4, Eatery ,DIST_C_02,Moderate
OUT_10274,2025-06,581.4277330544769,1,Large,4, Eatery ,DIST_C_02,Moderate
OUT_10274,2025-07,614.4991902236286,1,Large,4, Eatery ,DIST_C_02,Moderate
OUT_10274,2025-09,314.24108730365367,2,Large,4, Eatery ,DIST_C_02,Moderate
OUT_10274,2025-10,722.4461107434176,1,Large,4, Eatery ,DIST_C_02,Moderate
OUT_10274,2025-11,550.7357245329899,1,Large,4, Eatery ,DIST_C_02,Moderate
OUT_10274,2025-12,966.7221472309084,2,Large,4, Eatery ,DIST_C_02,Favorable
OUT_10365,2023-02,111.76396281046894,3,Medium,1,Grocery,DIST_C_02,Moderate
OUT_10365,2023-06,178.34992299939287,1,Medium,1,Grocery,DIST_C_02,Moderate
OUT_10365,2023-07,137.29553091937123,1,Medium,1,Grocery,DIST_C_02,Moderate
OUT_10365,2023-08,217.91318209348967,2,Medium,1,Grocery,DIST_C_02,Favorable
OUT_10365,2023-09,223.72940615634204,2,Medium,1,Grocery,DIST_C_02,Moderate
OUT_10365,2023-11,180.3738803490552,1,Medium,1,Grocery,DIST_C_02,Moderate
OUT_10365,2023-12,44.06900399455913,2,Medium,1,Grocery,DIST_C_02,Favorable
OUT_10365,2024-01,207.07322956749644,2,Medium,1,Grocery,DIST_C_02,Moderate
OUT_10365,2024-02,106.8337980369434,3,Medium,1,Grocery,DIST_C_02,Moderate
OUT_10365,2024-04,185.7039462129259,7,Medium,1,Grocery,DIST_C_02,Favorable
OUT_10365,2024-05,191.5796067004298,3,Medium,1,Grocery,DIST_C_02,Moderate
OUT_10365,2024-06,211.91954859374133,2,Medium,1,Grocery,DIST_C_02,Moderate
OUT_10365,2024-07,216.23381865549,1,Medium,1,Grocery,DIST_C_02,Moderate
OUT_10365,2024-08,287.8310199392285,1,Medium,1,Grocery,DIST_C_02,Favorable
OUT_10365,2024-09,160.1730519160228,2,Medium,1,Grocery,DIST_C_02,Moderate
OUT_10365,2024-11,72.92562500846734,1,Medium,1,Grocery,DIST_C_02,Moderate
OUT_10365,2024-12,155.02580939332978,2,Medium,1,Grocery,DIST_C_02,Favorable
OUT_10365,2025-01,48.778254134002026,2,Medium,1,Grocery,DIST_C_02,Moderate
OUT_10365,2025-02,222.54918910854263,2,Medium,1,Grocery,DIST_C_02,Moderate
OUT_10365,2025-03,199.2257654287394,1,Medium,1,Grocery,DIST_C_02,Moderate
OUT_10365,2025-04,373.4450117273154,5,Medium,1,Grocery,DIST_C_02,Favorable
OUT_10365,2025-07,190.95369927927803,1,Medium,1,Grocery,DIST_C_02,Moderate
OUT_10365,2025-08,110.6692957748618,1,Medium,1,Grocery,DIST_C_02,Favorable
OUT_10365,2025-11,109.5047896169397,1,Medium,1,Grocery,DIST_C_02,Moderate
OUT_10365,2025-12,91.1311058846286,2,Medium,1,Grocery,DIST_C_02,Favorable
OUT_10671,2023-01,173.03881830883617,3,Medium,2,Eatery,DIST_C_02,Moderate
OUT_10671,2023-02,124.66547403539604,3,Medium,2,Eatery,DIST_C_02,Moderate
OUT_10671,2023-03,29.02069161964714,1,Medium,2,Eatery,DIST_C_02,Moderate
OUT_10671,2023-04,85.97212773578622,4,Medium,2,Eatery,DIST_C_02,Favorable
OUT_10671,2023-05,15.208238447059529,4,Medium,2,Eatery,DIST_C_02,Moderate
OUT_10671,2023-07,205.28594531572216,1,Medium,2,Eatery,DIST_C_02,Moderate
OUT_10671,2023-08,274.7798814723486,2,Medium,2,Eatery,DIST_C_02,Favorable
OUT_10671,2023-10,147.73434995435565,1,Medium,2,Eatery,DIST_C_02,Moderate
OUT_10671,2023-11,244.42048117561288,1,Medium,2,Eatery,DIST_C_02,Moderate
OUT_10671,2023-12,246.7696193605385,2,Medium,2,Eatery,DIST_C_02,Favorable
OUT_10671,2024-02,178.66118016326217,3,Medium,2,Eatery,DIST_C_02,Moderate
OUT_10671,2024-05,152.83953287159733,3,Medium,2,Eatery,DIST_C_02,Moderate
OUT_10671,2024-06,206.3417144415832,2,Medium,2,Eatery,DIST_C_02,Moderate
OUT_10671,2024-07,84.70896846826783,1,Medium,2,Eatery,DIST_C_02,Moderate
OUT_10671,2024-09,124.9120967277805,2,Medium,2,Eatery,DIST_C_02,Moderate
OUT_10671,2024-10,41.74274021707847,2,Medium,2,Eatery,DIST_C_02,Moderate
OUT_10671,2024-12,156.76287551748865,2,Medium,2,Eatery,DIST_C_02,Favorable
OUT_10671,2025-01,103.8214962888518,2,Medium,2,Eatery,DIST_C_02,Moderate
OUT_10671,2025-02,105.66189706652412,2,Medium,2,Eatery,DIST_C_02,Moderate
OUT_10671,2025-05,96.97239346608144,3,Medium,2,Eatery,DIST_C_02,Moderate
OUT_10671,2025-06,183.55458754960736,1,Medium,2,Eatery,DIST_C_02,Moderate
OUT_10671,2025-07,82.1691210805647,1,Medium,2,Eatery,DIST_C_02,Moderate
OUT_10671,2025-08,142.56009987064644,1,Medium,2,Eatery,DIST_C_02,Favorable
OUT_10671,2025-09,41.28696771548845,2,Medium,2,Eatery,DIST_C_02,Moderate
OUT_10671,2025-10,213.49726760217123,1,Medium,2,Eatery,DIST_C_02,Moderate
OUT_10671,2025-11,55.078841885637146,1,Medium,2,Eatery,DIST_C_02,Moderate
OUT_10671,2025-12,101.82660801157874,2,Medium,2,Eatery,DIST_C_02,Favorable
OUT_10693,2023-01,101.89727339704967,3,Small,0,Grocry,DIST_C_02,Moderate
OUT_10693,2023-02,94.99160232050372,3,Small,0,Grocry,DIST_C_02,Moderate
OUT_10693,2023-03,27.80508847226596,1,Small,0,Grocry,DIST_C_02,Moderate
OUT_10693,2023-04,37.92736234466341,4,Small,0,Grocry,DIST_C_02,Favorable
OUT_10693,2023-05,54.80055497490936,4,Small,0,Grocry,DIST_C_02,Moderate
OUT_10693,2023-06,40.396257011058594,1,Small,0,Grocry,DIST_C_02,Moderate
OUT_10693,2023-07,15.712120415380594,1,Small,0,Grocry,DIST_C_02,Moderate
OUT_10693,2023-08,157.79564180154887,2,Small,0,Grocry,DIST_C_02,Favorable
OUT_10693,2023-09,87.61665458108864,2,Small,0,Grocry,DIST_C_02,Moderate
OUT_10693,2024-03,25.306442556133447,3,Small,0,Grocry,DIST_C_02,Moderate
OUT_10693,2024-06,2.6526177210415347,2,Small,0,Grocry,DIST_C_02,Moderate
OUT_10693,2024-08,25.49100959749937,1,Small,0,Grocry,DIST_C_02,Favorable
OUT_10693,2024-09,21.13638562786564,2,Small,0,Grocry,DIST_C_02,Moderate
OUT_10693,2024-10,87.96415718405729,2,Small,0,Grocry,DIST_C_02,Moderate
OUT_10693,2025-01,34.75024754717333,2,Small,0,Grocry,DIST_C_02,Moderate
OUT_10693,2025-02,15.76190548435709,2,Small,0,Grocry,DIST_C_02,Moderate
OUT_10693,2025-03,75.98574849407267,1,Small,0,Grocry,DIST_C_02,Moderate
OUT_10693,2025-10,29.337990483626136,1,Small,0,Grocry,DIST_C_02,Moderate
OUT_10732,2023-01,21.0169712561316,3,Small,0,Eatery,DIST_C_01,Moderate
OUT_10732,2023-04,66.06819055655153,4,Small,0,Eatery,DIST_C_01,Favorable
OUT_10732,2023-09,35.428140557027575,2,Small,0,Eatery,DIST_C_01,Moderate
OUT_10732,2024-01,47.60350187154732,2,Small,0,Eatery,DIST_C_01,Moderate
OUT_10732,2024-02,32.552116702326046,3,Small,0,Eatery,DIST_C_01,Moderate
OUT_10732,2024-03,43.090365755538905,3,Small,0,Eatery,DIST_C_01,Moderate
OUT_10732,2024-04,20.30388178733773,7,Small,0,Eatery,DIST_C_01,Favorable
OUT_10732,2024-05,23.055594344550578,3,Small,0,Eatery,DIST_C_01,Moderate
OUT_10732,2024-09,93.44120392933668,2,Small,0,Eatery,DIST_C_01,Moderate
OUT_10732,2024-10,13.263403410714044,2,Small,0,Eatery,DIST_C_01,Moderate
OUT_10732,2024-12,145.68686332680696,2,Small,0,Eatery,DIST_C_01,Favorable
OUT_10732,2025-04,150.37861159272438,5,Small,0,Eatery,DIST_C_01,Favorable
OUT_10732,2025-11,23.114217751101048,1,Small,0,Eatery,DIST_C_01,Moderate
OUT_10732,2025-12,21.344578613643385,2,Small,0,Eatery,DIST_C_01,Favorable
OUT_10735,2023-05,73.88462897795522,4,Medium,2,Pharmacy,DIST_C_01,Moderate
OUT_10735,2023-06,108.55401422576,1,Medium,2,Pharmacy,DIST_C_01,Moderate
OUT_10735,2023-07,132.87447256300402,1,Medium,2,Pharmacy,DIST_C_01,Moderate
OUT_10735,2023-08,45.11405861485312,2,Medium,2,Pharmacy,DIST_C_01,Favorable
OUT_10735,2023-09,154.41619980755902,2,Medium,2,Pharmacy,DIST_C_01,Moderate
OUT_10735,2023-11,182.08661907550132,1,Medium,2,Pharmacy,DIST_C_01,Moderate
OUT_10735,2023-12,259.86089720069936,2,Medium,2,Pharmacy,DIST_C_01,Favorable
OUT_10735,2024-03,220.62919349639685,3,Medium,2,Pharmacy,DIST_C_01,Moderate
OUT_10735,2024-04,73.43911316502354,7,Medium,2,Pharmacy,DIST_C_01,Favorable
OUT_10735,2024-05,36.09846254334512,3,Medium,2,Pharmacy,DIST_C_01,Moderate
OUT_10735,2024-07,87.60416711029416,1,Medium,2,Pharmacy,DIST_C_01,Moderate
OUT_10735,2024-08,144.1188915172901,1,Medium,2,Pharmacy,DIST_C_01,Favorable
OUT_10735,2024-09,141.94861192175517,2,Medium,2,Pharmacy,DIST_C_01,Moderate
OUT_10735,2024-11,56.49589653176732,1,Medium,2,Pharmacy,DIST_C_01,Moderate
OUT_10735,2024-12,100.65597966678656,2,Medium,2,Pharmacy,DIST_C_01,Favorable
OUT_10735,2025-01,201.9278580096304,2,Medium,2,Pharmacy,DIST_C_01,Moderate
OUT_10735,2025-02,97.9367109447748,2,Medium,2,Pharmacy,DIST_C_01,Moderate
OUT_10735,2025-03,163.58476449859072,1,Medium,2,Pharmacy,DIST_C_01,Moderate
OUT_10735,2025-04,214.05616427242364,5,Medium,2,Pharmacy,DIST_C_01,Favorable
OUT_10735,2025-05,176.5626495571493,3,Medium,2,Pharmacy,DIST_C_01,Moderate
OUT_10735,2025-06,148.30132061845015,1,Medium,2,Pharmacy,DIST_C_01,Moderate
OUT_10735,2025-07,63.6061259092825,1,Medium,2,Pharmacy,DIST_C_01,Moderate
OUT_10735,2025-08,321.62872175974417,1,Medium,2,Pharmacy,DIST_C_01,Favorable
OUT_10735,2025-09,201.22472888233463,2,Medium,2,Pharmacy,DIST_C_01,Moderate
OUT_10735,2025-10,73.29199168665524,1,Medium,2,Pharmacy,DIST_C_01,Moderate
OUT_10735,2025-11,127.38403932833134,1,Medium,2,Pharmacy,DIST_C_01,Moderate
OUT_10787,2023-01,26.507686993094723,3,small,1,SMMT,DIST_C_02,Moderate
OUT_10787,2023-02,82.78223213673533,3,small,1,SMMT,DIST_C_02,Moderate
OUT_10787,2023-04,114.39973576377636,4,small,1,SMMT,DIST_C_02,Favorable
OUT_10787,2023-09,72.38956267940497,2,small,1,SMMT,DIST_C_02,Moderate
OUT_10787,2024-03,11.46626875918084,3,small,1,SMMT,DIST_C_02,Moderate
OUT_10787,2024-04,21.962171711130747,7,small,1,SMMT,DIST_C_02,Favorable
OUT_10787,2024-09,27.556047981560937,2,small,1,SMMT,DIST_C_02,Moderate
OUT_10787,2024-11,15.36515312199396,1,small,1,SMMT,DIST_C_02,Moderate
OUT_10787,2025-02,93.55925417719588,2,small,1,SMMT,DIST_C_02,Moderate
OUT_10787,2025-03,32.805286401704315,1,small,1,SMMT,DIST_C_02,Moderate
OUT_10787,2025-04,23.90178838942655,5,small,1,SMMT,DIST_C_02,Favorable
OUT_10787,2025-05,39.253201748734085,3,small,1,SMMT,DIST_C_02,Moderate
OUT_10787,2025-06,2.6098480850199093,1,small,1,SMMT,DIST_C_02,Moderate
OUT_10787,2025-07,14.73456705620887,1,small,1,SMMT,DIST_C_02,Moderate
OUT_10787,2025-09,20.989878294836416,2,small,1,SMMT,DIST_C_02,Moderate
OUT_10787,2025-10,17.529367126663317,1,small,1,SMMT,DIST_C_02,Moderate
OUT_10787,2025-11,75.52979024201032,1,small,1,SMMT,DIST_C_02,Moderate
OUT_10787,2025-12,24.86173379307725,2,small,1,SMMT,DIST_C_02,Favorable
OUT_10943,2023-01,509.1842135831186,3,Large,3,SMMT,DIST_C_02,Moderate
OUT_10943,2023-02,583.8879801688468,3,Large,3,SMMT,DIST_C_02,Moderate
OUT_10943,2023-03,276.2385193088978,1,Large,3,SMMT,DIST_C_02,Moderate
OUT_10943,2023-04,421.6557620514532,4,Large,3,SMMT,DIST_C_02,Favorable
OUT_10943,2023-05,685.3841951896511,4,Large,3,SMMT,DIST_C_02,Moderate
OUT_10943,2023-06,194.6383726572996,1,Large,3,SMMT,DIST_C_02,Moderate
OUT_10943,2023-08,623.2896803264822,2,Large,3,SMMT,DIST_C_02,Favorable
OUT_10943,2023-09,580.274849250821,2,Large,3,SMMT,DIST_C_02,Moderate
OUT_10943,2023-10,638.4617004334053,1,Large,3,SMMT,DIST_C_02,Moderate
OUT_10943,2023-11,210.3652417727344,1,Large,3,SMMT,DIST_C_02,Moderate
OUT_10943,2023-12,802.8649250748259,2,Large,3,SMMT,DIST_C_02,Favorable
OUT_10943,2024-01,671.7887710549223,2,Large,3,SMMT,DIST_C_02,Moderate
OUT_10943,2024-02,581.2570353602848,3,Large,3,SMMT,DIST_C_02,Moderate
OUT_10943,2024-03,533.0720533758945,3,Large,3,SMMT,DIST_C_02,Moderate
OUT_10943,2024-04,477.7794438331924,7,Large,3,SMMT,DIST_C_02,Favorable
OUT_10943,2024-06,609.295484720307,2,Large,3,SMMT,DIST_C_02,Moderate
OUT_10943,2024-07,528.1552958178854,1,Large,3,SMMT,DIST_C_02,Moderate
OUT_10943,2024-09,568.3253985347083,2,Large,3,SMMT,DIST_C_02,Moderate
OUT_10943,2024-11,686.9989246151413,1,Large,3,SMMT,DIST_C_02,Moderate
OUT_10943,2025-02,551.8225303470944,2,Large,3,SMMT,DIST_C_02,Moderate
OUT_10943,2025-03,687.7970466528755,1,Large,3,SMMT,DIST_C_02,Moderate
OUT_10943,2025-04,816.1034765025862,5,Large,3,SMMT,DIST_C_02,Favorable
OUT_10943,2025-05,329.74600309648747,3,Large,3,SMMT,DIST_C_02,Moderate
OUT_10943,2025-06,347.984263817244,1,Large,3,SMMT,DIST_C_02,Moderate
OUT_10943,2025-07,613.0380032265795,1,Large,3,SMMT,DIST_C_02,Moderate
OUT_10943,2025-08,802.5039651704096,1,Large,3,SMMT,DIST_C_02,Favorable
OUT_10943,2025-10,541.3546851627514,1,Large,3,SMMT,DIST_C_02,Moderate
OUT_10943,2025-11,557.7872300953634,1,Large,3,SMMT,DIST_C_02,Moderate
OUT_10943,2025-12,687.5565869319928,2,Large,3,SMMT,DIST_C_02,Favorable
OUT_11253,2023-01,575.48863091746,3,Large,4,Grocery,DIST_C_01,Moderate
OUT_11253,2023-03,636.2518104014848,1,Large,4,Grocery,DIST_C_01,Moderate
OUT_11253,2023-04,517.6589869829801,4,Large,4,Grocery,DIST_C_01,Favorable
OUT_11253,2023-05,338.350228376478,4,Large,4,Grocery,DIST_C_01,Moderate
OUT_11253,2023-06,587.2135200364705,1,Large,4,Grocery,DIST_C_01,Moderate
OUT_11253,2023-07,694.8801168337294,1,Large,4,Grocery,DIST_C_01,Moderate
OUT_11253,2023-08,922.0386350677462,2,Large,4,Grocery,DIST_C_01,Favorable
OUT_11253,2023-09,568.0192276252994,2,Large,4,Grocery,DIST_C_01,Moderate
OUT_11253,2023-10,603.6690441761622,1,Large,4,Grocery,DIST_C_01,Moderate
OUT_11253,2023-11,546.4108681376956,1,Large,4,Grocery,DIST_C_01,Moderate
OUT_11253,2023-12,874.3559090920313,2,Large,4,Grocery,DIST_C_01,Favorable
OUT_11253,2024-01,320.8327630466703,2,Large,4,Grocery,DIST_C_01,Moderate
OUT_11253,2024-02,573.4280172898088,3,Large,4,Grocery,DIST_C_01,Moderate
OUT_11253,2024-03,612.9938137137516,3,Large,4,Grocery,DIST_C_01,Moderate
OUT_11253,2024-04,751.0538610403962,7,Large,4,Grocery,DIST_C_01,Favorable
OUT_11253,2024-05,516.5189347702425,3,Large,4,Grocery,DIST_C_01,Moderate
OUT_11253,2024-06,586.1729988308052,2,Large,4,Grocery,DIST_C_01,Moderate
OUT_11253,2024-07,255.06767915491795,1,Large,4,Grocery,DIST_C_01,Moderate
OUT_11253,2024-09,298.100846662496,2,Large,4,Grocery,DIST_C_01,Moderate
OUT_11253,2024-10,339.8329848650525,2,Large,4,Grocery,DIST_C_01,Moderate
OUT_11253,2024-11,259.24645221625525,1,Large,4,Grocery,DIST_C_01,Moderate
OUT_11253,2024-12,812.7820187763267,2,Large,4,Grocery,DIST_C_01,Favorable
OUT_11253,2025-01,592.6661937862216,2,Large,4,Grocery,DIST_C_01,Moderate
OUT_11253,2025-02,571.3217125984544,2,Large,4,Grocery,DIST_C_01,Moderate
OUT_11253,2025-03,695.8297813311634,1,Large,4,Grocery,DIST_C_01,Moderate
OUT_11253,2025-04,845.7057172486559,5,Large,4,Grocery,DIST_C_01,Favorable
OUT_11253,2025-05,251.503278260425,3,Large,4,Grocery,DIST_C_01,Moderate
OUT_11253,2025-06,201.2812385979123,1,Large,4,Grocery,DIST_C_01,Moderate
OUT_11253,2025-07,523.4450884847178,1,Large,4,Grocery,DIST_C_01,Moderate
OUT_11253,2025-08,998.4887071336613,1,Large,4,Grocery,DIST_C_01,Favorable
OUT_11253,2025-09,340.55399183567374,2,Large,4,Grocery,DIST_C_01,Moderate
OUT_11253,2025-11,337.27444574275705,1,Large,4,Grocery,DIST_C_01,Moderate
OUT_11253,2025-12,932.8278016357872,2,Large,4,Grocery,DIST_C_01,Favorable
OUT_11291,2023-01,621.0209531676435,3,Large,2,Kiosk,DIST_C_01,Moderate
OUT_11291,2023-03,613.3866183594688,1,Large,2,Kiosk,DIST_C_01,Moderate
OUT_11291,2023-04,938.9744737980342,4,Large,2,Kiosk,DIST_C_01,Favorable
OUT_11291,2023-05,208.31919895415305,4,Large,2,Kiosk,DIST_C_01,Moderate
OUT_11291,2023-07,239.2792850690082,1,Large,2,Kiosk,DIST_C_01,Moderate
OUT_11291,2023-08,418.95487178986366,2,Large,2,Kiosk,DIST_C_01,Favorable
OUT_11291,2023-09,213.24837417494865,2,Large,2,Kiosk,DIST_C_01,Moderate
OUT_11291,2023-10,534.2246494412129,1,Large,2,Kiosk,DIST_C_01,Moderate
OUT_11291,2023-11,624.7935087605533,1,Large,2,Kiosk,DIST_C_01,Moderate
OUT_11291,2023-12,858.4680656594992,2,Large,2,Kiosk,DIST_C_01,Favorable
OUT_11291,2024-01,340.579760416702,2,Large,2,Kiosk,DIST_C_01,Moderate
OUT_11291,2024-03,548.3667981576208,3,Large,2,Kiosk,DIST_C_01,Moderate
OUT_11291,2024-04,857.7275451367234,7,Large,2,Kiosk,DIST_C_01,Favorable
OUT_11291,2024-05,499.485733825119,3,Large,2,Kiosk,DIST_C_01,Moderate
OUT_11291,2024-06,438.5112029379809,2,Large,2,Kiosk,DIST_C_01,Moderate
OUT_11291,2024-07,166.0473881706885,1,Large,2,Kiosk,DIST_C_01,Moderate
OUT_11291,2024-08,844.4365966076971,1,Large,2,Kiosk,DIST_C_01,Favorable
OUT_11291,2024-09,302.89859524389607,2,Large,2,Kiosk,DIST_C_01,Moderate
OUT_11291,2024-11,295.5748378811311,1,Large,2,Kiosk,DIST_C_01,Moderate
OUT_11291,2024-12,811.8485380989616,2,Large,2,Kiosk,DIST_C_01,Favorable
OUT_11291,2025-01,580.1862480596265,2,Large,2,Kiosk,DIST_C_01,Moderate
OUT_11291,2025-03,657.6613839840286,1,Large,2,Kiosk,DIST_C_01,Moderate
OUT_11291,2025-04,1260.6200102516243,5,Large,2,Kiosk,DIST_C_01,Favorable
OUT_11291,2025-05,665.3065723412884,3,Large,2,Kiosk,DIST_C_01,Moderate
OUT_11291,2025-06,325.43121717287227,1,Large,2,Kiosk,DIST_C_01,Moderate
OUT_11291,2025-07,654.5792804151567,1,Large,2,Kiosk,DIST_C_01,Moderate
OUT_11291,2025-08,745.8646924224352,1,Large,2,Kiosk,DIST_C_01,Favorable
OUT_11291,2025-09,548.3434531349177,2,Large,2,Kiosk,DIST_C_01,Moderate
OUT_11291,2025-10,551.4146685792977,1,Large,2,Kiosk,DIST_C_01,Moderate
OUT_11291,2025-11,623.9559225808474,1,Large,2,Kiosk,DIST_C_01,Moderate
OUT_11291,2025-12,1123.2301897090142,2,Large,2,Kiosk,DIST_C_01,Favorable
OUT_11381,2023-01,89.61753944137564,3,Medium,1,Bakery,DIST_C_01,Moderate
OUT_11381,2023-02,120.03339891119292,3,Medium,1,Bakery,DIST_C_01,Moderate
OUT_11381,2023-03,80.01761737000908,1,Medium,1,Bakery,DIST_C_01,Moderate
OUT_11381,2023-04,112.92717005090807,4,Medium,1,Bakery,DIST_C_01,Favorable
OUT_11381,2023-06,61.04254525448276,1,Medium,1,Bakery,DIST_C_01,Moderate
OUT_11381,2023-07,121.88811526102516,1,Medium,1,Bakery,DIST_C_01,Moderate
OUT_11381,2023-08,308.4304274318033,2,Medium,1,Bakery,DIST_C_01,Favorable
OUT_11381,2023-09,197.758903856664,2,Medium,1,Bakery,DIST_C_01,Moderate
OUT_11381,2023-10,77.63016423064457,1,Medium,1,Bakery,DIST_C_01,Moderate
OUT_11381,2023-11,216.92072644064368,1,Medium,1,Bakery,DIST_C_01,Moderate
OUT_11381,2023-12,235.06873402990377,2,Medium,1,Bakery,DIST_C_01,Favorable
OUT_11381,2024-01,130.62331185270165,2,Medium,1,Bakery,DIST_C_01,Moderate
OUT_11381,2024-02,55.53771669304919,3,Medium,1,Bakery,DIST_C_01,Moderate
OUT_11381,2024-04,123.34404808344468,7,Medium,1,Bakery,DIST_C_01,Favorable
OUT_11381,2024-06,16.03619852003156,2,Medium,1,Bakery,DIST_C_01,Moderate
OUT_11381,2024-08,83.91069707236821,1,Medium,1,Bakery,DIST_C_01,Favorable
OUT_11381,2025-02,34.03899794279625,2,Medium,1,Bakery,DIST_C_01,Moderate
OUT_11381,2025-04,265.44609981626616,5,Medium,1,Bakery,DIST_C_01,Favorable
OUT_11381,2025-06,83.7967396347866,1,Medium,1,Bakery,DIST_C_01,Moderate
OUT_11381,2025-07,97.61755445726872,1,Medium,1,Bakery,DIST_C_01,Moderate
OUT_11381,2025-08,266.62186036163484,1,Medium,1,Bakery,DIST_C_01,Favorable
OUT_11381,2025-09,150.22327857425972,2,Medium,1,Bakery,DIST_C_01,Moderate
OUT_11381,2025-10,237.91707980758247,1,Medium,1,Bakery,DIST_C_01,Moderate
OUT_11433,2023-02,26.93814175072464,3,Small,1,Kiosk,DIST_C_02,Moderate
OUT_11433,2023-04,27.442131135258776,4,Small,1,Kiosk,DIST_C_02,Favorable
OUT_11433,2023-06,98.91902263086408,1,Small,1,Kiosk,DIST_C_02,Moderate
OUT_11433,2023-08,140.6346357718506,2,Small,1,Kiosk,DIST_C_02,Favorable
OUT_11433,2023-12,34.2264041893814,2,Small,1,Kiosk,DIST_C_02,Favorable
OUT_11433,2024-01,72.65705437851548,2,Small,1,Kiosk,DIST_C_02,Moderate
OUT_11433,2024-03,21.469530402380293,3,Small,1,Kiosk,DIST_C_02,Moderate
OUT_11433,2024-04,112.06701636401226,7,Small,1,Kiosk,DIST_C_02,Favorable
OUT_11433,2024-05,19.124247734961823,3,Small,1,Kiosk,DIST_C_02,Moderate
OUT_11433,2024-06,107.14869347725822,2,Small,1,Kiosk,DIST_C_02,Moderate
OUT_11433,2024-08,36.61124190097098,1,Small,1,Kiosk,DIST_C_02,Favorable
OUT_11433,2024-09,3.579111951081797,2,Small,1,Kiosk,DIST_C_02,Moderate
OUT_11433,2024-10,80.37679017593864,2,Small,1,Kiosk,DIST_C_02,Moderate
OUT_11433,2024-12,25.0409486432678,2,Small,1,Kiosk,DIST_C_02,Favorable
OUT_11433,2025-06,32.11829810375203,1,Small,1,Kiosk,DIST_C_02,Moderate
OUT_11433,2025-07,63.01395684435765,1,Small,1,Kiosk,DIST_C_02,Moderate
OUT_11433,2025-09,32.99418411602076,2,Small,1,Kiosk,DIST_C_02,Moderate
OUT_11433,2025-12,24.859434026185948,2,Small,1,Kiosk,DIST_C_02,Favorable
OUT_11513,2023-01,70.64721241244214,3,Medium,2,Eatery,DIST_C_02,Moderate
OUT_11513,2023-02,183.4514943652727,3,Medium,2,Eatery,DIST_C_02,Moderate
OUT_11513,2023-03,55.34911830616224,1,Medium,2,Eatery,DIST_C_02,Moderate
OUT_11513,2023-04,54.583684157969614,4,Medium,2,Eatery,DIST_C_02,Favorable
OUT_11513,2023-07,193.4630997505378,1,Medium,2,Eatery,DIST_C_02,Moderate
OUT_11513,2023-08,152.28497010567608,2,Medium,2,Eatery,DIST_C_02,Favorable
OUT_11513,2023-09,38.465609134978976,2,Medium,2,Eatery,DIST_C_02,Moderate
OUT_11513,2023-10,127.6375833292914,1,Medium,2,Eatery,DIST_C_02,Moderate
OUT_11513,2024-01,47.4757864021975,2,Medium,2,Eatery,DIST_C_02,Moderate
OUT_11513,2024-02,48.26415526649288,3,Medium,2,Eatery,DIST_C_02,Moderate
OUT_11513,2024-03,122.66840751960356,3,Medium,2,Eatery,DIST_C_02,Moderate
OUT_11513,2024-05,171.59304551245089,3,Medium,2,Eatery,DIST_C_02,Moderate
OUT_11513,2024-07,235.404114648801,1,Medium,2,Eatery,DIST_C_02,Moderate
OUT_11513,2024-09,161.17242212351067,2,Medium,2,Eatery,DIST_C_02,Moderate
OUT_11513,2024-10,52.76008304718038,2,Medium,2,Eatery,DIST_C_02,Moderate
OUT_11513,2024-11,195.80032272123404,1,Medium,2,Eatery,DIST_C_02,Moderate
OUT_11513,2025-01,156.47754573469317,2,Medium,2,Eatery,DIST_C_02,Moderate
OUT_11513,2025-02,65.77069257958107,2,Medium,2,Eatery,DIST_C_02,Moderate
OUT_11513,2025-04,56.17070882727884,5,Medium,2,Eatery,DIST_C_02,Favorable
OUT_11513,2025-05,24.445790831925173,3,Medium,2,Eatery,DIST_C_02,Moderate
OUT_11513,2025-06,194.99963087494896,1,Medium,2,Eatery,DIST_C_02,Moderate
OUT_11513,2025-07,145.616077926559,1,Medium,2,Eatery,DIST_C_02,Moderate
OUT_11513,2025-08,112.2044936926149,1,Medium,2,Eatery,DIST_C_02,Favorable
OUT_11513,2025-09,98.35109007541062,2,Medium,2,Eatery,DIST_C_02,Moderate
OUT_11513,2025-11,202.6264637865476,1,Medium,2,Eatery,DIST_C_02,Moderate
OUT_11513,2025-12,121.01002696810824,2,Medium,2,Eatery,DIST_C_02,Favorable
OUT_11525,2023-01,98.15507589125784,3,Small,0,Hotel,DIST_C_02,Moderate
OUT_11525,2023-02,17.25533688909963,3,Small,0,Hotel,DIST_C_02,Moderate
OUT_11525,2023-03,36.39926602410273,1,Small,0,Hotel,DIST_C_02,Moderate
OUT_11525,2023-04,83.29586716128902,4,Small,0,Hotel,DIST_C_02,Favorable
OUT_11525,2023-07,14.724244675875624,1,Small,0,Hotel,DIST_C_02,Moderate
OUT_11525,2023-12,88.69878043639574,2,Small,0,Hotel,DIST_C_02,Favorable
OUT_11525,2024-03,5.153067992192996,3,Small,0,Hotel,DIST_C_02,Moderate
OUT_11525,2024-06,15.252083498024524,2,Small,0,Hotel,DIST_C_02,Moderate
OUT_11525,2024-08,143.20615276959003,1,Small,0,Hotel,DIST_C_02,Favorable
OUT_11525,2025-01,87.66793643938385,2,Small,0,Hotel,DIST_C_02,Moderate
OUT_11525,2025-02,70.86967969450829,2,Small,0,Hotel,DIST_C_02,Moderate
OUT_11525,2025-03,18.129105839627048,1,Small,0,Hotel,DIST_C_02,Moderate
OUT_11525,2025-04,72.2989938602608,5,Small,0,Hotel,DIST_C_02,Favorable
OUT_11525,2025-06,15.444595708306188,1,Small,0,Hotel,DIST_C_02,Moderate
OUT_11525,2025-08,104.79654836836404,1,Small,0,Hotel,DIST_C_02,Favorable
OUT_11613,2023-01,622.5748546362914,3,Large,4,Bakery,DIST_C_01,Moderate
OUT_11613,2023-02,518.703527854154,3,Large,4,Bakery,DIST_C_01,Moderate
OUT_11613,2023-04,393.31845885396433,4,Large,4,Bakery,DIST_C_01,Favorable
OUT_11613,2023-05,593.4468668058646,4,Large,4,Bakery,DIST_C_01,Moderate
OUT_11613,2023-06,601.8462002462666,1,Large,4,Bakery,DIST_C_01,Moderate
OUT_11613,2023-07,610.4753390533567,1,Large,4,Bakery,DIST_C_01,Moderate
OUT_11613,2023-08,715.306056656088,2,Large,4,Bakery,DIST_C_01,Favorable
OUT_11613,2023-09,596.2935673272412,2,Large,4,Bakery,DIST_C_01,Moderate
OUT_11613,2023-10,973.1650396021304,1,Large,4,Bakery,DIST_C_01,Moderate
OUT_11613,2023-11,568.1473387711551,1,Large,4,Bakery,DIST_C_01,Moderate
OUT_11613,2023-12,734.5892726537661,2,Large,4,Bakery,DIST_C_01,Favorable
OUT_11613,2024-01,745.6380339362166,2,Large,4,Bakery,DIST_C_01,Moderate
OUT_11613,2024-02,330.95638622559176,3,Large,4,Bakery,DIST_C_01,Moderate
OUT_11613,2024-03,533.4120223338052,3,Large,4,Bakery,DIST_C_01,Moderate
OUT_11613,2024-05,615.7116190896792,3,Large,4,Bakery,DIST_C_01,Moderate
OUT_11613,2024-07,631.2907551189707,1,Large,4,Bakery,DIST_C_01,Moderate
OUT_11613,2024-08,860.5288530983489,1,Large,4,Bakery,DIST_C_01,Favorable
OUT_11613,2024-10,623.2648425261443,2,Large,4,Bakery,DIST_C_01,Moderate
OUT_11613,2024-12,266.23725353776,2,Large,4,Bakery,DIST_C_01,Favorable
OUT_11613,2025-02,286.3655723273081,2,Large,4,Bakery,DIST_C_01,Moderate
OUT_11613,2025-03,216.652931589506,1,Large,4,Bakery,DIST_C_01,Moderate
OUT_11613,2025-04,853.713011385406,5,Large,4,Bakery,DIST_C_01,Favorable
OUT_11613,2025-05,570.1812129013632,3,Large,4,Bakery,DIST_C_01,Moderate
OUT_11613,2025-06,257.0455662428365,1,Large,4,Bakery,DIST_C_01,Moderate
OUT_11613,2025-07,538.3540623914363,1,Large,4,Bakery,DIST_C_01,Moderate
OUT_11613,2025-08,744.0527140160796,1,Large,4,Bakery,DIST_C_01,Favorable
OUT_11613,2025-09,518.9102474885229,2,Large,4,Bakery,DIST_C_01,Moderate
OUT_11613,2025-10,608.8428712610157,1,Large,4,Bakery,DIST_C_01,Moderate
OUT_11613,2025-11,411.3337069120961,1,Large,4,Bakery,DIST_C_01,Moderate
OUT_11613,2025-12,853.3640342742308,2,Large,4,Bakery,DIST_C_01,Favorable
OUT_11797,2023-01,182.77603420868465,3,Large,4,Grocery,DIST_C_02,Moderate
OUT_11797,2023-02,587.329966388825,3,Large,4,Grocery,DIST_C_02,Moderate
OUT_11797,2023-04,922.7691883861368,4,Large,4,Grocery,DIST_C_02,Favorable
OUT_11797,2023-06,255.88495912563832,1,Large,4,Grocery,DIST_C_02,Moderate
OUT_11797,2023-07,616.6049257918833,1,Large,4,Grocery,DIST_C_02,Moderate
OUT_11797,2023-08,1021.1550141049736,2,Large,4,Grocery,DIST_C_02,Favorable
OUT_11797,2023-09,604.6814592069182,2,Large,4,Grocery,DIST_C_02,Moderate
OUT_11797,2023-10,560.5426245674859,1,Large,4,Grocery,DIST_C_02,Moderate
OUT_11797,2023-11,373.49438750710345,1,Large,4,Grocery,DIST_C_02,Moderate
OUT_11797,2023-12,805.1743840905204,2,Large,4,Grocery,DIST_C_02,Favorable
OUT_11797,2024-01,551.4247828386542,2,Large,4,Grocery,DIST_C_02,Moderate
OUT_11797,2024-02,634.968303621136,3,Large,4,Grocery,DIST_C_02,Moderate
OUT_11797,2024-03,417.817660500283,3,Large,4,Grocery,DIST_C_02,Moderate
OUT_11797,2024-04,519.2709984405166,7,Large,4,Grocery,DIST_C_02,Favorable
OUT_11797,2024-06,546.0889064634166,2,Large,4,Grocery,DIST_C_02,Moderate
OUT_11797,2024-07,580.5897850325657,1,Large,4,Grocery,DIST_C_02,Moderate
OUT_11797,2024-08,770.585151156303,1,Large,4,Grocery,DIST_C_02,Favorable
OUT_11797,2024-09,638.0041377669529,2,Large,4,Grocery,DIST_C_02,Moderate
OUT_11797,2024-10,719.8787537805738,2,Large,4,Grocery,DIST_C_02,Moderate
OUT_11797,2024-12,660.5342687062293,2,Large,4,Grocery,DIST_C_02,Favorable
OUT_11797,2025-01,181.021159870234,2,Large,4,Grocery,DIST_C_02,Moderate
OUT_11797,2025-02,596.7682894562088,2,Large,4,Grocery,DIST_C_02,Moderate
OUT_11797,2025-03,416.6502052598989,1,Large,4,Grocery,DIST_C_02,Moderate
OUT_11797,2025-04,821.0429870503252,5,Large,4,Grocery,DIST_C_02,Favorable
OUT_11797,2025-05,490.47248706186,3,Large,4,Grocery,DIST_C_02,Moderate
OUT_11797,2025-06,529.2329905008004,1,Large,4,Grocery,DIST_C_02,Moderate
OUT_11797,2025-07,408.9930623840192,1,Large,4,Grocery,DIST_C_02,Moderate
OUT_11797,2025-08,889.6170857602199,1,Large,4,Grocery,DIST_C_02,Favorable
OUT_11797,2025-09,561.3445695086998,2,Large,4,Grocery,DIST_C_02,Moderate
OUT_11797,2025-10,405.8330094155268,1,Large,4,Grocery,DIST_C_02,Moderate
OUT_11797,2025-11,675.2702094263411,1,Large,4,Grocery,DIST_C_02,Moderate
OUT_11797,2025-12,865.7091107196015,2,Large,4,Grocery,DIST_C_02,Favorable
OUT_11802,2023-03,66.27881711754104,1,Small,0,Grocery,DIST_C_02,Moderate
OUT_11802,2023-10,107.38514099975188,1,Small,0,Grocery,DIST_C_02,Moderate
OUT_11802,2024-01,5.927981022698282,2,Small,0,Grocery,DIST_C_02,Moderate
OUT_11802,2024-02,36.82444369978083,3,Small,0,Grocery,DIST_C_02,Moderate
OUT_11802,2024-05,91.82851459557097,3,Small,0,Grocery,DIST_C_02,Moderate
OUT_11802,2024-06,89.26192231648167,2,Small,0,Grocery,DIST_C_02,Moderate
OUT_11802,2024-07,107.73674549936322,1,Small,0,Grocery,DIST_C_02,Moderate
OUT_11802,2024-08,113.91626954579831,1,Small,0,Grocery,DIST_C_02,Favorable
OUT_11802,2024-09,74.50076819424864,2,Small,0,Grocery,DIST_C_02,Moderate
OUT_11802,2024-11,84.46862276250528,1,Small,0,Grocery,DIST_C_02,Moderate
OUT_11802,2025-02,86.23359223833091,2,Small,0,Grocery,DIST_C_02,Moderate
OUT_11802,2025-03,49.04482532214501,1,Small,0,Grocery,DIST_C_02,Moderate
OUT_11802,2025-09,65.96927056417373,2,Small,0,Grocery,DIST_C_02,Moderate
OUT_11802,2025-10,39.93778941863405,1,Small,0,Grocery,DIST_C_02,Moderate
OUT_11802,2025-12,122.12876192972158,2,Small,0,Grocery,DIST_C_02,Favorable
OUT_11862,2023-01,255.59971474999875,3,Medium,1,SMMT,DIST_C_03,Moderate
OUT_11862,2023-02,92.7064241818834,3,Medium,1,SMMT,DIST_C_03,Moderate
OUT_11862,2023-04,91.3394628942556,4,Medium,1,SMMT,DIST_C_03,Favorable
OUT_11862,2023-06,41.70252893053012,1,Medium,1,SMMT,DIST_C_03,Moderate
OUT_11862,2023-07,46.07149730456339,1,Medium,1,SMMT,DIST_C_03,Moderate
OUT_11862,2023-09,19.716379174425647,2,Medium,1,SMMT,DIST_C_03,Moderate
OUT_11862,2023-10,30.00912383097813,1,Medium,1,SMMT,DIST_C_03,Moderate
OUT_11862,2024-02,71.44279159828173,3,Medium,1,SMMT,DIST_C_03,Moderate
OUT_11862,2024-04,41.502900772845976,7,Medium,1,SMMT,DIST_C_03,Favorable
OUT_11862,2024-06,48.32554284986536,2,Medium,1,SMMT,DIST_C_03,Moderate
OUT_11862,2024-07,256.8303675985572,1,Medium,1,SMMT,DIST_C_03,Moderate
OUT_11862,2024-08,115.73877044570432,1,Medium,1,SMMT,DIST_C_03,Favorable
OUT_11862,2024-10,76.1981292805569,2,Medium,1,SMMT,DIST_C_03,Moderate
OUT_11862,2025-01,217.33446530281583,2,Medium,1,SMMT,DIST_C_03,Moderate
OUT_11862,2025-03,59.60330034578488,1,Medium,1,SMMT,DIST_C_03,Moderate
OUT_11862,2025-04,223.5678647142072,5,Medium,1,SMMT,DIST_C_03,Favorable
OUT_11862,2025-05,15.704333119848531,3,Medium,1,SMMT,DIST_C_03,Moderate
OUT_11862,2025-06,157.61133514424304,1,Medium,1,SMMT,DIST_C_03,Moderate
OUT_11862,2025-07,148.73935715239458,1,Medium,1,SMMT,DIST_C_03,Moderate
OUT_11862,2025-11,159.58135998476996,1,Medium,1,SMMT,DIST_C_03,Moderate
OUT_11862,2025-12,253.4285979512215,2,Medium,1,SMMT,DIST_C_03,Favorable
OUT_11998,2023-01,51.12324099010577,3,Medium,2,Pharmacy,DIST_C_03,Moderate
OUT_11998,2023-03,70.54272031338935,1,Medium,2,Pharmacy,DIST_C_03,Moderate
OUT_11998,2023-04,359.2152256891122,4,Medium,2,Pharmacy,DIST_C_03,Favorable
OUT_11998,2023-06,217.11218630783813,1,Medium,2,Pharmacy,DIST_C_03,Moderate
OUT_11998,2023-07,187.548132143382,1,Medium,2,Pharmacy,DIST_C_03,Moderate
OUT_11998,2023-09,169.32280015635834,2,Medium,2,Pharmacy,DIST_C_03,Moderate
OUT_11998,2023-11,198.12197296920303,1,Medium,2,Pharmacy,DIST_C_03,Moderate
OUT_11998,2023-12,137.2372361493417,2,Medium,2,Pharmacy,DIST_C_03,Favorable
OUT_11998,2024-01,106.60309066085324,2,Medium,2,Pharmacy,DIST_C_03,Moderate
OUT_11998,2024-03,46.118673107253976,3,Medium,2,Pharmacy,DIST_C_03,Moderate
OUT_11998,2024-05,87.75350045585667,3,Medium,2,Pharmacy,DIST_C_03,Moderate
OUT_11998,2024-06,237.5829930694681,2,Medium,2,Pharmacy,DIST_C_03,Moderate
OUT_11998,2024-09,211.5810361703008,2,Medium,2,Pharmacy,DIST_C_03,Moderate
OUT_11998,2024-11,56.77837009424329,1,Medium,2,Pharmacy,DIST_C_03,Moderate
OUT_11998,2024-12,220.8212122065388,2,Medium,2,Pharmacy,DIST_C_03,Favorable
OUT_11998,2025-01,24.322423098021247,2,Medium,2,Pharmacy,DIST_C_03,Moderate
OUT_11998,2025-03,189.9931727858421,1,Medium,2,Pharmacy,DIST_C_03,Moderate
OUT_11998,2025-06,117.25736191006352,1,Medium,2,Pharmacy,DIST_C_03,Moderate
OUT_11998,2025-07,116.31462857034342,1,Medium,2,Pharmacy,DIST_C_03,Moderate
OUT_11998,2025-08,331.8768926884029,1,Medium,2,Pharmacy,DIST_C_03,Favorable
OUT_11998,2025-09,59.006143901252806,2,Medium,2,Pharmacy,DIST_C_03,Moderate
OUT_11998,2025-10,57.83488306885904,1,Medium,2,Pharmacy,DIST_C_03,Moderate
OUT_11998,2025-11,248.8088669195245,1,Medium,2,Pharmacy,DIST_C_03,Moderate
OUT_11998,2025-12,58.68674138273425,2,Medium,2,Pharmacy,DIST_C_03,Favorable
OUT_12172,2023-01,205.45165081732068,3,Medium,1,Bakery,DIST_C_02,Moderate
OUT_12172,2023-02,181.63803584139345,3,Medium,1,Bakery,DIST_C_02,Moderate
OUT_12172,2023-03,210.25732470160352,1,Medium,1,Bakery,DIST_C_02,Moderate
OUT_12172,2023-04,331.2393428323739,4,Medium,1,Bakery,DIST_C_02,Favorable
OUT_12172,2023-05,142.76114702417834,4,Medium,1,Bakery,DIST_C_02,Moderate
OUT_12172,2023-06,110.41128248740124,1,Medium,1,Bakery,DIST_C_02,Moderate
OUT_12172,2023-07,214.54809532880307,1,Medium,1,Bakery,DIST_C_02,Moderate
OUT_12172,2023-08,125.20191916166908,2,Medium,1,Bakery,DIST_C_02,Favorable
OUT_12172,2023-09,190.68951129022687,2,Medium,1,Bakery,DIST_C_02,Moderate
OUT_12172,2023-11,111.88242841378546,1,Medium,1,Bakery,DIST_C_02,Moderate
OUT_12172,2024-02,53.54706967264886,3,Medium,1,Bakery,DIST_C_02,Moderate
OUT_12172,2024-04,296.82360526719424,7,Medium,1,Bakery,DIST_C_02,Favorable
OUT_12172,2024-06,221.7620443978102,2,Medium,1,Bakery,DIST_C_02,Moderate
OUT_12172,2024-07,85.15221553322796,1,Medium,1,Bakery,DIST_C_02,Moderate
OUT_12172,2024-10,103.53236019714032,2,Medium,1,Bakery,DIST_C_02,Moderate
OUT_12172,2024-11,203.0458161601883,1,Medium,1,Bakery,DIST_C_02,Moderate
OUT_12172,2024-12,261.63815526009887,2,Medium,1,Bakery,DIST_C_02,Favorable
OUT_12172,2025-01,158.185099312184,2,Medium,1,Bakery,DIST_C_02,Moderate
OUT_12172,2025-04,261.1336405438298,5,Medium,1,Bakery,DIST_C_02,Favorable
OUT_12172,2025-05,161.03820104474744,3,Medium,1,Bakery,DIST_C_02,Moderate
OUT_12172,2025-06,41.15472758101819,1,Medium,1,Bakery,DIST_C_02,Moderate
OUT_12172,2025-08,112.69430348116975,1,Medium,1,Bakery,DIST_C_02,Favorable
OUT_12172,2025-09,230.44446371886352,2,Medium,1,Bakery,DIST_C_02,Moderate
OUT_12172,2025-10,25.95797502762465,1,Medium,1,Bakery,DIST_C_02,Moderate
OUT_12172,2025-11,20.012374957286163,1,Medium,1,Bakery,DIST_C_02,Moderate
OUT_12265,2023-02,47.86118042105275,3,Medium,2,SMMT,DIST_C_01,Moderate
OUT_12265,2023-03,200.2013804380694,1,Medium,2,SMMT,DIST_C_01,Moderate
OUT_12265,2023-05,195.31260410368208,4,Medium,2,SMMT,DIST_C_01,Moderate
OUT_12265,2023-07,13.11530819551274,1,Medium,2,SMMT,DIST_C_01,Moderate
OUT_12265,2023-08,300.3329283021275,2,Medium,2,SMMT,DIST_C_01,Favorable
OUT_12265,2023-09,44.29277270001546,2,Medium,2,SMMT,DIST_C_01,Moderate
OUT_12265,2023-10,221.73253260902828,1,Medium,2,SMMT,DIST_C_01,Moderate
OUT_12265,2023-12,161.82271360493718,2,Medium,2,SMMT,DIST_C_01,Favorable
OUT_12265,2024-01,159.61700858736302,2,Medium,2,SMMT,DIST_C_01,Moderate
OUT_12265,2024-03,236.237094709472,3,Medium,2,SMMT,DIST_C_01,Moderate
OUT_12265,2024-04,277.9037429470601,7,Medium,2,SMMT,DIST_C_01,Favorable
OUT_12265,2024-05,15.73567055668601,3,Medium,2,SMMT,DIST_C_01,Moderate
OUT_12265,2024-06,44.21573433290591,2,Medium,2,SMMT,DIST_C_01,Moderate
OUT_12265,2024-08,252.146339006573,1,Medium,2,SMMT,DIST_C_01,Favorable
OUT_12265,2024-10,164.15257765258667,2,Medium,2,SMMT,DIST_C_01,Moderate
OUT_12265,2024-11,62.33555787806799,1,Medium,2,SMMT,DIST_C_01,Moderate
OUT_12265,2024-12,114.49633890043287,2,Medium,2,SMMT,DIST_C_01,Favorable
OUT_12265,2025-01,66.65757163706013,2,Medium,2,SMMT,DIST_C_01,Moderate
OUT_12265,2025-02,85.57552577182665,2,Medium,2,SMMT,DIST_C_01,Moderate
OUT_12265,2025-03,184.98506532979812,1,Medium,2,SMMT,DIST_C_01,Moderate
OUT_12265,2025-04,102.49092590313788,5,Medium,2,SMMT,DIST_C_01,Favorable
OUT_12265,2025-05,65.77139382984288,3,Medium,2,SMMT,DIST_C_01,Moderate
OUT_12265,2025-06,163.7044736686731,1,Medium,2,SMMT,DIST_C_01,Moderate
OUT_12265,2025-07,233.6808292824068,1,Medium,2,SMMT,DIST_C_01,Moderate
OUT_12265,2025-09,57.42765012387342,2,Medium,2,SMMT,DIST_C_01,Moderate
OUT_12287,2023-02,98.2664837887481,3,Small,0,Grocery,DIST_C_03,Moderate
OUT_12287,2023-06,16.252283721368673,1,Small,0,Grocery,DIST_C_03,Moderate
OUT_12287,2023-07,33.97553345734995,1,Small,0,Grocery,DIST_C_03,Moderate
OUT_12287,2023-08,6.004055060968577,2,Small,0,Grocery,DIST_C_03,Favorable
OUT_12287,2023-09,17.29630246133403,2,Small,0,Grocery,DIST_C_03,Moderate
OUT_12287,2023-11,27.542492541105133,1,Small,0,Grocery,DIST_C_03,Moderate
OUT_12287,2023-12,34.281946367679524,2,Small,0,Grocery,DIST_C_03,Favorable
OUT_12287,2024-01,30.14318644931054,2,Small,0,Grocery,DIST_C_03,Moderate
OUT_12287,2024-02,75.7602842447737,3,Small,0,Grocery,DIST_C_03,Moderate
OUT_12287,2024-03,48.09347230320914,3,Small,0,Grocery,DIST_C_03,Moderate
OUT_12287,2024-04,83.11638490474786,7,Small,0,Grocery,DIST_C_03,Favorable
OUT_12287,2024-05,32.56383845591339,3,Small,0,Grocery,DIST_C_03,Moderate
OUT_12287,2024-08,19.5477457904882,1,Small,0,Grocery,DIST_C_03,Favorable
OUT_12287,2024-09,28.955454736024706,2,Small,0,Grocery,DIST_C_03,Moderate
OUT_12287,2024-12,20.4446486871052,2,Small,0,Grocery,DIST_C_03,Favorable
OUT_12287,2025-01,83.1096443192198,2,Small,0,Grocery,DIST_C_03,Moderate
OUT_12287,2025-05,35.247665929715644,3,Small,0,Grocery,DIST_C_03,Moderate
OUT_12287,2025-06,4.535054421085249,1,Small,0,Grocery,DIST_C_03,Moderate
OUT_12287,2025-07,25.373894556618524,1,Small,0,Grocery,DIST_C_03,Moderate
OUT_12287,2025-12,43.81067869099964,2,Small,0,Grocery,DIST_C_03,Favorable
OUT_12628,2023-01,170.85723788288402,3,Medium,1,Grocery,DIST_C_01,Moderate
OUT_12628,2023-02,218.11191611726264,3,Medium,1,Grocery,DIST_C_01,Moderate
OUT_12628,2023-03,190.7291562489458,1,Medium,1,Grocery,DIST_C_01,Moderate
OUT_12628,2023-04,291.3583680977655,4,Medium,1,Grocery,DIST_C_01,Favorable
OUT_12628,2023-06,98.71481980005171,1,Medium,1,Grocery,DIST_C_01,Moderate
OUT_12628,2023-07,198.02209585498176,1,Medium,1,Grocery,DIST_C_01,Moderate
OUT_12628,2023-08,264.32258082454206,2,Medium,1,Grocery,DIST_C_01,Favorable
OUT_12628,2023-10,63.87905753905787,1,Medium,1,Grocery,DIST_C_01,Moderate
OUT_12628,2023-12,100.70437752000382,2,Medium,1,Grocery,DIST_C_01,Favorable
OUT_12628,2024-01,66.54434116577225,2,Medium,1,Grocery,DIST_C_01,Moderate
OUT_12628,2024-02,205.70438555563047,3,Medium,1,Grocery,DIST_C_01,Moderate
OUT_12628,2024-03,38.98960212471035,3,Medium,1,Grocery,DIST_C_01,Moderate
OUT_12628,2024-04,311.3980156671368,7,Medium,1,Grocery,DIST_C_01,Favorable
OUT_12628,2024-05,121.98751741690752,3,Medium,1,Grocery,DIST_C_01,Moderate
OUT_12628,2024-06,242.11584486610275,2,Medium,1,Grocery,DIST_C_01,Moderate
OUT_12628,2024-10,52.65435098777153,2,Medium,1,Grocery,DIST_C_01,Moderate
OUT_12628,2024-11,154.88489638176856,1,Medium,1,Grocery,DIST_C_01,Moderate
OUT_12628,2024-12,280.8051450537749,2,Medium,1,Grocery,DIST_C_01,Favorable
OUT_12628,2025-01,76.59382748542683,2,Medium,1,Grocery,DIST_C_01,Moderate
OUT_12628,2025-02,59.2422957179469,2,Medium,1,Grocery,DIST_C_01,Moderate
OUT_12628,2025-03,227.47174139089967,1,Medium,1,Grocery,DIST_C_01,Moderate
OUT_12628,2025-04,44.82175986276077,5,Medium,1,Grocery,DIST_C_01,Favorable
OUT_12628,2025-05,69.45350792292372,3,Medium,1,Grocery,DIST_C_01,Moderate
OUT_12628,2025-06,73.98305464412908,1,Medium,1,Grocery,DIST_C_01,Moderate
OUT_12628,2025-07,214.6587816725097,1,Medium,1,Grocery,DIST_C_01,Moderate
OUT_12628,2025-09,202.965288423872,2,Medium,1,Grocery,DIST_C_01,Moderate
OUT_12628,2025-10,191.61604169261057,1,Medium,1,Grocery,DIST_C_01,Moderate
OUT_12628,2025-11,58.93250671630093,1,Medium,1,Grocery,DIST_C_01,Moderate
OUT_12628,2025-12,277.8169706256952,2,Medium,1,Grocery,DIST_C_01,Favorable
OUT_12714,2023-01,114.31535468140754,3,Medium,2,Grocery,DIST_C_02,Moderate
OUT_12714,2023-02,185.955226942368,3,Medium,2,Grocery,DIST_C_02,Moderate
OUT_12714,2023-03,50.14624234524297,1,Medium,2,Grocery,DIST_C_02,Moderate
OUT_12714,2023-05,163.24922289927676,4,Medium,2,Grocery,DIST_C_02,Moderate
OUT_12714,2023-07,177.00611223904838,1,Medium,2,Grocery,DIST_C_02,Moderate
OUT_12714,2023-08,326.18937930574845,2,Medium,2,Grocery,DIST_C_02,Favorable
OUT_12714,2023-10,158.0923868186256,1,Medium,2,Grocery,DIST_C_02,Moderate
OUT_12714,2023-11,208.82854091155207,1,Medium,2,Grocery,DIST_C_02,Moderate
OUT_12714,2024-01,82.83347964830257,2,Medium,2,Grocery,DIST_C_02,Moderate
OUT_12714,2024-06,172.03560481231747,2,Medium,2,Grocery,DIST_C_02,Moderate
OUT_12714,2024-08,94.24643515583364,1,Medium,2,Grocery,DIST_C_02,Favorable
OUT_12714,2024-10,219.3284569729383,2,Medium,2,Grocery,DIST_C_02,Moderate
OUT_12714,2024-12,109.27228988813818,2,Medium,2,Grocery,DIST_C_02,Favorable
OUT_12714,2025-03,118.6160073726019,1,Medium,2,Grocery,DIST_C_02,Moderate
OUT_12714,2025-04,250.8688178798921,5,Medium,2,Grocery,DIST_C_02,Favorable
OUT_12714,2025-05,202.3884195546661,3,Medium,2,Grocery,DIST_C_02,Moderate
OUT_12714,2025-06,51.96846175713254,1,Medium,2,Grocery,DIST_C_02,Moderate
OUT_12714,2025-07,72.7266937011943,1,Medium,2,Grocery,DIST_C_02,Moderate
OUT_12714,2025-09,58.759557080242175,2,Medium,2,Grocery,DIST_C_02,Moderate
OUT_12714,2025-10,99.7685126493588,1,Medium,2,Grocery,DIST_C_02,Moderate
OUT_12714,2025-12,231.4342755916101,2,Medium,2,Grocery,DIST_C_02,Favorable
OUT_12758,2023-01,76.42158291156697,3,Small,0,Pharmacy,DIST_C_02,Moderate
OUT_12758,2023-03,26.940421236234403,1,Small,0,Pharmacy,DIST_C_02,Moderate
OUT_12758,2023-05,9.436330244326776,4,Small,0,Pharmacy,DIST_C_02,Moderate
OUT_12758,2023-07,28.02170804049378,1,Small,0,Pharmacy,DIST_C_02,Moderate
OUT_12758,2023-11,25.52697150901274,1,Small,0,Pharmacy,DIST_C_02,Moderate
OUT_12758,2024-02,40.8132153202404,3,Small,0,Pharmacy,DIST_C_02,Moderate
OUT_12758,2024-04,54.40277526523501,7,Small,0,Pharmacy,DIST_C_02,Favorable
OUT_12758,2024-05,39.520818469290575,3,Small,0,Pharmacy,DIST_C_02,Moderate
OUT_12758,2024-11,42.35118653457444,1,Small,0,Pharmacy,DIST_C_02,Moderate
OUT_12758,2024-12,104.05980236587064,2,Small,0,Pharmacy,DIST_C_02,Favorable
OUT_12758,2025-01,97.1235397664146,2,Small,0,Pharmacy,DIST_C_02,Moderate
OUT_12758,2025-02,18.878991032121213,2,Small,0,Pharmacy,DIST_C_02,Moderate
OUT_12758,2025-05,10.654352472676116,3,Small,0,Pharmacy,DIST_C_02,Moderate
OUT_12758,2025-08,38.4646290072634,1,Small,0,Pharmacy,DIST_C_02,Favorable
OUT_12758,2025-09,4.950520834260599,2,Small,0,Pharmacy,DIST_C_02,Moderate
OUT_12758,2025-11,6.849288230236275,1,Small,0,Pharmacy,DIST_C_02,Moderate
OUT_12899,2023-01,49.226488104427645,3,Small,0,Pharmacy,DIST_C_02,Moderate
OUT_12899,2023-03,41.34144488768021,1,Small,0,Pharmacy,DIST_C_02,Moderate
OUT_12899,2023-04,104.36821071595868,4,Small,0,Pharmacy,DIST_C_02,Favorable
OUT_12899,2023-05,89.57063347289765,4,Small,0,Pharmacy,DIST_C_02,Moderate
OUT_12899,2023-06,12.362277193366364,1,Small,0,Pharmacy,DIST_C_02,Moderate
OUT_12899,2023-07,32.61087154960818,1,Small,0,Pharmacy,DIST_C_02,Moderate
OUT_12899,2023-08,33.02577970540299,2,Small,0,Pharmacy,DIST_C_02,Favorable
OUT_12899,2023-11,8.212250676497156,1,Small,0,Pharmacy,DIST_C_02,Moderate
OUT_12899,2023-12,29.062023740963696,2,Small,0,Pharmacy,DIST_C_02,Favorable
OUT_12899,2024-01,56.48722925606072,2,Small,0,Pharmacy,DIST_C_02,Moderate
OUT_12899,2024-02,15.877683126746495,3,Small,0,Pharmacy,DIST_C_02,Moderate
OUT_12899,2024-04,53.99174181427133,7,Small,0,Pharmacy,DIST_C_02,Favorable
OUT_12899,2024-09,10.41111033991524,2,Small,0,Pharmacy,DIST_C_02,Moderate
OUT_12899,2024-10,18.14003119024533,2,Small,0,Pharmacy,DIST_C_02,Moderate
OUT_12899,2024-11,19.385965862340505,1,Small,0,Pharmacy,DIST_C_02,Moderate
OUT_12899,2024-12,21.30123596796389,2,Small,0,Pharmacy,DIST_C_02,Favorable
OUT_12899,2025-04,13.870747537243863,5,Small,0,Pharmacy,DIST_C_02,Favorable
OUT_12899,2025-05,40.74424019493093,3,Small,0,Pharmacy,DIST_C_02,Moderate
OUT_12899,2025-06,25.72715015738396,1,Small,0,Pharmacy,DIST_C_02,Moderate
OUT_12899,2025-07,88.8002170101991,1,Small,0,Pharmacy,DIST_C_02,Moderate
OUT_12899,2025-09,9.931584282773963,2,Small,0,Pharmacy,DIST_C_02,Moderate
OUT_12899,2025-12,30.5604117668773,2,Small,0,Pharmacy,DIST_C_02,Favorable
OUT_12934,2023-01,212.06675462811148,3,Medium,2,Bakery,DIST_C_02,Moderate
OUT_12934,2023-03,191.75546250032025,1,Medium,2,Bakery,DIST_C_02,Moderate
OUT_12934,2023-05,64.71345887749027,4,Medium,2,Bakery,DIST_C_02,Moderate
OUT_12934,2023-06,71.50242302711303,1,Medium,2,Bakery,DIST_C_02,Moderate
OUT_12934,2023-07,198.01316640516347,1,Medium,2,Bakery,DIST_C_02,Moderate
OUT_12934,2023-08,89.54136319538073,2,Medium,2,Bakery,DIST_C_02,Favorable
OUT_12934,2023-10,200.1437063801004,1,Medium,2,Bakery,DIST_C_02,Moderate
OUT_12934,2023-11,107.69325845789734,1,Medium,2,Bakery,DIST_C_02,Moderate
OUT_12934,2023-12,488.4705347702883,2,Medium,2,Bakery,DIST_C_02,Favorable
OUT_12934,2024-01,207.2156072823101,2,Medium,2,Bakery,DIST_C_02,Moderate
OUT_12934,2024-02,183.5239377088836,3,Medium,2,Bakery,DIST_C_02,Moderate
OUT_12934,2024-03,68.49038596539677,3,Medium,2,Bakery,DIST_C_02,Moderate
OUT_12934,2024-04,262.4575560689597,7,Medium,2,Bakery,DIST_C_02,Favorable
OUT_12934,2024-05,226.9161855977684,3,Medium,2,Bakery,DIST_C_02,Moderate
OUT_12934,2024-06,258.2146881102849,2,Medium,2,Bakery,DIST_C_02,Moderate
OUT_12934,2024-07,206.11265350817987,1,Medium,2,Bakery,DIST_C_02,Moderate
OUT_12934,2024-08,100.26424738633573,1,Medium,2,Bakery,DIST_C_02,Favorable
OUT_12934,2024-09,44.55220454733048,2,Medium,2,Bakery,DIST_C_02,Moderate
OUT_12934,2024-10,165.0023450714883,2,Medium,2,Bakery,DIST_C_02,Moderate
OUT_12934,2024-12,93.8023870961972,2,Medium,2,Bakery,DIST_C_02,Favorable
OUT_12934,2025-01,113.23807370683244,2,Medium,2,Bakery,DIST_C_02,Moderate
OUT_12934,2025-02,193.6018783098088,2,Medium,2,Bakery,DIST_C_02,Moderate
OUT_12934,2025-03,111.54454409943877,1,Medium,2,Bakery,DIST_C_02,Moderate
OUT_12934,2025-04,171.69492671812787,5,Medium,2,Bakery,DIST_C_02,Favorable
OUT_12934,2025-05,171.66617350539116,3,Medium,2,Bakery,DIST_C_02,Moderate
OUT_12934,2025-07,183.1583012676627,1,Medium,2,Bakery,DIST_C_02,Moderate
OUT_12934,2025-08,268.8936067268108,1,Medium,2,Bakery,DIST_C_02,Favorable
OUT_12934,2025-09,87.92881324350138,2,Medium,2,Bakery,DIST_C_02,Moderate
OUT_12934,2025-10,263.80768127967553,1,Medium,2,Bakery,DIST_C_02,Moderate
OUT_12934,2025-11,85.85955796400125,1,Medium,2,Bakery,DIST_C_02,Moderate
OUT_12934,2025-12,90.36397151238008,2,Medium,2,Bakery,DIST_C_02,Favorable
OUT_12960,2023-01,84.3870930533524,3,Medium,1,Bakery,DIST_C_03,Moderate
OUT_12960,2023-02,245.6543251990275,3,Medium,1,Bakery,DIST_C_03,Moderate
OUT_12960,2023-04,102.60671979763843,4,Medium,1,Bakery,DIST_C_03,Favorable
OUT_12960,2023-05,188.50653417707056,4,Medium,1,Bakery,DIST_C_03,Moderate
OUT_12960,2023-07,21.827138186532807,1,Medium,1,Bakery,DIST_C_03,Moderate
OUT_12960,2023-09,145.08570299126637,2,Medium,1,Bakery,DIST_C_03,Moderate
OUT_12960,2023-10,195.3997086704724,1,Medium,1,Bakery,DIST_C_03,Moderate
OUT_12960,2023-11,88.66694813956258,1,Medium,1,Bakery,DIST_C_03,Moderate
OUT_12960,2024-02,171.62710416506695,3,Medium,1,Bakery,DIST_C_03,Moderate
OUT_12960,2024-05,173.92657332285208,3,Medium,1,Bakery,DIST_C_03,Moderate
OUT_12960,2024-07,41.24548421294897,1,Medium,1,Bakery,DIST_C_03,Moderate
OUT_12960,2024-08,304.3704127141027,1,Medium,1,Bakery,DIST_C_03,Favorable
OUT_12960,2024-09,154.1696916717903,2,Medium,1,Bakery,DIST_C_03,Moderate
OUT_12960,2024-11,186.09419386824504,1,Medium,1,Bakery,DIST_C_03,Moderate
OUT_12960,2024-12,263.45692938558284,2,Medium,1,Bakery,DIST_C_03,Favorable
OUT_12960,2025-01,168.4443652687431,2,Medium,1,Bakery,DIST_C_03,Moderate
OUT_12960,2025-02,210.476578846052,2,Medium,1,Bakery,DIST_C_03,Moderate
OUT_12960,2025-05,171.16659575374177,3,Medium,1,Bakery,DIST_C_03,Moderate
OUT_12960,2025-06,186.02292833330884,1,Medium,1,Bakery,DIST_C_03,Moderate
OUT_12960,2025-07,200.40651923545929,1,Medium,1,Bakery,DIST_C_03,Moderate
OUT_12960,2025-09,248.08145707619784,2,Medium,1,Bakery,DIST_C_03,Moderate
OUT_12960,2025-10,211.6818330016426,1,Medium,1,Bakery,DIST_C_03,Moderate
OUT_12960,2025-11,58.4879737258706,1,Medium,1,Bakery,DIST_C_03,Moderate
OUT_17061,2023-01,310.9528756581926,3,Medium,2,Grocery,DIST_S_01,Favorable
OUT_17061,2023-03,85.99465656305584,1,Medium,2,Grocery,DIST_S_01,Moderate
OUT_17061,2023-04,277.2891409330984,4,Medium,2,Grocery,DIST_S_01,Favorable
OUT_17061,2023-05,110.9605744880183,4,Medium,2,Grocery,DIST_S_01,Un-Favorable
OUT_17061,2023-08,115.47466532656468,2,Medium,2,Grocery,DIST_S_01,Moderate
OUT_17061,2023-10,183.64473029883547,1,Medium,2,Grocery,DIST_S_01,Moderate
OUT_17061,2023-12,232.05642573674328,2,Medium,2,Grocery,DIST_S_01,Favorable
OUT_17061,2024-03,77.77885220799234,3,Medium,2,Grocery,DIST_S_01,Moderate
OUT_17061,2024-05,59.53408782245339,3,Medium,2,Grocery,DIST_S_01,Un-Favorable
OUT_17061,2024-07,55.92401214796444,1,Medium,2,Grocery,DIST_S_01,Moderate
OUT_17061,2024-12,105.3749086196656,2,Medium,2,Grocery,DIST_S_01,Favorable
OUT_17061,2025-01,68.252166034147,2,Medium,2,Grocery,DIST_S_01,Favorable
OUT_17061,2025-03,52.8477772122092,1,Medium,2,Grocery,DIST_S_01,Moderate
OUT_17061,2025-04,231.5681916153462,5,Medium,2,Grocery,DIST_S_01,Favorable
OUT_17061,2025-05,23.12904031023304,3,Medium,2,Grocery,DIST_S_01,Un-Favorable
OUT_17061,2025-06,66.9329317196494,1,Medium,2,Grocery,DIST_S_01,Un-Favorable
OUT_17061,2025-08,25.661083810212805,1,Medium,2,Grocery,DIST_S_01,Moderate
OUT_17061,2025-10,74.07164267379824,1,Medium,2,Grocery,DIST_S_01,Moderate
OUT_17061,2025-11,215.38496219786992,1,Medium,2,Grocery,DIST_S_01,Moderate
OUT_17061,2025-12,111.92681346578868,2,Medium,2,Grocery,DIST_S_01,Favorable
OUT_17118,2023-01,98.06773875667244,3,Small,1,Bakery,DIST_S_02,Favorable
OUT_17118,2023-02,38.76193010067502,3,Small,1,Bakery,DIST_S_02,Favorable
OUT_17118,2023-05,56.79749765873974,4,Small,1,Bakery,DIST_S_02,Un-Favorable
OUT_17118,2023-06,15.274484567049615,1,Small,1,Bakery,DIST_S_02,Un-Favorable
OUT_17118,2023-10,14.886607767845767,1,Small,1,Bakery,DIST_S_02,Moderate
OUT_17118,2023-11,64.0387595261811,1,Small,1,Bakery,DIST_S_02,Moderate
OUT_17118,2023-12,11.91129525545366,2,Small,1,Bakery,DIST_S_02,Favorable
OUT_17118,2024-01,34.02287874946384,2,Small,1,Bakery,DIST_S_02,Favorable
OUT_17118,2024-02,48.92374569091612,3,Small,1,Bakery,DIST_S_02,Favorable
OUT_17118,2024-03,25.249351297464912,3,Small,1,Bakery,DIST_S_02,Moderate
OUT_17118,2024-05,50.34060259371972,3,Small,1,Bakery,DIST_S_02,Un-Favorable
OUT_17118,2024-06,14.823876584004566,2,Small,1,Bakery,DIST_S_02,Un-Favorable
OUT_17118,2024-07,90.66607559013195,1,Small,1,Bakery,DIST_S_02,Moderate
OUT_17118,2025-03,110.38563558216244,1,Small,1,Bakery,DIST_S_02,Moderate
OUT_17118,2025-04,29.31581704255774,5,Small,1,Bakery,DIST_S_02,Favorable
OUT_17118,2025-06,74.90240495375677,1,Small,1,Bakery,DIST_S_02,Un-Favorable
OUT_17279,2023-03,4.446101379794586,1,Small,1,Hotel,DIST_S_02,Moderate
OUT_17279,2023-05,57.3831810612897,4,Small,1,Hotel,DIST_S_02,Un-Favorable
OUT_17279,2023-08,66.20856786981506,2,Small,1,Hotel,DIST_S_02,Moderate
OUT_17279,2023-09,70.79456157336026,2,Small,1,Hotel,DIST_S_02,Moderate
OUT_17279,2023-10,85.57240130188409,1,Small,1,Hotel,DIST_S_02,Moderate
OUT_17279,2024-02,58.010684614133126,3,Small,1,Hotel,DIST_S_02,Favorable
OUT_17279,2024-04,10.935867092356856,7,Small,1,Hotel,DIST_S_02,Favorable
OUT_17279,2024-05,47.311768676820336,3,Small,1,Hotel,DIST_S_02,Un-Favorable
OUT_17279,2024-07,6.926129357219133,1,Small,1,Hotel,DIST_S_02,Moderate
OUT_17279,2024-11,50.61792476378643,1,Small,1,Hotel,DIST_S_02,Moderate
OUT_17279,2024-12,13.040471338450686,2,Small,1,Hotel,DIST_S_02,Favorable
OUT_17279,2025-01,18.37656702295392,2,Small,1,Hotel,DIST_S_02,Favorable
OUT_17279,2025-03,86.59979126478288,1,Small,1,Hotel,DIST_S_02,Moderate
OUT_17279,2025-04,36.12175833878523,5,Small,1,Hotel,DIST_S_02,Favorable
OUT_17279,2025-06,9.092373619615868,1,Small,1,Hotel,DIST_S_02,Un-Favorable
OUT_17279,2025-07,10.099926376019408,1,Small,1,Hotel,DIST_S_02,Moderate
OUT_17279,2025-09,85.73250922331607,2,Small,1,Hotel,DIST_S_02,Moderate
OUT_17366,2023-01,791.1845818554632,3,Large,5,Kiosk,DIST_S_02,Favorable
OUT_17366,2023-02,961.0686352530764,3,Large,5,Kiosk,DIST_S_02,Favorable
OUT_17366,2023-03,536.0589294702014,1,Large,5,Kiosk,DIST_S_02,Moderate
OUT_17366,2023-06,359.6758609264354,1,Large,5,Kiosk,DIST_S_02,Un-Favorable
OUT_17366,2023-07,337.5611095488288,1,Large,5,Kiosk,DIST_S_02,Moderate
OUT_17366,2023-08,644.5914553711409,2,Large,5,Kiosk,DIST_S_02,Moderate
OUT_17366,2023-09,560.6021559683156,2,Large,5,Kiosk,DIST_S_02,Moderate
OUT_17366,2023-10,421.0768590327482,1,Large,5,Kiosk,DIST_S_02,Moderate
OUT_17366,2024-01,401.6881395847622,2,Large,5,Kiosk,DIST_S_02,Favorable
OUT_17366,2024-02,994.0126168062852,3,Large,5,Kiosk,DIST_S_02,Favorable
OUT_17366,2024-03,521.3343621896871,3,Large,5,Kiosk,DIST_S_02,Moderate
OUT_17366,2024-04,542.5232380839141,7,Large,5,Kiosk,DIST_S_02,Favorable
OUT_17366,2024-06,460.3103428719904,2,Large,5,Kiosk,DIST_S_02,Un-Favorable
OUT_17366,2024-07,616.3428669866231,1,Large,5,Kiosk,DIST_S_02,Moderate
OUT_17366,2024-08,652.0874369667034,1,Large,5,Kiosk,DIST_S_02,Moderate
OUT_17366,2024-09,635.8811192490914,2,Large,5,Kiosk,DIST_S_02,Moderate
OUT_17366,2024-10,582.3841529529533,2,Large,5,Kiosk,DIST_S_02,Moderate
OUT_17366,2024-12,869.1446070134216,2,Large,5,Kiosk,DIST_S_02,Favorable
OUT_17366,2025-01,373.76770662476986,2,Large,5,Kiosk,DIST_S_02,Favorable
OUT_17366,2025-02,516.1344563755653,2,Large,5,Kiosk,DIST_S_02,Favorable
OUT_17366,2025-03,582.3320931842409,1,Large,5,Kiosk,DIST_S_02,Moderate
OUT_17366,2025-04,878.4260841935986,5,Large,5,Kiosk,DIST_S_02,Favorable
OUT_17366,2025-05,428.78559304738064,3,Large,5,Kiosk,DIST_S_02,Un-Favorable
OUT_17366,2025-06,397.01741096476167,1,Large,5,Kiosk,DIST_S_02,Un-Favorable
OUT_17366,2025-07,628.5645861846789,1,Large,5,Kiosk,DIST_S_02,Moderate
OUT_17366,2025-08,321.0969479268073,1,Large,5,Kiosk,DIST_S_02,Moderate
OUT_17366,2025-09,596.4253931535549,2,Large,5,Kiosk,DIST_S_02,Moderate
OUT_17366,2025-10,616.1727579176741,1,Large,5,Kiosk,DIST_S_02,Moderate
OUT_17366,2025-11,247.2020916605061,1,Large,5,Kiosk,DIST_S_02,Moderate
OUT_17366,2025-12,814.7676414009441,2,Large,5,Kiosk,DIST_S_02,Favorable
OUT_17466,2023-02,7.952165690589879,3,,0,Grocery,DIST_S_01,Favorable
OUT_17466,2023-06,51.37759033919245,1,,0,Grocery,DIST_S_01,Un-Favorable
OUT_17466,2023-08,11.889901419614857,2,,0,Grocery,DIST_S_01,Moderate
OUT_17466,2023-09,31.061511798516488,2,,0,Grocery,DIST_S_01,Moderate
OUT_17466,2023-10,31.896970953174733,1,,0,Grocery,DIST_S_01,Moderate
OUT_17466,2023-11,66.87328321350117,1,,0,Grocery,DIST_S_01,Moderate
OUT_17466,2023-12,138.1737094628515,2,,0,Grocery,DIST_S_01,Favorable
OUT_17466,2024-03,9.973574882246552,3,,0,Grocery,DIST_S_01,Moderate
OUT_17466,2024-04,121.01080614051924,7,,0,Grocery,DIST_S_01,Favorable
OUT_17466,2024-05,21.7504834185516,3,,0,Grocery,DIST_S_01,Un-Favorable
OUT_17466,2024-08,18.396151815822503,1,,0,Grocery,DIST_S_01,Moderate
OUT_17466,2024-10,31.312818575197923,2,,0,Grocery,DIST_S_01,Moderate
OUT_17466,2024-11,32.402383587990435,1,,0,Grocery,DIST_S_01,Moderate
OUT_17466,2024-12,26.642641474009498,2,,0,Grocery,DIST_S_01,Favorable
OUT_17466,2025-02,49.74798250745324,2,,0,Grocery,DIST_S_01,Favorable
OUT_17466,2025-05,10.511903334426409,3,,0,Grocery,DIST_S_01,Un-Favorable
OUT_17466,2025-07,3.774562005556328,1,,0,Grocery,DIST_S_01,Moderate
OUT_17466,2025-12,127.8995870496396,2,,0,Grocery,DIST_S_01,Favorable
OUT_17777,2023-01,253.7727972345075,3,Medium,1,SMMT,DIST_S_01,Favorable
OUT_17777,2023-02,65.63428331305747,3,Medium,1,SMMT,DIST_S_01,Favorable
OUT_17777,2023-03,193.99198031281327,1,Medium,1,SMMT,DIST_S_01,Moderate
OUT_17777,2023-04,129.47559411912988,4,Medium,1,SMMT,DIST_S_01,Favorable
OUT_17777,2023-05,66.17801199792795,4,Medium,1,SMMT,DIST_S_01,Un-Favorable
OUT_17777,2023-06,151.58417907604314,1,Medium,1,SMMT,DIST_S_01,Un-Favorable
OUT_17777,2023-10,45.07706685958555,1,Medium,1,SMMT,DIST_S_01,Moderate
OUT_17777,2023-11,117.8043501641446,1,Medium,1,SMMT,DIST_S_01,Moderate
OUT_17777,2023-12,270.84071343418987,2,Medium,1,SMMT,DIST_S_01,Favorable
OUT_17777,2024-01,75.32994785496143,2,Medium,1,SMMT,DIST_S_01,Favorable
OUT_17777,2024-02,199.05319878103168,3,Medium,1,SMMT,DIST_S_01,Favorable
OUT_17777,2024-04,68.20026937511042,7,Medium,1,SMMT,DIST_S_01,Favorable
OUT_17777,2024-05,45.19154558030508,3,Medium,1,SMMT,DIST_S_01,Un-Favorable
OUT_17777,2024-06,49.05598283610516,2,Medium,1,SMMT,DIST_S_01,Un-Favorable
OUT_17777,2024-07,117.34587261957624,1,Medium,1,SMMT,DIST_S_01,Moderate
OUT_17777,2024-09,49.88596378882943,2,Medium,1,SMMT,DIST_S_01,Moderate
OUT_17777,2024-11,10.796821668771589,1,Medium,1,SMMT,DIST_S_01,Moderate
OUT_17777,2025-01,299.4589819301979,2,Medium,1,SMMT,DIST_S_01,Favorable
OUT_17777,2025-04,155.98249467228865,5,Medium,1,SMMT,DIST_S_01,Favorable
OUT_17777,2025-05,76.46175924003742,3,Medium,1,SMMT,DIST_S_01,Un-Favorable
OUT_17777,2025-06,44.8264883113962,1,Medium,1,SMMT,DIST_S_01,Un-Favorable
OUT_17777,2025-07,21.273463274508465,1,Medium,1,SMMT,DIST_S_01,Moderate
OUT_17777,2025-08,42.81595702778704,1,Medium,1,SMMT,DIST_S_01,Moderate
OUT_17777,2025-10,56.1044419953631,1,Medium,1,SMMT,DIST_S_01,Moderate
OUT_17777,2025-11,30.675137974414703,1,Medium,1,SMMT,DIST_S_01,Moderate
OUT_17777,2025-12,311.27268464897327,2,Medium,1,SMMT,DIST_S_01,Favorable
OUT_17852,2023-02,239.19609997664776,3,Medium,1,Bakery,DIST_S_01,Favorable
OUT_17852,2023-03,132.3627130999608,1,Medium,1,Bakery,DIST_S_01,Moderate
OUT_17852,2023-04,279.5246624047078,4,Medium,1,Bakery,DIST_S_01,Favorable
OUT_17852,2023-06,35.43115646795989,1,Medium,1,Bakery,DIST_S_01,Un-Favorable
OUT_17852,2023-07,139.74299851028792,1,Medium,1,Bakery,DIST_S_01,Moderate
OUT_17852,2023-09,160.54973773591962,2,Medium,1,Bakery,DIST_S_01,Moderate
OUT_17852,2023-10,174.03599092152345,1,Medium,1,Bakery,DIST_S_01,Moderate
OUT_17852,2023-11,37.55873107805034,1,Medium,1,Bakery,DIST_S_01,Moderate
OUT_17852,2023-12,229.10660269367548,2,Medium,1,Bakery,DIST_S_01,Favorable
OUT_17852,2024-01,141.26086448039774,2,Medium,1,Bakery,DIST_S_01,Favorable
OUT_17852,2024-02,317.9856683783825,3,Medium,1,Bakery,DIST_S_01,Favorable
OUT_17852,2024-03,58.518442995457775,3,Medium,1,Bakery,DIST_S_01,Moderate
OUT_17852,2024-06,136.1035212972094,2,Medium,1,Bakery,DIST_S_01,Un-Favorable
OUT_17852,2024-07,60.52653968688131,1,Medium,1,Bakery,DIST_S_01,Moderate
OUT_17852,2024-08,95.20214883735176,1,Medium,1,Bakery,DIST_S_01,Moderate
OUT_17852,2024-09,67.90709014635101,2,Medium,1,Bakery,DIST_S_01,Moderate
OUT_17852,2024-10,62.69364770201391,2,Medium,1,Bakery,DIST_S_01,Moderate
OUT_17852,2024-12,312.72610701370456,2,Medium,1,Bakery,DIST_S_01,Favorable
OUT_17852,2025-01,114.08246692354766,2,Medium,1,Bakery,DIST_S_01,Favorable
OUT_17852,2025-03,216.7875683351893,1,Medium,1,Bakery,DIST_S_01,Moderate
OUT_17852,2025-04,104.33089755805668,5,Medium,1,Bakery,DIST_S_01,Favorable
OUT_17852,2025-05,125.6174398806769,3,Medium,1,Bakery,DIST_S_01,Un-Favorable
OUT_17852,2025-06,69.47783000770613,1,Medium,1,Bakery,DIST_S_01,Un-Favorable
OUT_17852,2025-07,118.28692333733991,1,Medium,1,Bakery,DIST_S_01,Moderate
OUT_17852,2025-09,76.7975589100511,2,Medium,1,Bakery,DIST_S_01,Moderate
OUT_17852,2025-11,191.39808333155847,1,Medium,1,Bakery,DIST_S_01,Moderate
OUT_17852,2025-12,276.14282248808286,2,Medium,1,Bakery,DIST_S_01,Favorable
OUT_17912,2023-01,208.74715093455373,3,Medium,2,SMMT,DIST_S_02,Favorable
OUT_17912,2023-02,232.52237507706428,3,Medium,2,SMMT,DIST_S_02,Favorable
OUT_17912,2023-03,184.9702816263902,1,Medium,2,SMMT,DIST_S_02,Moderate
OUT_17912,2023-05,69.15462430105464,4,Medium,2,SMMT,DIST_S_02,Un-Favorable
OUT_17912,2023-06,147.70500923609092,1,Medium,2,SMMT,DIST_S_02,Un-Favorable
OUT_17912,2023-07,76.85174041321136,1,Medium,2,SMMT,DIST_S_02,Moderate
OUT_17912,2023-08,162.5167258310275,2,Medium,2,SMMT,DIST_S_02,Moderate
OUT_17912,2023-12,239.37801540295132,2,Medium,2,SMMT,DIST_S_02,Favorable
OUT_17912,2024-02,45.50496578209432,3,Medium,2,SMMT,DIST_S_02,Favorable
OUT_17912,2024-03,127.59907777635436,3,Medium,2,SMMT,DIST_S_02,Moderate
OUT_17912,2024-04,254.587403763316,7,Medium,2,SMMT,DIST_S_02,Favorable
OUT_17912,2024-07,88.14397644052971,1,Medium,2,SMMT,DIST_S_02,Moderate
OUT_17912,2024-08,32.17566619201572,1,Medium,2,SMMT,DIST_S_02,Moderate
OUT_17912,2024-09,199.0391927869593,2,Medium,2,SMMT,DIST_S_02,Moderate
OUT_17912,2024-10,214.26616573392627,2,Medium,2,SMMT,DIST_S_02,Moderate
OUT_17912,2024-11,83.03602136942183,1,Medium,2,SMMT,DIST_S_02,Moderate
OUT_17912,2025-01,295.4028560060027,2,Medium,2,SMMT,DIST_S_02,Favorable
OUT_17912,2025-02,163.34211872435895,2,Medium,2,SMMT,DIST_S_02,Favorable
OUT_17912,2025-04,255.359570168348,5,Medium,2,SMMT,DIST_S_02,Favorable
OUT_17912,2025-06,33.13420349252009,1,Medium,2,SMMT,DIST_S_02,Un-Favorable
OUT_17912,2025-07,13.467417361782932,1,Medium,2,SMMT,DIST_S_02,Moderate
OUT_17912,2025-10,157.79153415019567,1,Medium,2,SMMT,DIST_S_02,Moderate
OUT_17912,2025-11,101.97136349813402,1,Medium,2,SMMT,DIST_S_02,Moderate
OUT_17912,2025-12,235.652820997034,2,Medium,2,SMMT,DIST_S_02,Favorable
OUT_18417,2023-02,33.310829864363505,3,Small,1,Eatery,DIST_S_02,Favorable
OUT_18417,2023-08,10.799344664467371,2,Small,1,Eatery,DIST_S_02,Moderate
OUT_18417,2023-12,125.814896340214,2,Small,1,Eatery,DIST_S_02,Favorable
OUT_18417,2024-05,39.58900507368643,3,Small,1,Eatery,DIST_S_02,Un-Favorable
OUT_18417,2024-07,23.84990816494217,1,Small,1,Eatery,DIST_S_02,Moderate
OUT_18417,2024-08,19.04469919659253,1,Small,1,Eatery,DIST_S_02,Moderate
OUT_18417,2024-09,79.60397945608786,2,Small,1,Eatery,DIST_S_02,Moderate
OUT_18417,2024-10,12.802339671852028,2,Small,1,Eatery,DIST_S_02,Moderate
OUT_18417,2024-11,70.45670094554406,1,Small,1,Eatery,DIST_S_02,Moderate
OUT_18417,2025-02,4.45195782779912,2,Small,1,Eatery,DIST_S_02,Favorable
OUT_18417,2025-03,14.422766639460011,1,Small,1,Eatery,DIST_S_02,Moderate
OUT_18417,2025-06,17.95722519510592,1,Small,1,Eatery,DIST_S_02,Un-Favorable
OUT_18417,2025-07,14.093421377623647,1,Small,1,Eatery,DIST_S_02,Moderate
OUT_18417,2025-08,18.04689160448394,1,Small,1,Eatery,DIST_S_02,Moderate
OUT_18417,2025-11,23.18722848992544,1,Small,1,Eatery,DIST_S_02,Moderate
OUT_18417,2025-12,29.70275041850585,2,Small,1,Eatery,DIST_S_02,Favorable
OUT_18599,2023-04,60.60533690940156,4,Small,0,SMMT,DIST_S_02,Favorable
OUT_18599,2023-05,53.25414665656698,4,Small,0,SMMT,DIST_S_02,Un-Favorable
OUT_18599,2023-08,68.13146849401457,2,Small,0,SMMT,DIST_S_02,Moderate
OUT_18599,2023-11,9.087462485180492,1,Small,0,SMMT,DIST_S_02,Moderate
OUT_18599,2024-02,100.84006919714584,3,Small,0,SMMT,DIST_S_02,Favorable
OUT_18599,2024-03,23.30563143570625,3,Small,0,SMMT,DIST_S_02,Moderate
OUT_18599,2024-05,42.19646236644202,3,Small,0,SMMT,DIST_S_02,Un-Favorable
OUT_18599,2024-07,67.15049183571382,1,Small,0,SMMT,DIST_S_02,Moderate
OUT_18599,2024-12,42.41678320343494,2,Small,0,SMMT,DIST_S_02,Favorable
OUT_18599,2025-03,62.14898190451416,1,Small,0,SMMT,DIST_S_02,Moderate
OUT_18599,2025-06,34.24364894810865,1,Small,0,SMMT,DIST_S_02,Un-Favorable
OUT_18599,2025-07,70.82238662660535,1,Small,0,SMMT,DIST_S_02,Moderate
OUT_18599,2025-08,9.692883713045456,1,Small,0,SMMT,DIST_S_02,Moderate
OUT_18599,2025-10,76.79982534352831,1,Small,0,SMMT,DIST_S_02,Moderate
OUT_18599,2025-11,39.49613011622692,1,Small,0,SMMT,DIST_S_02,Moderate
OUT_18916,2023-02,26.12318920918143,3,Small,0,SMMT,DIST_S_01,Favorable
OUT_18916,2023-04,121.94742892645696,4,Small,0,SMMT,DIST_S_01,Favorable
OUT_18916,2023-05,14.156392054827414,4,Small,0,SMMT,DIST_S_01,Un-Favorable
OUT_18916,2023-07,87.43095219040141,1,Small,0,SMMT,DIST_S_01,Moderate
OUT_18916,2023-09,16.599104424295145,2,Small,0,SMMT,DIST_S_01,Moderate
OUT_18916,2023-12,100.9970515612757,2,Small,0,SMMT,DIST_S_01,Favorable
OUT_18916,2024-02,34.91493623298522,3,Small,0,SMMT,DIST_S_01,Favorable
OUT_18916,2024-03,33.433946305923065,3,Small,0,SMMT,DIST_S_01,Moderate
OUT_18916,2024-04,6.38680747003224,7,Small,0,SMMT,DIST_S_01,Favorable
OUT_18916,2024-06,19.475615620221383,2,Small,0,SMMT,DIST_S_01,Un-Favorable
OUT_18916,2024-07,18.87539271040649,1,Small,0,SMMT,DIST_S_01,Moderate
OUT_18916,2024-08,34.43618459524643,1,Small,0,SMMT,DIST_S_01,Moderate
OUT_18916,2025-01,26.66612456622268,2,Small,0,SMMT,DIST_S_01,Favorable
OUT_18916,2025-03,12.879879401320844,1,Small,0,SMMT,DIST_S_01,Moderate
OUT_18916,2025-04,25.8825719942841,5,Small,0,SMMT,DIST_S_01,Favorable
OUT_18916,2025-08,88.60060437474458,1,Small,0,SMMT,DIST_S_01,Moderate
OUT_18916,2025-11,3.926568547958335,1,Small,0,SMMT,DIST_S_01,Moderate
OUT_18973,2023-01,321.8938459393643,3,Medium,2,Bakery,DIST_S_02,Favorable
OUT_18973,2023-02,77.24218342179088,3,Medium,2,Bakery,DIST_S_02,Favorable
OUT_18973,2023-03,58.05049147193118,1,Medium,2,Bakery,DIST_S_02,Moderate
OUT_18973,2023-04,198.6514428023864,4,Medium,2,Bakery,DIST_S_02,Favorable
OUT_18973,2023-05,37.09561465840935,4,Medium,2,Bakery,DIST_S_02,Un-Favorable
OUT_18973,2023-06,57.36650873081962,1,Medium,2,Bakery,DIST_S_02,Un-Favorable
OUT_18973,2023-08,209.5073629022532,2,Medium,2,Bakery,DIST_S_02,Moderate
OUT_18973,2023-12,152.1407855096796,2,Medium,2,Bakery,DIST_S_02,Favorable
OUT_18973,2024-01,118.97266903097162,2,Medium,2,Bakery,DIST_S_02,Favorable
OUT_18973,2024-02,187.32835569122088,3,Medium,2,Bakery,DIST_S_02,Favorable
OUT_18973,2024-03,38.58585625091179,3,Medium,2,Bakery,DIST_S_02,Moderate
OUT_18973,2024-04,216.67565623128013,7,Medium,2,Bakery,DIST_S_02,Favorable
OUT_18973,2024-05,100.52737817208964,3,Medium,2,Bakery,DIST_S_02,Un-Favorable
OUT_18973,2024-06,55.702938131469615,2,Medium,2,Bakery,DIST_S_02,Un-Favorable
OUT_18973,2024-07,50.06620238141231,1,Medium,2,Bakery,DIST_S_02,Moderate
OUT_18973,2024-08,38.966527753244,1,Medium,2,Bakery,DIST_S_02,Moderate
OUT_18973,2024-09,137.47801751010078,2,Medium,2,Bakery,DIST_S_02,Moderate
OUT_18973,2025-04,256.4880066473679,5,Medium,2,Bakery,DIST_S_02,Favorable
OUT_18973,2025-05,73.77476734473085,3,Medium,2,Bakery,DIST_S_02,Un-Favorable
OUT_18973,2025-06,18.62874840166521,1,Medium,2,Bakery,DIST_S_02,Un-Favorable
OUT_18973,2025-07,98.48681294183488,1,Medium,2,Bakery,DIST_S_02,Moderate
OUT_18973,2025-09,103.72473256472064,2,Medium,2,Bakery,DIST_S_02,Moderate
OUT_18973,2025-10,57.86085232065541,1,Medium,2,Bakery,DIST_S_02,Moderate
OUT_18973,2025-11,222.713409907497,1,Medium,2,Bakery,DIST_S_02,Moderate
OUT_18973,2025-12,223.47722256907463,2,Medium,2,Bakery,DIST_S_02,Favorable
OUT_19073,2023-01,82.12566399368929,3,Medium,1,SMMT,DIST_S_02,Favorable
OUT_19073,2023-02,125.27848491250042,3,Medium,1,SMMT,DIST_S_02,Favorable
OUT_19073,2023-03,133.10984075622122,1,Medium,1,SMMT,DIST_S_02,Moderate
OUT_19073,2023-04,231.4223017424047,4,Medium,1,SMMT,DIST_S_02,Favorable
OUT_19073,2023-06,20.28544619026534,1,Medium,1,SMMT,DIST_S_02,Un-Favorable
OUT_19073,2023-07,214.67243788001625,1,Medium,1,SMMT,DIST_S_02,Moderate
OUT_19073,2023-08,51.17019862131319,2,Medium,1,SMMT,DIST_S_02,Moderate
OUT_19073,2023-09,42.91796330145026,2,Medium,1,SMMT,DIST_S_02,Moderate
OUT_19073,2023-10,135.88935794219137,1,Medium,1,SMMT,DIST_S_02,Moderate
OUT_19073,2023-11,58.68668242847003,1,Medium,1,SMMT,DIST_S_02,Moderate
OUT_19073,2023-12,39.61810831707859,2,Medium,1,SMMT,DIST_S_02,Favorable
OUT_19073,2024-02,93.72809592740629,3,Medium,1,SMMT,DIST_S_02,Favorable
OUT_19073,2024-03,231.270551862036,3,Medium,1,SMMT,DIST_S_02,Moderate
OUT_19073,2024-05,137.7991895207729,3,Medium,1,SMMT,DIST_S_02,Un-Favorable
OUT_19073,2024-06,120.83844320954312,2,Medium,1,SMMT,DIST_S_02,Un-Favorable
OUT_19073,2024-07,74.82747499454598,1,Medium,1,SMMT,DIST_S_02,Moderate
OUT_19073,2024-10,24.84546304411881,2,Medium,1,SMMT,DIST_S_02,Moderate
OUT_19073,2024-11,190.01832328105263,1,Medium,1,SMMT,DIST_S_02,Moderate
OUT_19073,2024-12,50.55252828384072,2,Medium,1,SMMT,DIST_S_02,Favorable
OUT_19073,2025-03,27.50862269049457,1,Medium,1,SMMT,DIST_S_02,Moderate
OUT_19073,2025-04,148.05404916422333,5,Medium,1,SMMT,DIST_S_02,Favorable
OUT_19073,2025-06,66.93446822666337,1,Medium,1,SMMT,DIST_S_02,Un-Favorable
OUT_19073,2025-07,41.22174498821301,1,Medium,1,SMMT,DIST_S_02,Moderate
OUT_19073,2025-08,136.25196524177096,1,Medium,1,SMMT,DIST_S_02,Moderate
OUT_19073,2025-09,85.97529590426402,2,Medium,1,SMMT,DIST_S_02,Moderate
OUT_19073,2025-11,80.3286348415921,1,Medium,1,SMMT,DIST_S_02,Moderate
OUT_19073,2025-12,129.22541170447445,2,Medium,1,SMMT,DIST_S_02,Favorable
OUT_19085,2023-01,313.45847427796804,3,Medium,2,Eatery,DIST_S_02,Favorable
OUT_19085,2023-02,127.19745908638092,3,Medium,2,Eatery,DIST_S_02,Favorable
OUT_19085,2023-03,200.9846498434532,1,Medium,2,Eatery,DIST_S_02,Moderate
OUT_19085,2023-05,46.336482498906,4,Medium,2,Eatery,DIST_S_02,Un-Favorable
OUT_19085,2023-06,76.09715003195738,1,Medium,2,Eatery,DIST_S_02,Un-Favorable
OUT_19085,2023-07,47.59769269406178,1,Medium,2,Eatery,DIST_S_02,Moderate
OUT_19085,2023-10,109.06185163015674,1,Medium,2,Eatery,DIST_S_02,Moderate
OUT_19085,2023-11,173.94656450235743,1,Medium,2,Eatery,DIST_S_02,Moderate
OUT_19085,2023-12,227.3441560722148,2,Medium,2,Eatery,DIST_S_02,Favorable
OUT_19085,2024-01,240.66259687086364,2,Medium,2,Eatery,DIST_S_02,Favorable
OUT_19085,2024-03,149.70169380817865,3,Medium,2,Eatery,DIST_S_02,Moderate
OUT_19085,2024-04,204.97699760138096,7,Medium,2,Eatery,DIST_S_02,Favorable
OUT_19085,2024-05,44.12767967197458,3,Medium,2,Eatery,DIST_S_02,Un-Favorable
OUT_19085,2024-06,101.65044137812016,2,Medium,2,Eatery,DIST_S_02,Un-Favorable
OUT_19085,2024-08,54.88183176858628,1,Medium,2,Eatery,DIST_S_02,Moderate
OUT_19085,2024-10,52.79619430331222,2,Medium,2,Eatery,DIST_S_02,Moderate
OUT_19085,2024-12,284.6760621886452,2,Medium,2,Eatery,DIST_S_02,Favorable
OUT_19085,2025-01,89.28021010418651,2,Medium,2,Eatery,DIST_S_02,Favorable
OUT_19085,2025-02,115.3111578103114,2,Medium,2,Eatery,DIST_S_02,Favorable
OUT_19085,2025-03,94.0222430058039,1,Medium,2,Eatery,DIST_S_02,Moderate
OUT_19085,2025-05,123.46688971779832,3,Medium,2,Eatery,DIST_S_02,Un-Favorable
OUT_19085,2025-07,70.38794512813821,1,Medium,2,Eatery,DIST_S_02,Moderate
OUT_19085,2025-08,15.711595237623822,1,Medium,2,Eatery,DIST_S_02,Moderate
OUT_19085,2025-10,64.68851888846712,1,Medium,2,Eatery,DIST_S_02,Moderate
OUT_19085,2025-12,108.33815628618748,2,Medium,2,Eatery,DIST_S_02,Favorable
OUT_19368,2023-01,744.7531249414195,3,Large,4,Kiosk,DIST_S_02,Favorable
OUT_19368,2023-03,504.6787852750621,1,Large,4,Kiosk,DIST_S_02,Moderate
OUT_19368,2023-04,878.6694725524293,4,Large,4,Kiosk,DIST_S_02,Favorable
OUT_19368,2023-05,355.3997780159464,4,Large,4,Kiosk,DIST_S_02,Un-Favorable
OUT_19368,2023-07,251.6547680514027,1,Large,4,Kiosk,DIST_S_02,Moderate
OUT_19368,2023-09,565.3930750621195,2,Large,4,Kiosk,DIST_S_02,Moderate
OUT_19368,2023-10,617.7295482916408,1,Large,4,Kiosk,DIST_S_02,Moderate
OUT_19368,2023-11,623.6226870099852,1,Large,4,Kiosk,DIST_S_02,Moderate
OUT_19368,2023-12,737.0499602059173,2,Large,4,Kiosk,DIST_S_02,Favorable
OUT_19368,2024-01,672.2665559849096,2,Large,4,Kiosk,DIST_S_02,Favorable
OUT_19368,2024-02,937.059716753104,3,Large,4,Kiosk,DIST_S_02,Favorable
OUT_19368,2024-03,341.37138895193755,3,Large,4,Kiosk,DIST_S_02,Moderate
OUT_19368,2024-04,740.4345254507928,7,Large,4,Kiosk,DIST_S_02,Favorable
OUT_19368,2024-06,446.6316493020124,2,Large,4,Kiosk,DIST_S_02,Un-Favorable
OUT_19368,2024-07,611.0358412691,1,Large,4,Kiosk,DIST_S_02,Moderate
OUT_19368,2024-08,320.3407492309535,1,Large,4,Kiosk,DIST_S_02,Moderate
OUT_19368,2024-09,595.6233667579125,2,Large,4,Kiosk,DIST_S_02,Moderate
OUT_19368,2024-10,601.5097981598541,2,Large,4,Kiosk,DIST_S_02,Moderate
OUT_19368,2024-11,587.1381396114467,1,Large,4,Kiosk,DIST_S_02,Moderate
OUT_19368,2024-12,585.7036876077635,2,Large,4,Kiosk,DIST_S_02,Favorable
OUT_19368,2025-01,891.9618811365644,2,Large,4,Kiosk,DIST_S_02,Favorable
OUT_19368,2025-02,1473.7672152713797,2,Large,4,Kiosk,DIST_S_02,Favorable
OUT_19368,2025-03,625.1262379399154,1,Large,4,Kiosk,DIST_S_02,Moderate
OUT_19368,2025-04,937.112271804456,5,Large,4,Kiosk,DIST_S_02,Favorable
OUT_19368,2025-05,319.1218789449053,3,Large,4,Kiosk,DIST_S_02,Un-Favorable
OUT_19368,2025-06,389.5752013228234,1,Large,4,Kiosk,DIST_S_02,Un-Favorable
OUT_19368,2025-07,563.1402417155953,1,Large,4,Kiosk,DIST_S_02,Moderate
OUT_19368,2025-08,369.6600408056264,1,Large,4,Kiosk,DIST_S_02,Moderate
OUT_19368,2025-09,463.89108314684495,2,Large,4,Kiosk,DIST_S_02,Moderate
OUT_19368,2025-10,217.83447462808715,1,Large,4,Kiosk,DIST_S_02,Moderate
OUT_19368,2025-11,647.4532214169271,1,Large,4,Kiosk,DIST_S_02,Moderate
OUT_19368,2025-12,812.9943466365783,2,Large,4,Kiosk,DIST_S_02,Favorable
OUT_19548,2023-01,2014.6972712342315,3,Extra Large,4,Bakery,DIST_S_02,Favorable
OUT_19548,2023-02,1957.5436022433644,3,Extra Large,4,Bakery,DIST_S_02,Favorable
OUT_19548,2023-03,1221.929846432328,1,Extra Large,4,Bakery,DIST_S_02,Moderate
OUT_19548,2023-04,1875.5778983565383,4,Extra Large,4,Bakery,DIST_S_02,Favorable
OUT_19548,2023-05,810.26949942429,4,Extra Large,4,Bakery,DIST_S_02,Un-Favorable
OUT_19548,2023-06,825.575242960409,1,Extra Large,4,Bakery,DIST_S_02,Un-Favorable
OUT_19548,2023-07,1303.9709364597743,1,Extra Large,4,Bakery,DIST_S_02,Moderate
OUT_19548,2023-08,1379.4424158942536,2,Extra Large,4,Bakery,DIST_S_02,Moderate
OUT_19548,2023-09,1322.5770081010342,2,Extra Large,4,Bakery,DIST_S_02,Moderate
OUT_19548,2023-10,1288.996428563231,1,Extra Large,4,Bakery,DIST_S_02,Moderate
OUT_19548,2023-11,1278.9541839754406,1,Extra Large,4,Bakery,DIST_S_02,Moderate
OUT_19548,2023-12,2001.706807718425,2,Extra Large,4,Bakery,DIST_S_02,Favorable
OUT_19548,2024-01,1756.1316889990696,2,Extra Large,4,Bakery,DIST_S_02,Favorable
OUT_19548,2024-02,1969.9237414426336,3,Extra Large,4,Bakery,DIST_S_02,Favorable
OUT_19548,2024-03,1191.8473044024552,3,Extra Large,4,Bakery,DIST_S_02,Moderate
OUT_19548,2024-04,1747.2354665266053,7,Extra Large,4,Bakery,DIST_S_02,Favorable
OUT_19548,2024-05,932.2245383795366,3,Extra Large,4,Bakery,DIST_S_02,Un-Favorable
OUT_19548,2024-06,817.4161062598489,2,Extra Large,4,Bakery,DIST_S_02,Un-Favorable
OUT_19548,2024-07,1287.316524745147,1,Extra Large,4,Bakery,DIST_S_02,Moderate
OUT_19548,2024-08,1291.1152255902964,1,Extra Large,4,Bakery,DIST_S_02,Moderate
OUT_19548,2024-09,1221.8735895905493,2,Extra Large,4,Bakery,DIST_S_02,Moderate
OUT_19548,2024-10,1332.9806174669516,2,Extra Large,4,Bakery,DIST_S_02,Moderate
OUT_19548,2024-11,1362.2758680576596,1,Extra Large,4,Bakery,DIST_S_02,Moderate
OUT_19548,2024-12,1942.3561552089093,2,Extra Large,4,Bakery,DIST_S_02,Favorable
OUT_19548,2025-01,1897.4322557644523,2,Extra Large,4,Bakery,DIST_S_02,Favorable
OUT_19548,2025-02,1883.803747430836,2,Extra Large,4,Bakery,DIST_S_02,Favorable
OUT_19548,2025-03,1367.428035963726,1,Extra Large,4,Bakery,DIST_S_02,Moderate
OUT_19548,2025-04,2041.543416721618,5,Extra Large,4,Bakery,DIST_S_02,Favorable
OUT_19548,2025-05,836.6728838833486,3,Extra Large,4,Bakery,DIST_S_02,Un-Favorable
OUT_19548,2025-06,759.0334857212703,1,Extra Large,4,Bakery,DIST_S_02,Un-Favorable
OUT_19548,2025-07,1319.8155579329914,1,Extra Large,4,Bakery,DIST_S_02,Moderate
OUT_19548,2025-08,1234.4144283972023,1,Extra Large,4,Bakery,DIST_S_02,Moderate
OUT_19548,2025-09,1376.4338103737723,2,Extra Large,4,Bakery,DIST_S_02,Moderate
OUT_19548,2025-10,1362.0054057690138,1,Extra Large,4,Bakery,DIST_S_02,Moderate
OUT_19548,2025-11,1402.182309378773,1,Extra Large,4,Bakery,DIST_S_02,Moderate
OUT_19548,2025-12,2147.3248422590204,2,Extra Large,4,Bakery,DIST_S_02,Favorable
OUT_19737,2023-03,87.0099845922183,1,Small,0,Pharmacy,DIST_S_01,Moderate
OUT_19737,2023-05,3.250629342923644,4,Small,0,Pharmacy,DIST_S_01,Un-Favorable
OUT_19737,2023-06,6.253402072229891,1,Small,0,Pharmacy,DIST_S_01,Un-Favorable
OUT_19737,2023-07,32.914210656682364,1,Small,0,Pharmacy,DIST_S_01,Moderate
OUT_19737,2023-09,18.2416184816504,2,Small,0,Pharmacy,DIST_S_01,Moderate
OUT_19737,2023-10,4.424829978556538,1,Small,0,Pharmacy,DIST_S_01,Moderate
OUT_19737,2023-11,71.1073565575403,1,Small,0,Pharmacy,DIST_S_01,Moderate
OUT_19737,2023-12,102.62846240245594,2,Small,0,Pharmacy,DIST_S_01,Favorable
OUT_19737,2024-02,14.48773748164696,3,Small,0,Pharmacy,DIST_S_01,Favorable
OUT_19737,2024-04,33.82316756503719,7,Small,0,Pharmacy,DIST_S_01,Favorable
OUT_19737,2024-06,3.421513115351704,2,Small,0,Pharmacy,DIST_S_01,Un-Favorable
OUT_19737,2024-08,17.962019910718016,1,Small,0,Pharmacy,DIST_S_01,Moderate
OUT_19737,2024-10,37.576079673296775,2,Small,0,Pharmacy,DIST_S_01,Moderate
OUT_19737,2024-11,13.079479402899048,1,Small,0,Pharmacy,DIST_S_01,Moderate
OUT_19737,2025-02,35.94471576569326,2,Small,0,Pharmacy,DIST_S_01,Favorable
OUT_19737,2025-04,17.036695866158222,5,Small,0,Pharmacy,DIST_S_01,Favorable
OUT_19737,2025-05,3.354956164594264,3,Small,0,Pharmacy,DIST_S_01,Un-Favorable
OUT_19737,2025-08,12.643690887334078,1,Small,0,Pharmacy,DIST_S_01,Moderate
OUT_19737,2025-11,14.61606337331644,1,Small,0,Pharmacy,DIST_S_01,Moderate
OUT_19741,2023-02,43.914475342006,3,Small,0,Bakery,DIST_S_01,Favorable
OUT_19741,2023-04,34.52232184332695,4,Small,0,Bakery,DIST_S_01,Favorable
OUT_19741,2023-05,13.612219445300395,4,Small,0,Bakery,DIST_S_01,Un-Favorable
OUT_19741,2023-07,21.264810824771,1,Small,0,Bakery,DIST_S_01,Moderate
OUT_19741,2023-08,17.500223013665725,2,Small,0,Bakery,DIST_S_01,Moderate
OUT_19741,2024-02,23.105044518517232,3,Small,0,Bakery,DIST_S_01,Favorable
OUT_19741,2024-06,10.77742243138624,2,Small,0,Bakery,DIST_S_01,Un-Favorable
OUT_19741,2024-10,21.07587344710005,2,Small,0,Bakery,DIST_S_01,Moderate
OUT_19741,2024-12,20.291746711181435,2,Small,0,Bakery,DIST_S_01,Favorable
OUT_19741,2025-05,11.554018390639134,3,Small,0,Bakery,DIST_S_01,Un-Favorable
OUT_19741,2025-06,2.405815218876826,1,Small,0,Bakery,DIST_S_01,Un-Favorable
OUT_19741,2025-08,59.02115020264042,1,Small,0,Bakery,DIST_S_01,Moderate
OUT_19741,2025-09,109.18373707791832,2,Small,0,Bakery,DIST_S_01,Moderate
OUT_19741,2025-10,27.32245933493338,1,Small,0,Bakery,DIST_S_01,Moderate
OUT_19741,2025-11,26.038843352781782,1,Small,0,Bakery,DIST_S_01,Moderate
